dataset,settlementDate,settlementPeriod,timeFrom,timeTo,levelFrom,levelTo,nationalGridBmUnit,bmUnit
PN,2026-10-01,3,2026-10-01T00:00:00Z,2026-10-01T00:30:00Z,0,0,LKSDB-1,T_LKSDB-1
PN,2026-10-01,2,2026-09-30T23:30:00Z,2026-10-01T00:00:00Z,0,0,LKSDB-1,T_LKSDB-1
PN,2026-10-01,1,2026-09-30T23:00:00Z,2026-09-30T23:30:00Z,0,0,LKSDB-1,T_LKSDB-1
PN,2026-09-30,48,2026-09-30T22:30:00Z,2026-09-30T23:00:00Z,0,0,LKSDB-1,T_LKSDB-1
PN,2026-09-30,47,2026-09-30T22:00:00Z,2026-09-30T22:30:00Z,0,0,LKSDB-1,T_LKSDB-1
PN,2026-09-30,46,2026-09-30T21:59:00Z,2026-09-30T22:00:00Z,-30,0,LKSDB-1,T_LKSDB-1
PN,2026-09-30,46,2026-09-30T21:31:00Z,2026-09-30T21:59:00Z,-30,-30,LKSDB-1,T_LKSDB-1
PN,2026-09-30,46,2026-09-30T21:30:00Z,2026-09-30T21:31:00Z,0,-30,LKSDB-1,T_LKSDB-1
PN,2026-09-30,45,2026-09-30T21:00:00Z,2026-09-30T21:30:00Z,0,0,LKSDB-1,T_LKSDB-1
PN,2026-09-30,44,2026-09-30T20:30:00Z,2026-09-30T21:00:00Z,0,0,LKSDB-1,T_LKSDB-1
PN,2026-09-30,43,2026-09-30T20:00:00Z,2026-09-30T20:30:00Z,0,0,LKSDB-1,T_LKSDB-1
PN,2026-09-30,42,2026-09-30T19:30:00Z,2026-09-30T20:00:00Z,0,0,LKSDB-1,T_LKSDB-1
PN,2026-09-30,41,2026-09-30T19:29:00Z,2026-09-30T19:30:00Z,25,0,LKSDB-1,T_LKSDB-1
PN,2026-09-30,41,2026-09-30T19:00:00Z,2026-09-30T19:29:00Z,25,25,LKSDB-1,T_LKSDB-1
PN,2026-09-30,40,2026-09-30T18:59:00Z,2026-09-30T19:00:00Z,99,25,LKSDB-1,T_LKSDB-1
PN,2026-09-30,40,2026-09-30T18:30:00Z,2026-09-30T18:59:00Z,99,99,LKSDB-1,T_LKSDB-1
PN,2026-09-30,39,2026-09-30T18:01:00Z,2026-09-30T18:30:00Z,99,99,LKSDB-1,T_LKSDB-1
PN,2026-09-30,39,2026-09-30T18:00:00Z,2026-09-30T18:01:00Z,25,99,LKSDB-1,T_LKSDB-1
PN,2026-09-30,38,2026-09-30T17:30:00Z,2026-09-30T18:00:00Z,25,25,LKSDB-1,T_LKSDB-1
PN,2026-09-30,37,2026-09-30T17:00:00Z,2026-09-30T17:30:00Z,25,25,LKSDB-1,T_LKSDB-1
PN,2026-09-30,36,2026-09-30T16:30:00Z,2026-09-30T17:00:00Z,24,24,LKSDB-1,T_LKSDB-1
PN,2026-09-30,35,2026-09-30T16:00:00Z,2026-09-30T16:30:00Z,24,24,LKSDB-1,T_LKSDB-1
PN,2026-09-30,34,2026-09-30T15:30:00Z,2026-09-30T16:00:00Z,26,26,LKSDB-1,T_LKSDB-1
PN,2026-09-30,33,2026-09-30T15:00:00Z,2026-09-30T15:30:00Z,0,0,LKSDB-1,T_LKSDB-1
PN,2026-09-30,32,2026-09-30T14:30:00Z,2026-09-30T15:00:00Z,0,0,LKSDB-1,T_LKSDB-1
PN,2026-09-30,31,2026-09-30T14:00:00Z,2026-09-30T14:30:00Z,0,0,LKSDB-1,T_LKSDB-1
PN,2026-09-30,30,2026-09-30T13:59:00Z,2026-09-30T14:00:00Z,24,0,LKSDB-1,T_LKSDB-1
PN,2026-09-30,30,2026-09-30T13:30:00Z,2026-09-30T13:59:00Z,24,24,LKSDB-1,T_LKSDB-1
PN,2026-09-30,29,2026-09-30T13:01:00Z,2026-09-30T13:30:00Z,24,24,LKSDB-1,T_LKSDB-1
PN,2026-09-30,29,2026-09-30T13:00:00Z,2026-09-30T13:01:00Z,0,24,LKSDB-1,T_LKSDB-1
PN,2026-09-30,28,2026-09-30T12:30:00Z,2026-09-30T13:00:00Z,0,0,LKSDB-1,T_LKSDB-1
PN,2026-09-30,27,2026-09-30T12:29:00Z,2026-09-30T12:30:00Z,-35,0,LKSDB-1,T_LKSDB-1
PN,2026-09-30,27,2026-09-30T12:00:00Z,2026-09-30T12:29:00Z,-35,-35,LKSDB-1,T_LKSDB-1
PN,2026-09-30,26,2026-09-30T11:59:00Z,2026-09-30T12:00:00Z,-39,-35,LKSDB-1,T_LKSDB-1
PN,2026-09-30,26,2026-09-30T11:31:00Z,2026-09-30T11:59:00Z,-39,-39,LKSDB-1,T_LKSDB-1
PN,2026-09-30,26,2026-09-30T11:30:00Z,2026-09-30T11:31:00Z,-30,-39,LKSDB-1,T_LKSDB-1
PN,2026-09-30,25,2026-09-30T11:29:00Z,2026-09-30T11:30:00Z,-39,-30,LKSDB-1,T_LKSDB-1
PN,2026-09-30,25,2026-09-30T11:00:00Z,2026-09-30T11:29:00Z,-39,-39,LKSDB-1,T_LKSDB-1
PN,2026-09-30,24,2026-09-30T10:31:00Z,2026-09-30T11:00:00Z,-39,-39,LKSDB-1,T_LKSDB-1
PN,2026-09-30,24,2026-09-30T10:30:00Z,2026-09-30T10:31:00Z,-15,-39,LKSDB-1,T_LKSDB-1
PN,2026-09-30,23,2026-09-30T10:01:00Z,2026-09-30T10:30:00Z,-15,-15,LKSDB-1,T_LKSDB-1
PN,2026-09-30,23,2026-09-30T10:00:00Z,2026-09-30T10:01:00Z,0,-15,LKSDB-1,T_LKSDB-1
PN,2026-09-30,22,2026-09-30T09:30:00Z,2026-09-30T10:00:00Z,0,0,LKSDB-1,T_LKSDB-1
PN,2026-09-30,21,2026-09-30T09:00:00Z,2026-09-30T09:30:00Z,0,0,LKSDB-1,T_LKSDB-1
PN,2026-09-30,20,2026-09-30T08:30:00Z,2026-09-30T09:00:00Z,0,0,LKSDB-1,T_LKSDB-1
PN,2026-09-30,19,2026-09-30T08:00:00Z,2026-09-30T08:30:00Z,0,0,LKSDB-1,T_LKSDB-1
PN,2026-09-30,18,2026-09-30T07:30:00Z,2026-09-30T08:00:00Z,0,0,LKSDB-1,T_LKSDB-1
PN,2026-09-30,17,2026-09-30T07:01:00Z,2026-09-30T07:30:00Z,0,0,LKSDB-1,T_LKSDB-1
PN,2026-09-30,17,2026-09-30T07:00:00Z,2026-09-30T07:01:00Z,20,0,LKSDB-1,T_LKSDB-1
PN,2026-09-30,16,2026-09-30T06:59:00Z,2026-09-30T07:00:00Z,70,20,LKSDB-1,T_LKSDB-1
PN,2026-09-30,16,2026-09-30T06:31:00Z,2026-09-30T06:59:00Z,70,70,LKSDB-1,T_LKSDB-1
PN,2026-09-30,16,2026-09-30T06:30:00Z,2026-09-30T06:31:00Z,52,70,LKSDB-1,T_LKSDB-1
PN,2026-09-30,15,2026-09-30T06:01:00Z,2026-09-30T06:30:00Z,52,52,LKSDB-1,T_LKSDB-1
PN,2026-09-30,15,2026-09-30T06:00:00Z,2026-09-30T06:01:00Z,20,52,LKSDB-1,T_LKSDB-1
PN,2026-09-30,14,2026-09-30T05:31:00Z,2026-09-30T06:00:00Z,20,20,LKSDB-1,T_LKSDB-1
PN,2026-09-30,14,2026-09-30T05:30:00Z,2026-09-30T05:31:00Z,0,20,LKSDB-1,T_LKSDB-1
PN,2026-09-30,13,2026-09-30T05:00:00Z,2026-09-30T05:30:00Z,0,0,LKSDB-1,T_LKSDB-1
PN,2026-09-30,12,2026-09-30T04:59:00Z,2026-09-30T05:00:00Z,-23,0,LKSDB-1,T_LKSDB-1
PN,2026-09-30,12,2026-09-30T04:30:00Z,2026-09-30T04:59:00Z,-23,-23,LKSDB-1,T_LKSDB-1
PN,2026-09-30,11,2026-09-30T04:29:00Z,2026-09-30T04:30:00Z,-25,-23,LKSDB-1,T_LKSDB-1
PN,2026-09-30,11,2026-09-30T04:00:00Z,2026-09-30T04:29:00Z,-25,-25,LKSDB-1,T_LKSDB-1
PN,2026-09-30,10,2026-09-30T03:30:00Z,2026-09-30T04:00:00Z,-25,-25,LKSDB-1,T_LKSDB-1
PN,2026-09-30,9,2026-09-30T03:00:00Z,2026-09-30T03:30:00Z,-25,-25,LKSDB-1,T_LKSDB-1
PN,2026-09-30,8,2026-09-30T02:30:00Z,2026-09-30T03:00:00Z,-25,-25,LKSDB-1,T_LKSDB-1
PN,2026-09-30,7,2026-09-30T02:01:00Z,2026-09-30T02:30:00Z,-25,-25,LKSDB-1,T_LKSDB-1
PN,2026-09-30,7,2026-09-30T02:00:00Z,2026-09-30T02:01:00Z,-24,-25,LKSDB-1,T_LKSDB-1
PN,2026-09-30,6,2026-09-30T01:59:00Z,2026-09-30T02:00:00Z,-74,-24,LKSDB-1,T_LKSDB-1
PN,2026-09-30,6,2026-09-30T01:30:00Z,2026-09-30T01:59:00Z,-74,-74,LKSDB-1,T_LKSDB-1
PN,2026-09-30,5,2026-09-30T01:01:00Z,2026-09-30T01:30:00Z,-74,-74,LKSDB-1,T_LKSDB-1
PN,2026-09-30,5,2026-09-30T01:00:00Z,2026-09-30T01:01:00Z,0,-74,LKSDB-1,T_LKSDB-1
PN,2026-09-30,4,2026-09-30T00:30:00Z,2026-09-30T01:00:00Z,0,0,LKSDB-1,T_LKSDB-1
PN,2026-09-30,3,2026-09-30T00:00:00Z,2026-09-30T00:30:00Z,0,0,LKSDB-1,T_LKSDB-1
PN,2026-09-30,2,2026-09-29T23:59:00Z,2026-09-30T00:00:00Z,-74,0,LKSDB-1,T_LKSDB-1
PN,2026-09-30,2,2026-09-29T23:31:00Z,2026-09-29T23:59:00Z,-74,-74,LKSDB-1,T_LKSDB-1
PN,2026-09-30,2,2026-09-29T23:30:00Z,2026-09-29T23:31:00Z,0,-74,LKSDB-1,T_LKSDB-1
PN,2026-09-30,1,2026-09-29T23:00:00Z,2026-09-29T23:30:00Z,0,0,LKSDB-1,T_LKSDB-1
PN,2026-09-29,48,2026-09-29T22:30:00Z,2026-09-29T23:00:00Z,0,0,LKSDB-1,T_LKSDB-1
PN,2026-09-29,47,2026-09-29T22:29:00Z,2026-09-29T22:30:00Z,-3,0,LKSDB-1,T_LKSDB-1
PN,2026-09-29,47,2026-09-29T22:01:00Z,2026-09-29T22:29:00Z,-3,-3,LKSDB-1,T_LKSDB-1
PN,2026-09-29,47,2026-09-29T22:00:00Z,2026-09-29T22:01:00Z,0,-3,LKSDB-1,T_LKSDB-1
PN,2026-09-29,46,2026-09-29T21:30:00Z,2026-09-29T22:00:00Z,0,0,LKSDB-1,T_LKSDB-1
PN,2026-09-29,45,2026-09-29T21:00:00Z,2026-09-29T21:30:00Z,0,0,LKSDB-1,T_LKSDB-1
PN,2026-09-29,44,2026-09-29T20:30:00Z,2026-09-29T21:00:00Z,0,0,LKSDB-1,T_LKSDB-1
PN,2026-09-29,43,2026-09-29T20:00:00Z,2026-09-29T20:30:00Z,0,0,LKSDB-1,T_LKSDB-1
PN,2026-09-29,42,2026-09-29T19:30:00Z,2026-09-29T20:00:00Z,0,0,LKSDB-1,T_LKSDB-1
PN,2026-09-29,41,2026-09-29T19:00:00Z,2026-09-29T19:30:00Z,0,0,LKSDB-1,T_LKSDB-1
PN,2026-09-29,40,2026-09-29T18:59:00Z,2026-09-29T19:00:00Z,30,0,LKSDB-1,T_LKSDB-1
PN,2026-09-29,40,2026-09-29T18:31:00Z,2026-09-29T18:59:00Z,30,30,LKSDB-1,T_LKSDB-1
PN,2026-09-29,40,2026-09-29T18:30:00Z,2026-09-29T18:31:00Z,29,30,LKSDB-1,T_LKSDB-1
PN,2026-09-29,39,2026-09-29T18:01:00Z,2026-09-29T18:30:00Z,29,29,LKSDB-1,T_LKSDB-1
PN,2026-09-29,39,2026-09-29T18:00:00Z,2026-09-29T18:01:00Z,0,29,LKSDB-1,T_LKSDB-1
PN,2026-09-29,38,2026-09-29T17:30:00Z,2026-09-29T18:00:00Z,-74,-74,LKSDB-1,T_LKSDB-1
PN,2026-09-29,37,2026-09-29T17:00:00Z,2026-09-29T17:30:00Z,-40,-40,LKSDB-1,T_LKSDB-1
PN,2026-09-29,36,2026-09-29T16:30:00Z,2026-09-29T17:00:00Z,-5,-5,LKSDB-1,T_LKSDB-1
PN,2026-09-29,35,2026-09-29T16:00:00Z,2026-09-29T16:30:00Z,-75,-75,LKSDB-1,T_LKSDB-1
PN,2026-09-29,34,2026-09-29T15:30:00Z,2026-09-29T16:00:00Z,0,0,LKSDB-1,T_LKSDB-1
PN,2026-09-29,33,2026-09-29T15:00:00Z,2026-09-29T15:30:00Z,0,0,LKSDB-1,T_LKSDB-1
PN,2026-09-29,32,2026-09-29T14:30:00Z,2026-09-29T15:00:00Z,-46,-46,LKSDB-1,T_LKSDB-1
PN,2026-09-29,31,2026-09-29T14:29:00Z,2026-09-29T14:30:00Z,-42,-35,LKSDB-1,T_LKSDB-1
PN,2026-09-29,31,2026-09-29T14:01:00Z,2026-09-29T14:29:00Z,-42,-42,LKSDB-1,T_LKSDB-1
PN,2026-09-29,31,2026-09-29T14:00:00Z,2026-09-29T14:01:00Z,0,-42,LKSDB-1,T_LKSDB-1
PN,2026-09-29,30,2026-09-29T13:59:00Z,2026-09-29T14:00:00Z,-58,0,LKSDB-1,T_LKSDB-1
PN,2026-09-29,30,2026-09-29T13:31:00Z,2026-09-29T13:59:00Z,-58,-58,LKSDB-1,T_LKSDB-1
PN,2026-09-29,30,2026-09-29T13:30:00Z,2026-09-29T13:31:00Z,-43,-58,LKSDB-1,T_LKSDB-1
PN,2026-09-29,29,2026-09-29T13:01:00Z,2026-09-29T13:30:00Z,-43,-43,LKSDB-1,T_LKSDB-1
PN,2026-09-29,29,2026-09-29T13:00:00Z,2026-09-29T13:01:00Z,-50,-43,LKSDB-1,T_LKSDB-1
PN,2026-09-29,28,2026-09-29T12:59:00Z,2026-09-29T13:00:00Z,-74,-50,LKSDB-1,T_LKSDB-1
PN,2026-09-29,28,2026-09-29T12:30:00Z,2026-09-29T12:59:00Z,-74,-74,LKSDB-1,T_LKSDB-1
PN,2026-09-29,27,2026-09-29T12:01:00Z,2026-09-29T12:30:00Z,-74,-74,LKSDB-1,T_LKSDB-1
PN,2026-09-29,27,2026-09-29T12:00:00Z,2026-09-29T12:01:00Z,-55,-74,LKSDB-1,T_LKSDB-1
PN,2026-09-29,26,2026-09-29T11:59:00Z,2026-09-29T12:00:00Z,-74,-55,LKSDB-1,T_LKSDB-1
PN,2026-09-29,26,2026-09-29T11:31:00Z,2026-09-29T11:59:00Z,-74,-74,LKSDB-1,T_LKSDB-1
PN,2026-09-29,26,2026-09-29T11:30:00Z,2026-09-29T11:31:00Z,-55,-74,LKSDB-1,T_LKSDB-1
PN,2026-09-29,25,2026-09-29T11:00:00Z,2026-09-29T11:30:00Z,-55,-55,LKSDB-1,T_LKSDB-1
PN,2026-09-29,24,2026-09-29T10:31:00Z,2026-09-29T11:00:00Z,-55,-55,LKSDB-1,T_LKSDB-1
PN,2026-09-29,24,2026-09-29T10:30:00Z,2026-09-29T10:31:00Z,0,-55,LKSDB-1,T_LKSDB-1
PN,2026-09-29,23,2026-09-29T10:00:00Z,2026-09-29T10:30:00Z,0,0,LKSDB-1,T_LKSDB-1
PN,2026-09-29,22,2026-09-29T09:30:00Z,2026-09-29T10:00:00Z,0,0,LKSDB-1,T_LKSDB-1
PN,2026-09-29,21,2026-09-29T09:00:00Z,2026-09-29T09:30:00Z,0,0,LKSDB-1,T_LKSDB-1
PN,2026-09-29,20,2026-09-29T08:30:00Z,2026-09-29T09:00:00Z,0,0,LKSDB-1,T_LKSDB-1
PN,2026-09-29,19,2026-09-29T08:29:00Z,2026-09-29T08:30:00Z,2,0,LKSDB-1,T_LKSDB-1
PN,2026-09-29,19,2026-09-29T08:01:00Z,2026-09-29T08:29:00Z,2,2,LKSDB-1,T_LKSDB-1
PN,2026-09-29,19,2026-09-29T08:00:00Z,2026-09-29T08:01:00Z,0,2,LKSDB-1,T_LKSDB-1
PN,2026-09-29,18,2026-09-29T07:30:00Z,2026-09-29T08:00:00Z,0,0,LKSDB-1,T_LKSDB-1
PN,2026-09-29,17,2026-09-29T07:29:00Z,2026-09-29T07:30:00Z,8,0,LKSDB-1,T_LKSDB-1
PN,2026-09-29,17,2026-09-29T07:01:00Z,2026-09-29T07:29:00Z,8,8,LKSDB-1,T_LKSDB-1
PN,2026-09-29,17,2026-09-29T07:00:00Z,2026-09-29T07:01:00Z,0,8,LKSDB-1,T_LKSDB-1
PN,2026-09-29,16,2026-09-29T06:59:00Z,2026-09-29T07:00:00Z,7,0,LKSDB-1,T_LKSDB-1
PN,2026-09-29,16,2026-09-29T06:31:00Z,2026-09-29T06:59:00Z,7,7,LKSDB-1,T_LKSDB-1
PN,2026-09-29,16,2026-09-29T06:30:00Z,2026-09-29T06:31:00Z,0,7,LKSDB-1,T_LKSDB-1
PN,2026-09-29,15,2026-09-29T06:00:00Z,2026-09-29T06:30:00Z,0,0,LKSDB-1,T_LKSDB-1
PN,2026-09-29,14,2026-09-29T05:59:00Z,2026-09-29T06:00:00Z,99,0,LKSDB-1,T_LKSDB-1
PN,2026-09-29,14,2026-09-29T05:30:00Z,2026-09-29T05:59:00Z,99,99,LKSDB-1,T_LKSDB-1
PN,2026-09-29,13,2026-09-29T05:01:00Z,2026-09-29T05:30:00Z,99,99,LKSDB-1,T_LKSDB-1
PN,2026-09-29,13,2026-09-29T05:00:00Z,2026-09-29T05:01:00Z,0,99,LKSDB-1,T_LKSDB-1
PN,2026-09-29,12,2026-09-29T04:30:00Z,2026-09-29T05:00:00Z,0,0,LKSDB-1,T_LKSDB-1
PN,2026-09-29,11,2026-09-29T04:00:00Z,2026-09-29T04:30:00Z,0,0,LKSDB-1,T_LKSDB-1
PN,2026-09-29,10,2026-09-29T03:30:00Z,2026-09-29T04:00:00Z,0,0,LKSDB-1,T_LKSDB-1
PN,2026-09-29,9,2026-09-29T03:00:00Z,2026-09-29T03:30:00Z,0,0,LKSDB-1,T_LKSDB-1
PN,2026-09-29,8,2026-09-29T02:30:00Z,2026-09-29T03:00:00Z,0,0,LKSDB-1,T_LKSDB-1
PN,2026-09-29,7,2026-09-29T02:00:00Z,2026-09-29T02:30:00Z,0,0,LKSDB-1,T_LKSDB-1
PN,2026-09-29,6,2026-09-29T01:59:00Z,2026-09-29T02:00:00Z,-47,0,LKSDB-1,T_LKSDB-1
PN,2026-09-29,6,2026-09-29T01:31:00Z,2026-09-29T01:59:00Z,-47,-47,LKSDB-1,T_LKSDB-1
PN,2026-09-29,6,2026-09-29T01:30:00Z,2026-09-29T01:31:00Z,-44,-47,LKSDB-1,T_LKSDB-1
PN,2026-09-29,5,2026-09-29T01:01:00Z,2026-09-29T01:30:00Z,-44,-44,LKSDB-1,T_LKSDB-1
PN,2026-09-29,5,2026-09-29T01:00:00Z,2026-09-29T01:01:00Z,-14,-44,LKSDB-1,T_LKSDB-1
PN,2026-09-29,4,2026-09-29T00:31:00Z,2026-09-29T01:00:00Z,-14,-14,LKSDB-1,T_LKSDB-1
PN,2026-09-29,4,2026-09-29T00:30:00Z,2026-09-29T00:31:00Z,0,-14,LKSDB-1,T_LKSDB-1
PN,2026-09-29,3,2026-09-29T00:00:00Z,2026-09-29T00:30:00Z,0,0,LKSDB-1,T_LKSDB-1
PN,2026-09-29,2,2026-09-28T23:30:00Z,2026-09-29T00:00:00Z,0,0,LKSDB-1,T_LKSDB-1
PN,2026-09-29,1,2026-09-28T23:00:00Z,2026-09-28T23:30:00Z,0,0,LKSDB-1,T_LKSDB-1
PN,2026-09-28,48,2026-09-28T22:30:00Z,2026-09-28T23:00:00Z,0,0,LKSDB-1,T_LKSDB-1
PN,2026-09-28,47,2026-09-28T22:00:00Z,2026-09-28T22:30:00Z,0,0,LKSDB-1,T_LKSDB-1
PN,2026-09-28,46,2026-09-28T21:30:00Z,2026-09-28T22:00:00Z,0,0,LKSDB-1,T_LKSDB-1
PN,2026-09-28,45,2026-09-28T21:00:00Z,2026-09-28T21:30:00Z,74,74,LKSDB-1,T_LKSDB-1
PN,2026-09-28,44,2026-09-28T20:30:00Z,2026-09-28T21:00:00Z,0,0,LKSDB-1,T_LKSDB-1
PN,2026-09-28,43,2026-09-28T20:00:00Z,2026-09-28T20:30:00Z,74,74,LKSDB-1,T_LKSDB-1
PN,2026-09-28,42,2026-09-28T19:30:00Z,2026-09-28T20:00:00Z,70,70,LKSDB-1,T_LKSDB-1
PN,2026-09-28,41,2026-09-28T19:00:00Z,2026-09-28T19:30:00Z,34,34,LKSDB-1,T_LKSDB-1
PN,2026-09-28,40,2026-09-28T18:30:00Z,2026-09-28T19:00:00Z,75,75,LKSDB-1,T_LKSDB-1
PN,2026-09-28,39,2026-09-28T18:29:00Z,2026-09-28T18:30:00Z,99,75,LKSDB-1,T_LKSDB-1
PN,2026-09-28,39,2026-09-28T18:01:00Z,2026-09-28T18:29:00Z,99,99,LKSDB-1,T_LKSDB-1
PN,2026-09-28,39,2026-09-28T18:00:00Z,2026-09-28T18:01:00Z,25,99,LKSDB-1,T_LKSDB-1
PN,2026-09-28,38,2026-09-28T17:30:00Z,2026-09-28T18:00:00Z,25,25,LKSDB-1,T_LKSDB-1
PN,2026-09-28,37,2026-09-28T17:00:00Z,2026-09-28T17:30:00Z,25,25,LKSDB-1,T_LKSDB-1
PN,2026-09-28,36,2026-09-28T16:30:00Z,2026-09-28T17:00:00Z,27,27,LKSDB-1,T_LKSDB-1
PN,2026-09-28,35,2026-09-28T16:00:00Z,2026-09-28T16:30:00Z,22,22,LKSDB-1,T_LKSDB-1
PN,2026-09-28,34,2026-09-28T15:30:00Z,2026-09-28T16:00:00Z,0,0,LKSDB-1,T_LKSDB-1
PN,2026-09-28,33,2026-09-28T15:00:00Z,2026-09-28T15:30:00Z,0,0,LKSDB-1,T_LKSDB-1
PN,2026-09-28,32,2026-09-28T14:30:00Z,2026-09-28T15:00:00Z,-10,-10,LKSDB-1,T_LKSDB-1
PN,2026-09-28,31,2026-09-28T14:00:00Z,2026-09-28T14:30:00Z,0,0,LKSDB-1,T_LKSDB-1
PN,2026-09-28,30,2026-09-28T13:30:00Z,2026-09-28T14:00:00Z,0,0,LKSDB-1,T_LKSDB-1
PN,2026-09-28,29,2026-09-28T13:00:00Z,2026-09-28T13:30:00Z,0,0,LKSDB-1,T_LKSDB-1
PN,2026-09-28,28,2026-09-28T12:59:00Z,2026-09-28T13:00:00Z,-27,0,LKSDB-1,T_LKSDB-1
PN,2026-09-28,28,2026-09-28T12:30:00Z,2026-09-28T12:59:00Z,-27,-27,LKSDB-1,T_LKSDB-1
PN,2026-09-28,27,2026-09-28T12:29:00Z,2026-09-28T12:30:00Z,-56,-27,LKSDB-1,T_LKSDB-1
PN,2026-09-28,27,2026-09-28T12:00:00Z,2026-09-28T12:29:00Z,-56,-56,LKSDB-1,T_LKSDB-1
PN,2026-09-28,26,2026-09-28T11:30:00Z,2026-09-28T12:00:00Z,-56,-56,LKSDB-1,T_LKSDB-1
PN,2026-09-28,25,2026-09-28T11:01:00Z,2026-09-28T11:30:00Z,-56,-56,LKSDB-1,T_LKSDB-1
PN,2026-09-28,25,2026-09-28T11:00:00Z,2026-09-28T11:01:00Z,0,-56,LKSDB-1,T_LKSDB-1
PN,2026-09-28,24,2026-09-28T10:30:00Z,2026-09-28T11:00:00Z,0,0,LKSDB-1,T_LKSDB-1
PN,2026-09-28,23,2026-09-28T10:00:00Z,2026-09-28T10:30:00Z,0,0,LKSDB-1,T_LKSDB-1
PN,2026-09-28,22,2026-09-28T09:30:00Z,2026-09-28T10:00:00Z,0,0,LKSDB-1,T_LKSDB-1
PN,2026-09-28,21,2026-09-28T09:00:00Z,2026-09-28T09:30:00Z,0,0,LKSDB-1,T_LKSDB-1
PN,2026-09-28,20,2026-09-28T08:30:00Z,2026-09-28T09:00:00Z,0,0,LKSDB-1,T_LKSDB-1
PN,2026-09-28,19,2026-09-28T08:00:00Z,2026-09-28T08:30:00Z,0,0,LKSDB-1,T_LKSDB-1
PN,2026-09-28,18,2026-09-28T07:59:00Z,2026-09-28T08:00:00Z,74,0,LKSDB-1,T_LKSDB-1
PN,2026-09-28,18,2026-09-28T07:31:00Z,2026-09-28T07:59:00Z,74,74,LKSDB-1,T_LKSDB-1
PN,2026-09-28,18,2026-09-28T07:30:00Z,2026-09-28T07:31:00Z,0,74,LKSDB-1,T_LKSDB-1
PN,2026-09-28,17,2026-09-28T07:29:00Z,2026-09-28T07:30:00Z,74,0,LKSDB-1,T_LKSDB-1
PN,2026-09-28,17,2026-09-28T07:01:00Z,2026-09-28T07:29:00Z,74,74,LKSDB-1,T_LKSDB-1
PN,2026-09-28,17,2026-09-28T07:00:00Z,2026-09-28T07:01:00Z,0,74,LKSDB-1,T_LKSDB-1
PN,2026-09-28,16,2026-09-28T06:59:00Z,2026-09-28T07:00:00Z,74,0,LKSDB-1,T_LKSDB-1
PN,2026-09-28,16,2026-09-28T06:30:00Z,2026-09-28T06:59:00Z,74,74,LKSDB-1,T_LKSDB-1
PN,2026-09-28,15,2026-09-28T06:01:00Z,2026-09-28T06:30:00Z,74,74,LKSDB-1,T_LKSDB-1
PN,2026-09-28,15,2026-09-28T06:00:00Z,2026-09-28T06:01:00Z,50,74,LKSDB-1,T_LKSDB-1
PN,2026-09-28,14,2026-09-28T05:30:00Z,2026-09-28T06:00:00Z,50,50,LKSDB-1,T_LKSDB-1
PN,2026-09-28,13,2026-09-28T05:01:00Z,2026-09-28T05:30:00Z,50,50,LKSDB-1,T_LKSDB-1
PN,2026-09-28,13,2026-09-28T05:00:00Z,2026-09-28T05:01:00Z,0,50,LKSDB-1,T_LKSDB-1
PN,2026-09-28,12,2026-09-28T04:30:00Z,2026-09-28T05:00:00Z,0,0,LKSDB-1,T_LKSDB-1
PN,2026-09-28,11,2026-09-28T04:29:00Z,2026-09-28T04:30:00Z,50,0,LKSDB-1,T_LKSDB-1
PN,2026-09-28,11,2026-09-28T04:01:00Z,2026-09-28T04:29:00Z,50,50,LKSDB-1,T_LKSDB-1
PN,2026-09-28,11,2026-09-28T04:00:00Z,2026-09-28T04:01:00Z,0,50,LKSDB-1,T_LKSDB-1
PN,2026-09-28,10,2026-09-28T03:30:00Z,2026-09-28T04:00:00Z,0,0,LKSDB-1,T_LKSDB-1
PN,2026-09-28,9,2026-09-28T03:00:00Z,2026-09-28T03:30:00Z,0,0,LKSDB-1,T_LKSDB-1
PN,2026-09-28,8,2026-09-28T02:31:00Z,2026-09-28T03:00:00Z,0,0,LKSDB-1,T_LKSDB-1
PN,2026-09-28,8,2026-09-28T02:30:00Z,2026-09-28T02:31:00Z,-25,0,LKSDB-1,T_LKSDB-1
PN,2026-09-28,7,2026-09-28T02:00:00Z,2026-09-28T02:30:00Z,-25,-25,LKSDB-1,T_LKSDB-1
PN,2026-09-28,6,2026-09-28T01:30:00Z,2026-09-28T02:00:00Z,-25,-25,LKSDB-1,T_LKSDB-1
PN,2026-09-28,5,2026-09-28T01:00:00Z,2026-09-28T01:30:00Z,-25,-25,LKSDB-1,T_LKSDB-1
PN,2026-09-28,4,2026-09-28T00:30:00Z,2026-09-28T01:00:00Z,-25,-25,LKSDB-1,T_LKSDB-1
PN,2026-09-28,3,2026-09-28T00:00:00Z,2026-09-28T00:30:00Z,-25,-25,LKSDB-1,T_LKSDB-1
PN,2026-09-28,2,2026-09-27T23:30:00Z,2026-09-28T00:00:00Z,-25,-25,LKSDB-1,T_LKSDB-1
PN,2026-09-28,1,2026-09-27T23:01:00Z,2026-09-27T23:30:00Z,-25,-25,LKSDB-1,T_LKSDB-1
PN,2026-09-28,1,2026-09-27T23:00:00Z,2026-09-27T23:01:00Z,0,-25,LKSDB-1,T_LKSDB-1
PN,2026-09-27,48,2026-09-27T22:31:00Z,2026-09-27T23:00:00Z,0,0,LKSDB-1,T_LKSDB-1
PN,2026-09-27,48,2026-09-27T22:30:00Z,2026-09-27T22:31:00Z,-25,0,LKSDB-1,T_LKSDB-1
PN,2026-09-27,47,2026-09-27T22:01:00Z,2026-09-27T22:30:00Z,-25,-25,LKSDB-1,T_LKSDB-1
PN,2026-09-27,47,2026-09-27T22:00:00Z,2026-09-27T22:01:00Z,0,-25,LKSDB-1,T_LKSDB-1
PN,2026-09-27,46,2026-09-27T21:59:00Z,2026-09-27T22:00:00Z,-99,0,LKSDB-1,T_LKSDB-1
PN,2026-09-27,46,2026-09-27T21:31:00Z,2026-09-27T21:59:00Z,-99,-99,LKSDB-1,T_LKSDB-1
PN,2026-09-27,46,2026-09-27T21:30:00Z,2026-09-27T21:31:00Z,0,-99,LKSDB-1,T_LKSDB-1
PN,2026-09-27,45,2026-09-27T21:00:00Z,2026-09-27T21:30:00Z,0,0,LKSDB-1,T_LKSDB-1
PN,2026-09-27,44,2026-09-27T20:30:00Z,2026-09-27T21:00:00Z,0,0,LKSDB-1,T_LKSDB-1
PN,2026-09-27,43,2026-09-27T20:00:00Z,2026-09-27T20:30:00Z,0,0,LKSDB-1,T_LKSDB-1
PN,2026-09-27,42,2026-09-27T19:30:00Z,2026-09-27T20:00:00Z,0,0,LKSDB-1,T_LKSDB-1
PN,2026-09-27,41,2026-09-27T19:00:00Z,2026-09-27T19:30:00Z,0,0,LKSDB-1,T_LKSDB-1
PN,2026-09-27,40,2026-09-27T18:59:00Z,2026-09-27T19:00:00Z,95,0,LKSDB-1,T_LKSDB-1
PN,2026-09-27,40,2026-09-27T18:30:00Z,2026-09-27T18:59:00Z,95,95,LKSDB-1,T_LKSDB-1
PN,2026-09-27,39,2026-09-27T18:29:00Z,2026-09-27T18:30:00Z,99,95,LKSDB-1,T_LKSDB-1
PN,2026-09-27,39,2026-09-27T18:01:00Z,2026-09-27T18:29:00Z,99,99,LKSDB-1,T_LKSDB-1
PN,2026-09-27,39,2026-09-27T18:00:00Z,2026-09-27T18:01:00Z,72,99,LKSDB-1,T_LKSDB-1
PN,2026-09-27,38,2026-09-27T17:59:00Z,2026-09-27T18:00:00Z,76,72,LKSDB-1,T_LKSDB-1
PN,2026-09-27,38,2026-09-27T17:31:00Z,2026-09-27T17:59:00Z,76,76,LKSDB-1,T_LKSDB-1
PN,2026-09-27,38,2026-09-27T17:30:00Z,2026-09-27T17:31:00Z,10,76,LKSDB-1,T_LKSDB-1
PN,2026-09-27,37,2026-09-27T17:01:00Z,2026-09-27T17:30:00Z,10,10,LKSDB-1,T_LKSDB-1
PN,2026-09-27,37,2026-09-27T17:00:00Z,2026-09-27T17:01:00Z,0,10,LKSDB-1,T_LKSDB-1
PN,2026-09-27,36,2026-09-27T16:30:00Z,2026-09-27T17:00:00Z,0,0,LKSDB-1,T_LKSDB-1
PN,2026-09-27,35,2026-09-27T16:00:00Z,2026-09-27T16:30:00Z,0,0,LKSDB-1,T_LKSDB-1
PN,2026-09-27,34,2026-09-27T15:59:00Z,2026-09-27T16:00:00Z,-14,0,LKSDB-1,T_LKSDB-1
PN,2026-09-27,34,2026-09-27T15:31:00Z,2026-09-27T15:59:00Z,-14,-14,LKSDB-1,T_LKSDB-1
PN,2026-09-27,34,2026-09-27T15:30:00Z,2026-09-27T15:31:00Z,0,-14,LKSDB-1,T_LKSDB-1
PN,2026-09-27,33,2026-09-27T15:29:00Z,2026-09-27T15:30:00Z,-25,0,LKSDB-1,T_LKSDB-1
PN,2026-09-27,33,2026-09-27T15:01:00Z,2026-09-27T15:29:00Z,-25,-25,LKSDB-1,T_LKSDB-1
PN,2026-09-27,33,2026-09-27T15:00:00Z,2026-09-27T15:01:00Z,-37,-25,LKSDB-1,T_LKSDB-1
PN,2026-09-27,32,2026-09-27T14:59:00Z,2026-09-27T15:00:00Z,-99,-37,LKSDB-1,T_LKSDB-1
PN,2026-09-27,32,2026-09-27T14:30:00Z,2026-09-27T14:59:00Z,-99,-99,LKSDB-1,T_LKSDB-1
PN,2026-09-27,31,2026-09-27T14:01:00Z,2026-09-27T14:30:00Z,-99,-99,LKSDB-1,T_LKSDB-1
PN,2026-09-27,31,2026-09-27T14:00:00Z,2026-09-27T14:01:00Z,-39,-99,LKSDB-1,T_LKSDB-1
PN,2026-09-27,30,2026-09-27T13:30:00Z,2026-09-27T14:00:00Z,-39,-39,LKSDB-1,T_LKSDB-1
PN,2026-09-27,29,2026-09-27T13:00:00Z,2026-09-27T13:30:00Z,-39,-39,LKSDB-1,T_LKSDB-1
PN,2026-09-27,28,2026-09-27T12:30:00Z,2026-09-27T13:00:00Z,-39,-39,LKSDB-1,T_LKSDB-1
PN,2026-09-27,27,2026-09-27T12:01:00Z,2026-09-27T12:30:00Z,-39,-39,LKSDB-1,T_LKSDB-1
PN,2026-09-27,27,2026-09-27T12:00:00Z,2026-09-27T12:01:00Z,-6,-39,LKSDB-1,T_LKSDB-1
PN,2026-09-27,26,2026-09-27T11:59:00Z,2026-09-27T12:00:00Z,-39,-6,LKSDB-1,T_LKSDB-1
PN,2026-09-27,26,2026-09-27T11:30:00Z,2026-09-27T11:59:00Z,-39,-39,LKSDB-1,T_LKSDB-1
PN,2026-09-27,25,2026-09-27T11:00:00Z,2026-09-27T11:30:00Z,-39,-39,LKSDB-1,T_LKSDB-1
PN,2026-09-27,24,2026-09-27T10:30:00Z,2026-09-27T11:00:00Z,-39,-39,LKSDB-1,T_LKSDB-1
PN,2026-09-27,23,2026-09-27T10:01:00Z,2026-09-27T10:30:00Z,-39,-39,LKSDB-1,T_LKSDB-1
PN,2026-09-27,23,2026-09-27T10:00:00Z,2026-09-27T10:01:00Z,-5,-39,LKSDB-1,T_LKSDB-1
PN,2026-09-27,22,2026-09-27T09:30:00Z,2026-09-27T10:00:00Z,-5,-5,LKSDB-1,T_LKSDB-1
PN,2026-09-27,21,2026-09-27T09:01:00Z,2026-09-27T09:30:00Z,-5,-5,LKSDB-1,T_LKSDB-1
PN,2026-09-27,21,2026-09-27T09:00:00Z,2026-09-27T09:01:00Z,0,-5,LKSDB-1,T_LKSDB-1
PN,2026-09-27,20,2026-09-27T08:30:00Z,2026-09-27T09:00:00Z,0,0,LKSDB-1,T_LKSDB-1
PN,2026-09-27,19,2026-09-27T08:00:00Z,2026-09-27T08:30:00Z,0,0,LKSDB-1,T_LKSDB-1
PN,2026-09-27,18,2026-09-27T07:30:00Z,2026-09-27T08:00:00Z,0,0,LKSDB-1,T_LKSDB-1
PN,2026-09-27,17,2026-09-27T07:00:00Z,2026-09-27T07:30:00Z,0,0,LKSDB-1,T_LKSDB-1
PN,2026-09-27,16,2026-09-27T06:30:00Z,2026-09-27T07:00:00Z,0,0,LKSDB-1,T_LKSDB-1
PN,2026-09-27,15,2026-09-27T06:00:00Z,2026-09-27T06:30:00Z,0,0,LKSDB-1,T_LKSDB-1
PN,2026-09-27,14,2026-09-27T05:30:00Z,2026-09-27T06:00:00Z,0,0,LKSDB-1,T_LKSDB-1
PN,2026-09-27,13,2026-09-27T05:00:00Z,2026-09-27T05:30:00Z,0,0,LKSDB-1,T_LKSDB-1
PN,2026-09-27,12,2026-09-27T04:30:00Z,2026-09-27T05:00:00Z,0,0,LKSDB-1,T_LKSDB-1
PN,2026-09-27,11,2026-09-27T04:00:00Z,2026-09-27T04:30:00Z,0,0,LKSDB-1,T_LKSDB-1
PN,2026-09-27,10,2026-09-27T03:30:00Z,2026-09-27T04:00:00Z,0,0,LKSDB-1,T_LKSDB-1
PN,2026-09-27,9,2026-09-27T03:00:00Z,2026-09-27T03:30:00Z,0,0,LKSDB-1,T_LKSDB-1
PN,2026-09-27,8,2026-09-27T02:30:00Z,2026-09-27T03:00:00Z,0,0,LKSDB-1,T_LKSDB-1
PN,2026-09-27,7,2026-09-27T02:00:00Z,2026-09-27T02:30:00Z,0,0,LKSDB-1,T_LKSDB-1
PN,2026-09-27,6,2026-09-27T01:30:00Z,2026-09-27T02:00:00Z,0,0,LKSDB-1,T_LKSDB-1
PN,2026-09-27,5,2026-09-27T01:00:00Z,2026-09-27T01:30:00Z,0,0,LKSDB-1,T_LKSDB-1
PN,2026-09-27,4,2026-09-27T00:30:00Z,2026-09-27T01:00:00Z,0,0,LKSDB-1,T_LKSDB-1
PN,2026-09-27,3,2026-09-27T00:00:00Z,2026-09-27T00:30:00Z,0,0,LKSDB-1,T_LKSDB-1
PN,2026-09-27,2,2026-09-26T23:30:00Z,2026-09-27T00:00:00Z,0,0,LKSDB-1,T_LKSDB-1
PN,2026-09-27,1,2026-09-26T23:29:00Z,2026-09-26T23:30:00Z,8,0,LKSDB-1,T_LKSDB-1
PN,2026-09-27,1,2026-09-26T23:00:00Z,2026-09-26T23:29:00Z,8,8,LKSDB-1,T_LKSDB-1
PN,2026-09-26,48,2026-09-26T22:31:00Z,2026-09-26T23:00:00Z,8,8,LKSDB-1,T_LKSDB-1
PN,2026-09-26,48,2026-09-26T22:30:00Z,2026-09-26T22:31:00Z,0,8,LKSDB-1,T_LKSDB-1
PN,2026-09-26,47,2026-09-26T22:00:00Z,2026-09-26T22:30:00Z,0,0,LKSDB-1,T_LKSDB-1
PN,2026-09-26,46,2026-09-26T21:30:00Z,2026-09-26T22:00:00Z,0,0,LKSDB-1,T_LKSDB-1
PN,2026-09-26,45,2026-09-26T21:00:00Z,2026-09-26T21:30:00Z,0,0,LKSDB-1,T_LKSDB-1
PN,2026-09-26,44,2026-09-26T20:30:00Z,2026-09-26T21:00:00Z,0,0,LKSDB-1,T_LKSDB-1
PN,2026-09-26,43,2026-09-26T20:00:00Z,2026-09-26T20:30:00Z,0,0,LKSDB-1,T_LKSDB-1
PN,2026-09-26,42,2026-09-26T19:30:00Z,2026-09-26T20:00:00Z,0,0,LKSDB-1,T_LKSDB-1
PN,2026-09-26,41,2026-09-26T19:00:00Z,2026-09-26T19:30:00Z,0,0,LKSDB-1,T_LKSDB-1
PN,2026-09-26,40,2026-09-26T18:59:00Z,2026-09-26T19:00:00Z,15,0,LKSDB-1,T_LKSDB-1
PN,2026-09-26,40,2026-09-26T18:30:00Z,2026-09-26T18:59:00Z,15,15,LKSDB-1,T_LKSDB-1
PN,2026-09-26,39,2026-09-26T18:29:00Z,2026-09-26T18:30:00Z,87,15,LKSDB-1,T_LKSDB-1
PN,2026-09-26,39,2026-09-26T18:01:00Z,2026-09-26T18:29:00Z,87,87,LKSDB-1,T_LKSDB-1
PN,2026-09-26,39,2026-09-26T18:00:00Z,2026-09-26T18:01:00Z,99,87,LKSDB-1,T_LKSDB-1
PN,2026-09-26,38,2026-09-26T17:30:00Z,2026-09-26T18:00:00Z,99,99,LKSDB-1,T_LKSDB-1
PN,2026-09-26,37,2026-09-26T17:01:00Z,2026-09-26T17:30:00Z,99,99,LKSDB-1,T_LKSDB-1
PN,2026-09-26,37,2026-09-26T17:00:00Z,2026-09-26T17:01:00Z,5,99,LKSDB-1,T_LKSDB-1
PN,2026-09-26,36,2026-09-26T16:30:00Z,2026-09-26T17:00:00Z,5,5,LKSDB-1,T_LKSDB-1
PN,2026-09-26,35,2026-09-26T16:01:00Z,2026-09-26T16:30:00Z,5,5,LKSDB-1,T_LKSDB-1
PN,2026-09-26,35,2026-09-26T16:00:00Z,2026-09-26T16:01:00Z,0,5,LKSDB-1,T_LKSDB-1
PN,2026-09-26,34,2026-09-26T15:30:00Z,2026-09-26T16:00:00Z,0,0,LKSDB-1,T_LKSDB-1
PN,2026-09-26,33,2026-09-26T15:00:00Z,2026-09-26T15:30:00Z,0,0,LKSDB-1,T_LKSDB-1
PN,2026-09-26,32,2026-09-26T14:30:00Z,2026-09-26T15:00:00Z,0,0,LKSDB-1,T_LKSDB-1
PN,2026-09-26,31,2026-09-26T14:29:00Z,2026-09-26T14:30:00Z,-62,0,LKSDB-1,T_LKSDB-1
PN,2026-09-26,31,2026-09-26T14:01:00Z,2026-09-26T14:29:00Z,-62,-62,LKSDB-1,T_LKSDB-1
PN,2026-09-26,31,2026-09-26T14:00:00Z,2026-09-26T14:01:00Z,0,-62,LKSDB-1,T_LKSDB-1
PN,2026-09-26,30,2026-09-26T13:59:00Z,2026-09-26T14:00:00Z,-2,0,LKSDB-1,T_LKSDB-1
PN,2026-09-26,30,2026-09-26T13:31:00Z,2026-09-26T13:59:00Z,-2,-2,LKSDB-1,T_LKSDB-1
PN,2026-09-26,30,2026-09-26T13:30:00Z,2026-09-26T13:31:00Z,0,-2,LKSDB-1,T_LKSDB-1
PN,2026-09-26,29,2026-09-26T13:29:00Z,2026-09-26T13:30:00Z,-13,0,LKSDB-1,T_LKSDB-1
PN,2026-09-26,29,2026-09-26T13:01:00Z,2026-09-26T13:29:00Z,-13,-13,LKSDB-1,T_LKSDB-1
PN,2026-09-26,29,2026-09-26T13:00:00Z,2026-09-26T13:01:00Z,0,-13,LKSDB-1,T_LKSDB-1
PN,2026-09-26,28,2026-09-26T12:59:00Z,2026-09-26T13:00:00Z,-74,0,LKSDB-1,T_LKSDB-1
PN,2026-09-26,28,2026-09-26T12:30:00Z,2026-09-26T12:59:00Z,-74,-74,LKSDB-1,T_LKSDB-1
PN,2026-09-26,27,2026-09-26T12:01:00Z,2026-09-26T12:30:00Z,-74,-74,LKSDB-1,T_LKSDB-1
PN,2026-09-26,27,2026-09-26T12:00:00Z,2026-09-26T12:01:00Z,-40,-74,LKSDB-1,T_LKSDB-1
PN,2026-09-26,26,2026-09-26T11:59:00Z,2026-09-26T12:00:00Z,-41,-40,LKSDB-1,T_LKSDB-1
PN,2026-09-26,26,2026-09-26T11:31:00Z,2026-09-26T11:59:00Z,-41,-41,LKSDB-1,T_LKSDB-1
PN,2026-09-26,26,2026-09-26T11:30:00Z,2026-09-26T11:31:00Z,-9,-41,LKSDB-1,T_LKSDB-1
PN,2026-09-26,25,2026-09-26T11:01:00Z,2026-09-26T11:30:00Z,-9,-9,LKSDB-1,T_LKSDB-1
PN,2026-09-26,25,2026-09-26T11:00:00Z,2026-09-26T11:01:00Z,0,-9,LKSDB-1,T_LKSDB-1
PN,2026-09-26,24,2026-09-26T10:30:00Z,2026-09-26T11:00:00Z,0,0,LKSDB-1,T_LKSDB-1
PN,2026-09-26,23,2026-09-26T10:29:00Z,2026-09-26T10:30:00Z,-22,0,LKSDB-1,T_LKSDB-1
PN,2026-09-26,23,2026-09-26T10:01:00Z,2026-09-26T10:29:00Z,-22,-22,LKSDB-1,T_LKSDB-1
PN,2026-09-26,23,2026-09-26T10:00:00Z,2026-09-26T10:01:00Z,-5,-22,LKSDB-1,T_LKSDB-1
PN,2026-09-26,22,2026-09-26T09:31:00Z,2026-09-26T10:00:00Z,-5,-5,LKSDB-1,T_LKSDB-1
PN,2026-09-26,22,2026-09-26T09:30:00Z,2026-09-26T09:31:00Z,0,-5,LKSDB-1,T_LKSDB-1
PN,2026-09-26,21,2026-09-26T09:00:00Z,2026-09-26T09:30:00Z,0,0,LKSDB-1,T_LKSDB-1
PN,2026-09-26,20,2026-09-26T08:30:00Z,2026-09-26T09:00:00Z,0,0,LKSDB-1,T_LKSDB-1
PN,2026-09-26,19,2026-09-26T08:00:00Z,2026-09-26T08:30:00Z,0,0,LKSDB-1,T_LKSDB-1
PN,2026-09-26,18,2026-09-26T07:30:00Z,2026-09-26T08:00:00Z,0,0,LKSDB-1,T_LKSDB-1
PN,2026-09-26,17,2026-09-26T07:00:00Z,2026-09-26T07:30:00Z,0,0,LKSDB-1,T_LKSDB-1
PN,2026-09-26,16,2026-09-26T06:30:00Z,2026-09-26T07:00:00Z,0,0,LKSDB-1,T_LKSDB-1
PN,2026-09-26,15,2026-09-26T06:00:00Z,2026-09-26T06:30:00Z,0,0,LKSDB-1,T_LKSDB-1
PN,2026-09-26,14,2026-09-26T05:30:00Z,2026-09-26T06:00:00Z,0,0,LKSDB-1,T_LKSDB-1
PN,2026-09-26,13,2026-09-26T05:00:00Z,2026-09-26T05:30:00Z,0,0,LKSDB-1,T_LKSDB-1
PN,2026-09-26,12,2026-09-26T04:30:00Z,2026-09-26T05:00:00Z,0,0,LKSDB-1,T_LKSDB-1
PN,2026-09-26,11,2026-09-26T04:00:00Z,2026-09-26T04:30:00Z,0,0,LKSDB-1,T_LKSDB-1
PN,2026-09-26,10,2026-09-26T03:30:00Z,2026-09-26T04:00:00Z,0,0,LKSDB-1,T_LKSDB-1
PN,2026-09-26,9,2026-09-26T03:00:00Z,2026-09-26T03:30:00Z,0,0,LKSDB-1,T_LKSDB-1
PN,2026-09-26,8,2026-09-26T02:30:00Z,2026-09-26T03:00:00Z,0,0,LKSDB-1,T_LKSDB-1
PN,2026-09-26,7,2026-09-26T02:00:00Z,2026-09-26T02:30:00Z,0,0,LKSDB-1,T_LKSDB-1
PN,2026-09-26,6,2026-09-26T01:30:00Z,2026-09-26T02:00:00Z,0,0,LKSDB-1,T_LKSDB-1
PN,2026-09-26,5,2026-09-26T01:00:00Z,2026-09-26T01:30:00Z,0,0,LKSDB-1,T_LKSDB-1
PN,2026-09-26,4,2026-09-26T00:30:00Z,2026-09-26T01:00:00Z,0,0,LKSDB-1,T_LKSDB-1
PN,2026-09-26,3,2026-09-26T00:00:00Z,2026-09-26T00:30:00Z,0,0,LKSDB-1,T_LKSDB-1
PN,2026-09-26,2,2026-09-25T23:30:00Z,2026-09-26T00:00:00Z,0,0,LKSDB-1,T_LKSDB-1
PN,2026-09-26,1,2026-09-25T23:00:00Z,2026-09-25T23:30:00Z,0,0,LKSDB-1,T_LKSDB-1
PN,2026-09-25,48,2026-09-25T22:30:00Z,2026-09-25T23:00:00Z,0,0,LKSDB-1,T_LKSDB-1
PN,2026-09-25,47,2026-09-25T22:00:00Z,2026-09-25T22:30:00Z,0,0,LKSDB-1,T_LKSDB-1
PN,2026-09-25,46,2026-09-25T21:30:00Z,2026-09-25T22:00:00Z,0,0,LKSDB-1,T_LKSDB-1
PN,2026-09-25,45,2026-09-25T21:00:00Z,2026-09-25T21:30:00Z,0,0,LKSDB-1,T_LKSDB-1
PN,2026-09-25,44,2026-09-25T20:30:00Z,2026-09-25T21:00:00Z,0,0,LKSDB-1,T_LKSDB-1
PN,2026-09-25,43,2026-09-25T20:00:00Z,2026-09-25T20:30:00Z,0,0,LKSDB-1,T_LKSDB-1
PN,2026-09-25,42,2026-09-25T19:30:00Z,2026-09-25T20:00:00Z,0,0,LKSDB-1,T_LKSDB-1
PN,2026-09-25,41,2026-09-25T19:00:00Z,2026-09-25T19:30:00Z,0,0,LKSDB-1,T_LKSDB-1
PN,2026-09-25,40,2026-09-25T18:59:00Z,2026-09-25T19:00:00Z,33,0,LKSDB-1,T_LKSDB-1
PN,2026-09-25,40,2026-09-25T18:30:00Z,2026-09-25T18:59:00Z,33,33,LKSDB-1,T_LKSDB-1
PN,2026-09-25,39,2026-09-25T18:29:00Z,2026-09-25T18:30:00Z,97,33,LKSDB-1,T_LKSDB-1
PN,2026-09-25,39,2026-09-25T18:01:00Z,2026-09-25T18:29:00Z,97,97,LKSDB-1,T_LKSDB-1
PN,2026-09-25,39,2026-09-25T18:00:00Z,2026-09-25T18:01:00Z,1,97,LKSDB-1,T_LKSDB-1
PN,2026-09-25,38,2026-09-25T17:31:00Z,2026-09-25T18:00:00Z,1,1,LKSDB-1,T_LKSDB-1
PN,2026-09-25,38,2026-09-25T17:30:00Z,2026-09-25T17:31:00Z,70,1,LKSDB-1,T_LKSDB-1
PN,2026-09-25,37,2026-09-25T17:00:00Z,2026-09-25T17:30:00Z,70,70,LKSDB-1,T_LKSDB-1
PN,2026-09-25,36,2026-09-25T16:30:00Z,2026-09-25T17:00:00Z,70,70,LKSDB-1,T_LKSDB-1
PN,2026-09-25,35,2026-09-25T16:01:00Z,2026-09-25T16:30:00Z,70,70,LKSDB-1,T_LKSDB-1
PN,2026-09-25,35,2026-09-25T16:00:00Z,2026-09-25T16:01:00Z,0,70,LKSDB-1,T_LKSDB-1
PN,2026-09-25,34,2026-09-25T15:30:00Z,2026-09-25T16:00:00Z,0,0,LKSDB-1,T_LKSDB-1
PN,2026-09-25,33,2026-09-25T15:00:00Z,2026-09-25T15:30:00Z,0,0,LKSDB-1,T_LKSDB-1
PN,2026-09-25,32,2026-09-25T14:59:00Z,2026-09-25T15:00:00Z,-37,0,LKSDB-1,T_LKSDB-1
PN,2026-09-25,32,2026-09-25T14:31:00Z,2026-09-25T14:59:00Z,-37,-37,LKSDB-1,T_LKSDB-1
PN,2026-09-25,32,2026-09-25T14:30:00Z,2026-09-25T14:31:00Z,-1,-37,LKSDB-1,T_LKSDB-1
PN,2026-09-25,31,2026-09-25T14:00:00Z,2026-09-25T14:30:00Z,-1,-1,LKSDB-1,T_LKSDB-1
PN,2026-09-25,30,2026-09-25T13:59:00Z,2026-09-25T14:00:00Z,-70,-1,LKSDB-1,T_LKSDB-1
PN,2026-09-25,30,2026-09-25T13:30:00Z,2026-09-25T13:59:00Z,-70,-70,LKSDB-1,T_LKSDB-1
PN,2026-09-25,29,2026-09-25T13:29:00Z,2026-09-25T13:30:00Z,-74,-70,LKSDB-1,T_LKSDB-1
PN,2026-09-25,29,2026-09-25T13:00:00Z,2026-09-25T13:29:00Z,-74,-74,LKSDB-1,T_LKSDB-1
PN,2026-09-25,28,2026-09-25T12:30:00Z,2026-09-25T13:00:00Z,-74,-74,LKSDB-1,T_LKSDB-1
PN,2026-09-25,27,2026-09-25T12:01:00Z,2026-09-25T12:30:00Z,-74,-74,LKSDB-1,T_LKSDB-1
PN,2026-09-25,27,2026-09-25T12:00:00Z,2026-09-25T12:01:00Z,-33,-74,LKSDB-1,T_LKSDB-1
PN,2026-09-25,26,2026-09-25T11:31:00Z,2026-09-25T12:00:00Z,-33,-33,LKSDB-1,T_LKSDB-1
PN,2026-09-25,26,2026-09-25T11:30:00Z,2026-09-25T11:31:00Z,0,-33,LKSDB-1,T_LKSDB-1
PN,2026-09-25,25,2026-09-25T11:00:00Z,2026-09-25T11:30:00Z,0,0,LKSDB-1,T_LKSDB-1
PN,2026-09-25,24,2026-09-25T10:59:00Z,2026-09-25T11:00:00Z,-50,0,LKSDB-1,T_LKSDB-1
PN,2026-09-25,24,2026-09-25T10:31:00Z,2026-09-25T10:59:00Z,-50,-50,LKSDB-1,T_LKSDB-1
PN,2026-09-25,24,2026-09-25T10:30:00Z,2026-09-25T10:31:00Z,0,-50,LKSDB-1,T_LKSDB-1
PN,2026-09-25,23,2026-09-25T10:00:00Z,2026-09-25T10:30:00Z,0,0,LKSDB-1,T_LKSDB-1
PN,2026-09-25,22,2026-09-25T09:59:00Z,2026-09-25T10:00:00Z,-25,0,LKSDB-1,T_LKSDB-1
PN,2026-09-25,22,2026-09-25T09:31:00Z,2026-09-25T09:59:00Z,-25,-25,LKSDB-1,T_LKSDB-1
PN,2026-09-25,22,2026-09-25T09:30:00Z,2026-09-25T09:31:00Z,0,-25,LKSDB-1,T_LKSDB-1
PN,2026-09-25,21,2026-09-25T09:00:00Z,2026-09-25T09:30:00Z,0,0,LKSDB-1,T_LKSDB-1
PN,2026-09-25,20,2026-09-25T08:30:00Z,2026-09-25T09:00:00Z,0,0,LKSDB-1,T_LKSDB-1
PN,2026-09-25,19,2026-09-25T08:00:00Z,2026-09-25T08:30:00Z,0,0,LKSDB-1,T_LKSDB-1
PN,2026-09-25,18,2026-09-25T07:30:00Z,2026-09-25T08:00:00Z,0,0,LKSDB-1,T_LKSDB-1
PN,2026-09-25,17,2026-09-25T07:00:00Z,2026-09-25T07:30:00Z,0,0,LKSDB-1,T_LKSDB-1
PN,2026-09-25,16,2026-09-25T06:59:00Z,2026-09-25T07:00:00Z,99,0,LKSDB-1,T_LKSDB-1
PN,2026-09-25,16,2026-09-25T06:30:00Z,2026-09-25T06:59:00Z,99,99,LKSDB-1,T_LKSDB-1
PN,2026-09-25,15,2026-09-25T06:01:00Z,2026-09-25T06:30:00Z,99,99,LKSDB-1,T_LKSDB-1
PN,2026-09-25,15,2026-09-25T06:00:00Z,2026-09-25T06:01:00Z,50,99,LKSDB-1,T_LKSDB-1
PN,2026-09-25,14,2026-09-25T05:31:00Z,2026-09-25T06:00:00Z,50,50,LKSDB-1,T_LKSDB-1
PN,2026-09-25,14,2026-09-25T05:30:00Z,2026-09-25T05:31:00Z,0,50,LKSDB-1,T_LKSDB-1
PN,2026-09-25,13,2026-09-25T05:00:00Z,2026-09-25T05:30:00Z,0,0,LKSDB-1,T_LKSDB-1
PN,2026-09-25,12,2026-09-25T04:59:00Z,2026-09-25T05:00:00Z,20,0,LKSDB-1,T_LKSDB-1
PN,2026-09-25,12,2026-09-25T04:31:00Z,2026-09-25T04:59:00Z,20,20,LKSDB-1,T_LKSDB-1
PN,2026-09-25,12,2026-09-25T04:30:00Z,2026-09-25T04:31:00Z,0,20,LKSDB-1,T_LKSDB-1
PN,2026-09-25,11,2026-09-25T04:00:00Z,2026-09-25T04:30:00Z,0,0,LKSDB-1,T_LKSDB-1
PN,2026-09-25,10,2026-09-25T03:30:00Z,2026-09-25T04:00:00Z,0,0,LKSDB-1,T_LKSDB-1
PN,2026-09-25,9,2026-09-25T03:00:00Z,2026-09-25T03:30:00Z,0,0,LKSDB-1,T_LKSDB-1
PN,2026-09-25,8,2026-09-25T02:59:00Z,2026-09-25T03:00:00Z,-20,0,LKSDB-1,T_LKSDB-1
PN,2026-09-25,8,2026-09-25T02:30:00Z,2026-09-25T02:59:00Z,-20,-20,LKSDB-1,T_LKSDB-1
PN,2026-09-25,7,2026-09-25T02:00:00Z,2026-09-25T02:30:00Z,-20,-20,LKSDB-1,T_LKSDB-1
PN,2026-09-25,6,2026-09-25T01:59:00Z,2026-09-25T02:00:00Z,-29,-20,LKSDB-1,T_LKSDB-1
PN,2026-09-25,6,2026-09-25T01:30:00Z,2026-09-25T01:59:00Z,-29,-29,LKSDB-1,T_LKSDB-1
PN,2026-09-25,5,2026-09-25T01:29:00Z,2026-09-25T01:30:00Z,-40,-29,LKSDB-1,T_LKSDB-1
PN,2026-09-25,5,2026-09-25T01:01:00Z,2026-09-25T01:29:00Z,-40,-40,LKSDB-1,T_LKSDB-1
PN,2026-09-25,5,2026-09-25T01:00:00Z,2026-09-25T01:01:00Z,-45,-40,LKSDB-1,T_LKSDB-1
PN,2026-09-25,4,2026-09-25T00:31:00Z,2026-09-25T01:00:00Z,-45,-45,LKSDB-1,T_LKSDB-1
PN,2026-09-25,4,2026-09-25T00:30:00Z,2026-09-25T00:31:00Z,-3,-45,LKSDB-1,T_LKSDB-1
PN,2026-09-25,3,2026-09-25T00:29:00Z,2026-09-25T00:30:00Z,-27,-3,LKSDB-1,T_LKSDB-1
PN,2026-09-25,3,2026-09-25T00:01:00Z,2026-09-25T00:29:00Z,-27,-27,LKSDB-1,T_LKSDB-1
PN,2026-09-25,3,2026-09-25T00:00:00Z,2026-09-25T00:01:00Z,0,-27,LKSDB-1,T_LKSDB-1
PN,2026-09-25,2,2026-09-24T23:30:00Z,2026-09-25T00:00:00Z,0,0,LKSDB-1,T_LKSDB-1
PN,2026-09-25,1,2026-09-24T23:00:00Z,2026-09-24T23:30:00Z,0,0,LKSDB-1,T_LKSDB-1
PN,2026-09-24,48,2026-09-24T22:30:00Z,2026-09-24T23:00:00Z,0,0,LKSDB-1,T_LKSDB-1
PN,2026-09-24,47,2026-09-24T22:00:00Z,2026-09-24T22:30:00Z,0,0,LKSDB-1,T_LKSDB-1
PN,2026-09-24,46,2026-09-24T21:30:00Z,2026-09-24T22:00:00Z,0,0,LKSDB-1,T_LKSDB-1
PN,2026-09-24,45,2026-09-24T21:00:00Z,2026-09-24T21:30:00Z,0,0,LKSDB-1,T_LKSDB-1
PN,2026-09-24,44,2026-09-24T20:30:00Z,2026-09-24T21:00:00Z,0,0,LKSDB-1,T_LKSDB-1
PN,2026-09-24,43,2026-09-24T20:29:00Z,2026-09-24T20:30:00Z,20,0,LKSDB-1,T_LKSDB-1
PN,2026-09-24,43,2026-09-24T20:01:00Z,2026-09-24T20:29:00Z,20,20,LKSDB-1,T_LKSDB-1
PN,2026-09-24,43,2026-09-24T20:00:00Z,2026-09-24T20:01:00Z,0,20,LKSDB-1,T_LKSDB-1
PN,2026-09-24,42,2026-09-24T19:59:00Z,2026-09-24T20:00:00Z,4,0,LKSDB-1,T_LKSDB-1
PN,2026-09-24,42,2026-09-24T19:31:00Z,2026-09-24T19:59:00Z,4,4,LKSDB-1,T_LKSDB-1
PN,2026-09-24,42,2026-09-24T19:30:00Z,2026-09-24T19:31:00Z,0,4,LKSDB-1,T_LKSDB-1
PN,2026-09-24,41,2026-09-24T19:29:00Z,2026-09-24T19:30:00Z,26,0,LKSDB-1,T_LKSDB-1
PN,2026-09-24,41,2026-09-24T19:01:00Z,2026-09-24T19:29:00Z,26,26,LKSDB-1,T_LKSDB-1
PN,2026-09-24,41,2026-09-24T19:00:00Z,2026-09-24T19:01:00Z,0,26,LKSDB-1,T_LKSDB-1
PN,2026-09-24,40,2026-09-24T18:59:00Z,2026-09-24T19:00:00Z,31,0,LKSDB-1,T_LKSDB-1
PN,2026-09-24,40,2026-09-24T18:31:00Z,2026-09-24T18:59:00Z,31,31,LKSDB-1,T_LKSDB-1
PN,2026-09-24,40,2026-09-24T18:30:00Z,2026-09-24T18:31:00Z,0,31,LKSDB-1,T_LKSDB-1
PN,2026-09-24,39,2026-09-24T18:29:00Z,2026-09-24T18:30:00Z,4,0,LKSDB-1,T_LKSDB-1
PN,2026-09-24,39,2026-09-24T18:01:00Z,2026-09-24T18:29:00Z,4,4,LKSDB-1,T_LKSDB-1
PN,2026-09-24,39,2026-09-24T18:00:00Z,2026-09-24T18:01:00Z,0,4,LKSDB-1,T_LKSDB-1
PN,2026-09-24,38,2026-09-24T17:59:00Z,2026-09-24T18:00:00Z,69,0,LKSDB-1,T_LKSDB-1
PN,2026-09-24,38,2026-09-24T17:31:00Z,2026-09-24T17:59:00Z,69,69,LKSDB-1,T_LKSDB-1
PN,2026-09-24,38,2026-09-24T17:30:00Z,2026-09-24T17:31:00Z,12,69,LKSDB-1,T_LKSDB-1
PN,2026-09-24,37,2026-09-24T17:29:00Z,2026-09-24T17:30:00Z,99,12,LKSDB-1,T_LKSDB-1
PN,2026-09-24,37,2026-09-24T17:01:00Z,2026-09-24T17:29:00Z,99,99,LKSDB-1,T_LKSDB-1
PN,2026-09-24,37,2026-09-24T17:00:00Z,2026-09-24T17:01:00Z,50,99,LKSDB-1,T_LKSDB-1
PN,2026-09-24,36,2026-09-24T16:30:00Z,2026-09-24T17:00:00Z,50,50,LKSDB-1,T_LKSDB-1
PN,2026-09-24,35,2026-09-24T16:01:00Z,2026-09-24T16:30:00Z,50,50,LKSDB-1,T_LKSDB-1
PN,2026-09-24,35,2026-09-24T16:00:00Z,2026-09-24T16:01:00Z,0,50,LKSDB-1,T_LKSDB-1
PN,2026-09-24,34,2026-09-24T15:30:00Z,2026-09-24T16:00:00Z,0,0,LKSDB-1,T_LKSDB-1
PN,2026-09-24,33,2026-09-24T15:00:00Z,2026-09-24T15:30:00Z,0,0,LKSDB-1,T_LKSDB-1
PN,2026-09-24,32,2026-09-24T14:59:00Z,2026-09-24T15:00:00Z,-56,0,LKSDB-1,T_LKSDB-1
PN,2026-09-24,32,2026-09-24T14:31:00Z,2026-09-24T14:59:00Z,-56,-56,LKSDB-1,T_LKSDB-1
PN,2026-09-24,32,2026-09-24T14:30:00Z,2026-09-24T14:31:00Z,0,-56,LKSDB-1,T_LKSDB-1
PN,2026-09-24,31,2026-09-24T14:29:00Z,2026-09-24T14:30:00Z,-65,0,LKSDB-1,T_LKSDB-1
PN,2026-09-24,31,2026-09-24T14:01:00Z,2026-09-24T14:29:00Z,-65,-65,LKSDB-1,T_LKSDB-1
PN,2026-09-24,31,2026-09-24T14:00:00Z,2026-09-24T14:01:00Z,0,-65,LKSDB-1,T_LKSDB-1
PN,2026-09-24,30,2026-09-24T13:59:00Z,2026-09-24T14:00:00Z,-64,0,LKSDB-1,T_LKSDB-1
PN,2026-09-24,30,2026-09-24T13:31:00Z,2026-09-24T13:59:00Z,-64,-64,LKSDB-1,T_LKSDB-1
PN,2026-09-24,30,2026-09-24T13:30:00Z,2026-09-24T13:31:00Z,-20,-64,LKSDB-1,T_LKSDB-1
PN,2026-09-24,29,2026-09-24T13:29:00Z,2026-09-24T13:30:00Z,-87,-20,LKSDB-1,T_LKSDB-1
PN,2026-09-24,29,2026-09-24T13:00:00Z,2026-09-24T13:29:00Z,-87,-87,LKSDB-1,T_LKSDB-1
PN,2026-09-24,28,2026-09-24T12:30:00Z,2026-09-24T13:00:00Z,-87,-87,LKSDB-1,T_LKSDB-1
PN,2026-09-24,27,2026-09-24T12:01:00Z,2026-09-24T12:30:00Z,-87,-87,LKSDB-1,T_LKSDB-1
PN,2026-09-24,27,2026-09-24T12:00:00Z,2026-09-24T12:01:00Z,0,-87,LKSDB-1,T_LKSDB-1
PN,2026-09-24,26,2026-09-24T11:30:00Z,2026-09-24T12:00:00Z,0,0,LKSDB-1,T_LKSDB-1
PN,2026-09-24,25,2026-09-24T11:00:00Z,2026-09-24T11:30:00Z,0,0,LKSDB-1,T_LKSDB-1
PN,2026-09-24,24,2026-09-24T10:30:00Z,2026-09-24T11:00:00Z,0,0,LKSDB-1,T_LKSDB-1
PN,2026-09-24,23,2026-09-24T10:00:00Z,2026-09-24T10:30:00Z,0,0,LKSDB-1,T_LKSDB-1
PN,2026-09-24,22,2026-09-24T09:30:00Z,2026-09-24T10:00:00Z,0,0,LKSDB-1,T_LKSDB-1
PN,2026-09-24,21,2026-09-24T09:29:00Z,2026-09-24T09:30:00Z,25,0,LKSDB-1,T_LKSDB-1
PN,2026-09-24,21,2026-09-24T09:01:00Z,2026-09-24T09:29:00Z,25,25,LKSDB-1,T_LKSDB-1
PN,2026-09-24,21,2026-09-24T09:00:00Z,2026-09-24T09:01:00Z,0,25,LKSDB-1,T_LKSDB-1
PN,2026-09-24,20,2026-09-24T08:30:00Z,2026-09-24T09:00:00Z,0,0,LKSDB-1,T_LKSDB-1
PN,2026-09-24,19,2026-09-24T08:00:00Z,2026-09-24T08:30:00Z,0,0,LKSDB-1,T_LKSDB-1
PN,2026-09-24,18,2026-09-24T07:59:00Z,2026-09-24T08:00:00Z,46,0,LKSDB-1,T_LKSDB-1
PN,2026-09-24,18,2026-09-24T07:30:00Z,2026-09-24T07:59:00Z,46,46,LKSDB-1,T_LKSDB-1
PN,2026-09-24,17,2026-09-24T07:29:00Z,2026-09-24T07:30:00Z,99,46,LKSDB-1,T_LKSDB-1
PN,2026-09-24,17,2026-09-24T07:00:00Z,2026-09-24T07:29:00Z,99,99,LKSDB-1,T_LKSDB-1
PN,2026-09-24,16,2026-09-24T06:30:00Z,2026-09-24T07:00:00Z,99,99,LKSDB-1,T_LKSDB-1
PN,2026-09-24,15,2026-09-24T06:01:00Z,2026-09-24T06:30:00Z,99,99,LKSDB-1,T_LKSDB-1
PN,2026-09-24,15,2026-09-24T06:00:00Z,2026-09-24T06:01:00Z,8,99,LKSDB-1,T_LKSDB-1
PN,2026-09-24,14,2026-09-24T05:30:00Z,2026-09-24T06:00:00Z,8,8,LKSDB-1,T_LKSDB-1
PN,2026-09-24,13,2026-09-24T05:01:00Z,2026-09-24T05:30:00Z,8,8,LKSDB-1,T_LKSDB-1
PN,2026-09-24,13,2026-09-24T05:00:00Z,2026-09-24T05:01:00Z,0,8,LKSDB-1,T_LKSDB-1
PN,2026-09-24,12,2026-09-24T04:30:00Z,2026-09-24T05:00:00Z,0,0,LKSDB-1,T_LKSDB-1
PN,2026-09-24,11,2026-09-24T04:00:00Z,2026-09-24T04:30:00Z,0,0,LKSDB-1,T_LKSDB-1
PN,2026-09-24,10,2026-09-24T03:30:00Z,2026-09-24T04:00:00Z,0,0,LKSDB-1,T_LKSDB-1
PN,2026-09-24,9,2026-09-24T03:00:00Z,2026-09-24T03:30:00Z,0,0,LKSDB-1,T_LKSDB-1
PN,2026-09-24,8,2026-09-24T02:30:00Z,2026-09-24T03:00:00Z,0,0,LKSDB-1,T_LKSDB-1
PN,2026-09-24,7,2026-09-24T02:00:00Z,2026-09-24T02:30:00Z,0,0,LKSDB-1,T_LKSDB-1
PN,2026-09-24,6,2026-09-24T01:30:00Z,2026-09-24T02:00:00Z,0,0,LKSDB-1,T_LKSDB-1
PN,2026-09-24,5,2026-09-24T01:00:00Z,2026-09-24T01:30:00Z,0,0,LKSDB-1,T_LKSDB-1
PN,2026-09-24,4,2026-09-24T00:59:00Z,2026-09-24T01:00:00Z,10,0,LKSDB-1,T_LKSDB-1
PN,2026-09-24,4,2026-09-24T00:31:00Z,2026-09-24T00:59:00Z,10,10,LKSDB-1,T_LKSDB-1
PN,2026-09-24,4,2026-09-24T00:30:00Z,2026-09-24T00:31:00Z,0,10,LKSDB-1,T_LKSDB-1
PN,2026-09-24,3,2026-09-24T00:00:00Z,2026-09-24T00:30:00Z,0,0,LKSDB-1,T_LKSDB-1
PN,2026-09-24,2,2026-09-23T23:30:00Z,2026-09-24T00:00:00Z,0,0,LKSDB-1,T_LKSDB-1
PN,2026-09-24,1,2026-09-23T23:00:00Z,2026-09-23T23:30:00Z,0,0,LKSDB-1,T_LKSDB-1
PN,2026-09-23,48,2026-09-23T22:30:00Z,2026-09-23T23:00:00Z,0,0,LKSDB-1,T_LKSDB-1
PN,2026-09-23,47,2026-09-23T22:00:00Z,2026-09-23T22:30:00Z,0,0,LKSDB-1,T_LKSDB-1
PN,2026-09-23,46,2026-09-23T21:30:00Z,2026-09-23T22:00:00Z,0,0,LKSDB-1,T_LKSDB-1
PN,2026-09-23,45,2026-09-23T21:00:00Z,2026-09-23T21:30:00Z,0,0,LKSDB-1,T_LKSDB-1
PN,2026-09-23,44,2026-09-23T20:30:00Z,2026-09-23T21:00:00Z,0,0,LKSDB-1,T_LKSDB-1
PN,2026-09-23,43,2026-09-23T20:00:00Z,2026-09-23T20:30:00Z,0,0,LKSDB-1,T_LKSDB-1
PN,2026-09-23,42,2026-09-23T19:59:00Z,2026-09-23T20:00:00Z,75,0,LKSDB-1,T_LKSDB-1
PN,2026-09-23,42,2026-09-23T19:30:00Z,2026-09-23T19:59:00Z,75,75,LKSDB-1,T_LKSDB-1
PN,2026-09-23,41,2026-09-23T19:00:00Z,2026-09-23T19:30:00Z,75,75,LKSDB-1,T_LKSDB-1
PN,2026-09-23,40,2026-09-23T18:30:00Z,2026-09-23T19:00:00Z,75,75,LKSDB-1,T_LKSDB-1
PN,2026-09-23,39,2026-09-23T18:00:00Z,2026-09-23T18:30:00Z,75,75,LKSDB-1,T_LKSDB-1
PN,2026-09-23,38,2026-09-23T17:30:00Z,2026-09-23T18:00:00Z,75,75,LKSDB-1,T_LKSDB-1
PN,2026-09-23,37,2026-09-23T17:00:00Z,2026-09-23T17:30:00Z,75,75,LKSDB-1,T_LKSDB-1
PN,2026-09-23,36,2026-09-23T16:30:00Z,2026-09-23T17:00:00Z,75,75,LKSDB-1,T_LKSDB-1
PN,2026-09-23,35,2026-09-23T16:01:00Z,2026-09-23T16:30:00Z,75,75,LKSDB-1,T_LKSDB-1
PN,2026-09-23,35,2026-09-23T16:00:00Z,2026-09-23T16:01:00Z,0,75,LKSDB-1,T_LKSDB-1
PN,2026-09-23,34,2026-09-23T15:30:00Z,2026-09-23T16:00:00Z,0,0,LKSDB-1,T_LKSDB-1
PN,2026-09-23,33,2026-09-23T15:00:00Z,2026-09-23T15:30:00Z,0,0,LKSDB-1,T_LKSDB-1
PN,2026-09-23,32,2026-09-23T14:30:00Z,2026-09-23T15:00:00Z,0,0,LKSDB-1,T_LKSDB-1
PN,2026-09-23,31,2026-09-23T14:00:00Z,2026-09-23T14:30:00Z,0,0,LKSDB-1,T_LKSDB-1
PN,2026-09-23,30,2026-09-23T13:30:00Z,2026-09-23T14:00:00Z,0,0,LKSDB-1,T_LKSDB-1
PN,2026-09-23,29,2026-09-23T13:00:00Z,2026-09-23T13:30:00Z,0,0,LKSDB-1,T_LKSDB-1
PN,2026-09-23,28,2026-09-23T12:59:00Z,2026-09-23T13:00:00Z,-8,0,LKSDB-1,T_LKSDB-1
PN,2026-09-23,28,2026-09-23T12:31:00Z,2026-09-23T12:59:00Z,-8,-8,LKSDB-1,T_LKSDB-1
PN,2026-09-23,28,2026-09-23T12:30:00Z,2026-09-23T12:31:00Z,0,-8,LKSDB-1,T_LKSDB-1
PN,2026-09-23,27,2026-09-23T12:00:00Z,2026-09-23T12:30:00Z,0,0,LKSDB-1,T_LKSDB-1
PN,2026-09-23,26,2026-09-23T11:30:00Z,2026-09-23T12:00:00Z,0,0,LKSDB-1,T_LKSDB-1
PN,2026-09-23,25,2026-09-23T11:00:00Z,2026-09-23T11:30:00Z,0,0,LKSDB-1,T_LKSDB-1
PN,2026-09-23,24,2026-09-23T10:30:00Z,2026-09-23T11:00:00Z,0,0,LKSDB-1,T_LKSDB-1
PN,2026-09-23,23,2026-09-23T10:00:00Z,2026-09-23T10:30:00Z,0,0,LKSDB-1,T_LKSDB-1
PN,2026-09-23,22,2026-09-23T09:30:00Z,2026-09-23T10:00:00Z,0,0,LKSDB-1,T_LKSDB-1
PN,2026-09-23,21,2026-09-23T09:00:00Z,2026-09-23T09:30:00Z,0,0,LKSDB-1,T_LKSDB-1
PN,2026-09-23,20,2026-09-23T08:59:00Z,2026-09-23T09:00:00Z,67,0,LKSDB-1,T_LKSDB-1
PN,2026-09-23,20,2026-09-23T08:31:00Z,2026-09-23T08:59:00Z,67,67,LKSDB-1,T_LKSDB-1
PN,2026-09-23,20,2026-09-23T08:30:00Z,2026-09-23T08:31:00Z,0,67,LKSDB-1,T_LKSDB-1
PN,2026-09-23,19,2026-09-23T08:00:00Z,2026-09-23T08:30:00Z,0,0,LKSDB-1,T_LKSDB-1
PN,2026-09-23,18,2026-09-23T07:59:00Z,2026-09-23T08:00:00Z,75,0,LKSDB-1,T_LKSDB-1
PN,2026-09-23,18,2026-09-23T07:31:00Z,2026-09-23T07:59:00Z,75,75,LKSDB-1,T_LKSDB-1
PN,2026-09-23,18,2026-09-23T07:30:00Z,2026-09-23T07:31:00Z,71,75,LKSDB-1,T_LKSDB-1
PN,2026-09-23,17,2026-09-23T07:29:00Z,2026-09-23T07:30:00Z,75,71,LKSDB-1,T_LKSDB-1
PN,2026-09-23,17,2026-09-23T07:01:00Z,2026-09-23T07:29:00Z,75,75,LKSDB-1,T_LKSDB-1
PN,2026-09-23,17,2026-09-23T07:00:00Z,2026-09-23T07:01:00Z,53,75,LKSDB-1,T_LKSDB-1
PN,2026-09-23,16,2026-09-23T06:59:00Z,2026-09-23T07:00:00Z,75,53,LKSDB-1,T_LKSDB-1
PN,2026-09-23,16,2026-09-23T06:30:00Z,2026-09-23T06:59:00Z,75,75,LKSDB-1,T_LKSDB-1
PN,2026-09-23,15,2026-09-23T06:00:00Z,2026-09-23T06:30:00Z,75,75,LKSDB-1,T_LKSDB-1
PN,2026-09-23,14,2026-09-23T05:31:00Z,2026-09-23T06:00:00Z,75,75,LKSDB-1,T_LKSDB-1
PN,2026-09-23,14,2026-09-23T05:30:00Z,2026-09-23T05:31:00Z,0,75,LKSDB-1,T_LKSDB-1
PN,2026-09-23,13,2026-09-23T05:00:00Z,2026-09-23T05:30:00Z,0,0,LKSDB-1,T_LKSDB-1
PN,2026-09-23,12,2026-09-23T04:30:00Z,2026-09-23T05:00:00Z,0,0,LKSDB-1,T_LKSDB-1
PN,2026-09-23,11,2026-09-23T04:00:00Z,2026-09-23T04:30:00Z,0,0,LKSDB-1,T_LKSDB-1
PN,2026-09-23,10,2026-09-23T03:30:00Z,2026-09-23T04:00:00Z,0,0,LKSDB-1,T_LKSDB-1
PN,2026-09-23,9,2026-09-23T03:29:00Z,2026-09-23T03:30:00Z,-28,0,LKSDB-1,T_LKSDB-1
PN,2026-09-23,9,2026-09-23T03:01:00Z,2026-09-23T03:29:00Z,-28,-28,LKSDB-1,T_LKSDB-1
PN,2026-09-23,9,2026-09-23T03:00:00Z,2026-09-23T03:01:00Z,0,-28,LKSDB-1,T_LKSDB-1
PN,2026-09-23,8,2026-09-23T02:59:00Z,2026-09-23T03:00:00Z,-67,0,LKSDB-1,T_LKSDB-1
PN,2026-09-23,8,2026-09-23T02:31:00Z,2026-09-23T02:59:00Z,-67,-67,LKSDB-1,T_LKSDB-1
PN,2026-09-23,8,2026-09-23T02:30:00Z,2026-09-23T02:31:00Z,-61,-67,LKSDB-1,T_LKSDB-1
PN,2026-09-23,7,2026-09-23T02:00:00Z,2026-09-23T02:30:00Z,-61,-61,LKSDB-1,T_LKSDB-1
PN,2026-09-23,6,2026-09-23T01:59:00Z,2026-09-23T02:00:00Z,-65,-61,LKSDB-1,T_LKSDB-1
PN,2026-09-23,6,2026-09-23T01:30:00Z,2026-09-23T01:59:00Z,-65,-65,LKSDB-1,T_LKSDB-1
PN,2026-09-23,5,2026-09-23T01:01:00Z,2026-09-23T01:30:00Z,-65,-65,LKSDB-1,T_LKSDB-1
PN,2026-09-23,5,2026-09-23T01:00:00Z,2026-09-23T01:01:00Z,-50,-65,LKSDB-1,T_LKSDB-1
PN,2026-09-23,4,2026-09-23T00:31:00Z,2026-09-23T01:00:00Z,-50,-50,LKSDB-1,T_LKSDB-1
PN,2026-09-23,4,2026-09-23T00:30:00Z,2026-09-23T00:31:00Z,0,-50,LKSDB-1,T_LKSDB-1
PN,2026-09-23,3,2026-09-23T00:00:00Z,2026-09-23T00:30:00Z,0,0,LKSDB-1,T_LKSDB-1
PN,2026-09-23,2,2026-09-22T23:30:00Z,2026-09-23T00:00:00Z,0,0,LKSDB-1,T_LKSDB-1
PN,2026-09-23,1,2026-09-22T23:00:00Z,2026-09-22T23:30:00Z,0,0,LKSDB-1,T_LKSDB-1
PN,2026-09-22,48,2026-09-22T22:30:00Z,2026-09-22T23:00:00Z,0,0,LKSDB-1,T_LKSDB-1
PN,2026-09-22,47,2026-09-22T22:00:00Z,2026-09-22T22:30:00Z,0,0,LKSDB-1,T_LKSDB-1
PN,2026-09-22,46,2026-09-22T21:59:00Z,2026-09-22T22:00:00Z,-20,0,LKSDB-1,T_LKSDB-1
PN,2026-09-22,46,2026-09-22T21:31:00Z,2026-09-22T21:59:00Z,-20,-20,LKSDB-1,T_LKSDB-1
PN,2026-09-22,46,2026-09-22T21:30:00Z,2026-09-22T21:31:00Z,0,-20,LKSDB-1,T_LKSDB-1
PN,2026-09-22,45,2026-09-22T21:00:00Z,2026-09-22T21:30:00Z,0,0,LKSDB-1,T_LKSDB-1
PN,2026-09-22,44,2026-09-22T20:59:00Z,2026-09-22T21:00:00Z,22,0,LKSDB-1,T_LKSDB-1
PN,2026-09-22,44,2026-09-22T20:30:00Z,2026-09-22T20:59:00Z,22,22,LKSDB-1,T_LKSDB-1
PN,2026-09-22,43,2026-09-22T20:29:00Z,2026-09-22T20:30:00Z,40,22,LKSDB-1,T_LKSDB-1
PN,2026-09-22,43,2026-09-22T20:01:00Z,2026-09-22T20:29:00Z,40,40,LKSDB-1,T_LKSDB-1
PN,2026-09-22,43,2026-09-22T20:00:00Z,2026-09-22T20:01:00Z,10,40,LKSDB-1,T_LKSDB-1
PN,2026-09-22,42,2026-09-22T19:30:00Z,2026-09-22T20:00:00Z,10,10,LKSDB-1,T_LKSDB-1
PN,2026-09-22,41,2026-09-22T19:00:00Z,2026-09-22T19:30:00Z,49,49,LKSDB-1,T_LKSDB-1
PN,2026-09-22,40,2026-09-22T18:30:00Z,2026-09-22T19:00:00Z,49,49,LKSDB-1,T_LKSDB-1
PN,2026-09-22,39,2026-09-22T18:00:00Z,2026-09-22T18:30:00Z,49,49,LKSDB-1,T_LKSDB-1
PN,2026-09-22,38,2026-09-22T17:30:00Z,2026-09-22T18:00:00Z,49,49,LKSDB-1,T_LKSDB-1
PN,2026-09-22,37,2026-09-22T17:00:00Z,2026-09-22T17:30:00Z,49,49,LKSDB-1,T_LKSDB-1
PN,2026-09-22,36,2026-09-22T16:30:00Z,2026-09-22T17:00:00Z,49,49,LKSDB-1,T_LKSDB-1
PN,2026-09-22,35,2026-09-22T16:00:00Z,2026-09-22T16:30:00Z,49,49,LKSDB-1,T_LKSDB-1
PN,2026-09-22,34,2026-09-22T15:30:00Z,2026-09-22T16:00:00Z,0,0,LKSDB-1,T_LKSDB-1
PN,2026-09-22,33,2026-09-22T15:00:00Z,2026-09-22T15:30:00Z,0,0,LKSDB-1,T_LKSDB-1
PN,2026-09-22,32,2026-09-22T14:30:00Z,2026-09-22T15:00:00Z,-1,-1,LKSDB-1,T_LKSDB-1
PN,2026-09-22,31,2026-09-22T14:00:00Z,2026-09-22T14:30:00Z,-71,-71,LKSDB-1,T_LKSDB-1
PN,2026-09-22,30,2026-09-22T13:30:00Z,2026-09-22T14:00:00Z,0,0,LKSDB-1,T_LKSDB-1
PN,2026-09-22,29,2026-09-22T13:00:00Z,2026-09-22T13:30:00Z,-45,-45,LKSDB-1,T_LKSDB-1
PN,2026-09-22,28,2026-09-22T12:30:00Z,2026-09-22T13:00:00Z,-45,-45,LKSDB-1,T_LKSDB-1
PN,2026-09-22,27,2026-09-22T12:00:00Z,2026-09-22T12:30:00Z,-45,-45,LKSDB-1,T_LKSDB-1
PN,2026-09-22,26,2026-09-22T11:30:00Z,2026-09-22T12:00:00Z,-60,-60,LKSDB-1,T_LKSDB-1
PN,2026-09-22,25,2026-09-22T11:00:00Z,2026-09-22T11:30:00Z,-45,-45,LKSDB-1,T_LKSDB-1
PN,2026-09-22,24,2026-09-22T10:30:00Z,2026-09-22T11:00:00Z,-24,-24,LKSDB-1,T_LKSDB-1
PN,2026-09-22,23,2026-09-22T10:00:00Z,2026-09-22T10:30:00Z,-24,-24,LKSDB-1,T_LKSDB-1
PN,2026-09-22,22,2026-09-22T09:30:00Z,2026-09-22T10:00:00Z,0,0,LKSDB-1,T_LKSDB-1
PN,2026-09-22,21,2026-09-22T09:00:00Z,2026-09-22T09:30:00Z,0,0,LKSDB-1,T_LKSDB-1
PN,2026-09-22,20,2026-09-22T08:30:00Z,2026-09-22T09:00:00Z,0,0,LKSDB-1,T_LKSDB-1
PN,2026-09-22,19,2026-09-22T08:00:00Z,2026-09-22T08:30:00Z,0,0,LKSDB-1,T_LKSDB-1
PN,2026-09-22,18,2026-09-22T07:30:00Z,2026-09-22T08:00:00Z,0,0,LKSDB-1,T_LKSDB-1
PN,2026-09-22,17,2026-09-22T07:00:00Z,2026-09-22T07:30:00Z,0,0,LKSDB-1,T_LKSDB-1
PN,2026-09-22,16,2026-09-22T06:30:00Z,2026-09-22T07:00:00Z,0,0,LKSDB-1,T_LKSDB-1
PN,2026-09-22,15,2026-09-22T06:00:00Z,2026-09-22T06:30:00Z,0,0,LKSDB-1,T_LKSDB-1
PN,2026-09-22,14,2026-09-22T05:30:00Z,2026-09-22T06:00:00Z,0,0,LKSDB-1,T_LKSDB-1
PN,2026-09-22,13,2026-09-22T05:29:00Z,2026-09-22T05:30:00Z,-25,0,LKSDB-1,T_LKSDB-1
PN,2026-09-22,13,2026-09-22T05:00:00Z,2026-09-22T05:29:00Z,-25,-25,LKSDB-1,T_LKSDB-1
PN,2026-09-22,12,2026-09-22T04:30:00Z,2026-09-22T05:00:00Z,-25,-25,LKSDB-1,T_LKSDB-1
PN,2026-09-22,11,2026-09-22T04:00:00Z,2026-09-22T04:30:00Z,-25,-25,LKSDB-1,T_LKSDB-1
PN,2026-09-22,10,2026-09-22T03:30:00Z,2026-09-22T04:00:00Z,-25,-25,LKSDB-1,T_LKSDB-1
PN,2026-09-22,9,2026-09-22T03:00:00Z,2026-09-22T03:30:00Z,-25,-25,LKSDB-1,T_LKSDB-1
PN,2026-09-22,8,2026-09-22T02:31:00Z,2026-09-22T03:00:00Z,-25,-25,LKSDB-1,T_LKSDB-1
PN,2026-09-22,8,2026-09-22T02:30:00Z,2026-09-22T02:31:00Z,-21,-25,LKSDB-1,T_LKSDB-1
PN,2026-09-22,7,2026-09-22T02:29:00Z,2026-09-22T02:30:00Z,-25,-21,LKSDB-1,T_LKSDB-1
PN,2026-09-22,7,2026-09-22T02:00:00Z,2026-09-22T02:29:00Z,-25,-25,LKSDB-1,T_LKSDB-1
PN,2026-09-22,6,2026-09-22T01:59:00Z,2026-09-22T02:00:00Z,-90,-25,LKSDB-1,T_LKSDB-1
PN,2026-09-22,6,2026-09-22T01:31:00Z,2026-09-22T01:59:00Z,-90,-90,LKSDB-1,T_LKSDB-1
PN,2026-09-22,6,2026-09-22T01:30:00Z,2026-09-22T01:31:00Z,-57,-90,LKSDB-1,T_LKSDB-1
PN,2026-09-22,5,2026-09-22T01:29:00Z,2026-09-22T01:30:00Z,-68,-57,LKSDB-1,T_LKSDB-1
PN,2026-09-22,5,2026-09-22T01:00:00Z,2026-09-22T01:29:00Z,-68,-68,LKSDB-1,T_LKSDB-1
PN,2026-09-22,4,2026-09-22T00:30:00Z,2026-09-22T01:00:00Z,-68,-68,LKSDB-1,T_LKSDB-1
PN,2026-09-22,3,2026-09-22T00:29:00Z,2026-09-22T00:30:00Z,-99,-68,LKSDB-1,T_LKSDB-1
PN,2026-09-22,3,2026-09-22T00:01:00Z,2026-09-22T00:29:00Z,-99,-99,LKSDB-1,T_LKSDB-1
PN,2026-09-22,3,2026-09-22T00:00:00Z,2026-09-22T00:01:00Z,0,-99,LKSDB-1,T_LKSDB-1
PN,2026-09-22,2,2026-09-21T23:30:00Z,2026-09-22T00:00:00Z,0,0,LKSDB-1,T_LKSDB-1
PN,2026-09-22,1,2026-09-21T23:00:00Z,2026-09-21T23:30:00Z,0,0,LKSDB-1,T_LKSDB-1
PN,2026-09-21,48,2026-09-21T22:30:00Z,2026-09-21T23:00:00Z,0,0,LKSDB-1,T_LKSDB-1
PN,2026-09-21,47,2026-09-21T22:00:00Z,2026-09-21T22:30:00Z,0,0,LKSDB-1,T_LKSDB-1
PN,2026-09-21,46,2026-09-21T21:30:00Z,2026-09-21T22:00:00Z,0,0,LKSDB-1,T_LKSDB-1
PN,2026-09-21,45,2026-09-21T21:00:00Z,2026-09-21T21:30:00Z,0,0,LKSDB-1,T_LKSDB-1
PN,2026-09-21,44,2026-09-21T20:30:00Z,2026-09-21T21:00:00Z,0,0,LKSDB-1,T_LKSDB-1
PN,2026-09-21,43,2026-09-21T20:00:00Z,2026-09-21T20:30:00Z,0,0,LKSDB-1,T_LKSDB-1
PN,2026-09-21,42,2026-09-21T19:59:00Z,2026-09-21T20:00:00Z,9,0,LKSDB-1,T_LKSDB-1
PN,2026-09-21,42,2026-09-21T19:31:00Z,2026-09-21T19:59:00Z,9,9,LKSDB-1,T_LKSDB-1
PN,2026-09-21,42,2026-09-21T19:30:00Z,2026-09-21T19:31:00Z,0,9,LKSDB-1,T_LKSDB-1
PN,2026-09-21,41,2026-09-21T19:29:00Z,2026-09-21T19:30:00Z,14,0,LKSDB-1,T_LKSDB-1
PN,2026-09-21,41,2026-09-21T19:01:00Z,2026-09-21T19:29:00Z,14,14,LKSDB-1,T_LKSDB-1
PN,2026-09-21,41,2026-09-21T19:00:00Z,2026-09-21T19:01:00Z,0,14,LKSDB-1,T_LKSDB-1
PN,2026-09-21,40,2026-09-21T18:59:00Z,2026-09-21T19:00:00Z,66,0,LKSDB-1,T_LKSDB-1
PN,2026-09-21,40,2026-09-21T18:30:00Z,2026-09-21T18:59:00Z,66,66,LKSDB-1,T_LKSDB-1
PN,2026-09-21,39,2026-09-21T18:29:00Z,2026-09-21T18:30:00Z,97,66,LKSDB-1,T_LKSDB-1
PN,2026-09-21,39,2026-09-21T18:01:00Z,2026-09-21T18:29:00Z,97,97,LKSDB-1,T_LKSDB-1
PN,2026-09-21,39,2026-09-21T18:00:00Z,2026-09-21T18:01:00Z,66,97,LKSDB-1,T_LKSDB-1
PN,2026-09-21,38,2026-09-21T17:59:00Z,2026-09-21T18:00:00Z,70,66,LKSDB-1,T_LKSDB-1
PN,2026-09-21,38,2026-09-21T17:30:00Z,2026-09-21T17:59:00Z,70,70,LKSDB-1,T_LKSDB-1
PN,2026-09-21,37,2026-09-21T17:01:00Z,2026-09-21T17:30:00Z,70,70,LKSDB-1,T_LKSDB-1
PN,2026-09-21,37,2026-09-21T17:00:00Z,2026-09-21T17:01:00Z,30,70,LKSDB-1,T_LKSDB-1
PN,2026-09-21,36,2026-09-21T16:31:00Z,2026-09-21T17:00:00Z,30,30,LKSDB-1,T_LKSDB-1
PN,2026-09-21,36,2026-09-21T16:30:00Z,2026-09-21T16:31:00Z,0,30,LKSDB-1,T_LKSDB-1
PN,2026-09-21,35,2026-09-21T16:29:00Z,2026-09-21T16:30:00Z,15,0,LKSDB-1,T_LKSDB-1
PN,2026-09-21,35,2026-09-21T16:01:00Z,2026-09-21T16:29:00Z,15,15,LKSDB-1,T_LKSDB-1
PN,2026-09-21,35,2026-09-21T16:00:00Z,2026-09-21T16:01:00Z,0,15,LKSDB-1,T_LKSDB-1
PN,2026-09-21,34,2026-09-21T15:30:00Z,2026-09-21T16:00:00Z,0,0,LKSDB-1,T_LKSDB-1
PN,2026-09-21,33,2026-09-21T15:00:00Z,2026-09-21T15:30:00Z,0,0,LKSDB-1,T_LKSDB-1
PN,2026-09-21,32,2026-09-21T14:30:00Z,2026-09-21T15:00:00Z,0,0,LKSDB-1,T_LKSDB-1
PN,2026-09-21,31,2026-09-21T14:29:00Z,2026-09-21T14:30:00Z,-30,0,LKSDB-1,T_LKSDB-1
PN,2026-09-21,31,2026-09-21T14:01:00Z,2026-09-21T14:29:00Z,-30,-30,LKSDB-1,T_LKSDB-1
PN,2026-09-21,31,2026-09-21T14:00:00Z,2026-09-21T14:01:00Z,-31,-30,LKSDB-1,T_LKSDB-1
PN,2026-09-21,30,2026-09-21T13:30:00Z,2026-09-21T14:00:00Z,-31,-31,LKSDB-1,T_LKSDB-1
PN,2026-09-21,29,2026-09-21T13:00:00Z,2026-09-21T13:30:00Z,-31,-31,LKSDB-1,T_LKSDB-1
PN,2026-09-21,28,2026-09-21T12:30:00Z,2026-09-21T13:00:00Z,-31,-31,LKSDB-1,T_LKSDB-1
PN,2026-09-21,27,2026-09-21T12:00:00Z,2026-09-21T12:30:00Z,-31,-31,LKSDB-1,T_LKSDB-1
PN,2026-09-21,26,2026-09-21T11:30:00Z,2026-09-21T12:00:00Z,-31,-31,LKSDB-1,T_LKSDB-1
PN,2026-09-21,25,2026-09-21T11:00:00Z,2026-09-21T11:30:00Z,-31,-31,LKSDB-1,T_LKSDB-1
PN,2026-09-21,24,2026-09-21T10:31:00Z,2026-09-21T11:00:00Z,-31,-31,LKSDB-1,T_LKSDB-1
PN,2026-09-21,24,2026-09-21T10:30:00Z,2026-09-21T10:31:00Z,0,-31,LKSDB-1,T_LKSDB-1
PN,2026-09-21,23,2026-09-21T10:00:00Z,2026-09-21T10:30:00Z,0,0,LKSDB-1,T_LKSDB-1
PN,2026-09-21,22,2026-09-21T09:30:00Z,2026-09-21T10:00:00Z,0,0,LKSDB-1,T_LKSDB-1
PN,2026-09-21,21,2026-09-21T09:29:00Z,2026-09-21T09:30:00Z,18,0,LKSDB-1,T_LKSDB-1
PN,2026-09-21,21,2026-09-21T09:01:00Z,2026-09-21T09:29:00Z,18,18,LKSDB-1,T_LKSDB-1
PN,2026-09-21,21,2026-09-21T09:00:00Z,2026-09-21T09:01:00Z,0,18,LKSDB-1,T_LKSDB-1
PN,2026-09-21,20,2026-09-21T08:59:00Z,2026-09-21T09:00:00Z,13,0,LKSDB-1,T_LKSDB-1
PN,2026-09-21,20,2026-09-21T08:31:00Z,2026-09-21T08:59:00Z,13,13,LKSDB-1,T_LKSDB-1
PN,2026-09-21,20,2026-09-21T08:30:00Z,2026-09-21T08:31:00Z,0,13,LKSDB-1,T_LKSDB-1
PN,2026-09-21,19,2026-09-21T08:29:00Z,2026-09-21T08:30:00Z,18,0,LKSDB-1,T_LKSDB-1
PN,2026-09-21,19,2026-09-21T08:01:00Z,2026-09-21T08:29:00Z,18,18,LKSDB-1,T_LKSDB-1
PN,2026-09-21,19,2026-09-21T08:00:00Z,2026-09-21T08:01:00Z,11,18,LKSDB-1,T_LKSDB-1
PN,2026-09-21,18,2026-09-21T07:59:00Z,2026-09-21T08:00:00Z,45,11,LKSDB-1,T_LKSDB-1
PN,2026-09-21,18,2026-09-21T07:30:00Z,2026-09-21T07:59:00Z,45,45,LKSDB-1,T_LKSDB-1
PN,2026-09-21,17,2026-09-21T07:00:00Z,2026-09-21T07:30:00Z,45,45,LKSDB-1,T_LKSDB-1
PN,2026-09-21,16,2026-09-21T06:30:00Z,2026-09-21T07:00:00Z,45,45,LKSDB-1,T_LKSDB-1
PN,2026-09-21,15,2026-09-21T06:00:00Z,2026-09-21T06:30:00Z,45,45,LKSDB-1,T_LKSDB-1
PN,2026-09-21,14,2026-09-21T05:30:00Z,2026-09-21T06:00:00Z,45,45,LKSDB-1,T_LKSDB-1
PN,2026-09-21,13,2026-09-21T05:01:00Z,2026-09-21T05:30:00Z,45,45,LKSDB-1,T_LKSDB-1
PN,2026-09-21,13,2026-09-21T05:00:00Z,2026-09-21T05:01:00Z,0,45,LKSDB-1,T_LKSDB-1
PN,2026-09-21,12,2026-09-21T04:30:00Z,2026-09-21T05:00:00Z,0,0,LKSDB-1,T_LKSDB-1
PN,2026-09-21,11,2026-09-21T04:29:00Z,2026-09-21T04:30:00Z,-25,0,LKSDB-1,T_LKSDB-1
PN,2026-09-21,11,2026-09-21T04:00:00Z,2026-09-21T04:29:00Z,-25,-25,LKSDB-1,T_LKSDB-1
PN,2026-09-21,10,2026-09-21T03:31:00Z,2026-09-21T04:00:00Z,-25,-25,LKSDB-1,T_LKSDB-1
PN,2026-09-21,10,2026-09-21T03:30:00Z,2026-09-21T03:31:00Z,0,-25,LKSDB-1,T_LKSDB-1
PN,2026-09-21,9,2026-09-21T03:00:00Z,2026-09-21T03:30:00Z,0,0,LKSDB-1,T_LKSDB-1
PN,2026-09-21,8,2026-09-21T02:30:00Z,2026-09-21T03:00:00Z,0,0,LKSDB-1,T_LKSDB-1
PN,2026-09-21,7,2026-09-21T02:00:00Z,2026-09-21T02:30:00Z,0,0,LKSDB-1,T_LKSDB-1
PN,2026-09-21,6,2026-09-21T01:30:00Z,2026-09-21T02:00:00Z,0,0,LKSDB-1,T_LKSDB-1
PN,2026-09-21,5,2026-09-21T01:00:00Z,2026-09-21T01:30:00Z,0,0,LKSDB-1,T_LKSDB-1
PN,2026-09-21,4,2026-09-21T00:30:00Z,2026-09-21T01:00:00Z,0,0,LKSDB-1,T_LKSDB-1
PN,2026-09-21,3,2026-09-21T00:00:00Z,2026-09-21T00:30:00Z,0,0,LKSDB-1,T_LKSDB-1
PN,2026-09-21,2,2026-09-20T23:30:00Z,2026-09-21T00:00:00Z,0,0,LKSDB-1,T_LKSDB-1
PN,2026-09-21,1,2026-09-20T23:00:00Z,2026-09-20T23:30:00Z,0,0,LKSDB-1,T_LKSDB-1
PN,2026-09-20,48,2026-09-20T22:30:00Z,2026-09-20T23:00:00Z,0,0,LKSDB-1,T_LKSDB-1
PN,2026-09-20,47,2026-09-20T22:00:00Z,2026-09-20T22:30:00Z,0,0,LKSDB-1,T_LKSDB-1
PN,2026-09-20,46,2026-09-20T21:30:00Z,2026-09-20T22:00:00Z,0,0,LKSDB-1,T_LKSDB-1
PN,2026-09-20,45,2026-09-20T21:00:00Z,2026-09-20T21:30:00Z,0,0,LKSDB-1,T_LKSDB-1
PN,2026-09-20,44,2026-09-20T20:30:00Z,2026-09-20T21:00:00Z,0,0,LKSDB-1,T_LKSDB-1
PN,2026-09-20,43,2026-09-20T20:00:00Z,2026-09-20T20:30:00Z,0,0,LKSDB-1,T_LKSDB-1
PN,2026-09-20,42,2026-09-20T19:59:00Z,2026-09-20T20:00:00Z,45,0,LKSDB-1,T_LKSDB-1
PN,2026-09-20,42,2026-09-20T19:30:00Z,2026-09-20T19:59:00Z,45,45,LKSDB-1,T_LKSDB-1
PN,2026-09-20,41,2026-09-20T19:29:00Z,2026-09-20T19:30:00Z,54,45,LKSDB-1,T_LKSDB-1
PN,2026-09-20,41,2026-09-20T19:00:00Z,2026-09-20T19:29:00Z,54,54,LKSDB-1,T_LKSDB-1
PN,2026-09-20,40,2026-09-20T18:30:00Z,2026-09-20T19:00:00Z,54,54,LKSDB-1,T_LKSDB-1
PN,2026-09-20,39,2026-09-20T18:01:00Z,2026-09-20T18:30:00Z,54,54,LKSDB-1,T_LKSDB-1
PN,2026-09-20,39,2026-09-20T18:00:00Z,2026-09-20T18:01:00Z,48,54,LKSDB-1,T_LKSDB-1
PN,2026-09-20,38,2026-09-20T17:30:00Z,2026-09-20T18:00:00Z,48,48,LKSDB-1,T_LKSDB-1
PN,2026-09-20,37,2026-09-20T17:01:00Z,2026-09-20T17:30:00Z,48,48,LKSDB-1,T_LKSDB-1
PN,2026-09-20,37,2026-09-20T17:00:00Z,2026-09-20T17:01:00Z,0,48,LKSDB-1,T_LKSDB-1
PN,2026-09-20,36,2026-09-20T16:30:00Z,2026-09-20T17:00:00Z,0,0,LKSDB-1,T_LKSDB-1
PN,2026-09-20,35,2026-09-20T16:00:00Z,2026-09-20T16:30:00Z,0,0,LKSDB-1,T_LKSDB-1
PN,2026-09-20,34,2026-09-20T15:59:00Z,2026-09-20T16:00:00Z,-50,0,LKSDB-1,T_LKSDB-1
PN,2026-09-20,34,2026-09-20T15:31:00Z,2026-09-20T15:59:00Z,-50,-50,LKSDB-1,T_LKSDB-1
PN,2026-09-20,34,2026-09-20T15:30:00Z,2026-09-20T15:31:00Z,0,-50,LKSDB-1,T_LKSDB-1
PN,2026-09-20,33,2026-09-20T15:00:00Z,2026-09-20T15:30:00Z,0,0,LKSDB-1,T_LKSDB-1
PN,2026-09-20,32,2026-09-20T14:31:00Z,2026-09-20T15:00:00Z,0,0,LKSDB-1,T_LKSDB-1
PN,2026-09-20,32,2026-09-20T14:30:00Z,2026-09-20T14:31:00Z,-8,0,LKSDB-1,T_LKSDB-1
PN,2026-09-20,31,2026-09-20T14:29:00Z,2026-09-20T14:30:00Z,-70,-8,LKSDB-1,T_LKSDB-1
PN,2026-09-20,31,2026-09-20T14:01:00Z,2026-09-20T14:29:00Z,-70,-70,LKSDB-1,T_LKSDB-1
PN,2026-09-20,31,2026-09-20T14:00:00Z,2026-09-20T14:01:00Z,-10,-70,LKSDB-1,T_LKSDB-1
PN,2026-09-20,30,2026-09-20T13:30:00Z,2026-09-20T14:00:00Z,-10,-10,LKSDB-1,T_LKSDB-1
PN,2026-09-20,29,2026-09-20T13:00:00Z,2026-09-20T13:30:00Z,-10,-10,LKSDB-1,T_LKSDB-1
PN,2026-09-20,28,2026-09-20T12:30:00Z,2026-09-20T13:00:00Z,-10,-10,LKSDB-1,T_LKSDB-1
PN,2026-09-20,27,2026-09-20T12:00:00Z,2026-09-20T12:30:00Z,-10,-10,LKSDB-1,T_LKSDB-1
PN,2026-09-20,26,2026-09-20T11:30:00Z,2026-09-20T12:00:00Z,-10,-10,LKSDB-1,T_LKSDB-1
PN,2026-09-20,25,2026-09-20T11:00:00Z,2026-09-20T11:30:00Z,-10,-10,LKSDB-1,T_LKSDB-1
PN,2026-09-20,24,2026-09-20T10:30:00Z,2026-09-20T11:00:00Z,-10,-10,LKSDB-1,T_LKSDB-1
PN,2026-09-20,23,2026-09-20T10:00:00Z,2026-09-20T10:30:00Z,-10,-10,LKSDB-1,T_LKSDB-1
PN,2026-09-20,22,2026-09-20T09:59:00Z,2026-09-20T10:00:00Z,-75,-10,LKSDB-1,T_LKSDB-1
PN,2026-09-20,22,2026-09-20T09:31:00Z,2026-09-20T09:59:00Z,-75,-75,LKSDB-1,T_LKSDB-1
PN,2026-09-20,22,2026-09-20T09:30:00Z,2026-09-20T09:31:00Z,0,-75,LKSDB-1,T_LKSDB-1
PN,2026-09-20,21,2026-09-20T09:29:00Z,2026-09-20T09:30:00Z,-75,0,LKSDB-1,T_LKSDB-1
PN,2026-09-20,21,2026-09-20T09:01:00Z,2026-09-20T09:29:00Z,-75,-75,LKSDB-1,T_LKSDB-1
PN,2026-09-20,21,2026-09-20T09:00:00Z,2026-09-20T09:01:00Z,0,-75,LKSDB-1,T_LKSDB-1
PN,2026-09-20,20,2026-09-20T08:59:00Z,2026-09-20T09:00:00Z,-75,0,LKSDB-1,T_LKSDB-1
PN,2026-09-20,20,2026-09-20T08:31:00Z,2026-09-20T08:59:00Z,-75,-75,LKSDB-1,T_LKSDB-1
PN,2026-09-20,20,2026-09-20T08:30:00Z,2026-09-20T08:31:00Z,-71,-75,LKSDB-1,T_LKSDB-1
PN,2026-09-20,19,2026-09-20T08:29:00Z,2026-09-20T08:30:00Z,-75,-71,LKSDB-1,T_LKSDB-1
PN,2026-09-20,19,2026-09-20T08:00:00Z,2026-09-20T08:29:00Z,-75,-75,LKSDB-1,T_LKSDB-1
PN,2026-09-20,18,2026-09-20T07:30:00Z,2026-09-20T08:00:00Z,-75,-75,LKSDB-1,T_LKSDB-1
PN,2026-09-20,17,2026-09-20T07:01:00Z,2026-09-20T07:30:00Z,-75,-75,LKSDB-1,T_LKSDB-1
PN,2026-09-20,17,2026-09-20T07:00:00Z,2026-09-20T07:01:00Z,0,-75,LKSDB-1,T_LKSDB-1
PN,2026-09-20,16,2026-09-20T06:59:00Z,2026-09-20T07:00:00Z,-75,0,LKSDB-1,T_LKSDB-1
PN,2026-09-20,16,2026-09-20T06:30:00Z,2026-09-20T06:59:00Z,-75,-75,LKSDB-1,T_LKSDB-1
PN,2026-09-20,15,2026-09-20T06:01:00Z,2026-09-20T06:30:00Z,-75,-75,LKSDB-1,T_LKSDB-1
PN,2026-09-20,15,2026-09-20T06:00:00Z,2026-09-20T06:01:00Z,-51,-75,LKSDB-1,T_LKSDB-1
PN,2026-09-20,14,2026-09-20T05:59:00Z,2026-09-20T06:00:00Z,-99,-51,LKSDB-1,T_LKSDB-1
PN,2026-09-20,14,2026-09-20T05:31:00Z,2026-09-20T05:59:00Z,-99,-99,LKSDB-1,T_LKSDB-1
PN,2026-09-20,14,2026-09-20T05:30:00Z,2026-09-20T05:31:00Z,0,-99,LKSDB-1,T_LKSDB-1
PN,2026-09-20,13,2026-09-20T05:29:00Z,2026-09-20T05:30:00Z,-99,0,LKSDB-1,T_LKSDB-1
PN,2026-09-20,13,2026-09-20T05:00:00Z,2026-09-20T05:29:00Z,-99,-99,LKSDB-1,T_LKSDB-1
PN,2026-09-20,12,2026-09-20T04:31:00Z,2026-09-20T05:00:00Z,-99,-99,LKSDB-1,T_LKSDB-1
PN,2026-09-20,12,2026-09-20T04:30:00Z,2026-09-20T04:31:00Z,-84,-99,LKSDB-1,T_LKSDB-1
PN,2026-09-20,11,2026-09-20T04:29:00Z,2026-09-20T04:30:00Z,-99,-84,LKSDB-1,T_LKSDB-1
PN,2026-09-20,11,2026-09-20T04:00:00Z,2026-09-20T04:29:00Z,-99,-99,LKSDB-1,T_LKSDB-1
PN,2026-09-20,10,2026-09-20T03:31:00Z,2026-09-20T04:00:00Z,-99,-99,LKSDB-1,T_LKSDB-1
PN,2026-09-20,10,2026-09-20T03:30:00Z,2026-09-20T03:31:00Z,0,-99,LKSDB-1,T_LKSDB-1
PN,2026-09-20,9,2026-09-20T03:29:00Z,2026-09-20T03:30:00Z,-99,0,LKSDB-1,T_LKSDB-1
PN,2026-09-20,9,2026-09-20T03:01:00Z,2026-09-20T03:29:00Z,-99,-99,LKSDB-1,T_LKSDB-1
PN,2026-09-20,9,2026-09-20T03:00:00Z,2026-09-20T03:01:00Z,0,-99,LKSDB-1,T_LKSDB-1
PN,2026-09-20,8,2026-09-20T02:59:00Z,2026-09-20T03:00:00Z,-99,0,LKSDB-1,T_LKSDB-1
PN,2026-09-20,8,2026-09-20T02:31:00Z,2026-09-20T02:59:00Z,-99,-99,LKSDB-1,T_LKSDB-1
PN,2026-09-20,8,2026-09-20T02:30:00Z,2026-09-20T02:31:00Z,0,-99,LKSDB-1,T_LKSDB-1
PN,2026-09-20,7,2026-09-20T02:29:00Z,2026-09-20T02:30:00Z,-99,0,LKSDB-1,T_LKSDB-1
PN,2026-09-20,7,2026-09-20T02:01:00Z,2026-09-20T02:29:00Z,-99,-99,LKSDB-1,T_LKSDB-1
PN,2026-09-20,7,2026-09-20T02:00:00Z,2026-09-20T02:01:00Z,0,-99,LKSDB-1,T_LKSDB-1
PN,2026-09-20,6,2026-09-20T01:59:00Z,2026-09-20T02:00:00Z,-25,0,LKSDB-1,T_LKSDB-1
PN,2026-09-20,6,2026-09-20T01:31:00Z,2026-09-20T01:59:00Z,-25,-25,LKSDB-1,T_LKSDB-1
PN,2026-09-20,6,2026-09-20T01:30:00Z,2026-09-20T01:31:00Z,0,-25,LKSDB-1,T_LKSDB-1
PN,2026-09-20,5,2026-09-20T01:29:00Z,2026-09-20T01:30:00Z,-10,0,LKSDB-1,T_LKSDB-1
PN,2026-09-20,5,2026-09-20T01:01:00Z,2026-09-20T01:29:00Z,-10,-10,LKSDB-1,T_LKSDB-1
PN,2026-09-20,5,2026-09-20T01:00:00Z,2026-09-20T01:01:00Z,0,-10,LKSDB-1,T_LKSDB-1
PN,2026-09-20,4,2026-09-20T00:59:00Z,2026-09-20T01:00:00Z,-10,0,LKSDB-1,T_LKSDB-1
PN,2026-09-20,4,2026-09-20T00:31:00Z,2026-09-20T00:59:00Z,-10,-10,LKSDB-1,T_LKSDB-1
PN,2026-09-20,4,2026-09-20T00:30:00Z,2026-09-20T00:31:00Z,0,-10,LKSDB-1,T_LKSDB-1
PN,2026-09-20,3,2026-09-20T00:29:00Z,2026-09-20T00:30:00Z,-5,0,LKSDB-1,T_LKSDB-1
PN,2026-09-20,3,2026-09-20T00:01:00Z,2026-09-20T00:29:00Z,-5,-5,LKSDB-1,T_LKSDB-1
PN,2026-09-20,3,2026-09-20T00:00:00Z,2026-09-20T00:01:00Z,0,-5,LKSDB-1,T_LKSDB-1
PN,2026-09-20,2,2026-09-19T23:59:00Z,2026-09-20T00:00:00Z,-5,0,LKSDB-1,T_LKSDB-1
PN,2026-09-20,2,2026-09-19T23:31:00Z,2026-09-19T23:59:00Z,-5,-5,LKSDB-1,T_LKSDB-1
PN,2026-09-20,2,2026-09-19T23:30:00Z,2026-09-19T23:31:00Z,0,-5,LKSDB-1,T_LKSDB-1
PN,2026-09-20,1,2026-09-19T23:00:00Z,2026-09-19T23:30:00Z,0,0,LKSDB-1,T_LKSDB-1
PN,2026-09-19,48,2026-09-19T22:30:00Z,2026-09-19T23:00:00Z,0,0,LKSDB-1,T_LKSDB-1
PN,2026-09-19,47,2026-09-19T22:00:00Z,2026-09-19T22:30:00Z,0,0,LKSDB-1,T_LKSDB-1
PN,2026-09-19,46,2026-09-19T21:30:00Z,2026-09-19T22:00:00Z,0,0,LKSDB-1,T_LKSDB-1
PN,2026-09-19,45,2026-09-19T21:29:00Z,2026-09-19T21:30:00Z,7,0,LKSDB-1,T_LKSDB-1
PN,2026-09-19,45,2026-09-19T21:01:00Z,2026-09-19T21:29:00Z,7,7,LKSDB-1,T_LKSDB-1
PN,2026-09-19,45,2026-09-19T21:00:00Z,2026-09-19T21:01:00Z,0,7,LKSDB-1,T_LKSDB-1
PN,2026-09-19,44,2026-09-19T20:59:00Z,2026-09-19T21:00:00Z,1,0,LKSDB-1,T_LKSDB-1
PN,2026-09-19,44,2026-09-19T20:31:00Z,2026-09-19T20:59:00Z,1,1,LKSDB-1,T_LKSDB-1
PN,2026-09-19,44,2026-09-19T20:30:00Z,2026-09-19T20:31:00Z,0,1,LKSDB-1,T_LKSDB-1
PN,2026-09-19,43,2026-09-19T20:00:00Z,2026-09-19T20:30:00Z,0,0,LKSDB-1,T_LKSDB-1
PN,2026-09-19,42,2026-09-19T19:30:00Z,2026-09-19T20:00:00Z,0,0,LKSDB-1,T_LKSDB-1
PN,2026-09-19,41,2026-09-19T19:00:00Z,2026-09-19T19:30:00Z,0,0,LKSDB-1,T_LKSDB-1
PN,2026-09-19,40,2026-09-19T18:59:00Z,2026-09-19T19:00:00Z,30,0,LKSDB-1,T_LKSDB-1
PN,2026-09-19,40,2026-09-19T18:31:00Z,2026-09-19T18:59:00Z,30,30,LKSDB-1,T_LKSDB-1
PN,2026-09-19,40,2026-09-19T18:30:00Z,2026-09-19T18:31:00Z,5,30,LKSDB-1,T_LKSDB-1
PN,2026-09-19,39,2026-09-19T18:29:00Z,2026-09-19T18:30:00Z,72,5,LKSDB-1,T_LKSDB-1
PN,2026-09-19,39,2026-09-19T18:00:00Z,2026-09-19T18:29:00Z,72,72,LKSDB-1,T_LKSDB-1
PN,2026-09-19,38,2026-09-19T17:30:00Z,2026-09-19T18:00:00Z,72,72,LKSDB-1,T_LKSDB-1
PN,2026-09-19,37,2026-09-19T17:01:00Z,2026-09-19T17:30:00Z,72,72,LKSDB-1,T_LKSDB-1
PN,2026-09-19,37,2026-09-19T17:00:00Z,2026-09-19T17:01:00Z,0,72,LKSDB-1,T_LKSDB-1
PN,2026-09-19,36,2026-09-19T16:30:00Z,2026-09-19T17:00:00Z,0,0,LKSDB-1,T_LKSDB-1
PN,2026-09-19,35,2026-09-19T16:29:00Z,2026-09-19T16:30:00Z,-70,0,LKSDB-1,T_LKSDB-1
PN,2026-09-19,35,2026-09-19T16:00:00Z,2026-09-19T16:29:00Z,-70,-70,LKSDB-1,T_LKSDB-1
PN,2026-09-19,34,2026-09-19T15:31:00Z,2026-09-19T16:00:00Z,-70,-70,LKSDB-1,T_LKSDB-1
PN,2026-09-19,34,2026-09-19T15:30:00Z,2026-09-19T15:31:00Z,0,-70,LKSDB-1,T_LKSDB-1
PN,2026-09-19,33,2026-09-19T15:00:00Z,2026-09-19T15:30:00Z,0,0,LKSDB-1,T_LKSDB-1
PN,2026-09-19,32,2026-09-19T14:30:00Z,2026-09-19T15:00:00Z,0,0,LKSDB-1,T_LKSDB-1
PN,2026-09-19,31,2026-09-19T14:00:00Z,2026-09-19T14:30:00Z,0,0,LKSDB-1,T_LKSDB-1
PN,2026-09-19,30,2026-09-19T13:59:00Z,2026-09-19T14:00:00Z,-40,0,LKSDB-1,T_LKSDB-1
PN,2026-09-19,30,2026-09-19T13:30:00Z,2026-09-19T13:59:00Z,-40,-40,LKSDB-1,T_LKSDB-1
PN,2026-09-19,29,2026-09-19T13:01:00Z,2026-09-19T13:30:00Z,-40,-40,LKSDB-1,T_LKSDB-1
PN,2026-09-19,29,2026-09-19T13:00:00Z,2026-09-19T13:01:00Z,0,-40,LKSDB-1,T_LKSDB-1
PN,2026-09-19,28,2026-09-19T12:30:00Z,2026-09-19T13:00:00Z,0,0,LKSDB-1,T_LKSDB-1
PN,2026-09-19,27,2026-09-19T12:00:00Z,2026-09-19T12:30:00Z,0,0,LKSDB-1,T_LKSDB-1
PN,2026-09-19,26,2026-09-19T11:59:00Z,2026-09-19T12:00:00Z,-30,0,LKSDB-1,T_LKSDB-1
PN,2026-09-19,26,2026-09-19T11:31:00Z,2026-09-19T11:59:00Z,-30,-30,LKSDB-1,T_LKSDB-1
PN,2026-09-19,26,2026-09-19T11:30:00Z,2026-09-19T11:31:00Z,-40,-30,LKSDB-1,T_LKSDB-1
PN,2026-09-19,25,2026-09-19T11:01:00Z,2026-09-19T11:30:00Z,-40,-40,LKSDB-1,T_LKSDB-1
PN,2026-09-19,25,2026-09-19T11:00:00Z,2026-09-19T11:01:00Z,-5,-40,LKSDB-1,T_LKSDB-1
PN,2026-09-19,24,2026-09-19T10:31:00Z,2026-09-19T11:00:00Z,-5,-5,LKSDB-1,T_LKSDB-1
PN,2026-09-19,24,2026-09-19T10:30:00Z,2026-09-19T10:31:00Z,-25,-5,LKSDB-1,T_LKSDB-1
PN,2026-09-19,23,2026-09-19T10:29:00Z,2026-09-19T10:30:00Z,-28,-25,LKSDB-1,T_LKSDB-1
PN,2026-09-19,23,2026-09-19T10:01:00Z,2026-09-19T10:29:00Z,-28,-28,LKSDB-1,T_LKSDB-1
PN,2026-09-19,23,2026-09-19T10:00:00Z,2026-09-19T10:01:00Z,0,-28,LKSDB-1,T_LKSDB-1
PN,2026-09-19,22,2026-09-19T09:30:00Z,2026-09-19T10:00:00Z,0,0,LKSDB-1,T_LKSDB-1
PN,2026-09-19,21,2026-09-19T09:00:00Z,2026-09-19T09:30:00Z,0,0,LKSDB-1,T_LKSDB-1
PN,2026-09-19,20,2026-09-19T08:30:00Z,2026-09-19T09:00:00Z,0,0,LKSDB-1,T_LKSDB-1
PN,2026-09-19,19,2026-09-19T08:00:00Z,2026-09-19T08:30:00Z,0,0,LKSDB-1,T_LKSDB-1
PN,2026-09-19,18,2026-09-19T07:30:00Z,2026-09-19T08:00:00Z,0,0,LKSDB-1,T_LKSDB-1
PN,2026-09-19,17,2026-09-19T07:00:00Z,2026-09-19T07:30:00Z,0,0,LKSDB-1,T_LKSDB-1
PN,2026-09-19,16,2026-09-19T06:30:00Z,2026-09-19T07:00:00Z,0,0,LKSDB-1,T_LKSDB-1
PN,2026-09-19,15,2026-09-19T06:00:00Z,2026-09-19T06:30:00Z,0,0,LKSDB-1,T_LKSDB-1
PN,2026-09-19,14,2026-09-19T05:59:00Z,2026-09-19T06:00:00Z,-1,0,LKSDB-1,T_LKSDB-1
PN,2026-09-19,14,2026-09-19T05:30:00Z,2026-09-19T05:59:00Z,-1,-1,LKSDB-1,T_LKSDB-1
PN,2026-09-19,13,2026-09-19T05:29:00Z,2026-09-19T05:30:00Z,-21,-1,LKSDB-1,T_LKSDB-1
PN,2026-09-19,13,2026-09-19T05:01:00Z,2026-09-19T05:29:00Z,-21,-21,LKSDB-1,T_LKSDB-1
PN,2026-09-19,13,2026-09-19T05:00:00Z,2026-09-19T05:01:00Z,-25,-21,LKSDB-1,T_LKSDB-1
PN,2026-09-19,12,2026-09-19T04:31:00Z,2026-09-19T05:00:00Z,-25,-25,LKSDB-1,T_LKSDB-1
PN,2026-09-19,12,2026-09-19T04:30:00Z,2026-09-19T04:31:00Z,-9,-25,LKSDB-1,T_LKSDB-1
PN,2026-09-19,11,2026-09-19T04:01:00Z,2026-09-19T04:30:00Z,-9,-9,LKSDB-1,T_LKSDB-1
PN,2026-09-19,11,2026-09-19T04:00:00Z,2026-09-19T04:01:00Z,0,-9,LKSDB-1,T_LKSDB-1
PN,2026-09-19,10,2026-09-19T03:59:00Z,2026-09-19T04:00:00Z,-25,0,LKSDB-1,T_LKSDB-1
PN,2026-09-19,10,2026-09-19T03:31:00Z,2026-09-19T03:59:00Z,-25,-25,LKSDB-1,T_LKSDB-1
PN,2026-09-19,10,2026-09-19T03:30:00Z,2026-09-19T03:31:00Z,0,-25,LKSDB-1,T_LKSDB-1
PN,2026-09-19,9,2026-09-19T03:00:00Z,2026-09-19T03:30:00Z,0,0,LKSDB-1,T_LKSDB-1
PN,2026-09-19,8,2026-09-19T02:59:00Z,2026-09-19T03:00:00Z,-15,0,LKSDB-1,T_LKSDB-1
PN,2026-09-19,8,2026-09-19T02:31:00Z,2026-09-19T02:59:00Z,-15,-15,LKSDB-1,T_LKSDB-1
PN,2026-09-19,8,2026-09-19T02:30:00Z,2026-09-19T02:31:00Z,-25,-15,LKSDB-1,T_LKSDB-1
PN,2026-09-19,7,2026-09-19T02:01:00Z,2026-09-19T02:30:00Z,-25,-25,LKSDB-1,T_LKSDB-1
PN,2026-09-19,7,2026-09-19T02:00:00Z,2026-09-19T02:01:00Z,0,-25,LKSDB-1,T_LKSDB-1
PN,2026-09-19,6,2026-09-19T01:30:00Z,2026-09-19T02:00:00Z,0,0,LKSDB-1,T_LKSDB-1
PN,2026-09-19,5,2026-09-19T01:00:00Z,2026-09-19T01:30:00Z,0,0,LKSDB-1,T_LKSDB-1
PN,2026-09-19,4,2026-09-19T00:59:00Z,2026-09-19T01:00:00Z,-9,0,LKSDB-1,T_LKSDB-1
PN,2026-09-19,4,2026-09-19T00:31:00Z,2026-09-19T00:59:00Z,-9,-9,LKSDB-1,T_LKSDB-1
PN,2026-09-19,4,2026-09-19T00:30:00Z,2026-09-19T00:31:00Z,-1,-9,LKSDB-1,T_LKSDB-1
PN,2026-09-19,3,2026-09-19T00:01:00Z,2026-09-19T00:30:00Z,-1,-1,LKSDB-1,T_LKSDB-1
PN,2026-09-19,3,2026-09-19T00:00:00Z,2026-09-19T00:01:00Z,0,-1,LKSDB-1,T_LKSDB-1
PN,2026-09-19,2,2026-09-18T23:59:00Z,2026-09-19T00:00:00Z,-1,0,LKSDB-1,T_LKSDB-1
PN,2026-09-19,2,2026-09-18T23:30:00Z,2026-09-18T23:59:00Z,-1,-1,LKSDB-1,T_LKSDB-1
PN,2026-09-19,1,2026-09-18T23:00:00Z,2026-09-18T23:30:00Z,-1,-1,LKSDB-1,T_LKSDB-1
PN,2026-09-18,48,2026-09-18T22:31:00Z,2026-09-18T23:00:00Z,-1,-1,LKSDB-1,T_LKSDB-1
PN,2026-09-18,48,2026-09-18T22:30:00Z,2026-09-18T22:31:00Z,0,-1,LKSDB-1,T_LKSDB-1
PN,2026-09-18,47,2026-09-18T22:00:00Z,2026-09-18T22:30:00Z,0,0,LKSDB-1,T_LKSDB-1
PN,2026-09-18,46,2026-09-18T21:30:00Z,2026-09-18T22:00:00Z,0,0,LKSDB-1,T_LKSDB-1
PN,2026-09-18,45,2026-09-18T21:00:00Z,2026-09-18T21:30:00Z,0,0,LKSDB-1,T_LKSDB-1
PN,2026-09-18,44,2026-09-18T20:59:00Z,2026-09-18T21:00:00Z,26,0,LKSDB-1,T_LKSDB-1
PN,2026-09-18,44,2026-09-18T20:31:00Z,2026-09-18T20:59:00Z,26,26,LKSDB-1,T_LKSDB-1
PN,2026-09-18,44,2026-09-18T20:30:00Z,2026-09-18T20:31:00Z,0,26,LKSDB-1,T_LKSDB-1
PN,2026-09-18,43,2026-09-18T20:01:00Z,2026-09-18T20:30:00Z,0,0,LKSDB-1,T_LKSDB-1
PN,2026-09-18,43,2026-09-18T20:00:00Z,2026-09-18T20:01:00Z,14,0,LKSDB-1,T_LKSDB-1
PN,2026-09-18,42,2026-09-18T19:30:00Z,2026-09-18T20:00:00Z,14,14,LKSDB-1,T_LKSDB-1
PN,2026-09-18,41,2026-09-18T19:29:00Z,2026-09-18T19:30:00Z,70,14,LKSDB-1,T_LKSDB-1
PN,2026-09-18,41,2026-09-18T19:01:00Z,2026-09-18T19:29:00Z,70,70,LKSDB-1,T_LKSDB-1
PN,2026-09-18,41,2026-09-18T19:00:00Z,2026-09-18T19:01:00Z,2,70,LKSDB-1,T_LKSDB-1
PN,2026-09-18,40,2026-09-18T18:59:00Z,2026-09-18T19:00:00Z,76,2,LKSDB-1,T_LKSDB-1
PN,2026-09-18,40,2026-09-18T18:30:00Z,2026-09-18T18:59:00Z,76,76,LKSDB-1,T_LKSDB-1
PN,2026-09-18,39,2026-09-18T18:01:00Z,2026-09-18T18:30:00Z,76,76,LKSDB-1,T_LKSDB-1
PN,2026-09-18,39,2026-09-18T18:00:00Z,2026-09-18T18:01:00Z,70,76,LKSDB-1,T_LKSDB-1
PN,2026-09-18,38,2026-09-18T17:30:00Z,2026-09-18T18:00:00Z,70,70,LKSDB-1,T_LKSDB-1
PN,2026-09-18,37,2026-09-18T17:01:00Z,2026-09-18T17:30:00Z,70,70,LKSDB-1,T_LKSDB-1
PN,2026-09-18,37,2026-09-18T17:00:00Z,2026-09-18T17:01:00Z,23,70,LKSDB-1,T_LKSDB-1
PN,2026-09-18,36,2026-09-18T16:31:00Z,2026-09-18T17:00:00Z,23,23,LKSDB-1,T_LKSDB-1
PN,2026-09-18,36,2026-09-18T16:30:00Z,2026-09-18T16:31:00Z,0,23,LKSDB-1,T_LKSDB-1
PN,2026-09-18,35,2026-09-18T16:00:00Z,2026-09-18T16:30:00Z,0,0,LKSDB-1,T_LKSDB-1
PN,2026-09-18,34,2026-09-18T15:30:00Z,2026-09-18T16:00:00Z,0,0,LKSDB-1,T_LKSDB-1
PN,2026-09-18,33,2026-09-18T15:00:00Z,2026-09-18T15:30:00Z,0,0,LKSDB-1,T_LKSDB-1
PN,2026-09-18,32,2026-09-18T14:30:00Z,2026-09-18T15:00:00Z,0,0,LKSDB-1,T_LKSDB-1
PN,2026-09-18,31,2026-09-18T14:00:00Z,2026-09-18T14:30:00Z,0,0,LKSDB-1,T_LKSDB-1
PN,2026-09-18,30,2026-09-18T13:59:00Z,2026-09-18T14:00:00Z,-84,0,LKSDB-1,T_LKSDB-1
PN,2026-09-18,30,2026-09-18T13:31:00Z,2026-09-18T13:59:00Z,-84,-84,LKSDB-1,T_LKSDB-1
PN,2026-09-18,30,2026-09-18T13:30:00Z,2026-09-18T13:31:00Z,-30,-84,LKSDB-1,T_LKSDB-1
PN,2026-09-18,29,2026-09-18T13:29:00Z,2026-09-18T13:30:00Z,-99,-30,LKSDB-1,T_LKSDB-1
PN,2026-09-18,29,2026-09-18T13:01:00Z,2026-09-18T13:29:00Z,-99,-99,LKSDB-1,T_LKSDB-1
PN,2026-09-18,29,2026-09-18T13:00:00Z,2026-09-18T13:01:00Z,-80,-99,LKSDB-1,T_LKSDB-1
PN,2026-09-18,28,2026-09-18T12:30:00Z,2026-09-18T13:00:00Z,-80,-80,LKSDB-1,T_LKSDB-1
PN,2026-09-18,27,2026-09-18T12:00:00Z,2026-09-18T12:30:00Z,-80,-80,LKSDB-1,T_LKSDB-1
PN,2026-09-18,26,2026-09-18T11:30:00Z,2026-09-18T12:00:00Z,-80,-80,LKSDB-1,T_LKSDB-1
PN,2026-09-18,25,2026-09-18T11:01:00Z,2026-09-18T11:30:00Z,-80,-80,LKSDB-1,T_LKSDB-1
PN,2026-09-18,25,2026-09-18T11:00:00Z,2026-09-18T11:01:00Z,-22,-80,LKSDB-1,T_LKSDB-1
PN,2026-09-18,24,2026-09-18T10:31:00Z,2026-09-18T11:00:00Z,-22,-22,LKSDB-1,T_LKSDB-1
PN,2026-09-18,24,2026-09-18T10:30:00Z,2026-09-18T10:31:00Z,-12,-22,LKSDB-1,T_LKSDB-1
PN,2026-09-18,23,2026-09-18T10:01:00Z,2026-09-18T10:30:00Z,-12,-12,LKSDB-1,T_LKSDB-1
PN,2026-09-18,23,2026-09-18T10:00:00Z,2026-09-18T10:01:00Z,0,-12,LKSDB-1,T_LKSDB-1
PN,2026-09-18,22,2026-09-18T09:30:00Z,2026-09-18T10:00:00Z,0,0,LKSDB-1,T_LKSDB-1
PN,2026-09-18,21,2026-09-18T09:29:00Z,2026-09-18T09:30:00Z,21,0,LKSDB-1,T_LKSDB-1
PN,2026-09-18,21,2026-09-18T09:01:00Z,2026-09-18T09:29:00Z,21,21,LKSDB-1,T_LKSDB-1
PN,2026-09-18,21,2026-09-18T09:00:00Z,2026-09-18T09:01:00Z,0,21,LKSDB-1,T_LKSDB-1
PN,2026-09-18,20,2026-09-18T08:59:00Z,2026-09-18T09:00:00Z,1,0,LKSDB-1,T_LKSDB-1
PN,2026-09-18,20,2026-09-18T08:31:00Z,2026-09-18T08:59:00Z,1,1,LKSDB-1,T_LKSDB-1
PN,2026-09-18,20,2026-09-18T08:30:00Z,2026-09-18T08:31:00Z,0,1,LKSDB-1,T_LKSDB-1
PN,2026-09-18,19,2026-09-18T08:29:00Z,2026-09-18T08:30:00Z,66,0,LKSDB-1,T_LKSDB-1
PN,2026-09-18,19,2026-09-18T08:01:00Z,2026-09-18T08:29:00Z,66,66,LKSDB-1,T_LKSDB-1
PN,2026-09-18,19,2026-09-18T08:00:00Z,2026-09-18T08:01:00Z,28,66,LKSDB-1,T_LKSDB-1
PN,2026-09-18,18,2026-09-18T07:59:00Z,2026-09-18T08:00:00Z,74,28,LKSDB-1,T_LKSDB-1
PN,2026-09-18,18,2026-09-18T07:31:00Z,2026-09-18T07:59:00Z,74,74,LKSDB-1,T_LKSDB-1
PN,2026-09-18,18,2026-09-18T07:30:00Z,2026-09-18T07:31:00Z,28,74,LKSDB-1,T_LKSDB-1
PN,2026-09-18,17,2026-09-18T07:29:00Z,2026-09-18T07:30:00Z,74,28,LKSDB-1,T_LKSDB-1
PN,2026-09-18,17,2026-09-18T07:01:00Z,2026-09-18T07:29:00Z,74,74,LKSDB-1,T_LKSDB-1
PN,2026-09-18,17,2026-09-18T07:00:00Z,2026-09-18T07:01:00Z,0,74,LKSDB-1,T_LKSDB-1
PN,2026-09-18,16,2026-09-18T06:59:00Z,2026-09-18T07:00:00Z,74,0,LKSDB-1,T_LKSDB-1
PN,2026-09-18,16,2026-09-18T06:31:00Z,2026-09-18T06:59:00Z,74,74,LKSDB-1,T_LKSDB-1
PN,2026-09-18,16,2026-09-18T06:30:00Z,2026-09-18T06:31:00Z,35,74,LKSDB-1,T_LKSDB-1
PN,2026-09-18,15,2026-09-18T06:01:00Z,2026-09-18T06:30:00Z,35,35,LKSDB-1,T_LKSDB-1
PN,2026-09-18,15,2026-09-18T06:00:00Z,2026-09-18T06:01:00Z,0,35,LKSDB-1,T_LKSDB-1
PN,2026-09-18,14,2026-09-18T05:30:00Z,2026-09-18T06:00:00Z,0,0,LKSDB-1,T_LKSDB-1
PN,2026-09-18,13,2026-09-18T05:29:00Z,2026-09-18T05:30:00Z,-25,0,LKSDB-1,T_LKSDB-1
PN,2026-09-18,13,2026-09-18T05:01:00Z,2026-09-18T05:29:00Z,-25,-25,LKSDB-1,T_LKSDB-1
PN,2026-09-18,13,2026-09-18T05:00:00Z,2026-09-18T05:01:00Z,0,-25,LKSDB-1,T_LKSDB-1
PN,2026-09-18,12,2026-09-18T04:59:00Z,2026-09-18T05:00:00Z,-25,0,LKSDB-1,T_LKSDB-1
PN,2026-09-18,12,2026-09-18T04:31:00Z,2026-09-18T04:59:00Z,-25,-25,LKSDB-1,T_LKSDB-1
PN,2026-09-18,12,2026-09-18T04:30:00Z,2026-09-18T04:31:00Z,0,-25,LKSDB-1,T_LKSDB-1
PN,2026-09-18,11,2026-09-18T04:29:00Z,2026-09-18T04:30:00Z,-25,0,LKSDB-1,T_LKSDB-1
PN,2026-09-18,11,2026-09-18T04:00:00Z,2026-09-18T04:29:00Z,-25,-25,LKSDB-1,T_LKSDB-1
PN,2026-09-18,10,2026-09-18T03:30:00Z,2026-09-18T04:00:00Z,-25,-25,LKSDB-1,T_LKSDB-1
PN,2026-09-18,9,2026-09-18T03:00:00Z,2026-09-18T03:30:00Z,-25,-25,LKSDB-1,T_LKSDB-1
PN,2026-09-18,8,2026-09-18T02:30:00Z,2026-09-18T03:00:00Z,-25,-25,LKSDB-1,T_LKSDB-1
PN,2026-09-18,7,2026-09-18T02:00:00Z,2026-09-18T02:30:00Z,-25,-25,LKSDB-1,T_LKSDB-1
PN,2026-09-18,6,2026-09-18T01:59:00Z,2026-09-18T02:00:00Z,-99,-25,LKSDB-1,T_LKSDB-1
PN,2026-09-18,6,2026-09-18T01:31:00Z,2026-09-18T01:59:00Z,-99,-99,LKSDB-1,T_LKSDB-1
PN,2026-09-18,6,2026-09-18T01:30:00Z,2026-09-18T01:31:00Z,-56,-99,LKSDB-1,T_LKSDB-1
PN,2026-09-18,5,2026-09-18T01:29:00Z,2026-09-18T01:30:00Z,-59,-56,LKSDB-1,T_LKSDB-1
PN,2026-09-18,5,2026-09-18T01:01:00Z,2026-09-18T01:29:00Z,-59,-59,LKSDB-1,T_LKSDB-1
PN,2026-09-18,5,2026-09-18T01:00:00Z,2026-09-18T01:01:00Z,-40,-59,LKSDB-1,T_LKSDB-1
PN,2026-09-18,4,2026-09-18T00:59:00Z,2026-09-18T01:00:00Z,-60,-40,LKSDB-1,T_LKSDB-1
PN,2026-09-18,4,2026-09-18T00:31:00Z,2026-09-18T00:59:00Z,-60,-60,LKSDB-1,T_LKSDB-1
PN,2026-09-18,4,2026-09-18T00:30:00Z,2026-09-18T00:31:00Z,-50,-60,LKSDB-1,T_LKSDB-1
PN,2026-09-18,3,2026-09-18T00:29:00Z,2026-09-18T00:30:00Z,-79,-50,LKSDB-1,T_LKSDB-1
PN,2026-09-18,3,2026-09-18T00:01:00Z,2026-09-18T00:29:00Z,-79,-79,LKSDB-1,T_LKSDB-1
PN,2026-09-18,3,2026-09-18T00:00:00Z,2026-09-18T00:01:00Z,-3,-79,LKSDB-1,T_LKSDB-1
PN,2026-09-18,2,2026-09-17T23:59:00Z,2026-09-18T00:00:00Z,-99,-3,LKSDB-1,T_LKSDB-1
PN,2026-09-18,2,2026-09-17T23:31:00Z,2026-09-17T23:59:00Z,-99,-99,LKSDB-1,T_LKSDB-1
PN,2026-09-18,2,2026-09-17T23:30:00Z,2026-09-17T23:31:00Z,0,-99,LKSDB-1,T_LKSDB-1
PN,2026-09-18,1,2026-09-17T23:29:00Z,2026-09-17T23:30:00Z,-99,0,LKSDB-1,T_LKSDB-1
PN,2026-09-18,1,2026-09-17T23:01:00Z,2026-09-17T23:29:00Z,-99,-99,LKSDB-1,T_LKSDB-1
PN,2026-09-18,1,2026-09-17T23:00:00Z,2026-09-17T23:01:00Z,0,-99,LKSDB-1,T_LKSDB-1
PN,2026-09-17,48,2026-09-17T22:30:00Z,2026-09-17T23:00:00Z,0,0,LKSDB-1,T_LKSDB-1
PN,2026-09-17,47,2026-09-17T22:00:00Z,2026-09-17T22:30:00Z,0,0,LKSDB-1,T_LKSDB-1
PN,2026-09-17,46,2026-09-17T21:30:00Z,2026-09-17T22:00:00Z,0,0,LKSDB-1,T_LKSDB-1
PN,2026-09-17,45,2026-09-17T21:00:00Z,2026-09-17T21:30:00Z,0,0,LKSDB-1,T_LKSDB-1
PN,2026-09-17,44,2026-09-17T20:30:00Z,2026-09-17T21:00:00Z,0,0,LKSDB-1,T_LKSDB-1
PN,2026-09-17,43,2026-09-17T20:29:00Z,2026-09-17T20:30:00Z,65,0,LKSDB-1,T_LKSDB-1
PN,2026-09-17,43,2026-09-17T20:01:00Z,2026-09-17T20:29:00Z,65,65,LKSDB-1,T_LKSDB-1
PN,2026-09-17,43,2026-09-17T20:00:00Z,2026-09-17T20:01:00Z,0,65,LKSDB-1,T_LKSDB-1
PN,2026-09-17,42,2026-09-17T19:59:00Z,2026-09-17T20:00:00Z,94,0,LKSDB-1,T_LKSDB-1
PN,2026-09-17,42,2026-09-17T19:31:00Z,2026-09-17T19:59:00Z,94,94,LKSDB-1,T_LKSDB-1
PN,2026-09-17,42,2026-09-17T19:30:00Z,2026-09-17T19:31:00Z,0,94,LKSDB-1,T_LKSDB-1
PN,2026-09-17,41,2026-09-17T19:29:00Z,2026-09-17T19:30:00Z,99,0,LKSDB-1,T_LKSDB-1
PN,2026-09-17,41,2026-09-17T19:01:00Z,2026-09-17T19:29:00Z,99,99,LKSDB-1,T_LKSDB-1
PN,2026-09-17,41,2026-09-17T19:00:00Z,2026-09-17T19:01:00Z,81,99,LKSDB-1,T_LKSDB-1
PN,2026-09-17,40,2026-09-17T18:59:00Z,2026-09-17T19:00:00Z,99,81,LKSDB-1,T_LKSDB-1
PN,2026-09-17,40,2026-09-17T18:31:00Z,2026-09-17T18:59:00Z,99,99,LKSDB-1,T_LKSDB-1
PN,2026-09-17,40,2026-09-17T18:30:00Z,2026-09-17T18:31:00Z,0,99,LKSDB-1,T_LKSDB-1
PN,2026-09-17,39,2026-09-17T18:00:00Z,2026-09-17T18:30:00Z,0,0,LKSDB-1,T_LKSDB-1
PN,2026-09-17,38,2026-09-17T17:30:00Z,2026-09-17T18:00:00Z,0,0,LKSDB-1,T_LKSDB-1
PN,2026-09-17,37,2026-09-17T17:00:00Z,2026-09-17T17:30:00Z,0,0,LKSDB-1,T_LKSDB-1
PN,2026-09-17,36,2026-09-17T16:30:00Z,2026-09-17T17:00:00Z,0,0,LKSDB-1,T_LKSDB-1
PN,2026-09-17,35,2026-09-17T16:00:00Z,2026-09-17T16:30:00Z,0,0,LKSDB-1,T_LKSDB-1
PN,2026-09-17,34,2026-09-17T15:30:00Z,2026-09-17T16:00:00Z,0,0,LKSDB-1,T_LKSDB-1
PN,2026-09-17,33,2026-09-17T15:00:00Z,2026-09-17T15:30:00Z,0,0,LKSDB-1,T_LKSDB-1
PN,2026-09-17,32,2026-09-17T14:59:00Z,2026-09-17T15:00:00Z,-70,0,LKSDB-1,T_LKSDB-1
PN,2026-09-17,32,2026-09-17T14:31:00Z,2026-09-17T14:59:00Z,-70,-70,LKSDB-1,T_LKSDB-1
PN,2026-09-17,32,2026-09-17T14:30:00Z,2026-09-17T14:31:00Z,-65,-70,LKSDB-1,T_LKSDB-1
PN,2026-09-17,31,2026-09-17T14:29:00Z,2026-09-17T14:30:00Z,-70,-65,LKSDB-1,T_LKSDB-1
PN,2026-09-17,31,2026-09-17T14:01:00Z,2026-09-17T14:29:00Z,-70,-70,LKSDB-1,T_LKSDB-1
PN,2026-09-17,31,2026-09-17T14:00:00Z,2026-09-17T14:01:00Z,-39,-70,LKSDB-1,T_LKSDB-1
PN,2026-09-17,30,2026-09-17T13:30:00Z,2026-09-17T14:00:00Z,-39,-39,LKSDB-1,T_LKSDB-1
PN,2026-09-17,29,2026-09-17T13:00:00Z,2026-09-17T13:30:00Z,-39,-39,LKSDB-1,T_LKSDB-1
PN,2026-09-17,28,2026-09-17T12:30:00Z,2026-09-17T13:00:00Z,-39,-39,LKSDB-1,T_LKSDB-1
PN,2026-09-17,27,2026-09-17T12:00:00Z,2026-09-17T12:30:00Z,-39,-39,LKSDB-1,T_LKSDB-1
PN,2026-09-17,26,2026-09-17T11:30:00Z,2026-09-17T12:00:00Z,-39,-39,LKSDB-1,T_LKSDB-1
PN,2026-09-17,25,2026-09-17T11:00:00Z,2026-09-17T11:30:00Z,-39,-39,LKSDB-1,T_LKSDB-1
PN,2026-09-17,24,2026-09-17T10:31:00Z,2026-09-17T11:00:00Z,-39,-39,LKSDB-1,T_LKSDB-1
PN,2026-09-17,24,2026-09-17T10:30:00Z,2026-09-17T10:31:00Z,-22,-39,LKSDB-1,T_LKSDB-1
PN,2026-09-17,23,2026-09-17T10:01:00Z,2026-09-17T10:30:00Z,-22,-22,LKSDB-1,T_LKSDB-1
PN,2026-09-17,23,2026-09-17T10:00:00Z,2026-09-17T10:01:00Z,0,-22,LKSDB-1,T_LKSDB-1
PN,2026-09-17,22,2026-09-17T09:59:00Z,2026-09-17T10:00:00Z,-5,0,LKSDB-1,T_LKSDB-1
PN,2026-09-17,22,2026-09-17T09:30:00Z,2026-09-17T09:59:00Z,-5,-5,LKSDB-1,T_LKSDB-1
PN,2026-09-17,21,2026-09-17T09:00:00Z,2026-09-17T09:30:00Z,-5,-5,LKSDB-1,T_LKSDB-1
PN,2026-09-17,20,2026-09-17T08:30:00Z,2026-09-17T09:00:00Z,-5,-5,LKSDB-1,T_LKSDB-1
PN,2026-09-17,19,2026-09-17T08:01:00Z,2026-09-17T08:30:00Z,-5,-5,LKSDB-1,T_LKSDB-1
PN,2026-09-17,19,2026-09-17T08:00:00Z,2026-09-17T08:01:00Z,0,-5,LKSDB-1,T_LKSDB-1
PN,2026-09-17,18,2026-09-17T07:30:00Z,2026-09-17T08:00:00Z,0,0,LKSDB-1,T_LKSDB-1
PN,2026-09-17,17,2026-09-17T07:00:00Z,2026-09-17T07:30:00Z,0,0,LKSDB-1,T_LKSDB-1
PN,2026-09-17,16,2026-09-17T06:31:00Z,2026-09-17T07:00:00Z,0,0,LKSDB-1,T_LKSDB-1
PN,2026-09-17,16,2026-09-17T06:30:00Z,2026-09-17T06:31:00Z,20,0,LKSDB-1,T_LKSDB-1
PN,2026-09-17,15,2026-09-17T06:01:00Z,2026-09-17T06:30:00Z,20,20,LKSDB-1,T_LKSDB-1
PN,2026-09-17,15,2026-09-17T06:00:00Z,2026-09-17T06:01:00Z,23,20,LKSDB-1,T_LKSDB-1
PN,2026-09-17,14,2026-09-17T05:59:00Z,2026-09-17T06:00:00Z,24,23,LKSDB-1,T_LKSDB-1
PN,2026-09-17,14,2026-09-17T05:31:00Z,2026-09-17T05:59:00Z,24,24,LKSDB-1,T_LKSDB-1
PN,2026-09-17,14,2026-09-17T05:30:00Z,2026-09-17T05:31:00Z,0,24,LKSDB-1,T_LKSDB-1
PN,2026-09-17,13,2026-09-17T05:00:00Z,2026-09-17T05:30:00Z,0,0,LKSDB-1,T_LKSDB-1
PN,2026-09-17,12,2026-09-17T04:30:00Z,2026-09-17T05:00:00Z,0,0,LKSDB-1,T_LKSDB-1
PN,2026-09-17,11,2026-09-17T04:00:00Z,2026-09-17T04:30:00Z,0,0,LKSDB-1,T_LKSDB-1
PN,2026-09-17,10,2026-09-17T03:30:00Z,2026-09-17T04:00:00Z,0,0,LKSDB-1,T_LKSDB-1
PN,2026-09-17,9,2026-09-17T03:00:00Z,2026-09-17T03:30:00Z,0,0,LKSDB-1,T_LKSDB-1
PN,2026-09-17,8,2026-09-17T02:59:00Z,2026-09-17T03:00:00Z,-25,0,LKSDB-1,T_LKSDB-1
PN,2026-09-17,8,2026-09-17T02:31:00Z,2026-09-17T02:59:00Z,-25,-25,LKSDB-1,T_LKSDB-1
PN,2026-09-17,8,2026-09-17T02:30:00Z,2026-09-17T02:31:00Z,-10,-25,LKSDB-1,T_LKSDB-1
PN,2026-09-17,7,2026-09-17T02:01:00Z,2026-09-17T02:30:00Z,-10,-10,LKSDB-1,T_LKSDB-1
PN,2026-09-17,7,2026-09-17T02:00:00Z,2026-09-17T02:01:00Z,-9,-10,LKSDB-1,T_LKSDB-1
PN,2026-09-17,6,2026-09-17T01:30:00Z,2026-09-17T02:00:00Z,-9,-9,LKSDB-1,T_LKSDB-1
PN,2026-09-17,5,2026-09-17T01:01:00Z,2026-09-17T01:30:00Z,-9,-9,LKSDB-1,T_LKSDB-1
PN,2026-09-17,5,2026-09-17T01:00:00Z,2026-09-17T01:01:00Z,-2,-9,LKSDB-1,T_LKSDB-1
PN,2026-09-17,4,2026-09-17T00:31:00Z,2026-09-17T01:00:00Z,-2,-2,LKSDB-1,T_LKSDB-1
PN,2026-09-17,4,2026-09-17T00:30:00Z,2026-09-17T00:31:00Z,0,-2,LKSDB-1,T_LKSDB-1
PN,2026-09-17,3,2026-09-17T00:00:00Z,2026-09-17T00:30:00Z,0,0,LKSDB-1,T_LKSDB-1
PN,2026-09-17,2,2026-09-16T23:30:00Z,2026-09-17T00:00:00Z,0,0,LKSDB-1,T_LKSDB-1
PN,2026-09-17,1,2026-09-16T23:00:00Z,2026-09-16T23:30:00Z,0,0,LKSDB-1,T_LKSDB-1
PN,2026-09-16,48,2026-09-16T22:59:00Z,2026-09-16T23:00:00Z,8,0,LKSDB-1,T_LKSDB-1
PN,2026-09-16,48,2026-09-16T22:31:00Z,2026-09-16T22:59:00Z,8,8,LKSDB-1,T_LKSDB-1
PN,2026-09-16,48,2026-09-16T22:30:00Z,2026-09-16T22:31:00Z,0,8,LKSDB-1,T_LKSDB-1
PN,2026-09-16,47,2026-09-16T22:29:00Z,2026-09-16T22:30:00Z,5,0,LKSDB-1,T_LKSDB-1
PN,2026-09-16,47,2026-09-16T22:01:00Z,2026-09-16T22:29:00Z,5,5,LKSDB-1,T_LKSDB-1
PN,2026-09-16,47,2026-09-16T22:00:00Z,2026-09-16T22:01:00Z,0,5,LKSDB-1,T_LKSDB-1
PN,2026-09-16,46,2026-09-16T21:59:00Z,2026-09-16T22:00:00Z,1,0,LKSDB-1,T_LKSDB-1
PN,2026-09-16,46,2026-09-16T21:31:00Z,2026-09-16T21:59:00Z,1,1,LKSDB-1,T_LKSDB-1
PN,2026-09-16,46,2026-09-16T21:30:00Z,2026-09-16T21:31:00Z,0,1,LKSDB-1,T_LKSDB-1
PN,2026-09-16,45,2026-09-16T21:29:00Z,2026-09-16T21:30:00Z,2,0,LKSDB-1,T_LKSDB-1
PN,2026-09-16,45,2026-09-16T21:01:00Z,2026-09-16T21:29:00Z,2,2,LKSDB-1,T_LKSDB-1
PN,2026-09-16,45,2026-09-16T21:00:00Z,2026-09-16T21:01:00Z,0,2,LKSDB-1,T_LKSDB-1
PN,2026-09-16,44,2026-09-16T20:59:00Z,2026-09-16T21:00:00Z,14,0,LKSDB-1,T_LKSDB-1
PN,2026-09-16,44,2026-09-16T20:31:00Z,2026-09-16T20:59:00Z,14,14,LKSDB-1,T_LKSDB-1
PN,2026-09-16,44,2026-09-16T20:30:00Z,2026-09-16T20:31:00Z,0,14,LKSDB-1,T_LKSDB-1
PN,2026-09-16,43,2026-09-16T20:00:00Z,2026-09-16T20:30:00Z,0,0,LKSDB-1,T_LKSDB-1
PN,2026-09-16,42,2026-09-16T19:30:00Z,2026-09-16T20:00:00Z,0,0,LKSDB-1,T_LKSDB-1
PN,2026-09-16,41,2026-09-16T19:29:00Z,2026-09-16T19:30:00Z,17,0,LKSDB-1,T_LKSDB-1
PN,2026-09-16,41,2026-09-16T19:01:00Z,2026-09-16T19:29:00Z,17,17,LKSDB-1,T_LKSDB-1
PN,2026-09-16,41,2026-09-16T19:00:00Z,2026-09-16T19:01:00Z,10,17,LKSDB-1,T_LKSDB-1
PN,2026-09-16,40,2026-09-16T18:59:00Z,2026-09-16T19:00:00Z,45,10,LKSDB-1,T_LKSDB-1
PN,2026-09-16,40,2026-09-16T18:30:00Z,2026-09-16T18:59:00Z,45,45,LKSDB-1,T_LKSDB-1
PN,2026-09-16,39,2026-09-16T18:29:00Z,2026-09-16T18:30:00Z,99,45,LKSDB-1,T_LKSDB-1
PN,2026-09-16,39,2026-09-16T18:01:00Z,2026-09-16T18:29:00Z,99,99,LKSDB-1,T_LKSDB-1
PN,2026-09-16,39,2026-09-16T18:00:00Z,2026-09-16T18:01:00Z,70,99,LKSDB-1,T_LKSDB-1
PN,2026-09-16,38,2026-09-16T17:59:00Z,2026-09-16T18:00:00Z,75,70,LKSDB-1,T_LKSDB-1
PN,2026-09-16,38,2026-09-16T17:30:00Z,2026-09-16T17:59:00Z,75,75,LKSDB-1,T_LKSDB-1
PN,2026-09-16,37,2026-09-16T17:00:00Z,2026-09-16T17:30:00Z,75,75,LKSDB-1,T_LKSDB-1
PN,2026-09-16,36,2026-09-16T16:31:00Z,2026-09-16T17:00:00Z,75,75,LKSDB-1,T_LKSDB-1
PN,2026-09-16,36,2026-09-16T16:30:00Z,2026-09-16T16:31:00Z,0,75,LKSDB-1,T_LKSDB-1
PN,2026-09-16,35,2026-09-16T16:00:00Z,2026-09-16T16:30:00Z,0,0,LKSDB-1,T_LKSDB-1
PN,2026-09-16,34,2026-09-16T15:30:00Z,2026-09-16T16:00:00Z,0,0,LKSDB-1,T_LKSDB-1
PN,2026-09-16,33,2026-09-16T15:00:00Z,2026-09-16T15:30:00Z,0,0,LKSDB-1,T_LKSDB-1
PN,2026-09-16,32,2026-09-16T14:30:00Z,2026-09-16T15:00:00Z,0,0,LKSDB-1,T_LKSDB-1
PN,2026-09-16,31,2026-09-16T14:29:00Z,2026-09-16T14:30:00Z,10,0,LKSDB-1,T_LKSDB-1
PN,2026-09-16,31,2026-09-16T14:01:00Z,2026-09-16T14:29:00Z,10,10,LKSDB-1,T_LKSDB-1
PN,2026-09-16,31,2026-09-16T14:00:00Z,2026-09-16T14:01:00Z,0,10,LKSDB-1,T_LKSDB-1
PN,2026-09-16,30,2026-09-16T13:59:00Z,2026-09-16T14:00:00Z,-2,0,LKSDB-1,T_LKSDB-1
PN,2026-09-16,30,2026-09-16T13:31:00Z,2026-09-16T13:59:00Z,-2,-2,LKSDB-1,T_LKSDB-1
PN,2026-09-16,30,2026-09-16T13:30:00Z,2026-09-16T13:31:00Z,0,-2,LKSDB-1,T_LKSDB-1
PN,2026-09-16,29,2026-09-16T13:00:00Z,2026-09-16T13:30:00Z,0,0,LKSDB-1,T_LKSDB-1
PN,2026-09-16,28,2026-09-16T12:59:00Z,2026-09-16T13:00:00Z,-23,0,LKSDB-1,T_LKSDB-1
PN,2026-09-16,28,2026-09-16T12:31:00Z,2026-09-16T12:59:00Z,-23,-23,LKSDB-1,T_LKSDB-1
PN,2026-09-16,28,2026-09-16T12:30:00Z,2026-09-16T12:31:00Z,-7,-23,LKSDB-1,T_LKSDB-1
PN,2026-09-16,27,2026-09-16T12:00:00Z,2026-09-16T12:30:00Z,-7,-7,LKSDB-1,T_LKSDB-1
PN,2026-09-16,26,2026-09-16T11:59:00Z,2026-09-16T12:00:00Z,-50,-7,LKSDB-1,T_LKSDB-1
PN,2026-09-16,26,2026-09-16T11:30:00Z,2026-09-16T11:59:00Z,-50,-50,LKSDB-1,T_LKSDB-1
PN,2026-09-16,25,2026-09-16T11:29:00Z,2026-09-16T11:30:00Z,-52,-50,LKSDB-1,T_LKSDB-1
PN,2026-09-16,25,2026-09-16T11:01:00Z,2026-09-16T11:29:00Z,-52,-52,LKSDB-1,T_LKSDB-1
PN,2026-09-16,25,2026-09-16T11:00:00Z,2026-09-16T11:01:00Z,-35,-52,LKSDB-1,T_LKSDB-1
PN,2026-09-16,24,2026-09-16T10:59:00Z,2026-09-16T11:00:00Z,-36,-35,LKSDB-1,T_LKSDB-1
PN,2026-09-16,24,2026-09-16T10:31:00Z,2026-09-16T10:59:00Z,-36,-36,LKSDB-1,T_LKSDB-1
PN,2026-09-16,24,2026-09-16T10:30:00Z,2026-09-16T10:31:00Z,-74,-36,LKSDB-1,T_LKSDB-1
PN,2026-09-16,23,2026-09-16T10:01:00Z,2026-09-16T10:30:00Z,-74,-74,LKSDB-1,T_LKSDB-1
PN,2026-09-16,23,2026-09-16T10:00:00Z,2026-09-16T10:01:00Z,0,-74,LKSDB-1,T_LKSDB-1
PN,2026-09-16,22,2026-09-16T09:30:00Z,2026-09-16T10:00:00Z,0,0,LKSDB-1,T_LKSDB-1
PN,2026-09-16,21,2026-09-16T09:00:00Z,2026-09-16T09:30:00Z,0,0,LKSDB-1,T_LKSDB-1
PN,2026-09-16,20,2026-09-16T08:30:00Z,2026-09-16T09:00:00Z,0,0,LKSDB-1,T_LKSDB-1
PN,2026-09-16,19,2026-09-16T08:26:00Z,2026-09-16T08:30:00Z,0,0,LKSDB-1,T_LKSDB-1
PN,2026-09-16,19,2026-09-16T08:00:00Z,2026-09-16T08:26:00Z,20,20,LKSDB-1,T_LKSDB-1
PN,2026-09-16,18,2026-09-16T07:30:00Z,2026-09-16T08:00:00Z,20,20,LKSDB-1,T_LKSDB-1
PN,2026-09-16,17,2026-09-16T07:15:00Z,2026-09-16T07:30:00Z,20,20,LKSDB-1,T_LKSDB-1
PN,2026-09-16,17,2026-09-16T07:00:00Z,2026-09-16T07:15:00Z,0,0,LKSDB-1,T_LKSDB-1
PN,2026-09-16,16,2026-09-16T06:30:00Z,2026-09-16T07:00:00Z,75,75,LKSDB-1,T_LKSDB-1
PN,2026-09-16,15,2026-09-16T06:01:00Z,2026-09-16T06:30:00Z,13,13,LKSDB-1,T_LKSDB-1
PN,2026-09-16,15,2026-09-16T06:00:00Z,2026-09-16T06:01:00Z,0,13,LKSDB-1,T_LKSDB-1
PN,2026-09-16,14,2026-09-16T05:59:00Z,2026-09-16T06:00:00Z,20,0,LKSDB-1,T_LKSDB-1
PN,2026-09-16,14,2026-09-16T05:30:00Z,2026-09-16T05:59:00Z,20,20,LKSDB-1,T_LKSDB-1
PN,2026-09-16,13,2026-09-16T05:29:00Z,2026-09-16T05:30:00Z,23,20,LKSDB-1,T_LKSDB-1
PN,2026-09-16,13,2026-09-16T05:01:00Z,2026-09-16T05:29:00Z,23,23,LKSDB-1,T_LKSDB-1
PN,2026-09-16,13,2026-09-16T05:00:00Z,2026-09-16T05:01:00Z,10,23,LKSDB-1,T_LKSDB-1
PN,2026-09-16,12,2026-09-16T04:30:00Z,2026-09-16T05:00:00Z,10,10,LKSDB-1,T_LKSDB-1
PN,2026-09-16,11,2026-09-16T04:29:00Z,2026-09-16T04:30:00Z,20,10,LKSDB-1,T_LKSDB-1
PN,2026-09-16,11,2026-09-16T04:01:00Z,2026-09-16T04:29:00Z,20,20,LKSDB-1,T_LKSDB-1
PN,2026-09-16,11,2026-09-16T04:00:00Z,2026-09-16T04:01:00Z,0,20,LKSDB-1,T_LKSDB-1
PN,2026-09-16,10,2026-09-16T03:30:00Z,2026-09-16T04:00:00Z,0,0,LKSDB-1,T_LKSDB-1
PN,2026-09-16,9,2026-09-16T03:00:00Z,2026-09-16T03:30:00Z,0,0,LKSDB-1,T_LKSDB-1
PN,2026-09-16,8,2026-09-16T02:59:00Z,2026-09-16T03:00:00Z,-5,0,LKSDB-1,T_LKSDB-1
PN,2026-09-16,8,2026-09-16T02:30:00Z,2026-09-16T02:59:00Z,-5,-5,LKSDB-1,T_LKSDB-1
PN,2026-09-16,7,2026-09-16T02:00:00Z,2026-09-16T02:30:00Z,-5,-5,LKSDB-1,T_LKSDB-1
PN,2026-09-16,6,2026-09-16T01:59:00Z,2026-09-16T02:00:00Z,-74,-5,LKSDB-1,T_LKSDB-1
PN,2026-09-16,6,2026-09-16T01:30:00Z,2026-09-16T01:59:00Z,-74,-74,LKSDB-1,T_LKSDB-1
PN,2026-09-16,5,2026-09-16T01:01:00Z,2026-09-16T01:30:00Z,-74,-74,LKSDB-1,T_LKSDB-1
PN,2026-09-16,5,2026-09-16T01:00:00Z,2026-09-16T01:01:00Z,0,-74,LKSDB-1,T_LKSDB-1
PN,2026-09-16,4,2026-09-16T00:30:00Z,2026-09-16T01:00:00Z,0,0,LKSDB-1,T_LKSDB-1
PN,2026-09-16,3,2026-09-16T00:00:00Z,2026-09-16T00:30:00Z,0,0,LKSDB-1,T_LKSDB-1
PN,2026-09-16,2,2026-09-15T23:30:00Z,2026-09-16T00:00:00Z,0,0,LKSDB-1,T_LKSDB-1
PN,2026-09-16,1,2026-09-15T23:00:00Z,2026-09-15T23:30:00Z,0,0,LKSDB-1,T_LKSDB-1
PN,2026-09-15,48,2026-09-15T22:30:00Z,2026-09-15T23:00:00Z,0,0,LKSDB-1,T_LKSDB-1
PN,2026-09-15,47,2026-09-15T22:00:00Z,2026-09-15T22:30:00Z,0,0,LKSDB-1,T_LKSDB-1
PN,2026-09-15,46,2026-09-15T21:30:00Z,2026-09-15T22:00:00Z,0,0,LKSDB-1,T_LKSDB-1
PN,2026-09-15,45,2026-09-15T21:00:00Z,2026-09-15T21:30:00Z,0,0,LKSDB-1,T_LKSDB-1
PN,2026-09-15,44,2026-09-15T20:30:00Z,2026-09-15T21:00:00Z,0,0,LKSDB-1,T_LKSDB-1
PN,2026-09-15,43,2026-09-15T20:00:00Z,2026-09-15T20:30:00Z,0,0,LKSDB-1,T_LKSDB-1
PN,2026-09-15,42,2026-09-15T19:30:00Z,2026-09-15T20:00:00Z,0,0,LKSDB-1,T_LKSDB-1
PN,2026-09-15,41,2026-09-15T19:29:00Z,2026-09-15T19:30:00Z,23,0,LKSDB-1,T_LKSDB-1
PN,2026-09-15,41,2026-09-15T19:01:00Z,2026-09-15T19:29:00Z,23,23,LKSDB-1,T_LKSDB-1
PN,2026-09-15,41,2026-09-15T19:00:00Z,2026-09-15T19:01:00Z,10,23,LKSDB-1,T_LKSDB-1
PN,2026-09-15,40,2026-09-15T18:59:00Z,2026-09-15T19:00:00Z,99,10,LKSDB-1,T_LKSDB-1
PN,2026-09-15,40,2026-09-15T18:30:00Z,2026-09-15T18:59:00Z,99,99,LKSDB-1,T_LKSDB-1
PN,2026-09-15,39,2026-09-15T18:01:00Z,2026-09-15T18:30:00Z,99,99,LKSDB-1,T_LKSDB-1
PN,2026-09-15,39,2026-09-15T18:00:00Z,2026-09-15T18:01:00Z,24,99,LKSDB-1,T_LKSDB-1
PN,2026-09-15,38,2026-09-15T17:30:00Z,2026-09-15T18:00:00Z,24,24,LKSDB-1,T_LKSDB-1
PN,2026-09-15,37,2026-09-15T17:00:00Z,2026-09-15T17:30:00Z,23,23,LKSDB-1,T_LKSDB-1
PN,2026-09-15,36,2026-09-15T16:30:00Z,2026-09-15T17:00:00Z,0,0,LKSDB-1,T_LKSDB-1
PN,2026-09-15,35,2026-09-15T16:00:00Z,2026-09-15T16:30:00Z,0,0,LKSDB-1,T_LKSDB-1
PN,2026-09-15,34,2026-09-15T15:39:00Z,2026-09-15T16:00:00Z,0,0,LKSDB-1,T_LKSDB-1
PN,2026-09-15,34,2026-09-15T15:30:00Z,2026-09-15T15:39:00Z,-20,-20,LKSDB-1,T_LKSDB-1
PN,2026-09-15,33,2026-09-15T15:00:00Z,2026-09-15T15:30:00Z,-20,-20,LKSDB-1,T_LKSDB-1
PN,2026-09-15,32,2026-09-15T14:30:00Z,2026-09-15T15:00:00Z,-20,-20,LKSDB-1,T_LKSDB-1
PN,2026-09-15,31,2026-09-15T14:28:00Z,2026-09-15T14:30:00Z,-20,-20,LKSDB-1,T_LKSDB-1
PN,2026-09-15,31,2026-09-15T14:23:00Z,2026-09-15T14:28:00Z,0,0,LKSDB-1,T_LKSDB-1
PN,2026-09-15,31,2026-09-15T14:00:00Z,2026-09-15T14:23:00Z,20,20,LKSDB-1,T_LKSDB-1
PN,2026-09-15,30,2026-09-15T13:30:00Z,2026-09-15T14:00:00Z,20,20,LKSDB-1,T_LKSDB-1
PN,2026-09-15,29,2026-09-15T13:12:00Z,2026-09-15T13:30:00Z,20,20,LKSDB-1,T_LKSDB-1
PN,2026-09-15,29,2026-09-15T13:07:00Z,2026-09-15T13:12:00Z,0,0,LKSDB-1,T_LKSDB-1
PN,2026-09-15,29,2026-09-15T13:00:00Z,2026-09-15T13:07:00Z,-20,-20,LKSDB-1,T_LKSDB-1
PN,2026-09-15,28,2026-09-15T12:30:00Z,2026-09-15T13:00:00Z,-20,-20,LKSDB-1,T_LKSDB-1
PN,2026-09-15,27,2026-09-15T12:00:00Z,2026-09-15T12:30:00Z,-20,-20,LKSDB-1,T_LKSDB-1
PN,2026-09-15,26,2026-09-15T11:56:00Z,2026-09-15T12:00:00Z,-20,-20,LKSDB-1,T_LKSDB-1
PN,2026-09-15,26,2026-09-15T11:46:00Z,2026-09-15T11:56:00Z,0,0,LKSDB-1,T_LKSDB-1
PN,2026-09-15,26,2026-09-15T11:30:00Z,2026-09-15T11:46:00Z,50,50,LKSDB-1,T_LKSDB-1
PN,2026-09-15,25,2026-09-15T11:05:00Z,2026-09-15T11:30:00Z,50,50,LKSDB-1,T_LKSDB-1
PN,2026-09-15,25,2026-09-15T11:00:00Z,2026-09-15T11:05:00Z,0,0,LKSDB-1,T_LKSDB-1
PN,2026-09-15,24,2026-09-15T10:30:00Z,2026-09-15T11:00:00Z,-50,-50,LKSDB-1,T_LKSDB-1
PN,2026-09-15,23,2026-09-15T10:19:00Z,2026-09-15T10:30:00Z,-50,-50,LKSDB-1,T_LKSDB-1
PN,2026-09-15,23,2026-09-15T10:14:00Z,2026-09-15T10:19:00Z,0,0,LKSDB-1,T_LKSDB-1
PN,2026-09-15,23,2026-09-15T10:00:00Z,2026-09-15T10:14:00Z,50,50,LKSDB-1,T_LKSDB-1
PN,2026-09-15,22,2026-09-15T09:33:00Z,2026-09-15T10:00:00Z,50,50,LKSDB-1,T_LKSDB-1
PN,2026-09-15,22,2026-09-15T09:30:00Z,2026-09-15T09:33:00Z,0,0,LKSDB-1,T_LKSDB-1
PN,2026-09-15,21,2026-09-15T09:28:00Z,2026-09-15T09:30:00Z,0,0,LKSDB-1,T_LKSDB-1
PN,2026-09-15,21,2026-09-15T09:00:00Z,2026-09-15T09:28:00Z,-50,-50,LKSDB-1,T_LKSDB-1
PN,2026-09-15,20,2026-09-15T08:47:00Z,2026-09-15T09:00:00Z,-50,-50,LKSDB-1,T_LKSDB-1
PN,2026-09-15,20,2026-09-15T08:42:00Z,2026-09-15T08:47:00Z,0,0,LKSDB-1,T_LKSDB-1
PN,2026-09-15,20,2026-09-15T08:30:00Z,2026-09-15T08:42:00Z,99,99,LKSDB-1,T_LKSDB-1
PN,2026-09-15,19,2026-09-15T08:01:00Z,2026-09-15T08:30:00Z,99,99,LKSDB-1,T_LKSDB-1
PN,2026-09-15,19,2026-09-15T08:00:00Z,2026-09-15T08:01:00Z,0,0,LKSDB-1,T_LKSDB-1
PN,2026-09-15,18,2026-09-15T07:56:00Z,2026-09-15T08:00:00Z,0,0,LKSDB-1,T_LKSDB-1
PN,2026-09-15,18,2026-09-15T07:30:00Z,2026-09-15T07:56:00Z,-99,-99,LKSDB-1,T_LKSDB-1
PN,2026-09-15,17,2026-09-15T07:15:00Z,2026-09-15T07:30:00Z,-99,-99,LKSDB-1,T_LKSDB-1
PN,2026-09-15,17,2026-09-15T07:00:00Z,2026-09-15T07:15:00Z,0,0,LKSDB-1,T_LKSDB-1
PN,2026-09-15,16,2026-09-15T06:59:00Z,2026-09-15T07:00:00Z,99,0,LKSDB-1,T_LKSDB-1
PN,2026-09-15,16,2026-09-15T06:31:00Z,2026-09-15T06:59:00Z,99,99,LKSDB-1,T_LKSDB-1
PN,2026-09-15,16,2026-09-15T06:30:00Z,2026-09-15T06:31:00Z,50,99,LKSDB-1,T_LKSDB-1
PN,2026-09-15,15,2026-09-15T06:01:00Z,2026-09-15T06:30:00Z,50,50,LKSDB-1,T_LKSDB-1
PN,2026-09-15,15,2026-09-15T06:00:00Z,2026-09-15T06:01:00Z,0,50,LKSDB-1,T_LKSDB-1
PN,2026-09-15,14,2026-09-15T05:30:00Z,2026-09-15T06:00:00Z,0,0,LKSDB-1,T_LKSDB-1
PN,2026-09-15,13,2026-09-15T05:00:00Z,2026-09-15T05:30:00Z,0,0,LKSDB-1,T_LKSDB-1
PN,2026-09-15,12,2026-09-15T04:30:00Z,2026-09-15T05:00:00Z,0,0,LKSDB-1,T_LKSDB-1
PN,2026-09-15,11,2026-09-15T04:00:00Z,2026-09-15T04:30:00Z,0,0,LKSDB-1,T_LKSDB-1
PN,2026-09-15,10,2026-09-15T03:30:00Z,2026-09-15T04:00:00Z,0,0,LKSDB-1,T_LKSDB-1
PN,2026-09-15,9,2026-09-15T03:00:00Z,2026-09-15T03:30:00Z,0,0,LKSDB-1,T_LKSDB-1
PN,2026-09-15,8,2026-09-15T02:30:00Z,2026-09-15T03:00:00Z,0,0,LKSDB-1,T_LKSDB-1
PN,2026-09-15,7,2026-09-15T02:00:00Z,2026-09-15T02:30:00Z,0,0,LKSDB-1,T_LKSDB-1
PN,2026-09-15,6,2026-09-15T01:30:00Z,2026-09-15T02:00:00Z,0,0,LKSDB-1,T_LKSDB-1
PN,2026-09-15,5,2026-09-15T01:00:00Z,2026-09-15T01:30:00Z,0,0,LKSDB-1,T_LKSDB-1
PN,2026-09-15,4,2026-09-15T00:30:00Z,2026-09-15T01:00:00Z,0,0,LKSDB-1,T_LKSDB-1
PN,2026-09-15,3,2026-09-15T00:00:00Z,2026-09-15T00:30:00Z,0,0,LKSDB-1,T_LKSDB-1
PN,2026-09-15,2,2026-09-14T23:30:00Z,2026-09-15T00:00:00Z,0,0,LKSDB-1,T_LKSDB-1
PN,2026-09-15,1,2026-09-14T23:00:00Z,2026-09-14T23:30:00Z,0,0,LKSDB-1,T_LKSDB-1
PN,2026-09-14,48,2026-09-14T22:30:00Z,2026-09-14T23:00:00Z,0,0,LKSDB-1,T_LKSDB-1
PN,2026-09-14,47,2026-09-14T22:00:00Z,2026-09-14T22:30:00Z,0,0,LKSDB-1,T_LKSDB-1
PN,2026-09-14,46,2026-09-14T21:30:00Z,2026-09-14T22:00:00Z,0,0,LKSDB-1,T_LKSDB-1
PN,2026-09-14,45,2026-09-14T21:00:00Z,2026-09-14T21:30:00Z,0,0,LKSDB-1,T_LKSDB-1
PN,2026-09-14,44,2026-09-14T20:59:00Z,2026-09-14T21:00:00Z,5,0,LKSDB-1,T_LKSDB-1
PN,2026-09-14,44,2026-09-14T20:31:00Z,2026-09-14T20:59:00Z,5,5,LKSDB-1,T_LKSDB-1
PN,2026-09-14,44,2026-09-14T20:30:00Z,2026-09-14T20:31:00Z,0,5,LKSDB-1,T_LKSDB-1
PN,2026-09-14,43,2026-09-14T20:29:00Z,2026-09-14T20:30:00Z,5,0,LKSDB-1,T_LKSDB-1
PN,2026-09-14,43,2026-09-14T20:01:00Z,2026-09-14T20:29:00Z,5,5,LKSDB-1,T_LKSDB-1
PN,2026-09-14,43,2026-09-14T20:00:00Z,2026-09-14T20:01:00Z,0,5,LKSDB-1,T_LKSDB-1
PN,2026-09-14,42,2026-09-14T19:59:00Z,2026-09-14T20:00:00Z,8,0,LKSDB-1,T_LKSDB-1
PN,2026-09-14,42,2026-09-14T19:31:00Z,2026-09-14T19:59:00Z,8,8,LKSDB-1,T_LKSDB-1
PN,2026-09-14,42,2026-09-14T19:30:00Z,2026-09-14T19:31:00Z,0,8,LKSDB-1,T_LKSDB-1
PN,2026-09-14,41,2026-09-14T19:29:00Z,2026-09-14T19:30:00Z,43,0,LKSDB-1,T_LKSDB-1
PN,2026-09-14,41,2026-09-14T19:01:00Z,2026-09-14T19:29:00Z,43,43,LKSDB-1,T_LKSDB-1
PN,2026-09-14,41,2026-09-14T19:00:00Z,2026-09-14T19:01:00Z,22,43,LKSDB-1,T_LKSDB-1
PN,2026-09-14,40,2026-09-14T18:59:00Z,2026-09-14T19:00:00Z,78,22,LKSDB-1,T_LKSDB-1
PN,2026-09-14,40,2026-09-14T18:31:00Z,2026-09-14T18:59:00Z,78,78,LKSDB-1,T_LKSDB-1
PN,2026-09-14,40,2026-09-14T18:30:00Z,2026-09-14T18:31:00Z,70,78,LKSDB-1,T_LKSDB-1
PN,2026-09-14,39,2026-09-14T18:01:00Z,2026-09-14T18:30:00Z,70,70,LKSDB-1,T_LKSDB-1
PN,2026-09-14,39,2026-09-14T18:00:00Z,2026-09-14T18:01:00Z,30,70,LKSDB-1,T_LKSDB-1
PN,2026-09-14,38,2026-09-14T17:59:00Z,2026-09-14T18:00:00Z,70,30,LKSDB-1,T_LKSDB-1
PN,2026-09-14,38,2026-09-14T17:31:00Z,2026-09-14T17:59:00Z,70,70,LKSDB-1,T_LKSDB-1
PN,2026-09-14,38,2026-09-14T17:30:00Z,2026-09-14T17:31:00Z,40,70,LKSDB-1,T_LKSDB-1
PN,2026-09-14,37,2026-09-14T17:29:00Z,2026-09-14T17:30:00Z,49,40,LKSDB-1,T_LKSDB-1
PN,2026-09-14,37,2026-09-14T17:00:00Z,2026-09-14T17:29:00Z,49,49,LKSDB-1,T_LKSDB-1
PN,2026-09-14,36,2026-09-14T16:59:00Z,2026-09-14T17:00:00Z,50,49,LKSDB-1,T_LKSDB-1
PN,2026-09-14,36,2026-09-14T16:31:00Z,2026-09-14T16:59:00Z,50,50,LKSDB-1,T_LKSDB-1
PN,2026-09-14,36,2026-09-14T16:30:00Z,2026-09-14T16:31:00Z,36,50,LKSDB-1,T_LKSDB-1
PN,2026-09-14,35,2026-09-14T16:01:00Z,2026-09-14T16:30:00Z,36,36,LKSDB-1,T_LKSDB-1
PN,2026-09-14,35,2026-09-14T16:00:00Z,2026-09-14T16:01:00Z,0,36,LKSDB-1,T_LKSDB-1
PN,2026-09-14,34,2026-09-14T15:30:00Z,2026-09-14T16:00:00Z,0,0,LKSDB-1,T_LKSDB-1
PN,2026-09-14,33,2026-09-14T15:00:00Z,2026-09-14T15:30:00Z,0,0,LKSDB-1,T_LKSDB-1
PN,2026-09-14,32,2026-09-14T14:31:00Z,2026-09-14T15:00:00Z,0,0,LKSDB-1,T_LKSDB-1
PN,2026-09-14,32,2026-09-14T14:30:00Z,2026-09-14T14:31:00Z,0,0,LKSDB-1,T_LKSDB-1
PN,2026-09-14,31,2026-09-14T14:00:00Z,2026-09-14T14:30:00Z,-15,-15,LKSDB-1,T_LKSDB-1
PN,2026-09-14,30,2026-09-14T13:30:00Z,2026-09-14T14:00:00Z,-15,-15,LKSDB-1,T_LKSDB-1
PN,2026-09-14,29,2026-09-14T13:00:00Z,2026-09-14T13:30:00Z,-15,-15,LKSDB-1,T_LKSDB-1
PN,2026-09-14,28,2026-09-14T12:30:00Z,2026-09-14T13:00:00Z,-15,-15,LKSDB-1,T_LKSDB-1
PN,2026-09-14,27,2026-09-14T12:01:00Z,2026-09-14T12:30:00Z,-15,-15,LKSDB-1,T_LKSDB-1
PN,2026-09-14,27,2026-09-14T12:00:00Z,2026-09-14T12:01:00Z,0,-15,LKSDB-1,T_LKSDB-1
PN,2026-09-14,26,2026-09-14T11:30:00Z,2026-09-14T12:00:00Z,0,0,LKSDB-1,T_LKSDB-1
PN,2026-09-14,25,2026-09-14T11:00:00Z,2026-09-14T11:30:00Z,0,0,LKSDB-1,T_LKSDB-1
PN,2026-09-14,24,2026-09-14T10:30:00Z,2026-09-14T11:00:00Z,0,0,LKSDB-1,T_LKSDB-1
PN,2026-09-14,23,2026-09-14T10:00:00Z,2026-09-14T10:30:00Z,0,0,LKSDB-1,T_LKSDB-1
PN,2026-09-14,22,2026-09-14T09:30:00Z,2026-09-14T10:00:00Z,0,0,LKSDB-1,T_LKSDB-1
PN,2026-09-14,21,2026-09-14T09:00:00Z,2026-09-14T09:30:00Z,0,0,LKSDB-1,T_LKSDB-1
PN,2026-09-14,20,2026-09-14T08:30:00Z,2026-09-14T09:00:00Z,0,0,LKSDB-1,T_LKSDB-1
PN,2026-09-14,19,2026-09-14T08:29:00Z,2026-09-14T08:30:00Z,39,0,LKSDB-1,T_LKSDB-1
PN,2026-09-14,19,2026-09-14T08:00:00Z,2026-09-14T08:29:00Z,39,39,LKSDB-1,T_LKSDB-1
PN,2026-09-14,18,2026-09-14T07:59:00Z,2026-09-14T08:00:00Z,75,39,LKSDB-1,T_LKSDB-1
PN,2026-09-14,18,2026-09-14T07:30:00Z,2026-09-14T07:59:00Z,75,75,LKSDB-1,T_LKSDB-1
PN,2026-09-14,17,2026-09-14T07:00:00Z,2026-09-14T07:30:00Z,75,75,LKSDB-1,T_LKSDB-1
PN,2026-09-14,16,2026-09-14T06:30:00Z,2026-09-14T07:00:00Z,75,75,LKSDB-1,T_LKSDB-1
PN,2026-09-14,15,2026-09-14T06:00:00Z,2026-09-14T06:30:00Z,75,75,LKSDB-1,T_LKSDB-1
PN,2026-09-14,14,2026-09-14T05:30:00Z,2026-09-14T06:00:00Z,75,75,LKSDB-1,T_LKSDB-1
PN,2026-09-14,13,2026-09-14T05:01:00Z,2026-09-14T05:30:00Z,75,75,LKSDB-1,T_LKSDB-1
PN,2026-09-14,13,2026-09-14T05:00:00Z,2026-09-14T05:01:00Z,0,75,LKSDB-1,T_LKSDB-1
PN,2026-09-14,12,2026-09-14T04:30:00Z,2026-09-14T05:00:00Z,0,0,LKSDB-1,T_LKSDB-1
PN,2026-09-14,11,2026-09-14T04:00:00Z,2026-09-14T04:30:00Z,0,0,LKSDB-1,T_LKSDB-1
PN,2026-09-14,10,2026-09-14T03:30:00Z,2026-09-14T04:00:00Z,0,0,LKSDB-1,T_LKSDB-1
PN,2026-09-14,9,2026-09-14T03:00:00Z,2026-09-14T03:30:00Z,0,0,LKSDB-1,T_LKSDB-1
PN,2026-09-14,8,2026-09-14T02:59:00Z,2026-09-14T03:00:00Z,-24,0,LKSDB-1,T_LKSDB-1
PN,2026-09-14,8,2026-09-14T02:31:00Z,2026-09-14T02:59:00Z,-24,-24,LKSDB-1,T_LKSDB-1
PN,2026-09-14,8,2026-09-14T02:30:00Z,2026-09-14T02:31:00Z,-30,-24,LKSDB-1,T_LKSDB-1
PN,2026-09-14,7,2026-09-14T02:01:00Z,2026-09-14T02:30:00Z,-30,-30,LKSDB-1,T_LKSDB-1
PN,2026-09-14,7,2026-09-14T02:00:00Z,2026-09-14T02:01:00Z,0,-30,LKSDB-1,T_LKSDB-1
PN,2026-09-14,6,2026-09-14T01:30:00Z,2026-09-14T02:00:00Z,0,0,LKSDB-1,T_LKSDB-1
PN,2026-09-14,5,2026-09-14T01:00:00Z,2026-09-14T01:30:00Z,0,0,LKSDB-1,T_LKSDB-1
PN,2026-09-14,4,2026-09-14T00:30:00Z,2026-09-14T01:00:00Z,0,0,LKSDB-1,T_LKSDB-1
PN,2026-09-14,3,2026-09-14T00:00:00Z,2026-09-14T00:30:00Z,0,0,LKSDB-1,T_LKSDB-1
PN,2026-09-14,2,2026-09-13T23:30:00Z,2026-09-14T00:00:00Z,0,0,LKSDB-1,T_LKSDB-1
PN,2026-09-14,1,2026-09-13T23:00:00Z,2026-09-13T23:30:00Z,0,0,LKSDB-1,T_LKSDB-1
PN,2026-09-13,48,2026-09-13T22:30:00Z,2026-09-13T23:00:00Z,0,0,LKSDB-1,T_LKSDB-1
PN,2026-09-13,47,2026-09-13T22:00:00Z,2026-09-13T22:30:00Z,0,0,LKSDB-1,T_LKSDB-1
PN,2026-09-13,46,2026-09-13T21:30:00Z,2026-09-13T22:00:00Z,0,0,LKSDB-1,T_LKSDB-1
PN,2026-09-13,45,2026-09-13T21:00:00Z,2026-09-13T21:30:00Z,0,0,LKSDB-1,T_LKSDB-1
PN,2026-09-13,44,2026-09-13T20:30:00Z,2026-09-13T21:00:00Z,0,0,LKSDB-1,T_LKSDB-1
PN,2026-09-13,43,2026-09-13T20:29:00Z,2026-09-13T20:30:00Z,8,0,LKSDB-1,T_LKSDB-1
PN,2026-09-13,43,2026-09-13T20:01:00Z,2026-09-13T20:29:00Z,8,8,LKSDB-1,T_LKSDB-1
PN,2026-09-13,43,2026-09-13T20:00:00Z,2026-09-13T20:01:00Z,0,8,LKSDB-1,T_LKSDB-1
PN,2026-09-13,42,2026-09-13T19:59:00Z,2026-09-13T20:00:00Z,8,0,LKSDB-1,T_LKSDB-1
PN,2026-09-13,42,2026-09-13T19:30:00Z,2026-09-13T19:59:00Z,8,8,LKSDB-1,T_LKSDB-1
PN,2026-09-13,41,2026-09-13T19:01:00Z,2026-09-13T19:30:00Z,8,8,LKSDB-1,T_LKSDB-1
PN,2026-09-13,41,2026-09-13T19:00:00Z,2026-09-13T19:01:00Z,0,8,LKSDB-1,T_LKSDB-1
PN,2026-09-13,40,2026-09-13T18:59:00Z,2026-09-13T19:00:00Z,6,0,LKSDB-1,T_LKSDB-1
PN,2026-09-13,40,2026-09-13T18:30:00Z,2026-09-13T18:59:00Z,6,6,LKSDB-1,T_LKSDB-1
PN,2026-09-13,39,2026-09-13T18:01:00Z,2026-09-13T18:30:00Z,6,6,LKSDB-1,T_LKSDB-1
PN,2026-09-13,39,2026-09-13T18:00:00Z,2026-09-13T18:01:00Z,0,6,LKSDB-1,T_LKSDB-1
PN,2026-09-13,38,2026-09-13T17:59:00Z,2026-09-13T18:00:00Z,75,0,LKSDB-1,T_LKSDB-1
PN,2026-09-13,38,2026-09-13T17:30:00Z,2026-09-13T17:59:00Z,75,75,LKSDB-1,T_LKSDB-1
PN,2026-09-13,37,2026-09-13T17:01:00Z,2026-09-13T17:30:00Z,75,75,LKSDB-1,T_LKSDB-1
PN,2026-09-13,37,2026-09-13T17:00:00Z,2026-09-13T17:01:00Z,65,75,LKSDB-1,T_LKSDB-1
PN,2026-09-13,36,2026-09-13T16:30:00Z,2026-09-13T17:00:00Z,65,65,LKSDB-1,T_LKSDB-1
PN,2026-09-13,35,2026-09-13T16:01:00Z,2026-09-13T16:30:00Z,65,65,LKSDB-1,T_LKSDB-1
PN,2026-09-13,35,2026-09-13T16:00:00Z,2026-09-13T16:01:00Z,5,65,LKSDB-1,T_LKSDB-1
PN,2026-09-13,34,2026-09-13T15:31:00Z,2026-09-13T16:00:00Z,5,5,LKSDB-1,T_LKSDB-1
PN,2026-09-13,34,2026-09-13T15:30:00Z,2026-09-13T15:31:00Z,0,5,LKSDB-1,T_LKSDB-1
PN,2026-09-13,33,2026-09-13T15:00:00Z,2026-09-13T15:30:00Z,0,0,LKSDB-1,T_LKSDB-1
PN,2026-09-13,32,2026-09-13T14:30:00Z,2026-09-13T15:00:00Z,0,0,LKSDB-1,T_LKSDB-1
PN,2026-09-13,31,2026-09-13T14:00:00Z,2026-09-13T14:30:00Z,0,0,LKSDB-1,T_LKSDB-1
PN,2026-09-13,30,2026-09-13T13:59:00Z,2026-09-13T14:00:00Z,5,0,LKSDB-1,T_LKSDB-1
PN,2026-09-13,30,2026-09-13T13:31:00Z,2026-09-13T13:59:00Z,5,5,LKSDB-1,T_LKSDB-1
PN,2026-09-13,30,2026-09-13T13:30:00Z,2026-09-13T13:31:00Z,0,5,LKSDB-1,T_LKSDB-1
PN,2026-09-13,29,2026-09-13T13:00:00Z,2026-09-13T13:30:00Z,0,0,LKSDB-1,T_LKSDB-1
PN,2026-09-13,28,2026-09-13T12:30:00Z,2026-09-13T13:00:00Z,0,0,LKSDB-1,T_LKSDB-1
PN,2026-09-13,27,2026-09-13T12:00:00Z,2026-09-13T12:30:00Z,0,0,LKSDB-1,T_LKSDB-1
PN,2026-09-13,26,2026-09-13T11:30:00Z,2026-09-13T12:00:00Z,0,0,LKSDB-1,T_LKSDB-1
PN,2026-09-13,25,2026-09-13T11:00:00Z,2026-09-13T11:30:00Z,0,0,LKSDB-1,T_LKSDB-1
PN,2026-09-13,24,2026-09-13T10:30:00Z,2026-09-13T11:00:00Z,0,0,LKSDB-1,T_LKSDB-1
PN,2026-09-13,23,2026-09-13T10:00:00Z,2026-09-13T10:30:00Z,0,0,LKSDB-1,T_LKSDB-1
PN,2026-09-13,22,2026-09-13T09:30:00Z,2026-09-13T10:00:00Z,0,0,LKSDB-1,T_LKSDB-1
PN,2026-09-13,21,2026-09-13T09:00:00Z,2026-09-13T09:30:00Z,0,0,LKSDB-1,T_LKSDB-1
PN,2026-09-13,20,2026-09-13T08:59:00Z,2026-09-13T09:00:00Z,8,0,LKSDB-1,T_LKSDB-1
PN,2026-09-13,20,2026-09-13T08:31:00Z,2026-09-13T08:59:00Z,8,8,LKSDB-1,T_LKSDB-1
PN,2026-09-13,20,2026-09-13T08:30:00Z,2026-09-13T08:31:00Z,0,8,LKSDB-1,T_LKSDB-1
PN,2026-09-13,19,2026-09-13T08:29:00Z,2026-09-13T08:30:00Z,8,0,LKSDB-1,T_LKSDB-1
PN,2026-09-13,19,2026-09-13T08:01:00Z,2026-09-13T08:29:00Z,8,8,LKSDB-1,T_LKSDB-1
PN,2026-09-13,19,2026-09-13T08:00:00Z,2026-09-13T08:01:00Z,0,8,LKSDB-1,T_LKSDB-1
PN,2026-09-13,18,2026-09-13T07:59:00Z,2026-09-13T08:00:00Z,2,0,LKSDB-1,T_LKSDB-1
PN,2026-09-13,18,2026-09-13T07:31:00Z,2026-09-13T07:59:00Z,2,2,LKSDB-1,T_LKSDB-1
PN,2026-09-13,18,2026-09-13T07:30:00Z,2026-09-13T07:31:00Z,0,2,LKSDB-1,T_LKSDB-1
PN,2026-09-13,17,2026-09-13T07:00:00Z,2026-09-13T07:30:00Z,0,0,LKSDB-1,T_LKSDB-1
PN,2026-09-13,16,2026-09-13T06:30:00Z,2026-09-13T07:00:00Z,0,0,LKSDB-1,T_LKSDB-1
PN,2026-09-13,15,2026-09-13T06:00:00Z,2026-09-13T06:30:00Z,0,0,LKSDB-1,T_LKSDB-1
PN,2026-09-13,14,2026-09-13T05:59:00Z,2026-09-13T06:00:00Z,1,0,LKSDB-1,T_LKSDB-1
PN,2026-09-13,14,2026-09-13T05:30:00Z,2026-09-13T05:59:00Z,1,1,LKSDB-1,T_LKSDB-1
PN,2026-09-13,13,2026-09-13T05:29:00Z,2026-09-13T05:30:00Z,8,1,LKSDB-1,T_LKSDB-1
PN,2026-09-13,13,2026-09-13T05:00:00Z,2026-09-13T05:29:00Z,8,8,LKSDB-1,T_LKSDB-1
PN,2026-09-13,12,2026-09-13T04:30:00Z,2026-09-13T05:00:00Z,8,8,LKSDB-1,T_LKSDB-1
PN,2026-09-13,11,2026-09-13T04:01:00Z,2026-09-13T04:30:00Z,8,8,LKSDB-1,T_LKSDB-1
PN,2026-09-13,11,2026-09-13T04:00:00Z,2026-09-13T04:01:00Z,0,8,LKSDB-1,T_LKSDB-1
PN,2026-09-13,10,2026-09-13T03:30:00Z,2026-09-13T04:00:00Z,0,0,LKSDB-1,T_LKSDB-1
PN,2026-09-13,9,2026-09-13T03:00:00Z,2026-09-13T03:30:00Z,0,0,LKSDB-1,T_LKSDB-1
PN,2026-09-13,8,2026-09-13T02:30:00Z,2026-09-13T03:00:00Z,0,0,LKSDB-1,T_LKSDB-1
PN,2026-09-13,7,2026-09-13T02:01:00Z,2026-09-13T02:30:00Z,0,0,LKSDB-1,T_LKSDB-1
PN,2026-09-13,7,2026-09-13T02:00:00Z,2026-09-13T02:01:00Z,-12,0,LKSDB-1,T_LKSDB-1
PN,2026-09-13,6,2026-09-13T01:59:00Z,2026-09-13T02:00:00Z,-21,-12,LKSDB-1,T_LKSDB-1
PN,2026-09-13,6,2026-09-13T01:31:00Z,2026-09-13T01:59:00Z,-21,-21,LKSDB-1,T_LKSDB-1
PN,2026-09-13,6,2026-09-13T01:30:00Z,2026-09-13T01:31:00Z,0,-21,LKSDB-1,T_LKSDB-1
PN,2026-09-13,5,2026-09-13T01:00:00Z,2026-09-13T01:30:00Z,0,0,LKSDB-1,T_LKSDB-1
PN,2026-09-13,4,2026-09-13T00:30:00Z,2026-09-13T01:00:00Z,0,0,LKSDB-1,T_LKSDB-1
PN,2026-09-13,3,2026-09-13T00:00:00Z,2026-09-13T00:30:00Z,0,0,LKSDB-1,T_LKSDB-1
PN,2026-09-13,2,2026-09-12T23:30:00Z,2026-09-13T00:00:00Z,0,0,LKSDB-1,T_LKSDB-1
PN,2026-09-13,1,2026-09-12T23:00:00Z,2026-09-12T23:30:00Z,0,0,LKSDB-1,T_LKSDB-1
PN,2026-09-12,48,2026-09-12T22:30:00Z,2026-09-12T23:00:00Z,0,0,LKSDB-1,T_LKSDB-1
PN,2026-09-12,47,2026-09-12T22:00:00Z,2026-09-12T22:30:00Z,0,0,LKSDB-1,T_LKSDB-1
PN,2026-09-12,46,2026-09-12T21:59:00Z,2026-09-12T22:00:00Z,-35,0,LKSDB-1,T_LKSDB-1
PN,2026-09-12,46,2026-09-12T21:31:00Z,2026-09-12T21:59:00Z,-35,-35,LKSDB-1,T_LKSDB-1
PN,2026-09-12,46,2026-09-12T21:30:00Z,2026-09-12T21:31:00Z,0,-35,LKSDB-1,T_LKSDB-1
PN,2026-09-12,45,2026-09-12T21:00:00Z,2026-09-12T21:30:00Z,0,0,LKSDB-1,T_LKSDB-1
PN,2026-09-12,44,2026-09-12T20:30:00Z,2026-09-12T21:00:00Z,0,0,LKSDB-1,T_LKSDB-1
PN,2026-09-12,43,2026-09-12T20:00:00Z,2026-09-12T20:30:00Z,0,0,LKSDB-1,T_LKSDB-1
PN,2026-09-12,42,2026-09-12T19:30:00Z,2026-09-12T20:00:00Z,0,0,LKSDB-1,T_LKSDB-1
PN,2026-09-12,41,2026-09-12T19:00:00Z,2026-09-12T19:30:00Z,0,0,LKSDB-1,T_LKSDB-1
PN,2026-09-12,40,2026-09-12T18:30:00Z,2026-09-12T19:00:00Z,0,0,LKSDB-1,T_LKSDB-1
PN,2026-09-12,39,2026-09-12T18:00:00Z,2026-09-12T18:30:00Z,0,0,LKSDB-1,T_LKSDB-1
PN,2026-09-12,38,2026-09-12T17:30:00Z,2026-09-12T18:00:00Z,0,0,LKSDB-1,T_LKSDB-1
PN,2026-09-12,37,2026-09-12T17:00:00Z,2026-09-12T17:30:00Z,0,0,LKSDB-1,T_LKSDB-1
PN,2026-09-12,36,2026-09-12T16:30:00Z,2026-09-12T17:00:00Z,0,0,LKSDB-1,T_LKSDB-1
PN,2026-09-12,35,2026-09-12T16:00:00Z,2026-09-12T16:30:00Z,0,0,LKSDB-1,T_LKSDB-1
PN,2026-09-12,34,2026-09-12T15:30:00Z,2026-09-12T16:00:00Z,0,0,LKSDB-1,T_LKSDB-1
PN,2026-09-12,33,2026-09-12T15:00:00Z,2026-09-12T15:30:00Z,0,0,LKSDB-1,T_LKSDB-1
PN,2026-09-12,32,2026-09-12T14:30:00Z,2026-09-12T15:00:00Z,0,0,LKSDB-1,T_LKSDB-1
PN,2026-09-12,31,2026-09-12T14:29:00Z,2026-09-12T14:30:00Z,-71,0,LKSDB-1,T_LKSDB-1
PN,2026-09-12,31,2026-09-12T14:01:00Z,2026-09-12T14:29:00Z,-71,-71,LKSDB-1,T_LKSDB-1
PN,2026-09-12,31,2026-09-12T14:00:00Z,2026-09-12T14:01:00Z,0,-71,LKSDB-1,T_LKSDB-1
PN,2026-09-12,30,2026-09-12T13:59:00Z,2026-09-12T14:00:00Z,-99,0,LKSDB-1,T_LKSDB-1
PN,2026-09-12,30,2026-09-12T13:30:00Z,2026-09-12T13:59:00Z,-99,-99,LKSDB-1,T_LKSDB-1
PN,2026-09-12,29,2026-09-12T13:00:00Z,2026-09-12T13:30:00Z,-99,-99,LKSDB-1,T_LKSDB-1
PN,2026-09-12,28,2026-09-12T12:31:00Z,2026-09-12T13:00:00Z,-99,-99,LKSDB-1,T_LKSDB-1
PN,2026-09-12,28,2026-09-12T12:30:00Z,2026-09-12T12:31:00Z,-35,-99,LKSDB-1,T_LKSDB-1
PN,2026-09-12,27,2026-09-12T12:29:00Z,2026-09-12T12:30:00Z,-99,-35,LKSDB-1,T_LKSDB-1
PN,2026-09-12,27,2026-09-12T12:01:00Z,2026-09-12T12:29:00Z,-99,-99,LKSDB-1,T_LKSDB-1
PN,2026-09-12,27,2026-09-12T12:00:00Z,2026-09-12T12:01:00Z,-35,-99,LKSDB-1,T_LKSDB-1
PN,2026-09-12,26,2026-09-12T11:59:00Z,2026-09-12T12:00:00Z,-99,-35,LKSDB-1,T_LKSDB-1
PN,2026-09-12,26,2026-09-12T11:31:00Z,2026-09-12T11:59:00Z,-99,-99,LKSDB-1,T_LKSDB-1
PN,2026-09-12,26,2026-09-12T11:30:00Z,2026-09-12T11:31:00Z,-79,-99,LKSDB-1,T_LKSDB-1
PN,2026-09-12,25,2026-09-12T11:00:00Z,2026-09-12T11:30:00Z,-79,-79,LKSDB-1,T_LKSDB-1
PN,2026-09-12,24,2026-09-12T10:30:00Z,2026-09-12T11:00:00Z,-79,-79,LKSDB-1,T_LKSDB-1
PN,2026-09-12,23,2026-09-12T10:01:00Z,2026-09-12T10:30:00Z,-79,-79,LKSDB-1,T_LKSDB-1
PN,2026-09-12,23,2026-09-12T10:00:00Z,2026-09-12T10:01:00Z,0,-79,LKSDB-1,T_LKSDB-1
PN,2026-09-12,22,2026-09-12T09:30:00Z,2026-09-12T10:00:00Z,0,0,LKSDB-1,T_LKSDB-1
PN,2026-09-12,21,2026-09-12T09:00:00Z,2026-09-12T09:30:00Z,0,0,LKSDB-1,T_LKSDB-1
PN,2026-09-12,20,2026-09-12T08:30:00Z,2026-09-12T09:00:00Z,0,0,LKSDB-1,T_LKSDB-1
PN,2026-09-12,19,2026-09-12T08:00:00Z,2026-09-12T08:30:00Z,0,0,LKSDB-1,T_LKSDB-1
PN,2026-09-12,18,2026-09-12T07:30:00Z,2026-09-12T08:00:00Z,0,0,LKSDB-1,T_LKSDB-1
PN,2026-09-12,17,2026-09-12T07:29:00Z,2026-09-12T07:30:00Z,12,0,LKSDB-1,T_LKSDB-1
PN,2026-09-12,17,2026-09-12T07:01:00Z,2026-09-12T07:29:00Z,12,12,LKSDB-1,T_LKSDB-1
PN,2026-09-12,17,2026-09-12T07:00:00Z,2026-09-12T07:01:00Z,0,12,LKSDB-1,T_LKSDB-1
PN,2026-09-12,16,2026-09-12T06:59:00Z,2026-09-12T07:00:00Z,12,0,LKSDB-1,T_LKSDB-1
PN,2026-09-12,16,2026-09-12T06:31:00Z,2026-09-12T06:59:00Z,12,12,LKSDB-1,T_LKSDB-1
PN,2026-09-12,16,2026-09-12T06:30:00Z,2026-09-12T06:31:00Z,0,12,LKSDB-1,T_LKSDB-1
PN,2026-09-12,15,2026-09-12T06:00:00Z,2026-09-12T06:30:00Z,0,0,LKSDB-1,T_LKSDB-1
PN,2026-09-12,14,2026-09-12T05:30:00Z,2026-09-12T06:00:00Z,0,0,LKSDB-1,T_LKSDB-1
PN,2026-09-12,13,2026-09-12T05:00:00Z,2026-09-12T05:30:00Z,0,0,LKSDB-1,T_LKSDB-1
PN,2026-09-12,12,2026-09-12T04:30:00Z,2026-09-12T05:00:00Z,0,0,LKSDB-1,T_LKSDB-1
PN,2026-09-12,11,2026-09-12T04:00:00Z,2026-09-12T04:30:00Z,0,0,LKSDB-1,T_LKSDB-1
PN,2026-09-12,10,2026-09-12T03:30:00Z,2026-09-12T04:00:00Z,0,0,LKSDB-1,T_LKSDB-1
PN,2026-09-12,9,2026-09-12T03:29:00Z,2026-09-12T03:30:00Z,3,0,LKSDB-1,T_LKSDB-1
PN,2026-09-12,9,2026-09-12T03:01:00Z,2026-09-12T03:29:00Z,3,3,LKSDB-1,T_LKSDB-1
PN,2026-09-12,9,2026-09-12T03:00:00Z,2026-09-12T03:01:00Z,0,3,LKSDB-1,T_LKSDB-1
PN,2026-09-12,8,2026-09-12T02:30:00Z,2026-09-12T03:00:00Z,0,0,LKSDB-1,T_LKSDB-1
PN,2026-09-12,7,2026-09-12T02:00:00Z,2026-09-12T02:30:00Z,0,0,LKSDB-1,T_LKSDB-1
PN,2026-09-12,6,2026-09-12T01:30:00Z,2026-09-12T02:00:00Z,0,0,LKSDB-1,T_LKSDB-1
PN,2026-09-12,5,2026-09-12T01:29:00Z,2026-09-12T01:30:00Z,4,0,LKSDB-1,T_LKSDB-1
PN,2026-09-12,5,2026-09-12T01:01:00Z,2026-09-12T01:29:00Z,4,4,LKSDB-1,T_LKSDB-1
PN,2026-09-12,5,2026-09-12T01:00:00Z,2026-09-12T01:01:00Z,0,4,LKSDB-1,T_LKSDB-1
PN,2026-09-12,4,2026-09-12T00:59:00Z,2026-09-12T01:00:00Z,6,0,LKSDB-1,T_LKSDB-1
PN,2026-09-12,4,2026-09-12T00:31:00Z,2026-09-12T00:59:00Z,6,6,LKSDB-1,T_LKSDB-1
PN,2026-09-12,4,2026-09-12T00:30:00Z,2026-09-12T00:31:00Z,0,6,LKSDB-1,T_LKSDB-1
PN,2026-09-12,3,2026-09-12T00:29:00Z,2026-09-12T00:30:00Z,7,0,LKSDB-1,T_LKSDB-1
PN,2026-09-12,3,2026-09-12T00:01:00Z,2026-09-12T00:29:00Z,7,7,LKSDB-1,T_LKSDB-1
PN,2026-09-12,3,2026-09-12T00:00:00Z,2026-09-12T00:01:00Z,0,7,LKSDB-1,T_LKSDB-1
PN,2026-09-12,2,2026-09-11T23:59:00Z,2026-09-12T00:00:00Z,3,0,LKSDB-1,T_LKSDB-1
PN,2026-09-12,2,2026-09-11T23:31:00Z,2026-09-11T23:59:00Z,3,3,LKSDB-1,T_LKSDB-1
PN,2026-09-12,2,2026-09-11T23:30:00Z,2026-09-11T23:31:00Z,0,3,LKSDB-1,T_LKSDB-1
PN,2026-09-12,1,2026-09-11T23:29:00Z,2026-09-11T23:30:00Z,40,0,LKSDB-1,T_LKSDB-1
PN,2026-09-12,1,2026-09-11T23:01:00Z,2026-09-11T23:29:00Z,40,40,LKSDB-1,T_LKSDB-1
PN,2026-09-12,1,2026-09-11T23:00:00Z,2026-09-11T23:01:00Z,0,40,LKSDB-1,T_LKSDB-1
PN,2026-09-11,48,2026-09-11T22:59:00Z,2026-09-11T23:00:00Z,81,0,LKSDB-1,T_LKSDB-1
PN,2026-09-11,48,2026-09-11T22:31:00Z,2026-09-11T22:59:00Z,81,81,LKSDB-1,T_LKSDB-1
PN,2026-09-11,48,2026-09-11T22:30:00Z,2026-09-11T22:31:00Z,0,81,LKSDB-1,T_LKSDB-1
PN,2026-09-11,47,2026-09-11T22:29:00Z,2026-09-11T22:30:00Z,66,0,LKSDB-1,T_LKSDB-1
PN,2026-09-11,47,2026-09-11T22:01:00Z,2026-09-11T22:29:00Z,66,66,LKSDB-1,T_LKSDB-1
PN,2026-09-11,47,2026-09-11T22:00:00Z,2026-09-11T22:01:00Z,0,66,LKSDB-1,T_LKSDB-1
PN,2026-09-11,46,2026-09-11T21:59:00Z,2026-09-11T22:00:00Z,99,0,LKSDB-1,T_LKSDB-1
PN,2026-09-11,46,2026-09-11T21:31:00Z,2026-09-11T21:59:00Z,99,99,LKSDB-1,T_LKSDB-1
PN,2026-09-11,46,2026-09-11T21:30:00Z,2026-09-11T21:31:00Z,0,99,LKSDB-1,T_LKSDB-1
PN,2026-09-11,45,2026-09-11T21:29:00Z,2026-09-11T21:30:00Z,54,0,LKSDB-1,T_LKSDB-1
PN,2026-09-11,45,2026-09-11T21:01:00Z,2026-09-11T21:29:00Z,54,54,LKSDB-1,T_LKSDB-1
PN,2026-09-11,45,2026-09-11T21:00:00Z,2026-09-11T21:01:00Z,0,54,LKSDB-1,T_LKSDB-1
PN,2026-09-11,44,2026-09-11T20:59:00Z,2026-09-11T21:00:00Z,55,0,LKSDB-1,T_LKSDB-1
PN,2026-09-11,44,2026-09-11T20:31:00Z,2026-09-11T20:59:00Z,55,55,LKSDB-1,T_LKSDB-1
PN,2026-09-11,44,2026-09-11T20:30:00Z,2026-09-11T20:31:00Z,32,55,LKSDB-1,T_LKSDB-1
PN,2026-09-11,43,2026-09-11T20:29:00Z,2026-09-11T20:30:00Z,99,32,LKSDB-1,T_LKSDB-1
PN,2026-09-11,43,2026-09-11T20:01:00Z,2026-09-11T20:29:00Z,99,99,LKSDB-1,T_LKSDB-1
PN,2026-09-11,43,2026-09-11T20:00:00Z,2026-09-11T20:01:00Z,58,99,LKSDB-1,T_LKSDB-1
PN,2026-09-11,42,2026-09-11T19:59:00Z,2026-09-11T20:00:00Z,99,58,LKSDB-1,T_LKSDB-1
PN,2026-09-11,42,2026-09-11T19:31:00Z,2026-09-11T19:59:00Z,99,99,LKSDB-1,T_LKSDB-1
PN,2026-09-11,42,2026-09-11T19:30:00Z,2026-09-11T19:31:00Z,0,99,LKSDB-1,T_LKSDB-1
PN,2026-09-11,41,2026-09-11T19:29:00Z,2026-09-11T19:30:00Z,17,0,LKSDB-1,T_LKSDB-1
PN,2026-09-11,41,2026-09-11T19:01:00Z,2026-09-11T19:29:00Z,17,17,LKSDB-1,T_LKSDB-1
PN,2026-09-11,41,2026-09-11T19:00:00Z,2026-09-11T19:01:00Z,20,17,LKSDB-1,T_LKSDB-1
PN,2026-09-11,40,2026-09-11T18:59:00Z,2026-09-11T19:00:00Z,99,20,LKSDB-1,T_LKSDB-1
PN,2026-09-11,40,2026-09-11T18:31:00Z,2026-09-11T18:59:00Z,99,99,LKSDB-1,T_LKSDB-1
PN,2026-09-11,40,2026-09-11T18:30:00Z,2026-09-11T18:31:00Z,76,99,LKSDB-1,T_LKSDB-1
PN,2026-09-11,39,2026-09-11T18:01:00Z,2026-09-11T18:30:00Z,76,76,LKSDB-1,T_LKSDB-1
PN,2026-09-11,39,2026-09-11T18:00:00Z,2026-09-11T18:01:00Z,40,76,LKSDB-1,T_LKSDB-1
PN,2026-09-11,38,2026-09-11T17:31:00Z,2026-09-11T18:00:00Z,40,40,LKSDB-1,T_LKSDB-1
PN,2026-09-11,38,2026-09-11T17:30:00Z,2026-09-11T17:31:00Z,0,40,LKSDB-1,T_LKSDB-1
PN,2026-09-11,37,2026-09-11T17:00:00Z,2026-09-11T17:30:00Z,0,0,LKSDB-1,T_LKSDB-1
PN,2026-09-11,36,2026-09-11T16:30:00Z,2026-09-11T17:00:00Z,0,0,LKSDB-1,T_LKSDB-1
PN,2026-09-11,35,2026-09-11T16:00:00Z,2026-09-11T16:30:00Z,0,0,LKSDB-1,T_LKSDB-1
PN,2026-09-11,34,2026-09-11T15:59:00Z,2026-09-11T16:00:00Z,-10,0,LKSDB-1,T_LKSDB-1
PN,2026-09-11,34,2026-09-11T15:30:00Z,2026-09-11T15:59:00Z,-10,-10,LKSDB-1,T_LKSDB-1
PN,2026-09-11,33,2026-09-11T15:00:00Z,2026-09-11T15:30:00Z,-10,-10,LKSDB-1,T_LKSDB-1
PN,2026-09-11,32,2026-09-11T14:30:00Z,2026-09-11T15:00:00Z,-10,-10,LKSDB-1,T_LKSDB-1
PN,2026-09-11,31,2026-09-11T14:00:00Z,2026-09-11T14:30:00Z,-10,-10,LKSDB-1,T_LKSDB-1
PN,2026-09-11,30,2026-09-11T13:59:00Z,2026-09-11T14:00:00Z,-72,-10,LKSDB-1,T_LKSDB-1
PN,2026-09-11,30,2026-09-11T13:31:00Z,2026-09-11T13:59:00Z,-72,-72,LKSDB-1,T_LKSDB-1
PN,2026-09-11,30,2026-09-11T13:30:00Z,2026-09-11T13:31:00Z,-54,-72,LKSDB-1,T_LKSDB-1
PN,2026-09-11,29,2026-09-11T13:01:00Z,2026-09-11T13:30:00Z,-54,-54,LKSDB-1,T_LKSDB-1
PN,2026-09-11,29,2026-09-11T13:00:00Z,2026-09-11T13:01:00Z,-52,-54,LKSDB-1,T_LKSDB-1
PN,2026-09-11,28,2026-09-11T12:31:00Z,2026-09-11T13:00:00Z,-52,-52,LKSDB-1,T_LKSDB-1
PN,2026-09-11,28,2026-09-11T12:30:00Z,2026-09-11T12:31:00Z,-47,-52,LKSDB-1,T_LKSDB-1
PN,2026-09-11,27,2026-09-11T12:01:00Z,2026-09-11T12:30:00Z,-47,-47,LKSDB-1,T_LKSDB-1
PN,2026-09-11,27,2026-09-11T12:00:00Z,2026-09-11T12:01:00Z,-50,-47,LKSDB-1,T_LKSDB-1
PN,2026-09-11,26,2026-09-11T11:30:00Z,2026-09-11T12:00:00Z,-50,-50,LKSDB-1,T_LKSDB-1
PN,2026-09-11,25,2026-09-11T11:01:00Z,2026-09-11T11:30:00Z,-50,-50,LKSDB-1,T_LKSDB-1
PN,2026-09-11,25,2026-09-11T11:00:00Z,2026-09-11T11:01:00Z,0,-50,LKSDB-1,T_LKSDB-1
PN,2026-09-11,24,2026-09-11T10:30:00Z,2026-09-11T11:00:00Z,0,0,LKSDB-1,T_LKSDB-1
PN,2026-09-11,23,2026-09-11T10:00:00Z,2026-09-11T10:30:00Z,0,0,LKSDB-1,T_LKSDB-1
PN,2026-09-11,22,2026-09-11T09:59:00Z,2026-09-11T10:00:00Z,-62,0,LKSDB-1,T_LKSDB-1
PN,2026-09-11,22,2026-09-11T09:31:00Z,2026-09-11T09:59:00Z,-62,-62,LKSDB-1,T_LKSDB-1
PN,2026-09-11,22,2026-09-11T09:30:00Z,2026-09-11T09:31:00Z,0,-62,LKSDB-1,T_LKSDB-1
PN,2026-09-11,21,2026-09-11T09:00:00Z,2026-09-11T09:30:00Z,0,0,LKSDB-1,T_LKSDB-1
PN,2026-09-11,20,2026-09-11T08:30:00Z,2026-09-11T09:00:00Z,0,0,LKSDB-1,T_LKSDB-1
PN,2026-09-11,19,2026-09-11T08:00:00Z,2026-09-11T08:30:00Z,0,0,LKSDB-1,T_LKSDB-1
PN,2026-09-11,18,2026-09-11T07:30:00Z,2026-09-11T08:00:00Z,0,0,LKSDB-1,T_LKSDB-1
PN,2026-09-11,17,2026-09-11T07:00:00Z,2026-09-11T07:30:00Z,0,0,LKSDB-1,T_LKSDB-1
PN,2026-09-11,16,2026-09-11T06:30:00Z,2026-09-11T07:00:00Z,0,0,LKSDB-1,T_LKSDB-1
PN,2026-09-11,15,2026-09-11T06:00:00Z,2026-09-11T06:30:00Z,0,0,LKSDB-1,T_LKSDB-1
PN,2026-09-11,14,2026-09-11T05:30:00Z,2026-09-11T06:00:00Z,0,0,LKSDB-1,T_LKSDB-1
PN,2026-09-11,13,2026-09-11T05:00:00Z,2026-09-11T05:30:00Z,0,0,LKSDB-1,T_LKSDB-1
PN,2026-09-11,12,2026-09-11T04:30:00Z,2026-09-11T05:00:00Z,0,0,LKSDB-1,T_LKSDB-1
PN,2026-09-11,11,2026-09-11T04:00:00Z,2026-09-11T04:30:00Z,0,0,LKSDB-1,T_LKSDB-1
PN,2026-09-11,10,2026-09-11T03:30:00Z,2026-09-11T04:00:00Z,0,0,LKSDB-1,T_LKSDB-1
PN,2026-09-11,9,2026-09-11T03:29:00Z,2026-09-11T03:30:00Z,-12,0,LKSDB-1,T_LKSDB-1
PN,2026-09-11,9,2026-09-11T03:01:00Z,2026-09-11T03:29:00Z,-12,-12,LKSDB-1,T_LKSDB-1
PN,2026-09-11,9,2026-09-11T03:00:00Z,2026-09-11T03:01:00Z,0,-12,LKSDB-1,T_LKSDB-1
PN,2026-09-11,8,2026-09-11T02:59:00Z,2026-09-11T03:00:00Z,-74,0,LKSDB-1,T_LKSDB-1
PN,2026-09-11,8,2026-09-11T02:31:00Z,2026-09-11T02:59:00Z,-74,-74,LKSDB-1,T_LKSDB-1
PN,2026-09-11,8,2026-09-11T02:30:00Z,2026-09-11T02:31:00Z,0,-74,LKSDB-1,T_LKSDB-1
PN,2026-09-11,7,2026-09-11T02:29:00Z,2026-09-11T02:30:00Z,-22,0,LKSDB-1,T_LKSDB-1
PN,2026-09-11,7,2026-09-11T02:01:00Z,2026-09-11T02:29:00Z,-22,-22,LKSDB-1,T_LKSDB-1
PN,2026-09-11,7,2026-09-11T02:00:00Z,2026-09-11T02:01:00Z,0,-22,LKSDB-1,T_LKSDB-1
PN,2026-09-11,6,2026-09-11T01:30:00Z,2026-09-11T02:00:00Z,0,0,LKSDB-1,T_LKSDB-1
PN,2026-09-11,5,2026-09-11T01:29:00Z,2026-09-11T01:30:00Z,-95,0,LKSDB-1,T_LKSDB-1
PN,2026-09-11,5,2026-09-11T01:01:00Z,2026-09-11T01:29:00Z,-95,-95,LKSDB-1,T_LKSDB-1
PN,2026-09-11,5,2026-09-11T01:00:00Z,2026-09-11T01:01:00Z,0,-95,LKSDB-1,T_LKSDB-1
PN,2026-09-11,4,2026-09-11T00:59:00Z,2026-09-11T01:00:00Z,-10,0,LKSDB-1,T_LKSDB-1
PN,2026-09-11,4,2026-09-11T00:31:00Z,2026-09-11T00:59:00Z,-10,-10,LKSDB-1,T_LKSDB-1
PN,2026-09-11,4,2026-09-11T00:30:00Z,2026-09-11T00:31:00Z,0,-10,LKSDB-1,T_LKSDB-1
PN,2026-09-11,3,2026-09-11T00:00:00Z,2026-09-11T00:30:00Z,0,0,LKSDB-1,T_LKSDB-1
PN,2026-09-11,2,2026-09-10T23:30:00Z,2026-09-11T00:00:00Z,0,0,LKSDB-1,T_LKSDB-1
PN,2026-09-11,1,2026-09-10T23:00:00Z,2026-09-10T23:30:00Z,0,0,LKSDB-1,T_LKSDB-1
PN,2026-09-10,48,2026-09-10T22:30:00Z,2026-09-10T23:00:00Z,0,0,LKSDB-1,T_LKSDB-1
PN,2026-09-10,47,2026-09-10T22:00:00Z,2026-09-10T22:30:00Z,0,0,LKSDB-1,T_LKSDB-1
PN,2026-09-10,46,2026-09-10T21:30:00Z,2026-09-10T22:00:00Z,0,0,LKSDB-1,T_LKSDB-1
PN,2026-09-10,45,2026-09-10T21:29:00Z,2026-09-10T21:30:00Z,99,0,LKSDB-1,T_LKSDB-1
PN,2026-09-10,45,2026-09-10T21:01:00Z,2026-09-10T21:29:00Z,99,99,LKSDB-1,T_LKSDB-1
PN,2026-09-10,45,2026-09-10T21:00:00Z,2026-09-10T21:01:00Z,0,99,LKSDB-1,T_LKSDB-1
PN,2026-09-10,44,2026-09-10T20:30:00Z,2026-09-10T21:00:00Z,0,0,LKSDB-1,T_LKSDB-1
PN,2026-09-10,43,2026-09-10T20:29:00Z,2026-09-10T20:30:00Z,99,0,LKSDB-1,T_LKSDB-1
PN,2026-09-10,43,2026-09-10T20:01:00Z,2026-09-10T20:29:00Z,99,99,LKSDB-1,T_LKSDB-1
PN,2026-09-10,43,2026-09-10T20:00:00Z,2026-09-10T20:01:00Z,0,99,LKSDB-1,T_LKSDB-1
PN,2026-09-10,42,2026-09-10T19:30:00Z,2026-09-10T20:00:00Z,0,0,LKSDB-1,T_LKSDB-1
PN,2026-09-10,41,2026-09-10T19:00:00Z,2026-09-10T19:30:00Z,0,0,LKSDB-1,T_LKSDB-1
PN,2026-09-10,40,2026-09-10T18:30:00Z,2026-09-10T19:00:00Z,0,0,LKSDB-1,T_LKSDB-1
PN,2026-09-10,39,2026-09-10T18:00:00Z,2026-09-10T18:30:00Z,0,0,LKSDB-1,T_LKSDB-1
PN,2026-09-10,38,2026-09-10T17:31:00Z,2026-09-10T18:00:00Z,0,0,LKSDB-1,T_LKSDB-1
PN,2026-09-10,38,2026-09-10T17:30:00Z,2026-09-10T17:31:00Z,71,0,LKSDB-1,T_LKSDB-1
PN,2026-09-10,37,2026-09-10T17:01:00Z,2026-09-10T17:30:00Z,71,71,LKSDB-1,T_LKSDB-1
PN,2026-09-10,37,2026-09-10T17:00:00Z,2026-09-10T17:01:00Z,0,71,LKSDB-1,T_LKSDB-1
PN,2026-09-10,36,2026-09-10T16:30:00Z,2026-09-10T17:00:00Z,0,0,LKSDB-1,T_LKSDB-1
PN,2026-09-10,35,2026-09-10T16:00:00Z,2026-09-10T16:30:00Z,0,0,LKSDB-1,T_LKSDB-1
PN,2026-09-10,34,2026-09-10T15:30:00Z,2026-09-10T16:00:00Z,0,0,LKSDB-1,T_LKSDB-1
PN,2026-09-10,33,2026-09-10T15:29:00Z,2026-09-10T15:30:00Z,-12,0,LKSDB-1,T_LKSDB-1
PN,2026-09-10,33,2026-09-10T15:01:00Z,2026-09-10T15:29:00Z,-12,-12,LKSDB-1,T_LKSDB-1
PN,2026-09-10,33,2026-09-10T15:00:00Z,2026-09-10T15:01:00Z,0,-12,LKSDB-1,T_LKSDB-1
PN,2026-09-10,32,2026-09-10T14:59:00Z,2026-09-10T15:00:00Z,-23,0,LKSDB-1,T_LKSDB-1
PN,2026-09-10,32,2026-09-10T14:31:00Z,2026-09-10T14:59:00Z,-23,-23,LKSDB-1,T_LKSDB-1
PN,2026-09-10,32,2026-09-10T14:30:00Z,2026-09-10T14:31:00Z,0,-23,LKSDB-1,T_LKSDB-1
PN,2026-09-10,31,2026-09-10T14:00:00Z,2026-09-10T14:30:00Z,0,0,LKSDB-1,T_LKSDB-1
PN,2026-09-10,30,2026-09-10T13:30:00Z,2026-09-10T14:00:00Z,0,0,LKSDB-1,T_LKSDB-1
PN,2026-09-10,29,2026-09-10T13:00:00Z,2026-09-10T13:30:00Z,0,0,LKSDB-1,T_LKSDB-1
PN,2026-09-10,28,2026-09-10T12:30:00Z,2026-09-10T13:00:00Z,0,0,LKSDB-1,T_LKSDB-1
PN,2026-09-10,27,2026-09-10T12:01:00Z,2026-09-10T12:30:00Z,0,0,LKSDB-1,T_LKSDB-1
PN,2026-09-10,27,2026-09-10T12:00:00Z,2026-09-10T12:01:00Z,-53,0,LKSDB-1,T_LKSDB-1
PN,2026-09-10,26,2026-09-10T11:31:00Z,2026-09-10T12:00:00Z,-53,-53,LKSDB-1,T_LKSDB-1
PN,2026-09-10,26,2026-09-10T11:30:00Z,2026-09-10T11:31:00Z,0,-53,LKSDB-1,T_LKSDB-1
PN,2026-09-10,25,2026-09-10T11:29:00Z,2026-09-10T11:30:00Z,8,0,LKSDB-1,T_LKSDB-1
PN,2026-09-10,25,2026-09-10T11:01:00Z,2026-09-10T11:29:00Z,8,8,LKSDB-1,T_LKSDB-1
PN,2026-09-10,25,2026-09-10T11:00:00Z,2026-09-10T11:01:00Z,0,8,LKSDB-1,T_LKSDB-1
PN,2026-09-10,24,2026-09-10T10:30:00Z,2026-09-10T11:00:00Z,0,0,LKSDB-1,T_LKSDB-1
PN,2026-09-10,23,2026-09-10T10:00:00Z,2026-09-10T10:30:00Z,0,0,LKSDB-1,T_LKSDB-1
PN,2026-09-10,22,2026-09-10T09:59:00Z,2026-09-10T10:00:00Z,17,0,LKSDB-1,T_LKSDB-1
PN,2026-09-10,22,2026-09-10T09:31:00Z,2026-09-10T09:59:00Z,17,17,LKSDB-1,T_LKSDB-1
PN,2026-09-10,22,2026-09-10T09:30:00Z,2026-09-10T09:31:00Z,0,17,LKSDB-1,T_LKSDB-1
PN,2026-09-10,21,2026-09-10T09:29:00Z,2026-09-10T09:30:00Z,16,0,LKSDB-1,T_LKSDB-1
PN,2026-09-10,21,2026-09-10T09:01:00Z,2026-09-10T09:29:00Z,16,16,LKSDB-1,T_LKSDB-1
PN,2026-09-10,21,2026-09-10T09:00:00Z,2026-09-10T09:01:00Z,0,16,LKSDB-1,T_LKSDB-1
PN,2026-09-10,20,2026-09-10T08:30:00Z,2026-09-10T09:00:00Z,0,0,LKSDB-1,T_LKSDB-1
PN,2026-09-10,19,2026-09-10T08:29:00Z,2026-09-10T08:30:00Z,6,0,LKSDB-1,T_LKSDB-1
PN,2026-09-10,19,2026-09-10T08:01:00Z,2026-09-10T08:29:00Z,6,6,LKSDB-1,T_LKSDB-1
PN,2026-09-10,19,2026-09-10T08:00:00Z,2026-09-10T08:01:00Z,0,6,LKSDB-1,T_LKSDB-1
PN,2026-09-10,18,2026-09-10T07:59:00Z,2026-09-10T08:00:00Z,50,0,LKSDB-1,T_LKSDB-1
PN,2026-09-10,18,2026-09-10T07:31:00Z,2026-09-10T07:59:00Z,50,50,LKSDB-1,T_LKSDB-1
PN,2026-09-10,18,2026-09-10T07:30:00Z,2026-09-10T07:31:00Z,5,50,LKSDB-1,T_LKSDB-1
PN,2026-09-10,17,2026-09-10T07:01:00Z,2026-09-10T07:30:00Z,5,5,LKSDB-1,T_LKSDB-1
PN,2026-09-10,17,2026-09-10T07:00:00Z,2026-09-10T07:01:00Z,0,5,LKSDB-1,T_LKSDB-1
PN,2026-09-10,16,2026-09-10T06:59:00Z,2026-09-10T07:00:00Z,99,0,LKSDB-1,T_LKSDB-1
PN,2026-09-10,16,2026-09-10T06:31:00Z,2026-09-10T06:59:00Z,99,99,LKSDB-1,T_LKSDB-1
PN,2026-09-10,16,2026-09-10T06:30:00Z,2026-09-10T06:31:00Z,75,99,LKSDB-1,T_LKSDB-1
PN,2026-09-10,15,2026-09-10T06:00:00Z,2026-09-10T06:30:00Z,75,75,LKSDB-1,T_LKSDB-1
PN,2026-09-10,14,2026-09-10T05:30:00Z,2026-09-10T06:00:00Z,75,75,LKSDB-1,T_LKSDB-1
PN,2026-09-10,13,2026-09-10T05:01:00Z,2026-09-10T05:30:00Z,75,75,LKSDB-1,T_LKSDB-1
PN,2026-09-10,13,2026-09-10T05:00:00Z,2026-09-10T05:01:00Z,0,75,LKSDB-1,T_LKSDB-1
PN,2026-09-10,12,2026-09-10T04:30:00Z,2026-09-10T05:00:00Z,0,0,LKSDB-1,T_LKSDB-1
PN,2026-09-10,11,2026-09-10T04:00:00Z,2026-09-10T04:30:00Z,0,0,LKSDB-1,T_LKSDB-1
PN,2026-09-10,10,2026-09-10T03:30:00Z,2026-09-10T04:00:00Z,0,0,LKSDB-1,T_LKSDB-1
PN,2026-09-10,9,2026-09-10T03:00:00Z,2026-09-10T03:30:00Z,0,0,LKSDB-1,T_LKSDB-1
PN,2026-09-10,8,2026-09-10T02:31:00Z,2026-09-10T03:00:00Z,0,0,LKSDB-1,T_LKSDB-1
PN,2026-09-10,8,2026-09-10T02:30:00Z,2026-09-10T02:31:00Z,-20,0,LKSDB-1,T_LKSDB-1
PN,2026-09-10,7,2026-09-10T02:29:00Z,2026-09-10T02:30:00Z,-39,-20,LKSDB-1,T_LKSDB-1
PN,2026-09-10,7,2026-09-10T02:00:00Z,2026-09-10T02:29:00Z,-39,-39,LKSDB-1,T_LKSDB-1
PN,2026-09-10,6,2026-09-10T01:59:00Z,2026-09-10T02:00:00Z,-40,-39,LKSDB-1,T_LKSDB-1
PN,2026-09-10,6,2026-09-10T01:31:00Z,2026-09-10T01:59:00Z,-40,-40,LKSDB-1,T_LKSDB-1
PN,2026-09-10,6,2026-09-10T01:30:00Z,2026-09-10T01:31:00Z,0,-40,LKSDB-1,T_LKSDB-1
PN,2026-09-10,5,2026-09-10T01:00:00Z,2026-09-10T01:30:00Z,0,0,LKSDB-1,T_LKSDB-1
PN,2026-09-10,4,2026-09-10T00:30:00Z,2026-09-10T01:00:00Z,0,0,LKSDB-1,T_LKSDB-1
PN,2026-09-10,3,2026-09-10T00:00:00Z,2026-09-10T00:30:00Z,0,0,LKSDB-1,T_LKSDB-1
PN,2026-09-10,2,2026-09-09T23:30:00Z,2026-09-10T00:00:00Z,0,0,LKSDB-1,T_LKSDB-1
PN,2026-09-10,1,2026-09-09T23:00:00Z,2026-09-09T23:30:00Z,0,0,LKSDB-1,T_LKSDB-1
PN,2026-09-09,48,2026-09-09T22:30:00Z,2026-09-09T23:00:00Z,0,0,LKSDB-1,T_LKSDB-1
PN,2026-09-09,47,2026-09-09T22:00:00Z,2026-09-09T22:30:00Z,0,0,LKSDB-1,T_LKSDB-1
PN,2026-09-09,46,2026-09-09T21:30:00Z,2026-09-09T22:00:00Z,0,0,LKSDB-1,T_LKSDB-1
PN,2026-09-09,45,2026-09-09T21:00:00Z,2026-09-09T21:30:00Z,0,0,LKSDB-1,T_LKSDB-1
PN,2026-09-09,44,2026-09-09T20:30:00Z,2026-09-09T21:00:00Z,0,0,LKSDB-1,T_LKSDB-1
PN,2026-09-09,43,2026-09-09T20:00:00Z,2026-09-09T20:30:00Z,0,0,LKSDB-1,T_LKSDB-1
PN,2026-09-09,42,2026-09-09T19:30:00Z,2026-09-09T20:00:00Z,0,0,LKSDB-1,T_LKSDB-1
PN,2026-09-09,41,2026-09-09T19:29:00Z,2026-09-09T19:30:00Z,99,0,LKSDB-1,T_LKSDB-1
PN,2026-09-09,41,2026-09-09T19:00:00Z,2026-09-09T19:29:00Z,99,99,LKSDB-1,T_LKSDB-1
PN,2026-09-09,40,2026-09-09T18:30:00Z,2026-09-09T19:00:00Z,99,99,LKSDB-1,T_LKSDB-1
PN,2026-09-09,39,2026-09-09T18:01:00Z,2026-09-09T18:30:00Z,99,99,LKSDB-1,T_LKSDB-1
PN,2026-09-09,39,2026-09-09T18:00:00Z,2026-09-09T18:01:00Z,10,99,LKSDB-1,T_LKSDB-1
PN,2026-09-09,38,2026-09-09T17:30:00Z,2026-09-09T18:00:00Z,10,10,LKSDB-1,T_LKSDB-1
PN,2026-09-09,37,2026-09-09T17:01:00Z,2026-09-09T17:30:00Z,10,10,LKSDB-1,T_LKSDB-1
PN,2026-09-09,37,2026-09-09T17:00:00Z,2026-09-09T17:01:00Z,0,10,LKSDB-1,T_LKSDB-1
PN,2026-09-09,36,2026-09-09T16:30:00Z,2026-09-09T17:00:00Z,0,0,LKSDB-1,T_LKSDB-1
PN,2026-09-09,35,2026-09-09T16:00:00Z,2026-09-09T16:30:00Z,0,0,LKSDB-1,T_LKSDB-1
PN,2026-09-09,34,2026-09-09T15:30:00Z,2026-09-09T16:00:00Z,0,0,LKSDB-1,T_LKSDB-1
PN,2026-09-09,33,2026-09-09T15:00:00Z,2026-09-09T15:30:00Z,0,0,LKSDB-1,T_LKSDB-1
PN,2026-09-09,32,2026-09-09T14:30:00Z,2026-09-09T15:00:00Z,0,0,LKSDB-1,T_LKSDB-1
PN,2026-09-09,31,2026-09-09T14:29:00Z,2026-09-09T14:30:00Z,2,0,LKSDB-1,T_LKSDB-1
PN,2026-09-09,31,2026-09-09T14:00:00Z,2026-09-09T14:29:00Z,2,2,LKSDB-1,T_LKSDB-1
PN,2026-09-09,30,2026-09-09T13:59:00Z,2026-09-09T14:00:00Z,8,2,LKSDB-1,T_LKSDB-1
PN,2026-09-09,30,2026-09-09T13:31:00Z,2026-09-09T13:59:00Z,8,8,LKSDB-1,T_LKSDB-1
PN,2026-09-09,30,2026-09-09T13:30:00Z,2026-09-09T13:31:00Z,4,8,LKSDB-1,T_LKSDB-1
PN,2026-09-09,29,2026-09-09T13:29:00Z,2026-09-09T13:30:00Z,8,4,LKSDB-1,T_LKSDB-1
PN,2026-09-09,29,2026-09-09T13:01:00Z,2026-09-09T13:29:00Z,8,8,LKSDB-1,T_LKSDB-1
PN,2026-09-09,29,2026-09-09T13:00:00Z,2026-09-09T13:01:00Z,4,8,LKSDB-1,T_LKSDB-1
PN,2026-09-09,28,2026-09-09T12:59:00Z,2026-09-09T13:00:00Z,8,4,LKSDB-1,T_LKSDB-1
PN,2026-09-09,28,2026-09-09T12:31:00Z,2026-09-09T12:59:00Z,8,8,LKSDB-1,T_LKSDB-1
PN,2026-09-09,28,2026-09-09T12:30:00Z,2026-09-09T12:31:00Z,5,8,LKSDB-1,T_LKSDB-1
PN,2026-09-09,27,2026-09-09T12:29:00Z,2026-09-09T12:30:00Z,8,5,LKSDB-1,T_LKSDB-1
PN,2026-09-09,27,2026-09-09T12:00:00Z,2026-09-09T12:29:00Z,8,8,LKSDB-1,T_LKSDB-1
PN,2026-09-09,26,2026-09-09T11:31:00Z,2026-09-09T12:00:00Z,8,8,LKSDB-1,T_LKSDB-1
PN,2026-09-09,26,2026-09-09T11:30:00Z,2026-09-09T11:31:00Z,0,8,LKSDB-1,T_LKSDB-1
PN,2026-09-09,25,2026-09-09T11:29:00Z,2026-09-09T11:30:00Z,8,0,LKSDB-1,T_LKSDB-1
PN,2026-09-09,25,2026-09-09T11:01:00Z,2026-09-09T11:29:00Z,8,8,LKSDB-1,T_LKSDB-1
PN,2026-09-09,25,2026-09-09T11:00:00Z,2026-09-09T11:01:00Z,0,8,LKSDB-1,T_LKSDB-1
PN,2026-09-09,24,2026-09-09T10:59:00Z,2026-09-09T11:00:00Z,8,0,LKSDB-1,T_LKSDB-1
PN,2026-09-09,24,2026-09-09T10:31:00Z,2026-09-09T10:59:00Z,8,8,LKSDB-1,T_LKSDB-1
PN,2026-09-09,24,2026-09-09T10:30:00Z,2026-09-09T10:31:00Z,0,8,LKSDB-1,T_LKSDB-1
PN,2026-09-09,23,2026-09-09T10:00:00Z,2026-09-09T10:30:00Z,0,0,LKSDB-1,T_LKSDB-1
PN,2026-09-09,22,2026-09-09T09:30:00Z,2026-09-09T10:00:00Z,0,0,LKSDB-1,T_LKSDB-1
PN,2026-09-09,21,2026-09-09T09:00:00Z,2026-09-09T09:30:00Z,0,0,LKSDB-1,T_LKSDB-1
PN,2026-09-09,20,2026-09-09T08:30:00Z,2026-09-09T09:00:00Z,0,0,LKSDB-1,T_LKSDB-1
PN,2026-09-09,19,2026-09-09T08:00:00Z,2026-09-09T08:30:00Z,0,0,LKSDB-1,T_LKSDB-1
PN,2026-09-09,18,2026-09-09T07:30:00Z,2026-09-09T08:00:00Z,0,0,LKSDB-1,T_LKSDB-1
PN,2026-09-09,17,2026-09-09T07:00:00Z,2026-09-09T07:30:00Z,0,0,LKSDB-1,T_LKSDB-1
PN,2026-09-09,16,2026-09-09T06:59:00Z,2026-09-09T07:00:00Z,74,0,LKSDB-1,T_LKSDB-1
PN,2026-09-09,16,2026-09-09T06:31:00Z,2026-09-09T06:59:00Z,74,74,LKSDB-1,T_LKSDB-1
PN,2026-09-09,16,2026-09-09T06:30:00Z,2026-09-09T06:31:00Z,58,74,LKSDB-1,T_LKSDB-1
PN,2026-09-09,15,2026-09-09T06:01:00Z,2026-09-09T06:30:00Z,58,58,LKSDB-1,T_LKSDB-1
PN,2026-09-09,15,2026-09-09T06:00:00Z,2026-09-09T06:01:00Z,50,58,LKSDB-1,T_LKSDB-1
PN,2026-09-09,14,2026-09-09T05:31:00Z,2026-09-09T06:00:00Z,50,50,LKSDB-1,T_LKSDB-1
PN,2026-09-09,14,2026-09-09T05:30:00Z,2026-09-09T05:31:00Z,0,50,LKSDB-1,T_LKSDB-1
PN,2026-09-09,13,2026-09-09T05:00:00Z,2026-09-09T05:30:00Z,0,0,LKSDB-1,T_LKSDB-1
PN,2026-09-09,12,2026-09-09T04:30:00Z,2026-09-09T05:00:00Z,0,0,LKSDB-1,T_LKSDB-1
PN,2026-09-09,11,2026-09-09T04:00:00Z,2026-09-09T04:30:00Z,0,0,LKSDB-1,T_LKSDB-1
PN,2026-09-09,10,2026-09-09T03:30:00Z,2026-09-09T04:00:00Z,0,0,LKSDB-1,T_LKSDB-1
PN,2026-09-09,9,2026-09-09T03:00:00Z,2026-09-09T03:30:00Z,0,0,LKSDB-1,T_LKSDB-1
PN,2026-09-09,8,2026-09-09T02:30:00Z,2026-09-09T03:00:00Z,0,0,LKSDB-1,T_LKSDB-1
PN,2026-09-09,7,2026-09-09T02:00:00Z,2026-09-09T02:30:00Z,0,0,LKSDB-1,T_LKSDB-1
PN,2026-09-09,6,2026-09-09T01:30:00Z,2026-09-09T02:00:00Z,0,0,LKSDB-1,T_LKSDB-1
PN,2026-09-09,5,2026-09-09T01:00:00Z,2026-09-09T01:30:00Z,0,0,LKSDB-1,T_LKSDB-1
PN,2026-09-09,4,2026-09-09T00:30:00Z,2026-09-09T01:00:00Z,0,0,LKSDB-1,T_LKSDB-1
PN,2026-09-09,3,2026-09-09T00:00:00Z,2026-09-09T00:30:00Z,0,0,LKSDB-1,T_LKSDB-1
PN,2026-09-09,2,2026-09-08T23:30:00Z,2026-09-09T00:00:00Z,0,0,LKSDB-1,T_LKSDB-1
PN,2026-09-09,1,2026-09-08T23:00:00Z,2026-09-08T23:30:00Z,0,0,LKSDB-1,T_LKSDB-1
PN,2026-09-08,48,2026-09-08T22:30:00Z,2026-09-08T23:00:00Z,0,0,LKSDB-1,T_LKSDB-1
PN,2026-09-08,47,2026-09-08T22:00:00Z,2026-09-08T22:30:00Z,0,0,LKSDB-1,T_LKSDB-1
PN,2026-09-08,46,2026-09-08T21:30:00Z,2026-09-08T22:00:00Z,0,0,LKSDB-1,T_LKSDB-1
PN,2026-09-08,45,2026-09-08T21:00:00Z,2026-09-08T21:30:00Z,0,0,LKSDB-1,T_LKSDB-1
PN,2026-09-08,44,2026-09-08T20:30:00Z,2026-09-08T21:00:00Z,0,0,LKSDB-1,T_LKSDB-1
PN,2026-09-08,43,2026-09-08T20:29:00Z,2026-09-08T20:30:00Z,98,0,LKSDB-1,T_LKSDB-1
PN,2026-09-08,43,2026-09-08T20:00:00Z,2026-09-08T20:29:00Z,98,98,LKSDB-1,T_LKSDB-1
PN,2026-09-08,42,2026-09-08T19:59:00Z,2026-09-08T20:00:00Z,99,98,LKSDB-1,T_LKSDB-1
PN,2026-09-08,42,2026-09-08T19:31:00Z,2026-09-08T19:59:00Z,99,99,LKSDB-1,T_LKSDB-1
PN,2026-09-08,42,2026-09-08T19:30:00Z,2026-09-08T19:31:00Z,10,99,LKSDB-1,T_LKSDB-1
PN,2026-09-08,41,2026-09-08T19:29:00Z,2026-09-08T19:30:00Z,81,10,LKSDB-1,T_LKSDB-1
PN,2026-09-08,41,2026-09-08T19:00:00Z,2026-09-08T19:29:00Z,81,81,LKSDB-1,T_LKSDB-1
PN,2026-09-08,40,2026-09-08T18:59:00Z,2026-09-08T19:00:00Z,85,81,LKSDB-1,T_LKSDB-1
PN,2026-09-08,40,2026-09-08T18:31:00Z,2026-09-08T18:59:00Z,85,85,LKSDB-1,T_LKSDB-1
PN,2026-09-08,40,2026-09-08T18:30:00Z,2026-09-08T18:31:00Z,73,85,LKSDB-1,T_LKSDB-1
PN,2026-09-08,39,2026-09-08T18:01:00Z,2026-09-08T18:30:00Z,73,73,LKSDB-1,T_LKSDB-1
PN,2026-09-08,39,2026-09-08T18:00:00Z,2026-09-08T18:01:00Z,62,73,LKSDB-1,T_LKSDB-1
PN,2026-09-08,38,2026-09-08T17:31:00Z,2026-09-08T18:00:00Z,62,62,LKSDB-1,T_LKSDB-1
PN,2026-09-08,38,2026-09-08T17:30:00Z,2026-09-08T17:31:00Z,15,62,LKSDB-1,T_LKSDB-1
PN,2026-09-08,37,2026-09-08T17:01:00Z,2026-09-08T17:30:00Z,15,15,LKSDB-1,T_LKSDB-1
PN,2026-09-08,37,2026-09-08T17:00:00Z,2026-09-08T17:01:00Z,0,15,LKSDB-1,T_LKSDB-1
PN,2026-09-08,36,2026-09-08T16:30:00Z,2026-09-08T17:00:00Z,0,0,LKSDB-1,T_LKSDB-1
PN,2026-09-08,35,2026-09-08T16:00:00Z,2026-09-08T16:30:00Z,0,0,LKSDB-1,T_LKSDB-1
PN,2026-09-08,34,2026-09-08T15:59:00Z,2026-09-08T16:00:00Z,-27,0,LKSDB-1,T_LKSDB-1
PN,2026-09-08,34,2026-09-08T15:30:00Z,2026-09-08T15:59:00Z,-27,-27,LKSDB-1,T_LKSDB-1
PN,2026-09-08,33,2026-09-08T15:29:00Z,2026-09-08T15:30:00Z,-31,-27,LKSDB-1,T_LKSDB-1
PN,2026-09-08,33,2026-09-08T15:00:00Z,2026-09-08T15:29:00Z,-31,-31,LKSDB-1,T_LKSDB-1
PN,2026-09-08,32,2026-09-08T14:59:00Z,2026-09-08T15:00:00Z,-70,-31,LKSDB-1,T_LKSDB-1
PN,2026-09-08,32,2026-09-08T14:30:00Z,2026-09-08T14:59:00Z,-70,-70,LKSDB-1,T_LKSDB-1
PN,2026-09-08,31,2026-09-08T14:00:00Z,2026-09-08T14:30:00Z,-70,-70,LKSDB-1,T_LKSDB-1
PN,2026-09-08,30,2026-09-08T13:59:00Z,2026-09-08T14:00:00Z,-74,-70,LKSDB-1,T_LKSDB-1
PN,2026-09-08,30,2026-09-08T13:31:00Z,2026-09-08T13:59:00Z,-74,-74,LKSDB-1,T_LKSDB-1
PN,2026-09-08,30,2026-09-08T13:30:00Z,2026-09-08T13:31:00Z,-52,-74,LKSDB-1,T_LKSDB-1
PN,2026-09-08,29,2026-09-08T13:01:00Z,2026-09-08T13:30:00Z,-52,-52,LKSDB-1,T_LKSDB-1
PN,2026-09-08,29,2026-09-08T13:00:00Z,2026-09-08T13:01:00Z,0,-52,LKSDB-1,T_LKSDB-1
PN,2026-09-08,28,2026-09-08T12:30:00Z,2026-09-08T13:00:00Z,0,0,LKSDB-1,T_LKSDB-1
PN,2026-09-08,27,2026-09-08T12:29:00Z,2026-09-08T12:30:00Z,-5,0,LKSDB-1,T_LKSDB-1
PN,2026-09-08,27,2026-09-08T12:01:00Z,2026-09-08T12:29:00Z,-5,-5,LKSDB-1,T_LKSDB-1
PN,2026-09-08,27,2026-09-08T12:00:00Z,2026-09-08T12:01:00Z,0,-5,LKSDB-1,T_LKSDB-1
PN,2026-09-08,26,2026-09-08T11:59:00Z,2026-09-08T12:00:00Z,-5,0,LKSDB-1,T_LKSDB-1
PN,2026-09-08,26,2026-09-08T11:31:00Z,2026-09-08T11:59:00Z,-5,-5,LKSDB-1,T_LKSDB-1
PN,2026-09-08,26,2026-09-08T11:30:00Z,2026-09-08T11:31:00Z,0,-5,LKSDB-1,T_LKSDB-1
PN,2026-09-08,25,2026-09-08T11:29:00Z,2026-09-08T11:30:00Z,-5,0,LKSDB-1,T_LKSDB-1
PN,2026-09-08,25,2026-09-08T11:01:00Z,2026-09-08T11:29:00Z,-5,-5,LKSDB-1,T_LKSDB-1
PN,2026-09-08,25,2026-09-08T11:00:00Z,2026-09-08T11:01:00Z,0,-5,LKSDB-1,T_LKSDB-1
PN,2026-09-08,24,2026-09-08T10:59:00Z,2026-09-08T11:00:00Z,-5,0,LKSDB-1,T_LKSDB-1
PN,2026-09-08,24,2026-09-08T10:31:00Z,2026-09-08T10:59:00Z,-5,-5,LKSDB-1,T_LKSDB-1
PN,2026-09-08,24,2026-09-08T10:30:00Z,2026-09-08T10:31:00Z,0,-5,LKSDB-1,T_LKSDB-1
PN,2026-09-08,23,2026-09-08T10:29:00Z,2026-09-08T10:30:00Z,-5,0,LKSDB-1,T_LKSDB-1
PN,2026-09-08,23,2026-09-08T10:01:00Z,2026-09-08T10:29:00Z,-5,-5,LKSDB-1,T_LKSDB-1
PN,2026-09-08,23,2026-09-08T10:00:00Z,2026-09-08T10:01:00Z,0,-5,LKSDB-1,T_LKSDB-1
PN,2026-09-08,22,2026-09-08T09:30:00Z,2026-09-08T10:00:00Z,0,0,LKSDB-1,T_LKSDB-1
PN,2026-09-08,21,2026-09-08T09:00:00Z,2026-09-08T09:30:00Z,0,0,LKSDB-1,T_LKSDB-1
PN,2026-09-08,20,2026-09-08T08:30:00Z,2026-09-08T09:00:00Z,0,0,LKSDB-1,T_LKSDB-1
PN,2026-09-08,19,2026-09-08T08:00:00Z,2026-09-08T08:30:00Z,0,0,LKSDB-1,T_LKSDB-1
PN,2026-09-08,18,2026-09-08T07:30:00Z,2026-09-08T08:00:00Z,0,0,LKSDB-1,T_LKSDB-1
PN,2026-09-08,17,2026-09-08T07:00:00Z,2026-09-08T07:30:00Z,0,0,LKSDB-1,T_LKSDB-1
PN,2026-09-08,16,2026-09-08T06:30:00Z,2026-09-08T07:00:00Z,0,0,LKSDB-1,T_LKSDB-1
PN,2026-09-08,15,2026-09-08T06:00:00Z,2026-09-08T06:30:00Z,0,0,LKSDB-1,T_LKSDB-1
PN,2026-09-08,14,2026-09-08T05:30:00Z,2026-09-08T06:00:00Z,0,0,LKSDB-1,T_LKSDB-1
PN,2026-09-08,13,2026-09-08T05:00:00Z,2026-09-08T05:30:00Z,0,0,LKSDB-1,T_LKSDB-1
PN,2026-09-08,12,2026-09-08T04:30:00Z,2026-09-08T05:00:00Z,0,0,LKSDB-1,T_LKSDB-1
PN,2026-09-08,11,2026-09-08T04:00:00Z,2026-09-08T04:30:00Z,0,0,LKSDB-1,T_LKSDB-1
PN,2026-09-08,10,2026-09-08T03:30:00Z,2026-09-08T04:00:00Z,0,0,LKSDB-1,T_LKSDB-1
PN,2026-09-08,9,2026-09-08T03:00:00Z,2026-09-08T03:30:00Z,0,0,LKSDB-1,T_LKSDB-1
PN,2026-09-08,8,2026-09-08T02:30:00Z,2026-09-08T03:00:00Z,0,0,LKSDB-1,T_LKSDB-1
PN,2026-09-08,7,2026-09-08T02:29:00Z,2026-09-08T02:30:00Z,-24,0,LKSDB-1,T_LKSDB-1
PN,2026-09-08,7,2026-09-08T02:00:00Z,2026-09-08T02:29:00Z,-24,-24,LKSDB-1,T_LKSDB-1
PN,2026-09-08,6,2026-09-08T01:30:00Z,2026-09-08T02:00:00Z,-24,-24,LKSDB-1,T_LKSDB-1
PN,2026-09-08,5,2026-09-08T01:00:00Z,2026-09-08T01:30:00Z,-24,-24,LKSDB-1,T_LKSDB-1
PN,2026-09-08,4,2026-09-08T00:31:00Z,2026-09-08T01:00:00Z,-24,-24,LKSDB-1,T_LKSDB-1
PN,2026-09-08,4,2026-09-08T00:30:00Z,2026-09-08T00:31:00Z,0,-24,LKSDB-1,T_LKSDB-1
PN,2026-09-08,3,2026-09-08T00:00:00Z,2026-09-08T00:30:00Z,0,0,LKSDB-1,T_LKSDB-1
PN,2026-09-08,2,2026-09-07T23:30:00Z,2026-09-08T00:00:00Z,0,0,LKSDB-1,T_LKSDB-1
PN,2026-09-08,1,2026-09-07T23:00:00Z,2026-09-07T23:30:00Z,0,0,LKSDB-1,T_LKSDB-1
PN,2026-09-07,48,2026-09-07T22:30:00Z,2026-09-07T23:00:00Z,0,0,LKSDB-1,T_LKSDB-1
PN,2026-09-07,47,2026-09-07T22:00:00Z,2026-09-07T22:30:00Z,0,0,LKSDB-1,T_LKSDB-1
PN,2026-09-07,46,2026-09-07T21:59:00Z,2026-09-07T22:00:00Z,-38,0,LKSDB-1,T_LKSDB-1
PN,2026-09-07,46,2026-09-07T21:31:00Z,2026-09-07T21:59:00Z,-38,-38,LKSDB-1,T_LKSDB-1
PN,2026-09-07,46,2026-09-07T21:30:00Z,2026-09-07T21:31:00Z,0,-38,LKSDB-1,T_LKSDB-1
PN,2026-09-07,45,2026-09-07T21:00:00Z,2026-09-07T21:30:00Z,0,0,LKSDB-1,T_LKSDB-1
PN,2026-09-07,44,2026-09-07T20:30:00Z,2026-09-07T21:00:00Z,0,0,LKSDB-1,T_LKSDB-1
PN,2026-09-07,43,2026-09-07T20:00:00Z,2026-09-07T20:30:00Z,0,0,LKSDB-1,T_LKSDB-1
PN,2026-09-07,42,2026-09-07T19:30:00Z,2026-09-07T20:00:00Z,0,0,LKSDB-1,T_LKSDB-1
PN,2026-09-07,41,2026-09-07T19:29:00Z,2026-09-07T19:30:00Z,21,0,LKSDB-1,T_LKSDB-1
PN,2026-09-07,41,2026-09-07T19:01:00Z,2026-09-07T19:29:00Z,21,21,LKSDB-1,T_LKSDB-1
PN,2026-09-07,41,2026-09-07T19:00:00Z,2026-09-07T19:01:00Z,0,21,LKSDB-1,T_LKSDB-1
PN,2026-09-07,40,2026-09-07T18:59:00Z,2026-09-07T19:00:00Z,39,0,LKSDB-1,T_LKSDB-1
PN,2026-09-07,40,2026-09-07T18:31:00Z,2026-09-07T18:59:00Z,39,39,LKSDB-1,T_LKSDB-1
PN,2026-09-07,40,2026-09-07T18:30:00Z,2026-09-07T18:31:00Z,32,39,LKSDB-1,T_LKSDB-1
PN,2026-09-07,39,2026-09-07T18:29:00Z,2026-09-07T18:30:00Z,73,32,LKSDB-1,T_LKSDB-1
PN,2026-09-07,39,2026-09-07T18:01:00Z,2026-09-07T18:29:00Z,73,73,LKSDB-1,T_LKSDB-1
PN,2026-09-07,39,2026-09-07T18:00:00Z,2026-09-07T18:01:00Z,68,73,LKSDB-1,T_LKSDB-1
PN,2026-09-07,38,2026-09-07T17:30:00Z,2026-09-07T18:00:00Z,68,68,LKSDB-1,T_LKSDB-1
PN,2026-09-07,37,2026-09-07T17:01:00Z,2026-09-07T17:30:00Z,68,68,LKSDB-1,T_LKSDB-1
PN,2026-09-07,37,2026-09-07T17:00:00Z,2026-09-07T17:01:00Z,20,68,LKSDB-1,T_LKSDB-1
PN,2026-09-07,36,2026-09-07T16:31:00Z,2026-09-07T17:00:00Z,20,20,LKSDB-1,T_LKSDB-1
PN,2026-09-07,36,2026-09-07T16:30:00Z,2026-09-07T16:31:00Z,3,20,LKSDB-1,T_LKSDB-1
PN,2026-09-07,35,2026-09-07T16:01:00Z,2026-09-07T16:30:00Z,3,3,LKSDB-1,T_LKSDB-1
PN,2026-09-07,35,2026-09-07T16:00:00Z,2026-09-07T16:01:00Z,0,3,LKSDB-1,T_LKSDB-1
PN,2026-09-07,34,2026-09-07T15:30:00Z,2026-09-07T16:00:00Z,0,0,LKSDB-1,T_LKSDB-1
PN,2026-09-07,33,2026-09-07T15:00:00Z,2026-09-07T15:30:00Z,0,0,LKSDB-1,T_LKSDB-1
PN,2026-09-07,32,2026-09-07T14:30:00Z,2026-09-07T15:00:00Z,0,0,LKSDB-1,T_LKSDB-1
PN,2026-09-07,31,2026-09-07T14:29:00Z,2026-09-07T14:30:00Z,-31,0,LKSDB-1,T_LKSDB-1
PN,2026-09-07,31,2026-09-07T14:01:00Z,2026-09-07T14:29:00Z,-31,-31,LKSDB-1,T_LKSDB-1
PN,2026-09-07,31,2026-09-07T14:00:00Z,2026-09-07T14:01:00Z,-20,-31,LKSDB-1,T_LKSDB-1
PN,2026-09-07,30,2026-09-07T13:59:00Z,2026-09-07T14:00:00Z,-74,-20,LKSDB-1,T_LKSDB-1
PN,2026-09-07,30,2026-09-07T13:30:00Z,2026-09-07T13:59:00Z,-74,-74,LKSDB-1,T_LKSDB-1
PN,2026-09-07,29,2026-09-07T13:00:00Z,2026-09-07T13:30:00Z,-74,-74,LKSDB-1,T_LKSDB-1
PN,2026-09-07,28,2026-09-07T12:30:00Z,2026-09-07T13:00:00Z,-74,-74,LKSDB-1,T_LKSDB-1
PN,2026-09-07,27,2026-09-07T12:01:00Z,2026-09-07T12:30:00Z,-74,-74,LKSDB-1,T_LKSDB-1
PN,2026-09-07,27,2026-09-07T12:00:00Z,2026-09-07T12:01:00Z,0,-74,LKSDB-1,T_LKSDB-1
PN,2026-09-07,26,2026-09-07T11:30:00Z,2026-09-07T12:00:00Z,0,0,LKSDB-1,T_LKSDB-1
PN,2026-09-07,25,2026-09-07T11:29:00Z,2026-09-07T11:30:00Z,-15,0,LKSDB-1,T_LKSDB-1
PN,2026-09-07,25,2026-09-07T11:01:00Z,2026-09-07T11:29:00Z,-15,-15,LKSDB-1,T_LKSDB-1
PN,2026-09-07,25,2026-09-07T11:00:00Z,2026-09-07T11:01:00Z,0,-15,LKSDB-1,T_LKSDB-1
PN,2026-09-07,24,2026-09-07T10:30:00Z,2026-09-07T11:00:00Z,0,0,LKSDB-1,T_LKSDB-1
PN,2026-09-07,23,2026-09-07T10:00:00Z,2026-09-07T10:30:00Z,0,0,LKSDB-1,T_LKSDB-1
PN,2026-09-07,22,2026-09-07T09:59:00Z,2026-09-07T10:00:00Z,-20,0,LKSDB-1,T_LKSDB-1
PN,2026-09-07,22,2026-09-07T09:31:00Z,2026-09-07T09:59:00Z,-20,-20,LKSDB-1,T_LKSDB-1
PN,2026-09-07,22,2026-09-07T09:30:00Z,2026-09-07T09:31:00Z,0,-20,LKSDB-1,T_LKSDB-1
PN,2026-09-07,21,2026-09-07T09:00:00Z,2026-09-07T09:30:00Z,0,0,LKSDB-1,T_LKSDB-1
PN,2026-09-07,20,2026-09-07T08:30:00Z,2026-09-07T09:00:00Z,0,0,LKSDB-1,T_LKSDB-1
PN,2026-09-07,19,2026-09-07T08:00:00Z,2026-09-07T08:30:00Z,0,0,LKSDB-1,T_LKSDB-1
PN,2026-09-07,18,2026-09-07T07:30:00Z,2026-09-07T08:00:00Z,0,0,LKSDB-1,T_LKSDB-1
PN,2026-09-07,17,2026-09-07T07:01:00Z,2026-09-07T07:30:00Z,0,0,LKSDB-1,T_LKSDB-1
PN,2026-09-07,17,2026-09-07T07:00:00Z,2026-09-07T07:01:00Z,8,0,LKSDB-1,T_LKSDB-1
PN,2026-09-07,16,2026-09-07T06:59:00Z,2026-09-07T07:00:00Z,99,8,LKSDB-1,T_LKSDB-1
PN,2026-09-07,16,2026-09-07T06:31:00Z,2026-09-07T06:59:00Z,99,99,LKSDB-1,T_LKSDB-1
PN,2026-09-07,16,2026-09-07T06:30:00Z,2026-09-07T06:31:00Z,52,99,LKSDB-1,T_LKSDB-1
PN,2026-09-07,15,2026-09-07T06:29:00Z,2026-09-07T06:30:00Z,65,52,LKSDB-1,T_LKSDB-1
PN,2026-09-07,15,2026-09-07T06:01:00Z,2026-09-07T06:29:00Z,65,65,LKSDB-1,T_LKSDB-1
PN,2026-09-07,15,2026-09-07T06:00:00Z,2026-09-07T06:01:00Z,51,65,LKSDB-1,T_LKSDB-1
PN,2026-09-07,14,2026-09-07T05:59:00Z,2026-09-07T06:00:00Z,73,51,LKSDB-1,T_LKSDB-1
PN,2026-09-07,14,2026-09-07T05:31:00Z,2026-09-07T05:59:00Z,73,73,LKSDB-1,T_LKSDB-1
PN,2026-09-07,14,2026-09-07T05:30:00Z,2026-09-07T05:31:00Z,28,73,LKSDB-1,T_LKSDB-1
PN,2026-09-07,13,2026-09-07T05:00:00Z,2026-09-07T05:30:00Z,28,28,LKSDB-1,T_LKSDB-1
PN,2026-09-07,12,2026-09-07T04:59:00Z,2026-09-07T05:00:00Z,50,28,LKSDB-1,T_LKSDB-1
PN,2026-09-07,12,2026-09-07T04:31:00Z,2026-09-07T04:59:00Z,50,50,LKSDB-1,T_LKSDB-1
PN,2026-09-07,12,2026-09-07T04:30:00Z,2026-09-07T04:31:00Z,25,50,LKSDB-1,T_LKSDB-1
PN,2026-09-07,11,2026-09-07T04:00:00Z,2026-09-07T04:30:00Z,25,25,LKSDB-1,T_LKSDB-1
PN,2026-09-07,10,2026-09-07T03:31:00Z,2026-09-07T04:00:00Z,25,25,LKSDB-1,T_LKSDB-1
PN,2026-09-07,10,2026-09-07T03:30:00Z,2026-09-07T03:31:00Z,0,25,LKSDB-1,T_LKSDB-1
PN,2026-09-07,9,2026-09-07T03:00:00Z,2026-09-07T03:30:00Z,0,0,LKSDB-1,T_LKSDB-1
PN,2026-09-07,8,2026-09-07T02:30:00Z,2026-09-07T03:00:00Z,0,0,LKSDB-1,T_LKSDB-1
PN,2026-09-07,7,2026-09-07T02:00:00Z,2026-09-07T02:30:00Z,0,0,LKSDB-1,T_LKSDB-1
PN,2026-09-07,6,2026-09-07T01:59:00Z,2026-09-07T02:00:00Z,-52,0,LKSDB-1,T_LKSDB-1
PN,2026-09-07,6,2026-09-07T01:31:00Z,2026-09-07T01:59:00Z,-52,-52,LKSDB-1,T_LKSDB-1
PN,2026-09-07,6,2026-09-07T01:30:00Z,2026-09-07T01:31:00Z,-34,-52,LKSDB-1,T_LKSDB-1
PN,2026-09-07,5,2026-09-07T01:29:00Z,2026-09-07T01:30:00Z,-99,-34,LKSDB-1,T_LKSDB-1
PN,2026-09-07,5,2026-09-07T01:01:00Z,2026-09-07T01:29:00Z,-99,-99,LKSDB-1,T_LKSDB-1
PN,2026-09-07,5,2026-09-07T01:00:00Z,2026-09-07T01:01:00Z,-52,-99,LKSDB-1,T_LKSDB-1
PN,2026-09-07,4,2026-09-07T00:59:00Z,2026-09-07T01:00:00Z,-99,-52,LKSDB-1,T_LKSDB-1
PN,2026-09-07,4,2026-09-07T00:31:00Z,2026-09-07T00:59:00Z,-99,-99,LKSDB-1,T_LKSDB-1
PN,2026-09-07,4,2026-09-07T00:30:00Z,2026-09-07T00:31:00Z,-52,-99,LKSDB-1,T_LKSDB-1
PN,2026-09-07,3,2026-09-07T00:29:00Z,2026-09-07T00:30:00Z,-99,-52,LKSDB-1,T_LKSDB-1
PN,2026-09-07,3,2026-09-07T00:01:00Z,2026-09-07T00:29:00Z,-99,-99,LKSDB-1,T_LKSDB-1
PN,2026-09-07,3,2026-09-07T00:00:00Z,2026-09-07T00:01:00Z,0,-99,LKSDB-1,T_LKSDB-1
PN,2026-09-07,2,2026-09-06T23:30:00Z,2026-09-07T00:00:00Z,0,0,LKSDB-1,T_LKSDB-1
PN,2026-09-07,1,2026-09-06T23:00:00Z,2026-09-06T23:30:00Z,0,0,LKSDB-1,T_LKSDB-1
PN,2026-09-06,48,2026-09-06T22:30:00Z,2026-09-06T23:00:00Z,0,0,LKSDB-1,T_LKSDB-1
PN,2026-09-06,47,2026-09-06T22:00:00Z,2026-09-06T22:30:00Z,0,0,LKSDB-1,T_LKSDB-1
PN,2026-09-06,46,2026-09-06T21:30:00Z,2026-09-06T22:00:00Z,0,0,LKSDB-1,T_LKSDB-1
PN,2026-09-06,45,2026-09-06T21:00:00Z,2026-09-06T21:30:00Z,0,0,LKSDB-1,T_LKSDB-1
PN,2026-09-06,44,2026-09-06T20:30:00Z,2026-09-06T21:00:00Z,0,0,LKSDB-1,T_LKSDB-1
PN,2026-09-06,43,2026-09-06T20:00:00Z,2026-09-06T20:30:00Z,0,0,LKSDB-1,T_LKSDB-1
PN,2026-09-06,42,2026-09-06T19:30:00Z,2026-09-06T20:00:00Z,0,0,LKSDB-1,T_LKSDB-1
PN,2026-09-06,41,2026-09-06T19:00:00Z,2026-09-06T19:30:00Z,0,0,LKSDB-1,T_LKSDB-1
PN,2026-09-06,40,2026-09-06T18:59:00Z,2026-09-06T19:00:00Z,74,0,LKSDB-1,T_LKSDB-1
PN,2026-09-06,40,2026-09-06T18:31:00Z,2026-09-06T18:59:00Z,74,74,LKSDB-1,T_LKSDB-1
PN,2026-09-06,40,2026-09-06T18:30:00Z,2026-09-06T18:31:00Z,30,74,LKSDB-1,T_LKSDB-1
PN,2026-09-06,39,2026-09-06T18:01:00Z,2026-09-06T18:30:00Z,30,30,LKSDB-1,T_LKSDB-1
PN,2026-09-06,39,2026-09-06T18:00:00Z,2026-09-06T18:01:00Z,55,30,LKSDB-1,T_LKSDB-1
PN,2026-09-06,38,2026-09-06T17:31:00Z,2026-09-06T18:00:00Z,55,55,LKSDB-1,T_LKSDB-1
PN,2026-09-06,38,2026-09-06T17:30:00Z,2026-09-06T17:31:00Z,60,55,LKSDB-1,T_LKSDB-1
PN,2026-09-06,37,2026-09-06T17:01:00Z,2026-09-06T17:30:00Z,60,60,LKSDB-1,T_LKSDB-1
PN,2026-09-06,37,2026-09-06T17:00:00Z,2026-09-06T17:01:00Z,0,60,LKSDB-1,T_LKSDB-1
PN,2026-09-06,36,2026-09-06T16:30:00Z,2026-09-06T17:00:00Z,0,0,LKSDB-1,T_LKSDB-1
PN,2026-09-06,35,2026-09-06T16:00:00Z,2026-09-06T16:30:00Z,0,0,LKSDB-1,T_LKSDB-1
PN,2026-09-06,34,2026-09-06T15:30:00Z,2026-09-06T16:00:00Z,0,0,LKSDB-1,T_LKSDB-1
PN,2026-09-06,33,2026-09-06T15:00:00Z,2026-09-06T15:30:00Z,0,0,LKSDB-1,T_LKSDB-1
PN,2026-09-06,32,2026-09-06T14:59:00Z,2026-09-06T15:00:00Z,-7,0,LKSDB-1,T_LKSDB-1
PN,2026-09-06,32,2026-09-06T14:31:00Z,2026-09-06T14:59:00Z,-7,-7,LKSDB-1,T_LKSDB-1
PN,2026-09-06,32,2026-09-06T14:30:00Z,2026-09-06T14:31:00Z,0,-7,LKSDB-1,T_LKSDB-1
PN,2026-09-06,31,2026-09-06T14:29:00Z,2026-09-06T14:30:00Z,-69,0,LKSDB-1,T_LKSDB-1
PN,2026-09-06,31,2026-09-06T14:01:00Z,2026-09-06T14:29:00Z,-69,-69,LKSDB-1,T_LKSDB-1
PN,2026-09-06,31,2026-09-06T14:00:00Z,2026-09-06T14:01:00Z,-39,-69,LKSDB-1,T_LKSDB-1
PN,2026-09-06,30,2026-09-06T13:30:00Z,2026-09-06T14:00:00Z,-39,-39,LKSDB-1,T_LKSDB-1
PN,2026-09-06,29,2026-09-06T13:00:00Z,2026-09-06T13:30:00Z,-39,-39,LKSDB-1,T_LKSDB-1
PN,2026-09-06,28,2026-09-06T12:30:00Z,2026-09-06T13:00:00Z,-39,-39,LKSDB-1,T_LKSDB-1
PN,2026-09-06,27,2026-09-06T12:01:00Z,2026-09-06T12:30:00Z,-39,-39,LKSDB-1,T_LKSDB-1
PN,2026-09-06,27,2026-09-06T12:00:00Z,2026-09-06T12:01:00Z,-24,-39,LKSDB-1,T_LKSDB-1
PN,2026-09-06,26,2026-09-06T11:30:00Z,2026-09-06T12:00:00Z,-24,-24,LKSDB-1,T_LKSDB-1
PN,2026-09-06,25,2026-09-06T11:01:00Z,2026-09-06T11:30:00Z,-24,-24,LKSDB-1,T_LKSDB-1
PN,2026-09-06,25,2026-09-06T11:00:00Z,2026-09-06T11:01:00Z,0,-24,LKSDB-1,T_LKSDB-1
PN,2026-09-06,24,2026-09-06T10:30:00Z,2026-09-06T11:00:00Z,0,0,LKSDB-1,T_LKSDB-1
PN,2026-09-06,23,2026-09-06T10:00:00Z,2026-09-06T10:30:00Z,0,0,LKSDB-1,T_LKSDB-1
PN,2026-09-06,22,2026-09-06T09:30:00Z,2026-09-06T10:00:00Z,0,0,LKSDB-1,T_LKSDB-1
PN,2026-09-06,21,2026-09-06T09:00:00Z,2026-09-06T09:30:00Z,0,0,LKSDB-1,T_LKSDB-1
PN,2026-09-06,20,2026-09-06T08:30:00Z,2026-09-06T09:00:00Z,0,0,LKSDB-1,T_LKSDB-1
PN,2026-09-06,19,2026-09-06T08:00:00Z,2026-09-06T08:30:00Z,0,0,LKSDB-1,T_LKSDB-1
PN,2026-09-06,18,2026-09-06T07:30:00Z,2026-09-06T08:00:00Z,0,0,LKSDB-1,T_LKSDB-1
PN,2026-09-06,17,2026-09-06T07:00:00Z,2026-09-06T07:30:00Z,0,0,LKSDB-1,T_LKSDB-1
PN,2026-09-06,16,2026-09-06T06:30:00Z,2026-09-06T07:00:00Z,0,0,LKSDB-1,T_LKSDB-1
PN,2026-09-06,15,2026-09-06T06:00:00Z,2026-09-06T06:30:00Z,0,0,LKSDB-1,T_LKSDB-1
PN,2026-09-06,14,2026-09-06T05:59:00Z,2026-09-06T06:00:00Z,7,0,LKSDB-1,T_LKSDB-1
PN,2026-09-06,14,2026-09-06T05:31:00Z,2026-09-06T05:59:00Z,7,7,LKSDB-1,T_LKSDB-1
PN,2026-09-06,14,2026-09-06T05:30:00Z,2026-09-06T05:31:00Z,0,7,LKSDB-1,T_LKSDB-1
PN,2026-09-06,13,2026-09-06T05:00:00Z,2026-09-06T05:30:00Z,0,0,LKSDB-1,T_LKSDB-1
PN,2026-09-06,12,2026-09-06T04:59:00Z,2026-09-06T05:00:00Z,3,0,LKSDB-1,T_LKSDB-1
PN,2026-09-06,12,2026-09-06T04:31:00Z,2026-09-06T04:59:00Z,3,3,LKSDB-1,T_LKSDB-1
PN,2026-09-06,12,2026-09-06T04:30:00Z,2026-09-06T04:31:00Z,0,3,LKSDB-1,T_LKSDB-1
PN,2026-09-06,11,2026-09-06T04:29:00Z,2026-09-06T04:30:00Z,83,0,LKSDB-1,T_LKSDB-1
PN,2026-09-06,11,2026-09-06T04:01:00Z,2026-09-06T04:29:00Z,83,83,LKSDB-1,T_LKSDB-1
PN,2026-09-06,11,2026-09-06T04:00:00Z,2026-09-06T04:01:00Z,0,83,LKSDB-1,T_LKSDB-1
PN,2026-09-06,10,2026-09-06T03:59:00Z,2026-09-06T04:00:00Z,40,0,LKSDB-1,T_LKSDB-1
PN,2026-09-06,10,2026-09-06T03:31:00Z,2026-09-06T03:59:00Z,40,40,LKSDB-1,T_LKSDB-1
PN,2026-09-06,10,2026-09-06T03:30:00Z,2026-09-06T03:31:00Z,0,40,LKSDB-1,T_LKSDB-1
PN,2026-09-06,9,2026-09-06T03:29:00Z,2026-09-06T03:30:00Z,47,0,LKSDB-1,T_LKSDB-1
PN,2026-09-06,9,2026-09-06T03:01:00Z,2026-09-06T03:29:00Z,47,47,LKSDB-1,T_LKSDB-1
PN,2026-09-06,9,2026-09-06T03:00:00Z,2026-09-06T03:01:00Z,29,47,LKSDB-1,T_LKSDB-1
PN,2026-09-06,8,2026-09-06T02:59:00Z,2026-09-06T03:00:00Z,99,29,LKSDB-1,T_LKSDB-1
PN,2026-09-06,8,2026-09-06T02:31:00Z,2026-09-06T02:59:00Z,99,99,LKSDB-1,T_LKSDB-1
PN,2026-09-06,8,2026-09-06T02:30:00Z,2026-09-06T02:31:00Z,98,99,LKSDB-1,T_LKSDB-1
PN,2026-09-06,7,2026-09-06T02:29:00Z,2026-09-06T02:30:00Z,99,98,LKSDB-1,T_LKSDB-1
PN,2026-09-06,7,2026-09-06T02:01:00Z,2026-09-06T02:29:00Z,99,99,LKSDB-1,T_LKSDB-1
PN,2026-09-06,7,2026-09-06T02:00:00Z,2026-09-06T02:01:00Z,30,99,LKSDB-1,T_LKSDB-1
PN,2026-09-06,6,2026-09-06T01:30:00Z,2026-09-06T02:00:00Z,30,30,LKSDB-1,T_LKSDB-1
PN,2026-09-06,5,2026-09-06T01:00:00Z,2026-09-06T01:30:00Z,30,30,LKSDB-1,T_LKSDB-1
PN,2026-09-06,4,2026-09-06T00:30:00Z,2026-09-06T01:00:00Z,30,30,LKSDB-1,T_LKSDB-1
PN,2026-09-06,3,2026-09-06T00:00:00Z,2026-09-06T00:30:00Z,30,30,LKSDB-1,T_LKSDB-1
PN,2026-09-06,2,2026-09-05T23:30:00Z,2026-09-06T00:00:00Z,30,30,LKSDB-1,T_LKSDB-1
PN,2026-09-06,1,2026-09-05T23:00:00Z,2026-09-05T23:30:00Z,30,30,LKSDB-1,T_LKSDB-1
PN,2026-09-05,48,2026-09-05T22:30:00Z,2026-09-05T23:00:00Z,30,30,LKSDB-1,T_LKSDB-1
PN,2026-09-05,47,2026-09-05T22:01:00Z,2026-09-05T22:30:00Z,30,30,LKSDB-1,T_LKSDB-1
PN,2026-09-05,47,2026-09-05T22:00:00Z,2026-09-05T22:01:00Z,0,30,LKSDB-1,T_LKSDB-1
PN,2026-09-05,46,2026-09-05T21:59:00Z,2026-09-05T22:00:00Z,87,0,LKSDB-1,T_LKSDB-1
PN,2026-09-05,46,2026-09-05T21:31:00Z,2026-09-05T21:59:00Z,87,87,LKSDB-1,T_LKSDB-1
PN,2026-09-05,46,2026-09-05T21:30:00Z,2026-09-05T21:31:00Z,0,87,LKSDB-1,T_LKSDB-1
PN,2026-09-05,45,2026-09-05T21:29:00Z,2026-09-05T21:30:00Z,66,0,LKSDB-1,T_LKSDB-1
PN,2026-09-05,45,2026-09-05T21:01:00Z,2026-09-05T21:29:00Z,66,66,LKSDB-1,T_LKSDB-1
PN,2026-09-05,45,2026-09-05T21:00:00Z,2026-09-05T21:01:00Z,18,66,LKSDB-1,T_LKSDB-1
PN,2026-09-05,44,2026-09-05T20:59:00Z,2026-09-05T21:00:00Z,99,18,LKSDB-1,T_LKSDB-1
PN,2026-09-05,44,2026-09-05T20:31:00Z,2026-09-05T20:59:00Z,99,99,LKSDB-1,T_LKSDB-1
PN,2026-09-05,44,2026-09-05T20:30:00Z,2026-09-05T20:31:00Z,18,99,LKSDB-1,T_LKSDB-1
PN,2026-09-05,43,2026-09-05T20:29:00Z,2026-09-05T20:30:00Z,99,18,LKSDB-1,T_LKSDB-1
PN,2026-09-05,43,2026-09-05T20:01:00Z,2026-09-05T20:29:00Z,99,99,LKSDB-1,T_LKSDB-1
PN,2026-09-05,43,2026-09-05T20:00:00Z,2026-09-05T20:01:00Z,76,99,LKSDB-1,T_LKSDB-1
PN,2026-09-05,42,2026-09-05T19:30:00Z,2026-09-05T20:00:00Z,76,76,LKSDB-1,T_LKSDB-1
PN,2026-09-05,41,2026-09-05T19:00:00Z,2026-09-05T19:30:00Z,76,76,LKSDB-1,T_LKSDB-1
PN,2026-09-05,40,2026-09-05T18:30:00Z,2026-09-05T19:00:00Z,76,76,LKSDB-1,T_LKSDB-1
PN,2026-09-05,39,2026-09-05T18:01:00Z,2026-09-05T18:30:00Z,76,76,LKSDB-1,T_LKSDB-1
PN,2026-09-05,39,2026-09-05T18:00:00Z,2026-09-05T18:01:00Z,12,76,LKSDB-1,T_LKSDB-1
PN,2026-09-05,38,2026-09-05T17:31:00Z,2026-09-05T18:00:00Z,12,12,LKSDB-1,T_LKSDB-1
PN,2026-09-05,38,2026-09-05T17:30:00Z,2026-09-05T17:31:00Z,0,12,LKSDB-1,T_LKSDB-1
PN,2026-09-05,37,2026-09-05T17:00:00Z,2026-09-05T17:30:00Z,0,0,LKSDB-1,T_LKSDB-1
PN,2026-09-05,36,2026-09-05T16:30:00Z,2026-09-05T17:00:00Z,0,0,LKSDB-1,T_LKSDB-1
PN,2026-09-05,35,2026-09-05T16:29:00Z,2026-09-05T16:30:00Z,5,0,LKSDB-1,T_LKSDB-1
PN,2026-09-05,35,2026-09-05T16:01:00Z,2026-09-05T16:29:00Z,5,5,LKSDB-1,T_LKSDB-1
PN,2026-09-05,35,2026-09-05T16:00:00Z,2026-09-05T16:01:00Z,0,5,LKSDB-1,T_LKSDB-1
PN,2026-09-05,34,2026-09-05T15:30:00Z,2026-09-05T16:00:00Z,0,0,LKSDB-1,T_LKSDB-1
PN,2026-09-05,33,2026-09-05T15:29:00Z,2026-09-05T15:30:00Z,-4,0,LKSDB-1,T_LKSDB-1
PN,2026-09-05,33,2026-09-05T15:01:00Z,2026-09-05T15:29:00Z,-4,-4,LKSDB-1,T_LKSDB-1
PN,2026-09-05,33,2026-09-05T15:00:00Z,2026-09-05T15:01:00Z,-10,-4,LKSDB-1,T_LKSDB-1
PN,2026-09-05,32,2026-09-05T14:31:00Z,2026-09-05T15:00:00Z,-10,-10,LKSDB-1,T_LKSDB-1
PN,2026-09-05,32,2026-09-05T14:30:00Z,2026-09-05T14:31:00Z,0,-10,LKSDB-1,T_LKSDB-1
PN,2026-09-05,31,2026-09-05T14:00:00Z,2026-09-05T14:30:00Z,0,0,LKSDB-1,T_LKSDB-1
PN,2026-09-05,30,2026-09-05T13:30:00Z,2026-09-05T14:00:00Z,0,0,LKSDB-1,T_LKSDB-1
PN,2026-09-05,29,2026-09-05T13:00:00Z,2026-09-05T13:30:00Z,0,0,LKSDB-1,T_LKSDB-1
PN,2026-09-05,28,2026-09-05T12:59:00Z,2026-09-05T13:00:00Z,-13,0,LKSDB-1,T_LKSDB-1
PN,2026-09-05,28,2026-09-05T12:31:00Z,2026-09-05T12:59:00Z,-13,-13,LKSDB-1,T_LKSDB-1
PN,2026-09-05,28,2026-09-05T12:30:00Z,2026-09-05T12:31:00Z,-6,-13,LKSDB-1,T_LKSDB-1
PN,2026-09-05,27,2026-09-05T12:29:00Z,2026-09-05T12:30:00Z,-74,-6,LKSDB-1,T_LKSDB-1
PN,2026-09-05,27,2026-09-05T12:01:00Z,2026-09-05T12:29:00Z,-74,-74,LKSDB-1,T_LKSDB-1
PN,2026-09-05,27,2026-09-05T12:00:00Z,2026-09-05T12:01:00Z,-6,-74,LKSDB-1,T_LKSDB-1
PN,2026-09-05,26,2026-09-05T11:59:00Z,2026-09-05T12:00:00Z,-61,-6,LKSDB-1,T_LKSDB-1
PN,2026-09-05,26,2026-09-05T11:30:00Z,2026-09-05T11:59:00Z,-61,-61,LKSDB-1,T_LKSDB-1
PN,2026-09-05,25,2026-09-05T11:00:00Z,2026-09-05T11:30:00Z,-61,-61,LKSDB-1,T_LKSDB-1
PN,2026-09-05,24,2026-09-05T10:30:00Z,2026-09-05T11:00:00Z,-61,-61,LKSDB-1,T_LKSDB-1
PN,2026-09-05,23,2026-09-05T10:01:00Z,2026-09-05T10:30:00Z,-61,-61,LKSDB-1,T_LKSDB-1
PN,2026-09-05,23,2026-09-05T10:00:00Z,2026-09-05T10:01:00Z,0,-61,LKSDB-1,T_LKSDB-1
PN,2026-09-05,22,2026-09-05T09:30:00Z,2026-09-05T10:00:00Z,0,0,LKSDB-1,T_LKSDB-1
PN,2026-09-05,21,2026-09-05T09:00:00Z,2026-09-05T09:30:00Z,0,0,LKSDB-1,T_LKSDB-1
PN,2026-09-05,20,2026-09-05T08:59:00Z,2026-09-05T09:00:00Z,-15,0,LKSDB-1,T_LKSDB-1
PN,2026-09-05,20,2026-09-05T08:31:00Z,2026-09-05T08:59:00Z,-15,-15,LKSDB-1,T_LKSDB-1
PN,2026-09-05,20,2026-09-05T08:30:00Z,2026-09-05T08:31:00Z,0,-15,LKSDB-1,T_LKSDB-1
PN,2026-09-05,19,2026-09-05T08:00:00Z,2026-09-05T08:30:00Z,0,0,LKSDB-1,T_LKSDB-1
PN,2026-09-05,18,2026-09-05T07:30:00Z,2026-09-05T08:00:00Z,0,0,LKSDB-1,T_LKSDB-1
PN,2026-09-05,17,2026-09-05T07:00:00Z,2026-09-05T07:30:00Z,0,0,LKSDB-1,T_LKSDB-1
PN,2026-09-05,16,2026-09-05T06:59:00Z,2026-09-05T07:00:00Z,-5,0,LKSDB-1,T_LKSDB-1
PN,2026-09-05,16,2026-09-05T06:31:00Z,2026-09-05T06:59:00Z,-5,-5,LKSDB-1,T_LKSDB-1
PN,2026-09-05,16,2026-09-05T06:30:00Z,2026-09-05T06:31:00Z,0,-5,LKSDB-1,T_LKSDB-1
PN,2026-09-05,15,2026-09-05T06:00:00Z,2026-09-05T06:30:00Z,0,0,LKSDB-1,T_LKSDB-1
PN,2026-09-05,14,2026-09-05T05:30:00Z,2026-09-05T06:00:00Z,0,0,LKSDB-1,T_LKSDB-1
PN,2026-09-05,13,2026-09-05T05:29:00Z,2026-09-05T05:30:00Z,-20,0,LKSDB-1,T_LKSDB-1
PN,2026-09-05,13,2026-09-05T05:01:00Z,2026-09-05T05:29:00Z,-20,-20,LKSDB-1,T_LKSDB-1
PN,2026-09-05,13,2026-09-05T05:00:00Z,2026-09-05T05:01:00Z,0,-20,LKSDB-1,T_LKSDB-1
PN,2026-09-05,12,2026-09-05T04:59:00Z,2026-09-05T05:00:00Z,-17,0,LKSDB-1,T_LKSDB-1
PN,2026-09-05,12,2026-09-05T04:31:00Z,2026-09-05T04:59:00Z,-17,-17,LKSDB-1,T_LKSDB-1
PN,2026-09-05,12,2026-09-05T04:30:00Z,2026-09-05T04:31:00Z,0,-17,LKSDB-1,T_LKSDB-1
PN,2026-09-05,11,2026-09-05T04:29:00Z,2026-09-05T04:30:00Z,-11,0,LKSDB-1,T_LKSDB-1
PN,2026-09-05,11,2026-09-05T04:01:00Z,2026-09-05T04:29:00Z,-11,-11,LKSDB-1,T_LKSDB-1
PN,2026-09-05,11,2026-09-05T04:00:00Z,2026-09-05T04:01:00Z,0,-11,LKSDB-1,T_LKSDB-1
PN,2026-09-05,10,2026-09-05T03:59:00Z,2026-09-05T04:00:00Z,-7,0,LKSDB-1,T_LKSDB-1
PN,2026-09-05,10,2026-09-05T03:31:00Z,2026-09-05T03:59:00Z,-7,-7,LKSDB-1,T_LKSDB-1
PN,2026-09-05,10,2026-09-05T03:30:00Z,2026-09-05T03:31:00Z,0,-7,LKSDB-1,T_LKSDB-1
PN,2026-09-05,9,2026-09-05T03:29:00Z,2026-09-05T03:30:00Z,-13,0,LKSDB-1,T_LKSDB-1
PN,2026-09-05,9,2026-09-05T03:01:00Z,2026-09-05T03:29:00Z,-13,-13,LKSDB-1,T_LKSDB-1
PN,2026-09-05,9,2026-09-05T03:00:00Z,2026-09-05T03:01:00Z,0,-13,LKSDB-1,T_LKSDB-1
PN,2026-09-05,8,2026-09-05T02:59:00Z,2026-09-05T03:00:00Z,-5,0,LKSDB-1,T_LKSDB-1
PN,2026-09-05,8,2026-09-05T02:31:00Z,2026-09-05T02:59:00Z,-5,-5,LKSDB-1,T_LKSDB-1
PN,2026-09-05,8,2026-09-05T02:30:00Z,2026-09-05T02:31:00Z,0,-5,LKSDB-1,T_LKSDB-1
PN,2026-09-05,7,2026-09-05T02:00:00Z,2026-09-05T02:30:00Z,0,0,LKSDB-1,T_LKSDB-1
PN,2026-09-05,6,2026-09-05T01:59:00Z,2026-09-05T02:00:00Z,-5,0,LKSDB-1,T_LKSDB-1
PN,2026-09-05,6,2026-09-05T01:31:00Z,2026-09-05T01:59:00Z,-5,-5,LKSDB-1,T_LKSDB-1
PN,2026-09-05,6,2026-09-05T01:30:00Z,2026-09-05T01:31:00Z,-14,-5,LKSDB-1,T_LKSDB-1
PN,2026-09-05,5,2026-09-05T01:29:00Z,2026-09-05T01:30:00Z,-20,-14,LKSDB-1,T_LKSDB-1
PN,2026-09-05,5,2026-09-05T01:01:00Z,2026-09-05T01:29:00Z,-20,-20,LKSDB-1,T_LKSDB-1
PN,2026-09-05,5,2026-09-05T01:00:00Z,2026-09-05T01:01:00Z,0,-20,LKSDB-1,T_LKSDB-1
PN,2026-09-05,4,2026-09-05T00:59:00Z,2026-09-05T01:00:00Z,-20,0,LKSDB-1,T_LKSDB-1
PN,2026-09-05,4,2026-09-05T00:31:00Z,2026-09-05T00:59:00Z,-20,-20,LKSDB-1,T_LKSDB-1
PN,2026-09-05,4,2026-09-05T00:30:00Z,2026-09-05T00:31:00Z,0,-20,LKSDB-1,T_LKSDB-1
PN,2026-09-05,3,2026-09-05T00:00:00Z,2026-09-05T00:30:00Z,0,0,LKSDB-1,T_LKSDB-1
PN,2026-09-05,2,2026-09-04T23:59:00Z,2026-09-05T00:00:00Z,-20,0,LKSDB-1,T_LKSDB-1
PN,2026-09-05,2,2026-09-04T23:31:00Z,2026-09-04T23:59:00Z,-20,-20,LKSDB-1,T_LKSDB-1
PN,2026-09-05,2,2026-09-04T23:30:00Z,2026-09-04T23:31:00Z,0,-20,LKSDB-1,T_LKSDB-1
PN,2026-09-05,1,2026-09-04T23:29:00Z,2026-09-04T23:30:00Z,-20,0,LKSDB-1,T_LKSDB-1
PN,2026-09-05,1,2026-09-04T23:01:00Z,2026-09-04T23:29:00Z,-20,-20,LKSDB-1,T_LKSDB-1
PN,2026-09-05,1,2026-09-04T23:00:00Z,2026-09-04T23:01:00Z,0,-20,LKSDB-1,T_LKSDB-1
PN,2026-09-04,48,2026-09-04T22:59:00Z,2026-09-04T23:00:00Z,-20,0,LKSDB-1,T_LKSDB-1
PN,2026-09-04,48,2026-09-04T22:31:00Z,2026-09-04T22:59:00Z,-20,-20,LKSDB-1,T_LKSDB-1
PN,2026-09-04,48,2026-09-04T22:30:00Z,2026-09-04T22:31:00Z,0,-20,LKSDB-1,T_LKSDB-1
PN,2026-09-04,47,2026-09-04T22:29:00Z,2026-09-04T22:30:00Z,-30,0,LKSDB-1,T_LKSDB-1
PN,2026-09-04,47,2026-09-04T22:01:00Z,2026-09-04T22:29:00Z,-30,-30,LKSDB-1,T_LKSDB-1
PN,2026-09-04,47,2026-09-04T22:00:00Z,2026-09-04T22:01:00Z,0,-30,LKSDB-1,T_LKSDB-1
PN,2026-09-04,46,2026-09-04T21:30:00Z,2026-09-04T22:00:00Z,0,0,LKSDB-1,T_LKSDB-1
PN,2026-09-04,45,2026-09-04T21:00:00Z,2026-09-04T21:30:00Z,0,0,LKSDB-1,T_LKSDB-1
PN,2026-09-04,44,2026-09-04T20:30:00Z,2026-09-04T21:00:00Z,0,0,LKSDB-1,T_LKSDB-1
PN,2026-09-04,43,2026-09-04T20:00:00Z,2026-09-04T20:30:00Z,0,0,LKSDB-1,T_LKSDB-1
PN,2026-09-04,42,2026-09-04T19:30:00Z,2026-09-04T20:00:00Z,0,0,LKSDB-1,T_LKSDB-1
PN,2026-09-04,41,2026-09-04T19:00:00Z,2026-09-04T19:30:00Z,0,0,LKSDB-1,T_LKSDB-1
PN,2026-09-04,40,2026-09-04T18:30:00Z,2026-09-04T19:00:00Z,0,0,LKSDB-1,T_LKSDB-1
PN,2026-09-04,39,2026-09-04T18:00:00Z,2026-09-04T18:30:00Z,0,0,LKSDB-1,T_LKSDB-1
PN,2026-09-04,38,2026-09-04T17:31:00Z,2026-09-04T18:00:00Z,0,0,LKSDB-1,T_LKSDB-1
PN,2026-09-04,38,2026-09-04T17:30:00Z,2026-09-04T17:31:00Z,10,0,LKSDB-1,T_LKSDB-1
PN,2026-09-04,37,2026-09-04T17:01:00Z,2026-09-04T17:30:00Z,10,10,LKSDB-1,T_LKSDB-1
PN,2026-09-04,37,2026-09-04T17:00:00Z,2026-09-04T17:01:00Z,0,10,LKSDB-1,T_LKSDB-1
PN,2026-09-04,36,2026-09-04T16:30:00Z,2026-09-04T17:00:00Z,0,0,LKSDB-1,T_LKSDB-1
PN,2026-09-04,35,2026-09-04T16:00:00Z,2026-09-04T16:30:00Z,0,0,LKSDB-1,T_LKSDB-1
PN,2026-09-04,34,2026-09-04T15:59:00Z,2026-09-04T16:00:00Z,-70,0,LKSDB-1,T_LKSDB-1
PN,2026-09-04,34,2026-09-04T15:31:00Z,2026-09-04T15:59:00Z,-70,-70,LKSDB-1,T_LKSDB-1
PN,2026-09-04,34,2026-09-04T15:30:00Z,2026-09-04T15:31:00Z,-61,-70,LKSDB-1,T_LKSDB-1
PN,2026-09-04,33,2026-09-04T15:29:00Z,2026-09-04T15:30:00Z,-70,-61,LKSDB-1,T_LKSDB-1
PN,2026-09-04,33,2026-09-04T15:00:00Z,2026-09-04T15:29:00Z,-70,-70,LKSDB-1,T_LKSDB-1
PN,2026-09-04,32,2026-09-04T14:30:00Z,2026-09-04T15:00:00Z,-70,-70,LKSDB-1,T_LKSDB-1
PN,2026-09-04,31,2026-09-04T14:00:00Z,2026-09-04T14:30:00Z,-70,-70,LKSDB-1,T_LKSDB-1
PN,2026-09-04,30,2026-09-04T13:59:00Z,2026-09-04T14:00:00Z,-74,-70,LKSDB-1,T_LKSDB-1
PN,2026-09-04,30,2026-09-04T13:30:00Z,2026-09-04T13:59:00Z,-74,-74,LKSDB-1,T_LKSDB-1
PN,2026-09-04,29,2026-09-04T13:01:00Z,2026-09-04T13:30:00Z,-74,-74,LKSDB-1,T_LKSDB-1
PN,2026-09-04,29,2026-09-04T13:00:00Z,2026-09-04T13:01:00Z,-43,-74,LKSDB-1,T_LKSDB-1
PN,2026-09-04,28,2026-09-04T12:59:00Z,2026-09-04T13:00:00Z,-74,-43,LKSDB-1,T_LKSDB-1
PN,2026-09-04,28,2026-09-04T12:30:00Z,2026-09-04T12:59:00Z,-74,-74,LKSDB-1,T_LKSDB-1
PN,2026-09-04,27,2026-09-04T12:01:00Z,2026-09-04T12:30:00Z,-74,-74,LKSDB-1,T_LKSDB-1
PN,2026-09-04,27,2026-09-04T12:00:00Z,2026-09-04T12:01:00Z,-50,-74,LKSDB-1,T_LKSDB-1
PN,2026-09-04,26,2026-09-04T11:30:00Z,2026-09-04T12:00:00Z,-50,-50,LKSDB-1,T_LKSDB-1
PN,2026-09-04,25,2026-09-04T11:01:00Z,2026-09-04T11:30:00Z,-50,-50,LKSDB-1,T_LKSDB-1
PN,2026-09-04,25,2026-09-04T11:00:00Z,2026-09-04T11:01:00Z,0,-50,LKSDB-1,T_LKSDB-1
PN,2026-09-04,24,2026-09-04T10:30:00Z,2026-09-04T11:00:00Z,0,0,LKSDB-1,T_LKSDB-1
PN,2026-09-04,23,2026-09-04T10:29:00Z,2026-09-04T10:30:00Z,-14,0,LKSDB-1,T_LKSDB-1
PN,2026-09-04,23,2026-09-04T10:01:00Z,2026-09-04T10:29:00Z,-14,-14,LKSDB-1,T_LKSDB-1
PN,2026-09-04,23,2026-09-04T10:00:00Z,2026-09-04T10:01:00Z,-5,-14,LKSDB-1,T_LKSDB-1
PN,2026-09-04,22,2026-09-04T09:30:00Z,2026-09-04T10:00:00Z,-5,-5,LKSDB-1,T_LKSDB-1
PN,2026-09-04,21,2026-09-04T09:00:00Z,2026-09-04T09:30:00Z,-5,-5,LKSDB-1,T_LKSDB-1
PN,2026-09-04,20,2026-09-04T08:30:00Z,2026-09-04T09:00:00Z,-5,-5,LKSDB-1,T_LKSDB-1
PN,2026-09-04,19,2026-09-04T08:01:00Z,2026-09-04T08:30:00Z,-5,-5,LKSDB-1,T_LKSDB-1
PN,2026-09-04,19,2026-09-04T08:00:00Z,2026-09-04T08:01:00Z,0,-5,LKSDB-1,T_LKSDB-1
PN,2026-09-04,18,2026-09-04T07:30:00Z,2026-09-04T08:00:00Z,0,0,LKSDB-1,T_LKSDB-1
PN,2026-09-04,17,2026-09-04T07:01:00Z,2026-09-04T07:30:00Z,0,0,LKSDB-1,T_LKSDB-1
PN,2026-09-04,17,2026-09-04T07:00:00Z,2026-09-04T07:01:00Z,-5,0,LKSDB-1,T_LKSDB-1
PN,2026-09-04,16,2026-09-04T06:30:00Z,2026-09-04T07:00:00Z,-5,-5,LKSDB-1,T_LKSDB-1
PN,2026-09-04,15,2026-09-04T06:01:00Z,2026-09-04T06:30:00Z,-5,-5,LKSDB-1,T_LKSDB-1
PN,2026-09-04,15,2026-09-04T06:00:00Z,2026-09-04T06:01:00Z,20,-5,LKSDB-1,T_LKSDB-1
PN,2026-09-04,14,2026-09-04T05:59:00Z,2026-09-04T06:00:00Z,75,20,LKSDB-1,T_LKSDB-1
PN,2026-09-04,14,2026-09-04T05:31:00Z,2026-09-04T05:59:00Z,75,75,LKSDB-1,T_LKSDB-1
PN,2026-09-04,14,2026-09-04T05:30:00Z,2026-09-04T05:31:00Z,61,75,LKSDB-1,T_LKSDB-1
PN,2026-09-04,13,2026-09-04T05:01:00Z,2026-09-04T05:30:00Z,61,61,LKSDB-1,T_LKSDB-1
PN,2026-09-04,13,2026-09-04T05:00:00Z,2026-09-04T05:01:00Z,0,61,LKSDB-1,T_LKSDB-1
PN,2026-09-04,12,2026-09-04T04:30:00Z,2026-09-04T05:00:00Z,0,0,LKSDB-1,T_LKSDB-1
PN,2026-09-04,11,2026-09-04T04:00:00Z,2026-09-04T04:30:00Z,0,0,LKSDB-1,T_LKSDB-1
PN,2026-09-04,10,2026-09-04T03:59:00Z,2026-09-04T04:00:00Z,-18,0,LKSDB-1,T_LKSDB-1
PN,2026-09-04,10,2026-09-04T03:30:00Z,2026-09-04T03:59:00Z,-18,-18,LKSDB-1,T_LKSDB-1
PN,2026-09-04,9,2026-09-04T03:00:00Z,2026-09-04T03:30:00Z,-18,-18,LKSDB-1,T_LKSDB-1
PN,2026-09-04,8,2026-09-04T02:30:00Z,2026-09-04T03:00:00Z,-18,-18,LKSDB-1,T_LKSDB-1
PN,2026-09-04,7,2026-09-04T02:01:00Z,2026-09-04T02:30:00Z,-18,-18,LKSDB-1,T_LKSDB-1
PN,2026-09-04,7,2026-09-04T02:00:00Z,2026-09-04T02:01:00Z,0,-18,LKSDB-1,T_LKSDB-1
PN,2026-09-04,6,2026-09-04T01:30:00Z,2026-09-04T02:00:00Z,0,0,LKSDB-1,T_LKSDB-1
PN,2026-09-04,5,2026-09-04T01:29:00Z,2026-09-04T01:30:00Z,-3,0,LKSDB-1,T_LKSDB-1
PN,2026-09-04,5,2026-09-04T01:01:00Z,2026-09-04T01:29:00Z,-3,-3,LKSDB-1,T_LKSDB-1
PN,2026-09-04,5,2026-09-04T01:00:00Z,2026-09-04T01:01:00Z,0,-3,LKSDB-1,T_LKSDB-1
PN,2026-09-04,4,2026-09-04T00:59:00Z,2026-09-04T01:00:00Z,-5,0,LKSDB-1,T_LKSDB-1
PN,2026-09-04,4,2026-09-04T00:31:00Z,2026-09-04T00:59:00Z,-5,-5,LKSDB-1,T_LKSDB-1
PN,2026-09-04,4,2026-09-04T00:30:00Z,2026-09-04T00:31:00Z,0,-5,LKSDB-1,T_LKSDB-1
PN,2026-09-04,3,2026-09-04T00:29:00Z,2026-09-04T00:30:00Z,-5,0,LKSDB-1,T_LKSDB-1
PN,2026-09-04,3,2026-09-04T00:01:00Z,2026-09-04T00:29:00Z,-5,-5,LKSDB-1,T_LKSDB-1
PN,2026-09-04,3,2026-09-04T00:00:00Z,2026-09-04T00:01:00Z,0,-5,LKSDB-1,T_LKSDB-1
PN,2026-09-04,2,2026-09-03T23:30:00Z,2026-09-04T00:00:00Z,0,0,LKSDB-1,T_LKSDB-1
PN,2026-09-04,1,2026-09-03T23:29:00Z,2026-09-03T23:30:00Z,-5,0,LKSDB-1,T_LKSDB-1
PN,2026-09-04,1,2026-09-03T23:01:00Z,2026-09-03T23:29:00Z,-5,-5,LKSDB-1,T_LKSDB-1
PN,2026-09-04,1,2026-09-03T23:00:00Z,2026-09-03T23:01:00Z,0,-5,LKSDB-1,T_LKSDB-1
PN,2026-09-03,48,2026-09-03T22:59:00Z,2026-09-03T23:00:00Z,-1,0,LKSDB-1,T_LKSDB-1
PN,2026-09-03,48,2026-09-03T22:31:00Z,2026-09-03T22:59:00Z,-1,-1,LKSDB-1,T_LKSDB-1
PN,2026-09-03,48,2026-09-03T22:30:00Z,2026-09-03T22:31:00Z,0,-1,LKSDB-1,T_LKSDB-1
PN,2026-09-03,47,2026-09-03T22:29:00Z,2026-09-03T22:30:00Z,-3,0,LKSDB-1,T_LKSDB-1
PN,2026-09-03,47,2026-09-03T22:01:00Z,2026-09-03T22:29:00Z,-3,-3,LKSDB-1,T_LKSDB-1
PN,2026-09-03,47,2026-09-03T22:00:00Z,2026-09-03T22:01:00Z,0,-3,LKSDB-1,T_LKSDB-1
PN,2026-09-03,46,2026-09-03T21:59:00Z,2026-09-03T22:00:00Z,-45,0,LKSDB-1,T_LKSDB-1
PN,2026-09-03,46,2026-09-03T21:31:00Z,2026-09-03T21:59:00Z,-45,-45,LKSDB-1,T_LKSDB-1
PN,2026-09-03,46,2026-09-03T21:30:00Z,2026-09-03T21:31:00Z,0,-45,LKSDB-1,T_LKSDB-1
PN,2026-09-03,45,2026-09-03T21:00:00Z,2026-09-03T21:30:00Z,0,0,LKSDB-1,T_LKSDB-1
PN,2026-09-03,44,2026-09-03T20:30:00Z,2026-09-03T21:00:00Z,0,0,LKSDB-1,T_LKSDB-1
PN,2026-09-03,43,2026-09-03T20:00:00Z,2026-09-03T20:30:00Z,0,0,LKSDB-1,T_LKSDB-1
PN,2026-09-03,42,2026-09-03T19:30:00Z,2026-09-03T20:00:00Z,0,0,LKSDB-1,T_LKSDB-1
PN,2026-09-03,41,2026-09-03T19:01:00Z,2026-09-03T19:30:00Z,0,0,LKSDB-1,T_LKSDB-1
PN,2026-09-03,41,2026-09-03T19:00:00Z,2026-09-03T19:01:00Z,13,0,LKSDB-1,T_LKSDB-1
PN,2026-09-03,40,2026-09-03T18:59:00Z,2026-09-03T19:00:00Z,61,13,LKSDB-1,T_LKSDB-1
PN,2026-09-03,40,2026-09-03T18:31:00Z,2026-09-03T18:59:00Z,61,61,LKSDB-1,T_LKSDB-1
PN,2026-09-03,40,2026-09-03T18:30:00Z,2026-09-03T18:31:00Z,70,61,LKSDB-1,T_LKSDB-1
PN,2026-09-03,39,2026-09-03T18:29:00Z,2026-09-03T18:30:00Z,82,70,LKSDB-1,T_LKSDB-1
PN,2026-09-03,39,2026-09-03T18:01:00Z,2026-09-03T18:29:00Z,82,82,LKSDB-1,T_LKSDB-1
PN,2026-09-03,39,2026-09-03T18:00:00Z,2026-09-03T18:01:00Z,25,82,LKSDB-1,T_LKSDB-1
PN,2026-09-03,38,2026-09-03T17:30:00Z,2026-09-03T18:00:00Z,25,25,LKSDB-1,T_LKSDB-1
PN,2026-09-03,37,2026-09-03T17:00:00Z,2026-09-03T17:30:00Z,25,25,LKSDB-1,T_LKSDB-1
PN,2026-09-03,36,2026-09-03T16:30:00Z,2026-09-03T17:00:00Z,0,0,LKSDB-1,T_LKSDB-1
PN,2026-09-03,35,2026-09-03T16:00:00Z,2026-09-03T16:30:00Z,0,0,LKSDB-1,T_LKSDB-1
PN,2026-09-03,34,2026-09-03T15:30:00Z,2026-09-03T16:00:00Z,0,0,LKSDB-1,T_LKSDB-1
PN,2026-09-03,33,2026-09-03T15:00:00Z,2026-09-03T15:30:00Z,0,0,LKSDB-1,T_LKSDB-1
PN,2026-09-03,32,2026-09-03T14:59:00Z,2026-09-03T15:00:00Z,-99,0,LKSDB-1,T_LKSDB-1
PN,2026-09-03,32,2026-09-03T14:31:00Z,2026-09-03T14:59:00Z,-99,-99,LKSDB-1,T_LKSDB-1
PN,2026-09-03,32,2026-09-03T14:30:00Z,2026-09-03T14:31:00Z,0,-99,LKSDB-1,T_LKSDB-1
PN,2026-09-03,31,2026-09-03T14:29:00Z,2026-09-03T14:30:00Z,-46,0,LKSDB-1,T_LKSDB-1
PN,2026-09-03,31,2026-09-03T14:01:00Z,2026-09-03T14:29:00Z,-46,-46,LKSDB-1,T_LKSDB-1
PN,2026-09-03,31,2026-09-03T14:00:00Z,2026-09-03T14:01:00Z,0,-46,LKSDB-1,T_LKSDB-1
PN,2026-09-03,30,2026-09-03T13:59:00Z,2026-09-03T14:00:00Z,-99,0,LKSDB-1,T_LKSDB-1
PN,2026-09-03,30,2026-09-03T13:31:00Z,2026-09-03T13:59:00Z,-99,-99,LKSDB-1,T_LKSDB-1
PN,2026-09-03,30,2026-09-03T13:30:00Z,2026-09-03T13:31:00Z,0,-99,LKSDB-1,T_LKSDB-1
PN,2026-09-03,29,2026-09-03T13:00:00Z,2026-09-03T13:30:00Z,0,0,LKSDB-1,T_LKSDB-1
PN,2026-09-03,28,2026-09-03T12:59:00Z,2026-09-03T13:00:00Z,-84,0,LKSDB-1,T_LKSDB-1
PN,2026-09-03,28,2026-09-03T12:31:00Z,2026-09-03T12:59:00Z,-84,-84,LKSDB-1,T_LKSDB-1
PN,2026-09-03,28,2026-09-03T12:30:00Z,2026-09-03T12:31:00Z,-94,-84,LKSDB-1,T_LKSDB-1
PN,2026-09-03,27,2026-09-03T12:29:00Z,2026-09-03T12:30:00Z,-99,-94,LKSDB-1,T_LKSDB-1
PN,2026-09-03,27,2026-09-03T12:01:00Z,2026-09-03T12:29:00Z,-99,-99,LKSDB-1,T_LKSDB-1
PN,2026-09-03,27,2026-09-03T12:00:00Z,2026-09-03T12:01:00Z,49,-99,LKSDB-1,T_LKSDB-1
PN,2026-09-03,26,2026-09-03T11:30:00Z,2026-09-03T12:00:00Z,49,49,LKSDB-1,T_LKSDB-1
PN,2026-09-03,25,2026-09-03T11:18:00Z,2026-09-03T11:30:00Z,49,49,LKSDB-1,T_LKSDB-1
PN,2026-09-03,25,2026-09-03T11:13:00Z,2026-09-03T11:18:00Z,0,0,LKSDB-1,T_LKSDB-1
PN,2026-09-03,25,2026-09-03T11:00:00Z,2026-09-03T11:13:00Z,-49,-49,LKSDB-1,T_LKSDB-1
PN,2026-09-03,24,2026-09-03T10:32:00Z,2026-09-03T11:00:00Z,-49,-49,LKSDB-1,T_LKSDB-1
PN,2026-09-03,24,2026-09-03T10:30:00Z,2026-09-03T10:32:00Z,0,0,LKSDB-1,T_LKSDB-1
PN,2026-09-03,23,2026-09-03T10:27:00Z,2026-09-03T10:30:00Z,0,0,LKSDB-1,T_LKSDB-1
PN,2026-09-03,23,2026-09-03T10:00:00Z,2026-09-03T10:27:00Z,99,99,LKSDB-1,T_LKSDB-1
PN,2026-09-03,22,2026-09-03T09:46:00Z,2026-09-03T10:00:00Z,99,99,LKSDB-1,T_LKSDB-1
PN,2026-09-03,22,2026-09-03T09:41:00Z,2026-09-03T09:46:00Z,0,0,LKSDB-1,T_LKSDB-1
PN,2026-09-03,22,2026-09-03T09:30:00Z,2026-09-03T09:41:00Z,-99,-99,LKSDB-1,T_LKSDB-1
PN,2026-09-03,21,2026-09-03T09:29:00Z,2026-09-03T09:30:00Z,-99,-99,LKSDB-1,T_LKSDB-1
PN,2026-09-03,21,2026-09-03T09:01:00Z,2026-09-03T09:29:00Z,-99,-99,LKSDB-1,T_LKSDB-1
PN,2026-09-03,21,2026-09-03T09:00:00Z,2026-09-03T09:01:00Z,0,-99,LKSDB-1,T_LKSDB-1
PN,2026-09-03,20,2026-09-03T08:30:00Z,2026-09-03T09:00:00Z,0,0,LKSDB-1,T_LKSDB-1
PN,2026-09-03,19,2026-09-03T08:27:00Z,2026-09-03T08:30:00Z,0,0,LKSDB-1,T_LKSDB-1
PN,2026-09-03,19,2026-09-03T08:00:00Z,2026-09-03T08:27:00Z,99,99,LKSDB-1,T_LKSDB-1
PN,2026-09-03,18,2026-09-03T07:46:00Z,2026-09-03T08:00:00Z,99,99,LKSDB-1,T_LKSDB-1
PN,2026-09-03,18,2026-09-03T07:41:00Z,2026-09-03T07:46:00Z,0,0,LKSDB-1,T_LKSDB-1
PN,2026-09-03,18,2026-09-03T07:30:00Z,2026-09-03T07:41:00Z,-99,-99,LKSDB-1,T_LKSDB-1
PN,2026-09-03,17,2026-09-03T07:29:00Z,2026-09-03T07:30:00Z,-99,0,LKSDB-1,T_LKSDB-1
PN,2026-09-03,17,2026-09-03T07:01:00Z,2026-09-03T07:29:00Z,-99,-99,LKSDB-1,T_LKSDB-1
PN,2026-09-03,17,2026-09-03T07:00:00Z,2026-09-03T07:01:00Z,0,-99,LKSDB-1,T_LKSDB-1
PN,2026-09-03,16,2026-09-03T06:30:00Z,2026-09-03T07:00:00Z,0,0,LKSDB-1,T_LKSDB-1
PN,2026-09-03,15,2026-09-03T06:00:00Z,2026-09-03T06:30:00Z,0,0,LKSDB-1,T_LKSDB-1
PN,2026-09-03,14,2026-09-03T05:59:00Z,2026-09-03T06:00:00Z,52,0,LKSDB-1,T_LKSDB-1
PN,2026-09-03,14,2026-09-03T05:31:00Z,2026-09-03T05:59:00Z,52,52,LKSDB-1,T_LKSDB-1
PN,2026-09-03,14,2026-09-03T05:30:00Z,2026-09-03T05:31:00Z,15,52,LKSDB-1,T_LKSDB-1
PN,2026-09-03,13,2026-09-03T05:01:00Z,2026-09-03T05:30:00Z,15,15,LKSDB-1,T_LKSDB-1
PN,2026-09-03,13,2026-09-03T05:00:00Z,2026-09-03T05:01:00Z,0,15,LKSDB-1,T_LKSDB-1
PN,2026-09-03,12,2026-09-03T04:30:00Z,2026-09-03T05:00:00Z,0,0,LKSDB-1,T_LKSDB-1
PN,2026-09-03,11,2026-09-03T04:00:00Z,2026-09-03T04:30:00Z,0,0,LKSDB-1,T_LKSDB-1
PN,2026-09-03,10,2026-09-03T03:59:00Z,2026-09-03T04:00:00Z,-17,0,LKSDB-1,T_LKSDB-1
PN,2026-09-03,10,2026-09-03T03:31:00Z,2026-09-03T03:59:00Z,-17,-17,LKSDB-1,T_LKSDB-1
PN,2026-09-03,10,2026-09-03T03:30:00Z,2026-09-03T03:31:00Z,0,-17,LKSDB-1,T_LKSDB-1
PN,2026-09-03,9,2026-09-03T03:29:00Z,2026-09-03T03:30:00Z,-43,0,LKSDB-1,T_LKSDB-1
PN,2026-09-03,9,2026-09-03T03:01:00Z,2026-09-03T03:29:00Z,-43,-43,LKSDB-1,T_LKSDB-1
PN,2026-09-03,9,2026-09-03T03:00:00Z,2026-09-03T03:01:00Z,-19,-43,LKSDB-1,T_LKSDB-1
PN,2026-09-03,8,2026-09-03T02:59:00Z,2026-09-03T03:00:00Z,-74,-19,LKSDB-1,T_LKSDB-1
PN,2026-09-03,8,2026-09-03T02:30:00Z,2026-09-03T02:59:00Z,-74,-74,LKSDB-1,T_LKSDB-1
PN,2026-09-03,7,2026-09-03T02:01:00Z,2026-09-03T02:30:00Z,-74,-74,LKSDB-1,T_LKSDB-1
PN,2026-09-03,7,2026-09-03T02:00:00Z,2026-09-03T02:01:00Z,0,-74,LKSDB-1,T_LKSDB-1
PN,2026-09-03,6,2026-09-03T01:30:00Z,2026-09-03T02:00:00Z,0,0,LKSDB-1,T_LKSDB-1
PN,2026-09-03,5,2026-09-03T01:29:00Z,2026-09-03T01:30:00Z,8,0,LKSDB-1,T_LKSDB-1
PN,2026-09-03,5,2026-09-03T01:01:00Z,2026-09-03T01:29:00Z,8,8,LKSDB-1,T_LKSDB-1
PN,2026-09-03,5,2026-09-03T01:00:00Z,2026-09-03T01:01:00Z,0,8,LKSDB-1,T_LKSDB-1
PN,2026-09-03,4,2026-09-03T00:59:00Z,2026-09-03T01:00:00Z,8,0,LKSDB-1,T_LKSDB-1
PN,2026-09-03,4,2026-09-03T00:31:00Z,2026-09-03T00:59:00Z,8,8,LKSDB-1,T_LKSDB-1
PN,2026-09-03,4,2026-09-03T00:30:00Z,2026-09-03T00:31:00Z,0,8,LKSDB-1,T_LKSDB-1
PN,2026-09-03,3,2026-09-03T00:29:00Z,2026-09-03T00:30:00Z,8,0,LKSDB-1,T_LKSDB-1
PN,2026-09-03,3,2026-09-03T00:00:00Z,2026-09-03T00:29:00Z,8,8,LKSDB-1,T_LKSDB-1
PN,2026-09-03,2,2026-09-02T23:30:00Z,2026-09-03T00:00:00Z,8,8,LKSDB-1,T_LKSDB-1
PN,2026-09-03,1,2026-09-02T23:01:00Z,2026-09-02T23:30:00Z,8,8,LKSDB-1,T_LKSDB-1
PN,2026-09-03,1,2026-09-02T23:00:00Z,2026-09-02T23:01:00Z,0,8,LKSDB-1,T_LKSDB-1
PN,2026-09-02,48,2026-09-02T22:30:00Z,2026-09-02T23:00:00Z,0,0,LKSDB-1,T_LKSDB-1
PN,2026-09-02,47,2026-09-02T22:29:00Z,2026-09-02T22:30:00Z,8,0,LKSDB-1,T_LKSDB-1
PN,2026-09-02,47,2026-09-02T22:00:00Z,2026-09-02T22:29:00Z,8,8,LKSDB-1,T_LKSDB-1
PN,2026-09-02,46,2026-09-02T21:59:00Z,2026-09-02T22:00:00Z,99,8,LKSDB-1,T_LKSDB-1
PN,2026-09-02,46,2026-09-02T21:31:00Z,2026-09-02T21:59:00Z,99,99,LKSDB-1,T_LKSDB-1
PN,2026-09-02,46,2026-09-02T21:30:00Z,2026-09-02T21:31:00Z,0,99,LKSDB-1,T_LKSDB-1
PN,2026-09-02,45,2026-09-02T21:00:00Z,2026-09-02T21:30:00Z,0,0,LKSDB-1,T_LKSDB-1
PN,2026-09-02,44,2026-09-02T20:59:00Z,2026-09-02T21:00:00Z,5,0,LKSDB-1,T_LKSDB-1
PN,2026-09-02,44,2026-09-02T20:31:00Z,2026-09-02T20:59:00Z,5,5,LKSDB-1,T_LKSDB-1
PN,2026-09-02,44,2026-09-02T20:30:00Z,2026-09-02T20:31:00Z,0,5,LKSDB-1,T_LKSDB-1
PN,2026-09-02,43,2026-09-02T20:29:00Z,2026-09-02T20:30:00Z,99,0,LKSDB-1,T_LKSDB-1
PN,2026-09-02,43,2026-09-02T20:01:00Z,2026-09-02T20:29:00Z,99,99,LKSDB-1,T_LKSDB-1
PN,2026-09-02,43,2026-09-02T20:00:00Z,2026-09-02T20:01:00Z,0,99,LKSDB-1,T_LKSDB-1
PN,2026-09-02,42,2026-09-02T19:59:00Z,2026-09-02T20:00:00Z,99,0,LKSDB-1,T_LKSDB-1
PN,2026-09-02,42,2026-09-02T19:31:00Z,2026-09-02T19:59:00Z,99,99,LKSDB-1,T_LKSDB-1
PN,2026-09-02,42,2026-09-02T19:30:00Z,2026-09-02T19:31:00Z,27,99,LKSDB-1,T_LKSDB-1
PN,2026-09-02,41,2026-09-02T19:29:00Z,2026-09-02T19:30:00Z,99,27,LKSDB-1,T_LKSDB-1
PN,2026-09-02,41,2026-09-02T19:01:00Z,2026-09-02T19:29:00Z,99,99,LKSDB-1,T_LKSDB-1
PN,2026-09-02,41,2026-09-02T19:00:00Z,2026-09-02T19:01:00Z,19,99,LKSDB-1,T_LKSDB-1
PN,2026-09-02,40,2026-09-02T18:59:00Z,2026-09-02T19:00:00Z,99,19,LKSDB-1,T_LKSDB-1
PN,2026-09-02,40,2026-09-02T18:31:00Z,2026-09-02T18:59:00Z,99,99,LKSDB-1,T_LKSDB-1
PN,2026-09-02,40,2026-09-02T18:30:00Z,2026-09-02T18:31:00Z,54,99,LKSDB-1,T_LKSDB-1
PN,2026-09-02,39,2026-09-02T18:29:00Z,2026-09-02T18:30:00Z,99,54,LKSDB-1,T_LKSDB-1
PN,2026-09-02,39,2026-09-02T18:00:00Z,2026-09-02T18:29:00Z,99,99,LKSDB-1,T_LKSDB-1
PN,2026-09-02,38,2026-09-02T17:31:00Z,2026-09-02T18:00:00Z,99,99,LKSDB-1,T_LKSDB-1
PN,2026-09-02,38,2026-09-02T17:30:00Z,2026-09-02T17:31:00Z,93,99,LKSDB-1,T_LKSDB-1
PN,2026-09-02,37,2026-09-02T17:01:00Z,2026-09-02T17:30:00Z,93,93,LKSDB-1,T_LKSDB-1
PN,2026-09-02,37,2026-09-02T17:00:00Z,2026-09-02T17:01:00Z,0,93,LKSDB-1,T_LKSDB-1
PN,2026-09-02,36,2026-09-02T16:30:00Z,2026-09-02T17:00:00Z,0,0,LKSDB-1,T_LKSDB-1
PN,2026-09-02,35,2026-09-02T16:00:00Z,2026-09-02T16:30:00Z,0,0,LKSDB-1,T_LKSDB-1
PN,2026-09-02,34,2026-09-02T15:30:00Z,2026-09-02T16:00:00Z,0,0,LKSDB-1,T_LKSDB-1
PN,2026-09-02,33,2026-09-02T15:29:00Z,2026-09-02T15:30:00Z,-48,0,LKSDB-1,T_LKSDB-1
PN,2026-09-02,33,2026-09-02T15:00:00Z,2026-09-02T15:29:00Z,-48,-48,LKSDB-1,T_LKSDB-1
PN,2026-09-02,32,2026-09-02T14:59:00Z,2026-09-02T15:00:00Z,-99,-48,LKSDB-1,T_LKSDB-1
PN,2026-09-02,32,2026-09-02T14:30:00Z,2026-09-02T14:59:00Z,-99,-99,LKSDB-1,T_LKSDB-1
PN,2026-09-02,31,2026-09-02T14:01:00Z,2026-09-02T14:30:00Z,-99,-99,LKSDB-1,T_LKSDB-1
PN,2026-09-02,31,2026-09-02T14:00:00Z,2026-09-02T14:01:00Z,0,-99,LKSDB-1,T_LKSDB-1
PN,2026-09-02,30,2026-09-02T13:30:00Z,2026-09-02T14:00:00Z,0,0,LKSDB-1,T_LKSDB-1
PN,2026-09-02,29,2026-09-02T13:00:00Z,2026-09-02T13:30:00Z,0,0,LKSDB-1,T_LKSDB-1
PN,2026-09-02,28,2026-09-02T12:30:00Z,2026-09-02T13:00:00Z,0,0,LKSDB-1,T_LKSDB-1
PN,2026-09-02,27,2026-09-02T12:00:00Z,2026-09-02T12:30:00Z,0,0,LKSDB-1,T_LKSDB-1
PN,2026-09-02,26,2026-09-02T11:50:00Z,2026-09-02T12:00:00Z,0,0,LKSDB-1,T_LKSDB-1
PN,2026-09-02,26,2026-09-02T11:30:00Z,2026-09-02T11:50:00Z,49,49,LKSDB-1,T_LKSDB-1
PN,2026-09-02,25,2026-09-02T11:10:00Z,2026-09-02T11:30:00Z,49,49,LKSDB-1,T_LKSDB-1
PN,2026-09-02,25,2026-09-02T11:05:00Z,2026-09-02T11:10:00Z,0,0,LKSDB-1,T_LKSDB-1
PN,2026-09-02,25,2026-09-02T11:00:00Z,2026-09-02T11:05:00Z,-49,-49,LKSDB-1,T_LKSDB-1
PN,2026-09-02,24,2026-09-02T10:35:00Z,2026-09-02T11:00:00Z,-49,-49,LKSDB-1,T_LKSDB-1
PN,2026-09-02,24,2026-09-02T10:30:00Z,2026-09-02T10:35:00Z,0,0,LKSDB-1,T_LKSDB-1
PN,2026-09-02,23,2026-09-02T10:00:00Z,2026-09-02T10:30:00Z,99,99,LKSDB-1,T_LKSDB-1
PN,2026-09-02,22,2026-09-02T09:45:00Z,2026-09-02T10:00:00Z,99,99,LKSDB-1,T_LKSDB-1
PN,2026-09-02,22,2026-09-02T09:40:00Z,2026-09-02T09:45:00Z,0,0,LKSDB-1,T_LKSDB-1
PN,2026-09-02,22,2026-09-02T09:30:00Z,2026-09-02T09:40:00Z,-99,-99,LKSDB-1,T_LKSDB-1
PN,2026-09-02,21,2026-09-02T09:00:00Z,2026-09-02T09:30:00Z,-99,-99,LKSDB-1,T_LKSDB-1
PN,2026-09-02,20,2026-09-02T08:30:00Z,2026-09-02T09:00:00Z,-99,-99,LKSDB-1,T_LKSDB-1
PN,2026-09-02,19,2026-09-02T08:10:00Z,2026-09-02T08:30:00Z,-99,-99,LKSDB-1,T_LKSDB-1
PN,2026-09-02,19,2026-09-02T08:04:00Z,2026-09-02T08:10:00Z,99,99,LKSDB-1,T_LKSDB-1
PN,2026-09-02,19,2026-09-02T08:00:00Z,2026-09-02T08:04:00Z,0,0,LKSDB-1,T_LKSDB-1
PN,2026-09-02,18,2026-09-02T07:54:00Z,2026-09-02T08:00:00Z,0,0,LKSDB-1,T_LKSDB-1
PN,2026-09-02,18,2026-09-02T07:30:00Z,2026-09-02T07:54:00Z,99,99,LKSDB-1,T_LKSDB-1
PN,2026-09-02,17,2026-09-02T07:00:00Z,2026-09-02T07:30:00Z,0,0,LKSDB-1,T_LKSDB-1
PN,2026-09-02,16,2026-09-02T06:30:00Z,2026-09-02T07:00:00Z,0,0,LKSDB-1,T_LKSDB-1
PN,2026-09-02,15,2026-09-02T06:00:00Z,2026-09-02T06:30:00Z,0,0,LKSDB-1,T_LKSDB-1
PN,2026-09-02,14,2026-09-02T05:30:00Z,2026-09-02T06:00:00Z,0,0,LKSDB-1,T_LKSDB-1
PN,2026-09-02,13,2026-09-02T05:00:00Z,2026-09-02T05:30:00Z,0,0,LKSDB-1,T_LKSDB-1
PN,2026-09-02,12,2026-09-02T04:30:00Z,2026-09-02T05:00:00Z,0,0,LKSDB-1,T_LKSDB-1
PN,2026-09-02,11,2026-09-02T04:00:00Z,2026-09-02T04:30:00Z,0,0,LKSDB-1,T_LKSDB-1
PN,2026-09-02,10,2026-09-02T03:30:00Z,2026-09-02T04:00:00Z,0,0,LKSDB-1,T_LKSDB-1
PN,2026-09-02,9,2026-09-02T03:00:00Z,2026-09-02T03:30:00Z,0,0,LKSDB-1,T_LKSDB-1
PN,2026-09-02,8,2026-09-02T02:59:00Z,2026-09-02T03:00:00Z,-16,0,LKSDB-1,T_LKSDB-1
PN,2026-09-02,8,2026-09-02T02:31:00Z,2026-09-02T02:59:00Z,-16,-16,LKSDB-1,T_LKSDB-1
PN,2026-09-02,8,2026-09-02T02:30:00Z,2026-09-02T02:31:00Z,-24,-16,LKSDB-1,T_LKSDB-1
PN,2026-09-02,7,2026-09-02T02:01:00Z,2026-09-02T02:30:00Z,-24,-24,LKSDB-1,T_LKSDB-1
PN,2026-09-02,7,2026-09-02T02:00:00Z,2026-09-02T02:01:00Z,-48,-24,LKSDB-1,T_LKSDB-1
PN,2026-09-02,6,2026-09-02T01:30:00Z,2026-09-02T02:00:00Z,-48,-48,LKSDB-1,T_LKSDB-1
PN,2026-09-02,5,2026-09-02T01:01:00Z,2026-09-02T01:30:00Z,-48,-48,LKSDB-1,T_LKSDB-1
PN,2026-09-02,5,2026-09-02T01:00:00Z,2026-09-02T01:01:00Z,0,-48,LKSDB-1,T_LKSDB-1
PN,2026-09-02,4,2026-09-02T00:30:00Z,2026-09-02T01:00:00Z,0,0,LKSDB-1,T_LKSDB-1
PN,2026-09-02,3,2026-09-02T00:00:00Z,2026-09-02T00:30:00Z,0,0,LKSDB-1,T_LKSDB-1
PN,2026-09-02,2,2026-09-01T23:30:00Z,2026-09-02T00:00:00Z,0,0,LKSDB-1,T_LKSDB-1
PN,2026-09-02,1,2026-09-01T23:00:00Z,2026-09-01T23:30:00Z,0,0,LKSDB-1,T_LKSDB-1
PN,2026-09-01,48,2026-09-01T22:59:00Z,2026-09-01T23:00:00Z,8,0,LKSDB-1,T_LKSDB-1
PN,2026-09-01,48,2026-09-01T22:31:00Z,2026-09-01T22:59:00Z,8,8,LKSDB-1,T_LKSDB-1
PN,2026-09-01,48,2026-09-01T22:30:00Z,2026-09-01T22:31:00Z,0,8,LKSDB-1,T_LKSDB-1
PN,2026-09-01,47,2026-09-01T22:00:00Z,2026-09-01T22:30:00Z,0,0,LKSDB-1,T_LKSDB-1
PN,2026-09-01,46,2026-09-01T21:59:00Z,2026-09-01T22:00:00Z,-10,0,LKSDB-1,T_LKSDB-1
PN,2026-09-01,46,2026-09-01T21:31:00Z,2026-09-01T21:59:00Z,-10,-10,LKSDB-1,T_LKSDB-1
PN,2026-09-01,46,2026-09-01T21:30:00Z,2026-09-01T21:31:00Z,0,-10,LKSDB-1,T_LKSDB-1
PN,2026-09-01,45,2026-09-01T21:00:00Z,2026-09-01T21:30:00Z,0,0,LKSDB-1,T_LKSDB-1
PN,2026-09-01,44,2026-09-01T20:30:00Z,2026-09-01T21:00:00Z,0,0,LKSDB-1,T_LKSDB-1
PN,2026-09-01,43,2026-09-01T20:00:00Z,2026-09-01T20:30:00Z,0,0,LKSDB-1,T_LKSDB-1
PN,2026-09-01,42,2026-09-01T19:31:00Z,2026-09-01T20:00:00Z,0,0,LKSDB-1,T_LKSDB-1
PN,2026-09-01,42,2026-09-01T19:30:00Z,2026-09-01T19:31:00Z,38,0,LKSDB-1,T_LKSDB-1
PN,2026-09-01,41,2026-09-01T19:29:00Z,2026-09-01T19:30:00Z,81,38,LKSDB-1,T_LKSDB-1
PN,2026-09-01,41,2026-09-01T19:01:00Z,2026-09-01T19:29:00Z,81,81,LKSDB-1,T_LKSDB-1
PN,2026-09-01,41,2026-09-01T19:00:00Z,2026-09-01T19:01:00Z,0,81,LKSDB-1,T_LKSDB-1
PN,2026-09-01,40,2026-09-01T18:59:00Z,2026-09-01T19:00:00Z,79,0,LKSDB-1,T_LKSDB-1
PN,2026-09-01,40,2026-09-01T18:30:00Z,2026-09-01T18:59:00Z,79,79,LKSDB-1,T_LKSDB-1
PN,2026-09-01,39,2026-09-01T18:29:00Z,2026-09-01T18:30:00Z,81,79,LKSDB-1,T_LKSDB-1
PN,2026-09-01,39,2026-09-01T18:01:00Z,2026-09-01T18:29:00Z,81,81,LKSDB-1,T_LKSDB-1
PN,2026-09-01,39,2026-09-01T18:00:00Z,2026-09-01T18:01:00Z,0,81,LKSDB-1,T_LKSDB-1
PN,2026-09-01,38,2026-09-01T17:30:00Z,2026-09-01T18:00:00Z,0,0,LKSDB-1,T_LKSDB-1
PN,2026-09-01,37,2026-09-01T17:00:00Z,2026-09-01T17:30:00Z,0,0,LKSDB-1,T_LKSDB-1
PN,2026-09-01,36,2026-09-01T16:30:00Z,2026-09-01T17:00:00Z,0,0,LKSDB-1,T_LKSDB-1
PN,2026-09-01,35,2026-09-01T16:00:00Z,2026-09-01T16:30:00Z,0,0,LKSDB-1,T_LKSDB-1
PN,2026-09-01,34,2026-09-01T15:30:00Z,2026-09-01T16:00:00Z,0,0,LKSDB-1,T_LKSDB-1
PN,2026-09-01,33,2026-09-01T15:00:00Z,2026-09-01T15:30:00Z,0,0,LKSDB-1,T_LKSDB-1
PN,2026-09-01,32,2026-09-01T14:59:00Z,2026-09-01T15:00:00Z,0,0,LKSDB-1,T_LKSDB-1
PN,2026-09-01,32,2026-09-01T14:30:00Z,2026-09-01T14:59:00Z,0,0,LKSDB-1,T_LKSDB-1
PN,2026-09-01,31,2026-09-01T14:15:00Z,2026-09-01T14:30:00Z,0,0,LKSDB-1,T_LKSDB-1
PN,2026-09-01,31,2026-09-01T14:00:00Z,2026-09-01T14:15:00Z,49,49,LKSDB-1,T_LKSDB-1
PN,2026-09-01,30,2026-09-01T13:58:00Z,2026-09-01T14:00:00Z,0,0,LKSDB-1,T_LKSDB-1
PN,2026-09-01,30,2026-09-01T13:43:00Z,2026-09-01T13:58:00Z,99,99,LKSDB-1,T_LKSDB-1
PN,2026-09-01,30,2026-09-01T13:38:00Z,2026-09-01T13:43:00Z,0,0,LKSDB-1,T_LKSDB-1
PN,2026-09-01,30,2026-09-01T13:30:00Z,2026-09-01T13:38:00Z,-99,-99,LKSDB-1,T_LKSDB-1
PN,2026-09-01,29,2026-09-01T13:23:00Z,2026-09-01T13:30:00Z,-99,-99,LKSDB-1,T_LKSDB-1
PN,2026-09-01,29,2026-09-01T13:18:00Z,2026-09-01T13:23:00Z,0,0,LKSDB-1,T_LKSDB-1
PN,2026-09-01,29,2026-09-01T13:06:00Z,2026-09-01T13:18:00Z,-99,-99,LKSDB-1,T_LKSDB-1
PN,2026-09-01,29,2026-09-01T13:00:00Z,2026-09-01T13:06:00Z,0,0,LKSDB-1,T_LKSDB-1
PN,2026-09-01,28,2026-09-01T12:30:00Z,2026-09-01T13:00:00Z,0,0,LKSDB-1,T_LKSDB-1
PN,2026-09-01,27,2026-09-01T12:14:00Z,2026-09-01T12:30:00Z,0,0,LKSDB-1,T_LKSDB-1
PN,2026-09-01,27,2026-09-01T12:00:00Z,2026-09-01T12:14:00Z,20,20,LKSDB-1,T_LKSDB-1
PN,2026-09-01,26,2026-09-01T11:30:00Z,2026-09-01T12:00:00Z,20,20,LKSDB-1,T_LKSDB-1
PN,2026-09-01,25,2026-09-01T11:03:00Z,2026-09-01T11:30:00Z,20,20,LKSDB-1,T_LKSDB-1
PN,2026-09-01,25,2026-09-01T11:00:00Z,2026-09-01T11:03:00Z,0,0,LKSDB-1,T_LKSDB-1
PN,2026-09-01,24,2026-09-01T10:58:00Z,2026-09-01T11:00:00Z,0,0,LKSDB-1,T_LKSDB-1
PN,2026-09-01,24,2026-09-01T10:30:00Z,2026-09-01T10:58:00Z,-20,-20,LKSDB-1,T_LKSDB-1
PN,2026-09-01,23,2026-09-01T10:00:00Z,2026-09-01T10:30:00Z,-20,-20,LKSDB-1,T_LKSDB-1
PN,2026-09-01,22,2026-09-01T09:47:00Z,2026-09-01T10:00:00Z,-20,-20,LKSDB-1,T_LKSDB-1
PN,2026-09-01,22,2026-09-01T09:42:00Z,2026-09-01T09:47:00Z,0,0,LKSDB-1,T_LKSDB-1
PN,2026-09-01,22,2026-09-01T09:30:00Z,2026-09-01T09:42:00Z,20,20,LKSDB-1,T_LKSDB-1
PN,2026-09-01,21,2026-09-01T09:00:00Z,2026-09-01T09:30:00Z,20,20,LKSDB-1,T_LKSDB-1
PN,2026-09-01,20,2026-09-01T08:31:00Z,2026-09-01T09:00:00Z,20,20,LKSDB-1,T_LKSDB-1
PN,2026-09-01,20,2026-09-01T08:30:00Z,2026-09-01T08:31:00Z,0,0,LKSDB-1,T_LKSDB-1
PN,2026-09-01,19,2026-09-01T08:26:00Z,2026-09-01T08:30:00Z,0,0,LKSDB-1,T_LKSDB-1
PN,2026-09-01,19,2026-09-01T08:00:00Z,2026-09-01T08:26:00Z,-20,-20,LKSDB-1,T_LKSDB-1
PN,2026-09-01,18,2026-09-01T07:30:00Z,2026-09-01T08:00:00Z,-20,-20,LKSDB-1,T_LKSDB-1
PN,2026-09-01,17,2026-09-01T07:15:00Z,2026-09-01T07:30:00Z,-20,-20,LKSDB-1,T_LKSDB-1
PN,2026-09-01,17,2026-09-01T07:00:00Z,2026-09-01T07:15:00Z,0,0,LKSDB-1,T_LKSDB-1
PN,2026-09-01,16,2026-09-01T06:59:00Z,2026-09-01T07:00:00Z,93,0,LKSDB-1,T_LKSDB-1
PN,2026-09-01,16,2026-09-01T06:30:00Z,2026-09-01T06:59:00Z,93,93,LKSDB-1,T_LKSDB-1
PN,2026-09-01,15,2026-09-01T06:29:00Z,2026-09-01T06:30:00Z,99,93,LKSDB-1,T_LKSDB-1
PN,2026-09-01,15,2026-09-01T06:01:00Z,2026-09-01T06:29:00Z,99,99,LKSDB-1,T_LKSDB-1
PN,2026-09-01,15,2026-09-01T06:00:00Z,2026-09-01T06:01:00Z,8,99,LKSDB-1,T_LKSDB-1
PN,2026-09-01,14,2026-09-01T05:30:00Z,2026-09-01T06:00:00Z,8,8,LKSDB-1,T_LKSDB-1
PN,2026-09-01,13,2026-09-01T05:00:00Z,2026-09-01T05:30:00Z,8,8,LKSDB-1,T_LKSDB-1
PN,2026-09-01,12,2026-09-01T04:30:00Z,2026-09-01T05:00:00Z,8,8,LKSDB-1,T_LKSDB-1
PN,2026-09-01,11,2026-09-01T04:01:00Z,2026-09-01T04:30:00Z,8,8,LKSDB-1,T_LKSDB-1
PN,2026-09-01,11,2026-09-01T04:00:00Z,2026-09-01T04:01:00Z,0,8,LKSDB-1,T_LKSDB-1
PN,2026-09-01,10,2026-09-01T03:30:00Z,2026-09-01T04:00:00Z,0,0,LKSDB-1,T_LKSDB-1
PN,2026-09-01,9,2026-09-01T03:00:00Z,2026-09-01T03:30:00Z,0,0,LKSDB-1,T_LKSDB-1
PN,2026-09-01,8,2026-09-01T02:59:00Z,2026-09-01T03:00:00Z,8,0,LKSDB-1,T_LKSDB-1
PN,2026-09-01,8,2026-09-01T02:30:00Z,2026-09-01T02:59:00Z,8,8,LKSDB-1,T_LKSDB-1
PN,2026-09-01,7,2026-09-01T02:01:00Z,2026-09-01T02:30:00Z,8,8,LKSDB-1,T_LKSDB-1
PN,2026-09-01,7,2026-09-01T02:00:00Z,2026-09-01T02:01:00Z,0,8,LKSDB-1,T_LKSDB-1
PN,2026-09-01,6,2026-09-01T01:30:00Z,2026-09-01T02:00:00Z,0,0,LKSDB-1,T_LKSDB-1
PN,2026-09-01,5,2026-09-01T01:00:00Z,2026-09-01T01:30:00Z,0,0,LKSDB-1,T_LKSDB-1
PN,2026-09-01,4,2026-09-01T00:59:00Z,2026-09-01T01:00:00Z,57,0,LKSDB-1,T_LKSDB-1
PN,2026-09-01,4,2026-09-01T00:31:00Z,2026-09-01T00:59:00Z,57,57,LKSDB-1,T_LKSDB-1
PN,2026-09-01,4,2026-09-01T00:30:00Z,2026-09-01T00:31:00Z,10,57,LKSDB-1,T_LKSDB-1
PN,2026-09-01,3,2026-09-01T00:01:00Z,2026-09-01T00:30:00Z,10,10,LKSDB-1,T_LKSDB-1
PN,2026-09-01,3,2026-09-01T00:00:00Z,2026-09-01T00:01:00Z,0,10,LKSDB-1,T_LKSDB-1
PN,2026-09-01,2,2026-08-31T23:30:00Z,2026-09-01T00:00:00Z,0,0,LKSDB-1,T_LKSDB-1
