nationalGridBmUnit,elexonBmUnit,eic,fuelType,leadPartyName,bmUnitType,fpnFlag,bmUnitName,leadPartyId,demandCapacity,generationCapacity,productionOrConsumptionFlag,transmissionLossFactor,workingDayCreditAssessmentImportCapability,nonWorkingDayCreditAssessmentImportCapability,workingDayCreditAssessmentExportCapability,nonWorkingDayCreditAssessmentExportCapability,creditQualifyingStatus,demandInProductionFlag,gspGroupId,gspGroupName,interconnectorId
ABERU-1,E_ABERDARE,,,UK Power Reserve Limited,E,True,Aberdare Power Station,UKPR,0.000,15.400,C,0.0164211,0.000,0.000,6.160,6.160,True,False,_K,South Wales,
ABRBO-1,T_ABRBO-1,48W00000ABRBO-19,WIND,Aberdeen Offshore Wind Farm,T,True,ABRBO-1,ABERDEEN,-2.000,99.000,P,-0.0304534,-0.800,-0.800,39.600,39.600,True,False,,,
ABRTW-1,E_ABRTW-1,48W00000ABRTW-1Z,WIND,Npower Commercial Gas Limited,E,True,Auchrobert Wind Farm,NPOWER02,-10.000,36.000,C,-0.0099306,-4.000,-4.000,14.400,14.400,True,False,_N,South Scotland,
ACHLW-1,C__PSMAR001,,WIND,Smartestenergy Limited,S,True,C__PSMAR001-AAA-ACH-183,SMARTEST,0.000,11.282,C,-0.0304534,0.000,0.000,2.369,2.369,False,False,_P,North Scotland,
ACHRW-1,T_ACHRW-1,48W00000ACHRW-1O,WIND,Mobius Renewables Gen. (GB2,T,True,AChruach Wind Farm,AIRGEN2,-2.000,42.600,P,-0.0304534,-0.800,-0.800,17.040,17.040,True,False,,,
ACHYW-1,,,WIND,,,,,,,,,,,,,,False,False,,,
AFTOW-1,T_AFTOW-1,,WIND,Afton Wind Farm Limited,T,True,Afton Wind Farm,AFTON,-2.000,50.000,P,-0.0099306,-0.800,-0.800,20.000,20.000,True,False,,,
AG-ADL00B,V__BADEL001,,,Adela Energy Ltd,V,True,ADELA_SBMU_B,ADELA,0.000,0.000,P,0.0092272,0.000,0.000,0.000,0.000,True,False,_B,East Midlands,
AG-ADL01M,V__MADEL001,,,Adela Energy Ltd,V,True,ADELA_SBMU_M,ADELA,0.000,0.000,P,-0.0042872,0.000,0.000,0.000,0.000,True,False,_M,Yorkshire,
AG-ADL02G,V__GADEL001,,,Adela Energy Ltd,V,True,ADELA_SBMU_G,ADELA,0.000,0.000,P,-0.0050170,0.000,0.000,0.000,0.000,True,False,_G,North Western,
AG-ADL03E,V__EADEL001,,,Adela Energy Ltd,V,True,ADELA_SBMU_E,ADELA,0.000,0.000,P,0.0163921,0.000,0.000,0.000,0.000,True,False,_E,Midlands,
AG-ADL04H,V__JADEL001,,,Adela Energy Ltd,V,True,ADELA_SBMU_J,ADELA,0.000,0.000,P,0.0130857,0.000,0.000,0.000,0.000,True,False,_J,South Eastern,
AG-ADL05H,V__HADEL002,,,Adela Energy Ltd,V,True,V__HADEL002,ADELA,0.000,0.000,P,0.0213863,0.000,0.000,0.000,0.000,True,False,_H,Southern,
AG-AECO01,2__AECOT003,,,ECOTRICITY LIMITED,S,True,ECOT_VPP_10,RENC,0.000,0.000,C,0.0083094,0.000,0.000,0.000,0.000,False,False,_A,Eastern,
AG-AEDF01,2__ALOND001,48X000000000095K,,EDF Energy Customers Limited,S,True,EDFE Aggregate Eastern 01,LENCO,0.000,0.000,C,0.0083094,0.000,0.000,0.000,0.000,False,False,_A,Eastern,
AG-AEDF02,2__ALOND002,,,EDF Energy Customers Limited,S,True,EDFE Aggregate Eastern 02,LENCO,0.000,0.000,C,0.0049362,0.000,0.000,0.000,0.000,False,False,_A,Eastern GSP Group,
AG-AEDF03,2__ALOND003,,,EDF Energy Customers Limited,S,True,EDFE Aggregate East Eng 3,LENCO,0.000,0.000,C,0.0083094,0.000,0.000,0.000,0.000,False,False,_A,Eastern,
AG-AEDF04,2__ALOND004,,,EDF Energy Customers Limited,S,True,EDFE Aggregate East Eng 4,LENCO,0.000,0.000,C,0.0083094,0.000,0.000,0.000,0.000,False,False,_A,Eastern,
AG-AFLX01,2__AFLEX001,,,Flexitricity Limited,S,True,2__AFLEX001,FLEXTRCY,0.000,49.000,C,0.0049362,0.000,0.000,10.290,10.290,False,False,_A,Eastern GSP Group,
AG-AFLX02,2__AFLEX002,,,Flexitricity Limited,S,True,2__AFLEX002,FLEXTRCY,0.000,49.000,C,0.0049362,0.000,0.000,10.290,10.290,False,False,_A,Eastern GSP Group,
AG-AFLX03,2__AFLEX003,,,Flexitricity Limited,S,True,2__AFLEX003,FLEXTRCY,0.000,49.000,C,0.0083094,0.000,0.000,2.979,2.979,False,False,_A,Eastern,
AG-AFLX04,2__AFLEX004,,,Flexitricity Limited,S,True,2__AFLEX004,FLEXTRCY,0.000,49.000,C,0.0083094,0.000,0.000,3.312,3.312,False,False,_A,Eastern,
AG-AFLX05,2__AFLEX005,,,Flexitricity Limited,S,True,2__AFLEX005,FLEXTRCY,0.000,49.000,C,0.0083094,0.000,0.000,2.195,2.195,False,False,_A,Eastern,
AG-AHAR01,2__APOWQ001,48W000AG-AHAR01L,,Hartree Partners Supply UK,S,True,2__APOWQ001,POWQ,-4.200,7.500,C,0.0083094,-0.057,-0.027,0.101,0.049,False,False,_A,Eastern,
AG-ALIM01,2__ALIME000,,,Limejump Energy Limited,G,False,2__ALIME000,ANGEL,0.000,40.000,C,0.0078652,0.000,0.000,8.800,8.800,False,False,_A,Eastern GSP Group,
AG-ALIM02,2__AANGE001,,,Limejump Energy Limited,S,False,2__AANGE001,ANGEL,-1.000,80.000,C,0.0083094,-0.406,-0.349,32.480,27.928,False,False,_A,Eastern,
AG-ALIM03,2__AANGE002,,,Limejump Energy Limited,S,True,2__AANGE002,ANGEL,0.000,50.000,C,0.0078652,0.000,0.000,11.000,11.000,False,False,_A,Eastern GSP Group,
AG-ALIM04,2__AANGE003,,,Limejump Energy Limited,S,False,2__AANGE003,ANGEL,0.000,0.000,C,0.0083094,0.000,0.000,0.000,0.000,False,False,_A,Eastern,
AG-AOCT01,2__AMRCY001,,,Octopus Energy Limited,S,True,2__AMRCY001,MERCURY,-10.718,15.960,C,0.0083094,-3.535,-3.719,5.264,5.538,False,False,_A,Eastern,
AG-ASTK01,2__ASTAT001,,,Statkraft Markets Gmbh,S,True,STAT_A2,STATKRA1,0.000,20.000,C,0.0083094,0.000,0.000,4.200,4.200,False,False,_A,Eastern,
AG-ASTK02,2__ASTAT002,,,Statkraft Markets Gmbh,S,True,STAT_A3,STATKRA1,0.000,20.000,C,0.0083094,0.000,0.000,4.200,4.200,False,False,_A,Eastern,
AG-ASTK03,2__ASTAT003,,OTHER,Statkraft Markets Gmbh,S,True,STAT_A4,STATKRA1,-4.000,42.000,C,0.0083094,-1.624,-1.396,17.052,14.662,False,False,_A,Eastern,
AG-ASTK04,2__ASTAT004,,,Statkraft Markets Gmbh,S,True,STAT_A5,STATKRA1,-5.000,5.000,C,0.0083094,-2.030,-1.746,2.030,1.746,False,False,_A,Eastern,
AG-ASTK05,2__ASTAT005,,,Statkraft Markets Gmbh,S,True,STAT_A6,STATKRA1,-52.000,50.000,C,0.0083094,-0.499,-0.499,0.480,0.480,False,False,_A,Eastern,
AG-ASTK06,2__ASTAT006,,,Statkraft Markets Gmbh,S,True,STAT_A7,STATKRA1,-2.000,20.000,C,0.0083094,-0.812,-0.698,8.120,6.982,False,False,_A,Eastern,
AG-ASTK07,2__ASTAT007,,,Statkraft Markets Gmbh,S,True,STAT_A8,STATKRA1,-2.000,20.000,C,0.0083094,-0.812,-0.698,8.120,6.982,False,False,_A,Eastern,
AG-ASTK08,2__ASTAT008,,,Statkraft Markets Gmbh,S,True,STAT_A9,STATKRA1,-16.000,16.000,C,0.0083094,-0.090,-0.090,0.090,0.090,False,False,_A,Eastern,
AG-ASTK09,2__ASTAT009,,,Statkraft Markets Gmbh,S,True,STAT_A10,STATKRA1,-12.000,12.000,C,0.0083094,-0.082,-0.030,0.082,0.030,False,False,_A,Eastern,
AG-ASTK99,2__ASTAT099,,,Statkraft Markets Gmbh,S,True,STAT_A99,STATKRA1,-6.000,8.000,C,0.0083094,-2.436,-2.095,3.248,2.793,False,False,_A,Eastern,
AG-AUKP01,2__AUKPR001,,,UK Power Reserve Limited,S,True,UKPR East,UKPR,-1.000,20.000,C,0.0083094,-0.406,-0.349,8.120,6.982,False,False,_A,Eastern,
AG-AUKP02,2__AUKPR002,,,UK Power Reserve Limited,S,True,2__AUKPR002,UKPR,-1.000,20.000,C,0.0083094,-0.406,-0.349,8.120,6.982,False,False,_A,Eastern,
AG-AUKP03,2__AUKPR003,,,UK Power Reserve Limited,S,True,2__AUKPR003,UKPR,-1.000,20.000,C,0.0083094,-0.406,-0.349,8.120,6.982,False,False,_A,Eastern,
AG-AXL00K,V__KAXLE001,,,Axle Energy Limited,V,True,V__KAXLE001,AXLEENER,0.000,0.000,C,0.0217596,0.000,0.000,0.000,0.000,False,False,_K,South Wales,
AG-BEDF01,2__BLOND001,,,EDF Energy Customers Limited,S,True,EDFE Aggregate E Mids 01,LENCO,0.000,0.000,C,0.0064338,0.000,0.000,0.000,0.000,False,False,_B,East Midlands,
AG-BEDF02,2__BLOND002,,,EDF Energy Customers Limited,S,True,EDFE Aggregate E Mids 02,LENCO,0.000,0.000,C,0.0064338,0.000,0.000,0.000,0.000,False,False,_B,East Midlands,
AG-BEDF03,2__BLOND003,,WIND,EDF Energy Customers Limited,S,False,EDFE Aggregate E Mids 03,LENCO,-2.000,20.000,C,0.0092272,-0.584,-0.633,5.840,6.330,False,False,_B,East Midlands,
AG-BEDF04,2__BLOND004,,,EDF Energy Customers Limited,S,True,EDFE Aggregate E Mids 04,LENCO,0.000,0.000,C,0.0092272,0.000,0.000,0.000,0.000,False,False,_B,East Midlands,
AG-BEDG01,2__BEDGE001,,,Edgware Energy Limited,S,True,2__BEDGE001,EDGWARE,0.000,54.785,C,0.0092272,0.000,0.000,11.505,11.505,False,False,_B,East Midlands,
AG-BEDG02,V__BEDGE002,,,Edgware Energy Limited,V,True,V__BEDGE002,EDGWARE,0.000,0.000,C,0.0092272,0.000,0.000,0.000,0.000,False,False,_B,East Midlands,
AG-BEDG03,V__BEDGE003,,,Edgware Energy Limited,V,True,V__BEDGE003,EDGWARE,0.000,0.000,C,0.0092272,0.000,0.000,0.000,0.000,False,False,_B,East Midlands,
AG-BFLX01,2__BFLEX001,,,Flexitricity Limited,S,True,2__BFLEX001,FLEXTRCY,-4.845,49.000,C,0.0092272,-0.054,-0.054,0.549,0.544,False,False,_B,East Midlands,
AG-BFLX02,2__BFLEX002,,,Flexitricity Limited,S,False,2__BFLEX002,FLEXTRCY,0.000,49.000,C,0.0092272,0.000,0.000,10.290,10.290,False,False,_B,East Midlands,
AG-BFLX03,2__BFLEX003,,,Flexitricity Limited,S,True,2__BFLEX003,FLEXTRCY,0.000,49.000,C,0.0092272,0.000,0.000,10.290,10.290,False,False,_B,East Midlands,
AG-BFLX04,2__BFLEX004,,,Flexitricity Limited,S,True,2__BFLEX004,FLEXTRCY,-25.412,49.000,C,0.0092272,-0.285,-0.323,0.549,0.622,False,False,_B,East Midlands,
AG-BHAR01,2__BPOWQ001,,,Hartree Partners Supply UK,S,True,2__BPOWQ001,POWQ,0.000,8.000,C,0.0092272,0.000,0.000,1.680,1.680,False,False,_B,East Midlands,
AG-BLIM01,2__BLIME000,,,Limejump Energy Limited,G,False,2__BLIME000,ANGEL,0.000,50.000,C,0.0067476,0.000,0.000,11.000,11.000,False,False,_B,East Midlands,
AG-BLIM02,2__BANGE001,,,Limejump Energy Limited,S,False,2__BANGE001,ANGEL,-18.000,50.000,C,0.0092272,-7.096,-6.075,19.710,16.875,False,False,_B,East Midlands,
AG-BLIM03,2__BANGE002,,,Limejump Energy Limited,S,False,2__BANGE002,ANGEL,0.000,50.000,C,0.0092272,0.000,0.000,10.500,10.500,False,False,_B,East Midlands,
AG-BLIM04,2__BANGE003,,,Limejump Energy Limited,S,False,2__BANGE003,ANGEL,-5.340,2.080,C,0.0092272,-2.105,-1.802,0.820,0.702,False,False,_B,East Midlands,
AG-BOCT01,2__BMRCY001,,,Octopus Energy Limited,S,True,AG-BOCT01,MERCURY,-0.600,0.000,C,0.0092272,-0.237,-0.203,0.000,0.000,False,False,_B,East Midlands,
AG-BSMA01,2__BSMAR002,,,Smartestenergy Limited,S,True,2__BSMAR002,SMARTEST,-50.000,50.000,C,0.0054492,-23.640,-21.495,23.640,21.495,False,False,_B,East Midlands,
AG-BSMA02,2__BSMAR003,,,Smartestenergy Limited,S,True,2__BSMAR003,SMARTEST,-50.000,50.000,C,0.0054492,-23.640,-21.495,23.640,21.495,False,False,_B,East Midlands,
AG-BSTK01,2__BSTAT001,,,Statkraft Markets Gmbh,S,True,STAT_B2,STATKRA1,0.000,4.000,C,0.0088925,0.000,0.000,0.258,0.258,False,False,_B,East Midlands,
AG-BSTK02,2__BSTAT002,,,Statkraft Markets Gmbh,S,True,STAT_B3,STATKRA1,0.000,6.431,C,0.0088925,0.000,0.000,1.325,1.325,False,False,_B,East Midlands,
AG-BSTK03,2__BSTAT003,,,Statkraft Markets Gmbh,S,True,STAT_B4,STATKRA1,0.000,16.000,C,0.0092272,0.000,0.000,3.360,3.360,False,False,_B,East Midlands,
AG-BSTK04,2__BSTAT004,,,Statkraft Markets Gmbh,S,True,STAT_B5,STATKRA1,-2.000,10.000,C,0.0092272,-0.788,-0.675,3.942,3.375,False,False,_B,East Midlands,
AG-BSTK05,2__BSTAT005,,,Statkraft Markets Gmbh,S,True,STAT_B6,STATKRA1,-7.000,7.000,C,0.0092272,-2.759,-2.363,2.759,2.363,False,False,_B,East Midlands,
AG-BSTK99,2__BSTAT099,,,Statkraft Markets Gmbh,S,True,STAT_B99,STATKRA1,-10.000,10.000,C,0.0092272,-3.942,-3.375,3.942,3.375,False,False,_B,East Midlands,
AG-BUKP01,2__BUKPR001,,,UK Power Reserve Limited,S,True,UKPR East Mids,UKPR,-10.000,10.359,C,0.0092272,-0.093,-0.100,0.096,0.104,False,False,_B,East Midlands,
AG-BUKP02,2__BUKPR002,,,UK Power Reserve Limited,S,True,2__BUKPR002,UKPR,-1.000,20.000,C,0.0092272,-0.394,-0.338,7.884,6.750,False,False,_B,East Midlands,
AG-BUKP03,2__BUKPR003,,,UK Power Reserve Limited,S,True,2__BUKPR003,UKPR,-1.000,20.000,C,0.0092272,-0.394,-0.338,7.884,6.750,False,False,_B,East Midlands,
AG-BUKP04,2__BUKPR004,,,UK Power Reserve Limited,S,True,2__BUKPR004,UKPR,-1.000,20.000,C,0.0092272,-0.394,-0.338,7.884,6.750,False,False,_B,East Midlands,
AG-CBS02L,V__LCEND001,,,Centrica Business Solutions UK,V,True,Wavehub,CENDEPUK,0.000,0.000,P,0.0228729,0.000,0.000,0.000,0.000,True,False,_L,South Western,
AG-CBS05L,V__LCEND005,,,Centrica Business Solutions UK,V,True,V__LCEND005,CENDEPUK,0.000,0.000,P,0.0228729,0.000,0.000,0.000,0.000,True,False,_L,South Western,
AG-CBS06B,V__BCEND004,,,Centrica Business Solutions UK,V,True,V__BCEND004,CENDEPUK,0.000,0.000,P,0.0092272,0.000,0.000,0.000,0.000,True,False,_B,East Midlands,
AG-CBS07B,V__ECEND007,,,Centrica Business Solutions UK,V,True,V__ECEND007,CENDEPUK,0.000,0.000,P,0.0217983,0.000,0.000,0.000,0.000,True,False,_E,Midlands,
AG-CBS08M,V__MCEND001,,,Centrica Business Solutions UK,V,True,Brigg Battery,CENDEPUK,0.000,0.000,P,-0.0042872,0.000,0.000,0.000,0.000,True,False,_M,Yorkshire,
AG-COCT00,2__CMRCY001,,,Octopus Energy Limited,S,True,2__CMRCY001,MERCURY,-4.400,2.300,C,0.0210344,-0.858,-0.869,0.448,0.454,False,False,_C,London,
AG-COCT01,2__CMRCY002,48W000AG-COCT01L,,Octopus Energy Limited,S,True,AG-COCT01,MERCURY,0.000,0.000,C,0.0223978,0.000,0.000,0.000,0.000,False,False,_C,London,
AG-CPAD01,2__CPADD001,,,Fuse Energy Supply Limited,S,True,Padd_DSR,PADDINGT,-0.004,0.000,C,0.0223978,-0.002,-0.002,0.000,0.000,False,False,_C,London,
AG-DEDF01,2__DLOND001,,,EDF Energy Customers Limited,S,True,EDFE Aggregate MANWEB01,LENCO,-2.000,24.000,C,0.0024587,-0.163,-0.048,1.956,0.578,False,False,_D,Merseyside North Wales,
AG-DEDF02,2__DLOND002,,,EDF Energy Customers Limited,S,True,EDFE Aggregate MANWEB02,LENCO,-2.000,24.000,C,0.0024587,-0.117,-0.056,1.402,0.667,False,False,_D,Merseyside North Wales,
AG-DEDF03,2__DLOND003,,,EDF Energy Customers Limited,S,True,EDFE Llay Gas Peaker,LENCO,0.000,3.000,C,0.0024587,0.000,0.000,0.630,0.630,False,False,_D,Merseyside North Wales,
AG-DLIM01,2__DANGE001,,,Limejump Energy Limited,S,False,2__DANGE001,ANGEL,0.000,50.000,C,0.0024587,0.000,0.000,10.500,10.500,False,False,_D,Merseyside North Wales,
AG-DOCT01,2__DMRCY001,48W000AG-DOCT01E,,Octopus Energy Limited,S,True,AG-DOCT01,MERCURY,-0.200,0.000,C,0.0024587,-0.087,-0.075,0.000,0.000,False,False,_D,Merseyside North Wales,
AG-DSK01G,V__GDSKC001,48W000AG-DSK01GX,,Danske Commodities A/S,V,True,V__GDSKC001,DANSKE,0.000,0.000,C,-0.0050170,0.000,0.000,0.000,0.000,False,False,_G,North Western,
AG-DSK01H,V__HDSKC001,,,Danske Commodities A/S,V,True,V__HDSKC001,DANSKE,0.000,0.000,C,0.0213863,0.000,0.000,0.000,0.000,False,False,_H,Southern,
AG-DSMA01,2__DSMAE001,,,Smartestenergy Limited,S,True,2__DSMAE001,SMARTEST,0.000,35.786,C,0.0024587,0.000,0.000,7.515,7.515,False,False,_D,Merseyside North Wales,
AG-DSMA02,2__DSMAE002,,,Smartestenergy Limited,S,True,2__DSMAE002,SMARTEST,-50.000,50.000,C,0.0024587,-21.705,-18.800,21.705,18.800,False,False,_D,Merseyside North Wales,
AG-DSTK01,2__DSTAT001,,,Statkraft Markets Gmbh,S,True,STAT_D2,STATKRA1,-2.000,20.000,C,0.0024587,-0.868,-0.752,8.682,7.520,False,False,_D,Merseyside North Wales,
AG-DSTK02,2__DSTAT002,,,Statkraft Markets Gmbh,S,True,STAT_D3,STATKRA1,-2.000,14.000,C,0.0024587,-0.868,-0.752,6.077,5.264,False,False,_D,Merseyside North Wales,
AG-DSTK03,2__DSTAT003,,,Statkraft Markets Gmbh,S,True,STAT_D4,STATKRA1,0.000,20.000,C,0.0024587,0.000,0.000,4.200,4.200,False,False,_D,Merseyside North Wales,
AG-DSTK04,2__DSTAT004,,,Statkraft Markets Gmbh,S,True,STAT_D5,STATKRA1,0.000,16.000,C,0.0024587,0.000,0.000,3.360,3.360,False,False,_D,Merseyside North Wales,
AG-DSTK05,2__DSTAT005,,,Statkraft Markets Gmbh,S,True,STAT_D6,STATKRA1,0.000,16.000,C,0.0024587,0.000,0.000,3.360,3.360,False,False,_D,Merseyside North Wales,
AG-DSTK06,2__DSTAT006,,,Statkraft Markets Gmbh,S,True,STAT_D7,STATKRA1,0.000,14.000,C,0.0016804,0.000,0.000,1.204,1.204,False,False,_D,Merseyside North Wales,
AG-DSTK07,2__DSTAT007,,,Statkraft Markets Gmbh,S,True,STAT_D8,STATKRA1,-2.000,30.000,C,0.0024587,-0.725,-0.298,10.878,4.467,False,False,_D,Merseyside North Wales,
AG-DSTK08,2__DSTAT008,,,Statkraft Markets Gmbh,S,True,STAT_D9,STATKRA1,-12.000,12.000,C,0.0024587,-5.209,-4.512,5.209,4.512,False,False,_D,Merseyside North Wales,
AG-DSTK99,2__DSTAT099,,,Statkraft Markets Gmbh,S,True,STAT_D99,STATKRA1,-2.000,4.000,C,0.0024587,-0.868,-0.752,1.736,1.504,False,False,_D,Merseyside North Wales,
AG-DUKP01,2__DUKPR001,,,UK Power Reserve Limited,S,True,UKPR MANW,UKPR,-20.000,20.000,C,0.0024587,-0.236,-0.244,0.236,0.244,False,False,_D,Merseyside North Wales,
AG-DUKP02,2__DUKPR002,,,UK Power Reserve Limited,S,True,2__DUKPR002,UKPR,-1.000,20.000,C,0.0024587,-0.434,-0.376,8.682,7.520,False,False,_D,Merseyside North Wales,
AG-DUKP03,2__DUKPR003,,,UK Power Reserve Limited,S,True,2__DUKPR003,UKPR,-1.000,20.000,C,0.0024587,-0.434,-0.376,8.682,7.520,False,False,_D,Merseyside North Wales,
AG-DUKP04,2__DUKPR004,,,UK Power Reserve Limited,S,True,2__DUKPR004,UKPR,-1.000,20.000,C,0.0024587,-0.434,-0.376,8.682,7.520,False,False,_D,Merseyside North Wales,
AG-DUKP06,2__DUKPR006,,,UK Power Reserve Limited,S,True,2__DUKPR006,UKPR,-1.000,20.000,C,0.0024587,-0.434,-0.376,8.682,7.520,False,False,_D,Merseyside North Wales,
AG-DUKP07,2__DUKPR007,,,UK Power Reserve Limited,S,True,2__DUKPR007,UKPR,-1.000,20.000,C,0.0024587,-0.434,-0.376,8.682,7.520,False,False,_D,Merseyside North Wales,
AG-DUKP08,2__DUKPR008,,,UK Power Reserve Limited,S,True,2__DUKPR008,UKPR,-21.000,20.000,C,0.0024587,-9.116,-7.896,8.682,7.520,False,False,_D,Merseyside North Wales,
AG-EDF01C,V__AFEEL002,,,EDF Energy Limited,V,True,V__AFEEL002,LONDELEC,-80.000,90.000,P,0.0083094,-18.400,-18.400,20.700,20.700,True,False,_A,Eastern,
AG-EDF01P,V__PFEEL400,,,EDF Energy Limited,V,True,V__PFEEL400,LONDELEC,-100.000,110.000,P,-0.0304534,-23.000,-23.000,25.300,25.300,True,False,_P,North Scotland,
AG-EEDF01,2__ELOND001,,,EDF Energy Customers Limited,S,True,EDFE Aggregate W Mids 1,LENCO,0.000,0.000,C,0.0178442,0.000,0.000,0.000,0.000,False,False,_E,Midlands,
AG-EEDF02,2__ELOND002,48W000AG-EEDF02,,EDF Energy Customers Limited,S,True,EDF Aggregate Midlands 2,LENCO,0.000,6.000,C,0.0163921,0.000,0.000,1.260,1.260,False,False,_E,Midlands,
AG-EEDG01,V__EEDGE001,,,Edgware Energy Limited,V,True,V__EEDGE001,EDGWARE,0.000,0.000,C,0.0163921,0.000,0.000,0.000,0.000,False,False,_E,Midlands,
AG-EEDG02,V__EEDGE002,,,Edgware Energy Limited,V,True,V__EEDGE002,EDGWARE,0.000,0.000,C,0.0163921,0.000,0.000,0.000,0.000,False,False,_E,Midlands,
AG-EFLX01,2__EFLEX001,,,Flexitricity Limited,S,False,2__EFLEX001,FLEXTRCY,0.000,49.000,C,0.0163921,0.000,0.000,10.290,10.290,False,False,_E,Midlands,
AG-EFLX02,2__EFLEX002,,,Flexitricity Limited,S,True,2__EFLEX002,FLEXTRCY,0.000,49.000,C,0.0163921,0.000,0.000,10.290,10.290,False,False,_E,Midlands,
AG-EFLX03,2__EFLEX003,,,Flexitricity Limited,S,True,2__EFLEX003,FLEXTRCY,0.000,49.000,C,0.0163921,0.000,0.000,3.077,3.077,False,False,_E,Midlands,
AG-EFLX04,2__EFLEX004,,,Flexitricity Limited,S,True,2__EFLEX004,FLEXTRCY,0.000,49.000,C,0.0163921,0.000,0.000,3.837,3.837,False,False,_E,Midlands,
AG-ELIM01,2__ELIME000,,,Limejump Energy Limited,G,False,2__ELIME000,ANGEL,0.000,26.000,C,0.0163921,0.000,0.000,5.460,5.460,False,False,_E,Midlands,
AG-ELIM02,2__EANGE001,,,Limejump Energy Limited,S,False,2__EANGE001,ANGEL,-19.860,50.000,C,0.0163921,-8.290,-7.134,20.870,17.960,False,False,_E,Midlands,
AG-ELIM03,2__EANGE002,,,Limejump Energy Limited,S,False,2__EANGE002,ANGEL,-17.900,50.000,C,0.0163921,-7.471,-6.430,20.870,17.960,False,False,_E,Midlands,
AG-ENX00A,V__AENEL001,,,Enel X UK Limited,V,True,V__AENEL001,ENOC,0.000,0.000,C,0.0092874,0.000,0.000,0.000,0.000,False,False,_A,Eastern GSP Group,
AG-ENX01B,V__BENOC001,,,Enel X UK Limited,V,True,V__BENOC001,ENOC,0.000,0.000,C,0.0092272,0.000,0.000,0.000,0.000,False,False,_B,East Midlands,
AG-ENX01M,V__MENOC001,,,Enel X UK Limited,V,True,V__MENOC001,ENOC,0.000,0.000,C,-0.0042872,0.000,0.000,0.000,0.000,False,False,_M,Yorkshire,
AG-EOCT01,2__EMRCY001,,,Octopus Energy Limited,S,True,AG-EOCT01,MERCURY,-0.200,0.000,C,0.0163921,-0.083,-0.072,0.000,0.000,False,False,_E,Midlands,
AG-ERV01M,V__MEROV001,,,Erova Energy Limited,V,True,V__MEROV001,EROVAIRL,0.000,0.000,C,-0.0032986,0.000,0.000,0.000,0.000,False,False,_M,Yorkshire,
AG-ESMA01,2__ESMAR001,,,Smartestenergy Limited,S,True,2__ESMAR001,SMARTEST,-50.000,50.000,C,0.0134244,-24.565,-22.225,24.565,22.225,False,False,_E,Midlands,
AG-ESTK01,2__ESTAT001,,,Statkraft Markets Gmbh,S,True,STAT_E2,STATKRA1,-2.000,20.000,C,0.0163921,-0.835,-0.718,8.348,7.184,False,False,_E,Midlands,
AG-ESTK02,2__ESTAT002,,,Statkraft Markets Gmbh,S,True,STAT_E3,STATKRA1,0.000,4.000,C,0.0178442,0.000,0.000,0.396,0.396,False,False,_E,Midlands,
AG-ESTK03,2__ESTAT003,48W000AG-ESTK034,,Statkraft Markets Gmbh,S,True,STAT_E4,STATKRA1,-2.000,18.000,C,0.0163921,-0.835,-0.718,7.513,6.466,False,False,_E,Midlands,
AG-ESTK04,2__ESTAT004,,,Statkraft Markets Gmbh,S,True,STAT_E5,STATKRA1,0.000,12.603,C,0.0178442,0.000,0.000,1.559,1.559,False,False,_E,Midlands,
AG-ESTK05,2__ESTAT005,,,Statkraft Markets Gmbh,S,True,STAT_E6,STATKRA1,0.000,20.000,C,0.0163921,0.000,0.000,4.200,4.200,False,False,_E,Midlands,
AG-ESTK06,C__ESTAT019,,,Statkraft Markets Gmbh,S,False,C__ESTAT019-AR4-BSP-700,STATKRA1,0.000,32.000,C,0.0163921,0.000,0.000,6.720,6.720,False,False,_E,Midlands,
AG-ESTK99,2__ESTAT099,,,Statkraft Markets Gmbh,S,True,STAT_E99,STATKRA1,-4.000,6.000,C,0.0163921,-1.670,-1.437,2.504,2.155,False,False,_E,Midlands,
AG-EUKP01,2__EUKPR001,,,UK Power Reserve Limited,S,True,UKPR Mid,UKPR,-1.000,20.000,C,0.0163921,-0.417,-0.359,8.348,7.184,False,False,_E,Midlands,
AG-EXE00E,V__EEXRG001,,,Exergy Solutions Limited,V,True,V__EEXRG001,EXERGY,0.000,0.000,C,0.0154944,0.000,0.000,0.000,0.000,False,False,_E,Midlands,
AG-FEDF01,2__FLOND001,,,EDF Energy Customers Limited,S,True,EDFE Aggregate Northern 01,LENCO,0.000,0.000,C,-0.0095682,0.000,0.000,0.000,0.000,False,False,_F,_F - Northern,
AG-FEDF02,2__FLOND002,,,EDF Energy Customers Limited,S,True,EDFE Aggregate Northern 02,LENCO,0.000,0.000,C,-0.0095682,0.000,0.000,0.000,0.000,False,False,_F,_F - Northern,
AG-FFLX01,2__FFLEX001,,,Flexitricity Limited,S,True,2__FFLEX001,FLEXTRCY,-2.388,49.000,C,-0.0105171,-0.165,-0.195,3.376,4.008,False,False,_F,Northern,
AG-FLIM01,2__FANGE001,,,Limejump Energy Limited,S,True,2__FANGE001,ANGEL,-3.720,50.000,C,-0.0077506,-0.021,-0.024,0.280,0.325,False,False,_F,_F - Northern,
AG-FLIM02,2__FANGE002,,,Limejump Energy Limited,S,True,2__FANGE002,ANGEL,0.000,50.000,C,-0.0077506,0.000,0.000,11.000,11.000,False,False,_F,_F - Northern,
AG-FLX00L,V__LFLEX001,,,Flexitricity Limited,V,True,V__LFLEX001,FLEXTRCY,-3.747,3.738,C,0.0228729,-0.862,-0.862,0.860,0.860,False,False,_L,South Western,
AG-FLX01P,V__PFLEX001,,,Flexitricity Limited,V,True,V__PFLEX001,FLEXTRCY,0.000,0.000,C,-0.0304534,0.000,0.000,0.000,0.000,False,False,_P,North Scotland,
AG-FLX02N,V__NFLEX001,,,Flexitricity Limited,V,True,V__NFLEX001,FLEXTRCY,0.000,0.000,C,-0.0099306,0.000,0.000,0.000,0.000,False,False,_N,South Scotland,
AG-FLX03H,V__HFLEX001,,,Flexitricity Limited,V,True,V__HFLEX001,FLEXTRCY,0.000,0.000,C,0.0160206,0.000,0.000,0.000,0.000,False,False,_H,Southern,
AG-FLX04A,V__AFLEX001,,,Flexitricity Limited,V,True,V__AFLEX001,FLEXTRCY,0.000,0.000,C,0.0049362,0.000,0.000,0.000,0.000,False,False,_A,Eastern GSP Group,
AG-FLX04E,V__EFLEX001,,,Flexitricity Limited,V,True,V__EFLEX001,FLEXTRCY,0.000,0.000,P,0.0150195,0.000,0.000,0.000,0.000,True,False,_E,Midlands,
AG-FLX06M,V__MFLEX001,,,Flexitricity Limited,V,True,V__MFLEX001,FLEXTRCY,0.000,0.000,C,-0.0042872,0.000,0.000,0.000,0.000,False,False,_M,Yorkshire,
AG-FLX07N,V__NFLEX002,,,Flexitricity Limited,V,True,V__NFLEX002,FLEXTRCY,0.000,0.000,C,-0.0122086,0.000,0.000,0.000,0.000,False,False,_N,SOUTH of SCOTLAND GSP,
AG-FLX09A,V__AFLEX002,,,Flexitricity Limited,V,True,V__AFLEX002,FLEXTRCY,0.000,0.000,C,0.0083094,0.000,0.000,0.000,0.000,False,False,_A,Eastern,
AG-FLX0AA,V__AFLEX003,,,Flexitricity Limited,V,True,V__AFLEX003,FLEXTRCY,0.000,0.000,C,0.0083094,0.000,0.000,0.000,0.000,False,False,_A,Eastern,
AG-FLX0BH,V__HFLEX002,,,Flexitricity Limited,V,True,V__HFLEX002,FLEXTRCY,0.000,0.000,C,0.0213863,0.000,0.000,0.000,0.000,False,False,_H,Southern,
AG-FLX0CN,V__NFLEX003,,,Flexitricity Limited,V,True,V__NFLEX003,FLEXTRCY,0.000,0.000,C,-0.0099306,0.000,0.000,0.000,0.000,False,False,_N,South Scotland,
AG-FOCT01,2__FMRCY001,48W000AG-FOCT010,,Octopus Energy Limited,S,True,AG-FOCT01,MERCURY,0.000,0.000,C,-0.0105171,0.000,0.000,0.000,0.000,False,False,_F,Northern,
AG-FOR01G,V__GFORS001,48W000AG-FOR01G8,,Forsa Trading Limited,V,True,V__GFORS001,FORSA,0.000,0.000,C,-0.0050170,0.000,0.000,0.000,0.000,False,False,_G,North Western,
AG-FOR01N,V__NFORS001,48W000AG-FOR01NV,,Forsa Trading Limited,V,True,V__NFORS001,FORSA,0.000,0.000,C,-0.0099306,0.000,0.000,0.000,0.000,False,False,_N,South Scotland,
AG-FOR02N,V__NFORS003,48W000AG-FOR02NS,,Forsa Trading Limited,V,True,V__NFORS003,FORSA,0.000,20.000,P,-0.0099306,0.000,0.000,4.600,4.600,True,False,_N,South Scotland,
AG-FSTK01,2__FSTAT001,,,Statkraft Markets Gmbh,S,True,STAT_F2,STATKRA1,-2.000,50.000,C,-0.0072556,-0.217,-0.212,5.435,5.310,False,False,_F,Northern,
AG-FSTK02,2__FSTAT002,,,Statkraft Markets Gmbh,S,True,STAT_F3,STATKRA1,-2.000,50.000,C,-0.0105171,-0.795,-0.719,19.875,17.970,False,False,_F,Northern,
AG-FSTK03,2__FSTAT003,,,Statkraft Markets Gmbh,S,True,STAT_F4,STATKRA1,-2.000,50.000,C,-0.0105171,-0.795,-0.719,19.875,17.970,False,False,_F,Northern,
AG-FSTK99,2__FSTAT099,,,Statkraft Markets Gmbh,S,True,STAT_F99,STATKRA1,-4.000,4.000,C,-0.0105171,-1.590,-1.438,1.590,1.438,False,False,_F,Northern,
AG-GBL01B,V__BGBLO001,,,GridBeyond Limited,V,True,V__BGBLO001,ENDECO,0.000,0.000,C,0.0092272,0.000,0.000,0.000,0.000,False,False,_B,East Midlands,
AG-GBL01E,V__EGBLO026,,,GridBeyond Limited,V,True,V__EGBLO026,ENDECO,0.000,0.000,C,0.0169223,0.000,0.000,0.000,0.000,False,False,_E,Midlands,
AG-GBL01G,V__GGBLO027,,,GridBeyond Limited,V,True,V__GGBLO027,ENDECO,0.000,0.000,C,-0.0050170,0.000,0.000,0.000,0.000,False,False,_G,North Western,
AG-GBL01H,V__HGBLO032,,,GridBeyond Limited,V,True,V__HGBLO032,ENDECO,0.000,0.000,C,0.0213863,0.000,0.000,0.000,0.000,False,False,_H,Southern,
AG-GBL01K,V__KGBLO029,,,GridBeyond Limited,V,True,V__KGBLO029,ENDECO,0.000,0.000,C,0.0164211,0.000,0.000,0.000,0.000,False,False,_K,South Wales,
AG-GBL01M,V__MGBLO028,,,GridBeyond Limited,V,True,V__MGBLO028,ENDECO,0.000,0.000,C,-0.0012435,0.000,0.000,0.000,0.000,False,False,_M,Yorkshire,
AG-GBL01N,V__NGBLO033,,,GridBeyond Limited,V,True,V__NGBLO033,ENDECO,0.000,0.000,C,-0.0099306,0.000,0.000,0.000,0.000,False,False,_N,South Scotland,
AG-GBL02E,V__EGBLO001,,,GridBeyond Limited,V,True,V__EGBLO001,ENDECO,0.000,0.000,C,0.0163921,0.000,0.000,0.000,0.000,False,False,_E,Midlands,
AG-GBL02G,V__GGBLO034,,,GridBeyond Limited,V,True,V__GGBLO034,ENDECO,0.000,0.000,C,-0.0050170,0.000,0.000,0.000,0.000,False,False,_G,North Western,
AG-GBL02K,V__KGBLO031,,,GridBeyond Limited,V,True,V__KGBLO031,ENDECO,0.000,0.000,C,0.0164211,0.000,0.000,0.000,0.000,False,False,_K,South Wales,
AG-GBL03F,V__FGBLO001,,,GridBeyond Limited,V,False,V__FGBLO001,ENDECO,0.000,0.000,C,-0.0105171,0.000,0.000,0.000,0.000,False,False,_F,Northern,
AG-GBL03G,V__GGBLO035,,,GridBeyond Limited,V,True,V__GGBLO035,ENDECO,0.000,0.000,C,-0.0050170,0.000,0.000,0.000,0.000,False,False,_G,North Western,
AG-GBL04M,V__MGBLO001,,,GridBeyond Limited,V,False,V__MGBLO001,ENDECO,0.000,0.000,C,-0.0042872,0.000,0.000,0.000,0.000,False,False,_M,Yorkshire,
AG-GBL05D,V__DGBLO001,,,GridBeyond Limited,V,True,V__DGBLO001,ENDECO,0.000,0.000,C,0.0024587,0.000,0.000,0.000,0.000,False,False,_D,Merseyside North Wales,
AG-GBL06G,V__GGBLO001,,,GridBeyond Limited,V,True,V__GGBLO001,ENDECO,0.000,0.000,C,-0.0050170,0.000,0.000,0.000,0.000,False,False,_G,North Western,
AG-GBL07N,V__NGBLO001,,,GridBeyond Limited,V,True,V__NGBLO001,ENDECO,0.000,0.000,C,-0.0099306,0.000,0.000,0.000,0.000,False,False,_N,South Scotland,
AG-GBL08H,V__HGBLO001,,,GridBeyond Limited,V,True,V__HGBLO001,ENDECO,0.000,0.000,C,0.0213863,0.000,0.000,0.000,0.000,False,False,_H,Southern,
AG-GBL08N,V__NGBLO002,48W000AG-GBL08N0,,GridBeyond Limited,V,True,V__NGBLO002,ENDECO,0.000,0.000,C,-0.0099306,0.000,0.000,0.000,0.000,False,False,_N,South Scotland,
AG-GBL09B,V__BGBLO009,,,GridBeyond Limited,V,True,V__BGBLO009,ENDECO,0.000,0.000,C,0.0092272,0.000,0.000,0.000,0.000,False,False,_B,East Midlands,
AG-GBL09H,V__HGBLO030,,,GridBeyond Limited,V,True,V__HGBLO030,ENDECO,0.000,0.000,C,0.0213863,0.000,0.000,0.000,0.000,False,False,_H,Southern,
AG-GBL0AE,V__EGBLO010,,,GridBeyond Limited,V,True,V__EGBLO010,ENDECO,0.000,0.000,C,0.0163921,0.000,0.000,0.000,0.000,False,False,_E,Midlands,
AG-GBL0BE,V__EGBLO011,,,GridBeyond Limited,V,True,V__EGBLO011,ENDECO,0.000,0.000,C,0.0163921,0.000,0.000,0.000,0.000,False,False,_E,Midlands,
AG-GBL0CE,V__EGBLO012,,,GridBeyond Limited,V,True,V__EGBLO012,ENDECO,0.000,0.000,C,0.0163921,0.000,0.000,0.000,0.000,False,False,_E,Midlands,
AG-GBL0DN,V__NGBLO013,,,GridBeyond Limited,V,True,V__NGBLO013,ENDECO,-14.557,2.829,C,-0.0099306,-3.348,-3.348,0.651,0.651,False,False,_N,South Scotland,
AG-GBL0EN,V__NGBLO014,,,GridBeyond Limited,V,True,V__NGBLO014,ENDECO,-0.332,0.514,P,-0.0099306,-0.076,-0.076,0.118,0.118,True,False,_N,South Scotland,
AG-GBL0FM,V__MGBLO015,,,GridBeyond Limited,V,True,V__MGBLO015,ENDECO,0.000,0.000,C,-0.0042872,0.000,0.000,0.000,0.000,False,False,_M,Yorkshire,
AG-GBL0GM,V__MGBLO016,,,GridBeyond Limited,V,True,V__MGBLO016,ENDECO,0.000,0.000,C,-0.0042872,0.000,0.000,0.000,0.000,False,False,_M,Yorkshire,
AG-GBL0HM,V__MGBLO017,,,GridBeyond Limited,V,True,V__MGBLO017,ENDECO,0.000,0.000,C,-0.0042872,0.000,0.000,0.000,0.000,False,False,_M,Yorkshire,
AG-GBL0IA,V__AGBLO018,,,GridBeyond Limited,V,True,V__AGBLO018,ENDECO,0.000,0.000,C,0.0083094,0.000,0.000,0.000,0.000,False,False,_A,Eastern,
AG-GBL0JP,V__PGBLO019,,,GridBeyond Limited,V,True,V__PGBLO019,ENDECO,0.000,0.000,C,-0.0304534,0.000,0.000,0.000,0.000,False,False,_P,North Scotland,
AG-GBL0KB,V__BGBLO020,,,GridBeyond Limited,V,True,V__BGBLO020,ENDECO,0.000,0.000,C,0.0092272,0.000,0.000,0.000,0.000,False,False,_B,East Midlands,
AG-GBL0LB,V__BGBLO021,,,GridBeyond Limited,V,True,V__BGBLO021,ENDECO,0.000,0.000,C,0.0092272,0.000,0.000,0.000,0.000,False,False,_B,East Midlands,
AG-GBL0MM,V__MGBLO022,,,GridBeyond Limited,V,True,V__MGBLO022,ENDECO,0.000,0.000,C,-0.0042872,0.000,0.000,0.000,0.000,False,False,_M,Yorkshire,
AG-GBL0NN,V__NGBLO023,,,GridBeyond Limited,V,True,V__NGBLO023,ENDECO,0.000,0.000,C,-0.0099306,0.000,0.000,0.000,0.000,False,False,_N,South Scotland,
AG-GBL0OH,V__HGBLO024,,,GridBeyond Limited,V,True,V__HGBLO024,ENDECO,0.000,0.000,C,0.0213863,0.000,0.000,0.000,0.000,False,False,_H,Southern,
AG-GBL0PE,V__EGBLO025,,,GridBeyond Limited,V,True,V__EGBLO025,ENDECO,0.000,0.000,C,0.0133452,0.000,0.000,0.000,0.000,False,False,_E,Midlands,
AG-GEDF01,2__GLOND001,,,EDF Energy Customers Limited,S,True,EDFE Aggregate N West 01,LENCO,0.000,0.000,C,-0.0050170,0.000,0.000,0.000,0.000,False,False,_G,North Western,
AG-GEDF02,2__GLOND002,,,EDF Energy Customers Limited,S,True,EDFE Agg NW Eng 02,LENCO,0.000,0.000,C,-0.0050170,0.000,0.000,0.000,0.000,False,False,_G,North Western,
AG-GEDF03,2__GLOND003,,,EDF Energy Customers Limited,S,True,EDFE Aggregate NW Eng 3,LENCO,-2.000,50.000,C,-0.0050170,-0.105,-0.022,2.630,0.550,False,False,_G,North Western,
AG-GEDF04,2__GLOND004,,,EDF Energy Customers Limited,S,True,EDFE Aggregate NW Eng 4,LENCO,-2.000,24.000,C,-0.0050170,-0.148,-0.044,1.774,0.526,False,False,_G,North Western,
AG-GEDF05,2__GLOND005,,,EDF Energy Customers Limited,S,True,EDF Aggregate Midlands 2,LENCO,-24.000,24.000,C,-0.0050170,-9.146,-7.846,9.146,7.846,False,False,_G,North Western,
AG-GFLX01,2__GFLEX001,,,Flexitricity Limited,S,True,2__GFLEX001,FLEXTRCY,0.000,49.000,C,-0.0050170,0.000,0.000,5.155,5.155,False,False,_G,North Western,
AG-GFLX02,2__GFLEX002,,,Flexitricity Limited,S,True,2__GFLEX002,FLEXTRCY,0.000,49.000,C,-0.0050170,0.000,0.000,10.290,10.290,False,False,_G,North Western,
AG-GFLX03,2__GFLEX003,,,Flexitricity Limited,S,True,2__GFLEX003,FLEXTRCY,0.000,49.000,C,-0.0050170,0.000,0.000,10.290,10.290,False,False,_G,North Western,
AG-GFLX04,2__GFLEX004,,,Flexitricity Limited,S,True,2__GFLEX004,FLEXTRCY,0.000,49.000,C,-0.0050170,0.000,0.000,10.290,10.290,False,False,_G,North Western,
AG-GFLX05,2__GFLEX005,,,Flexitricity Limited,S,True,2__GFLEX005,FLEXTRCY,0.000,49.000,C,-0.0050170,0.000,0.000,10.290,10.290,False,False,_G,North Western,
AG-GFLX06,2__GFLEX006,,,Flexitricity Limited,S,True,2__GFLEX006,FLEXTRCY,0.000,49.000,C,-0.0050170,0.000,0.000,10.290,10.290,False,False,_G,North Western,
AG-GFLX07,2__GFLEX007,,,Flexitricity Limited,S,True,2__GFLEX007,FLEXTRCY,0.000,49.000,C,-0.0050170,0.000,0.000,10.290,10.290,False,False,_G,North Western,
AG-GFLX08,2__GFLEX008,,,Flexitricity Limited,S,True,2__GFLEX008,FLEXTRCY,-30.444,49.000,C,-0.0050170,-0.572,-0.268,0.921,0.431,False,False,_G,North Western,
AG-GFLX09,2__GFLEX009,48W000AG-GFLX097,,Flexitricity Limited,S,True,2__GFLEX009,FLEXTRCY,-31.056,49.000,C,-0.0050170,-0.534,-0.317,0.843,0.500,False,False,_G,North Western,
AG-GLIM01,2__GANGE001,,,Limejump Energy Limited,S,True,2__GANGE001,ANGEL,-44.628,50.000,C,-0.0050170,-0.879,-0.977,0.985,1.095,False,False,_G,North Western,
AG-GLIM02,2__GANGE002,,,Limejump Energy Limited,S,True,2__GANGE002,ANGEL,-6.580,50.000,C,-0.0086334,-2.498,-2.112,18.985,16.045,False,False,_G,North Western,
AG-GLIM03,2__GANGE003,,,Limejump Energy Limited,S,True,2__GANGE003,ANGEL,0.000,10.321,C,-0.0086334,0.000,0.000,2.271,2.271,False,False,_G,North Western,
AG-GLIM04,2__GANGE004,,,Limejump Energy Limited,S,True,2__GANGE004,ANGEL,0.000,20.340,C,-0.0086334,0.000,0.000,4.475,4.475,False,False,_G,North Western,
AG-GLIM05,2__GANGE005,,,Limejump Energy Limited,S,False,2__GANGE005,ANGEL,0.000,0.000,C,-0.0041054,0.000,0.000,0.000,0.000,False,False,_G,North Western,
AG-GLIM06,2__GANGE006,,,Limejump Energy Limited,S,False,2__GANGE006,ANGEL,0.000,0.000,C,-0.0050170,0.000,0.000,0.000,0.000,False,False,_G,North Western,
AG-GOCT01,2__GMRCY001,48W000AG-GOCT01U,,Octopus Energy Limited,S,True,AG-GOCT01,MERCURY,-0.200,0.000,C,-0.0050170,-0.076,-0.065,0.000,0.000,False,False,_G,North Western,
AG-GSMA01,2__GSMAE001,,,Smartestenergy Limited,S,True,2__GSMAE001,SMARTEST,0.000,19.402,C,-0.0050170,0.000,0.000,4.074,4.074,False,False,_G,North Western,
AG-GSMA02,2__GSMAR002,,,Smartestenergy Limited,S,True,2__GSMAR002,SMARTEST,0.000,0.000,C,-0.0050170,0.000,0.000,0.000,0.000,False,False,_G,North Western,
AG-GSTK01,2__GSTAT001,,,Statkraft Markets Gmbh,S,True,STAT_G2,STATKRA1,-2.000,20.000,C,-0.0048159,-0.753,-0.645,7.532,6.454,False,False,_G,North Western,
AG-GSTK02,2__GSTAT002,,,Statkraft Markets Gmbh,S,True,STAT_G3,STATKRA1,-2.000,20.000,C,-0.0048159,-0.269,-0.220,2.694,2.198,False,False,_G,North Western,
AG-GSTK03,2__GSTAT003,,,Statkraft Markets Gmbh,S,True,STAT_G4,STATKRA1,-2.000,20.000,C,-0.0048159,-0.159,-0.114,1.592,1.144,False,False,_G,North Western,
AG-GSTK04,2__GSTAT004,,,Statkraft Markets Gmbh,S,True,STAT_G5,STATKRA1,-2.000,20.354,C,-0.0048159,-0.292,-0.267,2.970,2.715,False,False,_G,North Western,
AG-GSTK05,2__GSTAT005,,,Statkraft Markets Gmbh,S,True,STAT_G6,STATKRA1,-20.557,20.000,C,-0.0086334,-0.121,-0.148,0.118,0.144,False,False,_G,North Western,
AG-GSTK06,2__GSTAT006,,,Statkraft Markets Gmbh,S,True,STAT_G7,STATKRA1,0.000,6.302,C,-0.0032071,0.000,0.000,1.386,1.386,False,False,_G,North Western,
AG-GSTK07,2__GSTAT007,,,Statkraft Markets Gmbh,S,True,STAT_G8,STATKRA1,0.000,8.000,C,-0.0050170,0.000,0.000,1.680,1.680,False,False,_G,North Western,
AG-GSTK08,2__GSTAT008,,,Statkraft Markets Gmbh,S,True,STAT_G9,STATKRA1,-2.000,22.000,C,-0.0050170,-0.762,-0.654,8.384,7.192,False,False,_G,North Western,
AG-GSTK09,2__GSTAT009,,,Statkraft Markets Gmbh,S,True,STAT_G10,STATKRA1,-16.000,16.000,C,-0.0050170,-0.147,-0.123,0.147,0.123,False,False,_G,North Western,
AG-GSTK10,2__GSTAT010,,,Statkraft Markets Gmbh,S,True,STAT_G11,STATKRA1,0.000,16.000,C,-0.0050170,0.000,0.000,3.360,3.360,False,False,_G,North Western,
AG-GSTK11,2__GSTAT011,,,Statkraft Markets Gmbh,S,True,STAT_G12,STATKRA1,0.000,14.000,C,-0.0050170,0.000,0.000,2.940,2.940,False,False,_G,North Western,
AG-GSTK12,2__GSTAT012,48W000AG-GSTK12Q,,Statkraft Markets Gmbh,S,True,STAT_G13,STATKRA1,0.000,16.000,C,-0.0050170,0.000,0.000,3.360,3.360,False,False,_G,North Western,
AG-GSTK13,2__GSTAT013,,,Statkraft Markets Gmbh,S,True,STAT_G14,STATKRA1,0.000,14.000,C,-0.0050170,0.000,0.000,2.940,2.940,False,False,_G,North Western,
AG-GSTK14,2__GSTAT014,,,Statkraft Markets Gmbh,S,True,STAT_G15,STATKRA1,0.000,16.000,C,-0.0050170,0.000,0.000,3.360,3.360,False,False,_G,North Western,
AG-GSTK15,2__GSTAT015,,,Statkraft Markets Gmbh,S,True,STAT_G16,STATKRA1,0.000,16.000,C,-0.0050170,0.000,0.000,6.258,6.258,False,False,_G,North Western,
AG-GSTK16,2__GSTAT016,,,Statkraft Markets Gmbh,S,True,STAT_G17,STATKRA1,-8.000,8.000,C,-0.0050170,-0.119,-0.101,0.119,0.101,False,False,_G,North Western,
AG-GSTK17,2__GSTAT017,,,Statkraft Markets Gmbh,S,True,STAT_G18,STATKRA1,-2.000,31.253,C,-0.0050170,-0.574,-0.251,8.966,3.925,False,False,_G,North Western,
AG-GSTK19,2__GSTAT019,,,Statkraft Markets Gmbh,S,True,STAT_G20,STATKRA1,-30.000,30.000,C,-0.0050170,-11.433,-9.807,11.433,9.807,False,False,_G,North Western,
AG-GSTK99,2__GSTAT099,,,Statkraft Markets Gmbh,S,True,STAT_G99,STATKRA1,-6.000,6.000,C,-0.0050170,-2.287,-1.961,2.287,1.961,False,False,_G,North Western,
AG-GUKP01,2__GUKPR001,,,UK Power Reserve Limited,S,True,UKPR NW,UKPR,-1.000,20.000,C,-0.0050170,-0.381,-0.327,7.622,6.538,False,False,_G,North Western,
AG-GZP03K,V__KGAZP001,,,SEFE Marketing & Trading LTD,V,True,Rhymney,GAZPROM,0.000,0.000,C,0.0124353,0.000,0.000,0.000,0.000,False,False,_K,South Wales,
AG-GZP04K,V__KGAZP002,,,SEFE Marketing & Trading LTD,V,True,Brecon,GAZPROM,0.000,0.000,C,0.0124353,0.000,0.000,0.000,0.000,False,False,_K,South Wales,
AG-GZP05E,V__EGAZP001,,,SEFE Marketing & Trading LTD,V,True,Hem Heath,GAZPROM,0.000,0.000,C,0.0134244,0.000,0.000,0.000,0.000,False,False,_E,Midlands,
AG-GZP06B,V__BGAZP001,,,SEFE Marketing & Trading LTD,V,True,Staveley Energy Park,GAZPROM,0.000,0.000,C,0.0054492,0.000,0.000,0.000,0.000,False,False,_B,East Midlands,
AG-GZP07G,V__GGAZP001,,,SEFE Marketing & Trading LTD,V,True,Haydock,GAZPROM,0.000,0.000,C,-0.0041054,0.000,0.000,0.000,0.000,False,False,_G,North Western,
AG-GZP08M,V__MGAZP001,,,SEFE Marketing & Trading LTD,V,True,Houghton,GAZPROM,0.000,0.000,C,-0.0072983,0.000,0.000,0.000,0.000,False,False,_M,Yorkshire Electricity,
AG-HAB01A,V__AHABI018,,,Habitat Energy Limited,V,True,Halesworth,HABITAT,0.000,0.000,C,0.0083094,0.000,0.000,0.000,0.000,False,False,_A,Eastern,
AG-HAB01B,V__BHABI013,,,Habitat Energy Limited,V,True,Willoughby,HABITAT,0.000,0.000,C,0.0092272,0.000,0.000,0.000,0.000,False,False,_B,East Midlands,
AG-HAB01D,V__GHABI016,,,Habitat Energy Limited,V,True,Gipsy Lane,HABITAT,0.000,0.000,C,-0.0050170,0.000,0.000,0.000,0.000,False,False,_G,North Western,
AG-HAB01F,V__FHABI014,,,Habitat Energy Limited,V,True,Flatworth,HABITAT,0.000,0.000,C,-0.0105171,0.000,0.000,0.000,0.000,False,False,_F,Northern,
AG-HAB01G,V__GHABI020,,,Habitat Energy Limited,V,True,Redscar,HABITAT,0.000,0.000,C,-0.0050170,0.000,0.000,0.000,0.000,False,False,_G,North Western,
AG-HAB01H,V__HHABI019,,,Habitat Energy Limited,V,True,Melksham West,HABITAT,0.000,0.000,C,0.0213863,0.000,0.000,0.000,0.000,False,False,_H,Southern,
AG-HAB01J,V__JHABI009,48W000AG-HAB01J4,,Habitat Energy Limited,V,True,Potmans Lane,HABITAT,0.000,0.000,C,0.0130857,0.000,0.000,0.000,0.000,False,False,_J,South Eastern,
AG-HAB01P,V__PHABI010,48W000AG-HAB01PT,OTHER,Habitat Energy Limited,V,True,Boat of Garten,HABITAT,0.000,0.000,C,-0.0304534,0.000,0.000,0.000,0.000,False,False,_P,North Scotland,
AG-HAB02B,V__BHABI012,,,Habitat Energy Limited,V,True,Grendon,HABITAT,0.000,0.000,C,0.0092272,0.000,0.000,0.000,0.000,False,False,_B,East Midlands,
AG-HAB02F,V__FHABI017,,,Habitat Energy Limited,V,True,York,HABITAT,0.000,0.000,C,-0.0105171,0.000,0.000,0.000,0.000,False,False,_F,Northern,
AG-HAB02P,V__PHABI011,48W000AG-HAB02PQ,,Habitat Energy Limited,V,True,Braco,HABITAT,0.000,0.000,C,-0.0304534,0.000,0.000,0.000,0.000,False,False,_P,North Scotland,
AG-HAB03P,V__PHABI015,,,Habitat Energy Limited,V,True,Orchardbank,HABITAT,0.000,0.000,C,-0.0304534,0.000,0.000,0.000,0.000,False,False,_P,North Scotland,
AG-HEDF01,2__HLOND001,,,EDF Energy Customers Limited,S,True,EDFE Aggregate S E 01,LENCO,-36.830,29.782,C,0.0173987,-16.069,-14.279,12.994,11.546,False,False,_H,Southern,
AG-HEDF02,2__HLOND002,,,EDF Energy Customers Limited,S,True,EDFE Aggregate S Eng 02,LENCO,-52.000,52.000,C,0.0213863,-0.603,-0.660,0.603,0.660,False,False,_H,Southern,
AG-HEDF03,2__HLOND003,48W000AG-HEDF03J,,EDF Energy Customers Limited,S,True,EDF Aggregate South England 3,LENCO,0.000,8.000,C,0.0213863,0.000,0.000,1.680,1.680,False,False,_H,Southern,
AG-HEL00G,V__GHABI001,,,Habitat Energy Limited,V,True,Red Scar,HABITAT,0.000,0.000,C,-0.0041970,0.000,0.000,0.000,0.000,False,False,_G,North Western,
AG-HEL01H,V__HHABI001,,,Habitat Energy Limited,V,True,Roundponds,HABITAT,0.000,0.000,C,0.0208273,0.000,0.000,0.000,0.000,False,False,_H,Southern,
AG-HEL0AG,V__GHABI002,,,Habitat Energy Limited,V,True,Gipsy Lane,HABITAT,0.000,0.000,P,-0.0021672,0.000,0.000,0.000,0.000,True,False,_G,North Western,
AG-HEL0BA,V__AHABI003,,,Habitat Energy Limited,V,True,Wickham,HABITAT,0.000,0.000,C,0.0037777,0.000,0.000,0.000,0.000,False,False,_A,Eastern GSP Group,
AG-HEL0CP,V__PHABI004,,OTHER,Habitat Energy Limited,V,True,Fordtown,HABITAT,0.000,0.000,C,-0.0304534,0.000,0.000,0.000,0.000,False,False,_P,North Scotland,
AG-HEL0DN,V__NHABI005,,OTHER,Habitat Energy Limited,V,True,Camilla,HABITAT,0.000,0.000,C,-0.0099306,0.000,0.000,0.000,0.000,False,False,_N,South Scotland,
AG-HEL0EP,V__PHABI006,,OTHER,Habitat Energy Limited,V,True,Glendevon,HABITAT,0.000,0.000,C,-0.0304534,0.000,0.000,0.000,0.000,False,False,_P,North Scotland,
AG-HFLX01,2__HFLEX001,,,Flexitricity Limited,S,True,2__HFLEX001,FLEXTRCY,0.000,49.000,C,0.0213863,0.000,0.000,2.362,2.362,False,False,_H,Southern,
AG-HFLX02,2__HFLEX002,48W000AG-HFLX02E,,Flexitricity Limited,S,True,2__HFLEX002,FLEXTRCY,0.000,49.000,C,0.0213863,0.000,0.000,10.290,10.290,False,False,_H,Southern,
AG-HLIM01,2__HANGE001,,,Limejump Energy Limited,S,True,2__HANGE001,ANGEL,-20.791,50.000,C,0.0213863,-7.982,-7.023,19.195,16.890,False,False,_H,Southern,
AG-HLIM02,2__HANGE002,,,Limejump Energy Limited,S,True,2__HANGE002,ANGEL,-41.187,50.000,C,0.0213863,-0.227,-0.194,0.275,0.235,False,False,_H,Southern,
AG-HLIM03,2__HANGE003,,,Limejump Energy Limited,S,True,2__HANGE003,ANGEL,-52.284,49.813,C,0.0213863,-0.418,-0.586,0.399,0.558,False,False,_H,Southern,
AG-HLIM04,2__HANGE004,,,Limejump Energy Limited,S,True,2__HANGE004,ANGEL,-51.835,49.335,C,0.0213863,-0.534,-0.487,0.508,0.464,False,False,_H,Southern,
AG-HLIM05,2__HANGE005,,,Limejump Energy Limited,S,True,2__HANGE005,ANGEL,-106.454,101.899,C,0.0213863,-2.214,-2.970,2.119,2.843,False,False,_H,Southern,
AG-HOCT01,2__HMRCY001,,,Octopus Energy Limited,S,True,AG-HOCT01,MERCURY,-0.200,0.000,C,0.0213863,-0.077,-0.068,0.000,0.000,False,False,_H,Southern,
AG-HSMA01,2__HSMAE001,,,Smartestenergy Limited,S,True,2__HSMAE001,SMARTEST,0.000,15.748,C,0.0213863,0.000,0.000,3.307,3.307,False,False,_H,Southern,
AG-HSTK01,2__HSTAT001,,,Statkraft Markets Gmbh,S,True,STAT_H2,STATKRA1,-100.000,100.000,C,0.0213863,-1.070,-1.240,1.070,1.240,False,False,_H,Southern,
AG-HSTK02,2__HSTAT002,,,Statkraft Markets Gmbh,S,True,STAT_H3,STATKRA1,-50.000,52.237,C,0.0213863,-0.480,-0.345,0.501,0.360,False,False,_H,Southern,
AG-HSTK03,2__HSTAT003,,,Statkraft Markets Gmbh,S,True,STAT_H4,STATKRA1,-2.000,20.000,C,0.0213863,-0.768,-0.676,7.678,6.756,False,False,_H,Southern,
AG-HSTK04,2__HSTAT004,,,Statkraft Markets Gmbh,S,True,STAT_H5,STATKRA1,-20.793,20.000,C,0.0199799,-0.233,-0.308,0.224,0.296,False,False,_H,Southern,
AG-HSTK05,2__HSTAT005,,,Statkraft Markets Gmbh,S,True,STAT_H6,STATKRA1,0.000,16.000,C,0.0213863,0.000,0.000,3.360,3.360,False,False,_H,Southern,
AG-HSTK06,2__HSTAT006,,,Statkraft Markets Gmbh,S,True,STAT_H7,STATKRA1,0.000,16.000,C,0.0213863,0.000,0.000,3.360,3.360,False,False,_H,Southern,
AG-HSTK07,2__HSTAT007,,,Statkraft Markets Gmbh,S,True,STAT_H8,STATKRA1,-40.000,40.000,C,0.0213863,-0.324,-0.340,0.324,0.340,False,False,_H,Southern,
AG-HSTK08,2__HSTAT008,,,Statkraft Markets Gmbh,S,True,STAT_H9,STATKRA1,-20.000,20.000,C,0.0213863,-7.678,-6.756,7.678,6.756,False,False,_H,Southern,
AG-HSTK09,2__HSTAT009,,,Statkraft Markets Gmbh,S,True,STAT_H10,STATKRA1,0.000,14.000,C,0.0213863,0.000,0.000,2.940,2.940,False,False,_H,Southern,
AG-HSTK99,2__HSTAT099,,,Statkraft Markets Gmbh,S,True,STAT_H99,STATKRA1,-4.000,4.000,C,0.0213863,-1.536,-1.351,1.536,1.351,False,False,_H,Southern,
AG-HUKP01,2__HUKPR001,,,UK Power Reserve Limited,S,True,2__HUKPR001,UKPR,-1.000,20.500,C,0.0213863,-0.384,-0.338,7.870,6.925,False,False,_H,Southern,
AG-JEDF01,2__JLOND001,,,EDF Energy Customers Limited,S,True,EDFE Aggregate S E Eng 01,LENCO,0.000,0.000,C,0.0084878,0.000,0.000,0.000,0.000,False,False,_J,South Eastern,
AG-JEDF02,2__JLOND002,,,EDF Energy Customers Limited,S,True,EDFE Aggregate S E Eng 02,LENCO,-2.000,12.000,C,0.0130857,-0.234,-0.043,1.403,0.257,False,False,_J,South Eastern,
AG-JEDF03,2__JLOND003,,,EDF Energy Customers Limited,S,True,EDFE Aggregate S E Eng 03,LENCO,-2.000,12.000,C,0.0130857,-0.238,-0.048,1.426,0.289,False,False,_J,South Eastern,
AG-JEDF04,2__JLOND004,,,EDF Energy Customers Limited,S,True,EDFE Aggregate S E 04,LENCO,0.000,0.000,C,0.0130857,0.000,0.000,0.000,0.000,False,False,_J,South Eastern,
AG-JLIM01,2__JANGE001,,,Limejump Energy Limited,S,False,2__JANGE001,ANGEL,0.000,50.000,C,0.0130857,0.000,0.000,10.500,10.500,False,False,_J,South Eastern,
AG-JOCT01,2__JMRCY001,,,Octopus Energy Limited,S,True,AG-JOCT01,MERCURY,-1.400,0.000,C,0.0130857,-0.568,-0.498,0.000,0.000,False,False,_J,South Eastern,
AG-JSTK01,2__JSTAT001,,,Statkraft Markets Gmbh,S,True,STAT_J2,STATKRA1,-2.000,22.000,C,0.0130857,-0.812,-0.712,8.928,7.828,False,False,_J,South Eastern,
AG-JSTK02,2__JSTAT002,,,Statkraft Markets Gmbh,S,True,STAT_J3,STATKRA1,-8.000,6.305,C,0.0130857,-0.161,-0.162,0.127,0.127,False,False,_J,South Eastern,
AG-JSTK03,2__JSTAT003,,,Statkraft Markets Gmbh,S,True,STAT_J4,STATKRA1,0.000,22.000,C,0.0130857,0.000,0.000,4.620,4.620,False,False,_J,South Eastern,
AG-JSTK04,2__JSTAT004,,,Statkraft Markets Gmbh,S,True,STAT_J05,STATKRA1,-20.000,20.000,C,0.0130857,-8.116,-7.116,8.116,7.116,False,False,_J,South Eastern,
AG-JSTK99,2__JSTAT099,,,Statkraft Markets Gmbh,S,True,STAT_J99,STATKRA1,-4.000,6.000,C,0.0130857,-0.056,-0.101,0.085,0.151,False,False,_J,South Eastern,
AG-JUKP01,2__JUKPR001,,,UK Power Reserve Limited,S,True,UKPR S East,UKPR,-50.000,50.000,C,0.0130857,-0.560,-0.625,0.560,0.625,False,False,_J,South Eastern,
AG-KFLX01,2__KFLEX001,,,Flexitricity Limited,S,True,2__KFLEX001,FLEXTRCY,0.000,49.000,C,0.0164211,0.000,0.000,10.290,10.290,False,False,_K,South Wales,
AG-KFLX02,2__KFLEX002,,,Flexitricity Limited,S,True,2__KFLEX002,FLEXTRCY,0.000,49.000,C,0.0164211,0.000,0.000,10.290,10.290,False,False,_K,South Wales,
AG-KLIM01,2__KANGE001,,,Limejump Energy Limited,S,True,2__KANGE001,ANGEL,0.000,50.000,C,0.0139397,0.000,0.000,11.000,11.000,False,False,_K,South Wales,
AG-KOCT01,2__KMRCY001,48W000AG-KOCT012,,Octopus Energy Limited,S,True,AG-KOCT01,MERCURY,0.000,0.000,C,0.0164211,0.000,0.000,0.000,0.000,False,False,_K,South Wales,
AG-KSTK01,2__KSTAT001,,,Statkraft Markets Gmbh,S,True,STAT_K2,STATKRA1,0.000,8.000,C,0.0164211,0.000,0.000,1.680,1.680,False,False,_K,South Wales,
AG-KSTK02,2__KSTAT002,,,Statkraft Markets Gmbh,S,True,STAT_K3,STATKRA1,0.000,14.000,C,0.0164211,0.000,0.000,2.940,2.940,False,False,_K,South Wales,
AG-KSTK03,2__KSTAT003,,,Statkraft Markets Gmbh,S,True,STAT_K4,STATKRA1,0.000,16.000,C,0.0164211,0.000,0.000,3.360,3.360,False,False,_K,South Wales,
AG-KSTK04,2__KSTAT004,,,Statkraft Markets Gmbh,S,True,STAT_K5,STATKRA1,0.000,16.000,C,0.0164211,0.000,0.000,3.360,3.360,False,False,_K,South Wales,
AG-KSTK05,2__KSTAT005,,,Statkraft Markets Gmbh,S,True,STAT_K6,STATKRA1,-2.000,16.000,C,0.0200976,-0.314,-0.056,2.515,0.451,False,False,_K,South Wales,
AG-KSTK06,2__KSTAT006,,,Statkraft Markets Gmbh,S,True,STAT_K7,STATKRA1,-20.756,21.032,C,0.0162007,-8.116,-7.258,8.224,7.355,False,False,_K,South Wales,
AG-KSTK07,2__KSTAT007,,,Statkraft Markets Gmbh,S,True,STAT_K8,STATKRA1,-2.000,20.000,C,0.0164211,-0.851,-0.792,8.510,7.922,False,False,_K,South Wales,
AG-KSTK99,2__KSTAT099,,,Statkraft Markets Gmbh,S,True,STAT_K99,STATKRA1,-6.000,6.000,C,0.0164211,-2.553,-2.377,2.553,2.377,False,False,_K,South Wales,
AG-KUKP01,2__KUKPR001,,,UK Power Reserve Limited,S,True,UKPR S Wales,UKPR,-1.000,20.000,C,0.0164211,-0.022,-0.225,0.448,4.500,False,False,_K,South Wales,
AG-LEDF01,2__LLOND001,,,EDF Energy Customers Limited,S,True,EDFE Aggregate SW Eng 1,LENCO,0.000,0.000,C,0.0153524,0.000,0.000,0.000,0.000,False,False,_L,South Western,
AG-LEDG01,V__LEDGE001,,,Edgware Energy Limited,V,True,V__LEDGE001,EDGWARE,0.000,0.000,C,0.0228729,0.000,0.000,0.000,0.000,False,False,_L,South Western,
AG-LEDG02,V__LEDGE002,,,Edgware Energy Limited,V,True,V__LEDGE002,EDGWARE,0.000,0.000,C,0.0228729,0.000,0.000,0.000,0.000,False,False,_L,South Western,
AG-LFLX01,2__LFLEX001,,,Flexitricity Limited,S,True,2__LFLEX001,FLEXTRCY,-20.177,49.000,C,0.0228729,-0.214,-0.218,0.519,0.529,False,False,_L,South Western,
AG-LLIM01,2__LANGE001,,,Limejump Energy Limited,S,True,2__LANGE001,ANGEL,-29.282,65.000,C,0.0228729,-11.815,-10.533,26.228,23.381,False,False,_L,South Western,
AG-LLIM02,2__LANGE002,,,Limejump Energy Limited,S,True,2__LANGE002,ANGEL,-27.289,50.000,C,0.0228729,-0.199,-0.303,0.365,0.555,False,False,_L,South Western,
AG-LLIM03,2__LANGE003,,,Limejump Energy Limited,S,True,2__LANGE003,ANGEL,0.000,0.000,C,0.0247256,0.000,0.000,0.000,0.000,False,False,_L,South Western,
AG-LLT00B,V__BLEVE001,,,Levelise Limited,V,True,V__BLEVE001,LEVELISE,0.000,0.000,C,0.0092272,0.000,0.000,0.000,0.000,False,False,_B,East Midlands,
AG-LLT01H,V__HLEVE001,,,Levelise Limited,V,True,V__HLEVE001,LEVELISE,0.000,0.000,C,0.0213863,0.000,0.000,0.000,0.000,False,False,_H,Southern,
AG-LLT02L,V__LLEVE001,,,Levelise Limited,V,True,V__LLEVE001,LEVELISE,0.000,0.000,C,0.0228729,0.000,0.000,0.000,0.000,False,False,_L,South Western,
AG-LOCT01,2__LMRCY001,48W000AG-LOCT01W,,Octopus Energy Limited,S,True,AG-LOCT01,MERCURY,0.000,0.000,C,0.0228729,0.000,0.000,0.000,0.000,False,False,_L,South Western,
AG-LSTK01,2__LSTAT001,,,Statkraft Markets Gmbh,S,True,2_LSTAT001,STATKRA1,-2.000,20.000,C,0.0228729,-0.807,-0.719,8.070,7.194,False,False,_L,South Western,
AG-LSTK02,2__LSTAT002,,,Statkraft Markets Gmbh,S,True,STAT_L3,STATKRA1,-2.000,20.858,C,0.0228729,-0.807,-0.719,8.416,7.503,False,False,_L,South Western,
AG-LSTK03,2__LSTAT003,,,Statkraft Markets Gmbh,S,True,STAT_L4,STATKRA1,-2.000,20.000,C,0.0228729,-0.807,-0.719,8.070,7.194,False,False,_L,South Western,
AG-LSTK04,2__LSTAT004,,,Statkraft Markets Gmbh,S,True,STAT_L5,STATKRA1,-2.000,20.000,C,0.0228729,-0.807,-0.719,8.070,7.194,False,False,_L,South Western,
AG-LSTK05,C__LSTAT020,,,Statkraft Markets Gmbh,S,False,C__LSTAT020-AR4-LSF-700,STATKRA1,0.000,62.000,C,0.0228729,0.000,0.000,13.020,13.020,False,False,_L,South Western,
AG-LSTK99,2__LSTAT099,,,Statkraft Markets Gmbh,S,True,STAT_L99,STATKRA1,-4.000,6.000,C,0.0228729,-1.614,-1.439,2.421,2.158,False,False,_L,South Western,
AG-LUKP01,2__LUKPR001,,,UK Power Reserve Limited,S,True,UKPR S West,UKPR,-1.000,10.200,C,0.0228729,-0.508,-0.558,5.184,5.688,False,False,_L,South Western,
AG-MCAM01,2__MCMRO002,48W000AG-MCAM01O,,BGI Trading Limited,S,True,2__MCMRO002,CAMARO,-37.093,36.844,C,-0.0042872,-0.393,-0.475,0.391,0.472,False,False,_M,Yorkshire,
AG-MCET01,2__MCNDL002,,,NEAS Energy Ltd.,S,True,Brigg DG-2,CNDA,0.000,48.528,C,-0.0042872,0.000,0.000,10.191,10.191,False,False,_M,Yorkshire,
AG-MECO01,2__MECOT003,,,ECOTRICITY LIMITED,S,True,2__MECOT003,RENC,0.000,0.000,C,-0.0108106,0.000,0.000,0.000,0.000,False,False,_M,Yorkshire Electricity,
AG-MFLX01,2__MFLEX001,,,Flexitricity Limited,S,True,2__MFLEX001,FLEXTRCY,0.000,49.000,C,-0.0043908,0.000,0.000,10.290,10.290,False,False,_M,Yorkshire,
AG-MFLX02,2__MFLEX002,,,Flexitricity Limited,S,True,2__MFLEX002,FLEXTRCY,0.000,49.000,C,-0.0042872,0.000,0.000,10.290,10.290,False,False,_M,Yorkshire,
AG-MFLX03,2__MFLEX003,,,Flexitricity Limited,S,True,2__MFLEX003,FLEXTRCY,0.000,49.000,C,-0.0043908,0.000,0.000,10.290,10.290,False,False,_M,Yorkshire,
AG-MFLX04,2__MFLEX004,,,Flexitricity Limited,S,True,2__MFLEX004,FLEXTRCY,0.000,49.000,C,-0.0043908,0.000,0.000,10.290,10.290,False,False,_M,Yorkshire,
AG-MLIM01,2__MANGE001,,,Limejump Energy Limited,S,True,2__MANGE001,ANGEL,0.000,50.000,C,-0.0079685,0.000,0.000,11.000,11.000,False,False,_M,Yorkshire,
AG-MLIM02,2__MANGE002,,,Limejump Energy Limited,S,True,2__MANGE002,ANGEL,0.000,50.000,C,-0.0079685,0.000,0.000,11.000,11.000,False,False,_M,Yorkshire,
AG-MLIM03,2__MANGE003,,,Limejump Energy Limited,S,False,2__MANGE003,ANGEL,0.000,0.000,C,-0.0042872,0.000,0.000,0.000,0.000,False,False,_M,Yorkshire,
AG-MOCT01,2__MMRCY001,48W000AG-MOCT01P,,Octopus Energy Limited,S,True,AG-MOCT01,MERCURY,-0.200,0.000,C,-0.0042872,-0.080,-0.071,0.000,0.000,False,False,_M,Yorkshire,
AG-MSMA01,2__MSMAE001,,,Smartestenergy Limited,S,True,2__MSMAE001,SMARTEST,0.000,21.158,C,-0.0042872,0.000,0.000,4.443,4.443,False,False,_M,Yorkshire,
AG-MSMA02,2__MSMAE002,,,Smartestenergy Limited,S,True,2__MSMAE002,SMARTEST,0.000,15.720,C,-0.0042872,0.000,0.000,3.301,3.301,False,False,_M,Yorkshire,
AG-MSTK01,2__MSTAT001,,,Statkraft Markets Gmbh,S,True,STAT_M2,STATKRA1,-50.000,50.000,C,-0.0042872,-0.495,-0.505,0.495,0.505,False,False,_M,Yorkshire,
AG-MSTK02,2__MSTAT002,,,Statkraft Markets Gmbh,S,True,STAT_M3,STATKRA1,-2.000,50.000,C,-0.0042872,-0.801,-0.705,20.035,17.630,False,False,_M,Yorkshire,
AG-MSTK03,2__MSTAT003,,,Statkraft Markets Gmbh,S,True,STAT_M4,STATKRA1,0.000,16.000,C,-0.0041544,0.000,0.000,0.594,0.594,False,False,_M,Yorkshire,
AG-MSTK04,2__MSTAT004,,,Statkraft Markets Gmbh,S,True,STAT_M5,STATKRA1,0.000,6.000,C,-0.0042872,0.000,0.000,1.260,1.260,False,False,_M,Yorkshire,
AG-MSTK05,2__MSTAT005,,,Statkraft Markets Gmbh,S,True,STAT_M6,STATKRA1,-8.000,8.000,C,-0.0042872,-0.101,-0.110,0.101,0.110,False,False,_M,Yorkshire,
AG-MSTK06,2__MSTAT006,,,Statkraft Markets Gmbh,S,True,STAT_M7,STATKRA1,0.000,16.000,C,-0.0042872,0.000,0.000,3.360,3.360,False,False,_M,Yorkshire,
AG-MUKP01,2__MUKPR001,,,UK Power Reserve Limited,S,True,UKPR York,UKPR,0.000,0.000,C,-0.0042872,0.000,0.000,0.000,0.000,False,False,_M,Yorkshire,
AG-MUKP02,2__MUKPR002,,,UK Power Reserve Limited,S,True,2__MUKPR002,UKPR,-1.400,24.000,C,-0.0042872,-0.561,-0.494,9.617,8.462,False,False,_M,Yorkshire,
AG-NEDF01,2__NLOND001,,,EDF Energy Customers Limited,S,True,EDFE Aggregate S Scotland 01,LENCO,-2.000,30.000,C,-0.0099306,-0.103,-0.039,1.542,0.588,False,False,_N,South Scotland,
AG-NEDF02,2__NLOND002,,,EDF Energy Customers Limited,S,True,EDFE Aggregate S Scot 2,LENCO,-2.000,20.000,C,-0.0099306,-0.059,-0.078,0.592,0.782,False,False,_N,South Scotland,
AG-NEDF03,2__NLOND003,,,EDF Energy Customers Limited,S,True,EDFE Aggregate S Scot 3,LENCO,-2.000,20.000,C,-0.0099306,-0.071,-0.245,0.708,2.454,False,False,_N,South Scotland,
AG-NFLX01,2__NFLEX001,,OTHER,Flexitricity Limited,S,True,2__NFLEX001,FLEXTRCY,-49.969,49.000,C,-0.0099306,-0.680,-0.215,0.666,0.211,False,False,_N,South Scotland,
AG-NFLX02,2__NFLEX002,,,Flexitricity Limited,S,True,2__NFLEX002,FLEXTRCY,0.000,49.000,C,-0.0099306,0.000,0.000,10.290,10.290,False,False,_N,South Scotland,
AG-NFLX03,2__NFLEX003,,,Flexitricity Limited,S,True,2__NFLEX003,FLEXTRCY,0.000,49.000,C,-0.0099306,0.000,0.000,10.290,10.290,False,False,_N,South Scotland,
AG-NFLX04,2__NFLEX004,,,Flexitricity Limited,S,True,2__NFLEX004,FLEXTRCY,0.000,49.000,C,-0.0099306,0.000,0.000,10.290,10.290,False,False,_N,South Scotland,
AG-NFLX05,2__NFLEX005,,,Flexitricity Limited,S,True,2__NFLEX005,FLEXTRCY,0.000,49.000,C,-0.0099306,0.000,0.000,2.867,2.867,False,False,_N,South Scotland,
AG-NFLX06,2__NFLEX006,,,Flexitricity Limited,S,True,2__NFLEX006,FLEXTRCY,0.000,49.000,C,-0.0099306,0.000,0.000,2.631,2.631,False,False,_N,South Scotland,
AG-NFLX07,2__NFLEX007,,,Flexitricity Limited,S,True,2__NFLEX007,FLEXTRCY,0.000,49.000,C,-0.0099306,0.000,0.000,2.538,2.538,False,False,_N,South Scotland,
AG-NFLX08,2__NFLEX008,,,Flexitricity Limited,S,True,2__NFLEX008,FLEXTRCY,0.000,49.000,C,-0.0099306,0.000,0.000,1.784,1.784,False,False,_N,South Scotland,
AG-NFLX09,2__NFLEX009,,OTHER,Flexitricity Limited,S,True,2__NFLEX009,FLEXTRCY,-40.132,49.000,C,-0.0099306,-0.313,-0.261,0.382,0.319,False,False,_N,South Scotland,
AG-NHAV01,2__NHPOW001,,,Drax Energy Solutions Limited,S,True,2__NHPOW001,HAVEN,0.000,25.000,C,-0.0099306,0.000,0.000,5.250,5.250,False,False,_N,South Scotland,
AG-NHAV02,2__NHPOW002,,,Drax Energy Solutions Limited,S,True,2__NHPOW002,HAVEN,0.000,108.000,C,-0.0099306,0.000,0.000,22.680,22.680,False,False,_N,South Scotland,
AG-NHAV03,2__NHPOW003,48W000AG-NHAV03L,,Drax Energy Solutions Limited,S,True,2__NHPOW003,HAVEN,0.000,53.168,C,-0.0099306,0.000,0.000,11.165,11.165,False,False,_N,South Scotland,
AG-NLIM01,2__NANGE001,,,Limejump Energy Limited,S,True,2_NANGE001,ANGEL,0.000,50.000,C,-0.0146251,0.000,0.000,11.000,11.000,False,False,_N,SOUTH of SCOTLAND GSP,
AG-NLIM02,2__NANGE002,,,Limejump Energy Limited,S,True,2__NANGE002,ANGEL,-17.020,57.026,C,-0.0146251,-6.337,-5.564,21.231,18.642,False,False,_N,SOUTH of SCOTLAND GSP,
AG-NLIM03,2__NANGE003,,,Limejump Energy Limited,S,True,2__NANGE003,ANGEL,0.000,0.000,C,-0.0146251,0.000,0.000,0.000,0.000,False,False,_N,SOUTH of SCOTLAND GSP,
AG-NLIM04,2__NANGE004,,,Limejump Energy Limited,S,False,2__NANGE004,ANGEL,0.000,0.000,C,-0.0099306,0.000,0.000,0.000,0.000,False,False,_N,South Scotland,
AG-NLIM05,2__NANGE005,,,Limejump Energy Limited,S,False,2__NANGE005,ANGEL,0.000,0.000,C,-0.0099306,0.000,0.000,0.000,0.000,False,False,_N,South Scotland,
AG-NOCT01,2__NMRCY001,48W000AG-NOCT01I,,Octopus Energy Limited,S,True,AG-NOCT01,MERCURY,-0.200,0.000,C,-0.0099306,-0.077,-0.068,0.000,0.000,False,False,_N,South Scotland,
AG-NSMA01,2__NSMAR002,,,Smartestenergy Limited,S,True,2__NSMAR002,SMARTEST,-50.000,50.000,C,-0.0070039,-23.540,-22.330,23.540,22.330,False,False,_N,SOUTH of SCOTLAND GSP,
AG-NSSE01,2__NIMPO001,,,SSE Energy Supply Limited,S,True,2__NIMPO001,SSE,0.000,0.000,C,-0.0099306,0.000,0.000,0.000,0.000,False,False,_N,South Scotland,
AG-NSTK01,2__NSTAT001,,,Statkraft Markets Gmbh,S,True,STAT_N2,STATKRA1,-2.000,20.000,C,-0.0088069,-0.737,-0.654,7.374,6.538,False,False,_N,South Scotland,
AG-NSTK02,2__NSTAT002,,,Statkraft Markets Gmbh,S,True,STAT_N3,STATKRA1,0.000,20.000,C,-0.0088069,0.000,0.000,1.192,1.192,False,False,_N,South Scotland,
AG-NSTK03,2__NSTAT003,48W000AG-NSTK03F,,Statkraft Markets Gmbh,S,True,STAT_N4,STATKRA1,0.000,20.732,C,-0.0088069,0.000,0.000,3.939,3.939,False,False,_N,South Scotland,
AG-NSTK04,2__NSTAT004,,,Statkraft Markets Gmbh,S,True,STAT_N5,STATKRA1,-12.148,12.000,C,-0.0099306,-0.788,-1.107,0.779,1.093,False,False,_N,South Scotland,
AG-NSTK05,2__NSTAT005,,,Statkraft Markets Gmbh,S,True,STAT_N6,STATKRA1,-29.000,29.000,C,-0.0099306,-11.107,-9.877,11.107,9.877,False,False,_N,South Scotland,
AG-NSTK99,2__NSTAT099,,,Statkraft Markets Gmbh,S,True,STAT_N99,STATKRA1,-2.000,2.000,C,-0.0099306,-0.766,-0.681,0.766,0.681,False,False,_N,South Scotland,
AG-OPT01A,V__AOPTI001,,,Optimo Energy Limited,V,True,V__AOPTI001,OPTIMO,0.000,0.359,P,0.0083094,0.000,0.000,0.083,0.083,True,False,_A,Eastern,
AG-OPT01B,V__BOPTI001,,,Optimo Energy Limited,V,True,V__BOPTI001,OPTIMO,-0.757,0.000,C,0.0092272,-0.174,-0.174,0.000,0.000,False,False,_B,East Midlands,
AG-OPT01C,V__COPTI001,,,Optimo Energy Limited,V,True,V__COPTI001,OPTIMO,0.000,0.000,C,0.0223978,0.000,0.000,0.000,0.000,False,False,_C,London,
AG-OPT01D,V__DOPTI001,,,Optimo Energy Limited,V,True,V__DOPTI001,OPTIMO,0.000,4.912,P,0.0024587,0.000,0.000,1.130,1.130,True,False,_D,Merseyside North Wales,
AG-OPT01L,V__LOPTI001,,,Optimo Energy Limited,V,True,V__LOPTI001,OPTIMO,0.000,0.000,C,0.0228729,0.000,0.000,0.000,0.000,False,False,_L,South Western,
AG-OPT01N,V__NOPTI001,,,Optimo Energy Limited,V,True,V__NOPTI001,OPTIMO,-0.845,4.314,P,-0.0099306,-0.194,-0.194,0.992,0.992,True,False,_N,South Scotland,
AG-OPT01P,V__POPTI001,,,Optimo Energy Limited,V,True,V__POPTI001,OPTIMO,0.000,0.000,C,-0.0304534,0.000,0.000,0.000,0.000,False,False,_P,North Scotland,
AG-PEDF01,2__PLOND001,,OTHER,EDF Energy Customers Limited,S,True,EDFE Aggregate N Scot 1,LENCO,-47.966,50.000,C,-0.0200357,-0.523,-0.499,0.545,0.520,False,False,_P,North Scotland,
AG-PEDF02,2__PLOND002,48W000AG-PEDF022,,EDF Energy Customers Limited,S,True,EDF Aggregate Midlands 2,LENCO,0.000,0.000,C,-0.0304534,0.000,0.000,0.000,0.000,False,False,_P,North Scotland,
AG-PEPG01,,,OTHER,,,,,,,,,,,,,,False,False,,,
AG-PFLX01,2__PFLEX001,,OTHER,Flexitricity Limited,S,True,2__PFLEX001,FLEXTRCY,-47.530,49.000,C,-0.0304534,-0.366,-0.361,0.377,0.372,False,False,_P,North Scotland,
AG-PFLX02,2__PFLEX002,48W000AG-PFLX02W,OTHER,Flexitricity Limited,S,True,2__PFLEX002,FLEXTRCY,-48.276,49.000,C,-0.0304534,-0.420,-0.521,0.426,0.529,False,False,_P,North Scotland,
AG-POCT01,2__PMRCY001,,,Octopus Energy Limited,S,True,AG-POCT01,MERCURY,-5.000,0.000,C,-0.0304534,-1.933,-1.772,0.000,0.000,False,False,_P,North Scotland,
AG-POW01B,V__BJOUL001,,,Joulen,V,True,V__BJOUL001,POWONTEC,-1.500,1.500,C,0.0092272,-0.345,-0.345,0.345,0.345,False,False,_B,East Midlands,
AG-PSMA01,2__PSMAR001,,WIND,Smartestenergy Limited,S,True,2__PSMAR001,SMARTEST,-50.000,50.000,C,-0.0242162,-19.935,-19.310,19.935,19.310,False,False,_P,NORTH of SCOTLAND GSP,
AG-PSTK01,2__PSTAT003,,,Statkraft Markets Gmbh,S,True,STAT_P4,STATKRA1,-6.000,6.000,C,-0.0304534,-2.320,-2.126,2.320,2.126,False,False,_P,North Scotland,
AG-REC05L,2__LECOT003,,,ECOTRICITY LIMITED,S,True,ECOT_VPP_22,RENC,-10.000,10.000,C,0.0228729,-0.084,-0.080,0.084,0.080,False,False,_L,South Western,
AG-REC06B,2__BECOT003,,,ECOTRICITY LIMITED,S,False,ECOT_VPP_11,RENC,0.000,16.000,C,0.0092272,0.000,0.000,3.360,3.360,False,False,_B,East Midlands,
AG-WSP00H,V__HWELS001,,,Welsh Power Group Limited,V,True,Welsh Power Southern 1,WELSHPOW,0.000,0.000,P,0.0135383,0.000,0.000,0.000,0.000,True,False,_H,Southern,
AG-WSP01K,V__KWELS001,,,Welsh Power Group Limited,V,True,Welsh Power South Wales 1,WELSHPOW,0.000,0.000,P,0.0070703,0.000,0.000,0.000,0.000,True,False,_K,South Wales,
AG-WSP02K,V__KWELS002,,,Welsh Power Group Limited,V,True,Welsh Power South Wales 2,WELSHPOW,0.000,0.000,P,0.0070703,0.000,0.000,0.000,0.000,True,False,_K,South Wales,
AG-WSP03H,V__HWELS002,,,Welsh Power Group Limited,V,True,Welsh Power Southern 2,WELSHPOW,0.000,0.000,P,0.0135383,0.000,0.000,0.000,0.000,True,False,_H,Southern,
AG-WSP04G,V__GWELS001,,,Welsh Power Group Limited,V,True,Welsh Power North West 1,WELSHPOW,0.000,0.000,P,-0.0031618,0.000,0.000,0.000,0.000,True,False,_G,North Western,
AG-WSP05D,V__DWELS001,,,Welsh Power Group Limited,V,True,MANWEB 1,WELSHPOW,0.000,0.000,P,0.0007899,0.000,0.000,0.000,0.000,True,False,_D,Merseyside and North Wales,
AG-WSP06D,V__DWELS002,,,Welsh Power Group Limited,V,True,MANWEB 2,WELSHPOW,0.000,0.000,P,0.0007899,0.000,0.000,0.000,0.000,True,False,_D,Merseyside and North Wales,
AG-ZEN03J,V__JZENO001,,OTHER,BESS Holdco 2 Limited,V,True,V__JZENO001,ZENOBE1,0.000,0.000,C,0.0130857,0.000,0.000,0.000,0.000,False,False,_J,South Eastern,
AG-ZEN06L,V__HBRIN003,,,BESS Holdco 2 Limited,V,True,V__HBRIN003,ZENOBE1,0.000,0.000,C,0.0232889,0.000,0.000,0.000,0.000,False,False,_H,Southern,
AG-ZEN7H,V__HZENO004,,,BESS Holdco 2 Limited,V,True,V__HZENO004,ZENOBE1,0.000,0.000,C,0.0213863,0.000,0.000,0.000,0.000,False,False,_H,Southern,
AHAR02,2__APOWQ002,,,Hartree Partners Supply UK,S,False,2__APOWQ002,POWQ,0.000,0.000,C,0.0083094,0.000,0.000,0.000,0.000,False,False,_A,Eastern,
AIRSW-1,E_AIRSW-1,,WIND,ENGIE Power Limited,E,True,Airies,RWETDL,0.000,38.000,C,-0.0099306,0.000,0.000,15.200,15.200,True,False,_N,South Scotland,
AJERE000,2__AJERE000,,,Shell Energy UK Limited,G,False,2__AJERE000,AMPERE,0.000,0.000,C,0.0078652,0.000,0.000,0.000,0.000,False,False,_A,Eastern GSP Group,
AKGLD-2,T_AKGLD-2,,,Aikengall 2 CWCL,T,False,AIKENGALL II,AIK2CWCL,-0.500,0.000,C,-0.0096992,-0.030,-0.030,0.000,0.000,False,False,,,
AKGLW-1,,,WIND,,,,,,,,,,,,,,False,False,,,
AKGLW-2,T_AKGLW-2,48W00000AKGLW-22,WIND,Aikengall 2 CWCL,T,True,AIKENGALL II,AIK2CWCL,-1.000,63.840,P,-0.0099306,-0.400,-0.400,25.536,25.536,True,False,,,
AKGLW-3,T_AKGLW-3,,WIND,AIK2A Sustainable Energy Ltd,T,True,AIKENGALL2A-W,AIK3CWCL,-1.000,163.400,P,-0.0099306,-0.400,-0.400,65.360,65.360,True,False,,,
ALCOA-1,E_ALCOA-1,,,Conrad Energy (Trading) Ltd,E,True,Alcoa,CONRAD,-1.100,40.500,C,0.0164211,-0.440,-0.440,16.200,16.200,True,False,_K,South Wales,
ANGLD-1,T_ANGLD-1,,,SSE Energy Supply Limited,T,False,Anglesey Aluminium Demand,SSE,0.000,0.000,C,0.0018786,0.000,0.000,0.000,0.000,False,False,,,
ANSUW-1,T_ANSUW-1,48W00000ANSUW-1E,WIND,Statkraft Markets Gmbh,T,True,An Suidhe 1,STATKRA1,-20.000,19.360,P,-0.0304534,-8.000,-8.000,7.744,7.744,True,False,,,
ARBRB-1,E_ARBRB-1,,OTHER,Octopus Energy Trading Limited,E,True,Arbroath Battery Storage,COPPER,-35.964,34.511,C,-0.0304534,-14.386,-14.386,13.804,13.804,True,False,_P,North Scotland,
ARCHW-1,T_ARCHW-1,48W10000ARCHW-1N,WIND,SP Renewables (UK) Limited,T,True,Arecleoch,SPCRE01,-3.000,114.000,P,-0.0099306,-1.200,-1.200,45.600,45.600,True,False,,,
ARNKB-1,E_ARNKB-1,,,Octopus Energy Trading Limited,E,True,AR0006-BLOX,COPPER,-41.620,41.660,P,0.0163921,-16.648,-16.648,16.664,16.664,True,False,_E,Midlands,
ARNKB-2,E_ARNKB-2,,,Flexitricity Limited,E,True,Hutton Battery Storage,FLEXTRCY,-5.686,49.000,C,0.0083094,-2.274,-2.274,19.600,19.600,True,False,_A,Eastern,
ASHWW-1,E_ASHWW-1,48W00000ASHWW-1Z,WIND,Statkraft Markets Gmbh,E,True,Andershaw Wind Farm,STATKRA1,-1.000,35.000,P,-0.0099306,-0.400,-0.400,14.000,14.000,True,False,_N,South Scotland,
ASLVW-1,E_ASLVW-1,,WIND,Npower Commercial Gas Limited,E,True,Assel Valley Wind Farm,NPOWER02,-6.000,26.000,C,-0.0099306,-2.400,-2.400,10.400,10.400,True,False,_N,South Scotland,
BABAW-1,E_BABAW-1,48W00000BABAW-13,WIND,Statkraft Markets Gmbh,E,True,Baillie Wind Farm,STATKRA1,-1.000,52.500,P,-0.0304534,-0.400,-0.400,21.000,21.000,True,False,_P,North Scotland,
BAGE-1,T_BAGE-1,48W000000BAGE-1L,CCGT,Baglan Operations Ltd,T,True,BAGE-1,BAGLAN,-12.000,500.000,P,0.0124353,-4.800,-4.800,200.000,200.000,True,False,,,
BAGE-2,T_BAGE-2,48W000000BAGE-2J,CCGT,Baglan Operations Ltd,T,True,BAGE-2,BAGLAN,-8.000,32.000,P,0.0124353,-3.200,-3.200,12.800,12.800,True,False,,,
BAGED-1,T_BAGED-1,,,Baglan Operations Ltd,T,False,Baglan Energy Park,BAGLAN,-10.000,0.000,P,0.0124353,-8.426,-8.426,0.000,0.000,False,True,,,
BAGTD-1,T_BAGTD-1,,,EDF Energy Customers Limited,T,True,T_BAGTD-1,LENCO,-4.857,0.000,C,-0.0099306,-1.340,-1.340,0.000,0.000,False,False,,,
BARNB-1,E_BARNB-1,,,EDF Energy Customers Limited,E,True,Hunningley Stairfoot BESS,LENCO,-44.000,44.000,C,-0.0042872,-17.600,-17.600,17.600,17.600,True,False,_M,Yorkshire,
BBPG01,2__BBPGM001,,,BP Gas Marketing Limited,S,True,2__BBPGM001,BPGAS,-8.480,10.190,C,0.0032790,-0.068,-0.109,0.082,0.131,False,False,_B,East Midlands,
BDCHW-1,T_BDCHW-1,,WIND,RWE Generation UK plc,T,True,Bad a Cheo Wind Farm,INNOGY01,-1.000,27.000,P,-0.0304534,-0.400,-0.400,10.800,10.800,True,False,,,
BEASC-1,T_BEASC-1,,,TINZ PROGRAMME 1 PROJECTCO 3,T,True,Black Hillock Sync Comp,BLACKH,-4.000,0.000,C,-0.0304534,-0.251,-0.251,0.000,0.000,False,False,,,
BEATO-1,T_BEATO-1,48W00000BEATO-1T,WIND,Beatrice Offshore Windfarm Ltd,T,True,Beatrice Offshore WF 1,BOWL001,-4.000,184.000,P,-0.0304534,-1.600,-1.600,73.600,73.600,True,False,,,
BEATO-2,T_BEATO-2,48W00000BEATO-2R,WIND,Beatrice Offshore Windfarm Ltd,T,True,Beatrice Offshore WF 2,BOWL001,-3.800,166.000,P,-0.0304534,-1.520,-1.520,66.400,66.400,True,False,,,
BEATO-3,T_BEATO-3,48W00000BEATO-3P,WIND,Beatrice Offshore Windfarm Ltd,T,True,Beatrice Offshore WF 3,BOWL001,-3.458,166.000,P,-0.0304534,-1.383,-1.383,66.400,66.400,True,False,,,
BEATO-4,T_BEATO-4,48W00000BEATO-4N,WIND,Beatrice Offshore Windfarm Ltd,T,True,Beatrice Offshore WF 4,BOWL001,-4.800,165.526,P,-0.0304534,-1.920,-1.920,66.210,66.210,True,False,,,
BEINW-1,T_BEINW-1,48W00000BEINW-1G,WIND,Beinneun Wind Farm Ltd,T,True,Beinneun Wind farm,BWF2016,-0.800,108.800,P,-0.0304534,-0.320,-0.320,43.520,43.520,True,False,,,
BENBW-1,T_BENBW-1,,WIND,Benbrack Wind Farm Limited,T,True,Benbrack WF,BENBW1,-2.460,67.000,P,-0.0099306,-0.984,-0.984,26.800,26.800,True,False,,,
BENBW-2,,,WIND,,,,,,,,,,,,,,False,False,,,
BENBW-3,,,WIND,,,,,,,,,,,,,,False,False,,,
BEND01,2__BENDC003,,,EPG Energy Limited,S,True,2__BENDC003,EPGNRG,-10.000,10.000,C,0.0092272,-3.942,-3.375,3.942,3.375,False,False,_B,East Midlands,
BEND02,2__BENDC006,,,EPG Energy Limited,S,True,2__BENDC006,EPGNRG,-49.900,49.900,C,0.0092272,-19.671,-16.841,19.671,16.841,False,False,_B,East Midlands,
BEND03,2__BENDC007,,,EPG Energy Limited,S,True,2__BENDC007,EPGNRG,-30.000,30.000,C,0.0092272,-11.826,-10.125,11.826,10.125,False,False,_B,East Midlands,
BERKB-1,E_BERKB-1,,,EDF Energy Customers Limited,E,True,Berkeley BESS,LENCO,-52.000,52.000,C,0.0154944,-20.800,-20.800,20.800,20.800,True,False,_E,Midlands,
BERKB-2,E_BERKB-2,,,EDF Energy Customers Limited,E,True,Berkeley BESS,LENCO,-52.000,52.000,C,0.0163921,-0.738,-0.738,0.738,0.738,False,False,_E,Midlands,
BETHW-1,E_BETHW-1,48W00000BETHW-1H,WIND,SP Renewables (UK) Limited,E,True,BETHW-1,SPCRE01,-5.700,29.750,P,-0.0304534,-2.280,-2.280,11.900,11.900,True,False,_P,North Scotland,
BFSE01,2__BFSEN005,,,F & S Energy Ltd,S,True,2__BFSENOK5,FSE0001,-54.564,52.529,C,0.0067476,73.034,72.734,-70.310,-70.021,False,False,_B,East Midlands,
BFSE03,2__BCMRO002,48W000000BFSE03Z,,BGI Trading Limited,S,True,2__BCMRO002,CAMARO,-43.298,42.594,C,0.0092272,-0.649,-0.788,0.639,0.775,False,False,_B,East Midlands,
BGLAW-1,,,WIND,,,,,,,,,,,,,,False,False,,,
BHLAW-1,T_BHLAW-1,48W00000BHLAW-15,WIND,SSE Generation Ltd,T,True,Bhlaraidh Windfarm 1,SSEGEN,-2.000,108.112,P,-0.0304534,-0.800,-0.800,43.245,43.245,True,False,,,
BHOLB-1,E_BHOLB-1,,,Tesla Motors Limited,E,True,Holes Bay Battery,TESLA,-7.426,7.120,P,0.0213863,-2.970,-2.970,2.848,2.848,True,False,_H,Southern,
BJERE000,2__BJERE000,,,Shell Energy UK Limited,G,False,2__BJERE000,AMPERE,0.000,0.000,C,0.0067476,0.000,0.000,0.000,0.000,False,False,_B,East Midlands,
BLARW-1,E_BLARW-1,,WIND,Erova Energy Limited,E,True,E_BLARW-1,EROVAIRL,0.000,35.000,C,-0.0304534,0.000,0.000,14.000,14.000,True,False,_P,North Scotland,
BLHLB-1,T_BLHLB-1,,OTHER,ZENOBE BLACKHILLOCK LIMITED,T,True,T_BLHLB-1,ZENOBE4,-51.040,50.000,C,-0.0304534,-0.648,-0.648,0.635,0.635,False,False,,,
BLHLB-2,T_BLHLB-2,,OTHER,ZENOBE BLACKHILLOCK LIMITED,T,True,T_BLHLB-2,ZENOBE4,-51.040,50.420,C,-0.0304534,-0.755,-0.755,0.746,0.746,False,False,,,
BLHLB-3,T_BLHLB-3,,OTHER,ZENOBE BLACKHILLOCK LIMITED,T,True,T_BLHLB-3,ZENOBE4,-54.000,54.000,C,-0.0304534,-0.869,-0.869,0.869,0.869,False,False,,,
BLHLB-4,T_BLHLB-4,,OTHER,ZENOBE BLACKHILLOCK LIMITED,T,True,T_BLHLB-4,ZENOBE4,-54.820,54.420,C,-0.0304534,-0.844,-0.844,0.838,0.838,False,False,,,
BLHLD-1,T_BLHLD-1,,,ZENOBE BLACKHILLOCK LIMITED,T,True,T_BLHLD-1,ZENOBE4,-1.500,0.423,C,-0.0304534,-0.599,-0.599,0.169,0.169,False,False,,,
BLHLD-2,T_BLHLD-2,,,ZENOBE BLACKHILLOCK LIMITED,T,True,T_BLHLD-2,ZENOBE4,-1.500,0.363,C,-0.0304534,-0.597,-0.597,0.144,0.144,False,False,,,
BLHLD-3,T_BLHLD-3,,,ZENOBE BLACKHILLOCK LIMITED,T,True,T_BLHLD-3,ZENOBE4,-1.500,0.367,C,-0.0304534,-0.611,-0.611,0.150,0.150,False,False,,,
BLKPB-1,E_BLKPB-1,,,Conrad Energy (Trading) Ltd,E,True,Blackpool,CONRAD,-25.604,25.300,C,-0.0050170,-10.242,-10.242,10.120,10.120,True,False,_G,North Western,
BLKWW-1,T_BLKWW-1,48W00000BLKWW-1L,WIND,Blackcraig Wind Farm Limited,T,True,Blackcraig Windfarm,BLK2017,-0.800,56.216,P,-0.0099306,-0.320,-0.320,22.486,22.486,True,False,,,
BLLA-1,T_BLLA-1,48W000000BLLA-1K,WIND,SP Renewables (UK) Limited,T,True,T_BLLA-1,SPCRE01,-3.000,118.000,P,-0.0099306,-1.200,-1.200,47.200,47.200,True,False,,,
BLLA-2,T_BLLA-2,48W000000BLLA-2I,WIND,SP Renewables (UK) Limited,T,True,Black Law Windfarm Extension,SPCRE01,-2.500,69.000,P,-0.0099306,-1.000,-1.000,27.600,27.600,True,False,,,
BLPFB-1,T_BLPFB-1,,,EDF Energy Customers Limited,T,True,Bulphan Fen Warley Green BESS,LENCO,-52.000,56.606,C,0.0083094,-20.800,-20.800,22.642,22.642,True,False,,,
BLPFS-1,T_BLPFS-1,48W00000BLPFS-1I,,EDF Energy Customers Limited,T,True,Bulphan Fen Warley Green Solar,LENCO,0.000,50.216,P,0.0083094,0.000,0.000,20.086,20.086,True,False,,,
BLWNB-1,T_BLWNB-1,,OTHER,Statkraft Markets Gmbh,T,True,Thornton Battery,STATKRA1,-200.000,200.000,C,-0.0042872,-18.720,-18.720,18.720,18.720,False,False,,,
BNAKW-1,,48W00000BNAKW-1G,WIND,,,,,,,,,,,,,,False,False,,,
BNCRG-1,V__GFORS002,48W00000BNCRG-1X,,Forsa Trading Limited,V,True,V__GFORS002,FORSA,0.000,20.000,P,-0.0050170,0.000,0.000,4.600,4.600,True,False,_G,North Western,
BNKSB-1,,,OTHER,,,,,,,,,,,,,,False,False,,,
BNWKW-1,E_BNWKW-1,48W00000BNWKW-1W,WIND,Eneco Energy Trade,E,True,Burn of Whilk Windfarm,ENECOUK,-0.100,22.500,P,-0.0304534,-0.040,-0.040,9.000,9.000,True,False,_P,North Scotland,
BOULW-1,,,WIND,,,,,,,,,,,,,,False,False,,,
BOWLW-1,T_BOWLW-1,48W00000BOWLW-1K,WIND,Barrow Offshore Wind Limited,T,True,Barrow Offshore Wind,DONG009,-2.000,90.000,P,-0.0050170,-0.800,-0.800,36.000,36.000,True,False,,,
BOYNW-1,,48W00000BOYNW-1Z,WIND,,,,,,,,,,,,,,False,False,,,
BPGRD-1,T_BPGRD-1,,,Grangemouth CHP Ltd,T,True,T_BPGRD-1,GCHP,-120.000,0.000,P,-0.0160326,-48.000,-48.000,0.000,0.000,True,False,,,
BPGRD-2,T_BPGRD-2,,,Smartestenergy Limited,T,True,T_BPGRD-2,SMARTEST,-82.882,0.000,C,-0.0099306,-54.056,-54.056,0.000,0.000,False,False,,,
BRBEO-1,T_BRBEO-1,48W00000BRBEO-17,WIND,Burbo Extension Limited,T,True,BURBO_EXTENSION,DONG010,-5.000,257.700,P,0.0024587,-2.000,-2.000,103.080,103.080,True,False,,,
BRCHS-1,T_BRCHS-1,,OTHER,Burwell 11 Solar Ltd,T,True,T_BRCHS-1,BREACHS1,-1.612,50.000,C,0.0083094,-0.645,-0.645,20.000,20.000,True,False,,,
BRDUW-1,E_BRDUW-1,48W00000BRDUW-1V,WIND,Erova Energy Limited,E,True,Braes of Doune,EROVAIRL,-1.000,74.000,C,-0.0304534,-0.400,-0.400,29.600,29.600,True,False,_P,North Scotland,
BREDB-1,T_BREDB-1,,OTHER,Pivoted Power LLP,T,True,BREDBURY BESS,PIVOT,-57.000,49.900,C,-0.0050170,-22.800,-22.800,19.960,19.960,True,False,,,
BRETB-1,E_BRETB-1,,,EDF Energy Customers Limited,E,True,Brentwood BESS,LENCO,-52.000,52.000,C,0.0019757,-20.800,-20.800,20.800,20.800,True,False,_A,Eastern,
BRETB-2,E_BRETB-2,,,EDF Energy Customers Limited,E,True,Brentwood BESS,LENCO,-52.000,52.000,C,0.0083094,-4.867,-4.867,4.867,4.867,False,False,_A,Eastern,
BRGDG-1,2__MCNDL001,,,NEAS Energy Ltd.,S,True,Brigg DG,CNDA,0.000,51.433,C,-0.0042872,0.000,0.000,10.801,10.801,False,False,_M,Yorkshire,
BRGG-1,E_BRGG-1,48W000000BRGG-1M,CCGT,CBS ENERGY STORAGE ASSETS LTD,E,True,Glanford Brigg,REGPOWER,-5.000,50.000,C,-0.0079685,-2.000,-2.000,20.000,20.000,True,False,_M,Yorkshire,
BRIDU-1,E_BRIDGWTR,,,UK Power Reserve Limited,E,True,Bridgwater Power Station,UKPR,0.000,10.180,C,0.0228729,0.000,0.000,4.072,4.072,True,False,_L,South Western,
BRNLW-1,E_BRNLW-1,,WIND,ENGIE Power Limited,E,True,Brownieleys,RWETDL,-0.080,7.500,C,-0.0304534,-0.032,-0.032,3.000,3.000,True,False,_P,North Scotland,
BROAB-1,E_BROAB-1,,,Tesla Motors Limited,E,True,Broadditch Battery,TESLA,-11.000,11.000,P,0.0130857,-4.400,-4.400,4.400,4.400,True,False,_J,South Eastern,
BROCW-1,T_BROCW-1,,WIND,Smartestenergy Limited,T,True,Broken Cross WF,SMARTEST,-1.000,48.000,C,-0.0099306,-0.400,-0.400,19.200,19.200,True,False,,,
BROFB-1,E_BROFB-1,,,EDF Energy Customers Limited,E,True,Brook Farm BESS,LENCO,-52.803,52.000,C,0.0083094,-21.121,-21.121,20.800,20.800,True,False,_A,Eastern,
BROUD-1,E_BROUD-1,,,Npower Commercial Gas Limited,E,True,E_BROUD-1,NPOWER02,-110.000,0.000,C,-0.0042872,-63.250,-63.250,0.000,0.000,False,False,_M,Yorkshire,
BROXB-1,E_BROXB-1,,OTHER,ENGIE Power Limited,E,True,BroxburnBattery,RWETDL,-50.000,50.000,P,-0.0099306,-20.000,-20.000,20.000,20.000,True,False,_N,South Scotland,
BRYBW-1,E_BRYBW-1,48W00000BRYBW-10,WIND,Statkraft Markets Gmbh,E,True,Berry Burn Wind Farm,STATKRA1,0.000,62.708,P,-0.0304534,0.000,0.000,25.083,25.083,True,False,_P,North Scotland,
BSPHM-1,E_BSPHM-1,,,Conrad Energy (Trading) Ltd,E,True,Bispham,CONRAD,0.000,20.000,C,-0.0050170,0.000,0.000,8.000,8.000,True,False,_G,North Western,
BTNHL-1,E_BTNHL-1,,,Conrad Energy (Trading) Ltd,E,False,Barton Hill,CONRAD,-1.000,20.920,C,0.0228729,-0.058,-0.058,1.222,1.222,False,False,_L,South Western,
BTUIW-1,,,WIND,,,,,,,,,,,,,,False,False,,,
BTUIW-2,E_BTUIW-2,48W00000BTUIW-2A,WIND,SP Renewables (UK) Limited,E,True,Beinn An Tuirc 2,SPCRE01,-2.334,43.700,P,-0.0304534,-0.934,-0.934,17.480,17.480,True,False,_P,North Scotland,
BTUIW-3,E_BTUIW-3,,WIND,SP Renewables (UK) Limited,E,True,Beinn an Tuirc III Windfarm,SPCRE01,-1.000,52.000,P,-0.0304534,-0.400,-0.400,20.800,20.800,True,False,_P,North Scotland,
BURBW-1,E_BURBO,48W00000BURBW-1L,WIND,Orsted Burbo (UK) Limited,E,True,Burbo Offshore Wind,DONG001,-2.000,90.000,P,0.0024587,-0.800,-0.800,36.000,36.000,True,False,_D,Merseyside North Wales,
BURGH-1,E_BURGH-1,,,SSEPG (Operations) Ltd,E,True,Burghfield Power Station,SSEPGO,-1.000,48.000,P,0.0213863,-0.400,-0.400,19.200,19.200,True,False,_H,Southern,
BURWB-1,E_BURWB-1,,OTHER,Arenko Cleantech Limited,E,True,Burwell Weirs Drove BESS,AG,-50.861,50.533,C,0.0042196,-20.344,-20.344,20.213,20.213,True,False,_A,Eastern,
BURWB-2,E_BURWB-2,,,EDF Energy Customers Limited,E,True,Burwell 1,LENCO,-52.000,52.000,C,0.0083094,-20.800,-20.800,20.800,20.800,True,False,_A,Eastern,
BURWB-3,E_BURWB-3,,,EDF Energy Customers Limited,E,True,Burwell 2,LENCO,-30.000,30.000,C,0.0083094,-2.808,-2.808,2.808,2.808,False,False,_A,Eastern,
BURWS-1,T_BURWS-1,48W00000BURWS-16,OTHER,EDF Energy Customers Limited,T,True,Beechgreen Energy Farm,LENCO,-2.000,49.952,C,0.0083094,-0.800,-0.800,19.981,19.981,True,False,,,
BUSTB-1,T_BUSTB-1,,OTHER,Pivoted Power LLP,T,True,Pivot Power Bustleholme,PIVOT,-57.000,52.237,C,0.0163921,-22.800,-22.800,20.895,20.895,True,False,,,
BUXTB-1,2__GCMRO001,,,BGI Trading Limited,S,True,2__GCMRO001,CAMARO,-16.941,16.379,C,-0.0050170,-0.230,-0.235,0.223,0.228,False,False,_G,North Western,
BYBRB-1,2__NCPPR001,,,Octopus Energy Trading Limited,S,True,Byers Brae,COPPER,-30.000,30.000,C,-0.0099306,-11.490,-10.218,11.490,10.218,False,False,_N,South Scotland,
CAIRW-2,2__PSTAT001,48W00000CAIRW-2E,WIND,Statkraft Markets Gmbh,S,True,STAT P2 North Scotland,STATKRA1,0.000,42.000,C,-0.0304534,0.000,0.000,8.820,8.820,True,False,_P,North Scotland,
CAMFB-1,2__MBPGM001,,,BP Gas Marketing Limited,S,True,Camblesforth BESS,BPGAS,-10.000,10.000,C,-0.0042872,-4.007,-3.526,4.007,3.526,False,False,_M,Yorkshire,
CAPNB-1,T_CAPNB-1,48W00000CAPNB-14,,HD888CAP Ltd,T,True,Capenhurst,CESCAP01,-58.007,57.000,P,0.0024587,-23.203,-23.203,22.800,22.800,True,False,,,
CARR-1,T_CARR-1,48W000000CARR-1I,CCGT,Carrington Power Ltd,T,True,Carrington Power Ltd - Unit 1,CARRINGT,-10.000,470.000,P,0.0024587,-4.000,-4.000,188.000,188.000,True,False,,,
CARR-2,T_CARR-2,48W000000CARR-2G,CCGT,Carrington Power Ltd,T,True,Carrington Power Ltd - Unit 2,CARRINGT,-11.400,470.000,P,0.0024587,-4.560,-4.560,188.000,188.000,True,False,,,
CAS-BEU01,M_CAS-BEU01,48W000CAS-BEU01F,NPSHYD,SSE Generation Ltd,T,True,Beauly Cascade,SSEGEN,0.000,93.514,P,-0.0304534,0.000,0.000,37.406,37.406,True,False,,,
CAS-CLU01,M_CAS-CLU01,48W000CAS-CLU01B,NPSHYD,SSE Generation Ltd,T,True,Clunie Cascade,SSEGEN,-0.040,76.200,P,-0.0304534,-0.016,-0.016,30.480,30.480,True,False,,,
CAS-CON01,M_CAS-CON01,48W000CAS-CON01O,NPSHYD,SSE Generation Ltd,T,True,Conon Cascade,SSEGEN,-1.846,95.226,P,-0.0304534,-0.738,-0.738,38.090,38.090,True,False,,,
CAS-GAR01,M_CAS-GAR01,48W000CAS-GAR01H,NPSHYD,SSE Generation Ltd,T,True,Garry Cascade,SSEGEN,-17.270,40.000,P,-0.0304534,-6.908,-6.908,16.000,16.000,True,False,,,
CAS-KIL01,M_CAS-KIL01,48W000CAS-KIL01E,NPSHYD,SSE Generation Ltd,T,True,Killin Cascade,SSEGEN,-0.026,70.000,P,-0.0304534,-0.010,-0.010,28.000,28.000,True,False,,,
CAS-MOR01,M_CAS-MOR01,48W000CAS-MOR01M,NPSHYD,SSE Generation Ltd,T,True,Moriston Cascade,SSEGEN,0.000,74.000,P,-0.0304534,0.000,0.000,29.600,29.600,True,False,,,
CASKD-1,T_CASKD-1,,,INOVYN Energy Limited,T,True,Castner Kellner,IMPX,-240.000,70.000,P,0.0024587,-96.000,-96.000,28.000,28.000,True,False,,,
CATHB-1,E_CATHB-1,,OTHER,ENGIE Power Limited,E,True,CathkinBattery,RWETDL,-49.900,49.900,P,-0.0099306,-19.960,-19.960,19.960,19.960,True,False,_N,South Scotland,
CAUSW-1,2__PSMAE001,48W00000CAUSW-1D,WIND,Smartestenergy Limited,S,True,2__PSMAE001,SMARTEST,0.000,0.000,C,-0.0304534,0.000,0.000,0.000,0.000,False,False,_P,North Scotland,
CBSDIS03M,V__MCEND002,,,Centrica Business Solutions UK,V,True,Allen Diesels,CENDEPUK,0.000,0.000,P,-0.0053144,0.000,0.000,0.000,0.000,True,False,_M,Yorkshire,
CDCL-1,T_CDCL-1,48W000000CDCL-1P,CCGT,Uniper UK Limited,T,True,T_CDCL-1,EECL,-12.000,445.000,P,0.0092272,-4.800,-4.800,178.000,178.000,True,False,,,
CDWTW-1,,,WIND,,,,,,,,,,,,,,False,False,,,
CGTHW-1,T_CGTHW-1,48W00000CGTHW-1W,WIND,Corriegarth Wind Energy LTD,T,True,Corriegarth WF,CRGTHW,-0.432,69.000,P,-0.0304534,-0.173,-0.173,27.600,27.600,True,False,,,
CHAPB-1,E_CHAPB-1,,,Tesla Motors Limited,E,True,Chapel Farm BESS,TESLA,-50.210,50.169,P,0.0083094,-20.084,-20.084,20.068,20.068,True,False,_A,Eastern,
CHDTG-1,V__GFORS003,48W00000CHDTG-1E,,Forsa Trading Limited,V,True,V__GFORS003,FORSA,0.000,20.000,P,-0.0050170,0.000,0.000,4.600,4.600,True,False,_G,North Western,
CHICK-1,E_CHICK-1,,,SSEPG (Operations) Ltd,E,True,Chickerell Power Station,SSEPGO,-1.000,48.000,P,0.0213863,-0.400,-0.400,19.200,19.200,True,False,_H,Southern,
CHTRY-1,E_CHTRY-1,,,Conrad Energy (Trading) Ltd,E,True,Chatterley,CONRAD,0.000,20.000,C,0.0163921,0.000,0.000,8.000,8.000,True,False,_E,Midlands,
CJERE000,2__CJERE000,,,Shell Energy UK Limited,G,False,2__CJERE000,AMPERE,0.000,0.000,C,0.0282503,0.000,0.000,0.000,0.000,False,False,_C,London,
CLAC-1,E_CLAC-1,48W000000CLAC-1N,NPSHYD,SSE Generation Ltd,E,True,Clachan G1,SSEGEN,-0.226,43.380,P,-0.0304534,-0.090,-0.090,17.352,17.352,True,False,_P,North Scotland,
CLACD-1,T_CLACD-1,,,SSE Generation Ltd,T,False,Clachan Station Demand,SSEGEN,-0.100,0.000,C,-0.0304534,-0.030,-0.030,0.000,0.000,False,False,,,
CLAYB-1,E_CLAYB-1,,,Tesla Motors Limited,E,True,ClayTye Farm 1 Battery Storage,TESLA,-49.500,49.500,P,0.0083094,-19.800,-19.800,19.800,19.800,True,False,_A,Eastern,
CLAYB-2,E_CLAYB-2,,,Tesla Motors Limited,E,True,ClayTye Farm 2 Battery Storage,TESLA,-49.500,49.500,P,0.0083094,-19.800,-19.800,19.800,19.800,True,False,_A,Eastern,
CLDCW-1,T_CLDCW-1,48W00000CLDCW-17,WIND,Clyde Windfarm (Scotland) Ltd,T,True,Clyde Central,CWSL,-5.000,200.000,P,-0.0099306,-2.000,-2.000,80.000,80.000,True,False,,,
CLDNW-1,T_CLDNW-1,48W00000CLDNW-1Q,WIND,Clyde Windfarm (Scotland) Ltd,T,True,Clyde North,CWSL,-5.000,200.000,P,-0.0099306,-2.000,-2.000,80.000,80.000,True,False,,,
CLDRW-1,E_CLDRW-1,48W00000CLDRW-16,WIND,Vattenfall Energy Trading,E,True,CLDRW-1,VTS,-0.300,39.000,C,-0.0304534,-0.120,-0.120,15.600,15.600,True,False,_P,North Scotland,
CLDSW-1,T_CLDSW-1,48W00000CLDSW-11,WIND,Clyde Windfarm (Scotland) Ltd,T,True,Clyde South,CWSL,-5.000,150.000,P,-0.0099306,-2.000,-2.000,60.000,60.000,True,False,,,
CLFLW-1,E_CLFLW-1,48W00000CLFLW-1O,WIND,SP Renewables (UK) Limited,E,True,Clachan Flats,SPCRE01,-2.000,15.000,P,-0.0304534,-0.800,-0.800,6.000,6.000,True,False,_P,North Scotland,
CLVHS-1,T_CLVHS-1,48W00000CLVHS-11,OTHER,Cleve Hill Solar Park,T,True,Cleve Hill Solar 1,CHSP2024,-22.370,112.000,P,0.0130857,-8.948,-8.948,44.800,44.800,True,False,,,
CLVHS-2,T_CLVHS-2,48W00001CLVHS-2R,OTHER,Cleve Hill Solar Park,T,True,Cleve Hill Solar 2,CHSP2024,-2.000,205.000,P,0.0130857,-0.800,-0.800,82.000,82.000,True,False,,,
CMSTW-1,2__PEDGE003,,WIND,Edgware Energy Limited,S,True,2__PEDGE003,EDGWARE,0.000,55.749,C,-0.0304534,0.000,0.000,11.707,11.707,False,False,_P,North Scotland,
CMSTW-2,E_CMSTW-2,,WIND,Edgware Energy Limited,E,True,Camster II,EDGWARE,-0.666,36.000,C,-0.0304534,-0.266,-0.266,14.400,14.400,True,False,_P,North Scotland,
CNCLW-1,E_CNCLW-1,,WIND,Statkraft Markets Gmbh,E,True,Coire Na Cloiche WF,STATKRA1,0.000,30.520,P,-0.0304534,0.000,0.000,12.208,12.208,True,False,_P,North Scotland,
CNQPS-1,T_CNQPS-1,48W00000CNQPS-1E,CCGT,Uniper UK Limited,T,True,T_CNQPS-1,EECL,-20.000,351.162,P,0.0024587,-8.000,-8.000,140.465,140.465,True,False,,,
CNQPS-2,T_CNQPS-2,48W00000CNQPS-2C,CCGT,Uniper UK Limited,T,True,T_CNQPS-2,EECL,-24.192,352.000,P,0.0024587,-9.677,-9.677,140.800,140.800,True,False,,,
CNQPS-3,T_CNQPS-3,48W00000CNQPS-3A,CCGT,Uniper UK Limited,T,True,T_CNQPS-3,EECL,-20.000,350.000,P,0.0024587,-8.000,-8.000,140.000,140.000,True,False,,,
CNQPS-4,T_CNQPS-4,48W00000CNQPS-48,CCGT,Uniper UK Limited,T,True,T_CNQPS-4,EECL,-20.000,356.000,P,0.0024587,-8.000,-8.000,142.400,142.400,True,False,,,
COALB-1,T_COALB-1,,OTHER,Alcemi Storage Developments 4,T,True,COALBURN1 BMU-1,COALBUR1,-101.543,103.087,P,-0.0099306,-40.617,-40.617,41.235,41.235,True,False,,,
COALB-2,T_COALB-2,,OTHER,Alcemi Storage Developments 4,T,True,COALBURN1 BMU-2,COALBUR1,-101.749,101.825,P,-0.0099306,-40.700,-40.700,40.730,40.730,True,False,,,
COALB-3,T_COALB-3,,OTHER,Alcemi Storage Developments 4,T,True,COALBURN1 BMU-3,COALBUR1,-101.196,101.885,P,-0.0099306,-40.478,-40.478,40.754,40.754,True,False,,,
COALB-4,T_COALB-4,,OTHER,Alcemi Storage Developments 4,T,True,COALBURN1 BMU-4,COALBUR1,-102.339,104.152,P,-0.0099306,-40.936,-40.936,41.661,41.661,True,False,,,
COALB-5,T_COALB-5,,OTHER,Alcemi Storage Developments 4,T,True,COALBURN1 BMU-5,COALBUR1,-101.429,101.428,P,-0.0099306,-40.572,-40.572,40.571,40.571,True,False,,,
CONTB-1,E_CONTB-1,,,Tesla Motors Limited,E,True,Contego Battery,TESLA,-34.445,35.800,P,0.0130857,-13.778,-13.778,14.320,14.320,True,False,_J,South Eastern,
CORB-1,E_CORB-1,48W000000CORB-1Z,CCGT,EP UK INVESTMENTS LIMITED,E,True,CORBY POWER LIMITED,EPUKI,-0.100,240.000,P,0.0092272,-0.040,-0.040,96.000,96.000,True,False,_B,East Midlands,
CORY-1,,,CCGT,,,,,,,,,,,,,,False,False,,,
COSO-1,T_COSO-1,48W000000COSO-1F,CCGT,Coryton Energy Company Ltd,T,True,Coryton Power Station,CECL,-152.986,856.186,P,0.0083094,-61.194,-61.194,342.474,342.474,True,False,,,
COUWW-1,T_COUWW-1,48W00000COUWW-16,WIND,Cour Wind farm (Scotland) Ltd,T,True,Cour Wind Farm,CWF2016,-1.000,20.500,P,-0.0304534,-0.400,-0.400,8.200,8.200,True,False,,,
COVNB-1,T_COVNB-1,,OTHER,Pivoted Power LLP,T,True,Pivot Power Coventry,PIVOT,-58.257,50.449,C,0.0092272,-23.303,-23.303,20.180,20.180,True,False,,,
COWB-1,T_COWB-1,,OTHER,Pivoted Power LLP,T,True,Cowley,PIVOT,-50.107,50.431,C,0.0213863,-20.043,-20.043,20.172,20.172,True,False,,,
COWE1,E_COWE1,48W0000000COWE13,OCGT,RWE Generation UK plc,E,True,Cowes Main Unit 1,INNOGY01,-2.000,70.000,P,0.0213863,-0.800,-0.800,28.000,28.000,True,False,_H,Southern,
COWE2,E_COWE2,48W0000000COWE21,OCGT,RWE Generation UK plc,E,True,Cowes Main Unit 2,INNOGY01,-2.000,70.000,P,0.0213863,-0.800,-0.800,28.000,28.000,True,False,_H,Southern,
COYLB-1,T_COYLB-1,,OTHER,Statkraft Markets Gmbh,T,True,Coylton  Greener Grid  Park,STATKRA1,-50.000,50.000,C,-0.0099306,-4.680,-4.680,4.680,4.680,False,False,,,
CRAGW-1,,,WIND,,,,,,,,,,,,,,False,False,,,
CRDEW-1,T_CRDEW-1,,WIND,EDF Energy Customers Limited,T,True,Crossdykes WF-1,LENCO,-2.000,24.000,C,-0.0099306,-0.800,-0.800,9.600,9.600,True,False,,,
CRDEW-2,T_CRDEW-2,,WIND,EDF Energy Customers Limited,T,True,Crossdykes WF-2,LENCO,-2.000,24.000,C,-0.0099306,-0.800,-0.800,9.600,9.600,True,False,,,
CREAW-1,T_CREAW-1,,WIND,Creag Riabhach Wind Farm Ltd,T,True,Creag Riabhach Wind Farm,CREAGWF1,-20.137,93.000,P,-0.0304534,-8.055,-8.055,37.200,37.200,True,False,,,
CRGHD-1,T_CRGHD-1,,,Statkraft Markets Gmbh,T,False,Carraig Gheal Wind Farm,STATKRA1,-0.200,0.000,P,-0.0304534,-0.114,-0.114,0.000,0.000,False,True,,,
CRGHW-1,T_CRGHW-1,48W00000CRGHW-1X,WIND,Statkraft Markets Gmbh,T,True,Carraig Gheal Wind Farm,STATKRA1,-0.200,46.000,P,-0.0304534,-0.080,-0.080,18.400,18.400,True,False,,,
CRGTW-1,E_CRGTW-1,,WIND,British Gas Trading Ltd,E,True,Craig 2 Wind Farm,BRITGAS,-0.200,4.700,P,-0.0099306,-0.080,-0.080,1.880,1.880,True,False,_N,South Scotland,
CRMHW-1,,,WIND,,,,,,,,,,,,,,False,False,,,
CRMLW-1,T_CRMLW-1,48W00000CRMLW-1E,WIND,EDF Energy Customers Limited,T,True,Corriemoillie,LENCO,0.000,48.000,C,-0.0304534,0.000,0.000,19.200,19.200,True,False,,,
CRMNW-1,,,WIND,,,,,,,,,,,,,,False,False,,,
CROYD-2,E_CROYD-2,,,Whitetower Energy Limited,E,True,Croydon PS,FDUN1,-6.000,50.000,P,0.0130857,-2.400,-2.400,20.000,20.000,True,False,_J,South Eastern,
CRSSB-1,E_CRSSB-1,,,Arenko Cleantech Limited,E,True,Carnegie Road 1,AG,-20.630,20.000,P,0.0024587,-8.252,-8.252,8.000,8.000,True,False,_D,Merseyside North Wales,
CRUA-1,T_CRUA-1,48W000000CRUA-16,PS,Drax Pumped Storage Limited,T,True,T_CRUA-1,DPSL,-134.000,123.000,C,-0.0099306,-3.283,-3.283,3.014,3.014,False,False,,,
CRUA-2,T_CRUA-2,48W000000CRUA-24,PS,Drax Pumped Storage Limited,T,True,T_CRUA-2,DPSL,-134.000,124.760,C,-0.0099306,-4.462,-4.462,4.155,4.155,False,False,,,
CRUA-3,T_CRUA-3,48W000000CRUA-32,PS,Drax Pumped Storage Limited,T,True,T_CRUA-3,DPSL,-120.000,101.480,C,-0.0099306,-1.680,-1.680,1.421,1.421,False,False,,,
CRUA-4,T_CRUA-4,48W000000CRUA-40,PS,Drax Pumped Storage Limited,T,True,T_CRUA-4,DPSL,-120.000,104.000,C,-0.0099306,-5.220,-5.220,4.524,4.524,False,False,,,
CRUAD-1,T_CRUAD-1,,,Drax Pumped Storage Limited,T,True,T_CRUAD-1,DPSL,-10.000,1.244,C,-0.0099306,-1.438,-1.438,0.179,0.179,False,False,,,
CRYRW-1,,48W00000CRYRW-1N,WIND,,,,,,,,,,,,,,False,False,,,
CRYRW-2,T_CRYRW-2,48W00000CRYRW-2L,WIND,Eneco Energy Trade,T,True,Crystal Rig II Windfarm,ENECOUK,-45.933,150.620,P,-0.0099306,-18.373,-18.373,60.248,60.248,True,False,,,
CRYRW-3,T_CRYRW-3,,WIND,Eneco Energy Trade,T,True,Crystal Rig III,ENECOUK,-0.100,13.800,P,-0.0099306,-0.040,-0.040,5.520,5.520,True,False,,,
CRYRW-4,T_CRYRW-4,48W00000CRYRW-4H,WIND,Erova Energy Limited,T,True,Crystal Rig IV Wind Farm,EROVAIRL,-21.601,48.200,P,-0.0099306,-8.640,-8.640,19.280,19.280,True,False,,,
CULJD-1,T__HYELT002,,,EDF Energy Customers Limited,T,False,UKAEA Culham Jet,LENCO,0.000,0.000,C,0.0213863,0.000,0.000,0.000,0.000,False,False,,,
CUMHW-1,T_CUMHW-1,,WIND,Uniper UK Limited,T,True,Cumberhead wind energy limited,EECL,-2.000,52.000,C,-0.0099306,-0.800,-0.800,20.800,20.800,True,False,,,
CUMHW-2,T_CUMHW-2,48W00000CUMHW-2B,WIND,CUMBERHEAD WEST WIND FARM LTD,T,True,T_CUMHW-2,CHWW2024,-5.000,126.000,P,-0.0099306,-2.000,-2.000,50.400,50.400,True,False,,,
CUPAB-1,E_CUPAB-1,,OTHER,Octopus Energy Trading Limited,E,True,Coupar Battery Storage,COPPER,-41.543,41.314,C,-0.0304534,-16.617,-16.617,16.526,16.526,True,False,_P,North Scotland,
CWMD-1,E_CWMD-1,,,RWE Generation UK plc,E,False,Cwm Dyli,INNOGY01,-1.000,9.900,P,0.0024587,-0.056,-0.056,0.553,0.553,False,False,_D,Merseyside North Wales,
DALMB-1,E_DALMB-1,,OTHER,EDF Energy Customers Limited,E,True,Dalmarnock_BESS,LENCO,-40.000,40.000,C,-0.0099306,-3.744,-3.744,3.744,3.744,False,False,_N,South Scotland,
DALQW-1,T_DALQW-1,,WIND,Statkraft Markets Gmbh,T,True,Dalquhandy  Wind Farm,STATKRA1,-0.500,42.846,P,-0.0099306,-0.200,-0.200,17.138,17.138,True,False,,,
DALRD-1,T_DALRD-1,,,EDF Energy Customers Limited,T,True,T_DALRD-1,LENCO,-6.000,0.000,C,-0.0099306,-3.410,-3.410,0.000,0.000,False,False,,,
DALSW-1,E_DALSW-1,48W00000DALSW-1M,WIND,Mobius Renewables Gen. (GB),E,True,Dalswinton Windfarm,AIRGEN,-0.140,30.000,C,-0.0099306,-0.056,-0.056,12.000,12.000,True,False,_N,South Scotland,
DAMC-1,T_DAMC-1,48W000000DAMC-1M,CCGT,VPI Power Limited,T,True,Damhead Creek Ltd.,SPGEN01,-12.000,820.000,P,0.0130857,-4.800,-4.800,328.000,328.000,True,False,,,
DBAWO-1,T_DBAWO-1,48W00000DBAWO-1J,WIND,Doggerbank OWF Project 1,T,True,Dogger Bank A Offshore WF 1,DBNKOWF1,-2.250,302.400,P,-0.0042872,-0.900,-0.900,120.960,120.960,True,False,,,
DBAWO-2,T_DBAWO-2,48W00000DBAWO-2H,WIND,Doggerbank OWF Project 1,T,True,Dogger Bank A Offshore WF 2,DBNKOWF1,-1.350,304.000,P,-0.0042872,-0.540,-0.540,121.600,121.600,True,False,,,
DBAWO-3,T_DBAWO-3,48W00000DBAWO-3F,WIND,Doggerbank OWF Project 1,T,True,Dogger Bank A Offshore WF 3,DBNKOWF1,-1.790,302.800,P,-0.0042872,-0.716,-0.716,121.120,121.120,True,False,,,
DBAWO-4,T_DBAWO-4,48W00000DBAWO-4D,WIND,Doggerbank OWF Project 1,T,True,Dogger Bank A Offshore WF 4,DBNKOWF1,-1.000,152.600,P,-0.0042872,-0.400,-0.400,61.040,61.040,True,False,,,
DBAWO-5,T_DBAWO-5,48W00000DBAWO-5B,WIND,Doggerbank OWF Project 1,T,True,Dogger Bank A Offshore WF 5,DBNKOWF1,-1.000,138.200,P,-0.0042872,-0.400,-0.400,55.280,55.280,True,False,,,
DBBWO-1,T_DBBWO-1,48W00000DBBWO-1D,WIND,Doggerbank OWF Project 2,T,True,Dogger Bank B Offshore WF 1,DBNKOWF2,-10.600,302.400,P,-0.0042872,-4.240,-4.240,120.960,120.960,True,False,,,
DBBWO-2,T_DBBWO-2,,WIND,Doggerbank OWF Project 2,T,True,Dogger Bank B Offshore WF 2,DBNKOWF2,-10.700,304.400,P,-0.0042872,-4.280,-4.280,121.760,121.760,True,False,,,
DBBWO-3,T_DBBWO-3,,WIND,Doggerbank OWF Project 2,T,True,Dogger Bank B Offshore WF 3,DBNKOWF2,-10.600,302.300,P,-0.0042872,-4.240,-4.240,120.920,120.920,True,False,,,
DBBWO-4,T_DBBWO-4,,WIND,Doggerbank OWF Project 2,T,True,Dogger Bank B Offshore WF 4,DBNKOWF2,-5.300,152.200,P,-0.0042872,-2.120,-2.120,60.880,60.880,True,False,,,
DBBWO-5,T_DBBWO-5,,WIND,Doggerbank OWF Project 2,T,True,Dogger Bank B Offshore WF 5,DBNKOWF2,-4.900,138.700,P,-0.0042872,-1.960,-1.960,55.480,55.480,True,False,,,
DBFRM-1,E_DBFRM-1,,,Conrad Energy (Trading) Ltd,E,True,Down Barn Farm,CONRAD,-1.000,20.000,C,0.0213863,-0.400,-0.400,8.000,8.000,True,False,_H,Southern,
DDGNO-1,T_DDGNO-1,48W00000DDGNO-1E,WIND,Dudgeon Offshore Wind Ltd,T,True,Dudgeon Generator BMU 1,DUDGEON,-1.818,108.000,P,0.0083094,-0.727,-0.727,43.200,43.200,True,False,,,
DDGNO-2,T_DDGNO-2,48W00000DDGNO-2C,WIND,Dudgeon Offshore Wind Ltd,T,True,Dudgeon Generator BMU 2,DUDGEON,-1.320,90.000,P,0.0083094,-0.528,-0.528,36.000,36.000,True,False,,,
DDGNO-3,T_DDGNO-3,48W00000DDGNO-3A,WIND,Dudgeon Offshore Wind Ltd,T,True,Dudgeon Generator BMU 3,DUDGEON,-1.816,102.000,P,0.0083094,-0.726,-0.726,40.800,40.800,True,False,,,
DDGNO-4,T_DDGNO-4,48W00000DDGNO-48,WIND,Dudgeon Offshore Wind Ltd,T,True,Dudgeon Generator BMU 4,DUDGEON,-1.400,102.000,P,0.0083094,-0.560,-0.560,40.800,40.800,True,False,,,
DEAND-1,T_DEAND-1,,,SSE Generation Ltd,T,False,Deanie Station Demand,SSEGEN,-0.100,0.000,C,-0.0304534,-0.043,-0.043,0.000,0.000,False,False,,,
DEEP-1,,48W000000DEEP-1N,CCGT,,,,,,,,,,,,,,False,False,,,
DEPKG-1,T_DEPKG-1,,,Deeside Power (UK) Limited,T,True,Deeside Peakers,DEEPOWER,-1.700,49.900,P,0.0000000,0.000,0.000,0.000,0.000,True,False,,,
DERBY-2,E_DERBY-1,,,Whitetower Energy Limited,E,True,DERBY,FDUN1,-6.000,56.084,P,0.0092272,-2.400,-2.400,22.434,22.434,True,False,_B,East Midlands,
DERW-1,E_DERW-1,48W000000DERW-14,,UK Power Reserve Limited,E,True,Derwent Cogeneration Ltd,UKPR,-3.000,218.000,P,0.0066681,-1.200,-1.200,87.200,87.200,True,False,_B,East Midlands,
DEUCW-1,,48W00000DEUCW-1K,WIND,,,,,,,,,,,,,,False,False,,,
DIDC01G,E_DIDC1G,48W00000DIDC01G1,OCGT,RWE Generation UK plc,E,True,Didcot OCGT Unit 1,INNOGY01,0.000,25.000,P,0.0213863,0.000,0.000,10.000,10.000,True,False,_H,Southern,
DIDC02G,E_DIDC2G,48W00000DIDC02GZ,OCGT,RWE Generation UK plc,E,True,Didcot OCGT Unit 2,INNOGY01,0.000,25.000,P,0.0213863,0.000,0.000,10.000,10.000,True,False,_H,Southern,
DIDC03G,E_DIDC3G,48W00000DIDC03GW,OCGT,RWE Generation UK plc,E,True,Didcot OCGT Unit 3,INNOGY01,0.000,25.000,P,0.0213863,0.000,0.000,10.000,10.000,True,False,_H,Southern,
DIDC04G,E_DIDC4G,48W00000DIDC04GT,OCGT,RWE Generation UK plc,E,True,Didcot OCGT Unit 4,INNOGY01,0.000,25.000,P,0.0213863,0.000,0.000,10.000,10.000,True,False,_H,Southern,
DIDCB5,T_DIDCB5,48W000000DIDCB5C,CCGT,RWE Generation UK plc,T,True,Didcot B main unit 5,INNOGY01,-11.000,770.000,P,0.0213863,-4.400,-4.400,308.000,308.000,True,False,,,
DIDCB6,T_DIDCB6,48W000000DIDCB6A,CCGT,RWE Generation UK plc,T,True,Didcot B main unit 6,INNOGY01,-10.000,720.000,P,0.0213863,-4.000,-4.000,288.000,288.000,True,False,,,
DINO-1,T_DINO-1,48W000000DINO-1W,PS,First Hydro Company,T,True,Dinorwig 1,FSTHYDRO,-303.200,320.000,P,0.0024587,-121.280,-121.280,128.000,128.000,True,False,,,
DINO-2,T_DINO-2,48W000000DINO-2U,PS,First Hydro Company,T,True,Dinorwig 2,FSTHYDRO,-294.000,320.000,P,0.0024587,-117.600,-117.600,128.000,128.000,True,False,,,
DINO-3,T_DINO-3,48W000000DINO-3S,PS,First Hydro Company,T,True,Dinorwig 3,FSTHYDRO,-302.200,320.000,P,0.0024587,-120.880,-120.880,128.000,128.000,True,False,,,
DINO-4,T_DINO-4,48W000000DINO-4Q,PS,First Hydro Company,T,True,Dinorwig 4,FSTHYDRO,-294.000,320.000,P,0.0024587,-117.600,-117.600,128.000,128.000,True,False,,,
DINO-5,T_DINO-5,48W000000DINO-5O,PS,First Hydro Company,T,True,Dinorwig 5,FSTHYDRO,-299.000,320.000,P,0.0024587,-119.600,-119.600,128.000,128.000,True,False,,,
DINO-6,T_DINO-6,48W000000DINO-6M,PS,First Hydro Company,T,True,Dinorwig 6,FSTHYDRO,-294.000,320.000,P,0.0024587,-117.600,-117.600,128.000,128.000,True,False,,,
DJERE000,2__DJERE000,,,Shell Energy UK Limited,G,False,2__DJERE000,AMPERE,0.000,0.000,C,-0.0024907,0.000,0.000,0.000,0.000,False,False,_D,Merseyside and North Wales,
DNBAR-1,2__NSMAE001,,BIOMASS,Smartestenergy Limited,S,True,2__NSMAE001,SMARTEST,0.000,33.386,C,-0.0099306,0.000,0.000,7.011,7.011,False,False,_N,South Scotland,
DNGB21,T_DNGB21,48W000000DNGB216,NUCLEAR,EDF Energy Customers Limited,T,True,Dungeness B Generator 21,LENCO,0.000,0.000,C,0.0130857,0.000,0.000,0.000,0.000,False,False,,,
DNGB22,T_DNGB22,48W000000DNGB224,NUCLEAR,EDF Energy Customers Limited,T,True,Dungeness B Generator 22,LENCO,0.000,0.000,C,0.0130857,0.000,0.000,0.000,0.000,False,False,,,
DNGBD-1,T_DNGB-D,,,EDF Energy Customers Limited,T,True,Dungeness B Station Demand,LENCO,-16.000,6.368,C,0.0130857,-7.763,-7.763,3.090,3.090,False,False,,,
DNLWW-1,T_DNLWW-1,,WIND,SP Renewables (UK) Limited,T,True,Dunlaw Extension,SPCRE01,-2.000,29.750,P,-0.0099306,-0.800,-0.800,11.900,11.900,True,False,,,
DOLLB-1,E_DOLLB-1,,OTHER,Dollymans Storage Limited,E,True,Dollymans Storage,DLMS,-100.820,102.000,P,0.0083094,-40.328,-40.328,40.800,40.800,True,False,_A,Eastern,
DOREW-1,T_DOREW-1,,WIND,Dorenell Windfarm Limited,T,True,Dorenell Wind Farm One,DORWIND,-3.300,114.000,P,-0.0304534,-1.320,-1.320,45.600,45.600,True,False,,,
DOREW-2,T_DOREW-2,,WIND,Dorenell Windfarm Limited,T,True,Dorenell Wind Farm Two,DORWIND,-3.300,114.000,P,-0.0304534,-1.320,-1.320,45.600,45.600,True,False,,,
DOUGW-1,T_DOUGW-1,,WIND,Erova Energy Limited,T,True,T-DOUGW-1,EROVAIRL,-0.532,45.000,P,-0.0099306,-0.213,-0.213,18.000,18.000,True,False,,,
DOWL-1,E_DOWL-1,,OTHER,Conrad Energy (Trading) Ltd,E,False,Dowlais II,CONRAD,-1.000,21.020,C,0.0164211,-0.160,-0.160,3.363,3.363,False,False,_K,South Wales,
DRAXD-1,E__MDRX001,,,Drax Power Ltd,E,True,E__MDRX001,DRAX,-133.862,49.000,P,-0.0042872,-53.545,-53.545,19.600,19.600,True,False,_M,Yorkshire,
DRAXD-2,E__MDRX002,,,Drax Power Ltd,E,True,Drax FGD Load,DRAX,-54.000,0.000,P,-0.0042872,-21.600,-21.600,0.000,0.000,True,False,_M,Yorkshire,
DRAXX-1,T_DRAXX-1,48W00000DRAXX-1E,BIOMASS,Drax Power Ltd,T,True,T_DRAXX-1,DRAX,0.000,665.248,P,-0.0042872,0.000,0.000,266.099,266.099,True,False,,,
DRAXX-10G,T_DRAXX-10G,48W000DRAXX-10G9,OCGT,Drax Power Ltd,T,True,T_DRAXX-10G,DRAX,-1.196,33.152,P,-0.0042872,-0.478,-0.478,13.261,13.261,True,False,,,
DRAXX-12G,T_DRAXX-12G,48W000DRAXX-12G3,OCGT,Drax Power Ltd,T,True,T_DRAXX-12G,DRAX,-1.289,32.000,P,-0.0042872,-0.516,-0.516,12.800,12.800,True,False,,,
DRAXX-2,T_DRAXX-2,48W00000DRAXX-2C,BIOMASS,Drax Power Ltd,T,True,T_DRAXX-2,DRAX,-25.260,669.400,P,-0.0042872,-10.104,-10.104,267.760,267.760,True,False,,,
DRAXX-3,T_DRAXX-3,48W00000DRAXX-3A,BIOMASS,Drax Power Ltd,T,True,T_DRAXX-3,DRAX,-32.241,661.400,P,-0.0042872,-12.896,-12.896,264.560,264.560,True,False,,,
DRAXX-4,T_DRAXX-4,48W00000DRAXX-48,BIOMASS,Drax Power Ltd,T,True,T_DRAXX-4,DRAX,-32.480,645.000,P,-0.0042872,-12.992,-12.992,258.000,258.000,True,False,,,
DRAXX-5,T_DRAXX-5,48W00000DRAXX-56,COAL,Drax Power Ltd,T,True,T_DRAXX-5,DRAX,-3.126,645.000,P,-0.0042872,-1.250,-1.250,258.000,258.000,True,False,,,
DRAXX-6,T_DRAXX-6,48W00000DRAXX-64,COAL,Drax Power Ltd,T,True,T_DRAXX-6,DRAX,-31.945,645.000,P,-0.0042872,-12.778,-12.778,258.000,258.000,True,False,,,
DRAXX-9G,T_DRAXX-9G,48W0000DRAXX-9GR,OCGT,Drax Power Ltd,T,True,T_DRAXX-9G,DRAX,-1.040,32.454,P,-0.0042872,-0.416,-0.416,12.982,12.982,True,False,,,
DRDGW-1,,48W00000DRDGW-1B,WIND,,,,,,,,,,,,,,False,False,,,
DRFAB-1,,,OTHER,,,,,,,,,,,,,,False,False,,,
DRSLW-1,T_DRSLW-1,48W00000DRSLW-17,WIND,SP Renewables (UK) Limited,T,True,Dersalloch Windfarm,SPCRE01,-2.500,70.900,P,-0.0099306,-1.000,-1.000,28.360,28.360,True,False,,,
DUMMW-1,,,WIND,,,,,,,,,,,,,,False,False,,,
DUNGW-1,T_DUNGW-1,48W00000DUNGW-14,WIND,Dunmaglass Wind Farm Limited,T,True,Dunmglass Windfarm 1,DNMG,-2.000,100.000,P,-0.0304534,-0.800,-0.800,40.000,40.000,True,False,,,
DWEXW-1,T_DWEXW-1,,WIND,Douglas West Extension Ltd,T,True,Douglas West Extension,DWEL,-16.365,65.510,P,-0.0099306,-6.546,-6.546,26.204,26.204,True,False,,,
DYCEB-1,E_DYCEB-1,,OTHER,CBS ENERGY STORAGE ASSETS LTD,E,True,DYCE BESS,REGPOWER,-30.000,30.000,C,-0.0304534,-2.808,-2.808,2.808,2.808,False,False,_P,North Scotland,
EAAO-1,T_EAAO-1,48W000000EAAO-1R,WIND,East Anglia One Limited,T,True,East Anglia One Offshore 1,EAOWIND,-6.600,358.000,P,0.0083094,-2.640,-2.640,143.200,143.200,True,False,,,
EAAO-2,T_EAAO-2,48W000000EAAO-2P,WIND,East Anglia One Limited,T,True,East Anglia One Offshore 2,EAOWIND,-7.500,367.000,P,0.0083094,-3.000,-3.000,146.800,146.800,True,False,,,
EACWO-1,T_EACWO-1,,,EAST ANGLIA THREE LIMITED,T,True,T_EACWO-1,EATHREE,-155.997,0.000,C,0.0083094,-45.239,-45.239,0.000,0.000,False,False,,,
EAD-BRTN1,I_EAD-BRTN1,,,NESO,I,True,BritNed ND Dem Account,NGC,-1000.000,0.000,C,0.0130857,0.000,0.000,0.000,0.000,False,False,,,BRITNED
EAD-ELEC1,I_EAD-ELEC1,,,NESO,I,True,Eleclink NGC Dem Account,NGC,-1025.000,0.000,C,0.0130857,0.000,0.000,0.000,0.000,False,False,,,ELECLINK
EAD-EWIC1,I_EAD-EWIC1,,,NESO,I,True,EWIC NG Dem Account,NGC,-710.000,0.000,C,0.0024587,0.000,0.000,0.000,0.000,False,False,,,EWIC
EAD-FRAN1,I_EAD-FRAN1,,,NESO,I,True,EAD-FRAN1,NGC,-592.880,0.000,C,0.0130857,0.000,0.000,0.000,0.000,False,False,,,FRANCE
EAD-GRN1,I_EAD-GRN1,,,NESO,I,True,I_EAD-GRN1,NGC,-1450.000,0.000,C,0.0164211,0.000,0.000,0.000,0.000,False,False,,,GREENLINK
EAD-IFA2,I_EAD-IFA2,,,NESO,I,True,IFA2 NGESO Dem  Account,NGC,-1150.000,0.000,C,0.0213863,0.000,0.000,0.000,0.000,False,False,,,IFA2
EAD-MOYL1,I_EAD-MOYL1,,,NESO,I,True,Moyle Interconnector  C,NGC,-500.000,0.000,C,-0.0099306,0.000,0.000,0.000,0.000,False,False,,,MOYLE
EAD-NEMO1,I_EAD-NEMO1,,,NESO,I,True,NEMO NG Dem  Account,NGC,-1020.000,0.000,C,0.0130857,0.000,0.000,0.000,0.000,False,False,,,NEMOLINK
EAD-NSL1,I_EAD-NSL1,,,NESO,I,True,NSL1 NGESO Dem  Account,NGC,-1480.000,0.000,C,-0.0105171,0.000,0.000,0.000,0.000,False,False,,,NSL
EAD-VKL1,I_EAD-VKL1,,,NESO,I,True,Viking Link NGESO Dem Account,NGC,-1480.000,0.000,C,0.0092272,0.000,0.000,0.000,0.000,False,False,,,VIKINGLINK
EAG-BRTN1,I_EAG-BRTN1,,,NESO,I,True,BritNed NG Gen Account,NGC,0.000,1000.000,P,0.0130857,0.000,0.000,0.000,0.000,False,False,,,BRITNED
EAG-ELEC1,I_EAG-ELEC1,,INTELEC,NESO,I,True,Eleclink NGC Gen Account,NGC,0.000,1025.000,P,0.0130857,0.000,0.000,0.000,0.000,False,False,,,ELECLINK
EAG-EWIC1,I_EAG-EWIC1,,,NESO,I,True,EWIC NG Gen Account,NGC,0.000,500.000,P,0.0024587,0.000,0.000,0.000,0.000,False,False,,,EWIC
EAG-FRAN1,I_EAG-FRAN1,,,NESO,I,True,EAG-FRAN1,NGC,0.000,619.820,P,0.0130857,0.000,0.000,0.000,0.000,False,False,,,FRANCE
EAG-GRN1,I_EAG-GRN1,,,NESO,I,True,I_EAG-GRN1,NGC,0.000,1450.000,P,0.0164211,0.000,0.000,0.000,0.000,False,False,,,GREENLINK
EAG-IFA2,I_EAG-IFA2,,,NESO,I,True,IFA2 NGESO Gen Account,NGC,0.000,1100.000,P,0.0213863,0.000,0.000,0.000,0.000,False,False,,,IFA2
EAG-MOYL1,I_EAG-MOYL1,,,NESO,I,True,Moyle Interconnector P,NGC,0.000,500.000,P,-0.0099306,0.000,0.000,0.000,0.000,False,False,,,MOYLE
EAG-NEMO1,I_EAG-NEMO1,,,NESO,I,True,NEMO NG Gen Account,NGC,0.000,1046.000,P,0.0130857,0.000,0.000,0.000,0.000,False,False,,,NEMOLINK
EAG-NSL1,I_EAG-NSL1,,,NESO,I,True,NSL1 NGESO Gen Account,NGC,0.000,1400.000,P,-0.0105171,0.000,0.000,0.000,0.000,False,False,,,NSL
EAG-VKL1,I_EAG-VKL1,,,NESO,I,True,Viking Link  NGESO Gen Account,NGC,0.000,1400.000,P,0.0092272,0.000,0.000,0.000,0.000,False,False,,,VIKINGLINK
EARBW-1,,48W00000EARBW-1Q,WIND,,,,,,,,,,,,,,False,False,,,
EAS-ATL01,2__AIMPO000,,,SSE Energy Supply Limited,G,True,2__AIMPO000,SSE,-290.850,0.000,C,0.0083094,-213.775,-195.655,0.000,0.000,False,False,_A,Eastern,
EAS-AXPO1,2__AAXPO000,,,AXPO UK LIMITED,G,False,2__AAXPO000,EGLUK,-16.711,100.000,C,0.0083094,59.398,68.465,-355.440,-409.700,False,False,_A,Eastern,
EAS-BGS01,2__ABGAS000,,,British Gas Trading Ltd,G,True,2__ABGAS000,BRITGAS,-3.034,5.428,C,0.0083094,-0.352,-0.223,0.629,0.400,False,False,_A,Eastern,
EAS-BIZ01,2__ABIZZ000,,,British Gas Trading Ltd,G,True,2__ABIZZ000,BRITGAS,-74.000,0.000,C,0.0083094,-34.454,-28.039,0.000,0.000,False,False,_A,Eastern,
EAS-BRT01,2__ABULN000,,,Bryt Energy Limited,G,False,2__ABULN000,BULLION,-62.961,0.000,C,0.0083094,-37.084,-25.430,0.000,0.000,False,False,_A,Eastern,
EAS-EAS01,2__AEELC000,,,E.ON Energy Solutions Limited,G,True,2__AEELC000,PGENERGY,0.000,0.000,C,0.0092874,0.000,0.000,0.000,0.000,False,False,_A,Eastern GSP Group,
EAS-EDF01,2__AEDFE000,,,EDF Energy Customers Limited,G,True,EDFE_Eastern,LENCO,-220.000,0.000,C,0.0083094,-116.974,-117.964,0.000,0.000,False,False,_A,Eastern,
EAS-EDR01,2__AEDIR000,,,British Gas Trading Ltd,G,True,2__AEDIR000,BRITGAS,0.000,0.000,C,0.0059707,0.000,0.000,0.000,0.000,False,False,_A,Eastern,
EAS-ENR01,2__AENRD000,,,British Gas Trading Ltd,G,True,2__AENRD000,BRITGAS,-212.000,56.000,C,0.0083094,-99.916,-68.200,26.393,18.015,False,False,_A,Eastern,
EAS-EON01,2__AEOND000,,,E.ON Next Energy Ltd,G,True,2__AEOND000,NITTWO01,-883.118,2.000,C,0.0083094,-449.419,-460.723,1.018,1.043,False,False,_A,Eastern,
EAS-EST01,2__AEENG000,,,E.ON Energy Solutions Limited,G,True,2__AEENG000,PGENERGY,0.000,0.000,C,0.0052759,0.000,0.000,0.000,0.000,False,False,_A,Eastern GSP Group,
EAS-GDF01,2__ARWED000,,,ENGIE Power Limited,G,True,2__ARWED000,RWETDL,-100.000,104.000,C,0.0083094,-3.510,-13.470,3.650,14.009,False,False,_A,Eastern,
EAS-HPW01,2__AHPOW000,,,Drax Energy Solutions Limited,G,True,2__AHPOW000,HAVEN,-196.296,1.000,C,0.0083094,-149.636,-124.648,0.762,0.635,False,False,_A,Eastern,
EAS-HVN01,2__AHAVE000,,,Drax Energy Solutions Limited,G,True,2__AHAVE000,HAVEN,0.000,38.280,C,0.0083094,0.000,0.000,8.039,8.039,False,False,_A,Eastern,
EAS-INE01,2__AINDE000,,,npower limited,G,True,INDE EASTERN,NEEB,-25.160,0.000,C,0.0080139,-12.703,-12.525,0.000,0.000,False,False,_A,Eastern GSP Group,
EAS-LON01,2__ALOND000,,,EDF Energy Customers Limited,G,True,LE Default BMUid EELC,LENCO,-530.000,0.000,C,0.0083094,-316.622,-253.923,0.000,0.000,False,False,_A,Eastern,
EAS-MEC01,2__ANUCE000,,,NDA,G,False,2__ANUCE000,MAGNOX,0.000,0.000,C,0.0083094,0.000,0.000,0.000,0.000,False,False,_A,Eastern,
EAS-MID01,2__AMIDE000,,,Npower Limited,G,True,NPEC Eastern Area MIDE,NPOWER01,-7.300,0.000,C,0.0080139,-3.798,-3.970,0.000,0.000,False,False,_A,Eastern GSP Group,
EAS-MNW01,2__AMANW000,,,ScottishPower Energy Retail,G,False,2__AMANW000,SPSUP01,0.000,0.000,C,0.0083094,0.000,0.000,0.000,0.000,False,False,_A,Eastern,
EAS-NEE01,2__ANEEB000,,,npower limited,G,True,2__ANEEB000,NEEB,-25.860,0.000,C,0.0080139,-14.944,-14.952,0.000,0.000,False,False,_A,Eastern GSP Group,
EAS-NPE01,2__ANATP000,,,Npower Commercial Gas Limited,G,True,NPEC Eastern Area NATP,NPOWER02,-250.000,82.000,C,0.0083094,-140.775,-97.450,46.174,31.964,False,False,_A,Eastern,
EAS-NWP01,2__ANORW000,,,E.ON Energy Solutions Limited,G,True,2__ANORW000,PGENERGY,0.000,0.000,C,0.0000502,0.000,0.000,0.000,0.000,False,False,_A,Eastern GSP Group,
EAS-OCT01,2__AMRCY000,,,Octopus Energy Limited,G,True,2__AMRCY000,MERCURY,-697.016,959.560,C,0.0083094,-328.782,-350.251,452.624,482.179,False,False,_A,Eastern,
EAS-OGA01,2__AOGAS000,,,British Gas Trading Ltd,G,True,2__AOGAS000,BRITGAS,0.000,0.000,C,0.0043990,0.000,0.000,0.000,0.000,False,False,_A,Eastern,
EAS-OVO01,2__AOVOE000,,,OVO Electricity Ltd,G,False,2__AOVOE000,OVOE,-221.800,6.264,C,0.0083094,-100.675,-110.279,2.843,3.114,False,False,_A,Eastern,
EAS-PGE01,2__AEMEB000,,,E.ON Energy Solutions Limited,G,True,2__AEMEB000,PGENERGY,0.000,0.000,C,0.0083094,0.000,0.000,0.000,0.000,False,False,_A,Eastern,
EAS-PGU01,2__APGEN000,,,E.ON UK LTD,G,True,2__APGEN000,POWERGEN,0.000,0.000,C,0.0083094,0.000,0.000,0.000,0.000,False,False,_A,Eastern,
EAS-RNW01,2__ARENC000,,,ECOTRICITY LIMITED,G,False,2__ARENC000,RENC,0.000,0.000,C,0.0083094,0.000,0.000,0.000,0.000,False,False,_A,Eastern,
EAS-SEE01,2__ASEEB000,,,EDF Energy Customers Limited,G,True,2__ASEEB000,LENCO,-2.000,0.000,C,0.0083094,-1.137,-0.834,0.000,0.000,False,False,_A,Eastern,
EAS-SEL01,2__ASMAR000,,,Smartestenergy Limited,G,True,2__ASMAR000,SMARTEST,-196.908,0.000,C,0.0083094,-142.758,-120.370,0.000,0.000,False,False,_A,Eastern,
EAS-SPC01,2__ASPOW000,,,ScottishPower Energy Retail,G,True,2__ASPOW000,SPSUP01,-262.619,0.000,C,0.0083094,-137.534,-140.422,0.000,0.000,False,False,_A,Eastern,
EAS-SSE01,2__AHYDE000,,,OVO Electricity Ltd,G,True,SSE SBMU1 - Eastern GSPG,OVOE,0.000,0.000,C,0.0059707,0.000,0.000,0.000,0.000,False,False,_A,Eastern,
EAS-STH01,2__ASOUT000,,,OVO Electricity Ltd,G,True,SE SBMU1 - Eastern GSPG,OVOE,0.000,0.000,C,0.0048990,0.000,0.000,0.000,0.000,False,False,_A,Eastern,
EAS-SWA01,2__ASWAE000,,,OVO Electricity Ltd,G,True,SWA SBMU1 - Eastern GSPG,OVOE,0.000,0.000,C,0.0059707,0.000,0.000,0.000,0.000,False,False,_A,Eastern,
EAS-SWT01,2__ASWEB000,,,EDF Energy Customers Limited,G,True,SWEB Default BMUid EELC,LENCO,0.000,0.000,C,0.0083094,0.000,0.000,0.000,0.000,False,False,_A,Eastern,
EAS-SYM01,2__ASYMB000,,,E.ON Next Energy Ltd,G,True,2__ASYMB000,NITTWO01,0.000,0.000,C,0.0075366,0.000,0.000,0.000,0.000,False,False,_A,Eastern GSP Group,
EAS-TFE01,2__ATGPL000,,,TotalEnergies Gas & Power Ltd,G,True,2__ATGPL000,TFEGP,-304.203,240.735,C,0.0083094,-156.969,-126.792,124.219,100.338,False,False,_A,Eastern,
EAS-TIL01,2__ATILL000,,,British Gas Trading Ltd,G,True,2__ATILL000,BRITGAS,-605.405,0.000,C,0.0083094,-291.866,-311.239,0.000,0.000,False,False,_A,Eastern,
EAS-YEP01,2__AYELG000,,,npower limited,G,True,_A  Default BM Eastern,YE,-0.320,0.000,C,0.0080139,-0.179,-0.186,0.000,0.000,False,False,_A,Eastern GSP Group,
ECCFD-1,T_ECCFD-1,,,EDF Energy Customers Limited,T,True,T_ECCFD-1,LENCO,-6.000,0.000,C,-0.0099306,-1.292,-1.292,0.000,0.000,False,False,,,
ECEN01,2__ECNDL001,,,NEAS Energy Ltd.,S,True,Redditch,CNDA,0.000,20.863,C,0.0163921,0.000,0.000,4.381,4.381,False,False,_E,Midlands,
EDF01N,V__NFEEL400,,,EDF Energy Limited,V,True,V__NFEEL400,LONDELEC,-60.000,70.000,P,-0.0099306,-13.800,-13.800,16.100,16.100,True,False,_N,South Scotland,
EDINW-1,T_EDINW-1,48W10000EDINW-1N,WIND,Vattenfall Wind Power Ltd,T,True,Edinbane Windfarm,VWPL,-0.340,41.400,P,-0.0304534,-0.136,-0.136,16.560,16.560,True,False,,,
EDTRW-1,,,WIND,,,,,,,,,,,,,,False,False,,,
EECL-1,T_EECL-1,48W000000EECL-15,CCGT,Uniper UK Limited,T,True,Enfield Energy Centre Ltd BMU1,EECL,-14.171,444.000,P,0.0223978,-5.668,-5.668,177.600,177.600,True,False,,,
EEND01,2__EENDC006,,,EPG Energy Limited,S,True,2__EENDC006,EPGNRG,-19.500,19.500,C,0.0163921,-8.139,-7.004,8.139,7.004,False,False,_E,Midlands,
EGLSD-1,T_EGLSD-1,,,EDF Energy Customers Limited,T,True,T_EGLSD-1,LENCO,-10.000,0.000,C,-0.0099306,-4.445,-4.445,0.000,0.000,False,False,,,
EJERE000,2__EJERE000,,,Shell Energy UK Limited,G,False,2__EJERE000,AMPERE,0.000,0.000,C,0.0141587,0.000,0.000,0.000,0.000,False,False,_E,Midlands,
ELVAD-1,T_ELVAD-1,,,EDF Energy Customers Limited,T,True,T_ELVAD-1,LENCO,-12.000,2.000,C,-0.0099306,-2.438,-2.438,0.406,0.406,False,False,,,
EMD-ATL01,2__BIMPO000,,,SSE Energy Supply Limited,G,True,2__BIMPO000,SSE,-198.859,0.000,C,0.0092272,-141.329,-123.352,0.000,0.000,False,False,_B,East Midlands,
EMD-AXPO1,2__BAXPO000,,,AXPO UK LIMITED,G,False,2__BAXPO000,EGLUK,-18.000,13.000,C,0.0092272,-4.496,-3.445,3.247,2.488,False,False,_B,East Midlands,
EMD-BGS01,2__BBGAS000,,,British Gas Trading Ltd,G,True,2__BBGAS000,BRITGAS,-2.546,4.840,C,0.0092272,-0.333,-0.220,0.633,0.418,False,False,_B,East Midlands,
EMD-BIZ01,2__BBIZZ000,,,British Gas Trading Ltd,G,True,2__BBIZZ000,BRITGAS,-50.000,0.000,C,0.0092272,-23.825,-19.845,0.000,0.000,False,False,_B,East Midlands,
EMD-BRT01,2__BBULN000,,,Bryt Energy Limited,G,False,2__BBULN000,BULLION,-67.073,0.000,C,0.0092272,-41.766,-30.699,0.000,0.000,False,False,_B,East Midlands,
EMD-EAS01,2__BEELC000,,,E.ON Energy Solutions Limited,G,True,2__BEELC000,PGENERGY,0.000,0.000,C,0.0034544,0.000,0.000,0.000,0.000,False,False,_B,East Midlands,
EMD-EDF01,2__BEDFE000,,,EDF Energy Customers Limited,G,True,EDFE_East Midlands,LENCO,-132.913,0.000,C,0.0092272,-71.693,-72.464,0.000,0.000,False,False,_B,East Midlands,
EMD-EDR01,2__BEDIR000,,,British Gas Trading Ltd,G,True,2__BEDIR000,BRITGAS,0.000,0.000,C,0.0098802,0.000,0.000,0.000,0.000,False,False,_B,East Midlands,
EMD-ENR01,2__BENRD000,,,British Gas Trading Ltd,G,True,2__BENRD000,BRITGAS,-164.406,8.000,C,0.0092272,-83.995,-56.901,4.087,2.769,False,False,_B,East Midlands,
EMD-EON01,2__BEOND000,,,E.ON Next Energy Ltd,G,True,2__BEOND000,NITTWO01,-420.000,14.000,C,0.0092272,-219.492,-226.044,7.316,7.535,False,False,_B,East Midlands,
EMD-EST01,2__BEENG000,,,E.ON Energy Solutions Limited,G,True,2__BEENG000,PGENERGY,0.000,0.000,C,0.0056070,0.000,0.000,0.000,0.000,False,False,_B,East Midlands,
EMD-GDF01,2__BRWED000,,,ENGIE Power Limited,G,True,2__BRWED000,RWETDL,-130.000,19.980,C,0.0092272,-52.715,-27.989,8.102,4.302,False,False,_B,East Midlands,
EMD-HPW01,2__BHPOW000,,,Drax Energy Solutions Limited,G,True,2__BHPOW000,HAVEN,-265.084,1.000,C,0.0092272,-202.365,-168.752,0.763,0.637,False,False,_B,East Midlands,
EMD-HVN01,2__BHAVE000,,,Drax Energy Solutions Limited,G,True,2__BHAVE000,HAVEN,0.000,78.800,C,0.0092272,0.000,0.000,16.548,16.548,False,False,_B,East Midlands,
EMD-INE01,2__BINDE000,,,npower limited,G,True,INDE EAST MIDLANDS,NEEB,-27.300,0.000,C,0.0054492,-14.597,-13.975,0.000,0.000,False,False,_B,East Midlands,
EMD-LON01,2__BLOND000,,,EDF Energy Customers Limited,G,True,LE Default BMUid EMEB,LENCO,-370.000,100.000,C,0.0092272,-232.286,-176.675,62.780,47.750,False,False,_B,East Midlands,
EMD-MEC01,2__BNUCE000,,,NDA,G,False,2__BNUCE000,MAGNOX,0.000,0.000,C,0.0092272,0.000,0.000,0.000,0.000,False,False,_B,East Midlands,
EMD-MID01,2__BMIDE000,,,Npower Limited,G,True,NPEC East Mid Area MIDE,NPOWER01,-5.020,0.000,C,0.0054492,-2.612,-2.714,0.000,0.000,False,False,_B,East Midlands,
EMD-MNW01,2__BMANW000,,,ScottishPower Energy Retail,G,True,2__BMANW000,SPSUP01,0.000,0.000,C,0.0092272,0.000,0.000,0.000,0.000,False,False,_B,East Midlands,
EMD-NEE01,2__BNEEB000,,,npower limited,G,True,2__BNEEB000,NEEB,-18.080,0.000,C,0.0054492,-10.358,-10.297,0.000,0.000,False,False,_B,East Midlands,
EMD-NPE01,2__BNATP000,,,Npower Commercial Gas Limited,G,True,NPEC East Mid Area NATP,NPOWER02,-194.000,60.000,C,0.0092272,-118.689,-76.630,36.708,23.700,False,False,_B,East Midlands,
EMD-NWP01,2__BNORW000,,,E.ON Energy Solutions Limited,G,True,2__BNORW000,PGENERGY,0.000,0.000,C,0.0052440,0.000,0.000,0.000,0.000,False,False,_B,East Midlands,
EMD-OCT01,2__BMRCY000,,,Octopus Energy Limited,G,True,2__BMRCY000,MERCURY,-452.742,644.300,C,0.0092272,-220.304,-235.471,313.516,335.100,False,False,_B,East Midlands,
EMD-OGA01,2__BOGAS000,,,British Gas Trading Ltd,G,True,2__BOGAS000,BRITGAS,0.000,0.000,C,0.0066681,0.000,0.000,0.000,0.000,False,False,_B,East Midlands,
EMD-OVO01,2__BOVOE000,,,OVO Electricity Ltd,G,False,2__BOVOE000,OVOE,-135.800,0.000,C,0.0092272,-60.051,-66.365,0.000,0.000,False,False,_B,East Midlands,
EMD-PGE01,2__BEMEB000,,,E.ON Energy Solutions Limited,G,True,2__BEMEB000,PGENERGY,0.000,0.000,C,0.0092272,0.000,0.000,0.000,0.000,False,False,_B,East Midlands,
EMD-PGU01,2__BPGEN000,,,E.ON UK LTD,G,True,2__BPGEN000,POWERGEN,0.000,0.000,C,0.0092272,0.000,0.000,0.000,0.000,False,False,_B,East Midlands,
EMD-RNW01,2__BRENC000,,,ECOTRICITY LIMITED,G,False,2__BRENC000,RENC,0.000,0.000,C,0.0092272,0.000,0.000,0.000,0.000,False,False,_B,East Midlands,
EMD-SEE01,2__BSEEB000,,,EDF Energy Customers Limited,G,True,2__BSEEB000,LENCO,-2.000,0.000,C,0.0092272,-1.216,-1.031,0.000,0.000,False,False,_B,East Midlands,
EMD-SEL01,2__BSMAR000,,,Smartestenergy Limited,G,True,2__BSMAR000,SMARTEST,-235.971,0.000,C,0.0092272,-181.108,-143.895,0.000,0.000,False,False,_B,East Midlands,
EMD-SPC01,2__BSPOW000,,,ScottishPower Energy Retail,G,True,2__BSPOW000,SPSUP01,-160.800,0.000,C,0.0092272,-85.401,-86.157,0.000,0.000,False,False,_B,East Midlands,
EMD-SSE01,2__BHYDE000,,,OVO Electricity Ltd,G,True,SSE SBMU1 - East Mid GSPG,OVOE,0.000,0.000,C,0.0098802,0.000,0.000,0.000,0.000,False,False,_B,East Midlands,
EMD-STH01,2__BSOUT000,,,OVO Electricity Ltd,G,True,SE SBMU1 - East Mid GSPG,OVOE,0.000,0.000,C,0.0090174,0.000,0.000,0.000,0.000,False,False,_B,East Midlands,
EMD-SWA01,2__BSWAE000,,,OVO Electricity Ltd,G,True,SWA SBMU1 - East Mid GSPG,OVOE,0.000,0.000,C,0.0098802,0.000,0.000,0.000,0.000,False,False,_B,East Midlands,
EMD-SWT01,2__BSWEB000,,,EDF Energy Customers Limited,G,True,SWEB Default BMUid EMEB,LENCO,-2.000,0.000,C,0.0092272,-1.485,-1.463,0.000,0.000,False,False,_B,East Midlands,
EMD-SYM01,2__BSYMB000,,,E.ON Next Energy Ltd,G,True,2__BSYMB000,NITTWO01,0.000,0.000,C,0.0100104,0.000,0.000,0.000,0.000,False,False,_B,East Midlands,
EMD-TFE01,2__BTGPL000,,,TotalEnergies Gas & Power Ltd,G,True,2__BTGPL000,TFEGP,-321.571,163.502,C,0.0092272,-180.723,-138.308,91.888,70.322,False,False,_B,East Midlands,
EMD-TIL01,2__BTILL000,,,British Gas Trading Ltd,G,True,2__BTILL000,BRITGAS,-449.944,0.000,C,0.0092272,-217.818,-234.781,0.000,0.000,False,False,_B,East Midlands,
EMD-YEP01,2__BYELG000,,,npower limited,G,True,_B  Default BM East Midlands,YE,-0.320,0.000,C,0.0054492,-0.172,-0.178,0.000,0.000,False,False,_B,East Midlands,
ENDRB-1,T_ENDRB-1,48W00000ENDRB-1N,OTHER,Flexitricity Limited,T,True,Enderby BESS,FLEXTRCY,-57.000,57.000,P,0.0092272,-22.800,-22.800,22.800,22.800,True,False,,,
ENHLW-1,T_ENHLW-1,,WIND,RWE Generation UK plc,T,True,Enoch Hill Wind Farm,INNOGY01,-1.000,70.000,P,-0.0099306,-0.400,-0.400,28.000,28.000,True,False,,,
ERRO-1,T_ERRO-1,48W000000ERRO-1P,NPSHYD,SSE Generation Ltd,T,True,Errochty G1,SSEGEN,-0.068,25.300,P,-0.0304534,-0.027,-0.027,10.120,10.120,True,False,,,
ERRO-2,T_ERRO-2,48W000000ERRO-2N,NPSHYD,SSE Generation Ltd,T,True,Errochty G2,SSEGEN,-0.100,25.260,P,-0.0304534,-0.040,-0.040,10.104,10.104,True,False,,,
ERRO-3,T_ERRO-3,48W000000ERRO-3L,NPSHYD,SSE Generation Ltd,T,True,Errochty G3,SSEGEN,-0.020,25.660,P,-0.0304534,-0.008,-0.008,10.264,10.264,True,False,,,
ERSKB-1,E_ERSKB-1,,,EDF Energy Customers Limited,E,True,Erskine BESS,LENCO,-29.900,29.900,C,-0.0099306,-11.960,-11.960,11.960,11.960,True,False,_N,South Scotland,
ERV00B,V__BEROV001,,,Erova Energy Limited,V,True,V__BEROV001,EROVAIRL,0.000,0.000,C,0.0052440,0.000,0.000,0.000,0.000,False,False,_B,East Midlands,
ESSE01,2__EIMPO002,,,SSE Energy Supply Limited,S,True,2__EIMPO002,SSE,-1.900,1.900,C,0.0141587,-0.760,-0.760,0.760,0.760,True,False,_E,Midlands,
EWHLW-1,T_EWHLW-1,48W00000EWHLW-1U,WIND,SP Renewables (UK) Limited,T,True,Ewe Hill II Windfarm,SPCRE01,-2.000,38.000,P,-0.0099306,-0.800,-0.800,15.200,15.200,True,False,,,
EXETR-2,E_EXETR-2,,,Whitetower Energy Limited,E,True,Exeter,FDUN1,-6.000,50.000,P,0.0228729,-2.400,-2.400,20.000,20.000,True,False,_L,South Western,
FAARW-1,T_FARR-1,48W00000FAARW-13,WIND,Smartestenergy Limited,T,True,Farr Unit 1,SMARTEST,-14.000,92.000,C,-0.0304534,-5.600,-5.600,36.800,36.800,True,False,,,
FAARW-2,T_FARR-2,48W00000FAARW-21,WIND,Smartestenergy Limited,T,True,Farr Unit 2,SMARTEST,-14.000,92.000,C,-0.0304534,-5.600,-5.600,36.800,36.800,True,False,,,
FALGD-1,T_FALGD-1,,,Fallago Rig Wind Farm Limited,T,False,Fallago Rig Demand,FALLAGO,-6.000,0.000,C,-0.0099306,-0.526,-0.526,0.000,0.000,False,False,,,
FALGW-1,T_FALGW-1,48W00000FALGW-1T,WIND,Fallago Rig Wind Farm Limited,T,True,Fallago Rig Wind Farm,FALLAGO,-2.500,144.000,P,-0.0099306,-1.000,-1.000,57.600,57.600,True,False,,,
FARNB-1,E_FARNB-1,,,Tesla Motors Limited,E,True,Farnham BESS,TESLA,-20.000,20.000,P,0.0213863,-8.000,-8.000,8.000,8.000,True,False,_H,Southern,
FASN-1,T_FASN-1,48W000000FASN-18,NPSHYD,SSE Generation Ltd,T,True,Fasnakyle G1,SSEGEN,-0.020,23.040,P,-0.0304534,-0.008,-0.008,9.216,9.216,True,False,,,
FASN-4,E_FASN-4,48W000000FASN-42,NPSHYD,SSE Generation Ltd,E,True,Fasnakyle G4,SSEGEN,-0.200,8.320,P,-0.0304534,-0.080,-0.080,3.328,3.328,True,False,_P,North Scotland,
FASN2,T_FASN-2,48W0000000FASN25,NPSHYD,SSE Generation Ltd,T,True,Fasnakyle  G2,SSEGEN,-0.022,23.280,P,-0.0304534,-0.009,-0.009,9.312,9.312,True,False,,,
FASN3,E_FASN-3,48W0000000FASN33,NPSHYD,SSE Generation Ltd,E,True,Fasnakyle  G3,SSEGEN,-0.200,24.200,P,-0.0304534,-0.080,-0.080,9.680,9.680,True,False,_P,North Scotland,
FAWN-1,E_FAWN-1,48W000000FAWN-1P,CCGT,ESSO Petroleum Company Ltd,E,True,Fawley Cogen,EPCO1,0.000,155.000,P,0.0213863,0.000,0.000,129.208,129.208,True,False,_H,Southern,
FBPG01,2__FBPGM001,,,BP Gas Marketing Limited,S,True,Wormald Green BESS,BPGAS,-34.400,40.000,C,-0.0105171,-0.399,-0.523,0.464,0.608,False,False,_F,Northern,
FBPG02,2__FBPGM002,,,BP Gas Marketing Limited,S,True,Hawthorn Pit BESS,BPGAS,-54.800,60.000,C,-0.0105171,1.737,1.507,-1.902,-1.650,False,False,_F,Northern,
FCAM01,2__FCMRO004,,,BGI Trading Limited,S,True,2__FCMRO004,CAMARO,-36.125,36.076,C,-0.0105171,0.361,0.282,-0.361,-0.281,False,False,_F,Northern,
FDUNT-1,E_FDUN-1,48W00000FDUNT-15,,Whitetower Energy Limited,E,True,Fort Dunlop,FDUN1,-1.000,99.000,C,0.0163921,-0.400,-0.400,39.600,39.600,True,False,_E,Midlands,
FELL-1,E_FELL-1,48W000000FELL-1R,CCGT,NDA,E,True,E_FELL-1,MAGNOX,-40.000,140.000,P,-0.0050170,-16.000,-16.000,56.000,56.000,True,False,_G,North Western,
FERRB-1,T_FERRB-1,48W00000FERRB-1V,OTHER,SSE BATTERY SALISBURY LIMITED,T,True,Ferrybridge BESS BMU-1,SSEBATSL,-76.100,76.000,P,-0.0042872,-30.440,-30.440,30.400,30.400,True,False,,,
FERRB-2,T_FERRB-2,,OTHER,SSE BATTERY SALISBURY LIMITED,T,True,Ferrybridge BESS BMU-2,SSEBATSL,-75.940,76.000,P,-0.0042872,-30.376,-30.376,30.400,30.400,True,False,,,
FFES-1,T_FFES-1,48W000000FFES-1S,PS,First Hydro Company,T,True,Ffestioniog 1,FSTHYDRO,-75.000,91.033,P,0.0024587,-30.000,-30.000,36.413,36.413,True,False,,,
FFES-2,T_FFES-2,48W000000FFES-2Q,PS,First Hydro Company,T,True,Ffestioniog 2,FSTHYDRO,-75.000,91.875,P,0.0024587,-30.000,-30.000,36.750,36.750,True,False,,,
FFES-3,T_FFES-3,48W000000FFES-3O,PS,First Hydro Company,T,True,Ffestioniog 3,FSTHYDRO,-75.000,90.922,P,0.0024587,-30.000,-30.000,36.369,36.369,True,False,,,
FFES-4,T_FFES-4,48W000000FFES-4M,PS,First Hydro Company,T,True,Ffestioniog 4,FSTHYDRO,-75.000,90.920,P,0.0024587,-30.000,-30.000,36.368,36.368,True,False,,,
FFSE01,2__FCMRO002,,,BGI Trading Limited,S,True,2__FCMRO002,CAMARO,-25.000,25.000,C,-0.0105171,-0.398,-0.388,0.398,0.388,False,False,_F,Northern,
FFSE02,2__FCMRO003,,,BGI Trading Limited,S,True,2__FCMRO003,CAMARO,-20.160,19.661,C,-0.0105171,0.266,0.492,-0.260,-0.480,False,False,_F,Northern,
FIDL-1,T_FIDL-1,48W000000FIDL-16,,Keadby Generation Limited,T,True,Fiddler's Ferry 1,KGL,-20.000,68.000,C,0.0028532,0.000,0.000,0.000,0.000,False,False,,,
FIDL-2,T_FIDL-2,48W000000FIDL-24,,Keadby Generation Limited,T,True,Fiddler's Ferry 2,KGL,-20.000,20.000,C,0.0028532,0.000,0.000,0.000,0.000,False,False,,,
FIDL-2G,T_FIDL-2G,48W00000FIDL-2GF,,Keadby Generation Limited,T,True,Fiddler's Ferry GT2,KGL,-1.000,1.000,C,0.0028532,0.000,0.000,0.000,0.000,False,False,,,
FIDL-3,T_FIDL-3,48W000000FIDL-32,,Keadby Generation Limited,T,True,Fiddler's Ferry 3,KGL,-20.000,20.000,C,0.0028532,0.000,0.000,0.000,0.000,False,False,,,
FIDL-3G,T_FIDL-3G,48W00000FIDL-3GC,,Keadby Generation Limited,T,True,Fiddler's Ferry GT 3,KGL,-1.000,1.000,C,0.0028532,0.000,0.000,0.000,0.000,False,False,,,
FIDL-4,T_FIDL-4,48W000000FIDL-40,,Keadby Generation Limited,T,True,Fiddler's Ferry 4,KGL,-1.000,1.000,C,0.0028532,0.000,0.000,0.000,0.000,False,False,,,
FIDLST1,T_FIDLST1,,,Keadby Generation Limited,T,True,Fiddler's Ferry ST1,KGL,-66.000,20.000,C,0.0028532,-48.985,-48.985,14.844,14.844,False,False,,,
FINL-1,T_FINL-1,48W000000FINL-1U,NPSHYD,SSE Generation Ltd,T,True,Finlarig,SSEGEN,-0.100,85.794,P,-0.0304534,-0.040,-0.040,34.318,34.318,True,False,,,
FJERE000,2__FJERE000,,,Shell Energy UK Limited,G,False,2__FJERE000,AMPERE,0.000,0.000,C,-0.0077506,0.000,0.000,0.000,0.000,False,False,_F,_F - Northern,
FNEV01,2__FNEVA001,,,VERSA ENERGY LIMITED,S,False,2__FNEVA001,NEVA,-6.800,9.600,C,-0.0105171,-2.703,-2.444,3.816,3.450,False,False,_F,Northern,
FOYE-1,T_FOYE-1,48W000000FOYE-14,PS,SSE Generation Ltd,T,True,Foyers G1,SSEGEN,-156.000,160.000,P,-0.0304534,-62.400,-62.400,64.000,64.000,True,False,,,
FOYE-2,T_FOYE-2,48W000000FOYE-22,PS,SSE Generation Ltd,T,True,Foyers G2,SSEGEN,-157.300,160.000,P,-0.0304534,-62.920,-62.920,64.000,64.000,True,False,,,
FOYED-1,T_FOYED-1,,,SSE Generation Ltd,T,False,Foyers Stn Txs,SSEGEN,-3.000,1.040,P,-0.0304534,-0.575,-0.575,0.199,0.199,False,True,,,
FRBRW-1,,,WIND,,,,,,,,,,,,,,False,False,,,
FSDLW-1,T_FSDLW-1,48W00000FSDLW-10,WIND,Freasdail Energy Limited,T,True,Freasdail Wind Farm,FEL,-0.400,22.200,P,-0.0304534,-0.160,-0.160,8.880,8.880,True,False,,,
FUABW-1,,,WIND,,,,,,,,,,,,,,False,False,,,
GAOFO-1,T_GANW-11,48W00000GAOFO-13,WIND,Galloper Offshore WindFarm Ltd,T,True,Galloper OSP 11,GALOWFL,-3.000,88.000,P,0.0083094,-1.200,-1.200,35.200,35.200,True,False,,,
GAOFO-2,T_GANW-22,48W00000GAOFO-21,WIND,Galloper Offshore WindFarm Ltd,T,True,Galloper OSP 22,GALOWFL,-3.000,385.820,P,0.0083094,-1.200,-1.200,154.328,154.328,True,False,,,
GAOFO-3,T_GANW-13,48W10000GAOFO-3N,WIND,Galloper Offshore WindFarm Ltd,T,True,Galloper OSP 13,GALOWFL,-3.000,88.000,P,0.0083094,-1.200,-1.200,35.200,35.200,True,False,,,
GAOFO-4,T_GANW-24,48W00000GAOFO-4Y,WIND,Galloper Offshore WindFarm Ltd,T,True,Galloper OSP 24,GALOWFL,-3.000,88.000,P,0.0083094,-1.200,-1.200,35.200,35.200,True,False,,,
GDSTW-1,E_GDSTW-1,48W00000GDSTW-14,WIND,Mobius Renewables Gen. (GB),E,True,Gordonstown,AIRGEN,-0.088,13.289,C,-0.0304534,-0.035,-0.035,5.316,5.316,True,False,_P,North Scotland,
GEND01,2__GENDC005,,,EPG Energy Limited,S,True,2__GENDC005,EPGNRG,-20.000,20.000,C,-0.0050170,-7.622,-6.538,7.622,6.538,False,False,_G,North Western,
GEND02,2__GENDC006,,,EPG Energy Limited,S,True,2__GENDC006,EPGNRG,-10.000,10.000,C,-0.0050170,-3.811,-3.269,3.811,3.269,False,False,_G,North Western,
GFLDW-1,E_GFLDW-1,48W00000GFLDW-11,,Edgware Energy Limited,E,True,Goole Fields Wind Farm,EDGWARE,-0.220,32.800,C,-0.0042872,-0.088,-0.088,13.120,13.120,True,False,_M,Yorkshire,
GFSE01,2__GFSEN005,,,F & S Energy Ltd,S,True,2__GFSENOK5,FSE0001,-48.840,48.783,C,-0.0086334,-18.545,-15.673,18.523,15.654,False,False,_G,North Western,
GFSE02,2__GFSEN006,,,F & S Energy Ltd,S,True,2__GFSENOK6,FSE0001,-47.926,46.138,C,-0.0042063,-19.774,-16.511,19.037,15.895,False,False,_G,North Western,
GJERE000,2__GJERE000,,,Shell Energy UK Limited,G,False,2__GJERE000,AMPERE,0.000,0.000,C,-0.0086334,0.000,0.000,0.000,0.000,False,False,_G,North Western,
GLCHW-1,E_GLCHW-1,,WIND,ENGIE Power Limited,E,True,Glenchamber,RWETDL,0.000,27.440,C,-0.0099306,0.000,0.000,10.976,10.976,True,False,_N,South Scotland,
GLEND-1,T_GLEND-1,,,SSE Generation Ltd,T,False,Dundreggan Station Demand,SSEGEN,-0.120,0.100,C,-0.0304534,-0.036,-0.036,0.030,0.030,False,False,,,
GLNDO-1,T_GLNDO-1,48W00000GLNDO-1G,NPSHYD,SSE Generation Ltd,T,True,Glendoe Generator 1,SSEGEN,-1.124,100.000,P,-0.0304534,-0.450,-0.450,40.000,40.000,True,False,,,
GLNDOD1,T_GLNDOD1,,,SSE Generation Ltd,T,False,Glendoe Earthing Tx Stn Dem,SSEGEN,-0.180,0.000,C,-0.0304534,-0.082,-0.082,0.000,0.000,False,False,,,
GLNKW-1,T_GLNKW-1,,WIND,EDF Energy Customers Limited,T,True,GLEN KYLLACHY WINDFARM,LENCO,-2.000,52.000,C,-0.0304534,-0.800,-0.800,20.800,20.800,True,False,,,
GLOFW-1,E_GLOFW-1,48W00000GLOFW-15,WIND,Glens of Foudland Ltd,E,True,Glens of Foudland,GOFPOWER,-2.000,26.700,C,-0.0304534,-0.800,-0.800,10.680,10.680,True,False,_P,North Scotland,
GLSBB-1,2__JCPPR002,,,Octopus Energy Trading Limited,S,True,Glassenbury B,COPPER,-10.000,10.000,C,0.0130857,-4.058,-3.558,4.058,3.558,False,False,_J,South Eastern,
GLTCW-1,,,WIND,,,,,,,,,,,,,,False,False,,,
GLWSW-1,T_GLWSW-1,48W00000GLWSW-13,WIND,GALAWHISTLE WIND FARM,T,True,Galawhistle Wind Farm,GALAWWF,-0.720,55.200,P,-0.0099306,-0.288,-0.288,22.080,22.080,True,False,,,
GNAPW-1,T_GNAPW-1,48W00000GNAPW-1P,WIND,SP Renewables (UK) Limited,T,True,Glen App Windfarm,SPCRE01,-2.000,22.000,P,-0.0099306,-0.800,-0.800,8.800,8.800,True,False,,,
GNEV01,2__GNEVA001,,,VERSA ENERGY LIMITED,S,False,2__GNEVA001,NEVA,-3.400,0.800,C,-0.0050170,-1.296,-1.111,0.305,0.262,False,False,_G,North Western,
GNFSW-1,T_GNFSW-1,48W00000GNFSW-1H,WIND,Gunfleet Sands Limited,T,True,Gunfleet Sands 1,DONG005,-2.000,108.000,P,0.0083094,-0.800,-0.800,43.200,43.200,True,False,,,
GNFSW-2,T_GNFSW-2,48W00000GNFSW-2F,WIND,Gunfleet Sands II Limited,T,True,Gunfleet Sands 2,DONG006,-4.383,64.480,P,0.0083094,-1.753,-1.753,25.792,25.792,True,False,,,
GORDD-1,T_GORDD-1,,,SSE Generation Ltd,T,False,Gordonbush Demand,SSEGEN,-0.100,0.000,C,-0.0304534,-0.059,-0.059,0.000,0.000,False,False,,,
GORDW-1,T_GORDW-1,48W00000GORDW-1D,WIND,SSE Generation Ltd,T,True,Gordon Bush,SSEGEN,-31.650,86.764,P,-0.0304534,-12.660,-12.660,34.706,34.706,True,False,,,
GORDW-2,T_GORDW-2,,WIND,SSE Generation Ltd,T,True,Gordonbush WF Extension,SSEGEN,-0.600,58.733,P,-0.0304534,-0.240,-0.240,23.493,23.493,True,False,,,
GOSHS-1,E_GOSHS-1,,,Conrad Energy (Trading) Ltd,E,True,Goose House Lane,CONRAD,-1.000,20.000,C,-0.0050170,-0.400,-0.400,8.000,8.000,True,False,_G,North Western,
GOWKD-1,T_GOWKD-1,,,EDF Energy Customers Limited,T,True,T_GOWKD-1,LENCO,-12.653,0.000,C,-0.0099306,-4.556,-4.556,0.000,0.000,False,False,,,
GRAI-6,T_GRAI-6,48W100000GRAI-6N,CCGT,Uniper UK Limited,T,True,T_GRAI-6,EECL,-14.000,468.000,P,0.0130857,-5.600,-5.600,187.200,187.200,True,False,,,
GRAI-7,T_GRAI-7,48W000000GRAI-7Y,CCGT,Uniper UK Limited,T,True,T_GRAI-7,EECL,-14.000,468.000,P,0.0130857,-5.600,-5.600,187.200,187.200,True,False,,,
GRAI-8,T_GRAI-8,48W000000GRAI-8W,CCGT,Uniper UK Limited,T,True,T_GRAI-8,EECL,-14.000,468.000,P,0.0130857,-5.600,-5.600,187.200,187.200,True,False,,,
GRAI1G,T_GRAI1G,48W000000GRAI1GA,OCGT,Uniper UK Limited,T,True,T_GRAI1G,EECL,0.000,30.000,P,0.0130857,0.000,0.000,12.000,12.000,True,False,,,
GRAI4G,T_GRAI4G,48W000000GRAI4G1,OCGT,Uniper UK Limited,T,True,T_GRAI4G,EECL,0.000,29.670,P,0.0130857,0.000,0.000,11.868,11.868,True,False,,,
GRAISC-1,T_GRAISC-1,,,Uniper UK Limited,T,True,Grain Synch Comp 1,EECL,-10.000,0.000,C,0.0130857,-7.059,-7.059,0.000,0.000,False,False,,,
GRAISC-2,T_GRAISC-2,,,Uniper UK Limited,T,True,Grain Synch Comp 2,EECL,-10.000,0.000,C,0.0130857,-7.075,-7.075,0.000,0.000,False,False,,,
GRCRB-1,E_GRCRB-1,,,FIELD GERRARDS CROSS LTD,E,True,Gerrards Cross BESS,FIELDGER,-20.000,20.000,P,0.0213863,-8.000,-8.000,8.000,8.000,True,False,_H,Southern,
GRFLB-1,E_GRFLB-1,,,Conrad Energy (Trading) Ltd,E,True,E_GRFLB-1,CONRAD,-39.900,40.000,C,0.0083094,-15.960,-15.960,16.000,16.000,True,False,_A,Eastern,
GRGBW-1,T_GRGBW-1,48W00000GRGBW-1V,WIND,Greater Gabbard Offshore Winds,T,True,Greater Gabbard Module 1,GGOWL,-5.000,205.000,P,0.0083094,-2.000,-2.000,82.000,82.000,True,False,,,
GRGBW-2,T_GRGBW-2,48W00000GRGBW-2T,WIND,Greater Gabbard Offshore Winds,T,True,Greater Gabbard Module 2,GGOWL,-5.000,167.000,P,0.0083094,-2.000,-2.000,66.800,66.800,True,False,,,
GRGBW-3,T_GRGBW-3,48W00000GRGBW-3R,WIND,Greater Gabbard Offshore Winds,T,True,Greater Gabbard Module 3,GGOWL,-5.000,167.000,P,0.0083094,-2.000,-2.000,66.800,66.800,True,False,,,
GRGRW-1,E_GRGRW-1,,WIND,Evolve Energy Supply Limited,E,True,Greengairs East WF-1,CYCLONE,-0.500,37.649,P,-0.0099306,-0.200,-0.200,15.060,15.060,True,False,_N,South Scotland,
GRIFW-1,T_GRIFW-1,48W10000GRIFW-1N,WIND,Griffin Wind Farm Ltd,T,True,Griffin Wind Farm 1,GRWL,-3.000,102.000,P,-0.0304534,-1.200,-1.200,40.800,40.800,True,False,,,
GRIFW-2,T_GRIFW-2,48W00000GRIFW-2Y,WIND,Griffin Wind Farm Ltd,T,True,Griffin Wind Farm 2,GRWL,-3.000,104.000,P,-0.0304534,-1.200,-1.200,41.600,41.600,True,False,,,
GRIFWD-1,T_GRIFWD-1,,,Griffin Wind Farm Ltd,T,False,Griffin Windfarm Demand BMU,GRWL,-1.000,0.000,C,-0.0304534,-0.470,-0.470,0.000,0.000,False,False,,,
GRKNW-1,,,WIND,,,,,,,,,,,,,,False,False,,,
GRMO-1,T_GRMO-1,48W100000GRMO-1N,CCGT,Grangemouth CHP Ltd,T,True,T_GRMO-1,GCHP,0.000,0.000,C,-0.0099306,0.000,0.000,0.000,0.000,False,False,,,
GRTSC-1,T_GRTSC-1,48W00000GRTSC-1M,,Flexitricity Limited,T,True,Gretna,FLEXTRCY,-10.000,0.000,C,-0.0099306,-4.000,-4.000,0.000,0.000,True,False,,,
GRUB-1,,48W000000GRUB-1B,NPSHYD,,,,,,,,,,,,,,False,False,,,
GRUB-2,,48W000000GRUB-29,NPSHYD,,,,,,,,,,,,,,False,False,,,
GSMA03,2__GSMAE003,,,Smartestenergy Limited,S,True,2__GSMAE003,SMARTEST,0.000,61.882,C,-0.0050170,0.000,0.000,12.995,12.995,False,False,_G,North Western,
GYAR-1,E_GYAR-1,48W000000GYAR-15,CCGT,RWE Generation UK plc,E,True,Great Yarmouth Power Limited,INNOGY01,-18.000,420.000,P,0.0083094,-7.200,-7.200,168.000,168.000,True,False,_A,Eastern,
GYMRD-16,T_GYMRD-16,,,Gwynt y Mor Offshore Wind Farm,T,False,GyM Onshore non est Dem 16,GYMOWL,-1.000,0.000,P,0.0024587,-0.951,-0.951,0.000,0.000,False,True,,,
GYMRD-2,T_GYMRD-2,,,Gwynt y Mor Offshore Wind Farm,T,False,GyM Onshore est Dem 2,GYMOWL,-1.000,0.000,P,0.0024587,0.000,0.000,0.000,0.000,False,True,,,
GYMRD-E10,T_GYMRD-E10,,,Gwynt y Mor Offshore Wind Farm,T,False,GyM OSPE non est Dem 10,GYMOWL,-1.000,0.000,P,0.0024587,-0.023,-0.023,0.000,0.000,False,True,,,
GYMRD-E11,T_GYMRD-E11,,,Gwynt y Mor Offshore Wind Farm,T,False,GyM OSPE est Dem 11,GYMOWL,-1.000,0.000,P,0.0024587,-0.385,-0.385,0.000,0.000,False,True,,,
GYMRD-W10,T_GYMRD-W10,,,Gwynt y Mor Offshore Wind Farm,T,False,GyM OSPW non est Dem 10,GYMOWL,-1.000,0.000,P,0.0024587,-0.003,-0.003,0.000,0.000,False,True,,,
GYMRD-W11,T_GYMRD-W11,,,Gwynt y Mor Offshore Wind Farm,T,False,GyM OSPW est Dem 11,GYMOWL,-1.000,0.000,P,0.0024587,-0.453,-0.453,0.000,0.000,False,True,,,
GYMRO-15,T_GYMR-15,,WIND,Gwynt y Mor Offshore Wind Farm,T,True,GyM OSPE 15,GYMOWL,-3.000,148.000,P,0.0024587,-1.200,-1.200,59.200,59.200,True,False,,,
GYMRO-17,T_GYMR-17,,WIND,Gwynt y Mor Offshore Wind Farm,T,True,GyM OSPE 17,GYMOWL,-3.000,148.000,P,0.0024587,-1.200,-1.200,59.200,59.200,True,False,,,
GYMRO-26,T_GYMR-26,,WIND,Gwynt y Mor Offshore Wind Farm,T,True,GyM OSPW 26,GYMOWL,-3.000,148.000,P,0.0024587,-1.200,-1.200,59.200,59.200,True,False,,,
GYMRO-28,T_GYMR-28,,WIND,Gwynt y Mor Offshore Wind Farm,T,True,GyM OSPW 28,GYMOWL,-3.000,148.000,P,0.0024587,-1.200,-1.200,59.200,59.200,True,False,,,
HAB02G,V__GHABI021,,,Habitat Energy Limited,V,True,Royle Barn,HABITAT,0.000,0.000,C,-0.0050170,0.000,0.000,0.000,0.000,False,False,_G,North Western,
HADHW-1,T_HADHW-1,48W00000HADHW-1J,WIND,SSE Renewables Wind Farms,T,True,Hadyard Hill Wind Farm,SSERWFL,-0.660,130.000,P,-0.0099306,-0.264,-0.264,52.000,52.000,True,False,,,
HAGHW-2,T_HAGHW-2,,WIND,HAGSHAW HILL REPOWERING LTD,T,True,Hagshaw Repower 2,HAGHWF,-0.250,51.300,P,-0.0099306,-0.100,-0.100,20.520,20.520,True,False,,,
HAHAW-1,T_HAHAW-1,,WIND,HAGSHAW HILL REPOWERING LTD,T,True,Hagshaw Repower 1,HAGHWF,-0.250,30.258,P,-0.0099306,-0.100,-0.100,12.103,12.103,True,False,,,
HALSW-1,T_HALSW-1,,WIND,SP Renewables (UK) Limited,T,True,Halsary Windfarm,SPCRE01,-1.000,30.000,P,-0.0304534,-0.400,-0.400,12.000,12.000,True,False,,,
HAMH-01,T_HAMHD-1,,,Welbar Energy Storage Limited,T,False,T_HAMHD-1,BWESSHAM,0.000,0.000,C,0.0163921,0.000,0.000,0.000,0.000,False,False,,,
HAMHB-1,T_HAMHB-1,,OTHER,Welbar Energy Storage Limited,T,True,T_HAMHB-1,BWESSHAM,-100.000,100.000,P,0.0163921,-40.000,-40.000,40.000,40.000,True,False,,,
HAMHB-2,T_HAMHB-2,,OTHER,Welbar Energy Storage Limited,T,True,T_HAMHB-2,BWESSHAM,-100.000,100.000,P,0.0163921,-40.000,-40.000,40.000,40.000,True,False,,,
HAMHB-3,T_HAMHB-3,,OTHER,Welbar Energy Storage Limited,T,True,T_HAMHB-3,BWESSHAM,-100.000,100.000,P,0.0163921,-40.000,-40.000,40.000,40.000,True,False,,,
HAMHB-4,T_HAMHB-4,,OTHER,Welbar Energy Storage Limited,T,True,T_HAMHB-4,BWESSHAM,-100.000,100.000,P,0.0163921,-40.000,-40.000,40.000,40.000,True,False,,,
HAWFW-1,,,WIND,,,,,,,,,,,,,,False,False,,,
HAWKB-1,E_HAWKB-1,,,Tesla Motors Limited,E,True,HawkersHill  Battery,TESLA,-20.000,20.000,P,0.0213863,-8.000,-8.000,8.000,8.000,True,False,_H,Southern,
HBHDW-1,E_HBHDW-1,48W00000HBHDW-18,WIND,LDV Harburnhead Ltd,E,True,HARBURNHEADWF,HARBURN1,-0.542,51.700,P,-0.0099306,-0.217,-0.217,20.680,20.680,True,False,_N,South Scotland,
HEYM11,T_HEYM11,48W000000HEYM11C,NUCLEAR,EDF Energy Nuclear Generation,T,True,Heysham 1 Generator 1,BEGL001,-45.000,610.000,P,-0.0050170,-18.000,-18.000,244.000,244.000,True,False,,,
HEYM12,T_HEYM12,48W000000HEYM12A,NUCLEAR,EDF Energy Nuclear Generation,T,True,Heysham 1 Generator 2,BEGL001,-47.000,585.000,P,-0.0050170,-18.800,-18.800,234.000,234.000,True,False,,,
HEYM27,T_HEYM27,48W000000HEYM27Y,NUCLEAR,EDF Energy Nuclear Generation,T,True,Heysham 2 Generator 7,BEGL001,-27.008,660.000,P,-0.0050170,-10.803,-10.803,264.000,264.000,True,False,,,
HEYM28,T_HEYM28,48W000000HEYM28W,NUCLEAR,EDF Energy Nuclear Generation,T,True,Heysham 2 Generator 8,BEGL001,-41.776,676.152,P,-0.0050170,-16.710,-16.710,270.461,270.461,True,False,,,
HEYM2D-1,T_HEYM2-D,,,EDF Energy Nuclear Generation,T,True,Heysham 2 Station Demand,BEGL001,-298.104,0.000,P,-0.0050170,-119.242,-119.242,0.000,0.000,True,False,,,
HFSE02,2__HCMRO002,,,BGI Trading Limited,S,True,2__HCMRO002,CAMARO,-45.638,47.354,C,0.0213863,-0.027,-0.055,0.028,0.057,False,False,_H,Southern,
HINB-7,T_HINB-7,48W000000HINB-77,NUCLEAR,EDF Energy Nuclear Generation,T,True,Hinkley Point B Generator 7,BEGL001,0.000,0.000,C,0.0228729,0.000,0.000,0.000,0.000,False,False,,,
HINB-8,T_HINB-8,48W000000HINB-85,NUCLEAR,EDF Energy Nuclear Generation,T,True,Hinkley Point B Generator 8,BEGL001,0.000,0.000,C,0.0228729,0.000,0.000,0.000,0.000,False,False,,,
HINBD-1,T_HINB-D,,,EDF Energy Customers Limited,T,True,Hinkley Point B Station Demand,LENCO,-8.000,4.000,C,0.0228729,-6.706,-6.706,3.353,3.353,False,False,,,
HIRWB-1,V__KHABI007,,,Habitat Energy Limited,V,True,Hirwaun,HABITAT,0.000,0.000,C,0.0164211,0.000,0.000,0.000,0.000,False,False,_K,South Wales,
HIRWN-1,T_HIRWN-1,48W00000HIRWN-1P,OCGT,Hirwaun Power Limited,T,True,Hirwaun 1,HPL,-16.000,299.000,P,0.0164211,-6.400,-6.400,119.600,119.600,True,False,,,
HJERE000,2__HJERE000,,,Shell Energy UK Limited,G,False,2__HJERE000,AMPERE,0.000,0.000,C,0.0265572,0.000,0.000,0.000,0.000,False,False,_H,Southern,
HLGLW-1,E_HLGLW-1,48W00000HLGLW-1F,WIND,ENGIE Power Limited,E,True,Hill of Glaschyle,RWETDL,-0.400,28.000,C,-0.0304534,-0.160,-0.160,11.200,11.200,True,False,_P,North Scotland,
HLLHG-1,V__GFORS004,48W00000HLLHG-1W,,Forsa Trading Limited,V,True,V__GFORS004,FORSA,0.000,20.000,P,-0.0050170,0.000,0.000,4.600,4.600,True,False,_G,North Western,
HLTWW-1,E_HLTWW-1,48W00000HLTWW-1U,WIND,ScottishPower Energy Retail,E,True,Hill of Towie,SPSUP01,-1.000,48.000,P,-0.0304534,-0.400,-0.400,19.200,19.200,True,False,_P,North Scotland,
HMGTO-1,T_HMGTO-1,48W00000HMGTO-10,WIND,RWE Renewables UK Humber Wind,T,True,Humber Offshore Wind Farm BMU1,HMBRWNDL,-6.000,108.000,P,-0.0042872,-2.400,-2.400,43.200,43.200,True,False,,,
HMGTO-2,T_HMGTO-2,48W00000HMGTO-2Z,WIND,RWE Renewables UK Humber Wind,T,True,Humber Offshore Wind Farm BMU2,HMBRWNDL,-6.200,111.000,P,-0.0042872,-2.480,-2.480,44.400,44.400,True,False,,,
HNEV01,2__HNEVA001,,,VERSA ENERGY LIMITED,S,True,2__HNEVA001,NEVA,-12.000,0.000,C,0.0213863,-4.607,-4.054,0.000,0.000,False,False,_H,Southern,
HNEV02,2__HNEVA002,,,VERSA ENERGY LIMITED,S,True,2__HNEVA002,NEVA,-12.000,0.000,C,0.0213863,-4.607,-4.054,0.000,0.000,False,False,_H,Southern,
HNEV03,2__HNEVA003,,,VERSA ENERGY LIMITED,S,True,2__HNEVA003,NEVA,0.000,0.000,C,0.0213863,0.000,0.000,0.000,0.000,False,False,_H,Southern,
HOLMB-1,E_HOLMB-1,,,Field Holmston Ltd,E,True,E_HOLMB-1,FIELDHOL,0.000,0.000,P,-0.0099306,0.000,0.000,0.000,0.000,True,False,_N,South Scotland,
HOWAO-1,T_HOWAO-1,48W00000HOWAO-1M,WIND,Hornsea 1 Limited,T,True,HORNSEA_1A,DONG013,-6.220,400.000,P,-0.0042872,-2.488,-2.488,160.000,160.000,True,False,,,
HOWAO-2,T_HOWAO-2,48W00000HOWAO-2K,WIND,Hornsea 1 Limited,T,True,HORNSEA_1B,DONG013,-7.260,400.000,P,-0.0042872,-2.904,-2.904,160.000,160.000,True,False,,,
HOWAO-3,T_HOWAO-3,48W00000HOWAO-3I,WIND,Hornsea 1 Limited,T,True,HORNSEA_1C,DONG013,-7.300,400.000,P,-0.0042872,-2.920,-2.920,160.000,160.000,True,False,,,
HOWBO-1,T_HOWBO-1,48W00000HOWBO-3H,WIND,Breesea Limited,T,True,HORNSEA_WF_2A,ORSTED01,-8.741,440.000,P,-0.0042872,-3.496,-3.496,176.000,176.000,True,False,,,
HOWBO-2,T_HOWBO-2,48W00000HOWBO-2F,WIND,Sonningmay Wind Limited,T,True,HORNSEA_WF_2B,ORSTED02,-5.805,440.000,P,-0.0042872,-2.322,-2.322,176.000,176.000,True,False,,,
HOWBO-3,T_HOWBO-3,48W00000HOWBO-3D,WIND,Soundmark Wind Limited,T,True,HORNSEA_WF_2C,ORSTED03,-5.346,440.000,P,-0.0042872,-2.138,-2.138,176.000,176.000,True,False,,,
HOWCO-2,,,WIND,,,,,,,,,,,,,,False,False,,,
HRHLW-1,E_HRHLW-1,,WIND,SP Renewables (UK) Limited,E,True,Hare Hill Extension Windfarm,SPCRE01,-2.000,30.000,P,-0.0099306,-0.800,-0.800,12.000,12.000,True,False,_N,South Scotland,
HRSTB-1,T_HRSTB-1,48W00000HRSTB-1J,OTHER,SP Renewables (UK) Limited,T,True,T_HRSTB-1,SPCRE01,-52.000,52.000,C,-0.0099306,-0.021,-0.021,0.021,0.021,False,False,,,
HRSTW-1,T_HRSTW-1,48W00000HRSTW-19,WIND,SP Renewables (UK) Limited,T,True,Harestanes,SPCRE01,-51.000,142.300,P,-0.0099306,-20.400,-20.400,56.920,56.920,True,False,,,
HRTL-1,T_HRTL-1,48W000000HRTL-16,NUCLEAR,EDF Energy Nuclear Generation,T,True,Hartlepool Generator 1,BEGL001,-51.072,620.000,P,-0.0105171,-20.429,-20.429,248.000,248.000,True,False,,,
HRTL-2,T_HRTL-2,48W000000HRTL-24,NUCLEAR,EDF Energy Nuclear Generation,T,True,Hartlepool Generator 2,BEGL001,-47.928,620.000,P,-0.0105171,-19.171,-19.171,248.000,248.000,True,False,,,
HRTMG-1,V__FFORS001,48W00000HRTMG-1S,,Forsa Trading Limited,V,True,V__FFORS001,FORSA,0.000,50.000,P,-0.0105171,0.000,0.000,11.500,11.500,True,False,_F,Northern,
HSSE01,2__HIMPO002,,,SSE Energy Supply Limited,S,True,2__HIMPO002,SSE,-49.059,49.197,C,0.0213863,-19.624,-19.624,19.679,19.679,True,False,_H,Southern,
HUMR-1,T_HUMR-1,48W100000HUMR-1N,CCGT,VPI Immingham LLP,T,True,HUMR-1,ICHPLLP,-30.000,1283.000,P,-0.0042872,-12.000,-12.000,513.200,513.200,True,False,,,
HUMR-2,T_HUMR-2,48W000000HUMR-2Y,,VPI Immingham Energy Park A,T,True,HUMR-2,EPALTD,-8.360,50.000,P,-0.0042872,-3.344,-3.344,20.000,20.000,True,False,,,
HUMR-4,,,OCGT,,,,,,,,,,,,,,False,False,,,
HUMRD-1,T_HUMRD-1,,,VPI Immingham LLP,T,False,HUMRD-1,ICHPLLP,-68.260,20.000,P,-0.0042872,-57.837,-57.837,16.946,16.946,False,True,,,
HUNB-7,T_HUNB-7,48W000000HUNB-79,NUCLEAR,EDF Energy Nuclear Generation,T,True,Hunterston B Generator 7,BEGL001,0.000,510.000,P,-0.0070039,0.000,0.000,204.000,204.000,True,False,,,
HUNB-8,T_HUNB-8,48W000000HUNB-87,NUCLEAR,EDF Energy Nuclear Generation,T,True,Hunterston B Generator 8,BEGL001,0.000,510.000,P,-0.0070039,0.000,0.000,204.000,204.000,True,False,,,
HUNBD-1,T_HUNB-D,,,EDF Energy Customers Limited,T,True,Hunterston B Station Demand,LENCO,-4.000,0.000,C,-0.0099306,-3.481,-3.481,0.000,0.000,False,False,,,
HYWDW-1,E_HYWDW-1,48W00000HYWDW-1G,WIND,HYWINDSC,E,True,Hywind Generator BMU1,HYWINDSC,-0.803,30.000,P,-0.0304534,-0.321,-0.321,12.000,12.000,True,False,_P,North Scotland,
I2D-ALEU1,I_I2D-ALEU1,,,Alphataraxia Europium BV,I,True,ATX_IFA2_DEM,ATX,-1000.000,0.000,C,0.0213863,0.000,0.000,0.000,0.000,False,False,,,IFA2
I2D-ALIP1,I_I2D-ALIP1,,,Energetick ApS,I,True,Flow from UK,ALPSNRG,-1000.000,0.000,C,0.0213863,0.000,0.000,0.000,0.000,False,False,,,IFA2
I2D-ALPE1,I_I2D-ALPE1,,,Alpha Energy ApS,I,True,IFA2 Demand,ALPHAENE,-500.000,0.000,C,0.0213863,0.000,0.000,0.000,0.000,False,False,,,IFA2
I2D-ARON1,I_I2D-ARON1,,,J.Aron & Company,I,True,IFA2 JAron GB-FR Flow,JARON,-1000.000,0.000,C,0.0213863,0.000,0.000,0.000,0.000,False,False,,,IFA2
I2D-AROS1,I_I2D-AROS1,,,Arosource ApS,I,True,AROS Flow FROM UK,AROSOURC,-1000.000,0.000,C,0.0213863,0.000,0.000,0.000,0.000,False,False,,,IFA2
I2D-ARTH1,I_I2D-ARTH1,,,Aarhus Trading A/S,I,True,I_I2D-ARTH1,ATAS,-1000.000,0.000,C,0.0213863,0.000,0.000,0.000,0.000,False,False,,,IFA2
I2D-ATLS1,I_I2D-ATLS1,,,Atlas Energy DAC,I,True,Atlas GB-FRIFA2,AED75443,-1000.000,0.000,C,0.0213863,0.000,0.000,0.000,0.000,False,False,,,IFA2
I2D-AXPO1,I_I2D-AXPO1,,,Axpo Solutions AG,I,True,I_I2D-AXPO1,EGL,-150.000,0.000,C,0.0213863,0.000,0.000,0.000,0.000,False,False,,,IFA2
I2D-BAYW1,I_I2D-BAYW1,,,Baywa r.e. Energy Trading GmbH,I,True,Flow from UK over IFA2,B9R3T560,-1000.000,0.000,C,0.0213863,0.000,0.000,0.000,0.000,False,False,,,IFA2
I2D-BDEN1,I_I2D-BDEN1,,,BD Energy A/S,I,True,BDE FROM UK,BDENERGY,-720.000,0.000,C,0.0213863,0.000,0.000,0.000,0.000,False,False,,,IFA2
I2D-BKWE1,I_I2D-BKWE1,,,BKW Energie AG,I,True,IFA2 Link BKW Flow GB-FR,BKW,-1000.000,0.000,C,0.0213863,0.000,0.000,0.000,0.000,False,False,,,IFA2
I2D-BNPS1,I_I2D-BNPS1,,,BNP Paribas,I,True,BNPP Flow FROM UK,BNPP,-1000.000,0.000,C,0.0213863,0.000,0.000,0.000,0.000,False,False,,,IFA2
I2D-BPGM1,I_I2D-BPGM1,,,BP Gas Marketing Limited,I,True,I_I2D-BPGM1,BPGAS,-1000.000,0.000,C,0.0213863,0.000,0.000,0.000,0.000,False,False,,,IFA2
I2D-CACM1,I_I2D-CACM1,,,C A Commodities A/S,I,True,IFA2 Flow out of UK,CACOMAS,-1000.000,0.000,C,0.0213863,0.000,0.000,0.000,0.000,False,False,,,IFA2
I2D-CBST1,I_I2D-CBST1,,,Cobblestone Energy,I,True,Cobblestone Energy Ltd,CBBLESTN,-1000.000,0.000,C,0.0213863,0.000,0.000,0.000,0.000,False,False,,,IFA2
I2D-CCME1,I_I2D-CCME1,,,Castleton Commodities Europe,I,True,CCME FROM UK,CASTLEEU,-1014.000,0.000,C,0.0213863,0.000,0.000,0.000,0.000,False,False,,,IFA2
I2D-CENT1,I_I2D-CENT1,,,Centrica Energy Limited,I,True,IF2NEASDEM,ACCORD,-2000.000,0.000,C,0.0213863,0.000,0.000,0.000,0.000,False,False,,,IFA2
I2D-CETL1,I_I2D-CETL1,,,Conrad Energy (Trading) Ltd,I,True,CONRAD FROM UK,CONRAD,-1000.000,0.000,C,0.0213863,0.000,0.000,0.000,0.000,False,False,,,IFA2
I2D-CEZC1,I_I2D-CEZC1,,,CEZ A.S,I,True,IFA2 Export,45274649,-1000.000,0.000,C,0.0213863,0.000,0.000,0.000,0.000,False,False,,,IFA2
I2D-CFPE1,I_I2D-CFPE1,,,CFP Commodities Limited,I,True,CFPE1 FROM UK,CFPC1,-1000.000,0.000,C,0.0213863,0.000,0.000,0.000,0.000,False,False,,,IFA2
I2D-CNGS1,I_I2D-CNGS1,,,Cenergise Limited,I,True,CNGS_D_IFA2,CEGISE,-1000.000,0.000,C,0.0154722,0.000,0.000,0.000,0.000,False,False,,,IFA2
I2D-CNRE1,I_I2D-CNRE1,,,Compagnie Nationale du Rhone,I,True,I_I2D-CNRE1,CNRP,-1000.000,0.000,C,0.0213863,0.000,0.000,0.000,0.000,False,False,,,IFA2
I2D-COMM1,I_I2D-COMM1,,,COMCOM Trading d.o.o,I,True,I_I2D-COMM1,COMCOM,-1000.000,0.000,C,0.0213863,0.000,0.000,0.000,0.000,False,False,,,IFA2
I2D-CONS1,I_I2D-CONS1,,,Constellation Generation LTD,I,True,Constellation IFA2 Cons,EXGENLIM,-1000.000,0.000,C,0.0213863,0.000,0.000,0.000,0.000,False,False,,,IFA2
I2D-CONV1,I_I2D-CONV1,,,Convex Energy GmbH,I,True,I2D-CONV1,GEAG,-500.000,0.000,C,0.0213863,0.000,0.000,0.000,0.000,False,False,,,IFA2
I2D-COPN1,I_I2D-COPN1,,,Copenhagen Energy Trading A/S,I,True,CET_IFA2,CET1234,-1000.000,0.000,C,0.0213863,0.000,0.000,0.000,0.000,False,False,,,IFA2
I2D-CURR1,I_I2D-CURR1,,,Current Commodities A/S,I,True,I_I2D-CURR1,CURRENT,-2000.000,0.000,C,0.0213863,0.000,0.000,0.000,0.000,False,False,,,IFA2
I2D-DARE1,I_I2D-DARE1,,,Dare Power Ltd,I,True,I_I2D-DARE1,DARE,-2000.000,0.000,C,0.0213863,0.000,0.000,0.000,0.000,False,False,,,IFA2
I2D-DMCC1,I_I2D-DMCC1,,,Cobblestone Energy DMCC,I,True,Cobblestone Energy DMCC,OLDKENT,-1000.000,0.000,C,0.0213863,0.000,0.000,0.000,0.000,False,False,,,IFA2
I2D-DSKC1,I_I2D-DSKC1,,,Danske Commodities A/S,I,True,DC-IFA2-C,DANSKE,-1500.000,0.000,C,0.0213863,0.000,0.000,0.000,0.000,False,False,,,IFA2
I2D-DUEN1,I_I2D-DUEN1,,,Duferco Energia S.p.A.,I,True,IF2_UK-FR,DUCEX123,-200.000,0.000,C,0.0213863,0.000,0.000,0.000,0.000,False,False,,,IFA2
I2D-DUGE1,I_I2D-DUGE1,,,DXT Commodities SA,I,True,DXT UK-FR2,DUFENERG,-1000.000,0.000,C,0.0213863,0.000,0.000,0.000,0.000,False,False,,,IFA2
I2D-DVAL1,I_I2D-DVAL1,,,DVALIN ApS,I,True,I_I2D-DVAL1,DVALIN,-1000.000,0.000,C,0.0213863,0.000,0.000,0.000,0.000,False,False,,,IFA2
I2D-DVTD1,I_I2D-DVTD1,,,DV Trading (Europe) P/S,I,True,DV GB-FRIFA2,DVTRAD45,-1000.000,0.000,C,0.0213863,0.000,0.000,0.000,0.000,False,False,,,IFA2
I2D-EDFT1,I_I2D-EDFT1,,,EDF TRADING LIMITED,I,True,EDFT IFA2 Demand,EDFT,-1066.502,0.000,C,0.0213863,0.000,0.000,0.000,0.000,False,False,,,IFA2
I2D-EDMK1,I_I2D-EDMK1,,,Mind Energy A/S,I,True,Energidk2_D,ENERGIDK,-1500.000,0.000,C,0.0213863,0.000,0.000,0.000,0.000,False,False,,,IFA2
I2D-EENG1,I_I2D-EENG1,,,Eio Energi ApS,I,True,I_I2D-EENG1,EIOENRGY,-50.000,0.000,C,0.0213863,0.000,0.000,0.000,0.000,False,False,,,IFA2
I2D-ELEE1,I_I2D-ELEE1,,,Electrabel SA,I,True,I2D-ELEE1,ELECBEL,-1000.000,0.000,C,0.0213863,0.000,0.000,0.000,0.000,False,False,,,IFA2
I2D-ELTR1,I_I2D-ELTR1,,,ElectroRoute Energy Trading,I,True,EETL IFA2 FRGB BMU,ELECTRO,-1000.000,0.000,C,0.0213863,0.000,0.000,0.000,0.000,False,False,,,IFA2
I2D-ENBW1,I_I2D-ENBW1,,,EnBW Energie Ba-Wu AG,I,True,I_I2D-ENBW1,ENBWNPT,-1000.000,0.000,C,0.0213863,0.000,0.000,0.000,0.000,False,False,,,IFA2
I2D-ENKI1,I_I2D-ENKI1,,,ENKI TRADING S.R.O.,I,True,NANOTRAD Dem,NANOTRD,-500.000,0.000,C,0.0173987,0.000,0.000,0.000,0.000,False,False,,,IFA2
I2D-ENSC1,I_I2D-ENSC1,,,EnSCo Energy Services Company,I,True,Flow from UK,ENSCOAG,-1000.000,0.000,C,0.0213863,0.000,0.000,0.000,0.000,False,False,,,IFA2
I2D-ENSP1,I_I2D-ENSP1,,,enspired GmbH,I,True,I2-ENSP-TO-UK,ENSPIRED,-1000.000,0.000,C,0.0213863,0.000,0.000,0.000,0.000,False,False,,,IFA2
I2D-ENTC1,I_I2D-ENTC1,,,Energetech Europe BV,I,True,ENTC1 from UK,ENERGETE,-500.000,0.000,C,0.0161736,0.000,0.000,0.000,0.000,False,False,,,IFA2
I2D-ENZL1,I_I2D-ENZL1,,,ENZOL Energy Trading ApS,I,True,IFA2 flow FROM UK,ENZOL,-800.000,0.000,C,0.0213863,0.000,0.000,0.000,0.000,False,False,,,IFA2
I2D-EPCO1,I_I2D-EPCO1,,,EP COMMODITIES A.S,I,True,EPCAS_IFA2_DEM,EPCAS,-300.000,0.000,C,0.0213863,0.000,0.000,0.000,0.000,False,False,,,IFA2
I2D-EWII1,I_I2D-EWII1,,,EWII Energi A/S,I,True,EWII-UK-TO-IFA2,EWII6000,-1000.000,0.000,C,0.0213863,0.000,0.000,0.000,0.000,False,False,,,IFA2
I2D-EXXO1,I_I2D-EXXO1,,,EXXONMOBIL GAS MARKETING,I,True,From UK,EM123,-1000.000,0.000,C,0.0213863,0.000,0.000,0.000,0.000,False,False,,,IFA2
I2D-EZCO1,I_I2D-EZCO1,,,ENZEE Commodities A/S,I,True,Flow from UK,ENZEE,-1000.000,0.000,C,0.0213863,0.000,0.000,0.000,0.000,False,False,,,IFA2
I2D-EZPD1,I_I2D-EZPD1,,,Ezpada AG,I,True,Ezpada AG,11XEZPAG,-500.000,0.000,C,0.0213863,0.000,0.000,0.000,0.000,False,False,,,IFA2
I2D-FLEX1,I_I2D-FLEX1,,,Citadel FlexPower GmbH,I,True,I_I2D-FLEX1,FLXPWR,-1000.000,0.000,C,0.0213863,0.000,0.000,0.000,0.000,False,False,,,IFA2
I2D-GASE1,I_I2D-GASE1,,,ENGIE GLOBAL MARKETS,I,True,IFA2 EGM flow GB-FR,GASELYS,-1000.000,0.000,C,0.0213863,0.000,0.000,0.000,0.000,False,False,,,IFA2
I2D-GAZP1,I_I2D-GAZP1,,,SEFE Marketing & Trading LTD,I,True,GAZP_IFA2_D,GAZPROM,-500.000,0.000,C,0.0213863,0.000,0.000,0.000,0.000,False,False,,,IFA2
I2D-GENI1,I_I2D-GENI1,,,"GEN-I, d.o.o.",I,True,From UK,GENI,-1000.000,0.000,C,0.0213863,0.000,0.000,0.000,0.000,False,False,,,IFA2
I2D-GLEN1,I_I2D-GLEN1,,,Glencore Energy UK Ltd,I,True,Flow from UK,GENUK,-1000.000,0.000,C,0.0213863,0.000,0.000,0.000,0.000,False,False,,,IFA2
I2D-GRDC1,I_I2D-GRDC1,,,Grid Commodities ApS,I,True,I_I2D-GRDC1,GRIDCOM1,-2000.000,0.000,C,0.0213863,0.000,0.000,0.000,0.000,False,False,,,IFA2
I2D-GRMC1,I_I2D-GRMC1,,,A/S Global Risk Management Ltd,I,True,Flows out of  the UK,GRMC,-1000.000,0.000,C,0.0160206,0.000,0.000,0.000,0.000,False,False,,,IFA2
I2D-GRMT1,I_I2D-GRMT1,,,A/S Global Risk Management Ltd,I,True,GRM,GLOBAL,-500.000,0.000,C,0.0213863,0.000,0.000,0.000,0.000,False,False,,,IFA2
I2D-GUNV1,I_I2D-GUNV1,,,GIBV Geneva Branch,I,True,I_I2D-GUNV1,GUNVOR,-1100.000,0.000,C,0.0213863,0.000,0.000,0.000,0.000,False,False,,,IFA2
I2D-HART1,I_I2D-HART1,,,HAPPGCO,I,True,Flow from UK,HEPGCO,-1000.000,0.000,C,0.0213863,0.000,0.000,0.000,0.000,False,False,,,IFA2
I2D-HELI1,I_I2D-HELI1,,,Helios Power Trading A/S,I,True,HELIOS IFA2 DEM,HELIOS,-1000.000,0.000,C,0.0213863,0.000,0.000,0.000,0.000,False,False,,,IFA2
I2D-IBES1,I_I2D-IBES1,,,Iberdrola Energia Espana S.AU.,I,True,IBES_IFA2_DEM,IBEGENES,-1000.000,0.000,C,0.0213863,0.000,0.000,0.000,0.000,False,False,,,IFA2
I2D-IDCT1,I_I2D-IDCT1,,,Inductive Energy A/S,I,True,Induct_UKIFA2,INDUCTIV,-1000.000,0.000,C,0.0213863,0.000,0.000,0.000,0.000,False,False,,,IFA2
I2D-IMPT1,I_I2D-IMPT1,,,Impact Energy Trading A/S,I,True,Flow from UK,IMPACT25,-1000.000,0.000,C,0.0213863,0.000,0.000,0.000,0.000,False,False,,,IFA2
I2D-IMTC1,I_I2D-IMTC1,,,IMC Trading BV NL Denmark,I,True,I_I2D-IMTC1,IMCTRADK,-2000.000,0.000,C,0.0213863,0.000,0.000,0.000,0.000,False,False,,,IFA2
I2D-INCM1,I_I2D-INCM1,,,IN COMMODITIES A/S,I,True,IFA2INCOMASC,INCOMAS,-1000.000,0.000,C,0.0213863,0.000,0.000,0.000,0.000,False,False,,,IFA2
I2D-JWME1,I_I2D-JWME1,,,JWM Energia,I,True,I_I2D-JWME1,JWM,-1000.000,0.000,C,0.0213863,0.000,0.000,0.000,0.000,False,False,,,IFA2
I2D-KVAS1,I_I2D-KVAS1,,,Kvasir Technologies,I,True,I_I2D-KVAS1,KVASIR,-50.000,0.000,C,0.0213863,0.000,0.000,0.000,0.000,False,False,,,IFA2
I2D-MCRA1,I_I2D-MCRA1,,,Mercuria Energy Trading SA,I,True,Mercuria flow from UK,METSA,-1000.000,0.000,C,0.0213863,0.000,0.000,0.000,0.000,False,False,,,IFA2
I2D-MELT1,I_I2D-MELT1,,,Metlen International AG,I,True,MITCO GB-IFA2,MITCOAG1,-1000.000,0.000,C,0.0213863,0.000,0.000,0.000,0.000,False,False,,,IFA2
I2D-METL1,I_I2D-METL1,,,Metlen International AG,I,True,MITCO GB-IFA2,MITCOAG1,-1000.000,0.000,C,0.0160652,0.000,0.000,0.000,0.000,False,False,,,IFA2
I2D-MFTE1,I_I2D-MFTE1,,,MFT Energy A/S,I,True,MFTE IFA2 Demand,MFTE,-1000.000,0.000,C,0.0213863,0.000,0.000,0.000,0.000,False,False,,,IFA2
I2D-MQBN1,I_I2D-MQBN1,,,Macquarie Bank Limited,I,True,Macquarie Bank IFA2,MBLLO,-1000.000,0.000,C,0.0213863,0.000,0.000,0.000,0.000,False,False,,,IFA2
I2D-NDPL1,I_I2D-NDPL1,,,European Market Coupling,I,True,NDPL-IFA2-C,NORDPOOL,-1150.000,0.000,C,0.0178854,0.000,0.000,0.000,0.000,False,False,,,IFA2
I2D-NEAS1,I_I2D-NEAS1,,,Centrica Energy Trading A/S,I,True,IF2NEASDEN,NEAS,-2000.000,0.000,C,0.0213863,0.000,0.000,0.000,0.000,False,False,,,IFA2
I2D-NEHO1,I_I2D-NEHO1,,,Nordic Energy House ApS,I,True,IFA2 NEH-D,NEH,-1000.000,0.000,C,0.0213863,0.000,0.000,0.000,0.000,False,False,,,IFA2
I2D-NITR1,I_I2D-NITR1,,,Nitor Energy A/S,I,True,IFA2 FROM UK,NIREX,-1000.000,0.000,C,0.0213863,0.000,0.000,0.000,0.000,False,False,,,IFA2
I2D-NORL1,I_I2D-NORL1,,,Norlys Energy Trading A/S,I,True,NORLYS_IFA2_C,NORLYS,-2000.000,0.000,C,0.0213863,0.000,0.000,0.000,0.000,False,False,,,IFA2
I2D-NTPL1,I_I2D-NTPL1,,,Northpool BV,I,True,I_I2D-NTPL1,NORTHPL,-1000.000,0.000,C,0.0213863,0.000,0.000,0.000,0.000,False,False,,,IFA2
I2D-NVAL1,I_I2D-NVAL1,,,Nvalue AG,I,True,NVALUE EXPORT2,NVALUE,-500.000,0.000,C,0.0239908,0.000,0.000,0.000,0.000,False,False,,,IFA2
I2D-OMPX1,I_I2D-OMPX1,,,Ompex AG,I,True,OMPEX_IFA2_GB-FR,OMPEX,-1000.000,0.000,C,0.0213863,0.000,0.000,0.000,0.000,False,False,,,IFA2
I2D-OPMX1,I_I2D-OPMX1,,,Optimax Energy GmbH,I,True,I_I2D-OPMX1,OPTIMAX,-1000.000,0.000,C,0.0213863,0.000,0.000,0.000,0.000,False,False,,,IFA2
I2D-OUTL1,I_I2D-OUTL1,,,Outlook Energy Ltd,I,True,I_I2D-OUTL1,OUTLOOK,-2000.000,0.000,C,0.0213863,0.000,0.000,0.000,0.000,False,False,,,IFA2
I2D-PEAK1,I_I2D-PEAK1,,,Peak Gen Top Co Limited,I,True,PGIFA2 Demand,PEAKGEN,-1000.000,0.000,C,0.0213863,0.000,0.000,0.000,0.000,False,False,,,IFA2
I2D-PETC1,I_I2D-PETC1,,,PETROCHINA INTL LONDON CO. LTD,I,True,PCIL UK TO FR IFA2,PETCHINA,-1000.000,0.000,C,0.0213863,0.000,0.000,0.000,0.000,False,False,,,IFA2
I2D-PLAN1,I_I2D-PLAN1,,,BCM Energy,I,True,I_I2D-PLAN1,BCMENERG,-400.000,0.000,C,0.0164654,0.000,0.000,0.000,0.000,False,False,,,IFA2
I2D-PREP1,I_I2D-PREP1,,,Yuno Limited,I,True,Prepay FROM UK,OPAL0516,-1000.000,0.000,C,0.0213863,0.000,0.000,0.000,0.000,False,False,,,IFA2
I2D-PURE1,I_I2D-PURE1,,,pure.energy GmbH,I,True,I_I2D-PURE1,PUREEN,-2000.000,0.000,C,0.0213863,0.000,0.000,0.000,0.000,False,False,,,IFA2
I2D-PWMR1,I_I2D-PWMR1,,,PowerMart ApS,I,True,IFA2 EXPORT,POMA,-1000.000,0.000,C,0.0213863,0.000,0.000,0.000,0.000,False,False,,,IFA2
I2D-QTPT1,I_I2D-QTPT1,,,Quantum Power Trading,I,True,QPT FROM UK,QPT,-1000.000,0.000,C,0.0213863,0.000,0.000,0.000,0.000,False,False,,,IFA2
I2D-QUAR1,I_I2D-QUAR1,,,Quark Energy Trading Limited,I,True,IFA2 DEMAND,QUARKET,-1000.000,0.000,C,0.0213863,0.000,0.000,0.000,0.000,False,False,,,IFA2
I2D-QUEN1,I_I2D-QUEN1,,,QUENT ApS,I,True,Flow FROM UK,QUENT,-1000.000,0.000,C,0.0213863,0.000,0.000,0.000,0.000,False,False,,,IFA2
I2D-RESP1,I_I2D-RESP1,,,RESPECT ENERGY S.A.,I,True,RESA-IFA2-FU,RESA,-700.000,0.000,C,0.0213863,0.000,0.000,0.000,0.000,False,False,,,IFA2
I2D-RISQ1,I_I2D-RISQ1,,,Risq Energy Limited,I,True,RISQ from the UK,RISQ,-1000.000,0.000,C,0.0213863,0.000,0.000,0.000,0.000,False,False,,,IFA2
I2D-RWES1,I_I2D-RWES1,,,RWE Supply and Trading GmbH,I,True,RWEST IFA2 Export,RWE,-1000.000,0.000,C,0.0213863,0.000,0.000,0.000,0.000,False,False,,,IFA2
I2D-SEAG1,I_I2D-SEAG1,,,Seagull Energy Trading,I,True,I_I2D-SEAG1,SEAGULL,-2000.000,0.000,C,0.0213863,0.000,0.000,0.000,0.000,False,False,,,IFA2
I2D-SECF1,I_I2D-SECF1,,,Second Foundation Trading AG,I,True,IFA2 Dem,TRISOLAR,-200.000,0.000,C,0.0213863,0.000,0.000,0.000,0.000,False,False,,,IFA2
I2D-SETL1,I_I2D-SETL1,,,Shell Energy Europe Limited,I,True,I_I2D-SETL1,SHELL2,-1000.000,0.000,C,0.0213863,0.000,0.000,0.000,0.000,False,False,,,IFA2
I2D-SIRI1,I_I2D-SIRI1,,,Sirius Energy SA,I,True,I_I2D-SIRI1,SIRIUSEN,-1000.000,0.000,C,0.0213863,0.000,0.000,0.000,0.000,False,False,,,IFA2
I2D-SSEG1,I_I2D-SSEG1,,,SSE Energy Supply Limited,I,True,SSE EUI-IFA2 GBNL,SSE,0.000,0.000,C,0.0213863,0.000,0.000,0.000,0.000,False,False,,,IFA2
I2D-STAT1,I_I2D-STAT1,,,Statkraft Markets Gmbh,I,True,IFA2 Export,STATKRA1,-1000.000,0.000,C,0.0213863,0.000,0.000,0.000,0.000,False,False,,,IFA2
I2D-STGS1,I_I2D-STGS1,,,STG Switzerland GmbH,I,True,STG CH IFA2 GB-FR,STG8T4R,-1000.000,0.000,C,0.0213863,0.000,0.000,0.000,0.000,False,False,,,IFA2
I2D-TGPL1,I_I2D-TGPL1,,,TotalEnergies Gas & Power Ltd,I,True,IFA2 (FR to UK Flow),TFEGP,-1000.000,0.000,C,0.0213863,0.000,0.000,0.000,0.000,False,False,,,IFA2
I2D-TILD1,I_I2D-TILD1,,,Tilde Energy Trading A/S,I,True,I_I2D-TILD1,TILDEET,-1000.000,0.000,C,0.0213863,0.000,0.000,0.000,0.000,False,False,,,IFA2
I2D-TRFD1,I_I2D-TRFD1,,,Trafigura Denmark ApS,I,True,IFA2_EX,TRAFDK23,-1000.000,0.000,C,0.0213863,0.000,0.000,0.000,0.000,False,False,,,IFA2
I2D-TRFG1,I_I2D-TRFG1,,,Trafigura Trading Sarl,I,True,IFA2_EX,TRAF,-1000.000,0.000,C,0.0213863,0.000,0.000,0.000,0.000,False,False,,,IFA2
I2D-TRGY1,I_I2D-TRGY1,,,Tradergy S. L.,I,True,Flow from UK,TRADERGY,-1400.000,0.000,C,0.0213863,0.000,0.000,0.000,0.000,False,False,,,IFA2
I2D-TRLS1,I_I2D-TRLS1,,,Engelhart CTP Renewables GmbH,I,True,IFA2_TSR_D,GREENPWR,-1000.000,0.000,C,0.0213863,0.000,0.000,0.000,0.000,False,False,,,IFA2
I2D-TRSI1,I_I2D-TRSI1,,,Trasteel International SA,I,True,Flow FROM UK,TRAINT,-1000.000,0.000,C,0.0213863,0.000,0.000,0.000,0.000,False,False,,,IFA2
I2D-VOLT1,I_I2D-VOLT1,,,Volta Energy DAC,I,True,IFA2 FROM UK,VOLTADAC,-250.000,0.000,C,0.0213863,0.000,0.000,0.000,0.000,False,False,,,IFA2
I2D-VSAL1,I_I2D-VSAL1,,,VITOL SA,I,True,I_I2D-VSAL1,VITOLSA,-1000.000,0.000,C,0.0213863,0.000,0.000,0.000,0.000,False,False,,,IFA2
I2D-VTET1,I_I2D-VTET1,,,Vattenfall Energy Trading,I,True,VET-IFA2_D,VTS,-1000.000,0.000,C,0.0213863,0.000,0.000,0.000,0.000,False,False,,,IFA2
I2D-VTUS1,I_I2D-VTUS1,,,Vitus Capital AG,I,True,I2D- VTUS1_FROMFR,MONOCAP7,-300.000,0.000,C,0.0213863,0.000,0.000,0.000,0.000,False,False,,,IFA2
I2D-WOLF1,I_I2D-WOLF1,,,Wolfram Trading ApS,I,True,WT IFA2 Import BMU,WT74183,-800.000,0.000,C,0.0213863,0.000,0.000,0.000,0.000,False,False,,,IFA2
I2D-XNON1,I_I2D-XNON1,,,XENON CAPITAL MARKETS LTD,I,True,XENON-I2G-C,XENON,-1000.000,0.000,C,0.0213863,0.000,0.000,0.000,0.000,False,False,,,IFA2
I2G-ALEU1,I_I2G-ALEU1,,,Alphataraxia Europium BV,I,True,ATX_IFA2_GEN,ATX,0.000,1000.000,P,0.0213863,0.000,0.000,0.000,0.000,False,False,,,IFA2
I2G-ALIP1,I_I2G-ALIP1,,,Energetick ApS,I,True,Flow into UK,ALPSNRG,0.000,1000.000,P,0.0213863,0.000,0.000,0.000,0.000,False,False,,,IFA2
I2G-ALPE1,I_I2G-ALPE1,,,Alpha Energy ApS,I,True,IFA2 Generation,ALPHAENE,0.000,500.000,P,0.0213863,0.000,0.000,0.000,0.000,False,False,,,IFA2
I2G-ARON1,I_I2G-ARON1,,,J.Aron & Company,I,True,IFA2 JAron FR-GB Flow,JARON,0.000,1000.000,P,0.0213863,0.000,0.000,0.000,0.000,False,False,,,IFA2
I2G-AROS1,I_I2G-AROS1,,,Arosource ApS,I,True,AROS Flow INTO UK,AROSOURC,0.000,1000.000,P,0.0213863,0.000,0.000,0.000,0.000,False,False,,,IFA2
I2G-ARTH1,I_I2G-ARTH1,,,Aarhus Trading A/S,I,True,I_I2G-ARTH1,ATAS,0.000,1000.000,P,0.0213863,0.000,0.000,0.000,0.000,False,False,,,IFA2
I2G-ATLS1,I_I2G-ATLS1,,,Atlas Energy DAC,I,True,Atlas FRIFA2-GB,AED75443,0.000,1000.000,P,0.0213863,0.000,0.000,0.000,0.000,False,False,,,IFA2
I2G-AXPO1,I_I2G-AXPO1,,,Axpo Solutions AG,I,True,I_I2G-AXPO1,EGL,0.000,300.000,P,0.0213863,0.000,0.000,0.000,0.000,False,False,,,IFA2
I2G-BAYW1,I_I2G-BAYW1,,,Baywa r.e. Energy Trading GmbH,I,True,Flow into UK over IFA2,B9R3T560,0.000,1000.000,P,0.0213863,0.000,0.000,0.000,0.000,False,False,,,IFA2
I2G-BDEN1,I_I2G-BDEN1,,,BD Energy A/S,I,True,BDE INTO UK,BDENERGY,0.000,720.000,P,0.0213863,0.000,0.000,0.000,0.000,False,False,,,IFA2
I2G-BKWE1,I_I2G-BKWE1,,,BKW Energie AG,I,True,IFA2 Link BKW Flow FR-GB,BKW,0.000,1000.000,P,0.0213863,0.000,0.000,0.000,0.000,False,False,,,IFA2
I2G-BNPS1,I_I2G-BNPS1,,,BNP Paribas,I,True,BNPP Flow INTO UK,BNPP,0.000,1000.000,P,0.0213863,0.000,0.000,0.000,0.000,False,False,,,IFA2
I2G-BPGM1,I_I2G-BPGM1,,,BP Gas Marketing Limited,I,True,I_I2G-BPGM1,BPGAS,0.000,1000.000,P,0.0213863,0.000,0.000,0.000,0.000,False,False,,,IFA2
I2G-CACM1,I_I2G-CACM1,,,C A Commodities A/S,I,True,IFA2 Flow into UK,CACOMAS,0.000,1000.000,P,0.0213863,0.000,0.000,0.000,0.000,False,False,,,IFA2
I2G-CBST1,I_I2G-CBST1,,,Cobblestone Energy,I,True,Cobblestone Energy Ltd,CBBLESTN,0.000,1000.000,P,0.0213863,0.000,0.000,0.000,0.000,False,False,,,IFA2
I2G-CCME1,I_I2G-CCME1,,,Castleton Commodities Europe,I,True,CCME INTO UK,CASTLEEU,0.000,1014.000,P,0.0213863,0.000,0.000,0.000,0.000,False,False,,,IFA2
I2G-CENT1,I_I2G-CENT1,,,Centrica Energy Limited,I,True,IF2NEASGEN,ACCORD,0.000,2000.000,P,0.0213863,0.000,0.000,0.000,0.000,False,False,,,IFA2
I2G-CETL1,I_I2G-CETL1,,,Conrad Energy (Trading) Ltd,I,True,CONRAD INTO UK,CONRAD,0.000,1000.000,P,0.0213863,0.000,0.000,0.000,0.000,False,False,,,IFA2
I2G-CEZC1,I_I2G-CEZC1,,,CEZ A.S,I,True,IFA2 Import,45274649,0.000,1000.000,P,0.0213863,0.000,0.000,0.000,0.000,False,False,,,IFA2
I2G-CFPE1,I_I2G-CFPE1,,,CFP Commodities Limited,I,True,CFPE1 INTO UK,CFPC1,0.000,1000.000,P,0.0213863,0.000,0.000,0.000,0.000,False,False,,,IFA2
I2G-CNGS1,I_I2G-CNGS1,,,Cenergise Limited,I,True,CNGS_G_IFA2,CEGISE,0.000,1000.000,P,0.0154722,0.000,0.000,0.000,0.000,False,False,,,IFA2
I2G-CNRE1,I_I2G-CNRE1,,,Compagnie Nationale du Rhone,I,True,I_I2G-CNRE1,CNRP,0.000,1000.000,P,0.0213863,0.000,0.000,0.000,0.000,False,False,,,IFA2
I2G-COMM1,I_I2G-COMM1,,,COMCOM Trading d.o.o,I,True,I_I2G-COMM1,COMCOM,0.000,1000.000,P,0.0213863,0.000,0.000,0.000,0.000,False,False,,,IFA2
I2G-CONS1,I_I2G-CONS1,,,Constellation Generation LTD,I,True,Constellation IFA2 Prod,EXGENLIM,0.000,1000.000,P,0.0213863,0.000,0.000,0.000,0.000,False,False,,,IFA2
I2G-CONV1,I_I2G-CONV1,,,Convex Energy GmbH,I,True,I2G-CONV1,GEAG,0.000,500.000,P,0.0213863,0.000,0.000,0.000,0.000,False,False,,,IFA2
I2G-COPN1,I_I2G-COPN1,,,Copenhagen Energy Trading A/S,I,True,CET_IFA2,CET1234,0.000,1000.000,P,0.0213863,0.000,0.000,0.000,0.000,False,False,,,IFA2
I2G-CURR1,I_I2G-CURR1,,,Current Commodities A/S,I,True,I_I2G-CURR1,CURRENT,0.000,2000.000,P,0.0213863,0.000,0.000,0.000,0.000,False,False,,,IFA2
I2G-DARE1,I_I2G-DARE1,,,Dare Power Ltd,I,True,I_I2G-DARE1,DARE,0.000,2000.000,P,0.0213863,0.000,0.000,0.000,0.000,False,False,,,IFA2
I2G-DMCC1,I_I2G-DMCC1,,,Cobblestone Energy DMCC,I,True,Cobblestone Energy DMCC,OLDKENT,0.000,1000.000,P,0.0213863,0.000,0.000,0.000,0.000,False,False,,,IFA2
I2G-DSKC1,I_I2G-DSKC1,,,Danske Commodities A/S,I,True,DC-IFA2-P,DANSKE,0.000,1500.000,P,0.0213863,0.000,0.000,0.000,0.000,False,False,,,IFA2
I2G-DUEN1,I_I2G-DUEN1,,,Duferco Energia S.p.A.,I,True,IF2_FR-UK,DUCEX123,0.000,200.000,P,0.0213863,0.000,0.000,0.000,0.000,False,False,,,IFA2
I2G-DUGE1,I_I2G-DUGE1,,,DXT Commodities SA,I,True,DXT FR-UK2,DUFENERG,0.000,1000.000,P,0.0213863,0.000,0.000,0.000,0.000,False,False,,,IFA2
I2G-DVAL1,I_I2G-DVAL1,,,DVALIN ApS,I,True,I_I2G-DVAL1,DVALIN,0.000,1000.000,P,0.0213863,0.000,0.000,0.000,0.000,False,False,,,IFA2
I2G-DVTD1,I_I2G-DVTD1,,,DV Trading (Europe) P/S,I,True,DV FRIFA2-GB,DVTRAD45,0.000,1000.000,P,0.0213863,0.000,0.000,0.000,0.000,False,False,,,IFA2
I2G-EDFT1,I_I2G-EDFT1,,,EDF TRADING LIMITED,I,True,EDFT IFA2 Generation,EDFT,0.000,1000.000,P,0.0213863,0.000,0.000,0.000,0.000,False,False,,,IFA2
I2G-EDMK1,I_I2G-EDMK1,,,Mind Energy A/S,I,True,Energidk2_G,ENERGIDK,0.000,1500.000,P,0.0213863,0.000,0.000,0.000,0.000,False,False,,,IFA2
I2G-EENG1,I_I2G-EENG1,,,Eio Energi ApS,I,True,I_I2G-EENG1,EIOENRGY,0.000,50.000,P,0.0213863,0.000,0.000,0.000,0.000,False,False,,,IFA2
I2G-ELEE1,I_I2G-ELEE1,,,Electrabel SA,I,True,I2G-ELEE1,ELECBEL,0.000,1000.000,P,0.0213863,0.000,0.000,0.000,0.000,False,False,,,IFA2
I2G-ELTR1,I_I2G-ELTR1,,,ElectroRoute Energy Trading,I,True,EETL IFA2 GBFR BMU,ELECTRO,0.000,1000.000,P,0.0213863,0.000,0.000,0.000,0.000,False,False,,,IFA2
I2G-ENBW1,I_I2G-ENBW1,,,EnBW Energie Ba-Wu AG,I,True,I_I2G-ENBW1,ENBWNPT,0.000,1000.000,P,0.0213863,0.000,0.000,0.000,0.000,False,False,,,IFA2
I2G-ENKI1,I_I2G-ENKI1,,,ENKI TRADING S.R.O.,I,True,NANOTRAD Gen,NANOTRD,0.000,500.000,P,0.0173987,0.000,0.000,0.000,0.000,False,False,,,IFA2
I2G-ENSC1,I_I2G-ENSC1,,,EnSCo Energy Services Company,I,True,Flow into UK,ENSCOAG,0.000,1000.000,P,0.0213863,0.000,0.000,0.000,0.000,False,False,,,IFA2
I2G-ENSP1,I_I2G-ENSP1,,,enspired GmbH,I,True,I2-ENSP-FROM-UK,ENSPIRED,0.000,1000.000,P,0.0213863,0.000,0.000,0.000,0.000,False,False,,,IFA2
I2G-ENTC1,I_I2G-ENTC1,,,Energetech Europe BV,I,True,ENTC1 to UK,ENERGETE,0.000,500.000,P,0.0161736,0.000,0.000,0.000,0.000,False,False,,,IFA2
I2G-ENZL1,I_I2G-ENZL1,,,ENZOL Energy Trading ApS,I,True,IFA2 flow INTO UK,ENZOL,0.000,800.000,P,0.0213863,0.000,0.000,0.000,0.000,False,False,,,IFA2
I2G-EPCO1,I_I2G-EPCO1,,,EP COMMODITIES A.S,I,True,EPCAS_IFA2_GEN,EPCAS,0.000,300.000,P,0.0213863,0.000,0.000,0.000,0.000,False,False,,,IFA2
I2G-EWII1,I_I2G-EWII1,,,EWII Energi A/S,I,True,EWII-IFA2-TO-UK,EWII6000,0.000,1000.000,P,0.0213863,0.000,0.000,0.000,0.000,False,False,,,IFA2
I2G-EXXO1,I_I2G-EXXO1,,,EXXONMOBIL GAS MARKETING,I,True,INTO UK,EM123,0.000,1000.000,P,0.0213863,0.000,0.000,0.000,0.000,False,False,,,IFA2
I2G-EZCO1,I_I2G-EZCO1,,,ENZEE Commodities A/S,I,True,Flow into UK,ENZEE,0.000,1000.000,P,0.0213863,0.000,0.000,0.000,0.000,False,False,,,IFA2
I2G-EZPD1,I_I2G-EZPD1,,,Ezpada AG,I,True,Ezpada AG,11XEZPAG,0.000,500.000,P,0.0213863,0.000,0.000,0.000,0.000,False,False,,,IFA2
I2G-FLEX1,I_I2G-FLEX1,,,Citadel FlexPower GmbH,I,True,I_I2G-FLEX1,FLXPWR,0.000,1000.000,P,0.0213863,0.000,0.000,0.000,0.000,False,False,,,IFA2
I2G-GASE1,I_I2G-GASE1,,,ENGIE GLOBAL MARKETS,I,True,IFA2 EGM flow FR-GB,GASELYS,0.000,1000.000,P,0.0213863,0.000,0.000,0.000,0.000,False,False,,,IFA2
I2G-GAZP1,I_I2G-GAZP1,,,SEFE Marketing & Trading LTD,I,True,GAZP_IFA2_G,GAZPROM,0.000,500.000,P,0.0213863,0.000,0.000,0.000,0.000,False,False,,,IFA2
I2G-GENI1,I_I2G-GENI1,,,"GEN-I, d.o.o.",I,True,Into UK,GENI,0.000,1000.000,P,0.0213863,0.000,0.000,0.000,0.000,False,False,,,IFA2
I2G-GLEN1,I_I2G-GLEN1,,,Glencore Energy UK Ltd,I,True,Flow into UK,GENUK,0.000,1000.000,P,0.0213863,0.000,0.000,0.000,0.000,False,False,,,IFA2
I2G-GRDC1,I_I2G-GRDC1,,,Grid Commodities ApS,I,True,I_I2G-GRDC1,GRIDCOM1,0.000,2000.000,P,0.0213863,0.000,0.000,0.000,0.000,False,False,,,IFA2
I2G-GRMC1,I_I2G-GRMC1,,,A/S Global Risk Management Ltd,I,True,Flows into the  UK,GRMC,0.000,1000.000,P,0.0160206,0.000,0.000,0.000,0.000,False,False,,,IFA2
I2G-GRMT1,I_I2G-GRMT1,,,A/S Global Risk Management Ltd,I,True,GRM,GLOBAL,0.000,500.000,P,0.0213863,0.000,0.000,0.000,0.000,False,False,,,IFA2
I2G-GUNV1,I_I2G-GUNV1,,,GIBV Geneva Branch,I,True,I_I2G-GUNV1,GUNVOR,0.000,1150.000,P,0.0213863,0.000,0.000,0.000,0.000,False,False,,,IFA2
I2G-HART1,I_I2G-HART1,,,HAPPGCO,I,True,Flow into UK,HEPGCO,0.000,1000.000,P,0.0213863,0.000,0.000,0.000,0.000,False,False,,,IFA2
I2G-HELI1,I_I2G-HELI1,,,Helios Power Trading A/S,I,True,HELIOS IFA2 GEN,HELIOS,0.000,1000.000,P,0.0213863,0.000,0.000,0.000,0.000,False,False,,,IFA2
I2G-IBES1,I_I2G-IBES1,,,Iberdrola Energia Espana S.AU.,I,True,IBES_IFA2_GEN,IBEGENES,0.000,1000.000,P,0.0213863,0.000,0.000,0.000,0.000,False,False,,,IFA2
I2G-IDCT1,I_I2G-IDCT1,,,Inductive Energy A/S,I,True,Induct_IFA2UK,INDUCTIV,0.000,1000.000,P,0.0213863,0.000,0.000,0.000,0.000,False,False,,,IFA2
I2G-IMPT1,I_I2G-IMPT1,,,Impact Energy Trading A/S,I,True,Flow into UK,IMPACT25,0.000,1000.000,P,0.0213863,0.000,0.000,0.000,0.000,False,False,,,IFA2
I2G-IMTC1,I_I2G-IMTC1,,,IMC Trading BV NL Denmark,I,True,I_I2G-IMTC1,IMCTRADK,0.000,2000.000,P,0.0213863,0.000,0.000,0.000,0.000,False,False,,,IFA2
I2G-INCM1,I_I2G-INCM1,,,IN COMMODITIES A/S,I,True,IFA2INCOMASP,INCOMAS,0.000,1000.000,P,0.0213863,0.000,0.000,0.000,0.000,False,False,,,IFA2
I2G-JWME1,I_I2G-JWME1,,,JWM Energia,I,True,I_I2G-JWME1,JWM,0.000,1000.000,P,0.0213863,0.000,0.000,0.000,0.000,False,False,,,IFA2
I2G-KVAS1,I_I2G-KVAS1,,,Kvasir Technologies,I,True,I_I2G-KVAS1,KVASIR,0.000,50.000,P,0.0213863,0.000,0.000,0.000,0.000,False,False,,,IFA2
I2G-MCRA1,I_I2G-MCRA1,,,Mercuria Energy Trading SA,I,True,Mercuria flow into UK,METSA,0.000,1000.000,P,0.0213863,0.000,0.000,0.000,0.000,False,False,,,IFA2
I2G-MELT1,I_I2G-MELT1,,,Metlen International AG,I,True,MITCO IFA2-GB,MITCOAG1,0.000,1000.000,P,0.0213863,0.000,0.000,0.000,0.000,False,False,,,IFA2
I2G-METL1,I_I2G-METL1,,,Metlen International AG,I,True,MITCO IFA2-GB,MITCOAG1,0.000,1000.000,P,0.0160652,0.000,0.000,0.000,0.000,False,False,,,IFA2
I2G-MFTE1,I_I2G-MFTE1,,,MFT Energy A/S,I,True,MFT IFA2 generation,MFTE,0.000,1000.000,P,0.0213863,0.000,0.000,0.000,0.000,False,False,,,IFA2
I2G-MQBN1,I_I2G-MQBN1,,,Macquarie Bank Limited,I,True,Macquarie Bank IFA2,MBLLO,0.000,1000.000,P,0.0213863,0.000,0.000,0.000,0.000,False,False,,,IFA2
I2G-NDPL1,I_I2G-NDPL1,,,European Market Coupling,I,True,NDPL-IFA2-P,NORDPOOL,0.000,1100.000,P,0.0178854,0.000,0.000,0.000,0.000,False,False,,,IFA2
I2G-NEAS1,I_I2G-NEAS1,,,Centrica Energy Trading A/S,I,True,IF2NEASGEN,NEAS,0.000,2000.000,P,0.0213863,0.000,0.000,0.000,0.000,False,False,,,IFA2
I2G-NEHO1,I_I2G-NEHO1,,,Nordic Energy House ApS,I,True,IFA2 NEH-G,NEH,0.000,1000.000,P,0.0213863,0.000,0.000,0.000,0.000,False,False,,,IFA2
I2G-NITR1,I_I2G-NITR1,,,Nitor Energy A/S,I,True,IFA2 INTO UK,NIREX,0.000,1000.000,P,0.0213863,0.000,0.000,0.000,0.000,False,False,,,IFA2
I2G-NORL1,I_I2G-NORL1,,,Norlys Energy Trading A/S,I,True,NORLYS_IFA2_P,NORLYS,0.000,2000.000,P,0.0213863,0.000,0.000,0.000,0.000,False,False,,,IFA2
I2G-NTPL1,I_I2G-NTPL1,,,Northpool BV,I,True,I_I2G-NTPL1,NORTHPL,0.000,1000.000,P,0.0213863,0.000,0.000,0.000,0.000,False,False,,,IFA2
I2G-NVAL1,I_I2G-NVAL1,,,Nvalue AG,I,True,NVALUE IMPORT2,NVALUE,0.000,500.000,P,0.0239908,0.000,0.000,0.000,0.000,False,False,,,IFA2
I2G-OMPX1,I_I2G-OMPX1,,,Ompex AG,I,True,OMPEX_IFA2_FR-GB,OMPEX,0.000,1000.000,P,0.0213863,0.000,0.000,0.000,0.000,False,False,,,IFA2
I2G-OPMX1,I_I2G-OPMX1,,,Optimax Energy GmbH,I,True,I_I2G-OPMX1,OPTIMAX,0.000,1000.000,P,0.0213863,0.000,0.000,0.000,0.000,False,False,,,IFA2
I2G-OUTL1,I_I2G-OUTL1,,,Outlook Energy Ltd,I,True,I_I2G-OUTL1,OUTLOOK,0.000,2000.000,P,0.0213863,0.000,0.000,0.000,0.000,False,False,,,IFA2
I2G-PEAK1,I_I2G-PEAK1,,,Peak Gen Top Co Limited,I,True,PGIFA2 Generation,PEAKGEN,0.000,1000.000,P,0.0213863,0.000,0.000,0.000,0.000,False,False,,,IFA2
I2G-PETC1,I_I2G-PETC1,,,PETROCHINA INTL LONDON CO. LTD,I,True,PCIL FR TO UK IFA2,PETCHINA,0.000,1000.000,P,0.0213863,0.000,0.000,0.000,0.000,False,False,,,IFA2
I2G-PLAN1,I_I2G-PLAN1,,,BCM Energy,I,True,I_I2G-PLAN1,BCMENERG,0.000,400.000,P,0.0164654,0.000,0.000,0.000,0.000,False,False,,,IFA2
I2G-PREP1,I_I2G-PREP1,,,Yuno Limited,I,True,Prepay INTO UK,OPAL0516,0.000,1000.000,P,0.0213863,0.000,0.000,0.000,0.000,False,False,,,IFA2
I2G-PURE1,I_I2G-PURE1,,,pure.energy GmbH,I,True,I_I2G-PURE1,PUREEN,0.000,2000.000,P,0.0213863,0.000,0.000,0.000,0.000,False,False,,,IFA2
I2G-PWMR1,I_I2G-PWMR1,,,PowerMart ApS,I,True,IFA2 IMPORT,POMA,0.000,1000.000,P,0.0213863,0.000,0.000,0.000,0.000,False,False,,,IFA2
I2G-QTPT1,I_I2G-QTPT1,,,Quantum Power Trading,I,True,QPT INTO UK,QPT,0.000,1000.000,P,0.0213863,0.000,0.000,0.000,0.000,False,False,,,IFA2
I2G-QUAR1,I_I2G-QUAR1,,,Quark Energy Trading Limited,I,True,IFA2 GEN,QUARKET,0.000,1000.000,P,0.0213863,0.000,0.000,0.000,0.000,False,False,,,IFA2
I2G-QUEN1,I_I2G-QUEN1,,,QUENT ApS,I,True,Flow INTO UK,QUENT,0.000,1000.000,P,0.0213863,0.000,0.000,0.000,0.000,False,False,,,IFA2
I2G-RESP1,I_I2G-RESP1,,,RESPECT ENERGY S.A.,I,True,RESA-IFA2-IU,RESA,0.000,700.000,P,0.0213863,0.000,0.000,0.000,0.000,False,False,,,IFA2
I2G-RISQ1,I_I2G-RISQ1,,,Risq Energy Limited,I,True,RISQ to the UK,RISQ,0.000,1000.000,P,0.0213863,0.000,0.000,0.000,0.000,False,False,,,IFA2
I2G-RWES1,I_I2G-RWES1,,,RWE Supply and Trading GmbH,I,True,RWEST IFA2 Import,RWE,0.000,1000.000,P,0.0213863,0.000,0.000,0.000,0.000,False,False,,,IFA2
I2G-SEAG1,I_I2G-SEAG1,,,Seagull Energy Trading,I,True,I_I2G-SEAG1,SEAGULL,0.000,2000.000,P,0.0213863,0.000,0.000,0.000,0.000,False,False,,,IFA2
I2G-SECF1,I_I2G-SECF1,,,Second Foundation Trading AG,I,True,IFA2 Gen,TRISOLAR,0.000,200.000,P,0.0213863,0.000,0.000,0.000,0.000,False,False,,,IFA2
I2G-SETL1,I_I2G-SETL1,,,Shell Energy Europe Limited,I,True,I_I2G-SETL1,SHELL2,0.000,1000.000,P,0.0213863,0.000,0.000,0.000,0.000,False,False,,,IFA2
I2G-SIRI1,I_I2G-SIRI1,,,Sirius Energy SA,I,True,I_I2G-SIRI1,SIRIUSEN,0.000,1000.000,P,0.0213863,0.000,0.000,0.000,0.000,False,False,,,IFA2
I2G-SSEG1,I_I2G-SSEG1,,,SSE Energy Supply Limited,I,True,SSE EUI-IFA2 NLGB,SSE,0.000,0.000,P,0.0213863,0.000,0.000,0.000,0.000,False,False,,,IFA2
I2G-STAT1,I_I2G-STAT1,,,Statkraft Markets Gmbh,I,True,IFA2 Import,STATKRA1,0.000,1000.000,P,0.0213863,0.000,0.000,0.000,0.000,False,False,,,IFA2
I2G-STGS1,I_I2G-STGS1,,,STG Switzerland GmbH,I,True,STG CH IFA2 FR-GB,STG8T4R,0.000,1000.000,P,0.0213863,0.000,0.000,0.000,0.000,False,False,,,IFA2
I2G-TGPL1,I_I2G-TGPL1,,,TotalEnergies Gas & Power Ltd,I,True,IFA2 (UK to FR Flow),TFEGP,0.000,1000.000,P,0.0213863,0.000,0.000,0.000,0.000,False,False,,,IFA2
I2G-TILD1,I_I2G-TILD1,,,Tilde Energy Trading A/S,I,True,I_I2G-TILD1,TILDEET,0.000,1000.000,P,0.0213863,0.000,0.000,0.000,0.000,False,False,,,IFA2
I2G-TRFD1,I_I2G-TRFD1,,,Trafigura Denmark ApS,I,True,IFA2_IM,TRAFDK23,0.000,1000.000,P,0.0213863,0.000,0.000,0.000,0.000,False,False,,,IFA2
I2G-TRFG1,I_I2G-TRFG1,,,Trafigura Trading Sarl,I,True,IFA2_IM,TRAF,0.000,1000.000,P,0.0213863,0.000,0.000,0.000,0.000,False,False,,,IFA2
I2G-TRGY1,I_I2G-TRGY1,,,Tradergy S. L.,I,True,Flow into UK,TRADERGY,0.000,1400.000,P,0.0213863,0.000,0.000,0.000,0.000,False,False,,,IFA2
I2G-TRLS1,I_I2G-TRLS1,,,Engelhart CTP Renewables GmbH,I,True,IFA2_TSR_G,GREENPWR,0.000,1000.000,P,0.0213863,0.000,0.000,0.000,0.000,False,False,,,IFA2
I2G-TRSI1,I_I2G-TRSI1,,,Trasteel International SA,I,True,Flow INTO UK,TRAINT,0.000,1000.000,P,0.0213863,0.000,0.000,0.000,0.000,False,False,,,IFA2
I2G-VOLT1,I_I2G-VOLT1,,,Volta Energy DAC,I,True,IFA2 INTO UK,VOLTADAC,0.000,250.000,P,0.0213863,0.000,0.000,0.000,0.000,False,False,,,IFA2
I2G-VSAL1,I_I2G-VSAL1,,,VITOL SA,I,True,I_I2G-VSAL1,VITOLSA,0.000,1000.000,P,0.0213863,0.000,0.000,0.000,0.000,False,False,,,IFA2
I2G-VTET1,I_I2G-VTET1,,,Vattenfall Energy Trading,I,True,VET-IFA2_G,VTS,0.000,1000.000,P,0.0213863,0.000,0.000,0.000,0.000,False,False,,,IFA2
I2G-VTUS1,I_I2G-VTUS1,,,Vitus Capital AG,I,True,I2G-VTUS1_INTOFR,MONOCAP7,0.000,300.000,P,0.0213863,0.000,0.000,0.000,0.000,False,False,,,IFA2
I2G-WOLF1,I_I2G-WOLF1,,,Wolfram Trading ApS,I,True,WT IFA2 Export BMU,WT74183,0.000,800.000,P,0.0213863,0.000,0.000,0.000,0.000,False,False,,,IFA2
I2G-XNON1,I_I2G-XNON1,,,XENON CAPITAL MARKETS LTD,I,True,XENON-I2G-P,XENON,0.000,1000.000,P,0.0213863,0.000,0.000,0.000,0.000,False,False,,,IFA2
IBD-AARH1,I_IBD-AARH1,,,Aarhus Energy A/S,I,True,BRITNEDAARHUSEC,AARHUSE,-400.000,0.000,C,0.0130857,0.000,0.000,0.000,0.000,False,False,,,BRITNED
IBD-ALIP1,I_IBD-ALIP1,,,Energetick ApS,I,True,Flow from UK,ALPSNRG,-100.000,0.000,C,0.0130857,0.000,0.000,0.000,0.000,False,False,,,BRITNED
IBD-ALPE1,I_IBD-ALPE1,,,Alpha Energy ApS,I,True,BritNed  Demand,ALPHAENE,-500.000,0.000,C,0.0130857,0.000,0.000,0.000,0.000,False,False,,,BRITNED
IBD-ALPQ1,I_IBD-ALPQ1,,,Alpiq AG,I,True,I_IBD-ALPQ1,ALPIQ,-1000.000,0.000,C,0.0130857,0.000,0.000,0.000,0.000,False,False,,,BRITNED
IBD-ARON1,I_IBD-ARON1,,,J.Aron & Company,I,True,BritNed Jaron GB-NL Flow,JARON,-1000.000,0.000,C,0.0130857,0.000,0.000,0.000,0.000,False,False,,,BRITNED
IBD-AROS1,I_IBD-AROS1,,,Arosource ApS,I,True,AROS Flow FROM UK,AROSOURC,-1000.000,0.000,C,0.0130857,0.000,0.000,0.000,0.000,False,False,,,BRITNED
IBD-ARTH1,I_IBD-ARTH1,,,Aarhus Trading A/S,I,True,I_IBD-ARTH1,ATAS,-1000.000,0.000,C,0.0130857,0.000,0.000,0.000,0.000,False,False,,,BRITNED
IBD-ATLS1,I_IBD-ATLS1,,,Atlas Energy DAC,I,True,Atlas GB-NL,AED75443,-1000.000,0.000,C,0.0130857,0.000,0.000,0.000,0.000,False,False,,,BRITNED
IBD-BAYW1,I_IBD-BAYW1,,,Baywa r.e. Energy Trading GmbH,I,True,Flow from UK over Britned,B9R3T560,-1000.000,0.000,C,0.0130857,0.000,0.000,0.000,0.000,False,False,,,BRITNED
IBD-BDEN1,I_IBD-BDEN1,,,BD Energy A/S,I,True,BDE FROM UK,BDENERGY,-720.000,0.000,C,0.0130857,0.000,0.000,0.000,0.000,False,False,,,BRITNED
IBD-BKWE1,I_IBD-BKWE1,,,BKW Energie AG,I,True,BWK flows from UK,BKW,-1000.000,0.000,C,0.0130857,0.000,0.000,0.000,0.000,False,False,,,BRITNED
IBD-BPGE1,I_IBD-BPGE1,,,BP Gas Marketing Limited,I,True,BPGM Britned Demand,BPGAS,-1000.000,0.000,C,0.0130857,0.000,0.000,0.000,0.000,False,False,,,BRITNED
IBD-BRTN1,I_IBD-BRTN1,,,BritNed Development Ltd,I,True,BritNed_Dem,BRITNED,-1200.000,0.000,C,0.0130857,0.000,0.000,0.000,0.000,False,False,,,BRITNED
IBD-CACM1,I_IBD-CACM1,,,C A Commodities A/S,I,True,Britned CACOMAS INTO UK,CACOMAS,-1000.000,0.000,C,0.0130857,0.000,0.000,0.000,0.000,False,False,,,BRITNED
IBD-CBST1,I_IBD-CBST1,,,Cobblestone Energy,I,True,Cobblestone Energy Ltd,CBBLESTN,-1000.000,0.000,C,0.0130857,0.000,0.000,0.000,0.000,False,False,,,BRITNED
IBD-CCME1,I_IBD-CCME1,,,Castleton Commodities Europe,I,True,CCME FROM UK,CASTLEEU,-1000.000,0.000,C,0.0130857,0.000,0.000,0.000,0.000,False,False,,,BRITNED
IBD-CENT1,I_IBD-CENT1,,,Centrica Energy Limited,I,True,CENTRICA BRITNED,ACCORD,-1000.000,0.000,C,0.0130857,0.000,0.000,0.000,0.000,False,False,,,BRITNED
IBD-CETA1,I_IBD-CETA1,,,Cross Options International IV,I,True,CETAM Demand,CETAM,-1000.000,0.000,C,0.0130857,0.000,0.000,0.000,0.000,False,False,,,BRITNED
IBD-CEZC1,I_IBD-CEZC1,,,CEZ A.S,I,True,BRITNED Export,45274649,-1000.000,0.000,C,0.0130857,0.000,0.000,0.000,0.000,False,False,,,BRITNED
IBD-CFPE1,I_IBD-CFPE1,,,CFP Commodities Limited,I,True,I_IBD-CFPE1,CFPC1,-1000.000,0.000,C,0.0130857,0.000,0.000,0.000,0.000,False,False,,,BRITNED
IBD-CGML1,I_IBD-CGML1,,,Citigroup Global Markets Ltd,I,True,IBD-CGML1,CGML2007,-1000.000,0.000,C,0.0130857,0.000,0.000,0.000,0.000,False,False,,,BRITNED
IBD-CNGS1,I_IBD-CNGS1,,,Cenergise Limited,I,True,CNGS_D_BRITNED,CEGISE,-1000.000,0.000,C,0.0087752,0.000,0.000,0.000,0.000,False,False,,,BRITNED
IBD-COMM1,I_IBD-COMM1,,,COMCOM Trading d.o.o,I,True,I_IBD-COMM1,COMCOM,-1000.000,0.000,C,0.0130857,0.000,0.000,0.000,0.000,False,False,,,BRITNED
IBD-CONS1,I_IBD-CONS1,,,Constellation Generation LTD,I,True,Constellation BritNed Cons,EXGENLIM,-1000.000,0.000,C,0.0130857,0.000,0.000,0.000,0.000,False,False,,,BRITNED
IBD-CONV1,I_IBD-CONV1,,,Convex Energy GmbH,I,True,IBD-CONV1,GEAG,-500.000,0.000,C,0.0130857,0.000,0.000,0.000,0.000,False,False,,,BRITNED
IBD-COPN1,I_IBD-COPN1,,,Copenhagen Energy Trading A/S,I,True,CET_BN,CET1234,-1000.000,0.000,C,0.0130857,0.000,0.000,0.000,0.000,False,False,,,BRITNED
IBD-CURR1,I_IBD-CURR1,,,Current Commodities A/S,I,True,I_IBD-CURR1,CURRENT,-1044.000,0.000,C,0.0130857,0.000,0.000,0.000,0.000,False,False,,,BRITNED
IBD-DARE1,I_IBD-DARE1,,,Dare Power Ltd,I,True,I_IBD-DARE1,DARE,-2000.000,0.000,C,0.0130857,0.000,0.000,0.000,0.000,False,False,,,BRITNED
IBD-DMCC1,I_IBD-DMCC1,,,Cobblestone Energy DMCC,I,True,Cobblestone Energy DMCC,OLDKENT,-1000.000,0.000,C,0.0130857,0.000,0.000,0.000,0.000,False,False,,,BRITNED
IBD-DNGN1,I_IBD-DNGN1,,,Orsted Salg & Service A/S,I,True,IBD-DNGN1,DEEM1000,-1000.000,0.000,C,0.0130857,0.000,0.000,0.000,0.000,False,False,,,BRITNED
IBD-DSKC1,I_IBD-DSKC1,,,Danske Commodities A/S,I,True,DC-BRITNED-C,DANSKE,-1114.470,0.000,C,0.0130857,0.000,0.000,0.000,0.000,False,False,,,BRITNED
IBD-DUFE1,I_IBD-DUFE1,,,DXT Commodities SA,I,True,DXT UK-NL,DUFENERG,-1000.000,0.000,C,0.0130857,0.000,0.000,0.000,0.000,False,False,,,BRITNED
IBD-DVAL1,I_IBD-DVAL1,,,DVALIN ApS,I,True,IC-Dvalin-Britned-Dem,DVALIN,-1000.000,0.000,C,0.0130857,0.000,0.000,0.000,0.000,False,False,,,BRITNED
IBD-DVTD1,I_IBD-DVTD1,,,DV Trading (Europe) P/S,I,True,DV GB-NL,DVTRAD45,-1000.000,0.000,C,0.0130857,0.000,0.000,0.000,0.000,False,False,,,BRITNED
IBD-EDFT1,I_IBD-EDFT1,,,EDF TRADING LIMITED,I,True,EDF Trading - BritNed,EDFT,-1000.000,0.000,C,0.0130857,0.000,0.000,0.000,0.000,False,False,,,BRITNED
IBD-EDMK1,I_IBD-EDMK1,,,Mind Energy A/S,I,True,Energidk_D,ENERGIDK,-1400.000,0.000,C,0.0130857,0.000,0.000,0.000,0.000,False,False,,,BRITNED
IBD-EGLE1,I_IBD-EGLE1,,,Axpo Solutions AG,I,True,AXPO,EGL,-300.000,0.000,C,0.0130857,0.000,0.000,0.000,0.000,False,False,,,BRITNED
IBD-ELEE1,I_IBD-ELEE1,,,Electrabel SA,I,True,IBD-ELEE1,ELECBEL,-1000.000,0.000,C,0.0130857,0.000,0.000,0.000,0.000,False,False,,,BRITNED
IBD-ELTR1,I_IBD-ELTR1,,,ElectroRoute Energy Trading,I,True,EETL BritNed GBNL BMU,ELECTRO,-1200.000,0.000,C,0.0130857,0.000,0.000,0.000,0.000,False,False,,,BRITNED
IBD-ENBW1,I_IBD-ENBW1,,,EnBW Energie Ba-Wu AG,I,True,I_IBD-ENBW1,ENBWNPT,-2000.000,0.000,C,0.0130857,0.000,0.000,0.000,0.000,False,False,,,BRITNED
IBD-ENEL1,I_IBD-ENEL1,,,Enel Global Trading S.P.A,I,True,EnelTradeBritned,ENELTRAD,-2000.000,0.000,C,0.0130857,0.000,0.000,0.000,0.000,False,False,,,BRITNED
IBD-ENET1,I_IBD-ENET1,,,Eneco Energy Trade,I,True,I_IBD-ENET1,ENECOUK,-304.500,0.000,C,0.0130857,0.000,0.000,0.000,0.000,False,False,,,BRITNED
IBD-ENGM1,I_IBD-ENGM1,,,ENGIE GLOBAL MARKETS,I,True,BritNed EGM flow GB-NL,GASELYS,-1000.000,0.000,C,0.0130857,0.000,0.000,0.000,0.000,False,False,,,BRITNED
IBD-ENSP1,I_IBD-ENSP1,,,enspired GmbH,I,True,BN-ENSP-FROM-UK,ENSPIRED,-1000.000,0.000,C,0.0130857,0.000,0.000,0.000,0.000,False,False,,,BRITNED
IBD-ENTC1,I_IBD-ENTC1,,,Energetech Europe BV,I,True,ENTC1 from UK,ENERGETE,-500.000,0.000,C,0.0072396,0.000,0.000,0.000,0.000,False,False,,,BRITNED
IBD-ENZL1,I_IBD-ENZL1,,,ENZOL Energy Trading ApS,I,True,BritNed flow FROM UK,ENZOL,-800.000,0.000,C,0.0130857,0.000,0.000,0.000,0.000,False,False,,,BRITNED
IBD-EOET1,I_IBD-EOET1,,,Uniper Global Commodities SE,I,True,I_IBD-EOET1,EONETRAD,-500.000,0.000,C,0.0130857,0.000,0.000,0.000,0.000,False,False,,,BRITNED
IBD-EPCO1,I_IBD-EPCO1,,,EP COMMODITIES A.S,I,True,EPCAS BRITNED DEM,EPCAS,-300.000,0.000,C,0.0130857,0.000,0.000,0.000,0.000,False,False,,,BRITNED
IBD-ERVA1,I_IBD-ERVA1,,,Erova Energy Limited,I,True,EROVA_D_BRTND,EROVAIRL,-500.000,0.000,C,0.0130857,0.000,0.000,0.000,0.000,False,False,,,BRITNED
IBD-EWII1,I_IBD-EWII1,,,EWII Energi A/S,I,True,EWII-UK-TO-NL,EWII6000,-1000.000,0.000,C,0.0130857,0.000,0.000,0.000,0.000,False,False,,,BRITNED
IBD-EZC01,I_IBD-EZC01,,,ENZEE Commodities A/S,I,True,Flow from UK,ENZEE,-1000.000,0.000,C,0.0118836,0.000,0.000,0.000,0.000,False,False,,,BRITNED
IBD-EZCO1,I_IBD-EZCO1,,,ENZEE Commodities A/S,I,True,Flow from UK,ENZEE,-1000.000,0.000,C,0.0130857,0.000,0.000,0.000,0.000,False,False,,,BRITNED
IBD-EZPD1,I_IBD-EZPD1,,,Ezpada AG,I,True,Ezpada from UK,11XEZPAG,-500.000,0.000,C,0.0130857,0.000,0.000,0.000,0.000,False,False,,,BRITNED
IBD-FLEX1,I_IBD-FLEX1,,,Citadel FlexPower GmbH,I,True,Flow from UK,FLXPWR,-1400.000,0.000,C,0.0130857,0.000,0.000,0.000,0.000,False,False,,,BRITNED
IBD-FPCD1,I_IBD-FPCD1,,,Freepoint Commodities Europe,I,True,IBD-FPCD1,FREEPNT,-250.000,0.000,C,0.0130857,0.000,0.000,0.000,0.000,False,False,,,BRITNED
IBD-GAZP1,I_IBD-GAZP1,,,SEFE Marketing & Trading LTD,I,True,BritNed GM&T Demand,GAZPROM,-2000.000,0.000,C,0.0130857,0.000,0.000,0.000,0.000,False,False,,,BRITNED
IBD-GENI1,I_IBD-GENI1,,,"GEN-I, d.o.o.",I,True,From UK,GENI,-1016.000,0.000,C,0.0130857,0.000,0.000,0.000,0.000,False,False,,,BRITNED
IBD-GLEN1,I_IBD-GLEN1,,,Glencore Energy UK Ltd,I,True,Flow from UK,GENUK,-1000.000,0.000,C,0.0130857,0.000,0.000,0.000,0.000,False,False,,,BRITNED
IBD-GRMC1,I_IBD-GRMC1,,,A/S Global Risk Management Ltd,I,True,Flows out of  the UK,GRMC,-1000.000,0.000,C,0.0084878,0.000,0.000,0.000,0.000,False,False,,,BRITNED
IBD-GRMT1,I_IBD-GRMT1,,,A/S Global Risk Management Ltd,I,True,Global flow FROM UK,GLOBAL,-300.000,0.000,C,0.0130857,0.000,0.000,0.000,0.000,False,False,,,BRITNED
IBD-GRNC1,I_IBD-GRNC1,,,Greenchoice B.V.,I,True,GRC GB-NL,GREENCHO,-1000.000,0.000,C,0.0130857,0.000,0.000,0.000,0.000,False,False,,,BRITNED
IBD-GUNV1,I_IBD-GUNV1,,,GIBV Geneva Branch,I,True,I_IBD-GUNV1,GUNVOR,-2400.000,0.000,C,0.0130857,0.000,0.000,0.000,0.000,False,False,,,BRITNED
IBD-HART1,I_IBD-HART1,,,HAPPGCO,I,True,Flow from UK,HEPGCO,-1000.000,0.000,C,0.0130857,0.000,0.000,0.000,0.000,False,False,,,BRITNED
IBD-HELI1,I_IBD-HELI1,,,Helios Power Trading A/S,I,True,HELIOS BRITNED DEM,HELIOS,-1000.000,0.000,C,0.0130857,0.000,0.000,0.000,0.000,False,False,,,BRITNED
IBD-IBES1,I_IBD-IBES1,,,Iberdrola Energia Espana S.AU.,I,True,IBD_BRITNED_DEM,IBEGENES,-1000.000,0.000,C,0.0130857,0.000,0.000,0.000,0.000,False,False,,,BRITNED
IBD-IDCE1,I_IBD-IDCE1,,,DC Energy Trading V.O.F.,I,True,Britned DC-D,DC,-1000.000,0.000,C,0.0130857,0.000,0.000,0.000,0.000,False,False,,,BRITNED
IBD-IDCT1,I_IBD-IDCT1,,,Inductive Energy A/S,I,True,Induct_UKBN,INDUCTIV,-1016.000,0.000,C,0.0130857,0.000,0.000,0.000,0.000,False,False,,,BRITNED
IBD-IMPT1,I_IBD-IMPT1,,,Impact Energy Trading A/S,I,True,Flow from UK,IMPACT25,-1000.000,0.000,C,0.0130857,0.000,0.000,0.000,0.000,False,False,,,BRITNED
IBD-IMTC1,I_IBD-IMTC1,,,IMC Trading BV NL Denmark,I,True,I_IBD-IMTC1,IMCTRADK,-1000.000,0.000,C,0.0130857,0.000,0.000,0.000,0.000,False,False,,,BRITNED
IBD-INCM1,I_IBD-INCM1,,,IN COMMODITIES A/S,I,True,BRITNEDINCOMASC,INCOMAS,-1000.000,0.000,C,0.0130857,0.000,0.000,0.000,0.000,False,False,,,BRITNED
IBD-JWME1,I_IBD-JWME1,,,JWM Energia,I,True,I_IBD-JWME1,JWM,-1000.000,0.000,C,0.0130857,0.000,0.000,0.000,0.000,False,False,,,BRITNED
IBD-KCST1,I_IBD-KCST1,,,KOCH SUPPLY & TRADING SARL,I,True,BN_DEM,KSARL,-1000.000,0.000,C,0.0130857,0.000,0.000,0.000,0.000,False,False,,,BRITNED
IBD-KRIA1,I_IBD-KRIA1,,,Kria Energy ehf,I,True,I_IBD-KRIA1,KRIAENER,-1000.000,0.000,C,0.0130857,0.000,0.000,0.000,0.000,False,False,,,BRITNED
IBD-KVAS1,I_IBD-KVAS1,,,Kvasir Technologies,I,True,I_IBD-KVAS1,KVASIR,-1000.000,0.000,C,0.0130857,0.000,0.000,0.000,0.000,False,False,,,BRITNED
IBD-LTFD1,I_IBD-LTFD1,,,LIGHTFIELD LTD,I,True,LIGHTFLD_BRITNED_FROM_UK,LIGHTFLD,-1000.000,0.000,C,0.0130857,0.000,0.000,0.000,0.000,False,False,,,BRITNED
IBD-MCRA1,I_IBD-MCRA1,,,Mercuria Energy Trading SA,I,True,IBDMCRA1,METSA,0.000,0.000,C,0.0130857,0.000,0.000,0.000,0.000,False,False,,,BRITNED
IBD-MFTE1,I_IBD-MFTE1,,,MFT Energy A/S,I,True,MFT demand,MFTE,-1200.000,0.000,C,0.0130857,0.000,0.000,0.000,0.000,False,False,,,BRITNED
IBD-MONL1,I_IBD-MONL1,,,Vitus Capital AG,I,True,IBD-MONL1_FROMUK,MONOCAP7,-300.000,0.000,C,0.0130857,0.000,0.000,0.000,0.000,False,False,,,BRITNED
IBD-NEAS1,I_IBD-NEAS1,,,Centrica Energy Trading A/S,I,True,IBNEASDEM,NEAS,-2000.000,0.000,C,0.0130857,0.000,0.000,0.000,0.000,False,False,,,BRITNED
IBD-NEHO1,I_IBD-NEHO1,,,Nordic Energy House ApS,I,True,BN NEH-D,NEH,-1000.000,0.000,C,0.0130857,0.000,0.000,0.000,0.000,False,False,,,BRITNED
IBD-NITR1,I_IBD-NITR1,,,Nitor Energy A/S,I,True,Netherlands FROM UK,NIREX,-1000.000,0.000,C,0.0130857,0.000,0.000,0.000,0.000,False,False,,,BRITNED
IBD-NORL1,I_IBD-NORL1,,,Norlys Energy Trading A/S,I,True,NORLYS_BRITNED_C,NORLYS,-2000.000,0.000,C,0.0130857,0.000,0.000,0.000,0.000,False,False,,,BRITNED
IBD-NTPL1,I_IBD-NTPL1,,,Northpool BV,I,True,I_IBD-NTPL1,NORTHPL,-1200.000,0.000,C,0.0130857,0.000,0.000,0.000,0.000,False,False,,,BRITNED
IBD-OMPX1,I_IBD-OMPX1,,,Ompex AG,I,True,OMPEX_BRITNED_GB-NL,OMPEX,-1000.000,0.000,C,0.0130857,0.000,0.000,0.000,0.000,False,False,,,BRITNED
IBD-OPMX1,I_IBD-OPMX1,,,Optimax Energy GmbH,I,True,I_BRITNED_IBD-OPMX1,OPTIMAX,-1000.000,0.000,C,0.0130857,0.000,0.000,0.000,0.000,False,False,,,BRITNED
IBD-OUTL1,I_IBD-OUTL1,,,Outlook Energy Ltd,I,True,I_IBD-OUTL1,OUTLOOK,-2000.000,0.000,C,0.0130857,0.000,0.000,0.000,0.000,False,False,,,BRITNED
IBD-PETC1,I_IBD-PETC1,,,PETROCHINA INTL LONDON CO. LTD,I,True,PCIL from the UK,PETCHINA,-1000.000,0.000,C,0.0130857,0.000,0.000,0.000,0.000,False,False,,,BRITNED
IBD-PTRS1,I_IBD-PTRS1,,,PetroChina International,I,True,PETRIN-IFND,PETRIN,-1000.000,0.000,C,0.0231229,0.000,0.000,0.000,0.000,False,False,,,BRITNED
IBD-PURE1,I_IBD-PURE1,,,pure.energy GmbH,I,True,I_IBD-PURE1,PUREEN,-2000.000,0.000,C,0.0130857,0.000,0.000,0.000,0.000,False,False,,,BRITNED
IBD-PWMR1,I_IBD-PWMR1,,,PowerMart ApS,I,True,BRITNED EXPORT,POMA,-1000.000,0.000,C,0.0130857,0.000,0.000,0.000,0.000,False,False,,,BRITNED
IBD-PZEM1,I_IBD-PZEM1,,,EP Commodities B.V.,I,True,Britned PZEM-D,PZEM,-1000.000,0.000,C,0.0130857,0.000,0.000,0.000,0.000,False,False,,,BRITNED
IBD-QTPT1,I_IBD-QTPT1,,,Quantum Power Trading,I,True,QPT FROM UK,QPT,-1000.000,0.000,C,0.0130857,0.000,0.000,0.000,0.000,False,False,,,BRITNED
IBD-QUAN1,I_IBD-QUAN1,,,Quant Partners ApS,I,True,QP_BN_D,QPARTNER,-1000.000,0.000,C,0.0130857,0.000,0.000,0.000,0.000,False,False,,,BRITNED
IBD-QUAR1,I_IBD-QUAR1,,,Quark Energy Trading Limited,I,True,BRITNED DEMAND,QUARKET,-1000.000,0.000,C,0.0130857,0.000,0.000,0.000,0.000,False,False,,,BRITNED
IBD-QUEN1,I_IBD-QUEN1,,,QUENT ApS,I,True,Flow FROM UK,QUENT,-50.000,0.000,C,0.0130857,0.000,0.000,0.000,0.000,False,False,,,BRITNED
IBD-RESP1,I_IBD-RESP1,,,RESPECT ENERGY S.A.,I,True,RESA-BN-FU,RESA,-700.000,0.000,C,0.0130857,0.000,0.000,0.000,0.000,False,False,,,BRITNED
IBD-RISQ1,I_IBD-RISQ1,,,Risq Energy Limited,I,True,RISQ from the UK,RISQ,-1000.000,0.000,C,0.0130857,0.000,0.000,0.000,0.000,False,False,,,BRITNED
IBD-RWES1,I_IBD-RWES1,,,RWE Supply and Trading GmbH,I,True,RWE GB NL Export,RWE,-1000.000,0.000,C,0.0130857,0.000,0.000,0.000,0.000,False,False,,,BRITNED
IBD-SEAG1,I_IBD-SEAG1,,,Seagull Energy Trading,I,True,I_IBD-SEAG1,SEAGULL,-2120.000,0.000,C,0.0130857,0.000,0.000,0.000,0.000,False,False,,,BRITNED
IBD-SECF1,I_IBD-SECF1,,,Second Foundation Trading AG,I,True,Britned Dem,TRISOLAR,-200.000,0.000,C,0.0130857,0.000,0.000,0.000,0.000,False,False,,,BRITNED
IBD-SETL1,I_IBD-SETL1,,,Shell Energy Europe Limited,I,True,SEEL BRITNED EXPORT,SHELL2,-1000.000,0.000,C,0.0130857,0.000,0.000,0.000,0.000,False,False,,,BRITNED
IBD-SIRI1,I_IBD-SIRI1,,,Sirius Energy SA,I,True,I_IBD-SIRI1,SIRIUSEN,-1000.000,0.000,C,0.0130857,0.000,0.000,0.000,0.000,False,False,,,BRITNED
IBD-SSEG1,I_IBD-SSEG1,,,SSE Energy Supply Limited,I,True,SSE EUI-BRITNED GBNL,SSE,0.000,0.000,C,0.0130857,0.000,0.000,0.000,0.000,False,False,,,BRITNED
IBD-STAT1,I_IBD-STAT1,,,Statkraft Markets Gmbh,I,True,STATKRAFT BRITNED EXPORT,STATKRA1,-1000.000,0.000,C,0.0130857,0.000,0.000,0.000,0.000,False,False,,,BRITNED
IBD-STGS1,I_IBD-STGS1,,,STG Switzerland GmbH,I,True,STG CH BritNed GB-NL,STG8T4R,-1000.000,0.000,C,0.0130857,0.000,0.000,0.000,0.000,False,False,,,BRITNED
IBD-TGPL1,I_IBD-TGPL1,,,TotalEnergies Gas & Power Ltd,I,True,IBD-TGPL1,TFEGP,-1000.000,0.000,C,0.0130857,0.000,0.000,0.000,0.000,False,False,,,BRITNED
IBD-TILD1,I_IBD-TILD1,,,Tilde Energy Trading A/S,I,True,I_IBD-TILD1,TILDEET,-1000.000,0.000,C,0.0130857,0.000,0.000,0.000,0.000,False,False,,,BRITNED
IBD-TRFD1,I_IBD-TRFD1,,,Trafigura Denmark ApS,I,True,BTND_EX,TRAFDK23,-1000.000,0.000,C,0.0130857,0.000,0.000,0.000,0.000,False,False,,,BRITNED
IBD-TRFG1,I_IBD-TRFG1,,,Trafigura Trading Sarl,I,True,BTND_EX,TRAF,-1000.000,0.000,C,0.0130857,0.000,0.000,0.000,0.000,False,False,,,BRITNED
IBD-TRLS1,I_IBD-TRLS1,,,Engelhart CTP Renewables GmbH,I,True,BRIT_TRL_C,GREENPWR,-2000.000,0.000,C,0.0130857,0.000,0.000,0.000,0.000,False,False,,,BRITNED
IBD-VETR1,I_IBD-VETR1,,,Vattenfall Energy Trading,I,True,IBD-VETR1,VTS,-1000.000,0.000,C,0.0130857,0.000,0.000,0.000,0.000,False,False,,,BRITNED
IBD-VOLT1,I_IBD-VOLT1,,,Volta Energy DAC,I,True,BRITNED FROM UK,VOLTADAC,-250.000,0.000,C,0.0130857,0.000,0.000,0.000,0.000,False,False,,,BRITNED
IBD-VSAL1,I_IBD-VSAL1,,,VITOL SA,I,True,I_IBD-VSAL1,VITOLSA,-1000.000,0.000,C,0.0130857,0.000,0.000,0.000,0.000,False,False,,,BRITNED
IBD-VTUS1,I_IBD-VTUS1,,,Vitus Capital AG,I,True,IBD-VTUS1_FROMUK,MONOCAP7,-300.000,0.000,C,0.0130857,0.000,0.000,0.000,0.000,False,False,,,BRITNED
IBD-XNON1,I_IBD-XNON1,,,XENON CAPITAL MARKETS LTD,I,True,XENON-IBD-C,XENON,-1000.000,0.000,C,0.0130857,0.000,0.000,0.000,0.000,False,False,,,BRITNED
IBG-AARH1,I_IBG-AARH1,,,Aarhus Energy A/S,I,True,BRITNEDAARHUSEP,AARHUSE,0.000,400.000,P,0.0130857,0.000,0.000,0.000,0.000,False,False,,,BRITNED
IBG-ALIP1,I_IBG-ALIP1,,,Energetick ApS,I,True,Flow into UK,ALPSNRG,0.000,100.000,P,0.0130857,0.000,0.000,0.000,0.000,False,False,,,BRITNED
IBG-ALPE1,I_IBG-ALPE1,,,Alpha Energy ApS,I,True,BritNed  Generation,ALPHAENE,0.000,500.000,P,0.0130857,0.000,0.000,0.000,0.000,False,False,,,BRITNED
IBG-ALPQ1,I_IBG-ALPQ1,,,Alpiq AG,I,True,I_IBG-ALPQ1,ALPIQ,0.000,1000.000,P,0.0130857,0.000,0.000,0.000,0.000,False,False,,,BRITNED
IBG-ARON1,I_IBG-ARON1,,,J.Aron & Company,I,True,BritNed Jaron NL-GB Flow,JARON,0.000,1000.000,P,0.0130857,0.000,0.000,0.000,0.000,False,False,,,BRITNED
IBG-AROS1,I_IBG-AROS1,,,Arosource ApS,I,True,AROS Flow INTO UK,AROSOURC,0.000,1000.000,P,0.0130857,0.000,0.000,0.000,0.000,False,False,,,BRITNED
IBG-ARTH1,I_IBG-ARTH1,,,Aarhus Trading A/S,I,True,I_IBG-ARTH1,ATAS,0.000,1000.000,P,0.0130857,0.000,0.000,0.000,0.000,False,False,,,BRITNED
IBG-ATLS1,I_IBG-ATLS1,,,Atlas Energy DAC,I,True,Atlas NL-GB,AED75443,0.000,1000.000,P,0.0130857,0.000,0.000,0.000,0.000,False,False,,,BRITNED
IBG-BAYW1,I_IBG-BAYW1,,,Baywa r.e. Energy Trading GmbH,I,True,Flow into UK over Britned,B9R3T560,0.000,1000.000,P,0.0130857,0.000,0.000,0.000,0.000,False,False,,,BRITNED
IBG-BDEN1,I_IBG-BDEN1,,,BD Energy A/S,I,True,BDE INTO UK,BDENERGY,0.000,720.000,P,0.0130857,0.000,0.000,0.000,0.000,False,False,,,BRITNED
IBG-BKWE1,I_IBG-BKWE1,,,BKW Energie AG,I,True,BWK flows into UK,BKW,0.000,1000.000,P,0.0130857,0.000,0.000,0.000,0.000,False,False,,,BRITNED
IBG-BPGE1,I_IBG-BPGE1,,,BP Gas Marketing Limited,I,True,BPGM Britned Generation,BPGAS,0.000,1000.000,P,0.0130857,0.000,0.000,0.000,0.000,False,False,,,BRITNED
IBG-BRTN1,I_IBG-BRTN1,,INTNED,BritNed Development Ltd,I,True,BritNed_Gen,BRITNED,0.000,1478.200,P,0.0130857,0.000,0.000,0.000,0.000,False,False,,,BRITNED
IBG-CACM1,I_IBG-CACM1,,,C A Commodities A/S,I,True,Britned CACOMAS FROM UK,CACOMAS,0.000,1000.000,P,0.0130857,0.000,0.000,0.000,0.000,False,False,,,BRITNED
IBG-CBST1,I_IBG-CBST1,,,Cobblestone Energy,I,True,Cobblestone Energy Ltd,CBBLESTN,0.000,1000.000,P,0.0130857,0.000,0.000,0.000,0.000,False,False,,,BRITNED
IBG-CCME1,I_IBG-CCME1,,,Castleton Commodities Europe,I,True,CCME INTO UK,CASTLEEU,0.000,1000.000,P,0.0130857,0.000,0.000,0.000,0.000,False,False,,,BRITNED
IBG-CENT1,I_IBG-CENT1,,,Centrica Energy Limited,I,True,CENTRICA BRITNED,ACCORD,0.000,1000.000,P,0.0130857,0.000,0.000,0.000,0.000,False,False,,,BRITNED
IBG-CETA1,I_IBG-CETA1,,,Cross Options International IV,I,True,CETAM Generation,CETAM,0.000,1000.000,P,0.0130857,0.000,0.000,0.000,0.000,False,False,,,BRITNED
IBG-CEZC1,I_IBG-CEZC1,,,CEZ A.S,I,True,BRITNED Import,45274649,0.000,1000.000,P,0.0130857,0.000,0.000,0.000,0.000,False,False,,,BRITNED
IBG-CFPE1,I_IBG-CFPE1,,,CFP Commodities Limited,I,True,I_IBG-CFPE1,CFPC1,0.000,1000.000,P,0.0130857,0.000,0.000,0.000,0.000,False,False,,,BRITNED
IBG-CGML1,I_IBG-CGML1,,,Citigroup Global Markets Ltd,I,True,IBG-CGML1,CGML2007,0.000,1000.000,P,0.0130857,0.000,0.000,0.000,0.000,False,False,,,BRITNED
IBG-CNGS1,I_IBG-CNGS1,,,Cenergise Limited,I,True,CNGS_G_BRITNED,CEGISE,0.000,1000.000,P,0.0087752,0.000,0.000,0.000,0.000,False,False,,,BRITNED
IBG-COMM1,I_IBG-COMM1,,,COMCOM Trading d.o.o,I,True,I_IBG-COMM1,COMCOM,0.000,1000.000,P,0.0130857,0.000,0.000,0.000,0.000,False,False,,,BRITNED
IBG-CONS1,I_IBG-CONS1,,,Constellation Generation LTD,I,True,Constellation BritNed Prod,EXGENLIM,0.000,1000.000,P,0.0130857,0.000,0.000,0.000,0.000,False,False,,,BRITNED
IBG-CONV1,I_IBG-CONV1,,,Convex Energy GmbH,I,True,IBG-CONV1,GEAG,0.000,500.000,P,0.0130857,0.000,0.000,0.000,0.000,False,False,,,BRITNED
IBG-COPN1,I_IBG-COPN1,,,Copenhagen Energy Trading A/S,I,True,CET_BN,CET1234,0.000,1000.000,P,0.0130857,0.000,0.000,0.000,0.000,False,False,,,BRITNED
IBG-CURR1,I_IBG-CURR1,,,Current Commodities A/S,I,True,I_IBG-CURR1,CURRENT,0.000,1044.000,P,0.0130857,0.000,0.000,0.000,0.000,False,False,,,BRITNED
IBG-DARE1,I_IBG-DARE1,,,Dare Power Ltd,I,True,I_IBG-DARE1,DARE,0.000,2000.000,P,0.0130857,0.000,0.000,0.000,0.000,False,False,,,BRITNED
IBG-DMCC1,I_IBG-DMCC1,,,Cobblestone Energy DMCC,I,True,Cobblestone Energy DMCC,OLDKENT,0.000,1000.000,P,0.0130857,0.000,0.000,0.000,0.000,False,False,,,BRITNED
IBG-DNGN1,I_IBG-DNGN1,,,Orsted Salg & Service A/S,I,True,IBG-DNGN1,DEEM1000,0.000,1000.000,P,0.0130857,0.000,0.000,0.000,0.000,False,False,,,BRITNED
IBG-DSKC1,I_IBG-DSKC1,,,Danske Commodities A/S,I,True,DC-BRITNED-P,DANSKE,0.000,1000.000,P,0.0130857,0.000,0.000,0.000,0.000,False,False,,,BRITNED
IBG-DUFE1,I_IBG-DUFE1,,,DXT Commodities SA,I,True,DXT NL-UK,DUFENERG,0.000,1000.000,P,0.0130857,0.000,0.000,0.000,0.000,False,False,,,BRITNED
IBG-DVAL1,I_IBG-DVAL1,,,DVALIN ApS,I,True,IC-Dvalin-Britned-Gen,DVALIN,0.000,1000.000,P,0.0130857,0.000,0.000,0.000,0.000,False,False,,,BRITNED
IBG-DVTD1,I_IBG-DVTD1,,,DV Trading (Europe) P/S,I,True,DV NL-GB,DVTRAD45,0.000,1000.000,P,0.0130857,0.000,0.000,0.000,0.000,False,False,,,BRITNED
IBG-EDFT1,I_IBG-EDFT1,,,EDF TRADING LIMITED,I,True,EDF Trading - BritNed,EDFT,0.000,1000.000,P,0.0130857,0.000,0.000,0.000,0.000,False,False,,,BRITNED
IBG-EDMK1,I_IBG-EDMK1,,,Mind Energy A/S,I,True,Energidk_G,ENERGIDK,0.000,1400.000,P,0.0130857,0.000,0.000,0.000,0.000,False,False,,,BRITNED
IBG-EGLE1,I_IBG-EGLE1,,,Axpo Solutions AG,I,True,AXPO,EGL,0.000,300.000,P,0.0130857,0.000,0.000,0.000,0.000,False,False,,,BRITNED
IBG-ELEE1,I_IBG-ELEE1,,,Electrabel SA,I,True,IBG-ELEE1,ELECBEL,0.000,1000.000,P,0.0130857,0.000,0.000,0.000,0.000,False,False,,,BRITNED
IBG-ELTR1,I_IBG-ELTR1,,,ElectroRoute Energy Trading,I,True,EETL BritNed NLGB BMU,ELECTRO,0.000,1200.000,P,0.0130857,0.000,0.000,0.000,0.000,False,False,,,BRITNED
IBG-ENBW1,I_IBG-ENBW1,,,EnBW Energie Ba-Wu AG,I,True,I_IBG-ENBW1,ENBWNPT,0.000,2000.000,P,0.0130857,0.000,0.000,0.000,0.000,False,False,,,BRITNED
IBG-ENEL1,I_IBG-ENEL1,,,Enel Global Trading S.P.A,I,True,EnelTradeBritned,ENELTRAD,0.000,2000.000,P,0.0130857,0.000,0.000,0.000,0.000,False,False,,,BRITNED
IBG-ENET1,I_IBG-ENET1,,,Eneco Energy Trade,I,True,I_IBG-ENET1,ENECOUK,0.000,250.000,P,0.0130857,0.000,0.000,0.000,0.000,False,False,,,BRITNED
IBG-ENGM1,I_IBG-ENGM1,,,ENGIE GLOBAL MARKETS,I,True,BritNed EGM flow NL-GB,GASELYS,0.000,1000.000,P,0.0130857,0.000,0.000,0.000,0.000,False,False,,,BRITNED
IBG-ENSP1,I_IBG-ENSP1,,,enspired GmbH,I,True,BP-ENSP-TO-UK,ENSPIRED,0.000,1000.000,P,0.0130857,0.000,0.000,0.000,0.000,False,False,,,BRITNED
IBG-ENTC1,I_IBG-ENTC1,,,Energetech Europe BV,I,True,ENTC1 to UK,ENERGETE,0.000,500.000,P,0.0072396,0.000,0.000,0.000,0.000,False,False,,,BRITNED
IBG-ENZL1,I_IBG-ENZL1,,,ENZOL Energy Trading ApS,I,True,BritNed flow INTO UK,ENZOL,0.000,800.000,P,0.0130857,0.000,0.000,0.000,0.000,False,False,,,BRITNED
IBG-EOET1,I_IBG-EOET1,,,Uniper Global Commodities SE,I,True,I_IBG-EOET1,EONETRAD,0.000,500.000,P,0.0130857,0.000,0.000,0.000,0.000,False,False,,,BRITNED
IBG-EPCO1,I_IBG-EPCO1,,,EP COMMODITIES A.S,I,True,EPCAS BRITNED GEN,EPCAS,0.000,300.000,P,0.0130857,0.000,0.000,0.000,0.000,False,False,,,BRITNED
IBG-ERVA1,I_IBG-ERVA1,,,Erova Energy Limited,I,True,EROVA_G_BRTND,EROVAIRL,0.000,500.000,P,0.0130857,0.000,0.000,0.000,0.000,False,False,,,BRITNED
IBG-EWII1,I_IBG-EWII1,,,EWII Energi A/S,I,True,EWII-NL-TO-UK,EWII6000,0.000,1000.000,P,0.0130857,0.000,0.000,0.000,0.000,False,False,,,BRITNED
IBG-EZC01,I_IBG-EZC01,,,ENZEE Commodities A/S,I,True,Flow into UK,ENZEE,0.000,1000.000,P,0.0118836,0.000,0.000,0.000,0.000,False,False,,,BRITNED
IBG-EZCO1,I_IBG-EZCO1,,,ENZEE Commodities A/S,I,True,Flow into UK,ENZEE,0.000,1000.000,P,0.0130857,0.000,0.000,0.000,0.000,False,False,,,BRITNED
IBG-EZPD1,I_IBG-EZPD1,,,Ezpada AG,I,True,Ezpada Into UK,11XEZPAG,0.000,500.000,P,0.0130857,0.000,0.000,0.000,0.000,False,False,,,BRITNED
IBG-FLEX1,I_IBG-FLEX1,,,Citadel FlexPower GmbH,I,True,Flow into UK,FLXPWR,0.000,1400.000,P,0.0130857,0.000,0.000,0.000,0.000,False,False,,,BRITNED
IBG-FPCD1,I_IBG-FPCD1,,,Freepoint Commodities Europe,I,True,IBG-FPCD1,FREEPNT,0.000,250.000,P,0.0130857,0.000,0.000,0.000,0.000,False,False,,,BRITNED
IBG-GAZP1,I_IBG-GAZP1,,,SEFE Marketing & Trading LTD,I,True,BritNed GM&T Generation,GAZPROM,0.000,2000.000,P,0.0130857,0.000,0.000,0.000,0.000,False,False,,,BRITNED
IBG-GENI1,I_IBG-GENI1,,,"GEN-I, d.o.o.",I,True,Into UK,GENI,0.000,1016.000,P,0.0130857,0.000,0.000,0.000,0.000,False,False,,,BRITNED
IBG-GLEN1,I_IBG-GLEN1,,,Glencore Energy UK Ltd,I,True,Flow into UK,GENUK,0.000,1000.000,P,0.0130857,0.000,0.000,0.000,0.000,False,False,,,BRITNED
IBG-GRMC1,I_IBG-GRMC1,,,A/S Global Risk Management Ltd,I,True,Flows into the  UK,GRMC,0.000,1000.000,P,0.0084878,0.000,0.000,0.000,0.000,False,False,,,BRITNED
IBG-GRMT1,I_IBG-GRMT1,,,A/S Global Risk Management Ltd,I,True,Global flow INTO UK,GLOBAL,0.000,300.000,P,0.0130857,0.000,0.000,0.000,0.000,False,False,,,BRITNED
IBG-GRNC1,I_IBG-GRNC1,,,Greenchoice B.V.,I,True,GRC NL-GB,GREENCHO,0.000,1000.000,P,0.0130857,0.000,0.000,0.000,0.000,False,False,,,BRITNED
IBG-GUNV1,I_IBG-GUNV1,,,GIBV Geneva Branch,I,True,I_IBG-GUNV1,GUNVOR,0.000,2400.000,P,0.0130857,0.000,0.000,0.000,0.000,False,False,,,BRITNED
IBG-HART1,I_IBG-HART1,,,HAPPGCO,I,True,Flow into UK,HEPGCO,0.000,1000.000,P,0.0130857,0.000,0.000,0.000,0.000,False,False,,,BRITNED
IBG-HELI1,I_IBG-HELI1,,,Helios Power Trading A/S,I,True,HELIOS BRITNED GEN,HELIOS,0.000,1000.000,P,0.0130857,0.000,0.000,0.000,0.000,False,False,,,BRITNED
IBG-IBES1,I_IBG-IBES1,,,Iberdrola Energia Espana S.AU.,I,True,IBG_BRITNED_GEN,IBEGENES,0.000,1000.000,P,0.0130857,0.000,0.000,0.000,0.000,False,False,,,BRITNED
IBG-IDCE1,I_IBG-IDCE1,,,DC Energy Trading V.O.F.,I,True,Britned DC-G,DC,0.000,1000.000,P,0.0130857,0.000,0.000,0.000,0.000,False,False,,,BRITNED
IBG-IDCT1,I_IBG-IDCT1,,,Inductive Energy A/S,I,True,Induct_BNUK,INDUCTIV,0.000,1016.000,P,0.0130857,0.000,0.000,0.000,0.000,False,False,,,BRITNED
IBG-IMPT1,I_IBG-IMPT1,,,Impact Energy Trading A/S,I,True,Flow into UK,IMPACT25,0.000,1000.000,P,0.0130857,0.000,0.000,0.000,0.000,False,False,,,BRITNED
IBG-IMTC1,I_IBG-IMTC1,,,IMC Trading BV NL Denmark,I,True,I_IBG-IMTC1,IMCTRADK,0.000,1000.000,P,0.0130857,0.000,0.000,0.000,0.000,False,False,,,BRITNED
IBG-INCM1,I_IBG-INCM1,,,IN COMMODITIES A/S,I,True,BRITNEDINCOMASP,INCOMAS,0.000,1048.040,P,0.0130857,0.000,0.000,0.000,0.000,False,False,,,BRITNED
IBG-JWME1,I_IBG-JWME1,,,JWM Energia,I,True,I_IBG-JWME1,JWM,0.000,1000.000,P,0.0130857,0.000,0.000,0.000,0.000,False,False,,,BRITNED
IBG-KCST1,I_IBG-KCST1,,,KOCH SUPPLY & TRADING SARL,I,True,BN_GEN,KSARL,0.000,1000.000,P,0.0130857,0.000,0.000,0.000,0.000,False,False,,,BRITNED
IBG-KRIA1,I_IBG-KRIA1,,,Kria Energy ehf,I,True,I_IBG-KRIA1,KRIAENER,0.000,1000.000,P,0.0130857,0.000,0.000,0.000,0.000,False,False,,,BRITNED
IBG-KVAS1,I_IBG-KVAS1,,,Kvasir Technologies,I,True,I_IBG-KVAS1,KVASIR,0.000,1000.000,P,0.0130857,0.000,0.000,0.000,0.000,False,False,,,BRITNED
IBG-LTFD1,I_IBG-LTFD1,,,LIGHTFIELD LTD,I,True,LIGHTFLD_BRITNED_INTO_UK,LIGHTFLD,0.000,1000.000,P,0.0130857,0.000,0.000,0.000,0.000,False,False,,,BRITNED
IBG-MCRA1,I_IBG-MCRA1,,,Mercuria Energy Trading SA,I,True,IBGMCRA1,METSA,0.000,1000.000,P,0.0130857,0.000,0.000,0.000,0.000,False,False,,,BRITNED
IBG-MFTE1,I_IBG-MFTE1,,,MFT Energy A/S,I,True,MFT generation,MFTE,0.000,1200.000,P,0.0130857,0.000,0.000,0.000,0.000,False,False,,,BRITNED
IBG-MONL1,I_IBG-MONL1,,,Vitus Capital AG,I,True,IBG-MONL1_INTOUK,MONOCAP7,0.000,300.000,P,0.0130857,0.000,0.000,0.000,0.000,False,False,,,BRITNED
IBG-NEAS1,I_IBG-NEAS1,,,Centrica Energy Trading A/S,I,True,IBNEASGEN,NEAS,0.000,2000.000,P,0.0130857,0.000,0.000,0.000,0.000,False,False,,,BRITNED
IBG-NEHO1,I_IBG-NEHO1,,,Nordic Energy House ApS,I,True,BN NEH-G,NEH,0.000,1000.000,P,0.0130857,0.000,0.000,0.000,0.000,False,False,,,BRITNED
IBG-NITR1,I_IBG-NITR1,,,Nitor Energy A/S,I,True,Netherlands INTO UK,NIREX,0.000,1000.000,P,0.0130857,0.000,0.000,0.000,0.000,False,False,,,BRITNED
IBG-NORL1,I_IBG-NORL1,,,Norlys Energy Trading A/S,I,True,NORLYS_BRITNED_P,NORLYS,0.000,2000.000,P,0.0130857,0.000,0.000,0.000,0.000,False,False,,,BRITNED
IBG-NTPL1,I_IBG-NTPL1,,,Northpool BV,I,True,I_IBG-NTPL1,NORTHPL,0.000,1200.000,P,0.0130857,0.000,0.000,0.000,0.000,False,False,,,BRITNED
IBG-OMPX1,I_IBG-OMPX1,,,Ompex AG,I,True,OMPEX_BRITNED_NL-GB,OMPEX,0.000,1000.000,P,0.0130857,0.000,0.000,0.000,0.000,False,False,,,BRITNED
IBG-OPMX1,I_IBG-OPMX1,,,Optimax Energy GmbH,I,True,I_BRITNED_IBG-OPMX1,OPTIMAX,0.000,1000.000,P,0.0130857,0.000,0.000,0.000,0.000,False,False,,,BRITNED
IBG-OUTL1,I_IBG-OUTL1,,,Outlook Energy Ltd,I,True,I_IBG-OUTL1,OUTLOOK,0.000,2000.000,P,0.0130857,0.000,0.000,0.000,0.000,False,False,,,BRITNED
IBG-PETC1,I_IBG-PETC1,,,PETROCHINA INTL LONDON CO. LTD,I,True,PCIL to the UK,PETCHINA,0.000,1000.000,P,0.0130857,0.000,0.000,0.000,0.000,False,False,,,BRITNED
IBG-PTRS1,I_IBG-PTRS1,,,PetroChina International,I,True,PETRIN-IFNG,PETRIN,0.000,1000.000,P,0.0231229,0.000,0.000,0.000,0.000,False,False,,,BRITNED
IBG-PURE1,I_IBG-PURE1,,,pure.energy GmbH,I,True,I_IBG-PURE1,PUREEN,0.000,2000.000,P,0.0130857,0.000,0.000,0.000,0.000,False,False,,,BRITNED
IBG-PWMR1,I_IBG-PWMR1,,,PowerMart ApS,I,True,BRITNED IMPORT,POMA,0.000,1000.000,P,0.0130857,0.000,0.000,0.000,0.000,False,False,,,BRITNED
IBG-PZEM1,I_IBG-PZEM1,,,EP Commodities B.V.,I,True,Britned PZEM-G,PZEM,0.000,1000.000,P,0.0130857,0.000,0.000,0.000,0.000,False,False,,,BRITNED
IBG-QTPT1,I_IBG-QTPT1,,,Quantum Power Trading,I,True,QPT INTO UK,QPT,0.000,1000.000,P,0.0130857,0.000,0.000,0.000,0.000,False,False,,,BRITNED
IBG-QUAN1,I_IBG-QUAN1,,,Quant Partners ApS,I,True,QP_BN_G,QPARTNER,0.000,1000.000,P,0.0130857,0.000,0.000,0.000,0.000,False,False,,,BRITNED
IBG-QUAR1,I_IBG-QUAR1,,,Quark Energy Trading Limited,I,True,BRITNED GEN,QUARKET,0.000,1000.000,P,0.0130857,0.000,0.000,0.000,0.000,False,False,,,BRITNED
IBG-QUEN1,I_IBG-QUEN1,,,QUENT ApS,I,True,Flow INTO UK,QUENT,0.000,50.000,P,0.0130857,0.000,0.000,0.000,0.000,False,False,,,BRITNED
IBG-RESP1,I_IBG-RESP1,,,RESPECT ENERGY S.A.,I,True,RESA-BN-IU,RESA,0.000,700.000,P,0.0130857,0.000,0.000,0.000,0.000,False,False,,,BRITNED
IBG-RISQ1,I_IBG-RISQ1,,,Risq Energy Limited,I,True,RISQ to the UK,RISQ,0.000,1000.000,P,0.0130857,0.000,0.000,0.000,0.000,False,False,,,BRITNED
IBG-RWES1,I_IBG-RWES1,,,RWE Supply and Trading GmbH,I,True,RWE NL GB Import,RWE,0.000,1000.000,P,0.0130857,0.000,0.000,0.000,0.000,False,False,,,BRITNED
IBG-SEAG1,I_IBG-SEAG1,,,Seagull Energy Trading,I,True,I_IBG-SEAG1,SEAGULL,0.000,2120.000,P,0.0130857,0.000,0.000,0.000,0.000,False,False,,,BRITNED
IBG-SECF1,I_IBG-SECF1,,,Second Foundation Trading AG,I,True,Britned Gen,TRISOLAR,0.000,200.000,P,0.0130857,0.000,0.000,0.000,0.000,False,False,,,BRITNED
IBG-SETL1,I_IBG-SETL1,,,Shell Energy Europe Limited,I,True,SEEL BRITNED IMPORT,SHELL2,0.000,1000.000,P,0.0130857,0.000,0.000,0.000,0.000,False,False,,,BRITNED
IBG-SIRI1,I_IBG-SIRI1,,,Sirius Energy SA,I,True,I_IBG-SIRI1,SIRIUSEN,0.000,1000.000,P,0.0130857,0.000,0.000,0.000,0.000,False,False,,,BRITNED
IBG-SSEG1,I_IBG-SSEG1,,,SSE Energy Supply Limited,I,True,SSE EUI-BRITNED NLGB,SSE,0.000,0.000,P,0.0130857,0.000,0.000,0.000,0.000,False,False,,,BRITNED
IBG-STAT1,I_IBG-STAT1,,,Statkraft Markets Gmbh,I,True,STATKRAFT BRITNED IMPORT,STATKRA1,0.000,1000.000,P,0.0130857,0.000,0.000,0.000,0.000,False,False,,,BRITNED
IBG-STGS1,I_IBG-STGS1,,,STG Switzerland GmbH,I,True,STG CH BritNed NL-GB,STG8T4R,0.000,1000.000,P,0.0130857,0.000,0.000,0.000,0.000,False,False,,,BRITNED
IBG-TGPL1,I_IBG-TGPL1,,,TotalEnergies Gas & Power Ltd,I,True,IBG-TGPL1,TFEGP,0.000,1000.000,P,0.0130857,0.000,0.000,0.000,0.000,False,False,,,BRITNED
IBG-TILD1,I_IBG-TILD1,,,Tilde Energy Trading A/S,I,True,I_IBG-TILD1,TILDEET,0.000,1000.000,P,0.0130857,0.000,0.000,0.000,0.000,False,False,,,BRITNED
IBG-TRFD1,I_IBG-TRFD1,,,Trafigura Denmark ApS,I,True,BTND_IM,TRAFDK23,0.000,1000.000,P,0.0130857,0.000,0.000,0.000,0.000,False,False,,,BRITNED
IBG-TRFG1,I_IBG-TRFG1,,,Trafigura Trading Sarl,I,True,BTND_IM,TRAF,0.000,1000.000,P,0.0130857,0.000,0.000,0.000,0.000,False,False,,,BRITNED
IBG-TRLS1,I_IBG-TRLS1,,,Engelhart CTP Renewables GmbH,I,True,BRIT_TRL_G,GREENPWR,0.000,2000.000,P,0.0130857,0.000,0.000,0.000,0.000,False,False,,,BRITNED
IBG-VETR1,I_IBG-VETR1,,,Vattenfall Energy Trading,I,True,IBG-VETR1,VTS,0.000,1000.000,P,0.0130857,0.000,0.000,0.000,0.000,False,False,,,BRITNED
IBG-VOLT1,I_IBG-VOLT1,,,Volta Energy DAC,I,True,BRITNED INTO UK,VOLTADAC,0.000,250.000,P,0.0130857,0.000,0.000,0.000,0.000,False,False,,,BRITNED
IBG-VSAL1,I_IBG-VSAL1,,,VITOL SA,I,True,I_IBG-VSAL1,VITOLSA,0.000,1000.000,P,0.0130857,0.000,0.000,0.000,0.000,False,False,,,BRITNED
IBG-VTUS1,I_IBG-VTUS1,,,Vitus Capital AG,I,True,IBG-VTUS1_INTOUK,MONOCAP7,0.000,300.000,P,0.0130857,0.000,0.000,0.000,0.000,False,False,,,BRITNED
IBG-XNON1,I_IBG-XNON1,,,XENON CAPITAL MARKETS LTD,I,True,XENON-IBG-P,XENON,0.000,1000.000,P,0.0130857,0.000,0.000,0.000,0.000,False,False,,,BRITNED
IED-ELEC1,I_IED-ELEC1,,,ElecLink Ltd (ELECL1),I,True,Eleclink Dem,ELECL1,-1050.000,0.000,C,0.0130857,0.000,0.000,0.000,0.000,False,False,,,ELECLINK
IED-EWIC1,I_IED-EWIC1,,,Eirgrid PLC,I,True,IED_EWIC1,ERGRDPLC,-571.780,0.000,C,0.0024587,0.000,0.000,0.000,0.000,False,False,,,EWIC
IED-FRAN1,I_IED-FRAN1,,,Nat Grid Interconnectors Ltd,I,True,IED-FRAN1,NGIFA,-1449.880,0.000,C,0.0130857,0.000,0.000,0.000,0.000,False,False,,,FRANCE
IED-GRN1,I_IED-GRN1,,,Greenlink Interconnector Ltd,I,True,I_IED-GRN1,GREENLNK,-1450.000,0.000,C,0.0164211,0.000,0.000,0.000,0.000,False,False,,,GREENLINK
IED-IFA2,I_IED-IFA2,,,National Grid IFA 2 Limited,I,True,IED-IFA2,NGIFA2,-1150.000,0.000,C,0.0213863,0.000,0.000,0.000,0.000,False,False,,,IFA2
IED-MOYL1,I_IED-MOYL1,,,SONI Ltd,I,True,IED-MOYL1,SONILTD,-542.060,0.000,C,-0.0099306,0.000,0.000,0.000,0.000,False,False,,,MOYLE
IED-NSL1,I_IED-NSL1,,,National Grid North Sea Link,I,True,IED-NSL1,NGNSL,-1480.000,0.000,C,-0.0105171,0.000,0.000,0.000,0.000,False,False,,,NSL
IED-VKL1,I_IED-VKL1,,,National Grid Viking Link Ltd,I,True,I_IED-VKL1,NGVLL,-1480.000,0.000,C,0.0092272,0.000,0.000,0.000,0.000,False,False,,,VIKINGLINK
IEG-ELEC1,I_IEG-ELEC1,,INTELEC,ElecLink Ltd (ELECL1),I,True,Eleclink Gen,ELECL1,0.000,1050.000,P,0.0130857,0.000,0.000,0.000,0.000,False,False,,,ELECLINK
IEG-EWIC1,I_IEG-EWIC1,,INTEW,Eirgrid PLC,I,True,IEG_EWIC1,ERGRDPLC,0.000,530.920,P,0.0024587,0.000,0.000,0.000,0.000,False,False,,,EWIC
IEG-FRAN1,I_IEG-FRAN1,,INTFR,Nat Grid Interconnectors Ltd,I,True,IEG-FRAN1,NGIFA,0.000,2013.945,P,0.0130857,0.000,0.000,0.000,0.000,False,False,,,FRANCE
IEG-GRN1,I_IEG-GRN1,,INTGRNL,Greenlink Interconnector Ltd,I,True,I_IEG-GRN1,GREENLNK,0.000,1400.000,P,0.0164211,0.000,0.000,0.000,0.000,False,False,,,GREENLINK
IEG-GRNL1,,,INTGRNL,,,,,,,,,,,,,,False,False,,,
IEG-IFA2,I_IEG-IFA2,,INTIFA2,National Grid IFA 2 Limited,I,True,IEG-IFA2,NGIFA2,0.000,1100.000,P,0.0213863,0.000,0.000,0.000,0.000,False,False,,,IFA2
IEG-MOYL1,I_IEG-MOYL1,,INTIRL,SONI Ltd,I,True,IEG-MOYL1,SONILTD,0.000,401.700,P,-0.0099306,0.000,0.000,0.000,0.000,False,False,,,MOYLE
IEG-NSL1,I_IEG-NSL1,,INTNSL,National Grid North Sea Link,I,True,IEG-NSL1,NGNSL,0.000,1400.000,P,-0.0105171,0.000,0.000,0.000,0.000,False,False,,,NSL
IEG-VKL1,I_IEG-VKL1,,INTVKL,National Grid Viking Link Ltd,I,True,I_IEG-VKL1,NGVLL,0.000,1400.000,P,0.0092272,0.000,0.000,0.000,0.000,False,False,,,VIKINGLINK
IFD-ACCE1,I_IFD-ACCE1,,,Centrica Energy Limited,I,True,ACC INTERCON,ACCORD,-2000.000,0.000,C,0.0130857,0.000,0.000,0.000,0.000,False,False,,,FRANCE
IFD-ALEU1,I_IFD-ALEU1,,,Alphataraxia Europium BV,I,True,ATX_FRANCE_DEM,ATX,-1000.000,0.000,C,0.0130857,0.000,0.000,0.000,0.000,False,False,,,FRANCE
IFD-ALIP1,I_IFD-ALIP1,,,Energetick ApS,I,True,Flow from UK,ALPSNRG,-100.000,0.000,C,0.0130857,0.000,0.000,0.000,0.000,False,False,,,FRANCE
IFD-ALPE1,I_IFD-ALPE1,,,Alpha Energy ApS,I,True,IFA1 Demand,ALPHAENE,-500.000,0.000,C,0.0130857,0.000,0.000,0.000,0.000,False,False,,,FRANCE
IFD-ALPQ1,I_IFD-ALPQ1,,,Alpiq AG,I,True,I_IFD-ALPQ1,ALPIQ,-1000.000,0.000,C,0.0130857,0.000,0.000,0.000,0.000,False,False,,,FRANCE
IFD-ARON1,I_IFD-ARON1,,,J.Aron & Company,I,True,IFD-ARON1,JARON,-2000.000,0.000,C,0.0130857,0.000,0.000,0.000,0.000,False,False,,,FRANCE
IFD-AROS1,I_IFD-AROS1,,,Arosource ApS,I,True,AROS Flow FROM UK,AROSOURC,-1000.000,0.000,C,0.0130857,0.000,0.000,0.000,0.000,False,False,,,FRANCE
IFD-ARTH1,I_IFD-ARTH1,,,Aarhus Trading A/S,I,True,I_IFD-ARTH1,ATAS,-1000.000,0.000,C,0.0130857,0.000,0.000,0.000,0.000,False,False,,,FRANCE
IFD-ATLS1,I_IFD-ATLS1,,,Atlas Energy DAC,I,True,Atlas GB-FRIFA1,AED75443,-2000.000,0.000,C,0.0130857,0.000,0.000,0.000,0.000,False,False,,,FRANCE
IFD-BAYW1,I_IFD-BAYW1,,,Baywa r.e. Energy Trading GmbH,I,True,Flow from UK over IFA1,B9R3T560,-2000.000,0.000,C,0.0130857,0.000,0.000,0.000,0.000,False,False,,,FRANCE
IFD-BDEN1,I_IFD-BDEN1,,,BD Energy A/S,I,True,BDE FROM UK,BDENERGY,-720.000,0.000,C,0.0130857,0.000,0.000,0.000,0.000,False,False,,,FRANCE
IFD-BKWE1,I_IFD-BKWE1,,,BKW Energie AG,I,True,IFD-BKWE1,BKW,-607.020,0.000,C,0.0130857,0.000,0.000,0.000,0.000,False,False,,,FRANCE
IFD-BNPS1,I_IFD-BNPS1,,,BNP Paribas,I,True,BNP Paribas UK Export,BNPP,0.000,0.000,C,0.0130857,0.000,0.000,0.000,0.000,False,False,,,FRANCE
IFD-BPGE1,I_IFD-BPGE1,,,BP Gas Marketing Limited,I,True,I_IFD-BPGE1,BPGAS,-2000.000,0.000,C,0.0130857,0.000,0.000,0.000,0.000,False,False,,,FRANCE
IFD-CACM1,I_IFD-CACM1,,,C A Commodities A/S,I,True,IFA1 Flow out of UK,CACOMAS,-1000.000,0.000,C,0.0130857,0.000,0.000,0.000,0.000,False,False,,,FRANCE
IFD-CBST1,I_IFD-CBST1,,,Cobblestone Energy,I,True,Cobblestone Energy Ltd,CBBLESTN,-2000.000,0.000,C,0.0130857,0.000,0.000,0.000,0.000,False,False,,,FRANCE
IFD-CCME1,I_IFD-CCME1,,,Castleton Commodities Europe,I,True,CCME FROM UK,CASTLEEU,-2000.000,0.000,C,0.0130857,0.000,0.000,0.000,0.000,False,False,,,FRANCE
IFD-CETL1,I_IFD-CETL1,,,Conrad Energy (Trading) Ltd,I,True,CONRAD FROM UK,CONRAD,-2000.000,0.000,C,0.0130857,0.000,0.000,0.000,0.000,False,False,,,FRANCE
IFD-CEZC1,I_IFD-CEZC1,,,CEZ A.S,I,True,IFA Export,45274649,-1000.000,0.000,C,0.0130857,0.000,0.000,0.000,0.000,False,False,,,FRANCE
IFD-CFPE1,I_IFD-CFPE1,,,CFP Commodities Limited,I,True,I_IFD-CFPE1,CFPC1,-1000.000,0.000,C,0.0130857,0.000,0.000,0.000,0.000,False,False,,,FRANCE
IFD-CGML1,I_IFD-CGML1,,,Citigroup Global Markets Ltd,I,True,CGMLDEM,CGML2007,0.000,0.000,C,0.0130857,0.000,0.000,0.000,0.000,False,False,,,FRANCE
IFD-CNGS1,I_IFD-CNGS1,,,Cenergise Limited,I,True,CNGS_D_IFA,CEGISE,-2000.000,0.000,C,0.0087752,0.000,0.000,0.000,0.000,False,False,,,FRANCE
IFD-CNRE1,I_IFD-CNRE1,,,Compagnie Nationale du Rhone,I,True,I_IFD-CNRE1,CNRP,-500.000,0.000,C,0.0130857,0.000,0.000,0.000,0.000,False,False,,,FRANCE
IFD-COMM1,I_IFD-COMM1,,,COMCOM Trading d.o.o,I,True,I_IFD-COMM1,COMCOM,-2000.000,0.000,C,0.0130857,0.000,0.000,0.000,0.000,False,False,,,FRANCE
IFD-CONS1,I_IFD-CONS1,,,Constellation Generation LTD,I,True,Constellation France Con,EXGENLIM,-2000.000,0.000,C,0.0130857,0.000,0.000,0.000,0.000,False,False,,,FRANCE
IFD-CONV1,I_IFD-CONV1,,,Convex Energy GmbH,I,True,IFD-CONV1,GEAG,-500.000,0.000,C,0.0130857,0.000,0.000,0.000,0.000,False,False,,,FRANCE
IFD-COPN1,I_IFD-COPN1,,,Copenhagen Energy Trading A/S,I,True,CET_IFA,CET1234,-1000.000,0.000,C,0.0130857,0.000,0.000,0.000,0.000,False,False,,,FRANCE
IFD-CURR1,I_IFD-CURR1,,,Current Commodities A/S,I,True,I_IFD-CURR1,CURRENT,-2000.000,0.000,C,0.0130857,0.000,0.000,0.000,0.000,False,False,,,FRANCE
IFD-DARE1,I_IFD-DARE1,,,Dare Power Ltd,I,True,I_IFD-DARE1,DARE,-4000.000,0.000,C,0.0130857,0.000,0.000,0.000,0.000,False,False,,,FRANCE
IFD-DMCC1,I_IFD-DMCC1,,,Cobblestone Energy DMCC,I,True,Cobblestone Energy DMCC,OLDKENT,-2000.000,0.000,C,0.0130857,0.000,0.000,0.000,0.000,False,False,,,FRANCE
IFD-DNGN1,I_IFD-DNGN1,,,Orsted Salg & Service A/S,I,True,IFD-DNGN1,DEEM1000,-2000.000,0.000,C,0.0130857,0.000,0.000,0.000,0.000,False,False,,,FRANCE
IFD-DSKC1,I_IFD-DSKC1,,,Danske Commodities A/S,I,True,DANSKEDE,DANSKE,-2000.000,0.000,C,0.0130857,0.000,0.000,0.000,0.000,False,False,,,FRANCE
IFD-DUEN1,I_IFD-DUEN1,,,Duferco Energia S.p.A.,I,True,IFA_UK-FR,DUCEX123,-200.000,0.000,C,0.0130857,0.000,0.000,0.000,0.000,False,False,,,FRANCE
IFD-DUFE1,I_IFD-DUFE1,,,DXT Commodities SA,I,True,DUFENERGY UK - FR,DUFENERG,-1000.000,0.000,C,0.0130857,0.000,0.000,0.000,0.000,False,False,,,FRANCE
IFD-DVAL1,I_IFD-DVAL1,,,DVALIN ApS,I,True,I_IFD-DVAL1,DVALIN,-2000.000,0.000,C,0.0130857,0.000,0.000,0.000,0.000,False,False,,,FRANCE
IFD-DVTD1,I_IFD-DVTD1,,,DV Trading (Europe) P/S,I,True,DV GB-FRIFA1,DVTRAD45,-2000.000,0.000,C,0.0130857,0.000,0.000,0.000,0.000,False,False,,,FRANCE
IFD-ECCA1,I_IFD-ECCA1,,,ECC AG,I,True,ECC-XB-CONSUMPTION,ECC,-2000.000,0.000,C,0.0130857,0.000,0.000,0.000,0.000,False,False,,,FRANCE
IFD-EDFT1,I_IFD-EDFT1,,,EDF TRADING LIMITED,I,True,EDFTD,EDFT,-4000.000,0.000,C,0.0130857,0.000,0.000,0.000,0.000,False,False,,,FRANCE
IFD-EDMK1,I_IFD-EDMK1,,,Mind Energy A/S,I,True,Energidk_D,ENERGIDK,-3000.000,0.000,C,0.0130857,0.000,0.000,0.000,0.000,False,False,,,FRANCE
IFD-EENG1,I_IFD-EENG1,,,Eio Energi ApS,I,True,I_IFD-EENG1,EIOENRGY,-50.000,0.000,C,0.0130857,0.000,0.000,0.000,0.000,False,False,,,FRANCE
IFD-EGLE1,I_IFD-EGLE1,,,Axpo Solutions AG,I,True,EGL Consumption,EGL,-500.000,0.000,C,0.0130857,0.000,0.000,0.000,0.000,False,False,,,FRANCE
IFD-ELEE1,I_IFD-ELEE1,,,Electrabel SA,I,True,DELECBEL,ELECBEL,-300.000,0.000,C,0.0130857,0.000,0.000,0.000,0.000,False,False,,,FRANCE
IFD-ELTR1,I_IFD-ELTR1,,,ElectroRoute Energy Trading,I,True,EETL IFA GBFR BMU,ELECTRO,-2000.000,0.000,C,0.0130857,0.000,0.000,0.000,0.000,False,False,,,FRANCE
IFD-ENBW1,I_IFD-ENBW1,,,EnBW Energie Ba-Wu AG,I,True,I_IFD-ENBW1,ENBWNPT,-2000.000,0.000,C,0.0130857,0.000,0.000,0.000,0.000,False,False,,,FRANCE
IFD-ENEL1,I_IFD-ENEL1,,,Enel Global Trading S.P.A,I,True,EnelTradeIFA,ENELTRAD,-1000.000,0.000,C,0.0130857,0.000,0.000,0.000,0.000,False,False,,,FRANCE
IFD-ENET1,I_IFD-ENET1,,,Eneco Energy Trade,I,True,I_IFD-ENET1,ENECOUK,-50.000,0.000,C,0.0130857,0.000,0.000,0.000,0.000,False,False,,,FRANCE
IFD-ENKI1,I_IFD-ENKI1,,,ENKI TRADING S.R.O.,I,True,NANOTRAD Den,NANOTRD,-500.000,0.000,C,0.0157520,0.000,0.000,0.000,0.000,False,False,,,FRANCE
IFD-ENSC1,I_IFD-ENSC1,,,EnSCo Energy Services Company,I,True,Flow from UK,ENSCOAG,-1000.000,0.000,C,0.0130857,0.000,0.000,0.000,0.000,False,False,,,FRANCE
IFD-ENSP1,I_IFD-ENSP1,,,enspired GmbH,I,True,IF-ENSP-TO-UK,ENSPIRED,-2000.000,0.000,C,0.0130857,0.000,0.000,0.000,0.000,False,False,,,FRANCE
IFD-ENTC1,I_IFD-ENTC1,,,Energetech Europe BV,I,True,ENTC1 from UK,ENERGETE,-500.000,0.000,C,0.0072396,0.000,0.000,0.000,0.000,False,False,,,FRANCE
IFD-ENVM1,I_IFD-ENVM1,,,Energya VM Gestion De Energia,I,True,ENERVMDEM,ENERVM,-2000.000,0.000,C,0.0221547,0.000,0.000,0.000,0.000,False,False,,,FRANCE
IFD-ENZL1,I_IFD-ENZL1,,,ENZOL Energy Trading ApS,I,True,IFA (FRANCE) flow FROM UK,ENZOL,-800.000,0.000,C,0.0130857,0.000,0.000,0.000,0.000,False,False,,,FRANCE
IFD-EOET1,I_IFD-EOET1,,,Uniper Global Commodities SE,I,True,IFD-EOET1,EONETRAD,-510.000,0.000,C,0.0130857,0.000,0.000,0.000,0.000,False,False,,,FRANCE
IFD-EPCO1,I_IFD-EPCO1,,,EP COMMODITIES A.S,I,True,EPCAS_FRANCE_DEM,EPCAS,-300.000,0.000,C,0.0130857,0.000,0.000,0.000,0.000,False,False,,,FRANCE
IFD-ERVA1,I_IFD-ERVA1,,,Erova Energy Limited,I,True,EROVA_D_IFA,EROVAIRL,-500.000,0.000,C,0.0130857,0.000,0.000,0.000,0.000,False,False,,,FRANCE
IFD-EWII1,I_IFD-EWII1,,,EWII Energi A/S,I,True,EWII-UK-TO-IFA1,EWII6000,-2000.000,0.000,C,0.0130857,0.000,0.000,0.000,0.000,False,False,,,FRANCE
IFD-EXXO1,I_IFD-EXXO1,,,EXXONMOBIL GAS MARKETING,I,True,From UK,EM123,-1000.000,0.000,C,0.0130857,0.000,0.000,0.000,0.000,False,False,,,FRANCE
IFD-EZCO1,I_IFD-EZCO1,,,ENZEE Commodities A/S,I,True,Flow from UK,ENZEE,-2000.000,0.000,C,0.0130857,0.000,0.000,0.000,0.000,False,False,,,FRANCE
IFD-EZPD1,I_IFD-EZPD1,,,Ezpada AG,I,True,Ezpada from UK,11XEZPAG,-500.000,0.000,C,0.0130857,0.000,0.000,0.000,0.000,False,False,,,FRANCE
IFD-FLEX1,I_IFD-FLEX1,,,Citadel FlexPower GmbH,I,True,I_IFD-FLEX1,FLXPWR,-1000.000,0.000,C,0.0130857,0.000,0.000,0.000,0.000,False,False,,,FRANCE
IFD-FPCD1,I_IFD-FPCD1,,,Freepoint Commodities Europe,I,True,IFD-FPCD1,FREEPNT,-150.000,0.000,C,0.0130857,0.000,0.000,0.000,0.000,False,False,,,FRANCE
IFD-GASE1,I_IFD-GASE1,,,ENGIE GLOBAL MARKETS,I,True,IFA_C,GASELYS,-500.000,0.000,C,0.0130857,0.000,0.000,0.000,0.000,False,False,,,FRANCE
IFD-GAZP1,I_IFD-GAZP1,,,SEFE Marketing & Trading LTD,I,True,GAZPROMD,GAZPROM,-4000.000,0.000,C,0.0130857,0.000,0.000,0.000,0.000,False,False,,,FRANCE
IFD-GDFE1,I_IFD-GDFE1,,,ENGIE Power Limited,I,True,GDFE,RWETDL,-100.000,0.000,C,0.0130857,0.000,0.000,0.000,0.000,False,False,,,FRANCE
IFD-GENI1,I_IFD-GENI1,,,"GEN-I, d.o.o.",I,True,From UK,GENI,-2000.000,0.000,C,0.0130857,0.000,0.000,0.000,0.000,False,False,,,FRANCE
IFD-GLEN1,I_IFD-GLEN1,,,Glencore Energy UK Ltd,I,True,Flow from UK,GENUK,-1000.000,0.000,C,0.0130857,0.000,0.000,0.000,0.000,False,False,,,FRANCE
IFD-GRDC1,I_IFD-GRDC1,,,Grid Commodities ApS,I,True,I_IFD-GRDC1,GRIDCOM1,-4000.000,0.000,C,0.0130857,0.000,0.000,0.000,0.000,False,False,,,FRANCE
IFD-GRMC,I_IFD-GRMC1,,,A/S Global Risk Management Ltd,I,True,Flows out of  the UK,GRMC,-1000.000,0.000,C,0.0084878,0.000,0.000,0.000,0.000,False,False,,,FRANCE
IFD-GRMT1,I_IFD-GRMT1,,,A/S Global Risk Management Ltd,I,True,GRM,GLOBAL,-500.000,0.000,C,0.0130857,0.000,0.000,0.000,0.000,False,False,,,FRANCE
IFD-GUNV1,I_IFD-GUNV1,,,GIBV Geneva Branch,I,True,I_IFD-GUNV1,GUNVOR,-1988.000,0.000,C,0.0130857,0.000,0.000,0.000,0.000,False,False,,,FRANCE
IFD-HART1,I_IFD-HART1,,,HAPPGCO,I,True,Flow from UK,HEPGCO,-1000.000,0.000,C,0.0130857,0.000,0.000,0.000,0.000,False,False,,,FRANCE
IFD-HELI1,I_IFD-HELI1,,,Helios Power Trading A/S,I,True,HELIOS FRANCE DEM,HELIOS,-1000.000,0.000,C,0.0130857,0.000,0.000,0.000,0.000,False,False,,,FRANCE
IFD-IBES1,I_IFD-IBES1,,,Iberdrola Energia Espana S.AU.,I,True,IFD_FRANCE_DEM,IBEGENES,-1000.000,0.000,C,0.0130857,0.000,0.000,0.000,0.000,False,False,,,FRANCE
IFD-IDCT1,I_IFD-IDCT1,,,Inductive Energy A/S,I,True,Induct_UKIFA1,INDUCTIV,-2000.000,0.000,C,0.0130857,0.000,0.000,0.000,0.000,False,False,,,FRANCE
IFD-IMPT1,I_IFD-IMPT1,,,Impact Energy Trading A/S,I,True,Flow from UK,IMPACT25,-2000.000,0.000,C,0.0130857,0.000,0.000,0.000,0.000,False,False,,,FRANCE
IFD-IMTC1,I_IFD-IMTC1,,,IMC Trading BV NL Denmark,I,True,I_IFD-IMTC1,IMCTRADK,-2000.000,0.000,C,0.0130857,0.000,0.000,0.000,0.000,False,False,,,FRANCE
IFD-INCM1,I_IFD-INCM1,,,IN COMMODITIES A/S,I,True,IFAINCOMASC,INCOMAS,-1000.000,0.000,C,0.0130857,0.000,0.000,0.000,0.000,False,False,,,FRANCE
IFD-JSEE1,I_IFD-JSEE1,,,Jane Street Energy Europe B.V.,I,True,Flow out of UK from IFA,JSEE,-50.000,0.000,C,0.0130857,0.000,0.000,0.000,0.000,False,False,,,FRANCE
IFD-JWME1,I_IFD-JWME1,,,JWM Energia,I,True,I_IFD-JWME1,JWM,-1000.000,0.000,C,0.0130857,0.000,0.000,0.000,0.000,False,False,,,FRANCE
IFD-KCST1,I_IFD-KCST1,,,KOCH SUPPLY & TRADING SARL,I,True,IFA_DEM,KSARL,-2000.000,0.000,C,0.0130857,0.000,0.000,0.000,0.000,False,False,,,FRANCE
IFD-KVAS1,I_IFD-KVAS1,,,Kvasir Technologies,I,True,I_IFD-KVAS1,KVASIR,-50.000,0.000,C,0.0130857,0.000,0.000,0.000,0.000,False,False,,,FRANCE
IFD-LTFD1,I_IFD-LTFD1,,,LIGHTFIELD LTD,I,True,LIGHTFLD_IFA_FROM_UK,LIGHTFLD,-1000.000,0.000,C,0.0130857,0.000,0.000,0.000,0.000,False,False,,,FRANCE
IFD-MCRA1,I_IFD-MCRA1,,,Mercuria Energy Trading SA,I,True,IFDMCRA1,METSA,-2000.000,0.000,C,0.0130857,0.000,0.000,0.000,0.000,False,False,,,FRANCE
IFD-MELT1,I_IFD-MELT1,,,Metlen International AG,I,True,MITCO GB-IFA1,MITCOAG1,-2000.000,0.000,C,0.0130857,0.000,0.000,0.000,0.000,False,False,,,FRANCE
IFD-METL1,I_IFD-METL1,,,Metlen International AG,I,True,MITCO GB-IFA1,MITCOAG1,-2000.000,0.000,C,0.0085077,0.000,0.000,0.000,0.000,False,False,,,FRANCE
IFD-MFTE1,I_IFD-MFTE1,,,MFT Energy A/S,I,True,MFT_EXP,MFTE,-1000.000,0.000,C,0.0130857,0.000,0.000,0.000,0.000,False,False,,,FRANCE
IFD-MQBN1,I_IFD-MQBN1,,,Macquarie Bank Limited,I,True,Macquarie Bank IFA,MBLLO,-2000.000,0.000,C,0.0130857,0.000,0.000,0.000,0.000,False,False,,,FRANCE
IFD-NEAS1,I_IFD-NEAS1,,,Centrica Energy Trading A/S,I,True,IFANEASDEM,NEAS,-4000.000,0.000,C,0.0130857,0.000,0.000,0.000,0.000,False,False,,,FRANCE
IFD-NEHO1,I_IFD-NEHO1,,,Nordic Energy House ApS,I,True,IFA NEH-D,NEH,-1000.000,0.000,C,0.0130857,0.000,0.000,0.000,0.000,False,False,,,FRANCE
IFD-NITR1,I_IFD-NITR1,,,Nitor Energy A/S,I,True,IFA FROM UK,NIREX,-1000.000,0.000,C,0.0130857,0.000,0.000,0.000,0.000,False,False,,,FRANCE
IFD-NORL1,I_IFD-NORL1,,,Norlys Energy Trading A/S,I,True,NORLYS_IFA_C,NORLYS,-2000.000,0.000,C,0.0130857,0.000,0.000,0.000,0.000,False,False,,,FRANCE
IFD-NSDQ1,I_IFD-NSDQ1,,,European Market Coupling,I,True,NOMX_IFD,NORDPOOL,-2418.900,0.000,C,0.0140482,0.000,0.000,0.000,0.000,False,False,,,FRANCE
IFD-NTPL1,I_IFD-NTPL1,,,Northpool BV,I,True,I_IFD-NTPL1,NORTHPL,-2000.000,0.000,C,0.0130857,0.000,0.000,0.000,0.000,False,False,,,FRANCE
IFD-NVAL1,I_IFD-NVAL1,,,Nvalue AG,I,True,NVALUE EXPORT1,NVALUE,-500.000,0.000,C,0.0113381,0.000,0.000,0.000,0.000,False,False,,,FRANCE
IFD-OMPX1,I_IFD-OMPX1,,,Ompex AG,I,True,OMPEX_IFA_GB-FR,OMPEX,-1000.000,0.000,C,0.0130857,0.000,0.000,0.000,0.000,False,False,,,FRANCE
IFD-OPMX1,I_IFD-OPMX1,,,Optimax Energy GmbH,I,True,I_IFD-OPMX1,OPTIMAX,-1000.000,0.000,C,0.0130857,0.000,0.000,0.000,0.000,False,False,,,FRANCE
IFD-OUTL1,I_IFD-OUTL1,,,Outlook Energy Ltd,I,True,I_IFD-OUTL1,OUTLOOK,-4000.000,0.000,C,0.0130857,0.000,0.000,0.000,0.000,False,False,,,FRANCE
IFD-PEAK1,I_IFD-PEAK1,,,Peak Gen Top Co Limited,I,True,PGIFA Demand,PEAKGEN,-2000.000,0.000,C,0.0130857,0.000,0.000,0.000,0.000,False,False,,,FRANCE
IFD-PETC1,I_IFD-PETC1,,,PETROCHINA INTL LONDON CO. LTD,I,True,PCIL UK TO FR IFA,PETCHINA,-2000.000,0.000,C,0.0130857,0.000,0.000,0.000,0.000,False,False,,,FRANCE
IFD-PLAN1,I_IFD-PLAN1,,,BCM Energy,I,True,I_IFD-PLAN1,BCMENERG,-400.000,0.000,C,0.0097117,0.000,0.000,0.000,0.000,False,False,,,FRANCE
IFD-PTRS1,I_IFD-PTRS1,,,PetroChina International,I,True,PETRIN-IFDD,PETRIN,-2000.000,0.000,C,0.0231229,0.000,0.000,0.000,0.000,False,False,,,FRANCE
IFD-PURE1,I_IFD-PURE1,,,pure.energy GmbH,I,True,I_IFD-PURE1,PUREEN,-4000.000,0.000,C,0.0130857,0.000,0.000,0.000,0.000,False,False,,,FRANCE
IFD-PWMR1,I_IFD-PWMR1,,,PowerMart ApS,I,True,IFA EXPORT,POMA,-1000.000,0.000,C,0.0130857,0.000,0.000,0.000,0.000,False,False,,,FRANCE
IFD-QTPT1,I_IFD-QTPT1,,,Quantum Power Trading,I,True,QPT FROM UK,QPT,-1000.000,0.000,C,0.0130857,0.000,0.000,0.000,0.000,False,False,,,FRANCE
IFD-QUAR1,I_IFD-QUAR1,,,Quark Energy Trading Limited,I,True,IFA1 DEMAND,QUARKET,-2000.000,0.000,C,0.0130857,0.000,0.000,0.000,0.000,False,False,,,FRANCE
IFD-QUEN1,I_IFD-QUEN1,,,QUENT ApS,I,True,Flow FROM UK,QUENT,-1000.000,0.000,C,0.0130857,0.000,0.000,0.000,0.000,False,False,,,FRANCE
IFD-RESP1,I_IFD-RESP1,,,RESPECT ENERGY S.A.,I,True,RESA-IFA-FU,RESA,-700.000,0.000,C,0.0130857,0.000,0.000,0.000,0.000,False,False,,,FRANCE
IFD-RISQ1,I_IFD-RISQ1,,,Risq Energy Limited,I,True,RISQ from the UK,RISQ,-1000.000,0.000,C,0.0130857,0.000,0.000,0.000,0.000,False,False,,,FRANCE
IFD-RWES1,I_IFD-RWES1,,,RWE Supply and Trading GmbH,I,True,RWEST IFA Export,RWE,-2000.000,0.000,C,0.0130857,0.000,0.000,0.000,0.000,False,False,,,FRANCE
IFD-SEAG1,I_IFD-SEAG1,,,Seagull Energy Trading,I,True,I_IFD-SEAG1,SEAGULL,-4000.000,0.000,C,0.0130857,0.000,0.000,0.000,0.000,False,False,,,FRANCE
IFD-SECF1,I_IFD-SECF1,,,Second Foundation Trading AG,I,True,IFA1 Dem,TRISOLAR,-400.000,0.000,C,0.0130857,0.000,0.000,0.000,0.000,False,False,,,FRANCE
IFD-SETL1,I_IFD-SETL1,,,Shell Energy Europe Limited,I,True,CONSUMPTION BMU,SHELL2,-2000.000,0.000,C,0.0130857,0.000,0.000,0.000,0.000,False,False,,,FRANCE
IFD-SIRI1,I_IFD-SIRI1,,,Sirius Energy SA,I,True,I_IFD-SIRI1,SIRIUSEN,-2000.000,0.000,C,0.0130857,0.000,0.000,0.000,0.000,False,False,,,FRANCE
IFD-SPEM1,I_IFD-SPEM1,,,SP Energy Management Ltd,I,True,IFD-SPEM1,SPOWER02,-2000.000,0.000,C,0.0140482,0.000,0.000,0.000,0.000,False,False,,,FRANCE
IFD-SSEG1,I_IFD-SSEG1,,,SSE Energy Supply Limited,I,True,SSE EUI-FRANCE GBF,SSE,0.000,0.000,C,0.0130857,0.000,0.000,0.000,0.000,False,False,,,FRANCE
IFD-STAT1,I_IFD-STAT1,,,Statkraft Markets Gmbh,I,True,STATKRAFT_UK_FRANCE EXPORT,STATKRA1,-400.000,0.000,C,0.0130857,0.000,0.000,0.000,0.000,False,False,,,FRANCE
IFD-STGS1,I_IFD-STGS1,,,STG Switzerland GmbH,I,True,STG CH IFA GB-FR,STG8T4R,-2000.000,0.000,C,0.0130857,0.000,0.000,0.000,0.000,False,False,,,FRANCE
IFD-TFEE1,I_IFD-TFEE1,,,TotalEnergies Gas & Power Ltd,I,True,D-TFEE,TFEGP,-2000.000,0.000,C,0.0130857,0.000,0.000,0.000,0.000,False,False,,,FRANCE
IFD-TILD1,I_IFD-TILD1,,,Tilde Energy Trading A/S,I,True,I_IFD-TILD1,TILDEET,-1000.000,0.000,C,0.0130857,0.000,0.000,0.000,0.000,False,False,,,FRANCE
IFD-TRFD1,I_IFD-TRFD1,,,Trafigura Denmark ApS,I,True,IFA1_EX,TRAFDK23,-1000.000,0.000,C,0.0130857,0.000,0.000,0.000,0.000,False,False,,,FRANCE
IFD-TRFG1,I_IFD-TRFG1,,,Trafigura Trading Sarl,I,True,IFA1_EX,TRAF,-1000.000,0.000,C,0.0130857,0.000,0.000,0.000,0.000,False,False,,,FRANCE
IFD-TRGY1,I_IFD-TRGY1,,,Tradergy S. L.,I,True,Flow from UK,TRADERGY,-1400.000,0.000,C,0.0130857,0.000,0.000,0.000,0.000,False,False,,,FRANCE
IFD-TRLS1,I_IFD-TRLS1,,,Engelhart CTP Renewables GmbH,I,True,IFA_TRL_C,GREENPWR,-4000.000,0.000,C,0.0130857,0.000,0.000,0.000,0.000,False,False,,,FRANCE
IFD-TRSI1,I_IFD-TRSI1,,,Trasteel International SA,I,True,Flow FROM UK,TRAINT,-1000.000,0.000,C,0.0130857,0.000,0.000,0.000,0.000,False,False,,,FRANCE
IFD-VOLT1,I_IFD-VOLT1,,,Volta Energy DAC,I,True,IFA FROM UK,VOLTADAC,-500.000,0.000,C,0.0130857,0.000,0.000,0.000,0.000,False,False,,,FRANCE
IFD-VSAL1,I_IFD-VSAL1,,,VITOL SA,I,True,FPNC,VITOLSA,-2000.000,0.000,C,0.0130857,0.000,0.000,0.000,0.000,False,False,,,FRANCE
IFD-VTFS1,I_IFD-VTFS1,,,Vattenfall Energy Trading,I,True,IFD-VTFS1,VTS,-1000.000,0.000,C,0.0130857,0.000,0.000,0.000,0.000,False,False,,,FRANCE
IFD-VTUS,I_IFD-VTUS1,,,Vitus Capital AG,I,True,IFD-VTUS1_FROMFR,MONOCAP7,-300.000,0.000,C,0.0130857,0.000,0.000,0.000,0.000,False,False,,,FRANCE
IFD-WOLF1,I_IFD-WOLF1,,,Wolfram Trading ApS,I,True,WT IFA Import BMU,WT74183,-800.000,0.000,C,0.0130857,0.000,0.000,0.000,0.000,False,False,,,FRANCE
IFD-XNON1,I_IFD-XNON1,,,XENON CAPITAL MARKETS LTD,I,True,XENON-IFA-C,XENON,-2000.000,0.000,C,0.0130857,0.000,0.000,0.000,0.000,False,False,,,FRANCE
IFG-ACCE1,I_IFG-ACCE1,,,Centrica Energy Limited,I,True,ACC INTERCON,ACCORD,0.000,2000.000,P,0.0130857,0.000,0.000,0.000,0.000,False,False,,,FRANCE
IFG-ALEU1,I_IFG-ALEU1,,,Alphataraxia Europium BV,I,True,ATX_FRANCE_GEN,ATX,0.000,1000.000,P,0.0130857,0.000,0.000,0.000,0.000,False,False,,,FRANCE
IFG-ALIP1,I_IFG-ALIP1,,,Energetick ApS,I,True,Flow into UK,ALPSNRG,0.000,100.000,P,0.0130857,0.000,0.000,0.000,0.000,False,False,,,FRANCE
IFG-ALPE1,I_IFG-ALPE1,,,Alpha Energy ApS,I,True,IFA1 Generation,ALPHAENE,0.000,500.000,P,0.0130857,0.000,0.000,0.000,0.000,False,False,,,FRANCE
IFG-ALPQ1,I_IFG-ALPQ1,,,Alpiq AG,I,True,I_IFG-ALPQ1,ALPIQ,0.000,1000.000,P,0.0130857,0.000,0.000,0.000,0.000,False,False,,,FRANCE
IFG-ARON1,I_IFG-ARON1,,,J.Aron & Company,I,True,IFG-ARON1,JARON,0.000,2000.000,P,0.0130857,0.000,0.000,0.000,0.000,False,False,,,FRANCE
IFG-AROS1,I_IFG-AROS1,,,Arosource ApS,I,True,AROS Flow INTO UK,AROSOURC,0.000,1000.000,P,0.0130857,0.000,0.000,0.000,0.000,False,False,,,FRANCE
IFG-ARTH1,I_IFG-ARTH1,,,Aarhus Trading A/S,I,True,I_IFG-ARTH1,ATAS,0.000,1000.000,P,0.0130857,0.000,0.000,0.000,0.000,False,False,,,FRANCE
IFG-ATLS1,I_IFG-ATLS1,,,Atlas Energy DAC,I,True,Atlas FRIFA1-GB,AED75443,0.000,2000.000,P,0.0130857,0.000,0.000,0.000,0.000,False,False,,,FRANCE
IFG-BAYW1,I_IFG-BAYW1,,,Baywa r.e. Energy Trading GmbH,I,True,Flow into UK over IFA1,B9R3T560,0.000,2000.000,P,0.0130857,0.000,0.000,0.000,0.000,False,False,,,FRANCE
IFG-BDEN1,I_IFG-BDEN1,,,BD Energy A/S,I,True,BDE INTO UK,BDENERGY,0.000,720.000,P,0.0130857,0.000,0.000,0.000,0.000,False,False,,,FRANCE
IFG-BKWE1,I_IFG-BKWE1,,,BKW Energie AG,I,True,IFG-BKWE1,BKW,0.000,1500.000,P,0.0130857,0.000,0.000,0.000,0.000,False,False,,,FRANCE
IFG-BNPS1,I_IFG-BNPS1,,,BNP Paribas,I,True,BNP Paribas UK Import,BNPP,0.000,2000.000,P,0.0130857,0.000,0.000,0.000,0.000,False,False,,,FRANCE
IFG-BPGE1,I_IFG-BPGE1,,,BP Gas Marketing Limited,I,True,I_IFG-BPGE1,BPGAS,0.000,2000.000,P,0.0130857,0.000,0.000,0.000,0.000,False,False,,,FRANCE
IFG-CACM1,I_IFG-CACM1,,,C A Commodities A/S,I,True,IFA1 Flow into UK,CACOMAS,0.000,1000.000,P,0.0130857,0.000,0.000,0.000,0.000,False,False,,,FRANCE
IFG-CBST1,I_IFG-CBST1,,,Cobblestone Energy,I,True,Cobblestone Energy Ltd,CBBLESTN,0.000,2000.000,P,0.0130857,0.000,0.000,0.000,0.000,False,False,,,FRANCE
IFG-CCME1,I_IFG-CCME1,,,Castleton Commodities Europe,I,True,CCME INTO UK,CASTLEEU,0.000,2000.000,P,0.0130857,0.000,0.000,0.000,0.000,False,False,,,FRANCE
IFG-CETL1,I_IFG-CETL1,,,Conrad Energy (Trading) Ltd,I,True,CONRAD INTO UK,CONRAD,0.000,2000.000,P,0.0130857,0.000,0.000,0.000,0.000,False,False,,,FRANCE
IFG-CEZC1,I_IFG-CEZC1,,,CEZ A.S,I,True,IFA Import,45274649,0.000,1000.000,P,0.0130857,0.000,0.000,0.000,0.000,False,False,,,FRANCE
IFG-CFPE1,I_IFG-CFPE1,,,CFP Commodities Limited,I,True,I_IFG-CFPE1,CFPC1,0.000,1000.000,P,0.0130857,0.000,0.000,0.000,0.000,False,False,,,FRANCE
IFG-CGML1,I_IFG-CGML1,,,Citigroup Global Markets Ltd,I,True,CGMLGEN,CGML2007,0.000,2000.000,P,0.0130857,0.000,0.000,0.000,0.000,False,False,,,FRANCE
IFG-CNGS1,I_IFG-CNGS1,,,Cenergise Limited,I,True,CNGS_G_IFA,CEGISE,0.000,2000.000,P,0.0087752,0.000,0.000,0.000,0.000,False,False,,,FRANCE
IFG-CNRE1,I_IFG-CNRE1,,,Compagnie Nationale du Rhone,I,True,I_IFG-CNRE1,CNRP,0.000,500.000,P,0.0130857,0.000,0.000,0.000,0.000,False,False,,,FRANCE
IFG-COMM1,I_IFG-COMM1,,,COMCOM Trading d.o.o,I,True,I_IFG-COMM1,COMCOM,0.000,2000.000,P,0.0130857,0.000,0.000,0.000,0.000,False,False,,,FRANCE
IFG-CONS1,I_IFG-CONS1,,,Constellation Generation LTD,I,True,Constellation France Prod,EXGENLIM,0.000,2000.000,P,0.0130857,0.000,0.000,0.000,0.000,False,False,,,FRANCE
IFG-CONV1,I_IFG-CONV1,,,Convex Energy GmbH,I,True,IFG-CONV1,GEAG,0.000,500.000,P,0.0130857,0.000,0.000,0.000,0.000,False,False,,,FRANCE
IFG-COPN1,I_IFG-COPN1,,,Copenhagen Energy Trading A/S,I,True,CET_IFA,CET1234,0.000,1000.000,P,0.0130857,0.000,0.000,0.000,0.000,False,False,,,FRANCE
IFG-CURR1,I_IFG-CURR1,,,Current Commodities A/S,I,True,I_IFG-CURR1,CURRENT,0.000,2000.000,P,0.0130857,0.000,0.000,0.000,0.000,False,False,,,FRANCE
IFG-DARE1,I_IFG-DARE1,,,Dare Power Ltd,I,True,I_IFG-DARE1,DARE,0.000,4000.000,P,0.0130857,0.000,0.000,0.000,0.000,False,False,,,FRANCE
IFG-DMCC1,I_IFG-DMCC1,,,Cobblestone Energy DMCC,I,True,Cobblestone Energy DMCC,OLDKENT,0.000,2000.000,P,0.0130857,0.000,0.000,0.000,0.000,False,False,,,FRANCE
IFG-DNGN1,I_IFG-DNGN1,,,Orsted Salg & Service A/S,I,True,IFG-DNGN1,DEEM1000,0.000,2000.000,P,0.0130857,0.000,0.000,0.000,0.000,False,False,,,FRANCE
IFG-DSKC1,I_IFG-DSKC1,,,Danske Commodities A/S,I,True,DANSKEGE,DANSKE,0.000,2000.000,P,0.0130857,0.000,0.000,0.000,0.000,False,False,,,FRANCE
IFG-DUEN1,I_IFG-DUEN1,,,Duferco Energia S.p.A.,I,True,IFA_FR-UK,DUCEX123,0.000,200.000,P,0.0130857,0.000,0.000,0.000,0.000,False,False,,,FRANCE
IFG-DUFE1,I_IFG-DUFE1,,,DXT Commodities SA,I,True,DUFENERGY FR - UK,DUFENERG,0.000,1000.000,P,0.0130857,0.000,0.000,0.000,0.000,False,False,,,FRANCE
IFG-DVAL1,I_IFG-DVAL1,,,DVALIN ApS,I,True,I_IFG-DVAL1,DVALIN,0.000,2000.000,P,0.0130857,0.000,0.000,0.000,0.000,False,False,,,FRANCE
IFG-DVTD1,I_IFG-DVTD1,,,DV Trading (Europe) P/S,I,True,DV FRIFA1-GB,DVTRAD45,0.000,2000.000,P,0.0130857,0.000,0.000,0.000,0.000,False,False,,,FRANCE
IFG-ECCA1,I_IFG-ECCA1,,,ECC AG,I,True,ECC-XB-PRODUCTION,ECC,0.000,3000.000,P,0.0130857,0.000,0.000,0.000,0.000,False,False,,,FRANCE
IFG-EDFT1,I_IFG-EDFT1,,,EDF TRADING LIMITED,I,True,EDFTG,EDFT,0.000,4000.000,P,0.0130857,0.000,0.000,0.000,0.000,False,False,,,FRANCE
IFG-EDMK1,I_IFG-EDMK1,,,Mind Energy A/S,I,True,Energidk_G,ENERGIDK,0.000,3000.000,P,0.0130857,0.000,0.000,0.000,0.000,False,False,,,FRANCE
IFG-EENG1,I_IFG-EENG1,,,Eio Energi ApS,I,True,I_IFG-EENG1,EIOENRGY,0.000,50.000,P,0.0130857,0.000,0.000,0.000,0.000,False,False,,,FRANCE
IFG-EGLE1,I_IFG-EGLE1,,,Axpo Solutions AG,I,True,EGL Production,EGL,0.000,500.000,P,0.0130857,0.000,0.000,0.000,0.000,False,False,,,FRANCE
IFG-ELEE1,I_IFG-ELEE1,,,Electrabel SA,I,True,IELECBEL,ELECBEL,0.000,500.000,P,0.0130857,0.000,0.000,0.000,0.000,False,False,,,FRANCE
IFG-ELTR1,I_IFG-ELTR1,,,ElectroRoute Energy Trading,I,True,EETL IFA FRGB BMU,ELECTRO,0.000,2000.000,P,0.0130857,0.000,0.000,0.000,0.000,False,False,,,FRANCE
IFG-ENBW1,I_IFG-ENBW1,,,EnBW Energie Ba-Wu AG,I,True,I_IFG-ENBW1,ENBWNPT,0.000,2000.000,P,0.0130857,0.000,0.000,0.000,0.000,False,False,,,FRANCE
IFG-ENEL1,I_IFG-ENEL1,,,Enel Global Trading S.P.A,I,True,EnelTradeIFA,ENELTRAD,0.000,1000.000,P,0.0130857,0.000,0.000,0.000,0.000,False,False,,,FRANCE
IFG-ENET1,I_IFG-ENET1,,,Eneco Energy Trade,I,True,I_IFG-ENET1,ENECOUK,0.000,50.000,P,0.0130857,0.000,0.000,0.000,0.000,False,False,,,FRANCE
IFG-ENKI1,I_IFG-ENKI1,,,ENKI TRADING S.R.O.,I,True,NANOTRAD Gen,NANOTRD,0.000,500.000,P,0.0157520,0.000,0.000,0.000,0.000,False,False,,,FRANCE
IFG-ENSC1,I_IFG-ENSC1,,,EnSCo Energy Services Company,I,True,Flow into UK,ENSCOAG,0.000,1000.000,P,0.0130857,0.000,0.000,0.000,0.000,False,False,,,FRANCE
IFG-ENSP1,I_IFG-ENSP1,,,enspired GmbH,I,True,IF-ENSP-FROM-UK,ENSPIRED,0.000,2000.000,P,0.0130857,0.000,0.000,0.000,0.000,False,False,,,FRANCE
IFG-ENTC1,I_IFG-ENTC1,,,Energetech Europe BV,I,True,ENTC1 to UK,ENERGETE,0.000,500.000,P,0.0072396,0.000,0.000,0.000,0.000,False,False,,,FRANCE
IFG-ENVM1,I_IFG-ENVM1,,,Energya VM Gestion De Energia,I,True,ENERVMGEN,ENERVM,0.000,2000.000,P,0.0221547,0.000,0.000,0.000,0.000,False,False,,,FRANCE
IFG-ENZL1,I_IFG-ENZL1,,,ENZOL Energy Trading ApS,I,True,IFA (FRANCE) flow INTO UK,ENZOL,0.000,800.000,P,0.0130857,0.000,0.000,0.000,0.000,False,False,,,FRANCE
IFG-EOET1,I_IFG-EOET1,,,Uniper Global Commodities SE,I,True,IFG-EOET1,EONETRAD,0.000,510.000,P,0.0130857,0.000,0.000,0.000,0.000,False,False,,,FRANCE
IFG-EPCO1,I_IFG-EPCO1,,,EP COMMODITIES A.S,I,True,EPCAS_FRANCE_GEN,EPCAS,0.000,300.000,P,0.0130857,0.000,0.000,0.000,0.000,False,False,,,FRANCE
IFG-ERVA1,I_IFG-ERVA1,,,Erova Energy Limited,I,True,EROVA_G_IFA,EROVAIRL,0.000,500.000,P,0.0130857,0.000,0.000,0.000,0.000,False,False,,,FRANCE
IFG-EWII1,I_IFG-EWII1,,,EWII Energi A/S,I,True,EWII-IFA1-TO-UK,EWII6000,0.000,2000.000,P,0.0130857,0.000,0.000,0.000,0.000,False,False,,,FRANCE
IFG-EXXO1,I_IFG-EXXO1,,,EXXONMOBIL GAS MARKETING,I,True,EXXON INTO UK,EM123,0.000,1000.000,P,0.0130857,0.000,0.000,0.000,0.000,False,False,,,FRANCE
IFG-EZCO1,I_IFG-EZCO1,,,ENZEE Commodities A/S,I,True,Flow into UK,ENZEE,0.000,2000.000,P,0.0130857,0.000,0.000,0.000,0.000,False,False,,,FRANCE
IFG-EZPD1,I_IFG-EZPD1,,,Ezpada AG,I,True,Ezpada Into UK,11XEZPAG,0.000,500.000,P,0.0130857,0.000,0.000,0.000,0.000,False,False,,,FRANCE
IFG-FLEX1,I_IFG-FLEX1,,,Citadel FlexPower GmbH,I,True,I_IFG-FLEX1,FLXPWR,0.000,1000.000,P,0.0130857,0.000,0.000,0.000,0.000,False,False,,,FRANCE
IFG-FPCD1,I_IFG-FPCD1,,,Freepoint Commodities Europe,I,True,IFG-FPCD1,FREEPNT,0.000,150.000,P,0.0130857,0.000,0.000,0.000,0.000,False,False,,,FRANCE
IFG-GASE1,I_IFG-GASE1,,,ENGIE GLOBAL MARKETS,I,True,IFA_P,GASELYS,0.000,500.000,P,0.0130857,0.000,0.000,0.000,0.000,False,False,,,FRANCE
IFG-GAZP1,I_IFG-GAZP1,,,SEFE Marketing & Trading LTD,I,True,GAZPROMG,GAZPROM,0.000,3000.000,P,0.0130857,0.000,0.000,0.000,0.000,False,False,,,FRANCE
IFG-GDFE1,I_IFG-GDFE1,,,ENGIE Power Limited,I,True,GDFI,RWETDL,0.000,200.000,P,0.0130857,0.000,0.000,0.000,0.000,False,False,,,FRANCE
IFG-GENI1,I_IFG-GENI1,,,"GEN-I, d.o.o.",I,True,Into UK,GENI,0.000,2000.000,P,0.0130857,0.000,0.000,0.000,0.000,False,False,,,FRANCE
IFG-GLEN1,I_IFG-GLEN1,,,Glencore Energy UK Ltd,I,True,Flow into UK,GENUK,0.000,1000.000,P,0.0130857,0.000,0.000,0.000,0.000,False,False,,,FRANCE
IFG-GRDC1,I_IFG-GRDC1,,,Grid Commodities ApS,I,True,I_IFG-GRDC1,GRIDCOM1,0.000,4000.000,P,0.0130857,0.000,0.000,0.000,0.000,False,False,,,FRANCE
IFG-GRMC1,I_IFG-GRMC1,,,A/S Global Risk Management Ltd,I,True,Flows into the  UK,GRMC,0.000,1000.000,P,0.0084878,0.000,0.000,0.000,0.000,False,False,,,FRANCE
IFG-GRMT1,I_IFG-GRMT1,,,A/S Global Risk Management Ltd,I,True,GRM,GLOBAL,0.000,500.000,P,0.0130857,0.000,0.000,0.000,0.000,False,False,,,FRANCE
IFG-GUNV1,I_IFG-GUNV1,,,GIBV Geneva Branch,I,True,I_IFG-GUNV1,GUNVOR,0.000,1988.000,P,0.0130857,0.000,0.000,0.000,0.000,False,False,,,FRANCE
IFG-HART1,I_IFG-HART1,,,HAPPGCO,I,True,Flow into UK,HEPGCO,0.000,1000.000,P,0.0130857,0.000,0.000,0.000,0.000,False,False,,,FRANCE
IFG-HELI1,I_IFG-HELI1,,,Helios Power Trading A/S,I,True,HELIOS FRANCE GEN,HELIOS,0.000,1000.000,P,0.0130857,0.000,0.000,0.000,0.000,False,False,,,FRANCE
IFG-IBES1,I_IFG-IBES1,,,Iberdrola Energia Espana S.AU.,I,True,IFG_FRANCE_GEN,IBEGENES,0.000,1000.000,P,0.0130857,0.000,0.000,0.000,0.000,False,False,,,FRANCE
IFG-IDCT1,I_IFG-IDCT1,,,Inductive Energy A/S,I,True,Induct_IFA1UK,INDUCTIV,0.000,2000.000,P,0.0130857,0.000,0.000,0.000,0.000,False,False,,,FRANCE
IFG-IMPT1,I_IFG-IMPT1,,,Impact Energy Trading A/S,I,True,Flow into UK,IMPACT25,0.000,2000.000,P,0.0130857,0.000,0.000,0.000,0.000,False,False,,,FRANCE
IFG-IMTC1,I_IFG-IMTC1,,,IMC Trading BV NL Denmark,I,True,I_IFG-IMTC1,IMCTRADK,0.000,2000.000,P,0.0130857,0.000,0.000,0.000,0.000,False,False,,,FRANCE
IFG-INCM1,I_IFG-INCM1,,,IN COMMODITIES A/S,I,True,IFAINCOMASP,INCOMAS,0.000,1000.000,P,0.0130857,0.000,0.000,0.000,0.000,False,False,,,FRANCE
IFG-JSEE1,I_IFG-JSEE1,,,Jane Street Energy Europe B.V.,I,True,Flow into UK from IFA,JSEE,0.000,50.000,P,0.0130857,0.000,0.000,0.000,0.000,False,False,,,FRANCE
IFG-JWME1,I_IFG-JWME1,,,JWM Energia,I,True,I_IFG-JWME1,JWM,0.000,1000.000,P,0.0130857,0.000,0.000,0.000,0.000,False,False,,,FRANCE
IFG-KCST1,I_IFG-KCST1,,,KOCH SUPPLY & TRADING SARL,I,True,IFA_GEN,KSARL,0.000,2000.000,P,0.0130857,0.000,0.000,0.000,0.000,False,False,,,FRANCE
IFG-KVAS1,I_IFG-KVAS1,,,Kvasir Technologies,I,True,I_IFG-KVAS1,KVASIR,0.000,50.000,P,0.0130857,0.000,0.000,0.000,0.000,False,False,,,FRANCE
IFG-LTFD1,I_IFG-LTFD1,,,LIGHTFIELD LTD,I,True,LIGHTFLD_IFA_INTO_UK,LIGHTFLD,0.000,1000.000,P,0.0130857,0.000,0.000,0.000,0.000,False,False,,,FRANCE
IFG-MCRA1,I_IFG-MCRA1,,,Mercuria Energy Trading SA,I,True,IFGMCRA1,METSA,0.000,2000.000,P,0.0130857,0.000,0.000,0.000,0.000,False,False,,,FRANCE
IFG-MELT1,I_IFG-MELT1,,,Metlen International AG,I,True,MITCO IFA1-GB,MITCOAG1,0.000,2000.000,P,0.0130857,0.000,0.000,0.000,0.000,False,False,,,FRANCE
IFG-MFTE1,I_IFG-MFTE1,,,MFT Energy A/S,I,True,MFT_IMP,MFTE,0.000,1000.000,P,0.0130857,0.000,0.000,0.000,0.000,False,False,,,FRANCE
IFG-MQBN1,I_IFG-MQBN1,,,Macquarie Bank Limited,I,True,Macquarie Bank IFA,MBLLO,0.000,2000.000,P,0.0130857,0.000,0.000,0.000,0.000,False,False,,,FRANCE
IFG-NEAS1,I_IFG-NEAS1,,,Centrica Energy Trading A/S,I,True,IFANEASGEN,NEAS,0.000,4000.000,P,0.0130857,0.000,0.000,0.000,0.000,False,False,,,FRANCE
IFG-NEHO1,I_IFG-NEHO1,,,Nordic Energy House ApS,I,True,IFA NEH-G,NEH,0.000,1000.000,P,0.0130857,0.000,0.000,0.000,0.000,False,False,,,FRANCE
IFG-NITR1,I_IFG-NITR1,,,Nitor Energy A/S,I,True,IFA INTO UK,NIREX,0.000,1000.000,P,0.0130857,0.000,0.000,0.000,0.000,False,False,,,FRANCE
IFG-NORL1,I_IFG-NORL1,,,Norlys Energy Trading A/S,I,True,NORLYS_IFA_P,NORLYS,0.000,2000.000,P,0.0130857,0.000,0.000,0.000,0.000,False,False,,,FRANCE
IFG-NSDQ1,I_IFG-NSDQ1,,,European Market Coupling,I,True,NOMX_IFG,NORDPOOL,0.000,2000.000,P,0.0140482,0.000,0.000,0.000,0.000,False,False,,,FRANCE
IFG-NTPL1,I_IFG-NTPL1,,,Northpool BV,I,True,I_IFG-NTPL1,NORTHPL,0.000,2000.000,P,0.0130857,0.000,0.000,0.000,0.000,False,False,,,FRANCE
IFG-NVAL1,I_IFG-NVAL1,,,Nvalue AG,I,True,NVALUE IMPORT1,NVALUE,0.000,500.000,P,0.0113381,0.000,0.000,0.000,0.000,False,False,,,FRANCE
IFG-OMPX1,I_IFG-OMPX1,,,Ompex AG,I,True,OMPEX_IFA_FR-GB,OMPEX,0.000,1000.000,P,0.0130857,0.000,0.000,0.000,0.000,False,False,,,FRANCE
IFG-OPMX1,I_IFG-OPMX1,,,Optimax Energy GmbH,I,True,I_IFG-OPMX1,OPTIMAX,0.000,1000.000,P,0.0130857,0.000,0.000,0.000,0.000,False,False,,,FRANCE
IFG-OUTL1,I_IFG-OUTL1,,,Outlook Energy Ltd,I,True,I_IFG-OUTL1,OUTLOOK,0.000,4000.000,P,0.0130857,0.000,0.000,0.000,0.000,False,False,,,FRANCE
IFG-PEAK1,I_IFG-PEAK1,,,Peak Gen Top Co Limited,I,True,PGIFA Generation,PEAKGEN,0.000,2000.000,P,0.0130857,0.000,0.000,0.000,0.000,False,False,,,FRANCE
IFG-PETC1,I_IFG-PETC1,,,PETROCHINA INTL LONDON CO. LTD,I,True,PCIL FR TO UK IFA,PETCHINA,0.000,2000.000,P,0.0130857,0.000,0.000,0.000,0.000,False,False,,,FRANCE
IFG-PLAN1,I_IFG-PLAN1,,,BCM Energy,I,True,I_IFG-PLAN1,BCMENERG,0.000,400.000,P,0.0097117,0.000,0.000,0.000,0.000,False,False,,,FRANCE
IFG-PTRS1,I_IFG-PTRS1,,,PetroChina International,I,True,PETRIN-IFDG,PETRIN,0.000,2000.000,P,0.0231229,0.000,0.000,0.000,0.000,False,False,,,FRANCE
IFG-PURE1,I_IFG-PURE1,,,pure.energy GmbH,I,True,I_IFG-PURE1,PUREEN,0.000,4000.000,P,0.0130857,0.000,0.000,0.000,0.000,False,False,,,FRANCE
IFG-PWMR1,I_IFG-PWMR1,,,PowerMart ApS,I,True,IFA IMPORT,POMA,0.000,1000.000,P,0.0130857,0.000,0.000,0.000,0.000,False,False,,,FRANCE
IFG-QTPT1,I_IFG-QTPT1,,,Quantum Power Trading,I,True,QPT INTO UK,QPT,0.000,1000.000,P,0.0130857,0.000,0.000,0.000,0.000,False,False,,,FRANCE
IFG-QUAR1,I_IFG-QUAR1,,,Quark Energy Trading Limited,I,True,IFA1 GEN,QUARKET,0.000,2000.000,P,0.0130857,0.000,0.000,0.000,0.000,False,False,,,FRANCE
IFG-QUEN1,I_IFG-QUEN1,,,QUENT ApS,I,True,Flow INTO UK,QUENT,0.000,1000.000,P,0.0130857,0.000,0.000,0.000,0.000,False,False,,,FRANCE
IFG-RESP1,I_IFG-RESP1,,,RESPECT ENERGY S.A.,I,True,RESA-IFA-IU,RESA,0.000,700.000,P,0.0130857,0.000,0.000,0.000,0.000,False,False,,,FRANCE
IFG-RISQ1,I_IFG-RISQ1,,,Risq Energy Limited,I,True,RISQ to the UK,RISQ,0.000,1000.000,P,0.0130857,0.000,0.000,0.000,0.000,False,False,,,FRANCE
IFG-RWES1,I_IFG-RWES1,,,RWE Supply and Trading GmbH,I,True,RWEST IFA Import,RWE,0.000,2000.000,P,0.0130857,0.000,0.000,0.000,0.000,False,False,,,FRANCE
IFG-SEAG1,I_IFG-SEAG1,,,Seagull Energy Trading,I,True,I_IFG-SEAG1,SEAGULL,0.000,4000.000,P,0.0130857,0.000,0.000,0.000,0.000,False,False,,,FRANCE
IFG-SECF1,I_IFG-SECF1,,,Second Foundation Trading AG,I,True,IFA1 Gen,TRISOLAR,0.000,400.000,P,0.0130857,0.000,0.000,0.000,0.000,False,False,,,FRANCE
IFG-SETL1,I_IFG-SETL1,,,Shell Energy Europe Limited,I,True,PRODUCTION BMU,SHELL2,0.000,2000.000,P,0.0130857,0.000,0.000,0.000,0.000,False,False,,,FRANCE
IFG-SIRI1,I_IFG-SIRI1,,,Sirius Energy SA,I,True,I_IFG-SIRI1,SIRIUSEN,0.000,2000.000,P,0.0130857,0.000,0.000,0.000,0.000,False,False,,,FRANCE
IFG-SPEM1,I_IFG-SPEM1,,,SP Energy Management Ltd,I,True,IFG-SPEM1,SPOWER02,0.000,2000.000,P,0.0140482,0.000,0.000,0.000,0.000,False,False,,,FRANCE
IFG-SSEG1,I_IFG-SSEG1,,,SSE Energy Supply Limited,I,True,SSE EUI-FRANCE FGB,SSE,0.000,0.000,P,0.0130857,0.000,0.000,0.000,0.000,False,False,,,FRANCE
IFG-STAT1,I_IFG-STAT1,,,Statkraft Markets Gmbh,I,True,STATKRAFT_UK_FRANCE IMPORT,STATKRA1,0.000,400.000,P,0.0130857,0.000,0.000,0.000,0.000,False,False,,,FRANCE
IFG-STGS1,I_IFG-STGS1,,,STG Switzerland GmbH,I,True,STG CH IFA FR-GB,STG8T4R,0.000,2000.000,P,0.0130857,0.000,0.000,0.000,0.000,False,False,,,FRANCE
IFG-TFEE1,I_IFG-TFEE1,,,TotalEnergies Gas & Power Ltd,I,True,G-TFEE,TFEGP,0.000,2000.000,P,0.0130857,0.000,0.000,0.000,0.000,False,False,,,FRANCE
IFG-TILD1,I_IFG-TILD1,,,Tilde Energy Trading A/S,I,True,I_IFG-TILD1,TILDEET,0.000,1000.000,P,0.0130857,0.000,0.000,0.000,0.000,False,False,,,FRANCE
IFG-TRFD1,I_IFG-TRFD1,,,Trafigura Denmark ApS,I,True,IFA1_IM,TRAFDK23,0.000,1000.000,P,0.0130857,0.000,0.000,0.000,0.000,False,False,,,FRANCE
IFG-TRFG1,I_IFG-TRFG1,,,Trafigura Trading Sarl,I,True,IFA1_IM,TRAF,0.000,1000.000,P,0.0130857,0.000,0.000,0.000,0.000,False,False,,,FRANCE
IFG-TRGY1,I_IFG-TRGY1,,,Tradergy S. L.,I,True,Flow into UK,TRADERGY,0.000,1400.000,P,0.0130857,0.000,0.000,0.000,0.000,False,False,,,FRANCE
IFG-TRLS1,I_IFG-TRLS1,,,Engelhart CTP Renewables GmbH,I,True,IFA_TRL_G,GREENPWR,0.000,4000.000,P,0.0130857,0.000,0.000,0.000,0.000,False,False,,,FRANCE
IFG-TRSI1,I_IFG-TRSI1,,,Trasteel International SA,I,True,Flow INTO UK,TRAINT,0.000,1000.000,P,0.0130857,0.000,0.000,0.000,0.000,False,False,,,FRANCE
IFG-VOLT1,I_IFG-VOLT1,,,Volta Energy DAC,I,True,IFA INTO UK,VOLTADAC,0.000,500.000,P,0.0130857,0.000,0.000,0.000,0.000,False,False,,,FRANCE
IFG-VSAL1,I_IFG-VSAL1,,,VITOL SA,I,True,FPNP,VITOLSA,0.000,2000.000,P,0.0130857,0.000,0.000,0.000,0.000,False,False,,,FRANCE
IFG-VTFS1,I_IFG-VTFS1,,,Vattenfall Energy Trading,I,True,IFG-VTFS1,VTS,0.000,1000.000,P,0.0130857,0.000,0.000,0.000,0.000,False,False,,,FRANCE
IFG-VTUS,I_IFG-VTUS1,,,Vitus Capital AG,I,True,IFG- VTUS1_INTOFR,MONOCAP7,0.000,300.000,P,0.0130857,0.000,0.000,0.000,0.000,False,False,,,FRANCE
IFG-WOLF1,I_IFG-WOLF1,,,Wolfram Trading ApS,I,True,WT IFA Export BMU,WT74183,0.000,800.000,P,0.0130857,0.000,0.000,0.000,0.000,False,False,,,FRANCE
IFG-XNON1,I_IFG-XNON1,,,XENON CAPITAL MARKETS LTD,I,True,XENON-IFA-P,XENON,0.000,2000.000,P,0.0130857,0.000,0.000,0.000,0.000,False,False,,,FRANCE
IGD-STAT1,I_IGD-STAT1,,,Statkraft Markets Gmbh,I,True,STATKRAFT_UK_GRNL_IMPORT,STATKRA1,-1400.000,0.000,C,0.0164211,0.000,0.000,0.000,0.000,False,False,,,GREENLINK
IGG-STAT1,I_IGG-STAT1,,,Statkraft Markets Gmbh,I,True,STATKRAFT_UK_GRNL_EXPORT,STATKRA1,0.000,1400.000,P,0.0164211,0.000,0.000,0.000,0.000,False,False,,,GREENLINK
IID-AXPO1,I_IID-AXPO1,,,Axpo Solutions AG,I,True,Axpo/EWIC Export,EGL,-500.000,0.000,C,0.0024587,0.000,0.000,0.000,0.000,False,False,,,EWIC
IID-BGSE1,I_IID-BGSE1,,,Bord Gais Energy Limited,I,True,IID-BGSE1,BGELIMIT,-2000.000,0.000,C,0.0024587,0.000,0.000,0.000,0.000,False,False,,,EWIC
IID-BRKF1,I_IID-BRKF1,,,Orsted Renewable Supply 2 Ltd,I,True,Brookfield E,BROOKFLD,-450.000,0.000,C,0.0024587,0.000,0.000,0.000,0.000,False,False,,,EWIC
IID-DSKC1,I_IID-DSKC1,,,Danske Commodities A/S,I,True,DANSKEDE - EWIC,DANSKE,-300.000,0.000,C,0.0024587,0.000,0.000,0.000,0.000,False,False,,,EWIC
IID-ELTR1,I_IID-ELTR1,,,ElectroRoute Energy Trading,I,True,EETL EWIC Exports BMU,ELECTRO,-3000.000,0.000,C,0.0024587,0.000,0.000,0.000,0.000,False,False,,,EWIC
IID-ENGI1,I_IID-ENGI1,,,Mind Energy A/S,I,True,East_west_uk_export,ENERGIDK,-500.000,0.000,C,0.0024587,0.000,0.000,0.000,0.000,False,False,,,EWIC
IID-ERVA1,I_IID-ERVA1,,,Erova Energy Limited,I,True,EROVA_D_EWIC,EROVAIRL,-2000.000,0.000,C,0.0024587,0.000,0.000,0.000,0.000,False,False,,,EWIC
IID-ESBI1,I_IID-ESBI1,,,ESBIG Trading Ltd,I,True,ESBIGT-D-EWIC,ESBIGT,-500.000,0.000,C,0.0024587,0.000,0.000,0.000,0.000,False,False,,,EWIC
IID-ESBI2,I_IID-ESBI2,,,ESBIG Trading Ltd,I,True,ESBIGT-D-EWIC2,ESBIGT,-500.000,0.000,C,0.0024587,0.000,0.000,0.000,0.000,False,False,,,EWIC
IID-INCM1,I_IID-INCM1,,,IN COMMODITIES A/S,I,True,EWICINCOMASC,INCOMAS,-75.000,0.000,C,0.0024587,0.000,0.000,0.000,0.000,False,False,,,EWIC
IID-LTFD1,I_IID-LTFD1,,,LIGHTFIELD LTD,I,True,LIGHTFLD_EWIC_FROM_UK,LIGHTFLD,-500.000,0.000,C,0.0024587,0.000,0.000,0.000,0.000,False,False,,,EWIC
IID-NSEN1,I_IID-NSEN1,,,Centrica Energy Trading A/S,I,True,IIDNEASDEM,NEAS,-500.000,0.000,C,0.0024587,0.000,0.000,0.000,0.000,False,False,,,EWIC
IID-RWES1,I_IID-RWES1,,,RWE Supply and Trading GmbH,I,True,RWEST East West Export,RWE,-500.000,0.000,C,0.0024587,0.000,0.000,0.000,0.000,False,False,,,EWIC
IID-SEEL1,I_IID-SEEL1,,,Shell Energy Europe Limited,I,True,SEEL East West Export,SHELL2,-500.000,0.000,C,0.0024587,0.000,0.000,0.000,0.000,False,False,,,EWIC
IID-STAT1,I_IID-STAT1,,,Statkraft Markets Gmbh,I,True,STATKRAFT EWIC EXPORT,STATKRA1,-1030.000,0.000,C,0.0024587,0.000,0.000,0.000,0.000,False,False,,,EWIC
IID-VAYU1,I_IID-VAYU1,,,Naturgy Limited,I,True,VAYU EWIC,VAYU,-500.000,0.000,C,0.0024587,0.000,0.000,0.000,0.000,False,False,,,EWIC
IID-VESL1,I_IID-VESL1,,,Energia Customer Solutions Ltd,I,True,EWIC Dem BM Unit VESL,VESL,-500.000,0.000,C,0.0024587,0.000,0.000,0.000,0.000,False,False,,,EWIC
IIG-AXPO1,I_IIG-AXPO1,,,Axpo Solutions AG,I,True,Axpo/EWIC Import,EGL,0.000,500.000,P,0.0024587,0.000,0.000,0.000,0.000,False,False,,,EWIC
IIG-BGSE1,I_IIG-BGSE1,,,Bord Gais Energy Limited,I,True,IIG-BGSE1,BGELIMIT,0.000,2000.000,P,0.0024587,0.000,0.000,0.000,0.000,False,False,,,EWIC
IIG-BRKF1,I_IIG-BRKF1,,,Orsted Renewable Supply 2 Ltd,I,True,Brookfield E,BROOKFLD,0.000,500.000,P,0.0024587,0.000,0.000,0.000,0.000,False,False,,,EWIC
IIG-DSKC1,I_IIG-DSKC1,,,Danske Commodities A/S,I,True,DANSKEGE - EWIC,DANSKE,0.000,500.000,P,0.0024587,0.000,0.000,0.000,0.000,False,False,,,EWIC
IIG-ELTR1,I_IIG-ELTR1,,,ElectroRoute Energy Trading,I,True,EETL EWIC Imports BMU,ELECTRO,0.000,3000.000,P,0.0024587,0.000,0.000,0.000,0.000,False,False,,,EWIC
IIG-ENGI1,I_IIG-ENGI1,,,Mind Energy A/S,I,True,East_west_uk_import,ENERGIDK,0.000,500.000,P,0.0024587,0.000,0.000,0.000,0.000,False,False,,,EWIC
IIG-ERVA1,I_IIG-ERVA1,,,Erova Energy Limited,I,True,EROVA_G_EWIC,EROVAIRL,0.000,2000.000,P,0.0024587,0.000,0.000,0.000,0.000,False,False,,,EWIC
IIG-ESBI1,I_IIG-ESBI1,,,ESBIG Trading Ltd,I,True,ESBIGT-G-EWIC,ESBIGT,0.000,500.000,P,0.0024587,0.000,0.000,0.000,0.000,False,False,,,EWIC
IIG-ESBI2,I_IIG-ESBI2,,,ESBIG Trading Ltd,I,True,ESBIGT-G-EWIC2,ESBIGT,0.000,530.000,P,0.0024587,0.000,0.000,0.000,0.000,False,False,,,EWIC
IIG-INCM1,I_IIG-INCM1,,,IN COMMODITIES A/S,I,True,EWICINCOMASP,INCOMAS,0.000,75.000,P,0.0024587,0.000,0.000,0.000,0.000,False,False,,,EWIC
IIG-LTFD1,I_IIG-LTFD1,,,LIGHTFIELD LTD,I,True,LIGHTFLD_EWIC_INTO_UK,LIGHTFLD,0.000,500.000,P,0.0024587,0.000,0.000,0.000,0.000,False,False,,,EWIC
IIG-NSEN1,I_IIG-NSEN1,,,Centrica Energy Trading A/S,I,True,IIGNEASGEN,NEAS,0.000,500.000,P,0.0024587,0.000,0.000,0.000,0.000,False,False,,,EWIC
IIG-RWES1,I_IIG-RWES1,,,RWE Supply and Trading GmbH,I,True,RWEST East West Import,RWE,0.000,500.000,P,0.0024587,0.000,0.000,0.000,0.000,False,False,,,EWIC
IIG-SEEL1,I_IIG-SEEL1,,,Shell Energy Europe Limited,I,True,SEEL East West Import,SHELL2,0.000,500.000,P,0.0024587,0.000,0.000,0.000,0.000,False,False,,,EWIC
IIG-STAT1,I_IIG-STAT1,,,Statkraft Markets Gmbh,I,True,STATKRAFT EWIC IMPORT,STATKRA1,0.000,1030.000,P,0.0024587,0.000,0.000,0.000,0.000,False,False,,,EWIC
IIG-VAYU1,I_IIG-VAYU1,,,Naturgy Limited,I,True,VAYU EWIC,VAYU,0.000,500.000,P,0.0024587,0.000,0.000,0.000,0.000,False,False,,,EWIC
IIG-VESL1,I_IIG-VESL1,,,Energia Customer Solutions Ltd,I,True,EWIC Gen BM Unit VESL,VESL,0.000,500.000,P,0.0024587,0.000,0.000,0.000,0.000,False,False,,,EWIC
ILD-ALIP1,I_ILD-ALIP1,,,Energetick ApS,I,True,Flow from UK,ALPSNRG,-1000.000,0.000,C,0.0130857,0.000,0.000,0.000,0.000,False,False,,,ELECLINK
ILD-ALPE1,I_ILD-ALPE1,,,Alpha Energy ApS,I,True,ElecLink Demand,ALPHAENE,-500.000,0.000,C,0.0130857,0.000,0.000,0.000,0.000,False,False,,,ELECLINK
ILD-ALPQ1,I_ILD-ALPQ1,,,Alpiq AG,I,True,I_ILD-ALPQ1,ALPIQ,-1000.000,0.000,C,0.0130857,0.000,0.000,0.000,0.000,False,False,,,ELECLINK
ILD-ARON1,I_ILD-ARON1,,,J.Aron & Company,I,True,EL Jaron GB-FR Flow,JARON,-1000.000,0.000,C,0.0130857,0.000,0.000,0.000,0.000,False,False,,,ELECLINK
ILD-AROS1,I_ILD-AROS1,,,Arosource ApS,I,True,AROS Flow FROM UK,AROSOURC,-1000.000,0.000,C,0.0130857,0.000,0.000,0.000,0.000,False,False,,,ELECLINK
ILD-ARTH1,I_ILD-ARTH1,,,Aarhus Trading A/S,I,True,I_ILD-ARTH1,ATAS,-1000.000,0.000,C,0.0130857,0.000,0.000,0.000,0.000,False,False,,,ELECLINK
ILD-ATLS1,I_ILD-ATLS1,,,Atlas Energy DAC,I,True,Atlas GB-FREL,AED75443,-1000.000,0.000,C,0.0130857,0.000,0.000,0.000,0.000,False,False,,,ELECLINK
ILD-BAYW1,I_ILD-BAYW1,,,Baywa r.e. Energy Trading GmbH,I,True,Flow from UK over Eleclink,B9R3T560,-1000.000,0.000,C,0.0130857,0.000,0.000,0.000,0.000,False,False,,,ELECLINK
ILD-BKWE1,I_ILD-BKWE1,,,BKW Energie AG,I,True,BWK Eleclink flows from UK,BKW,-450.000,0.000,C,0.0130857,0.000,0.000,0.000,0.000,False,False,,,ELECLINK
ILD-BPGM1,I_ILD-BPGM1,,,BP Gas Marketing Limited,I,True,Flow FROM UK,BPGAS,-1000.000,0.000,C,0.0130857,0.000,0.000,0.000,0.000,False,False,,,ELECLINK
ILD-CACM1,I_ILD-CACM1,,,C A Commodities A/S,I,True,ELECLINK Flow out of UK,CACOMAS,-1000.000,0.000,C,0.0130857,0.000,0.000,0.000,0.000,False,False,,,ELECLINK
ILD-CBST1,I_ILD-CBST1,,,Cobblestone Energy,I,True,Cobblestone Energy Ltd,CBBLESTN,-1000.000,0.000,C,0.0130857,0.000,0.000,0.000,0.000,False,False,,,ELECLINK
ILD-CCME1,I_ILD-CCME1,,,Castleton Commodities Europe,I,True,CCME FROM UK,CASTLEEU,-1000.000,0.000,C,0.0130857,0.000,0.000,0.000,0.000,False,False,,,ELECLINK
ILD-CENT1,I_ILD-CENT1,,,Centrica Energy Limited,I,True,CENTRICA ELECLINK,ACCORD,-1050.000,0.000,C,0.0130857,0.000,0.000,0.000,0.000,False,False,,,ELECLINK
ILD-CETL1,I_ILD-CETL1,,,Conrad Energy (Trading) Ltd,I,True,CONRAD FROM UK,CONRAD,-1000.000,0.000,C,0.0130857,0.000,0.000,0.000,0.000,False,False,,,ELECLINK
ILD-CEZC1,I_ILD-CEZC1,,,CEZ A.S,I,True,ELECLINK Export,45274649,-1000.000,0.000,C,0.0130857,0.000,0.000,0.000,0.000,False,False,,,ELECLINK
ILD-CFPE1,I_ILD-CFPE1,,,CFP Commodities Limited,I,True,CFPE1 FROM UK,CFPC1,-1000.000,0.000,C,0.0130857,0.000,0.000,0.000,0.000,False,False,,,ELECLINK
ILD-COMM1,I_ILD-COMM1,,,COMCOM Trading d.o.o,I,True,I_ILD-COMM1,COMCOM,-1000.000,0.000,C,0.0130857,0.000,0.000,0.000,0.000,False,False,,,ELECLINK
ILD-CONS1,I_ILD-CONS1,,,Constellation Generation LTD,I,True,Constellation ElecLink Con,EXGENLIM,-1000.000,0.000,C,0.0130857,0.000,0.000,0.000,0.000,False,False,,,ELECLINK
ILD-COPN1,I_ILD-COPN1,,,Copenhagen Energy Trading A/S,I,True,CET_EL,CET1234,-1000.000,0.000,C,0.0130857,0.000,0.000,0.000,0.000,False,False,,,ELECLINK
ILD-CURR1,I_ILD-CURR1,,,Current Commodities A/S,I,True,I_ILD-CURR1,CURRENT,-2000.000,0.000,C,0.0130857,0.000,0.000,0.000,0.000,False,False,,,ELECLINK
ILD-DARE1,I_ILD-DARE1,,,Dare Power Ltd,I,True,I_ILD-DARE1,DARE,-2000.000,0.000,C,0.0130857,0.000,0.000,0.000,0.000,False,False,,,ELECLINK
ILD-DMCC1,I_ILD-DMCC1,,,Cobblestone Energy DMCC,I,True,Cobblestone Energy DMCC,OLDKENT,-1000.000,0.000,C,0.0130857,0.000,0.000,0.000,0.000,False,False,,,ELECLINK
ILD-DSKC1,I_ILD-DSKC1,,,Danske Commodities A/S,I,True,DC- ELEC-C,DANSKE,-1000.000,0.000,C,0.0130857,0.000,0.000,0.000,0.000,False,False,,,ELECLINK
ILD-DUEN1,I_ILD-DUEN1,,,Duferco Energia S.p.A.,I,True,ELK_UK-FR,DUCEX123,-200.000,0.000,C,0.0130857,0.000,0.000,0.000,0.000,False,False,,,ELECLINK
ILD-DUFE1,I_ILD-DUFE1,,,DXT Commodities SA,I,True,DXT ELEC UK-FR,DUFENERG,-1000.000,0.000,C,0.0130857,0.000,0.000,0.000,0.000,False,False,,,ELECLINK
ILD-DVAL1,I_ILD-DVAL1,,,DVALIN ApS,I,True,I_ILD-DVAL1,DVALIN,-1000.000,0.000,C,0.0130857,0.000,0.000,0.000,0.000,False,False,,,ELECLINK
ILD-DVTD1,I_ILD-DVTD1,,,DV Trading (Europe) P/S,I,True,DV GB-FREL,DVTRAD45,-1000.000,0.000,C,0.0130857,0.000,0.000,0.000,0.000,False,False,,,ELECLINK
ILD-EDFT1,I_ILD-EDFT1,,,EDF TRADING LIMITED,I,True,EDFT Eleclink Demand,EDFT,-1050.000,0.000,C,0.0130857,0.000,0.000,0.000,0.000,False,False,,,ELECLINK
ILD-EDMK1,I_ILD-EDMK1,,,Mind Energy A/S,I,True,Energidk2_ELECD,ENERGIDK,-1050.000,0.000,C,0.0130857,0.000,0.000,0.000,0.000,False,False,,,ELECLINK
ILD-EENG1,I_ILD-EENG1,,,Eio Energi ApS,I,True,I_ILD-EENG1,EIOENRGY,-50.000,0.000,C,0.0130857,0.000,0.000,0.000,0.000,False,False,,,ELECLINK
ILD-ELTR1,I_ILD-ELTR1,,,ElectroRoute Energy Trading,I,True,EETL ELECLINK FRGB,ELECTRO,-1000.000,0.000,C,0.0130857,0.000,0.000,0.000,0.000,False,False,,,ELECLINK
ILD-ENBW1,I_ILD-ENBW1,,,EnBW Energie Ba-Wu AG,I,True,I_ILD-ENBW1,ENBWNPT,-1000.000,0.000,C,0.0130857,0.000,0.000,0.000,0.000,False,False,,,ELECLINK
ILD-ENGM1,I_ILD-ENGM1,,,ENGIE GLOBAL MARKETS,I,True,ELECLINK  EGM flow GB-FR,GASELYS,-1000.000,0.000,C,0.0130857,0.000,0.000,0.000,0.000,False,False,,,ELECLINK
ILD-ENSC1,I_ILD-ENSC1,,,EnSCo Energy Services Company,I,True,Flow from UK,ENSCOAG,-1000.000,0.000,C,0.0130857,0.000,0.000,0.000,0.000,False,False,,,ELECLINK
ILD-ENTC1,I_ILD-ENTC1,,,Energetech Europe BV,I,True,ENTC1 from UK,ENERGETE,-500.000,0.000,C,0.0072396,0.000,0.000,0.000,0.000,False,False,,,ELECLINK
ILD-EPCO1,I_ILD-EPCO1,,,EP COMMODITIES A.S,I,True,EPCAS_ELECLINK_DEM,EPCAS,-300.000,0.000,C,0.0130857,0.000,0.000,0.000,0.000,False,False,,,ELECLINK
ILD-EWII1,I_ILD-EWII1,,,EWII Energi A/S,I,True,EWII-UK-TO-ELECLINK,EWII6000,-1000.000,0.000,C,0.0130857,0.000,0.000,0.000,0.000,False,False,,,ELECLINK
ILD-EXXO1,I_ILD-EXXO1,,,EXXONMOBIL GAS MARKETING,I,True,I_ILD-EXXO1,EM123,-1000.000,0.000,C,0.0130857,0.000,0.000,0.000,0.000,False,False,,,ELECLINK
ILD-EZCO1,I_ILD-EZCO1,,,ENZEE Commodities A/S,I,True,Flow from UK,ENZEE,-1000.000,0.000,C,0.0130857,0.000,0.000,0.000,0.000,False,False,,,ELECLINK
ILD-EZPD1,I_ILD-EZPD1,,,Ezpada AG,I,True,Ezpada AG,11XEZPAG,-500.000,0.000,C,0.0130857,0.000,0.000,0.000,0.000,False,False,,,ELECLINK
ILD-FLEX1,I_ILD-FLEX1,,,Citadel FlexPower GmbH,I,True,Flow from UK,FLXPWR,-1400.000,0.000,C,0.0130857,0.000,0.000,0.000,0.000,False,False,,,ELECLINK
ILD-GENI1,I_ILD-GENI1,,,"GEN-I, d.o.o.",I,True,From UK,GENI,-1000.000,0.000,C,0.0130857,0.000,0.000,0.000,0.000,False,False,,,ELECLINK
ILD-GLEN1,I_ILD-GLEN1,,,Glencore Energy UK Ltd,I,True,Flow from UK,GENUK,-1000.000,0.000,C,0.0130857,0.000,0.000,0.000,0.000,False,False,,,ELECLINK
ILD-GNER1,I_ILD-GNER1,,,Gnera Energia y Tecnologia S.L,I,True,GNER C,GNERAUK1,-1000.000,0.000,C,0.0130857,0.000,0.000,0.000,0.000,False,False,,,ELECLINK
ILD-GRMC1,I_ILD-GRMC1,,,A/S Global Risk Management Ltd,I,True,Flows out of  the UK,GRMC,-1000.000,0.000,C,0.0084878,0.000,0.000,0.000,0.000,False,False,,,ELECLINK
ILD-GUNV1,I_ILD-GUNV1,,,GIBV Geneva Branch,I,True,I_ILD-GUNV1,GUNVOR,-1000.000,0.000,C,0.0130857,0.000,0.000,0.000,0.000,False,False,,,ELECLINK
ILD-HART1,I_ILD-HART1,,,HAPPGCO,I,True,I_ILD-HART1,HEPGCO,-1000.000,0.000,C,0.0130857,0.000,0.000,0.000,0.000,False,False,,,ELECLINK
ILD-HELI1,I_ILD-HELI1,,,Helios Power Trading A/S,I,True,HELIOS ELECLINK DEM,HELIOS,-1000.000,0.000,C,0.0130857,0.000,0.000,0.000,0.000,False,False,,,ELECLINK
ILD-IMPT1,I_ILD-IMPT1,,,Impact Energy Trading A/S,I,True,Flow from UK,IMPACT25,-1000.000,0.000,C,0.0130857,0.000,0.000,0.000,0.000,False,False,,,ELECLINK
ILD-IMTC1,I_ILD-IMTC1,,,IMC Trading BV NL Denmark,I,True,I_ILD-IMTC1,IMCTRADK,-2000.000,0.000,C,0.0130857,0.000,0.000,0.000,0.000,False,False,,,ELECLINK
ILD-INCM1,I_ILD-INCM1,,,IN COMMODITIES A/S,I,True,ELECINCOMASC,INCOMAS,-750.000,0.000,C,0.0130857,0.000,0.000,0.000,0.000,False,False,,,ELECLINK
ILD-JWME1,I_ILD-JWME1,,,JWM Energia,I,True,I_ILD-JWME1,JWM,-1000.000,0.000,C,0.0130857,0.000,0.000,0.000,0.000,False,False,,,ELECLINK
ILD-MCRA1,I_ILD-MCRA1,,,Mercuria Energy Trading SA,I,True,Mercuria flow from UK,METSA,-1000.000,0.000,C,0.0130857,0.000,0.000,0.000,0.000,False,False,,,ELECLINK
ILD-MFTE1,I_ILD-MFTE1,,,MFT Energy A/S,I,True,MFT_EXP,MFTE,-1000.000,0.000,C,0.0130857,0.000,0.000,0.000,0.000,False,False,,,ELECLINK
ILD-NDPL1,I_ILD-NDPL1,,,European Market Coupling,I,True,NDPLELECLINLC,NORDPOOL,-1050.000,0.000,C,0.0140482,0.000,0.000,0.000,0.000,False,False,,,ELECLINK
ILD-NEAS1,I_ILD-NEAS1,,,Centrica Energy Trading A/S,I,True,Flow INTO UK,NEAS,-1000.000,0.000,C,0.0130857,0.000,0.000,0.000,0.000,False,False,,,ELECLINK
ILD-NEHO1,I_ILD-NEHO1,,,Nordic Energy House ApS,I,True,EL NEH-D,NEH,-1000.000,0.000,C,0.0130857,0.000,0.000,0.000,0.000,False,False,,,ELECLINK
ILD-NITR1,I_ILD-NITR1,,,Nitor Energy A/S,I,True,FR FROM UK,NIREX,-1000.000,0.000,C,0.0130857,0.000,0.000,0.000,0.000,False,False,,,ELECLINK
ILD-NORL1,I_ILD-NORL1,,,Norlys Energy Trading A/S,I,True,NORLYS_ELL_C,NORLYS,-2000.000,0.000,C,0.0130857,0.000,0.000,0.000,0.000,False,False,,,ELECLINK
ILD-NTPL1,I_ILD-NTPL1,,,Northpool BV,I,True,I_ILD-NTPL1,NORTHPL,-1000.000,0.000,C,0.0130857,0.000,0.000,0.000,0.000,False,False,,,ELECLINK
ILD-NWAT1,I_ILD-NWAT1,,,Newatt S.r.l.,I,True,Export from UK,ITNEWATT,-100.000,0.000,C,0.0093431,0.000,0.000,0.000,0.000,False,False,,,ELECLINK
ILD-OPMX1,I_ILD-OPMX1,,,Optimax Energy GmbH,I,True,I_ILD-OPMX1,OPTIMAX,-1000.000,0.000,C,0.0130857,0.000,0.000,0.000,0.000,False,False,,,ELECLINK
ILD-OUTL1,I_ILD-OUTL1,,,Outlook Energy Ltd,I,True,I_ILD-OUTL1,OUTLOOK,-2000.000,0.000,C,0.0130857,0.000,0.000,0.000,0.000,False,False,,,ELECLINK
ILD-PEAK1,I_ILD-PEAK1,,,Peak Gen Top Co Limited,I,True,PGELECK Demand,PEAKGEN,-1000.000,0.000,C,0.0130857,0.000,0.000,0.000,0.000,False,False,,,ELECLINK
ILD-PETC1,I_ILD-PETC1,,,PETROCHINA INTL LONDON CO. LTD,I,True,PCIL UK TO FR ELECLINK,PETCHINA,-1000.000,0.000,C,0.0130857,0.000,0.000,0.000,0.000,False,False,,,ELECLINK
ILD-PREP1,I_ILD-PREP1,,,Yuno Limited,I,True,Prepay FROM UK,OPAL0516,-1000.000,0.000,C,0.0130857,0.000,0.000,0.000,0.000,False,False,,,ELECLINK
ILD-PWMR1,I_ILD-PWMR1,,,PowerMart ApS,I,True,ELECLINK EXPORT,POMA,-1000.000,0.000,C,0.0130857,0.000,0.000,0.000,0.000,False,False,,,ELECLINK
ILD-QUAR1,I_ILD-QUAR1,,,Quark Energy Trading Limited,I,True,ELECLINK DEMAND,QUARKET,-1000.000,0.000,C,0.0130857,0.000,0.000,0.000,0.000,False,False,,,ELECLINK
ILD-RESP1,I_ILD-RESP1,,,RESPECT ENERGY S.A.,I,True,RESA-ELC-FU,RESA,-700.000,0.000,C,0.0130857,0.000,0.000,0.000,0.000,False,False,,,ELECLINK
ILD-RISQ1,I_ILD-RISQ1,,,Risq Energy Limited,I,True,RISQ from the UK,RISQ,-1000.000,0.000,C,0.0130857,0.000,0.000,0.000,0.000,False,False,,,ELECLINK
ILD-RWES1,I_ILD-RWES1,,,RWE Supply and Trading GmbH,I,True,RWEST Eleclink Export,RWE,-1000.000,0.000,C,0.0130857,0.000,0.000,0.000,0.000,False,False,,,ELECLINK
ILD-SEFE1,I_ILD-SEFE1,,,SEFE Marketing & Trading LTD,I,True,EL1-GB-FR,GAZPROM,-1050.000,0.000,C,0.0130857,0.000,0.000,0.000,0.000,False,False,,,ELECLINK
ILD-SETL1,I_ILD-SETL1,,,Shell Energy Europe Limited,I,True,I_ILD-SETL1,SHELL2,-1000.000,0.000,C,0.0130857,0.000,0.000,0.000,0.000,False,False,,,ELECLINK
ILD-SIRI1,I_ILD-SIRI1,,,Sirius Energy SA,I,True,I_ILD-SIRI1,SIRIUSEN,-1000.000,0.000,C,0.0130857,0.000,0.000,0.000,0.000,False,False,,,ELECLINK
ILD-STGS1,I_ILD-STGS1,,,STG Switzerland GmbH,I,True,STG CH ElecLink GB-BE,STG8T4R,-1000.000,0.000,C,0.0130857,0.000,0.000,0.000,0.000,False,False,,,ELECLINK
ILD-TGPL1,I_ILD-TGPL1,,,TotalEnergies Gas & Power Ltd,I,True,ELECLINK (Flow out of UK),TFEGP,-1000.000,0.000,C,0.0130857,0.000,0.000,0.000,0.000,False,False,,,ELECLINK
ILD-TRFD1,I_ILD-TRFD1,,,Trafigura Denmark ApS,I,True,ELEK_EX,TRAFDK23,-1000.000,0.000,C,0.0130857,0.000,0.000,0.000,0.000,False,False,,,ELECLINK
ILD-TRFG1,I_ILD-TRFG1,,,Trafigura Trading Sarl,I,True,ELEK_EX,TRAF,-1000.000,0.000,C,0.0130857,0.000,0.000,0.000,0.000,False,False,,,ELECLINK
ILD-TRLS1,I_ILD-TRLS1,,,Engelhart CTP Renewables GmbH,I,True,Flow FROM UK,GREENPWR,-1050.000,0.000,C,0.0130857,0.000,0.000,0.000,0.000,False,False,,,ELECLINK
ILD-VOLT1,I_ILD-VOLT1,,,Volta Energy DAC,I,True,ELECLINK FROM UK,VOLTADAC,-250.000,0.000,C,0.0130857,0.000,0.000,0.000,0.000,False,False,,,ELECLINK
ILD-VSAL1,I_ILD-VSAL1,,,VITOL SA,I,True,I_ILD-VSAL1,VITOLSA,-1000.000,0.000,C,0.0130857,0.000,0.000,0.000,0.000,False,False,,,ELECLINK
ILD-VTFS1,I_ILD-VTFS1,,,Vattenfall Energy Trading,I,True,VET_ELECLINK_D,VTS,-1000.000,0.000,C,0.0130857,0.000,0.000,0.000,0.000,False,False,,,ELECLINK
ILD-XNON1,I_ILD-XNON1,,,XENON CAPITAL MARKETS LTD,I,True,XENON-ELINK-C,XENON,-1000.000,0.000,C,0.0130857,0.000,0.000,0.000,0.000,False,False,,,ELECLINK
ILG-ALIP1,I_ILG-ALIP1,,,Energetick ApS,I,True,Flow into UK,ALPSNRG,0.000,1000.000,P,0.0130857,0.000,0.000,0.000,0.000,False,False,,,ELECLINK
ILG-ALPE1,I_ILG-ALPE1,,,Alpha Energy ApS,I,True,ElecLink Generation,ALPHAENE,0.000,500.000,P,0.0130857,0.000,0.000,0.000,0.000,False,False,,,ELECLINK
ILG-ALPQ1,I_ILG-ALPQ1,,,Alpiq AG,I,True,I_ILG-ALPQ1,ALPIQ,0.000,1000.000,P,0.0130857,0.000,0.000,0.000,0.000,False,False,,,ELECLINK
ILG-ARON1,I_ILG-ARON1,,,J.Aron & Company,I,True,EL Jaron FR-GB Flow,JARON,0.000,1000.000,P,0.0130857,0.000,0.000,0.000,0.000,False,False,,,ELECLINK
ILG-AROS1,I_ILG-AROS1,,,Arosource ApS,I,True,AROS Flow INTO UK,AROSOURC,0.000,1000.000,P,0.0130857,0.000,0.000,0.000,0.000,False,False,,,ELECLINK
ILG-ARTH1,I_ILG-ARTH1,,,Aarhus Trading A/S,I,True,I_ILG-ARTH1,ATAS,0.000,1000.000,P,0.0130857,0.000,0.000,0.000,0.000,False,False,,,ELECLINK
ILG-ATLS1,I_ILG-ATLS1,,,Atlas Energy DAC,I,True,Atlas FREL-GB,AED75443,0.000,1000.000,P,0.0130857,0.000,0.000,0.000,0.000,False,False,,,ELECLINK
ILG-BAYW1,I_ILG-BAYW1,,,Baywa r.e. Energy Trading GmbH,I,True,Flow into UK over Eleclink,B9R3T560,0.000,1000.000,P,0.0130857,0.000,0.000,0.000,0.000,False,False,,,ELECLINK
ILG-BKWE1,I_ILG-BKWE1,,,BKW Energie AG,I,True,BWK Eleclink flows into UK,BKW,0.000,450.000,P,0.0130857,0.000,0.000,0.000,0.000,False,False,,,ELECLINK
ILG-BPGM1,I_ILG-BPGM1,,,BP Gas Marketing Limited,I,True,Flow INTO UK,BPGAS,0.000,1000.000,P,0.0130857,0.000,0.000,0.000,0.000,False,False,,,ELECLINK
ILG-CACM1,I_ILG-CACM1,,,C A Commodities A/S,I,True,ELECLINK Flow into UK,CACOMAS,0.000,1000.000,P,0.0130857,0.000,0.000,0.000,0.000,False,False,,,ELECLINK
ILG-CBST1,I_ILG-CBST1,,,Cobblestone Energy,I,True,Cobblestone Energy Ltd,CBBLESTN,0.000,1000.000,P,0.0130857,0.000,0.000,0.000,0.000,False,False,,,ELECLINK
ILG-CCME1,I_ILG-CCME1,,,Castleton Commodities Europe,I,True,CCME INTO UK,CASTLEEU,0.000,1000.000,P,0.0130857,0.000,0.000,0.000,0.000,False,False,,,ELECLINK
ILG-CENT1,I_ILG-CENT1,,,Centrica Energy Limited,I,True,CENTRICA ELECLINK,ACCORD,0.000,1050.000,P,0.0130857,0.000,0.000,0.000,0.000,False,False,,,ELECLINK
ILG-CETL1,I_ILG-CETL1,,,Conrad Energy (Trading) Ltd,I,True,CONRAD INTO UK,CONRAD,0.000,1000.000,P,0.0130857,0.000,0.000,0.000,0.000,False,False,,,ELECLINK
ILG-CEZC1,I_ILG-CEZC1,,,CEZ A.S,I,True,ELECLINK Import,45274649,0.000,1000.000,P,0.0130857,0.000,0.000,0.000,0.000,False,False,,,ELECLINK
ILG-CFPE1,I_ILG-CFPE1,,,CFP Commodities Limited,I,True,CFPE1 INTO UK,CFPC1,0.000,1000.000,P,0.0130857,0.000,0.000,0.000,0.000,False,False,,,ELECLINK
ILG-COMM1,I_ILG-COMM1,,,COMCOM Trading d.o.o,I,True,I_ILG-COMM1,COMCOM,0.000,1000.000,P,0.0130857,0.000,0.000,0.000,0.000,False,False,,,ELECLINK
ILG-CONS1,I_ILG-CONS1,,,Constellation Generation LTD,I,True,Constellation ElecLink Prod,EXGENLIM,0.000,1000.000,P,0.0130857,0.000,0.000,0.000,0.000,False,False,,,ELECLINK
ILG-COPN1,I_ILG-COPN1,,,Copenhagen Energy Trading A/S,I,True,CET_EL,CET1234,0.000,1000.000,P,0.0130857,0.000,0.000,0.000,0.000,False,False,,,ELECLINK
ILG-CURR1,I_ILG-CURR1,,,Current Commodities A/S,I,True,I_ILG-CURR1,CURRENT,0.000,2000.000,P,0.0130857,0.000,0.000,0.000,0.000,False,False,,,ELECLINK
ILG-DARE1,I_ILG-DARE1,,,Dare Power Ltd,I,True,I_ILG-DARE1,DARE,0.000,2000.000,P,0.0130857,0.000,0.000,0.000,0.000,False,False,,,ELECLINK
ILG-DMCC1,I_ILG-DMCC1,,,Cobblestone Energy DMCC,I,True,Cobblestone Energy DMCC,OLDKENT,0.000,1000.000,P,0.0130857,0.000,0.000,0.000,0.000,False,False,,,ELECLINK
ILG-DSKC1,I_ILG-DSKC1,,,Danske Commodities A/S,I,True,DC- ELEC-P,DANSKE,0.000,1000.000,P,0.0130857,0.000,0.000,0.000,0.000,False,False,,,ELECLINK
ILG-DUEN1,I_ILG-DUEN1,,,Duferco Energia S.p.A.,I,True,ELK_FR_UK,DUCEX123,0.000,200.000,P,0.0130857,0.000,0.000,0.000,0.000,False,False,,,ELECLINK
ILG-DUFE1,I_ILG-DUFE1,,,DXT Commodities SA,I,True,DXT ELEC FR-UK,DUFENERG,0.000,1000.000,P,0.0130857,0.000,0.000,0.000,0.000,False,False,,,ELECLINK
ILG-DVAL1,I_ILG-DVAL1,,,DVALIN ApS,I,True,I_ILG-DVAL1,DVALIN,0.000,1000.000,P,0.0130857,0.000,0.000,0.000,0.000,False,False,,,ELECLINK
ILG-DVTD1,I_ILG-DVTD1,,,DV Trading (Europe) P/S,I,True,DV FREL-GB,DVTRAD45,0.000,1000.000,P,0.0130857,0.000,0.000,0.000,0.000,False,False,,,ELECLINK
ILG-EDFT1,I_ILG-EDFT1,,,EDF TRADING LIMITED,I,True,EDFT Eleclink Generation,EDFT,0.000,1050.000,P,0.0130857,0.000,0.000,0.000,0.000,False,False,,,ELECLINK
ILG-EDMK1,I_ILG-EDMK1,,,Mind Energy A/S,I,True,Energidk2_ELECG,ENERGIDK,0.000,1050.000,P,0.0130857,0.000,0.000,0.000,0.000,False,False,,,ELECLINK
ILG-EENG1,I_ILG-EENG1,,,Eio Energi ApS,I,True,I_ILG-EENG1,EIOENRGY,0.000,50.000,P,0.0130857,0.000,0.000,0.000,0.000,False,False,,,ELECLINK
ILG-ELTR1,I_ILG-ELTR1,,,ElectroRoute Energy Trading,I,True,EETL ELECLINK GBFR,ELECTRO,0.000,1000.000,P,0.0130857,0.000,0.000,0.000,0.000,False,False,,,ELECLINK
ILG-ENBW1,I_ILG-ENBW1,,,EnBW Energie Ba-Wu AG,I,True,I_ILG-ENBW1,ENBWNPT,0.000,1000.000,P,0.0130857,0.000,0.000,0.000,0.000,False,False,,,ELECLINK
ILG-ENGM1,I_ILG-ENGM1,,,ENGIE GLOBAL MARKETS,I,True,ELECLINK EGM flow FR-GB,GASELYS,0.000,1000.000,P,0.0130857,0.000,0.000,0.000,0.000,False,False,,,ELECLINK
ILG-ENSC1,I_ILG-ENSC1,,,EnSCo Energy Services Company,I,True,Flow into UK,ENSCOAG,0.000,1000.000,P,0.0130857,0.000,0.000,0.000,0.000,False,False,,,ELECLINK
ILG-ENTC1,I_ILG-ENTC1,,,Energetech Europe BV,I,True,ENTC1 to UK,ENERGETE,0.000,500.000,P,0.0072396,0.000,0.000,0.000,0.000,False,False,,,ELECLINK
ILG-EPCO1,I_ILG-EPCO1,,,EP COMMODITIES A.S,I,True,EPCAS_ELECLINK_GEN,EPCAS,0.000,300.000,P,0.0130857,0.000,0.000,0.000,0.000,False,False,,,ELECLINK
ILG-EWII1,I_ILG-EWII1,,,EWII Energi A/S,I,True,EWII-ELECLINK-TO-UK,EWII6000,0.000,1000.000,P,0.0130857,0.000,0.000,0.000,0.000,False,False,,,ELECLINK
ILG-EXXO1,I_ILG-EXXO1,,,EXXONMOBIL GAS MARKETING,I,True,I_ILG-EXXO1,EM123,0.000,1000.000,P,0.0130857,0.000,0.000,0.000,0.000,False,False,,,ELECLINK
ILG-EZCO1,I_ILG-EZCO1,,,ENZEE Commodities A/S,I,True,Flow into UK,ENZEE,0.000,1000.000,P,0.0130857,0.000,0.000,0.000,0.000,False,False,,,ELECLINK
ILG-EZPD1,I_ILG-EZPD1,,,Ezpada AG,I,True,Ezpada AG,11XEZPAG,0.000,500.000,P,0.0130857,0.000,0.000,0.000,0.000,False,False,,,ELECLINK
ILG-FLEX1,I_ILG-FLEX1,,,Citadel FlexPower GmbH,I,True,Flow into UK,FLXPWR,0.000,1400.000,P,0.0130857,0.000,0.000,0.000,0.000,False,False,,,ELECLINK
ILG-GENI1,I_ILG-GENI1,,,"GEN-I, d.o.o.",I,True,Into UK,GENI,0.000,1000.000,P,0.0130857,0.000,0.000,0.000,0.000,False,False,,,ELECLINK
ILG-GLEN1,I_ILG-GLEN1,,,Glencore Energy UK Ltd,I,True,Flow into UK,GENUK,0.000,1000.000,P,0.0130857,0.000,0.000,0.000,0.000,False,False,,,ELECLINK
ILG-GNER1,I_ILG-GNER1,,,Gnera Energia y Tecnologia S.L,I,True,GNER V,GNERAUK1,0.000,1000.000,P,0.0130857,0.000,0.000,0.000,0.000,False,False,,,ELECLINK
ILG-GRMC1,I_ILG-GRMC1,,,A/S Global Risk Management Ltd,I,True,Flows into the  UK,GRMC,0.000,1000.000,P,0.0084878,0.000,0.000,0.000,0.000,False,False,,,ELECLINK
ILG-GUNV1,I_ILG-GUNV1,,,GIBV Geneva Branch,I,True,I_ILG-GUNV1,GUNVOR,0.000,1050.000,P,0.0130857,0.000,0.000,0.000,0.000,False,False,,,ELECLINK
ILG-HART1,I_ILG-HART1,,,HAPPGCO,I,True,I_ILG-HART1,HEPGCO,0.000,1000.000,P,0.0130857,0.000,0.000,0.000,0.000,False,False,,,ELECLINK
ILG-HELI1,I_ILG-HELI1,,,Helios Power Trading A/S,I,True,HELIOS ELECLINK GEN,HELIOS,0.000,1000.000,P,0.0130857,0.000,0.000,0.000,0.000,False,False,,,ELECLINK
ILG-IMPT1,I_ILG-IMPT1,,,Impact Energy Trading A/S,I,True,Flow into UK,IMPACT25,0.000,1000.000,P,0.0130857,0.000,0.000,0.000,0.000,False,False,,,ELECLINK
ILG-IMTC1,I_ILG-IMTC1,,,IMC Trading BV NL Denmark,I,True,I_ILG-IMTC1,IMCTRADK,0.000,2000.000,P,0.0130857,0.000,0.000,0.000,0.000,False,False,,,ELECLINK
ILG-INCM1,I_ILG-INCM1,,,IN COMMODITIES A/S,I,True,ELECINCOMASP,INCOMAS,0.000,750.000,P,0.0130857,0.000,0.000,0.000,0.000,False,False,,,ELECLINK
ILG-JWME1,I_ILG-JWME1,,,JWM Energia,I,True,I_ILG-JWME1,JWM,0.000,1000.000,P,0.0130857,0.000,0.000,0.000,0.000,False,False,,,ELECLINK
ILG-MCRA1,I_ILG-MCRA1,,,Mercuria Energy Trading SA,I,True,Mercuria flow into UK,METSA,0.000,1000.000,P,0.0130857,0.000,0.000,0.000,0.000,False,False,,,ELECLINK
ILG-MFTE1,I_ILG-MFTE1,,,MFT Energy A/S,I,True,MFT_IMP,MFTE,0.000,1000.000,P,0.0130857,0.000,0.000,0.000,0.000,False,False,,,ELECLINK
ILG-NDPL1,I_ILG-NDPL1,,,European Market Coupling,I,True,NDPLELECLINLP,NORDPOOL,0.000,1050.000,P,0.0140482,0.000,0.000,0.000,0.000,False,False,,,ELECLINK
ILG-NEAS1,I_ILG-NEAS1,,,Centrica Energy Trading A/S,I,True,Flow INTO UK,NEAS,0.000,1000.000,P,0.0130857,0.000,0.000,0.000,0.000,False,False,,,ELECLINK
ILG-NEHO1,I_ILG-NEHO1,,,Nordic Energy House ApS,I,True,EL NEH-G,NEH,0.000,1000.000,P,0.0130857,0.000,0.000,0.000,0.000,False,False,,,ELECLINK
ILG-NITR1,I_ILG-NITR1,,,Nitor Energy A/S,I,True,FR INTO UK,NIREX,0.000,1000.000,P,0.0130857,0.000,0.000,0.000,0.000,False,False,,,ELECLINK
ILG-NORL1,I_ILG-NORL1,,,Norlys Energy Trading A/S,I,True,NORLYS_ELL_P,NORLYS,0.000,2000.000,P,0.0130857,0.000,0.000,0.000,0.000,False,False,,,ELECLINK
ILG-NTPL1,I_ILG-NTPL1,,,Northpool BV,I,True,I_ILG-NTPL1,NORTHPL,0.000,1000.000,P,0.0130857,0.000,0.000,0.000,0.000,False,False,,,ELECLINK
ILG-NWAT1,I_ILG-NWAT1,,,Newatt S.r.l.,I,True,Import in UK,ITNEWATT,0.000,50.000,P,0.0093431,0.000,0.000,0.000,0.000,False,False,,,ELECLINK
ILG-OPMX1,I_ILG-OPMX1,,,Optimax Energy GmbH,I,True,I_ILG-OPMX1,OPTIMAX,0.000,1000.000,P,0.0130857,0.000,0.000,0.000,0.000,False,False,,,ELECLINK
ILG-OUTL1,I_ILG-OUTL1,,,Outlook Energy Ltd,I,True,I_ILG-OUTL1,OUTLOOK,0.000,2000.000,P,0.0130857,0.000,0.000,0.000,0.000,False,False,,,ELECLINK
ILG-PEAK1,I_ILG-PEAK1,,,Peak Gen Top Co Limited,I,True,PGELECK Generation,PEAKGEN,0.000,1000.000,P,0.0130857,0.000,0.000,0.000,0.000,False,False,,,ELECLINK
ILG-PETC1,I_ILG-PETC1,,,PETROCHINA INTL LONDON CO. LTD,I,True,PCIL FR TO UK ELECLINK,PETCHINA,0.000,1000.000,P,0.0130857,0.000,0.000,0.000,0.000,False,False,,,ELECLINK
ILG-PREP1,I_ILG-PREP1,,,Yuno Limited,I,True,Prepay INTO UK,OPAL0516,0.000,1000.000,P,0.0130857,0.000,0.000,0.000,0.000,False,False,,,ELECLINK
ILG-PWMR1,I_ILG-PWMR1,,,PowerMart ApS,I,True,ELECLINK IMPORT,POMA,0.000,1000.000,P,0.0130857,0.000,0.000,0.000,0.000,False,False,,,ELECLINK
ILG-QUAR1,I_ILG-QUAR1,,,Quark Energy Trading Limited,I,True,ELECLINK GEN,QUARKET,0.000,1000.000,P,0.0130857,0.000,0.000,0.000,0.000,False,False,,,ELECLINK
ILG-RESP1,I_ILG-RESP1,,,RESPECT ENERGY S.A.,I,True,RESA-ELC-IU,RESA,0.000,700.000,P,0.0130857,0.000,0.000,0.000,0.000,False,False,,,ELECLINK
ILG-RISQ1,I_ILG-RISQ1,,,Risq Energy Limited,I,True,RISQ to the UK,RISQ,0.000,1000.000,P,0.0130857,0.000,0.000,0.000,0.000,False,False,,,ELECLINK
ILG-RWES1,I_ILG-RWES1,,,RWE Supply and Trading GmbH,I,True,RWEST Eleclink Import,RWE,0.000,1000.000,P,0.0130857,0.000,0.000,0.000,0.000,False,False,,,ELECLINK
ILG-SEFE1,I_ILG-SEFE1,,,SEFE Marketing & Trading LTD,I,True,EL1-FR-GB,GAZPROM,0.000,1050.000,P,0.0130857,0.000,0.000,0.000,0.000,False,False,,,ELECLINK
ILG-SETL1,I_ILG-SETL1,,,Shell Energy Europe Limited,I,True,I_ILG-SETL1,SHELL2,0.000,1000.000,P,0.0130857,0.000,0.000,0.000,0.000,False,False,,,ELECLINK
ILG-SIRI1,I_ILG-SIRI1,,,Sirius Energy SA,I,True,I_ILG-SIRI1,SIRIUSEN,0.000,1000.000,P,0.0130857,0.000,0.000,0.000,0.000,False,False,,,ELECLINK
ILG-STGS1,I_ILG-STGS1,,,STG Switzerland GmbH,I,True,STG CH ElecLink BE-GB,STG8T4R,0.000,1000.000,P,0.0130857,0.000,0.000,0.000,0.000,False,False,,,ELECLINK
ILG-TGPL1,I_ILG-TGPL1,,,TotalEnergies Gas & Power Ltd,I,True,ELECLINK (Flow into UK),TFEGP,0.000,1000.000,P,0.0130857,0.000,0.000,0.000,0.000,False,False,,,ELECLINK
ILG-TRFD1,I_ILG-TRFD1,,,Trafigura Denmark ApS,I,True,ELEK_IM,TRAFDK23,0.000,1000.000,P,0.0130857,0.000,0.000,0.000,0.000,False,False,,,ELECLINK
ILG-TRFG1,I_ILG-TRFG1,,,Trafigura Trading Sarl,I,True,ELEK_IM,TRAF,0.000,1000.000,P,0.0130857,0.000,0.000,0.000,0.000,False,False,,,ELECLINK
ILG-TRLS1,I_ILG-TRLS1,,,Engelhart CTP Renewables GmbH,I,True,Flow INTO UK,GREENPWR,0.000,1050.000,P,0.0130857,0.000,0.000,0.000,0.000,False,False,,,ELECLINK
ILG-VOLT1,I_ILG-VOLT1,,,Volta Energy DAC,I,True,ELECLINK INTO UK,VOLTADAC,0.000,250.000,P,0.0130857,0.000,0.000,0.000,0.000,False,False,,,ELECLINK
ILG-VSAL1,I_ILG-VSAL1,,,VITOL SA,I,True,I_ILG-VSAL1,VITOLSA,0.000,1000.000,P,0.0130857,0.000,0.000,0.000,0.000,False,False,,,ELECLINK
ILG-VTFS1,I_ILG-VTFS1,,,Vattenfall Energy Trading,I,True,VET_ELECLINK_G,VTS,0.000,1000.000,P,0.0130857,0.000,0.000,0.000,0.000,False,False,,,ELECLINK
ILG-XNON1,I_ILG-XNON1,,,XENON CAPITAL MARKETS LTD,I,True,XENON-ELINK-P,XENON,0.000,1000.000,P,0.0130857,0.000,0.000,0.000,0.000,False,False,,,ELECLINK
ILMEB-1,E_ILMEB-1,,,Tesla Motors Limited,E,True,Ilmer Lane BESS,TESLA,-49.500,49.500,P,0.0083094,-19.800,-19.800,19.800,19.800,True,False,_A,Eastern,
IMD-AXPO1,I_IMD-AXPO1,,,Axpo Solutions AG,I,True,Axpo/Moyle Export,EGL,-500.000,0.000,C,-0.0099306,0.000,0.000,0.000,0.000,False,False,,,MOYLE
IMD-BGSE1,I_IMD-BGSE1,,,Bord Gais Energy Limited,I,True,IMD-BGSE1,BGELIMIT,-2000.000,0.000,C,-0.0099306,0.000,0.000,0.000,0.000,False,False,,,MOYLE
IMD-BRKF1,I_IMD-BRKF1,,,Orsted Renewable Supply 2 Ltd,I,True,Brookfield E,BROOKFLD,-450.000,0.000,C,-0.0099306,0.000,0.000,0.000,0.000,False,False,,,MOYLE
IMD-DSKC1,I_IMD-DSKC1,,,Danske Commodities A/S,I,True,DANSKEDE-MOYLE,DANSKE,-200.000,0.000,C,-0.0099306,0.000,0.000,0.000,0.000,False,False,,,MOYLE
IMD-ELTR1,I_IMD-ELTR1,,,ElectroRoute Energy Trading,I,True,EETL Moyle Exports BMU,ELECTRO,-1000.000,0.000,C,-0.0099306,0.000,0.000,0.000,0.000,False,False,,,MOYLE
IMD-ENGI1,I_IMD-ENGI1,,,Mind Energy A/S,I,True,Moyle_uk_export,ENERGIDK,-500.000,0.000,C,-0.0099306,0.000,0.000,0.000,0.000,False,False,,,MOYLE
IMD-ERVA1,I_IMD-ERVA1,,,Erova Energy Limited,I,True,EROVA_D_MOYLE,EROVAIRL,-2000.000,0.000,C,-0.0099306,0.000,0.000,0.000,0.000,False,False,,,MOYLE
IMD-ESBE1,I_IMD-ESBE1,,,ESB Independent Energy (NI),I,True,ESBIE_EW,ESBIENI,-180.000,0.000,C,-0.0099306,0.000,0.000,0.000,0.000,False,False,,,MOYLE
IMD-ESBI1,I_IMD-ESBI1,,,ESBIG Trading Ltd,I,True,ESBIGT-D-MOYLE,ESBIGT,-500.000,0.000,C,-0.0099306,0.000,0.000,0.000,0.000,False,False,,,MOYLE
IMD-INCM1,I_IMD-INCM1,,,IN COMMODITIES A/S,I,True,MOYLEINCOMASC,INCOMAS,-75.000,0.000,C,-0.0099306,0.000,0.000,0.000,0.000,False,False,,,MOYLE
IMD-LTFD1,I_IMD-LTFD1,,,LIGHTFIELD LTD,I,True,LIGHTFLD_MOYLE_FROM_UK,LIGHTFLD,-500.000,0.000,C,-0.0099306,0.000,0.000,0.000,0.000,False,False,,,MOYLE
IMD-NIRE1,I_IMD-NIRE1,,,Northern Ireland Electricity,I,True,PPB_IMD,NIEPPB,0.000,0.000,C,-0.0070039,0.000,0.000,0.000,0.000,False,False,,,MOYLE
IMD-NSEN1,I_IMD-NSEN1,,,Centrica Energy Trading A/S,I,True,IMDNEASDEM,NEAS,-500.000,0.000,C,-0.0099306,0.000,0.000,0.000,0.000,False,False,,,MOYLE
IMD-RWES1,I_IMD-RWES1,,,RWE Supply and Trading GmbH,I,True,RWEST Moyle Export,RWE,-450.000,0.000,C,-0.0099306,0.000,0.000,0.000,0.000,False,False,,,MOYLE
IMD-SEEL1,I_IMD-SEEL1,,,Shell Energy Europe Limited,I,True,SEEL Moyle Export,SHELL2,-500.000,0.000,C,-0.0099306,0.000,0.000,0.000,0.000,False,False,,,MOYLE
IMD-SPEM1,I_IMD-SPEM1,,,SP Energy Management Ltd,I,True,IMD-SPEM1,SPOWER02,-80.000,0.000,C,-0.0070039,0.000,0.000,0.000,0.000,False,False,,,MOYLE
IMD-STAT1,I_IMD-STAT1,,,Statkraft Markets Gmbh,I,True,STATKRAFT MOYLE EXPORT,STATKRA1,-1000.000,0.000,C,-0.0099306,0.000,0.000,0.000,0.000,False,False,,,MOYLE
IMD-VESL1,I_IMD-VESL1,,,Energia Customer Solutions Ltd,I,True,VIRIMP,VESL,-20.000,0.000,C,-0.0099306,0.000,0.000,0.000,0.000,False,False,,,MOYLE
IMG-AXPO1,I_IMG-AXPO1,,,Axpo Solutions AG,I,True,Axpo/Moyle Import,EGL,0.000,500.000,P,-0.0099306,0.000,0.000,0.000,0.000,False,False,,,MOYLE
IMG-BGSE1,I_IMG-BGSE1,,,Bord Gais Energy Limited,I,True,IMG-BGSE1,BGELIMIT,0.000,2000.000,P,-0.0099306,0.000,0.000,0.000,0.000,False,False,,,MOYLE
IMG-BRKF1,I_IMG-BRKF1,,,Orsted Renewable Supply 2 Ltd,I,True,Brookfield E,BROOKFLD,0.000,295.000,P,-0.0099306,0.000,0.000,0.000,0.000,False,False,,,MOYLE
IMG-DSKC1,I_IMG-DSKC1,,,Danske Commodities A/S,I,True,DANSKEGE-MOYLE,DANSKE,0.000,200.000,P,-0.0099306,0.000,0.000,0.000,0.000,False,False,,,MOYLE
IMG-ELTR1,I_IMG-ELTR1,,,ElectroRoute Energy Trading,I,True,EETL Moyle Imports BMU,ELECTRO,0.000,1000.000,P,-0.0099306,0.000,0.000,0.000,0.000,False,False,,,MOYLE
IMG-ENGI1,I_IMG-ENGI1,,,Mind Energy A/S,I,True,Moyle_uk_import,ENERGIDK,0.000,500.000,P,-0.0099306,0.000,0.000,0.000,0.000,False,False,,,MOYLE
IMG-ERVA1,I_IMG-ERVA1,,,Erova Energy Limited,I,True,EROVA_G_MOYLE,EROVAIRL,0.000,2000.000,P,-0.0099306,0.000,0.000,0.000,0.000,False,False,,,MOYLE
IMG-ESBE1,I_IMG-ESBE1,,,ESB Independent Energy (NI),I,True,ESBIE_WE,ESBIENI,0.000,80.000,P,-0.0099306,0.000,0.000,0.000,0.000,False,False,,,MOYLE
IMG-ESBI1,I_IMG-ESBI1,,,ESBIG Trading Ltd,I,True,ESBIGT-G-MOYLE,ESBIGT,0.000,500.000,P,-0.0099306,0.000,0.000,0.000,0.000,False,False,,,MOYLE
IMG-INCM1,I_IMG-INCM1,,,IN COMMODITIES A/S,I,True,MOYLEINCOMASP,INCOMAS,0.000,75.000,P,-0.0099306,0.000,0.000,0.000,0.000,False,False,,,MOYLE
IMG-LTFD1,I_IMG-LTFD1,,,LIGHTFIELD LTD,I,True,LIGHTFLD_MOYLE_INTO_UK,LIGHTFLD,0.000,500.000,P,-0.0099306,0.000,0.000,0.000,0.000,False,False,,,MOYLE
IMG-NIRE1,I_IMG-NIRE1,,,Northern Ireland Electricity,I,True,PPB_IMG,NIEPPB,0.000,0.000,P,-0.0070039,0.000,0.000,0.000,0.000,False,False,,,MOYLE
IMG-NSEN1,I_IMG-NSEN1,,,Centrica Energy Trading A/S,I,True,IMGNEASGEN,NEAS,0.000,500.000,P,-0.0099306,0.000,0.000,0.000,0.000,False,False,,,MOYLE
IMG-RWES1,I_IMG-RWES1,,,RWE Supply and Trading GmbH,I,True,RWEST Moyle Import,RWE,0.000,295.000,P,-0.0099306,0.000,0.000,0.000,0.000,False,False,,,MOYLE
IMG-SEEL1,I_IMG-SEEL1,,,Shell Energy Europe Limited,I,True,SEEL Moyle Import,SHELL2,0.000,500.000,P,-0.0099306,0.000,0.000,0.000,0.000,False,False,,,MOYLE
IMG-SPEM1,I_IMG-SPEM1,,,SP Energy Management Ltd,I,True,IMG-SPEM1,SPOWER02,0.000,500.000,P,-0.0070039,0.000,0.000,0.000,0.000,False,False,,,MOYLE
IMG-STAT1,I_IMG-STAT1,,,Statkraft Markets Gmbh,I,True,STATKRAFT MOYLE IMPORT,STATKRA1,0.000,1000.000,P,-0.0099306,0.000,0.000,0.000,0.000,False,False,,,MOYLE
IMG-VESL1,I_IMG-VESL1,,,Energia Customer Solutions Ltd,I,True,VIREXP,VESL,0.000,0.000,P,-0.0099306,0.000,0.000,0.000,0.000,False,False,,,MOYLE
INAW-1,,48W000000INAW-10,NPSHYD,,,,,,,,,,,,,,False,False,,,
INCWO-1,,,WIND,,,,,,,,,,,,,,False,False,,,
INCWO-2,,,WIND,,,,,,,,,,,,,,False,False,,,
INCWO-3,,,WIND,,,,,,,,,,,,,,False,False,,,
INCWO-4,,,WIND,,,,,,,,,,,,,,False,False,,,
IND-ALIP1,I_IND-ALIP1,,,Energetick ApS,I,True,Flow from UK,ALPSNRG,-100.000,0.000,C,0.0130857,0.000,0.000,0.000,0.000,False,False,,,NEMOLINK
IND-ALPE1,I_IND-ALPE1,,,Alpha Energy ApS,I,True,Nemolink Demand,ALPHAENE,-500.000,0.000,C,0.0130857,0.000,0.000,0.000,0.000,False,False,,,NEMOLINK
IND-ALPQ1,I_IND-ALPQ1,,,Alpiq AG,I,True,I_IND-ALPQ1,ALPIQ,-1000.000,0.000,C,0.0130857,0.000,0.000,0.000,0.000,False,False,,,NEMOLINK
IND-ARON1,I_IND-ARON1,,,J.Aron & Company,I,True,NEMO JAron GB - BE Flow,JARON,-1000.000,0.000,C,0.0130857,0.000,0.000,0.000,0.000,False,False,,,NEMOLINK
IND-AROS1,I_IND-AROS1,,,Arosource ApS,I,True,AROS Flow FROM UK,AROSOURC,-1000.000,0.000,C,0.0130857,0.000,0.000,0.000,0.000,False,False,,,NEMOLINK
IND-ARTH1,I_IND-ARTH1,,,Aarhus Trading A/S,I,True,I_IND-ARTH1,ATAS,-1000.000,0.000,C,0.0130857,0.000,0.000,0.000,0.000,False,False,,,NEMOLINK
IND-ATLS1,I_IND-ATLS1,,,Atlas Energy DAC,I,True,Atlas GB-BE,AED75443,-1000.000,0.000,C,0.0130857,0.000,0.000,0.000,0.000,False,False,,,NEMOLINK
IND-AXPO1,I_IND-AXPO1,,,Axpo Solutions AG,I,True,I_IND-AXPO1,EGL,-200.000,0.000,C,0.0130857,0.000,0.000,0.000,0.000,False,False,,,NEMOLINK
IND-BAYW1,I_IND-BAYW1,,,Baywa r.e. Energy Trading GmbH,I,True,Flow from UK over Nemolink,B9R3T560,-1000.000,0.000,C,0.0130857,0.000,0.000,0.000,0.000,False,False,,,NEMOLINK
IND-BDEN1,I_IND-BDEN1,,,BD Energy A/S,I,True,BDE FROM UK,BDENERGY,-720.000,0.000,C,0.0130857,0.000,0.000,0.000,0.000,False,False,,,NEMOLINK
IND-BKWE1,I_IND-BKWE1,,,BKW Energie AG,I,True,Nemo Link BKW Flow GB-BE,BKW,-1000.000,0.000,C,0.0130857,0.000,0.000,0.000,0.000,False,False,,,NEMOLINK
IND-BPGM1,I_IND-BPGM1,,,BP Gas Marketing Limited,I,True,I_IND-BPGM1,BPGAS,-1000.000,0.000,C,0.0130857,0.000,0.000,0.000,0.000,False,False,,,NEMOLINK
IND-CACM1,I_IND-CACM1,,,C A Commodities A/S,I,True,NEMOLINK Flow out of UK,CACOMAS,-1000.000,0.000,C,0.0130857,0.000,0.000,0.000,0.000,False,False,,,NEMOLINK
IND-CBST1,I_IND-CBST1,,,Cobblestone Energy,I,True,Cobblestone Energy Ltd,CBBLESTN,-1000.000,0.000,C,0.0130857,0.000,0.000,0.000,0.000,False,False,,,NEMOLINK
IND-CCME1,I_IND-CCME1,,,Castleton Commodities Europe,I,True,CCME FROM UK,CASTLEEU,-1012.000,0.000,C,0.0130857,0.000,0.000,0.000,0.000,False,False,,,NEMOLINK
IND-CENT1,I_IND-CENT1,,,Centrica Energy Limited,I,True,CENTRICA NEMOLINK,ACCORD,-2000.000,0.000,C,0.0130857,0.000,0.000,0.000,0.000,False,False,,,NEMOLINK
IND-CETA1,I_IND-CETA1,,,Cross Options International IV,I,True,CETAM Demand,CETAM,-1000.000,0.000,C,0.0130857,0.000,0.000,0.000,0.000,False,False,,,NEMOLINK
IND-CEZC1,I_IND-CEZC1,,,CEZ A.S,I,True,NEMO Export,45274649,-1000.000,0.000,C,0.0130857,0.000,0.000,0.000,0.000,False,False,,,NEMOLINK
IND-CFPE1,I_IND-CFPE1,,,CFP Commodities Limited,I,True,CFPE1 FROM UK,CFPC1,-1000.000,0.000,C,0.0130857,0.000,0.000,0.000,0.000,False,False,,,NEMOLINK
IND-CNGS1,I_IND-CNGS1,,,Cenergise Limited,I,True,CNGS_D_NEMO,CEGISE,-1000.000,0.000,C,0.0087752,0.000,0.000,0.000,0.000,False,False,,,NEMOLINK
IND-COBB1,I_IND-COBB1,,,Cobblestone Energy Europe Ltd,I,True,I_IND-COBB1,COBSTNEU,-2000.000,0.000,C,0.0130857,0.000,0.000,0.000,0.000,False,False,,,NEMOLINK
IND-COMM1,I_IND-COMM1,,,COMCOM Trading d.o.o,I,True,I_IND-COMM1,COMCOM,-1000.000,0.000,C,0.0130857,0.000,0.000,0.000,0.000,False,False,,,NEMOLINK
IND-CONS1,I_IND-CONS1,,,Constellation Generation LTD,I,True,Constellation NemoLink Cons,EXGENLIM,-1000.000,0.000,C,0.0130857,0.000,0.000,0.000,0.000,False,False,,,NEMOLINK
IND-CONV1,I_IND-CONV1,,,Convex Energy GmbH,I,True,IND-CONV1,GEAG,-500.000,0.000,C,0.0130857,0.000,0.000,0.000,0.000,False,False,,,NEMOLINK
IND-COPN1,I_IND-COPN1,,,Copenhagen Energy Trading A/S,I,True,CET_NEMO,CET1234,-1000.000,0.000,C,0.0130857,0.000,0.000,0.000,0.000,False,False,,,NEMOLINK
IND-DARE1,I_IND-DARE1,,,Dare Power Ltd,I,True,I_IND-DARE1,DARE,-2000.000,0.000,C,0.0130857,0.000,0.000,0.000,0.000,False,False,,,NEMOLINK
IND-DMCC1,I_IND-DMCC1,,,Cobblestone Energy DMCC,I,True,Cobblestone Energy DMCC,OLDKENT,-1000.000,0.000,C,0.0130857,0.000,0.000,0.000,0.000,False,False,,,NEMOLINK
IND-DSKC1,I_IND-DSKC1,,,Danske Commodities A/S,I,True,DC-NEMOLINK-C,DANSKE,-1020.000,0.000,C,0.0130857,0.000,0.000,0.000,0.000,False,False,,,NEMOLINK
IND-DUFE1,I_IND-DUFE1,,,DXT Commodities SA,I,True,DXT UK-BE,DUFENERG,-1000.000,0.000,C,0.0130857,0.000,0.000,0.000,0.000,False,False,,,NEMOLINK
IND-DVAL1,I_IND-DVAL1,,,DVALIN ApS,I,True,I_IND-DVAL1,DVALIN,-1000.000,0.000,C,0.0130857,0.000,0.000,0.000,0.000,False,False,,,NEMOLINK
IND-DVTD1,I_IND-DVTD1,,,DV Trading (Europe) P/S,I,True,DV GB-BE,DVTRAD45,-1000.000,0.000,C,0.0130857,0.000,0.000,0.000,0.000,False,False,,,NEMOLINK
IND-EDFT1,I_IND-EDFT1,,,EDF TRADING LIMITED,I,True,EDFT Nemo Demand,EDFT,-1000.000,0.000,C,0.0130857,0.000,0.000,0.000,0.000,False,False,,,NEMOLINK
IND-EDMK1,I_IND-EDMK1,,,Mind Energy A/S,I,True,Energidk_D,ENERGIDK,-2000.000,0.000,C,0.0130857,0.000,0.000,0.000,0.000,False,False,,,NEMOLINK
IND-ELEE1,I_IND-ELEE1,,,Electrabel SA,I,True,IND-ELEE1,ELECBEL,-1400.000,0.000,C,0.0130857,0.000,0.000,0.000,0.000,False,False,,,NEMOLINK
IND-ELTR1,I_IND-ELTR1,,,ElectroRoute Energy Trading,I,True,EETL NEMO GBBENL BMU,ELECTRO,-1020.000,0.000,C,0.0130857,0.000,0.000,0.000,0.000,False,False,,,NEMOLINK
IND-ENET1,I_IND-ENET1,,,Eneco Energy Trade,I,True,I_IND-ENET1,ENECOUK,-500.000,0.000,C,0.0130857,0.000,0.000,0.000,0.000,False,False,,,NEMOLINK
IND-ENTC1,I_IND-ENTC1,,,Energetech Europe BV,I,True,ENTC1 from UK,ENERGETE,-500.000,0.000,C,0.0072396,0.000,0.000,0.000,0.000,False,False,,,NEMOLINK
IND-ENZL1,I_IND-ENZL1,,,ENZOL Energy Trading ApS,I,True,Nemo Link flow FROM UK,ENZOL,-800.000,0.000,C,0.0130857,0.000,0.000,0.000,0.000,False,False,,,NEMOLINK
IND-EPCO1,I_IND-EPCO1,,,EP COMMODITIES A.S,I,True,EPCAS NEMOLINK DEM,EPCAS,-300.000,0.000,C,0.0130857,0.000,0.000,0.000,0.000,False,False,,,NEMOLINK
IND-EWII1,I_IND-EWII1,,,EWII Energi A/S,I,True,EWII-UK-TO-BE,EWII6000,-2000.000,0.000,C,0.0130857,0.000,0.000,0.000,0.000,False,False,,,NEMOLINK
IND-EXXO1,I_IND-EXXO1,,,EXXONMOBIL GAS MARKETING,I,True,I_IND-EXXO1,EM123,-1000.000,0.000,C,0.0130857,0.000,0.000,0.000,0.000,False,False,,,NEMOLINK
IND-EZCO1,I_IND-EZCO1,,,ENZEE Commodities A/S,I,True,Flow from UK,ENZEE,-1012.000,0.000,C,0.0130857,0.000,0.000,0.000,0.000,False,False,,,NEMOLINK
IND-FLEX1,I_IND-FLEX1,,,Citadel FlexPower GmbH,I,True,Flow from UK,FLXPWR,-1400.000,0.000,C,0.0130857,0.000,0.000,0.000,0.000,False,False,,,NEMOLINK
IND-GASE1,I_IND-GASE1,,,ENGIE GLOBAL MARKETS,I,True,Nemo Link EGM flow GB-BE,GASELYS,-1000.000,0.000,C,0.0130857,0.000,0.000,0.000,0.000,False,False,,,NEMOLINK
IND-GAZP1,I_IND-GAZP1,,,SEFE Marketing & Trading LTD,I,True,GAZPROMD1,GAZPROM,-2000.000,0.000,C,0.0130857,0.000,0.000,0.000,0.000,False,False,,,NEMOLINK
IND-GENI1,I_IND-GENI1,,,"GEN-I, d.o.o.",I,True,From UK,GENI,-1012.000,0.000,C,0.0130857,0.000,0.000,0.000,0.000,False,False,,,NEMOLINK
IND-GLEN1,I_IND-GLEN1,,,Glencore Energy UK Ltd,I,True,Flow from UK,GENUK,-1000.000,0.000,C,0.0130857,0.000,0.000,0.000,0.000,False,False,,,NEMOLINK
IND-GRMC1,I_IND-GRMC1,,,A/S Global Risk Management Ltd,I,True,Flows out of  the UK,GRMC,-1000.000,0.000,C,0.0084878,0.000,0.000,0.000,0.000,False,False,,,NEMOLINK
IND-GUNV1,I_IND-GUNV1,,,GIBV Geneva Branch,I,True,I_IND-GUNV1,GUNVOR,-1020.000,0.000,C,0.0130857,0.000,0.000,0.000,0.000,False,False,,,NEMOLINK
IND-HART1,I_IND-HART1,,,HAPPGCO,I,True,Flow from  UK,HEPGCO,-1000.000,0.000,C,0.0130857,0.000,0.000,0.000,0.000,False,False,,,NEMOLINK
IND-HELI1,I_IND-HELI1,,,Helios Power Trading A/S,I,True,HELIOS NEMOLINK DEM,HELIOS,-1000.000,0.000,C,0.0130857,0.000,0.000,0.000,0.000,False,False,,,NEMOLINK
IND-IDCE1,I_IND-IDCE1,,,DC Energy Trading V.O.F.,I,True,Nemo DC-D,DC,-1000.000,0.000,C,0.0130857,0.000,0.000,0.000,0.000,False,False,,,NEMOLINK
IND-IDCT1,I_IND-IDCT1,,,Inductive Energy A/S,I,True,Induct_UKBE,INDUCTIV,-1000.000,0.000,C,0.0130857,0.000,0.000,0.000,0.000,False,False,,,NEMOLINK
IND-IMTC1,I_IND-IMTC1,,,IMC Trading BV NL Denmark,I,True,I_IND-IMTC1,IMCTRADK,-1012.000,0.000,C,0.0130857,0.000,0.000,0.000,0.000,False,False,,,NEMOLINK
IND-INCM1,I_IND-INCM1,,,IN COMMODITIES A/S,I,True,NEMOINCOMASC,INCOMAS,-1000.000,0.000,C,0.0130857,0.000,0.000,0.000,0.000,False,False,,,NEMOLINK
IND-KCST1,I_IND-KCST1,,,KOCH SUPPLY & TRADING SARL,I,True,KSARL_NEMOLINK_FROM UK,KSARL,-1020.000,0.000,C,0.0130857,0.000,0.000,0.000,0.000,False,False,,,NEMOLINK
IND-KVAS1,I_IND-KVAS1,,,Kvasir Technologies,I,True,I_IND-KVAS1,KVASIR,-50.000,0.000,C,0.0130857,0.000,0.000,0.000,0.000,False,False,,,NEMOLINK
IND-LMUS1,I_IND-LMUS1,,,Luminus SA,I,True,Flow from UK to Belgium,LUMINUS1,-1000.000,0.000,C,0.0130857,0.000,0.000,0.000,0.000,False,False,,,NEMOLINK
IND-MCRA1,I_IND-MCRA1,,,Mercuria Energy Trading SA,I,True,Mercuria flow from UK,METSA,-1000.000,0.000,C,0.0130857,0.000,0.000,0.000,0.000,False,False,,,NEMOLINK
IND-MFTE1,I_IND-MFTE1,,,MFT Energy A/S,I,True,MFT demand,MFTE,-1000.000,0.000,C,0.0130857,0.000,0.000,0.000,0.000,False,False,,,NEMOLINK
IND-NDPL1,I_IND-NDPL1,,,European Market Coupling,I,True,NDPLNEMOLINKC,NORDPOOL,-1026.100,0.000,C,0.0140482,0.000,0.000,0.000,0.000,False,False,,,NEMOLINK
IND-NEAS1,I_IND-NEAS1,,,Centrica Energy Trading A/S,I,True,INNEASDEM,NEAS,-2000.000,0.000,C,0.0130857,0.000,0.000,0.000,0.000,False,False,,,NEMOLINK
IND-NEHO1,I_IND-NEHO1,,,Nordic Energy House ApS,I,True,NEMO NEH-D,NEH,-1000.000,0.000,C,0.0130857,0.000,0.000,0.000,0.000,False,False,,,NEMOLINK
IND-NEMO1,I_IND-NEMO1,,,Nemo Link Limited,I,True,NEMO Dem (GB to BE flow),NEMO1,-1046.000,0.000,C,0.0130857,0.000,0.000,0.000,0.000,False,False,,,NEMOLINK
IND-NITR1,I_IND-NITR1,,,Nitor Energy A/S,I,True,Belgium FROM UK,NIREX,-1000.000,0.000,C,0.0130857,0.000,0.000,0.000,0.000,False,False,,,NEMOLINK
IND-NORL1,I_IND-NORL1,,,Norlys Energy Trading A/S,I,True,NORLYS_NEL_C,NORLYS,-2000.000,0.000,C,0.0130857,0.000,0.000,0.000,0.000,False,False,,,NEMOLINK
IND-NTPL1,I_IND-NTPL1,,,Northpool BV,I,True,I_IND-NTPL1,NORTHPL,-2000.000,0.000,C,0.0130857,0.000,0.000,0.000,0.000,False,False,,,NEMOLINK
IND-OMPX1,I_IND-OMPX1,,,Ompex AG,I,True,OMPEX_NEMOLINK_GB-BE,OMPEX,-1000.000,0.000,C,0.0130857,0.000,0.000,0.000,0.000,False,False,,,NEMOLINK
IND-OPMX1,I_IND-OPMX1,,,Optimax Energy GmbH,I,True,I_IND-OPMX1,OPTIMAX,-1000.000,0.000,C,0.0130857,0.000,0.000,0.000,0.000,False,False,,,NEMOLINK
IND-OUTL1,I_IND-OUTL1,,,Outlook Energy Ltd,I,True,I_IND-OUTL1,OUTLOOK,-4000.000,0.000,C,0.0130857,0.000,0.000,0.000,0.000,False,False,,,NEMOLINK
IND-PETC1,I_IND-PETC1,,,PETROCHINA INTL LONDON CO. LTD,I,True,PCIL UK TO BE NEMOLINK,PETCHINA,-1000.000,0.000,C,0.0130857,0.000,0.000,0.000,0.000,False,False,,,NEMOLINK
IND-PWMR1,I_IND-PWMR1,,,PowerMart ApS,I,True,NEMO EXPORT,POMA,-1000.000,0.000,C,0.0130857,0.000,0.000,0.000,0.000,False,False,,,NEMOLINK
IND-QUEN1,I_IND-QUEN1,,,QUENT ApS,I,True,Flow FROM UK,QUENT,-50.000,0.000,C,0.0130857,0.000,0.000,0.000,0.000,False,False,,,NEMOLINK
IND-RESP1,I_IND-RESP1,,,RESPECT ENERGY S.A.,I,True,RESA-NEMO-FU,RESA,-700.000,0.000,C,0.0130857,0.000,0.000,0.000,0.000,False,False,,,NEMOLINK
IND-RISQ1,I_IND-RISQ1,,,Risq Energy Limited,I,True,RISQ from the UK,RISQ,-1000.000,0.000,C,0.0130857,0.000,0.000,0.000,0.000,False,False,,,NEMOLINK
IND-RWES1,I_IND-RWES1,,,RWE Supply and Trading GmbH,I,True,RWEST Nemo Link Export,RWE,-1000.000,0.000,C,0.0130857,0.000,0.000,0.000,0.000,False,False,,,NEMOLINK
IND-SCAL1,I_IND-SCAL1,,,Scalar Energy OU,I,True,I_IND-SCAL1,SCALAR,-1000.000,0.000,C,0.0130857,0.000,0.000,0.000,0.000,False,False,,,NEMOLINK
IND-SECF1,I_IND-SECF1,,,Second Foundation Trading AG,I,True,NEMO Link Dem,TRISOLAR,-200.000,0.000,C,0.0130857,0.000,0.000,0.000,0.000,False,False,,,NEMOLINK
IND-SETL1,I_IND-SETL1,,,Shell Energy Europe Limited,I,True,I_IND-SETL1,SHELL2,-1000.000,0.000,C,0.0130857,0.000,0.000,0.000,0.000,False,False,,,NEMOLINK
IND-SIRI1,I_IND-SIRI1,,,Sirius Energy SA,I,True,I_IND-SIRI1,SIRIUSEN,-1000.000,0.000,C,0.0130857,0.000,0.000,0.000,0.000,False,False,,,NEMOLINK
IND-SMAR1,I_IND-SMAR1,,,Smart@energy B.V.,I,True,I_IND-SMAR1,SMARTATE,-1000.000,0.000,C,0.0130857,0.000,0.000,0.000,0.000,False,False,,,NEMOLINK
IND-SSEG1,I_IND-SSEG1,,,SSE Energy Supply Limited,I,True,SSE EUI-NEMOLINK GBB,SSE,0.000,0.000,C,0.0130857,0.000,0.000,0.000,0.000,False,False,,,NEMOLINK
IND-STAT1,I_IND-STAT1,,,Statkraft Markets Gmbh,I,True,NEMO Export,STATKRA1,-1000.000,0.000,C,0.0130857,0.000,0.000,0.000,0.000,False,False,,,NEMOLINK
IND-STGS1,I_IND-STGS1,,,STG Switzerland GmbH,I,True,STG CH NEMO GB-BE,STG8T4R,-1000.000,0.000,C,0.0130857,0.000,0.000,0.000,0.000,False,False,,,NEMOLINK
IND-TGPL1,I_IND-TGPL1,,,TotalEnergies Gas & Power Ltd,I,True,NEMO Dem (GB to BE flow),TFEGP,-1000.000,0.000,C,0.0130857,0.000,0.000,0.000,0.000,False,False,,,NEMOLINK
IND-TRFD1,I_IND-TRFD1,,,Trafigura Denmark ApS,I,True,NEMO_EX,TRAFDK23,-1000.000,0.000,C,0.0130857,0.000,0.000,0.000,0.000,False,False,,,NEMOLINK
IND-TRFG1,I_IND-TRFG1,,,Trafigura Trading Sarl,I,True,NEMO_EX,TRAF,-1000.000,0.000,C,0.0130857,0.000,0.000,0.000,0.000,False,False,,,NEMOLINK
IND-TRLS1,I_IND-TRLS1,,,Engelhart CTP Renewables GmbH,I,True,NEMO_TRL_C,GREENPWR,-500.000,0.000,C,0.0130857,0.000,0.000,0.000,0.000,False,False,,,NEMOLINK
IND-VOLT1,I_IND-VOLT1,,,Volta Energy DAC,I,True,NEMO FROM UK,VOLTADAC,-250.000,0.000,C,0.0130857,0.000,0.000,0.000,0.000,False,False,,,NEMOLINK
IND-VSAL1,I_IND-VSAL1,,,VITOL SA,I,True,I_IND-VSAL1,VITOLSA,-1000.000,0.000,C,0.0130857,0.000,0.000,0.000,0.000,False,False,,,NEMOLINK
IND-VTET1,I_IND-VTET1,,,Vattenfall Energy Trading,I,True,VET-NEMOLINK_D,VTS,-1000.000,0.000,C,0.0130857,0.000,0.000,0.000,0.000,False,False,,,NEMOLINK
IND-XNON1,I_IND-XNON1,,,XENON CAPITAL MARKETS LTD,I,True,XENON-ING-C,XENON,-1000.000,0.000,C,0.0130857,0.000,0.000,0.000,0.000,False,False,,,NEMOLINK
INDQ-1,T_INDQ-1,48W000000INDQ-19,OCGT,Indian Queens Power Ltd,T,True,Gas Turbine,AESIQPL,-5.000,140.080,P,0.0228729,-2.000,-2.000,56.032,56.032,True,False,,,
INDQB-1,T_INDQB-1,,OTHER,Pivoted Power LLP,T,True,INDIAN QUEENS BESS,PIVOT,-47.500,47.500,C,0.0228729,-19.000,-19.000,19.000,19.000,True,False,,,
ING-ALIP1,I_ING-ALIP1,,,Energetick ApS,I,True,Flow into UK,ALPSNRG,0.000,100.000,P,0.0130857,0.000,0.000,0.000,0.000,False,False,,,NEMOLINK
ING-ALPE1,I_ING-ALPE1,,,Alpha Energy ApS,I,True,Nemolink Generation,ALPHAENE,0.000,500.000,P,0.0130857,0.000,0.000,0.000,0.000,False,False,,,NEMOLINK
ING-ALPQ1,I_ING-ALPQ1,,,Alpiq AG,I,True,I_ING-ALPQ1,ALPIQ,0.000,1000.000,P,0.0130857,0.000,0.000,0.000,0.000,False,False,,,NEMOLINK
ING-ARON1,I_ING-ARON1,,,J.Aron & Company,I,True,NEMO JAron BE - GB Flow,JARON,0.000,1000.000,P,0.0130857,0.000,0.000,0.000,0.000,False,False,,,NEMOLINK
ING-AROS1,I_ING-AROS1,,,Arosource ApS,I,True,AROS Flow INTO UK,AROSOURC,0.000,1000.000,P,0.0130857,0.000,0.000,0.000,0.000,False,False,,,NEMOLINK
ING-ARTH1,I_ING-ARTH1,,,Aarhus Trading A/S,I,True,I_ING-ARTH1,ATAS,0.000,1000.000,P,0.0130857,0.000,0.000,0.000,0.000,False,False,,,NEMOLINK
ING-ATLS1,I_ING-ATLS1,,,Atlas Energy DAC,I,True,Atlas BE-GB,AED75443,0.000,1000.000,P,0.0130857,0.000,0.000,0.000,0.000,False,False,,,NEMOLINK
ING-AXPO1,I_ING-AXPO1,,,Axpo Solutions AG,I,True,I_ING-AXPO1,EGL,0.000,200.000,P,0.0130857,0.000,0.000,0.000,0.000,False,False,,,NEMOLINK
ING-BAYW1,I_ING-BAYW1,,,Baywa r.e. Energy Trading GmbH,I,True,Flow into UK over Nemolink,B9R3T560,0.000,1000.000,P,0.0130857,0.000,0.000,0.000,0.000,False,False,,,NEMOLINK
ING-BDEN1,I_ING-BDEN1,,,BD Energy A/S,I,True,BDE INTO UK,BDENERGY,0.000,720.000,P,0.0130857,0.000,0.000,0.000,0.000,False,False,,,NEMOLINK
ING-BKWE1,I_ING-BKWE1,,,BKW Energie AG,I,True,Nemo Link BKW Flow BE-GB,BKW,0.000,1000.000,P,0.0130857,0.000,0.000,0.000,0.000,False,False,,,NEMOLINK
ING-BPGM1,I_ING-BPGM1,,,BP Gas Marketing Limited,I,True,I_ING-BPGM1,BPGAS,0.000,1000.000,P,0.0130857,0.000,0.000,0.000,0.000,False,False,,,NEMOLINK
ING-CACM1,I_ING-CACM1,,,C A Commodities A/S,I,True,NEMOLINK Flow into UK,CACOMAS,0.000,1000.000,P,0.0130857,0.000,0.000,0.000,0.000,False,False,,,NEMOLINK
ING-CBST1,I_ING-CBST1,,,Cobblestone Energy,I,True,Cobblestone Energy Ltd,CBBLESTN,0.000,1000.000,P,0.0130857,0.000,0.000,0.000,0.000,False,False,,,NEMOLINK
ING-CCME1,I_ING-CCME1,,,Castleton Commodities Europe,I,True,CCME INTO UK,CASTLEEU,0.000,1012.000,P,0.0130857,0.000,0.000,0.000,0.000,False,False,,,NEMOLINK
ING-CENT1,I_ING-CENT1,,,Centrica Energy Limited,I,True,CENTRICA NEMOLINK,ACCORD,0.000,2000.000,P,0.0130857,0.000,0.000,0.000,0.000,False,False,,,NEMOLINK
ING-CETA1,I_ING-CETA1,,,Cross Options International IV,I,True,CETAM Generation,CETAM,0.000,1000.000,P,0.0130857,0.000,0.000,0.000,0.000,False,False,,,NEMOLINK
ING-CEZC1,I_ING-CEZC1,,,CEZ A.S,I,True,NEMO Import,45274649,0.000,1000.000,P,0.0130857,0.000,0.000,0.000,0.000,False,False,,,NEMOLINK
ING-CFPE1,I_ING-CFPE1,,,CFP Commodities Limited,I,True,CFPE1 INTO UK,CFPC1,0.000,1000.000,P,0.0130857,0.000,0.000,0.000,0.000,False,False,,,NEMOLINK
ING-CNGS1,I_ING-CNGS1,,,Cenergise Limited,I,True,CNGS_G_NEMO,CEGISE,0.000,1000.000,P,0.0087752,0.000,0.000,0.000,0.000,False,False,,,NEMOLINK
ING-COBB1,I_ING-COBB1,,,Cobblestone Energy Europe Ltd,I,True,I_ING-COBB1,COBSTNEU,0.000,1000.000,P,0.0130857,0.000,0.000,0.000,0.000,False,False,,,NEMOLINK
ING-COMM1,I_ING-COMM1,,,COMCOM Trading d.o.o,I,True,I_ING-COMM1,COMCOM,0.000,1000.000,P,0.0130857,0.000,0.000,0.000,0.000,False,False,,,NEMOLINK
ING-CONS1,I_ING-CONS1,,,Constellation Generation LTD,I,True,Constellation NemoLink Prod,EXGENLIM,0.000,1000.000,P,0.0130857,0.000,0.000,0.000,0.000,False,False,,,NEMOLINK
ING-CONV1,I_ING-CONV1,,,Convex Energy GmbH,I,True,ING-CONV1,GEAG,0.000,500.000,P,0.0130857,0.000,0.000,0.000,0.000,False,False,,,NEMOLINK
ING-COPN1,I_ING-COPN1,,,Copenhagen Energy Trading A/S,I,True,CET_NEMO,CET1234,0.000,1000.000,P,0.0130857,0.000,0.000,0.000,0.000,False,False,,,NEMOLINK
ING-DARE1,I_ING-DARE1,,,Dare Power Ltd,I,True,I_ING-DARE1,DARE,0.000,2000.000,P,0.0130857,0.000,0.000,0.000,0.000,False,False,,,NEMOLINK
ING-DMCC1,I_ING-DMCC1,,,Cobblestone Energy DMCC,I,True,Cobblestone Energy DMCC,OLDKENT,0.000,1000.000,P,0.0130857,0.000,0.000,0.000,0.000,False,False,,,NEMOLINK
ING-DSKC1,I_ING-DSKC1,,,Danske Commodities A/S,I,True,DC-NEMOLINK-P,DANSKE,0.000,1046.000,P,0.0130857,0.000,0.000,0.000,0.000,False,False,,,NEMOLINK
ING-DUFE1,I_ING-DUFE1,,,DXT Commodities SA,I,True,DXT BE-UK,DUFENERG,0.000,1000.000,P,0.0130857,0.000,0.000,0.000,0.000,False,False,,,NEMOLINK
ING-DVAL1,I_ING-DVAL1,,,DVALIN ApS,I,True,I_ING-DVAL1,DVALIN,0.000,1000.000,P,0.0130857,0.000,0.000,0.000,0.000,False,False,,,NEMOLINK
ING-DVTD1,I_ING-DVTD1,,,DV Trading (Europe) P/S,I,True,DV BE-GB,DVTRAD45,0.000,1000.000,P,0.0130857,0.000,0.000,0.000,0.000,False,False,,,NEMOLINK
ING-EDFT1,I_ING-EDFT1,,,EDF TRADING LIMITED,I,True,EDFT Nemo Generation,EDFT,0.000,1000.000,P,0.0130857,0.000,0.000,0.000,0.000,False,False,,,NEMOLINK
ING-EDMK1,I_ING-EDMK1,,,Mind Energy A/S,I,True,Energidk_G,ENERGIDK,0.000,2000.000,P,0.0130857,0.000,0.000,0.000,0.000,False,False,,,NEMOLINK
ING-ELEE1,I_ING-ELEE1,,,Electrabel SA,I,True,ING-ELEE1,ELECBEL,0.000,1400.000,P,0.0130857,0.000,0.000,0.000,0.000,False,False,,,NEMOLINK
ING-ELTR1,I_ING-ELTR1,,,ElectroRoute Energy Trading,I,True,EETL NEMO BEGB BMU,ELECTRO,0.000,1046.000,P,0.0130857,0.000,0.000,0.000,0.000,False,False,,,NEMOLINK
ING-ENET1,I_ING-ENET1,,,Eneco Energy Trade,I,True,I_ING-ENET1,ENECOUK,0.000,500.000,P,0.0130857,0.000,0.000,0.000,0.000,False,False,,,NEMOLINK
ING-ENTC1,I_ING-ENTC1,,,Energetech Europe BV,I,True,ENTC1 to UK,ENERGETE,0.000,500.000,P,0.0072396,0.000,0.000,0.000,0.000,False,False,,,NEMOLINK
ING-ENZL1,I_ING-ENZL1,,,ENZOL Energy Trading ApS,I,True,Nemo Link flow INTO UK,ENZOL,0.000,800.000,P,0.0130857,0.000,0.000,0.000,0.000,False,False,,,NEMOLINK
ING-EPCO1,I_ING-EPCO1,,,EP COMMODITIES A.S,I,True,EPCAS NEMOLINK GEN,EPCAS,0.000,300.000,P,0.0130857,0.000,0.000,0.000,0.000,False,False,,,NEMOLINK
ING-EWII1,I_ING-EWII1,,,EWII Energi A/S,I,True,EWII-BE-TO-UK,EWII6000,0.000,1000.000,P,0.0130857,0.000,0.000,0.000,0.000,False,False,,,NEMOLINK
ING-EXXO1,I_ING-EXXO1,,,EXXONMOBIL GAS MARKETING,I,True,I_ING-EXXO1,EM123,0.000,1000.000,P,0.0130857,0.000,0.000,0.000,0.000,False,False,,,NEMOLINK
ING-EZCO1,I_ING-EZCO1,,,ENZEE Commodities A/S,I,True,Flow into UK,ENZEE,0.000,1012.000,P,0.0130857,0.000,0.000,0.000,0.000,False,False,,,NEMOLINK
ING-FLEX1,I_ING-FLEX1,,,Citadel FlexPower GmbH,I,True,Flow into UK,FLXPWR,0.000,1400.000,P,0.0130857,0.000,0.000,0.000,0.000,False,False,,,NEMOLINK
ING-GASE1,I_ING-GASE1,,,ENGIE GLOBAL MARKETS,I,True,Nemo Link EGM flow BE-GB,GASELYS,0.000,1000.000,P,0.0130857,0.000,0.000,0.000,0.000,False,False,,,NEMOLINK
ING-GAZP1,I_ING-GAZP1,,,SEFE Marketing & Trading LTD,I,True,GAZPROMG1,GAZPROM,0.000,500.000,P,0.0130857,0.000,0.000,0.000,0.000,False,False,,,NEMOLINK
ING-GENI1,I_ING-GENI1,,,"GEN-I, d.o.o.",I,True,Into UK,GENI,0.000,1012.000,P,0.0130857,0.000,0.000,0.000,0.000,False,False,,,NEMOLINK
ING-GLEN1,I_ING-GLEN1,,,Glencore Energy UK Ltd,I,True,Flow into UK,GENUK,0.000,1000.000,P,0.0130857,0.000,0.000,0.000,0.000,False,False,,,NEMOLINK
ING-GRMC1,I_ING-GRMC1,,,A/S Global Risk Management Ltd,I,True,Flows into the  UK,GRMC,0.000,1000.000,P,0.0084878,0.000,0.000,0.000,0.000,False,False,,,NEMOLINK
ING-GUNV1,I_ING-GUNV1,,,GIBV Geneva Branch,I,True,I_ING-GUNV1,GUNVOR,0.000,1046.000,P,0.0130857,0.000,0.000,0.000,0.000,False,False,,,NEMOLINK
ING-HART1,I_ING-HART1,,,HAPPGCO,I,True,Flow into UK,HEPGCO,0.000,1000.000,P,0.0130857,0.000,0.000,0.000,0.000,False,False,,,NEMOLINK
ING-HELI1,I_ING-HELI1,,,Helios Power Trading A/S,I,True,HELIOS NEMOLINK GEN,HELIOS,0.000,1000.000,P,0.0130857,0.000,0.000,0.000,0.000,False,False,,,NEMOLINK
ING-IDCE1,I_ING-IDCE1,,,DC Energy Trading V.O.F.,I,True,Nemo DC-G,DC,0.000,1000.000,P,0.0130857,0.000,0.000,0.000,0.000,False,False,,,NEMOLINK
ING-IDCT1,I_ING-IDCT1,,,Inductive Energy A/S,I,True,Induct_BEUK,INDUCTIV,0.000,1000.000,P,0.0130857,0.000,0.000,0.000,0.000,False,False,,,NEMOLINK
ING-IMTC1,I_ING-IMTC1,,,IMC Trading BV NL Denmark,I,True,I_ING-IMTC1,IMCTRADK,0.000,1012.000,P,0.0130857,0.000,0.000,0.000,0.000,False,False,,,NEMOLINK
ING-INCM1,I_ING-INCM1,,,IN COMMODITIES A/S,I,True,NEMOINCOMASP,INCOMAS,0.000,1000.000,P,0.0130857,0.000,0.000,0.000,0.000,False,False,,,NEMOLINK
ING-KCST1,I_ING-KCST1,,,KOCH SUPPLY & TRADING SARL,I,True,KSARL_NEMOLINK_INTO UK,KSARL,0.000,1046.000,P,0.0130857,0.000,0.000,0.000,0.000,False,False,,,NEMOLINK
ING-KVAS1,I_ING-KVAS1,,,Kvasir Technologies,I,True,I_ING-KVAS1,KVASIR,0.000,50.000,P,0.0130857,0.000,0.000,0.000,0.000,False,False,,,NEMOLINK
ING-LMUS1,I_ING-LMUS1,,,Luminus SA,I,True,Flow from Belgium to UK,LUMINUS1,0.000,1000.000,P,0.0130857,0.000,0.000,0.000,0.000,False,False,,,NEMOLINK
ING-MCRA1,I_ING-MCRA1,,,Mercuria Energy Trading SA,I,True,Mercuria flow into UK,METSA,0.000,1000.000,P,0.0130857,0.000,0.000,0.000,0.000,False,False,,,NEMOLINK
ING-MFTE1,I_ING-MFTE1,,,MFT Energy A/S,I,True,MFT generation,MFTE,0.000,1000.000,P,0.0130857,0.000,0.000,0.000,0.000,False,False,,,NEMOLINK
ING-NDPL1,I_ING-NDPL1,,,European Market Coupling,I,True,NDPLNEMOLINKP,NORDPOOL,0.000,1046.000,P,0.0140482,0.000,0.000,0.000,0.000,False,False,,,NEMOLINK
ING-NEAS1,I_ING-NEAS1,,,Centrica Energy Trading A/S,I,True,INNEASGEN,NEAS,0.000,2000.000,P,0.0130857,0.000,0.000,0.000,0.000,False,False,,,NEMOLINK
ING-NEHO1,I_ING-NEHO1,,,Nordic Energy House ApS,I,True,NEMO NEH-G,NEH,0.000,1000.000,P,0.0130857,0.000,0.000,0.000,0.000,False,False,,,NEMOLINK
ING-NEMO1,I_ING-NEMO1,,INTNEM,Nemo Link Limited,I,True,NEMO Gen (BE to GB flow),NEMO1,0.000,1020.000,P,0.0130857,0.000,0.000,0.000,0.000,False,False,,,NEMOLINK
ING-NITR1,I_ING-NITR1,,,Nitor Energy A/S,I,True,Belgium INTO UK,NIREX,0.000,1000.000,P,0.0130857,0.000,0.000,0.000,0.000,False,False,,,NEMOLINK
ING-NORL1,I_ING-NORL1,,,Norlys Energy Trading A/S,I,True,NORLYS_NEL_P,NORLYS,0.000,2000.000,P,0.0130857,0.000,0.000,0.000,0.000,False,False,,,NEMOLINK
ING-NTPL1,I_ING-NTPL1,,,Northpool BV,I,True,I_ING-NTPL1,NORTHPL,0.000,2000.000,P,0.0130857,0.000,0.000,0.000,0.000,False,False,,,NEMOLINK
ING-OMPX1,I_ING-OMPX1,,,Ompex AG,I,True,OMPEX_NEMOLINK_BE-GB,OMPEX,0.000,1000.000,P,0.0130857,0.000,0.000,0.000,0.000,False,False,,,NEMOLINK
ING-OPMX1,I_ING-OPMX1,,,Optimax Energy GmbH,I,True,I_ING-OPMX1,OPTIMAX,0.000,1000.000,P,0.0130857,0.000,0.000,0.000,0.000,False,False,,,NEMOLINK
ING-OUTL1,I_ING-OUTL1,,,Outlook Energy Ltd,I,True,I_ING-OUTL1,OUTLOOK,0.000,4000.000,P,0.0130857,0.000,0.000,0.000,0.000,False,False,,,NEMOLINK
ING-PETC1,I_ING-PETC1,,,PETROCHINA INTL LONDON CO. LTD,I,True,PCIL BE TO UK NEMOLINK,PETCHINA,0.000,1000.000,P,0.0130857,0.000,0.000,0.000,0.000,False,False,,,NEMOLINK
ING-PWMR1,I_ING-PWMR1,,,PowerMart ApS,I,True,NEMO IMPORT,POMA,0.000,1000.000,P,0.0130857,0.000,0.000,0.000,0.000,False,False,,,NEMOLINK
ING-QUEN1,I_ING-QUEN1,,,QUENT ApS,I,True,Flow INTO UK,QUENT,0.000,50.000,P,0.0130857,0.000,0.000,0.000,0.000,False,False,,,NEMOLINK
ING-RESP1,I_ING-RESP1,,,RESPECT ENERGY S.A.,I,True,RESA-NEMO-IU,RESA,0.000,700.000,P,0.0130857,0.000,0.000,0.000,0.000,False,False,,,NEMOLINK
ING-RISQ1,I_ING-RISQ1,,,Risq Energy Limited,I,True,RISQ to the UK,RISQ,0.000,1000.000,P,0.0130857,0.000,0.000,0.000,0.000,False,False,,,NEMOLINK
ING-RWES1,I_ING-RWES1,,,RWE Supply and Trading GmbH,I,True,RWEST Nemo Link Import,RWE,0.000,1000.000,P,0.0130857,0.000,0.000,0.000,0.000,False,False,,,NEMOLINK
ING-SCAL1,I_ING-SCAL1,,,Scalar Energy OU,I,True,I_ING-SCAL1,SCALAR,0.000,1000.000,P,0.0130857,0.000,0.000,0.000,0.000,False,False,,,NEMOLINK
ING-SECF1,I_ING-SECF1,,,Second Foundation Trading AG,I,True,NEMO Link Gen,TRISOLAR,0.000,200.000,P,0.0130857,0.000,0.000,0.000,0.000,False,False,,,NEMOLINK
ING-SETL1,I_ING-SETL1,,,Shell Energy Europe Limited,I,True,I_ING-SETL1,SHELL2,0.000,1000.000,P,0.0130857,0.000,0.000,0.000,0.000,False,False,,,NEMOLINK
ING-SIRI1,I_ING-SIRI1,,,Sirius Energy SA,I,True,I_ING-SIRI1,SIRIUSEN,0.000,1000.000,P,0.0130857,0.000,0.000,0.000,0.000,False,False,,,NEMOLINK
ING-SMAR1,I_ING-SMAR1,,,Smart@energy B.V.,I,True,I_ING-SMAR1,SMARTATE,0.000,1000.000,P,0.0130857,0.000,0.000,0.000,0.000,False,False,,,NEMOLINK
ING-SSEG1,I_ING-SSEG1,,,SSE Energy Supply Limited,I,True,SSE EUI-NEMOLINK BGB,SSE,0.000,0.000,P,0.0130857,0.000,0.000,0.000,0.000,False,False,,,NEMOLINK
ING-STAT1,I_ING-STAT1,,,Statkraft Markets Gmbh,I,True,NEMO Import,STATKRA1,0.000,1000.000,P,0.0130857,0.000,0.000,0.000,0.000,False,False,,,NEMOLINK
ING-STGS1,I_ING-STGS1,,,STG Switzerland GmbH,I,True,STG CH NEMO BE-GB,STG8T4R,0.000,1000.000,P,0.0130857,0.000,0.000,0.000,0.000,False,False,,,NEMOLINK
ING-TGPL1,I_ING-TGPL1,,,TotalEnergies Gas & Power Ltd,I,True,NEMO Gen (BE to GB flow),TFEGP,0.000,1000.000,P,0.0130857,0.000,0.000,0.000,0.000,False,False,,,NEMOLINK
ING-TRFD1,I_ING-TRFD1,,,Trafigura Denmark ApS,I,True,NEMO_IM,TRAFDK23,0.000,1000.000,P,0.0130857,0.000,0.000,0.000,0.000,False,False,,,NEMOLINK
ING-TRFG1,I_ING-TRFG1,,,Trafigura Trading Sarl,I,True,NEMO_IM,TRAF,0.000,1000.000,P,0.0130857,0.000,0.000,0.000,0.000,False,False,,,NEMOLINK
ING-TRLS1,I_ING-TRLS1,,,Engelhart CTP Renewables GmbH,I,True,NEMO_TRL_G,GREENPWR,0.000,500.000,P,0.0130857,0.000,0.000,0.000,0.000,False,False,,,NEMOLINK
ING-VOLT1,I_ING-VOLT1,,,Volta Energy DAC,I,True,NEMO INTO UK,VOLTADAC,0.000,250.000,P,0.0130857,0.000,0.000,0.000,0.000,False,False,,,NEMOLINK
ING-VSAL1,I_ING-VSAL1,,,VITOL SA,I,True,I_ING-VSAL1,VITOLSA,0.000,1000.000,P,0.0130857,0.000,0.000,0.000,0.000,False,False,,,NEMOLINK
ING-VTET1,I_ING-VTET1,,,Vattenfall Energy Trading,I,True,VET-NEMOLINK_G,VTS,0.000,1000.000,P,0.0130857,0.000,0.000,0.000,0.000,False,False,,,NEMOLINK
ING-XNON1,I_ING-XNON1,,,XENON CAPITAL MARKETS LTD,I,True,XENON-ING-P,XENON,0.000,1000.000,P,0.0130857,0.000,0.000,0.000,0.000,False,False,,,NEMOLINK
INGAD-1,T_INGAD-1,,,SSE Generation Ltd,T,False,Invergarry Station Demand,SSEGEN,-0.100,0.000,C,-0.0304534,-0.036,-0.036,0.000,0.000,False,False,,,
INNDW-1,,,WIND,,,,,,,,,,,,,,False,False,,,
INWID-1,T_INWID-1,,,EDF Energy Customers Limited,T,True,T_INWID-1,LENCO,-8.000,0.000,C,-0.0099306,-2.502,-2.502,0.000,0.000,False,False,,,
IRNAB-1,T_IRNAB-1,,OTHER,HD000ACT Ltd,T,True,Iron Acton,CESIRN01,-120.000,121.000,P,0.0228729,-48.000,-48.000,48.400,48.400,True,False,,,
ISD-DMCC1,I_ISD-DMCC1,,,Cobblestone Energy DMCC,I,True,Cobblestone Energy DMCC,OLDKENT,-1000.000,0.000,C,-0.0105171,0.000,0.000,0.000,0.000,False,False,,,NSL
ISD-IMTC1,I_ISD-IMTC1,,,IMC Trading BV NL Denmark,I,True,I_ISD-IMTC1,IMCTRADK,-2000.000,0.000,C,-0.0105171,0.000,0.000,0.000,0.000,False,False,,,NSL
ISD-NDPL1,I_ISD-NDPL1,,,European Market Coupling,I,True,NDPL-NSL-C,NORDPOOL,-1480.000,0.000,C,-0.0105171,0.000,0.000,0.000,0.000,False,False,,,NSL
ISG-DMCC1,I_ISG-DMCC1,,,Cobblestone Energy DMCC,I,True,Cobblestone Energy DMCC,OLDKENT,0.000,1000.000,P,-0.0105171,0.000,0.000,0.000,0.000,False,False,,,NSL
ISG-IMTC1,I_ISG-IMTC1,,,IMC Trading BV NL Denmark,I,True,I_ISG-IMTC1,IMCTRADK,0.000,2000.000,P,-0.0105171,0.000,0.000,0.000,0.000,False,False,,,NSL
ISG-NDPL1,I_ISG-NDPL1,,,European Market Coupling,I,True,NDPL-NSL-P,NORDPOOL,0.000,1400.000,P,-0.0105171,0.000,0.000,0.000,0.000,False,False,,,NSL
IVD-AARH1,I_IVD-AARH1,,,Aarhus Energy A/S,I,True,VIKINGAARHUSEC,AARHUSE,-400.000,0.000,C,0.0092272,0.000,0.000,0.000,0.000,False,False,,,VIKINGLINK
IVD-AENG1,I_IVD-AENG1,,,A Energi Vannkraft AS,I,True,AENG FromUK,VIKING12,-1000.000,0.000,C,0.0092272,0.000,0.000,0.000,0.000,False,False,,,VIKINGLINK
IVD-ALIP1,I_IVD-ALIP1,,,Energetick ApS,I,True,Flow from UK,ALPSNRG,-1000.000,0.000,C,0.0092272,0.000,0.000,0.000,0.000,False,False,,,VIKINGLINK
IVD-ALPE1,I_IVD-ALPE1,,,Alpha Energy ApS,I,True,VikingLink Demand,ALPHAENE,-500.000,0.000,C,0.0092272,0.000,0.000,0.000,0.000,False,False,,,VIKINGLINK
IVD-AROS1,I_IVD-AROS1,,,Arosource ApS,I,True,AROS Flow FROM UK,AROSOURC,-1000.000,0.000,C,0.0092272,0.000,0.000,0.000,0.000,False,False,,,VIKINGLINK
IVD-ARTH1,I_IVD-ARTH1,,,Aarhus Trading A/S,I,True,I_IVD-ARTH1,ATAS,-1000.000,0.000,C,0.0092272,0.000,0.000,0.000,0.000,False,False,,,VIKINGLINK
IVD-ATLS1,I_IVD-ATLS1,,,Atlas Energy DAC,I,True,Atlas GB-DK,AED75443,-1400.000,0.000,C,0.0092272,0.000,0.000,0.000,0.000,False,False,,,VIKINGLINK
IVD-BDEN1,I_IVD-BDEN1,,,BD Energy A/S,I,True,BDE FROM UK,BDENERGY,-720.000,0.000,C,0.0092272,0.000,0.000,0.000,0.000,False,False,,,VIKINGLINK
IVD-CACM1,I_IVD-CACM1,,,C A Commodities A/S,I,True,Viking link flow out of UK,CACOMAS,-1400.000,0.000,C,0.0092272,0.000,0.000,0.000,0.000,False,False,,,VIKINGLINK
IVD-CONV1,I_IVD-CONV1,,,Convex Energy GmbH,I,True,I_IVD-CONV1,GEAG,-700.000,0.000,C,0.0092272,0.000,0.000,0.000,0.000,False,False,,,VIKINGLINK
IVD-COPN1,I_IVD-COPN1,,,Copenhagen Energy Trading A/S,I,True,CET_VL,CET1234,-1400.000,0.000,C,0.0092272,0.000,0.000,0.000,0.000,False,False,,,VIKINGLINK
IVD-CURR1,I_IVD-CURR1,,,Current Commodities A/S,I,True,Flow from UK,CURRENT,-1400.000,0.000,C,0.0092272,0.000,0.000,0.000,0.000,False,False,,,VIKINGLINK
IVD-DARE1,I_IVD-DARE1,,,Dare Power Ltd,I,True,I_IVD-DARE1,DARE,-2800.000,0.000,C,0.0092272,0.000,0.000,0.000,0.000,False,False,,,VIKINGLINK
IVD-DSKC1,I_IVD-DSKC1,,,Danske Commodities A/S,I,True,DC-VIKING-C,DANSKE,-1400.000,0.000,C,0.0092272,0.000,0.000,0.000,0.000,False,False,,,VIKINGLINK
IVD-DUFE1,I_IVD-DUFE1,,,DXT Commodities SA,I,True,I_IVD-DUFE1,DUFENERG,-1000.000,0.000,C,0.0092272,0.000,0.000,0.000,0.000,False,False,,,VIKINGLINK
IVD-DVAL1,I_IVD-DVAL1,,,DVALIN ApS,I,True,I_IVD-DVAL1,DVALIN,-1400.000,0.000,C,0.0092272,0.000,0.000,0.000,0.000,False,False,,,VIKINGLINK
IVD-EDFT1,I_IVD-EDFT1,,,EDF TRADING LIMITED,I,True,EDFT Viking Demand,EDFT,-1400.000,0.000,C,0.0092272,0.000,0.000,0.000,0.000,False,False,,,VIKINGLINK
IVD-EDMK1,I_IVD-EDMK1,,,Mind Energy A/S,I,True,EnergidkVIKD1,ENERGIDK,-1400.000,0.000,C,0.0092272,0.000,0.000,0.000,0.000,False,False,,,VIKINGLINK
IVD-EENG1,I_IVD-EENG1,,,Eio Energi ApS,I,True,EIO_UK_DK1,EIOENRGY,-100.000,0.000,C,0.0092272,0.000,0.000,0.000,0.000,False,False,,,VIKINGLINK
IVD-ELTR1,I_IVD-ELTR1,,,ElectroRoute Energy Trading,I,True,EETL VIKINGLINK DKUK,ELECTRO,-1400.000,0.000,C,0.0092272,0.000,0.000,0.000,0.000,False,False,,,VIKINGLINK
IVD-ENGE1,I_IVD-ENGE1,,,ENGIE UK Markets Limited,I,True,I_IVD-ENGE1,DPDCOLTD,-150.000,0.000,C,0.0092272,0.000,0.000,0.000,0.000,False,False,,,VIKINGLINK
IVD-ENSC1,I_IVD-ENSC1,,,EnSCo Energy Services Company,I,True,Flow from UK,ENSCOAG,-1000.000,0.000,C,0.0092272,0.000,0.000,0.000,0.000,False,False,,,VIKINGLINK
IVD-EWII1,I_IVD-EWII1,,,EWII Energi A/S,I,True,EWII-UK-TO-DK,EWII6000,-1400.000,0.000,C,0.0092272,0.000,0.000,0.000,0.000,False,False,,,VIKINGLINK
IVD-EZCO1,I_IVD-EZCO1,,,ENZEE Commodities A/S,I,True,Flow from UK,ENZEE,-1400.000,0.000,C,0.0092272,0.000,0.000,0.000,0.000,False,False,,,VIKINGLINK
IVD-FLEX1,I_IVD-FLEX1,,,Citadel FlexPower GmbH,I,True,Flow from UK,FLXPWR,-1400.000,0.000,C,0.0092272,0.000,0.000,0.000,0.000,False,False,,,VIKINGLINK
IVD-GRDC1,I_IVD-GRDC1,,,Grid Commodities ApS,I,True,I_IVD-GRDC1,GRIDCOM1,-1400.000,0.000,C,0.0092272,0.000,0.000,0.000,0.000,False,False,,,VIKINGLINK
IVD-GRMC1,I_IVD-GRMC1,,,A/S Global Risk Management Ltd,I,True,Flows out of  the UK,GRMC,-1000.000,0.000,C,0.0064338,0.000,0.000,0.000,0.000,False,False,,,VIKINGLINK
IVD-GRMT1,I_IVD-GRMT1,,,A/S Global Risk Management Ltd,I,True,Global flow FROM UK,GLOBAL,-300.000,0.000,C,0.0092272,0.000,0.000,0.000,0.000,False,False,,,VIKINGLINK
IVD-HART1,I_IVD-HART1,,,HAPPGCO,I,True,Flow from UK,HEPGCO,-560.000,0.000,C,0.0092272,0.000,0.000,0.000,0.000,False,False,,,VIKINGLINK
IVD-HELI1,I_IVD-HELI1,,,Helios Power Trading A/S,I,True,HELIOS VikingLink GB-DK,HELIOS,-1400.000,0.000,C,0.0092272,0.000,0.000,0.000,0.000,False,False,,,VIKINGLINK
IVD-IDCE1,I_IVD-IDCE1,,,DC Energy Trading V.O.F.,I,True,Vikinglink DC-D,DC,-1000.000,0.000,C,0.0092272,0.000,0.000,0.000,0.000,False,False,,,VIKINGLINK
IVD-IDCT1,I_IVD-IDCT1,,,Inductive Energy A/S,I,True,Flow from UK,INDUCTIV,-1400.000,0.000,C,0.0092272,0.000,0.000,0.000,0.000,False,False,,,VIKINGLINK
IVD-IMPT1,I_IVD-IMPT1,,,Impact Energy Trading A/S,I,True,Flow from UK,IMPACT25,-1400.000,0.000,C,0.0092272,0.000,0.000,0.000,0.000,False,False,,,VIKINGLINK
IVD-IMTC1,I_IVD-IMTC1,,,IMC Trading BV NL Denmark,I,True,I_IVD-IMTC1,IMCTRADK,-1400.000,0.000,C,0.0092272,0.000,0.000,0.000,0.000,False,False,,,VIKINGLINK
IVD-INCM1,I_IVD-INCM1,,,IN COMMODITIES A/S,I,True,VIKINGINCOMASC,INCOMAS,-1400.000,0.000,C,0.0092272,0.000,0.000,0.000,0.000,False,False,,,VIKINGLINK
IVD-KVAS1,I_IVD-KVAS1,,,Kvasir Technologies,I,True,I_IVD-KVAS1,KVASIR,-1000.000,0.000,C,0.0092272,0.000,0.000,0.000,0.000,False,False,,,VIKINGLINK
IVD-LYSE1,I_IVD-LYSE1,,,Lyse Produksjon AS,I,True,N2EXUK-DK1,LP980335,-500.000,0.000,C,0.0092272,0.000,0.000,0.000,0.000,False,False,,,VIKINGLINK
IVD-MFTE1,I_IVD-MFTE1,,,MFT Energy A/S,I,True,MFT_EXP,MFTE,-1400.000,0.000,C,0.0092272,0.000,0.000,0.000,0.000,False,False,,,VIKINGLINK
IVD-NEAS1,I_IVD-NEAS1,,,Centrica Energy Trading A/S,I,True,Flow FROM UK,NEAS,-1400.000,0.000,C,0.0092272,0.000,0.000,0.000,0.000,False,False,,,VIKINGLINK
IVD-NEHO1,I_IVD-NEHO1,,,Nordic Energy House ApS,I,True,VL NEH-D,NEH,-1400.000,0.000,C,0.0092272,0.000,0.000,0.000,0.000,False,False,,,VIKINGLINK
IVD-NEXT1,I_IVD-NEXT1,,,Next Gen Energy ApS,I,True,I_IVD-NEXT1,NEXTGEN,-1400.000,0.000,C,0.0092272,0.000,0.000,0.000,0.000,False,False,,,VIKINGLINK
IVD-NITR1,I_IVD-NITR1,,,Nitor Energy A/S,I,True,DK from UK,NIREX,-1000.000,0.000,C,0.0092272,0.000,0.000,0.000,0.000,False,False,,,VIKINGLINK
IVD-NORL1,I_IVD-NORL1,,,Norlys Energy Trading A/S,I,True,NORLYS_VIL_C,NORLYS,-1400.000,0.000,C,0.0092272,0.000,0.000,0.000,0.000,False,False,,,VIKINGLINK
IVD-NTPL1,I_IVD-NTPL1,,,Northpool BV,I,True,I_IVD-NTPL1,NORTHPL,-1400.000,0.000,C,0.0092272,0.000,0.000,0.000,0.000,False,False,,,VIKINGLINK
IVD-OPMX1,I_IVD-OPMX1,,,Optimax Energy GmbH,I,True,I_IVD-OPMX1,OPTIMAX,-1000.000,0.000,C,0.0092272,0.000,0.000,0.000,0.000,False,False,,,VIKINGLINK
IVD-OUTL1,I_IVD-OUTL1,,,Outlook Energy Ltd,I,True,Flow from UK,OUTLOOK,-2800.000,0.000,C,0.0092272,0.000,0.000,0.000,0.000,False,False,,,VIKINGLINK
IVD-PETC1,I_IVD-PETC1,,,PETROCHINA INTL LONDON CO. LTD,I,True,PCIL UK TO DK VIKINGLINK,PETCHINA,-1400.000,0.000,C,0.0092272,0.000,0.000,0.000,0.000,False,False,,,VIKINGLINK
IVD-PWMR1,I_IVD-PWMR1,,,PowerMart ApS,I,True,VIKINGLINK EXPORT,POMA,-1000.000,0.000,C,0.0092272,0.000,0.000,0.000,0.000,False,False,,,VIKINGLINK
IVD-QTPT1,I_IVD-QTPT1,,,Quantum Power Trading,I,True,QPT FROM UK,QPT,-1000.000,0.000,C,0.0092272,0.000,0.000,0.000,0.000,False,False,,,VIKINGLINK
IVD-QUAN1,I_IVD-QUAN1,,,Quant Partners ApS,I,True,QP_VK_D,QPARTNER,-1400.000,0.000,C,0.0092272,0.000,0.000,0.000,0.000,False,False,,,VIKINGLINK
IVD-QUEN1,I_IVD-QUEN1,,,QUENT ApS,I,True,Flow FROM UK,QUENT,-50.000,0.000,C,0.0092272,0.000,0.000,0.000,0.000,False,False,,,VIKINGLINK
IVD-RESP1,I_IVD-RESP1,,,RESPECT ENERGY S.A.,I,True,RESA-IVK-IU,RESA,-700.000,0.000,C,0.0092272,0.000,0.000,0.000,0.000,False,False,,,VIKINGLINK
IVD-RWES1,I_IVD-RWES1,,,RWE Supply and Trading GmbH,I,True,RWEST Viking Link Export,RWE,-1400.000,0.000,C,0.0092272,0.000,0.000,0.000,0.000,False,False,,,VIKINGLINK
IVD-SCAL1,I_IVD-SCAL1,,,Scalar Energy OU,I,True,I_IVD-SCAL1,SCALAR,-1000.000,0.000,C,0.0092272,0.000,0.000,0.000,0.000,False,False,,,VIKINGLINK
IVD-SECF1,I_IVD-SECF1,,,Second Foundation Trading AG,I,True,Vikinglink Dem,TRISOLAR,-200.000,0.000,C,0.0092272,0.000,0.000,0.000,0.000,False,False,,,VIKINGLINK
IVD-SEFE1,I_IVD-SEFE1,,,SEFE Marketing & Trading LTD,I,True,VKL-GB-D1,GAZPROM,-1400.000,0.000,C,0.0092272,0.000,0.000,0.000,0.000,False,False,,,VIKINGLINK
IVD-SSEG1,I_IVD-SSEG1,,,SSE Energy Supply Limited,I,True,SSE DK-VIKINGLINK GBDK,SSE,-1400.000,0.000,C,0.0092272,0.000,0.000,0.000,0.000,False,False,,,VIKINGLINK
IVD-STAT1,I_IVD-STAT1,,,Statkraft Markets Gmbh,I,True,STATKRAFT VKL EXPORT,STATKRA1,-1400.000,0.000,C,0.0092272,0.000,0.000,0.000,0.000,False,False,,,VIKINGLINK
IVD-STGS1,I_IVD-STGS1,,,STG Switzerland GmbH,I,True,STG CH VikingLink GB-DK,STG8T4R,-1400.000,0.000,C,0.0092272,0.000,0.000,0.000,0.000,False,False,,,VIKINGLINK
IVD-TGPL1,I_IVD-TGPL1,,,TotalEnergies Gas & Power Ltd,I,True,VikingLink ( Flow out of UK ),TFEGP,-1400.000,0.000,C,0.0092272,0.000,0.000,0.000,0.000,False,False,,,VIKINGLINK
IVD-TILD1,I_IVD-TILD1,,,Tilde Energy Trading A/S,I,True,I_IVD-TILD1,TILDEET,-1000.000,0.000,C,0.0092272,0.000,0.000,0.000,0.000,False,False,,,VIKINGLINK
IVD-TRAS1,I_IVD-TRAS1,,,Trasteel Nordic ApS,I,True,Trasteel Flow FROM UK,TRASTEEL,-1000.000,0.000,C,0.0092272,0.000,0.000,0.000,0.000,False,False,,,VIKINGLINK
IVD-TRLS1,I_IVD-TRLS1,,,Engelhart CTP Renewables GmbH,I,True,UK-DK,GREENPWR,-1300.000,0.000,C,0.0092272,0.000,0.000,0.000,0.000,False,False,,,VIKINGLINK
IVD-VISC1,I_IVD-VISC1,,,Vis Commodities ApS,I,True,VIS_Viking_FROMUK,VISALGO,-1000.000,0.000,C,0.0092272,0.000,0.000,0.000,0.000,False,False,,,VIKINGLINK
IVD-VOLT1,I_IVD-VOLT1,,,Volta Energy DAC,I,True,VIKINGLINK from UK,VOLTADAC,-500.000,0.000,C,0.0092272,0.000,0.000,0.000,0.000,False,False,,,VIKINGLINK
IVD-VSAL1,I_IVD-VSAL1,,,VITOL SA,I,True,IVD-VSAL1,VITOLSA,-1400.000,0.000,C,0.0092272,0.000,0.000,0.000,0.000,False,False,,,VIKINGLINK
IVD-VTFS1,I_IVD-VTFS1,,,Vattenfall Energy Trading,I,True,VET_VIKING_D,VTS,-1400.000,0.000,C,0.0092272,0.000,0.000,0.000,0.000,False,False,,,VIKINGLINK
IVD-WOLF1,I_IVD-WOLF1,,,Wolfram Trading ApS,I,True,WT Vlink Import BMU,WT74183,-800.000,0.000,C,0.0092272,0.000,0.000,0.000,0.000,False,False,,,VIKINGLINK
IVD_ENZL1,I_IVD-ENZL1,,,ENZOL Energy Trading ApS,I,True,I_IVD-ENZL1,ENZOL,-800.000,0.000,C,0.0092272,0.000,0.000,0.000,0.000,False,False,,,VIKINGLINK
IVG-AARH1,I_IVG-AARH1,,,Aarhus Energy A/S,I,True,VIKINGAARHUSEP,AARHUSE,0.000,400.000,P,0.0092272,0.000,0.000,0.000,0.000,False,False,,,VIKINGLINK
IVG-AENG1,I_IVG-AENG1,,,A Energi Vannkraft AS,I,True,AENG ToUK,VIKING12,0.000,1000.000,P,0.0092272,0.000,0.000,0.000,0.000,False,False,,,VIKINGLINK
IVG-ALIP1,I_IVG-ALIP1,,,Energetick ApS,I,True,Flow into UK,ALPSNRG,0.000,1000.000,P,0.0092272,0.000,0.000,0.000,0.000,False,False,,,VIKINGLINK
IVG-ALPE1,I_IVG-ALPE1,,,Alpha Energy ApS,I,True,VikingLink Generation,ALPHAENE,0.000,500.000,P,0.0092272,0.000,0.000,0.000,0.000,False,False,,,VIKINGLINK
IVG-AROS1,I_IVG-AROS1,,,Arosource ApS,I,True,AROS Flow INTO UK,AROSOURC,0.000,1000.000,P,0.0092272,0.000,0.000,0.000,0.000,False,False,,,VIKINGLINK
IVG-ARTH1,I_IVG-ARTH1,,,Aarhus Trading A/S,I,True,I_IVG-ARTH1,ATAS,0.000,1000.000,P,0.0092272,0.000,0.000,0.000,0.000,False,False,,,VIKINGLINK
IVG-ATLS1,I_IVG-ATLS1,,,Atlas Energy DAC,I,True,Atlas DK-GB,AED75443,0.000,1400.000,P,0.0092272,0.000,0.000,0.000,0.000,False,False,,,VIKINGLINK
IVG-BDEN1,I_IVG-BDEN1,,,BD Energy A/S,I,True,BDE INTO UK,BDENERGY,0.000,720.000,P,0.0092272,0.000,0.000,0.000,0.000,False,False,,,VIKINGLINK
IVG-CACM1,I_IVG-CACM1,,,C A Commodities A/S,I,True,Viking link flow into UK,CACOMAS,0.000,1400.000,P,0.0092272,0.000,0.000,0.000,0.000,False,False,,,VIKINGLINK
IVG-CONV1,I_IVG-CONV1,,,Convex Energy GmbH,I,True,I_IVG-CONV1,GEAG,0.000,700.000,P,0.0092272,0.000,0.000,0.000,0.000,False,False,,,VIKINGLINK
IVG-COPN1,I_IVG-COPN1,,,Copenhagen Energy Trading A/S,I,True,CET_VL,CET1234,0.000,1400.000,P,0.0092272,0.000,0.000,0.000,0.000,False,False,,,VIKINGLINK
IVG-CURR1,I_IVG-CURR1,,,Current Commodities A/S,I,True,Flow into UK,CURRENT,0.000,1400.000,P,0.0092272,0.000,0.000,0.000,0.000,False,False,,,VIKINGLINK
IVG-DARE1,I_IVG-DARE1,,,Dare Power Ltd,I,True,I_IVG-DARE1,DARE,0.000,2800.000,P,0.0092272,0.000,0.000,0.000,0.000,False,False,,,VIKINGLINK
IVG-DSKC1,I_IVG-DSKC1,,,Danske Commodities A/S,I,True,DC-VIKING-P,DANSKE,0.000,1400.000,P,0.0092272,0.000,0.000,0.000,0.000,False,False,,,VIKINGLINK
IVG-DUFE1,I_IVG-DUFE1,,,DXT Commodities SA,I,True,I_IVG-DUFE1,DUFENERG,0.000,1000.000,P,0.0092272,0.000,0.000,0.000,0.000,False,False,,,VIKINGLINK
IVG-DVAL1,I_IVG-DVAL1,,,DVALIN ApS,I,True,I_IVG-DVAL1,DVALIN,0.000,1400.000,P,0.0092272,0.000,0.000,0.000,0.000,False,False,,,VIKINGLINK
IVG-EDFT1,I_IVG-EDFT1,,,EDF TRADING LIMITED,I,True,EDFT Viking Generation,EDFT,0.000,1400.000,P,0.0092272,0.000,0.000,0.000,0.000,False,False,,,VIKINGLINK
IVG-EDMK1,I_IVG-EDMK1,,,Mind Energy A/S,I,True,Energidk_GVIKG1,ENERGIDK,0.000,1400.000,P,0.0092272,0.000,0.000,0.000,0.000,False,False,,,VIKINGLINK
IVG-EENG1,I_IVG-EENG1,,,Eio Energi ApS,I,True,EIO_DK1_UK,EIOENRGY,0.000,100.000,P,0.0092272,0.000,0.000,0.000,0.000,False,False,,,VIKINGLINK
IVG-ELTR1,I_IVG-ELTR1,,,ElectroRoute Energy Trading,I,True,EETL VIKINGLINK UKDK,ELECTRO,0.000,1400.000,P,0.0092272,0.000,0.000,0.000,0.000,False,False,,,VIKINGLINK
IVG-ENGE1,I_IVG-ENGE1,,,ENGIE UK Markets Limited,I,True,I_IVG-ENGE1,DPDCOLTD,0.000,150.000,P,0.0092272,0.000,0.000,0.000,0.000,False,False,,,VIKINGLINK
IVG-ENSC1,I_IVG-ENSC1,,,EnSCo Energy Services Company,I,True,Flow into UK,ENSCOAG,0.000,1000.000,P,0.0092272,0.000,0.000,0.000,0.000,False,False,,,VIKINGLINK
IVG-ENZL1,I_IVG-ENZL1,,,ENZOL Energy Trading ApS,I,True,I_IVG-ENZL1,ENZOL,0.000,800.000,P,0.0092272,0.000,0.000,0.000,0.000,False,False,,,VIKINGLINK
IVG-EWII1,I_IVG-EWII1,,,EWII Energi A/S,I,True,EWII-DK-TO-UK,EWII6000,0.000,1400.000,P,0.0092272,0.000,0.000,0.000,0.000,False,False,,,VIKINGLINK
IVG-EZCO1,I_IVG-EZCO1,,,ENZEE Commodities A/S,I,True,Flow into UK,ENZEE,0.000,1400.000,P,0.0092272,0.000,0.000,0.000,0.000,False,False,,,VIKINGLINK
IVG-FLEX1,I_IVG-FLEX1,,,Citadel FlexPower GmbH,I,True,Flow into UK,FLXPWR,0.000,1400.000,P,0.0092272,0.000,0.000,0.000,0.000,False,False,,,VIKINGLINK
IVG-GRDC1,I_IVG-GRDC1,,,Grid Commodities ApS,I,True,I_IVG-GRDC1,GRIDCOM1,0.000,1400.000,P,0.0092272,0.000,0.000,0.000,0.000,False,False,,,VIKINGLINK
IVG-GRMC1,I_IVG-GRMC1,,,A/S Global Risk Management Ltd,I,True,Flows into the  UK,GRMC,0.000,1000.000,P,0.0064338,0.000,0.000,0.000,0.000,False,False,,,VIKINGLINK
IVG-GRMT1,I_IVG-GRMT1,,,A/S Global Risk Management Ltd,I,True,Global flow INTO UK,GLOBAL,0.000,300.000,P,0.0092272,0.000,0.000,0.000,0.000,False,False,,,VIKINGLINK
IVG-HART1,I_IVG-HART1,,,HAPPGCO,I,True,Flow into UK,HEPGCO,0.000,560.000,P,0.0092272,0.000,0.000,0.000,0.000,False,False,,,VIKINGLINK
IVG-HELI1,I_IVG-HELI1,,,Helios Power Trading A/S,I,True,HELIOS VikingLink DK-GB,HELIOS,0.000,1400.000,P,0.0092272,0.000,0.000,0.000,0.000,False,False,,,VIKINGLINK
IVG-IDCE1,I_IVG-IDCE1,,,DC Energy Trading V.O.F.,I,True,Vikinglink DC-G,DC,0.000,1000.000,P,0.0092272,0.000,0.000,0.000,0.000,False,False,,,VIKINGLINK
IVG-IDCT1,I_IVG-IDCT1,,,Inductive Energy A/S,I,True,Flow into UK,INDUCTIV,0.000,1400.000,P,0.0092272,0.000,0.000,0.000,0.000,False,False,,,VIKINGLINK
IVG-IMPT1,I_IVG-IMPT1,,,Impact Energy Trading A/S,I,True,Flow into UK,IMPACT25,0.000,1400.000,P,0.0092272,0.000,0.000,0.000,0.000,False,False,,,VIKINGLINK
IVG-IMTC1,I_IVG-IMTC1,,,IMC Trading BV NL Denmark,I,True,I_IVG-IMTC1,IMCTRADK,0.000,1400.000,P,0.0092272,0.000,0.000,0.000,0.000,False,False,,,VIKINGLINK
IVG-INCM1,I_IVG-INCM1,,,IN COMMODITIES A/S,I,True,VIKINGINCOMASP,INCOMAS,0.000,1400.000,P,0.0092272,0.000,0.000,0.000,0.000,False,False,,,VIKINGLINK
IVG-KVAS1,I_IVG-KVAS1,,,Kvasir Technologies,I,True,I_IVG-KVAS1,KVASIR,0.000,1000.000,P,0.0092272,0.000,0.000,0.000,0.000,False,False,,,VIKINGLINK
IVG-LYSE1,I_IVG-LYSE1,,,Lyse Produksjon AS,I,True,DK1-N2EXUK,LP980335,0.000,500.000,P,0.0092272,0.000,0.000,0.000,0.000,False,False,,,VIKINGLINK
IVG-MFTE1,I_IVG-MFTE1,,,MFT Energy A/S,I,True,MFT_IMP,MFTE,0.000,1400.000,P,0.0092272,0.000,0.000,0.000,0.000,False,False,,,VIKINGLINK
IVG-NEAS1,I_IVG-NEAS1,,,Centrica Energy Trading A/S,I,True,Flow INTO UK,NEAS,0.000,1400.000,P,0.0092272,0.000,0.000,0.000,0.000,False,False,,,VIKINGLINK
IVG-NEHO1,I_IVG-NEHO1,,,Nordic Energy House ApS,I,True,VL NEH-G,NEH,0.000,1400.000,P,0.0092272,0.000,0.000,0.000,0.000,False,False,,,VIKINGLINK
IVG-NEXT1,I_IVG-NEXT1,,,Next Gen Energy ApS,I,True,I_IVG-NEXT1,NEXTGEN,0.000,1400.000,P,0.0092272,0.000,0.000,0.000,0.000,False,False,,,VIKINGLINK
IVG-NITR1,I_IVG-NITR1,,,Nitor Energy A/S,I,True,DK into UK,NIREX,0.000,1000.000,P,0.0092272,0.000,0.000,0.000,0.000,False,False,,,VIKINGLINK
IVG-NORL1,I_IVG-NORL1,,,Norlys Energy Trading A/S,I,True,NORLYS_VIL_P,NORLYS,0.000,1400.000,P,0.0092272,0.000,0.000,0.000,0.000,False,False,,,VIKINGLINK
IVG-NTPL1,I_IVG-NTPL1,,,Northpool BV,I,True,I_IVG-NTPL1,NORTHPL,0.000,1400.000,P,0.0092272,0.000,0.000,0.000,0.000,False,False,,,VIKINGLINK
IVG-OPMX1,I_IVG-OPMX1,,,Optimax Energy GmbH,I,True,I_IVG-OPMX1,OPTIMAX,0.000,1000.000,P,0.0092272,0.000,0.000,0.000,0.000,False,False,,,VIKINGLINK
IVG-OUTL1,I_IVG-OUTL1,,,Outlook Energy Ltd,I,True,Flow into UK,OUTLOOK,0.000,2800.000,P,0.0092272,0.000,0.000,0.000,0.000,False,False,,,VIKINGLINK
IVG-PETC1,I_IVG-PETC1,,,PETROCHINA INTL LONDON CO. LTD,I,True,PCIL DK TO UK VIKINGLINK,PETCHINA,0.000,1400.000,P,0.0092272,0.000,0.000,0.000,0.000,False,False,,,VIKINGLINK
IVG-PWMR1,I_IVG-PWMR1,,,PowerMart ApS,I,True,VIKINGLINK IMPORT,POMA,0.000,1000.000,P,0.0092272,0.000,0.000,0.000,0.000,False,False,,,VIKINGLINK
IVG-QTPT1,I_IVG-QTPT1,,,Quantum Power Trading,I,True,QPT INTO UK,QPT,0.000,1000.000,P,0.0092272,0.000,0.000,0.000,0.000,False,False,,,VIKINGLINK
IVG-QUAN1,I_IVG-QUAN1,,,Quant Partners ApS,I,True,QP_VK_G,QPARTNER,0.000,1400.000,P,0.0092272,0.000,0.000,0.000,0.000,False,False,,,VIKINGLINK
IVG-QUEN1,I_IVG-QUEN1,,,QUENT ApS,I,True,Flow INTO UK,QUENT,0.000,50.000,P,0.0092272,0.000,0.000,0.000,0.000,False,False,,,VIKINGLINK
IVG-RESP1,I_IVG-RESP1,,,RESPECT ENERGY S.A.,I,True,RESA-IVK-FU,RESA,0.000,700.000,P,0.0092272,0.000,0.000,0.000,0.000,False,False,,,VIKINGLINK
IVG-RWES1,I_IVG-RWES1,,,RWE Supply and Trading GmbH,I,True,RWEST Viking Link Import,RWE,0.000,1400.000,P,0.0092272,0.000,0.000,0.000,0.000,False,False,,,VIKINGLINK
IVG-SCAL1,I_IVG-SCAL1,,,Scalar Energy OU,I,True,I_IVG-SCAL1,SCALAR,0.000,1000.000,P,0.0092272,0.000,0.000,0.000,0.000,False,False,,,VIKINGLINK
IVG-SECF1,I_IVG-SECF1,,,Second Foundation Trading AG,I,True,Vikinglink Gen,TRISOLAR,0.000,200.000,P,0.0092272,0.000,0.000,0.000,0.000,False,False,,,VIKINGLINK
IVG-SEFE1,I_IVG-SEFE1,,,SEFE Marketing & Trading LTD,I,True,VKL-D1-GB,GAZPROM,0.000,1400.000,P,0.0092272,0.000,0.000,0.000,0.000,False,False,,,VIKINGLINK
IVG-SSEG1,I_IVG-SSEG1,,,SSE Energy Supply Limited,I,True,SSE DK-VIKINGLINK DKGB,SSE,0.000,1400.000,P,0.0092272,0.000,0.000,0.000,0.000,False,False,,,VIKINGLINK
IVG-STAT1,I_IVG-STAT1,,,Statkraft Markets Gmbh,I,True,STATKRAFT VKL IMPORT,STATKRA1,0.000,1400.000,P,0.0092272,0.000,0.000,0.000,0.000,False,False,,,VIKINGLINK
IVG-STGS1,I_IVG-STGS1,,,STG Switzerland GmbH,I,True,STG CH VikingLink DK-GB,STG8T4R,0.000,1400.000,P,0.0092272,0.000,0.000,0.000,0.000,False,False,,,VIKINGLINK
IVG-TGPL1,I_IVG-TGPL1,,,TotalEnergies Gas & Power Ltd,I,True,VikingLink ( Flow into UK ),TFEGP,0.000,1480.000,P,0.0092272,0.000,0.000,0.000,0.000,False,False,,,VIKINGLINK
IVG-TILD1,I_IVG-TILD1,,,Tilde Energy Trading A/S,I,True,I_IVG-TILD1,TILDEET,0.000,1000.000,P,0.0092272,0.000,0.000,0.000,0.000,False,False,,,VIKINGLINK
IVG-TRAS1,I_IVG-TRAS1,,,Trasteel Nordic ApS,I,True,Trasteel Flow INTO UK,TRASTEEL,0.000,1000.000,P,0.0092272,0.000,0.000,0.000,0.000,False,False,,,VIKINGLINK
IVG-TRLS1,I_IVG-TRLS1,,,Engelhart CTP Renewables GmbH,I,True,DK-UK,GREENPWR,0.000,1300.000,P,0.0092272,0.000,0.000,0.000,0.000,False,False,,,VIKINGLINK
IVG-VISC1,I_IVG-VISC1,,,Vis Commodities ApS,I,True,VIS_Viking_INTOUK,VISALGO,0.000,1000.000,P,0.0092272,0.000,0.000,0.000,0.000,False,False,,,VIKINGLINK
IVG-VKL1,,,INTVKL,,,,,,,,,,,,,,False,False,,,
IVG-VOLT1,I_IVG-VOLT1,,,Volta Energy DAC,I,True,VIKINGLINK into UK,VOLTADAC,0.000,500.000,P,0.0092272,0.000,0.000,0.000,0.000,False,False,,,VIKINGLINK
IVG-VSAL1,I_IVG-VSAL1,,,VITOL SA,I,True,IVG-VSAL1,VITOLSA,0.000,1400.000,P,0.0092272,0.000,0.000,0.000,0.000,False,False,,,VIKINGLINK
IVG-VTFS1,I_IVG-VTFS1,,,Vattenfall Energy Trading,I,True,VET_VIKING_G,VTS,0.000,1400.000,P,0.0092272,0.000,0.000,0.000,0.000,False,False,,,VIKINGLINK
IVG-WOLF1,I_IVG-WOLF1,,,Wolfram Trading ApS,I,True,WT Vlink Export BMU,WT74183,0.000,800.000,P,0.0092272,0.000,0.000,0.000,0.000,False,False,,,VIKINGLINK
JAMBB-1,E_JAMBB-1,,OTHER,Tesla Motors Limited,E,True,Jamesfield 1 Battery Storage,TESLA,-30.000,30.000,P,-0.0304534,-12.000,-12.000,12.000,12.000,True,False,_P,North Scotland,
JAMBB-2,E_JAMBB-2,,OTHER,Tesla Motors Limited,E,True,Jamesfield 2 Battery Storage,TESLA,-19.314,19.000,P,-0.0304534,-7.726,-7.726,7.600,7.600,True,False,_P,North Scotland,
JGPR-1,T_JGPR-1,,BIOMASS,JG Pears Power Ltd,T,True,High Marnham JGPEARS,JGPEARSP,-14.990,13.000,P,0.0092272,-5.996,-5.996,5.200,5.200,True,False,,,
JJERE000,2__JJERE000,,,Shell Energy UK Limited,G,False,2__JJERE000,AMPERE,0.000,0.000,C,0.0231229,0.000,0.000,0.000,0.000,False,False,_J,South Eastern,
JNEV01,2__JNEVA001,,,VERSA ENERGY LIMITED,S,False,2__JNEVA001,NEVA,-15.000,0.500,C,0.0130857,-6.087,-5.337,0.203,0.178,False,False,_J,South Eastern,
KEAD-1,T_KEAD-1,48W000000KEAD-15,CCGT,Keadby Generation Limited,T,True,KGL CCGT 1,KGL,-12.200,764.000,P,-0.0042872,-4.880,-4.880,305.600,305.600,True,False,,,
KEAD-2,T_KEAD-2,48W000000KEAD-23,CCGT,Keadby Generation Limited,T,True,Keadby-2 Main,KGL,-20.000,890.000,P,-0.0042872,-8.000,-8.000,356.000,356.000,True,False,,,
KEADGT-3,T_KEADGT-3,48W0000KEADGT-3O,OCGT,Keadby Generation Limited,T,True,KGL GT 3,KGL,-0.200,30.000,P,-0.0042872,-0.080,-0.080,12.000,12.000,True,False,,,
KEMB-1,T_KEMB-1,,OTHER,EDF Energy Customers Limited,T,True,Pivot Power Kemsley,LENCO,-46.510,40.137,C,0.0130857,-18.604,-18.604,16.055,16.055,True,False,,,
KENNW-1,T_KENNW-1,,WIND,Kennoxhead Wind Farm Limited,T,True,Kennoxhead Wind Farm,KENX01,-0.100,60.000,P,-0.0099306,-0.040,-0.040,24.000,24.000,True,False,,,
KHLLW-1,E_KHLLW-1,48W00000KHLLW-1Q,WIND,Unify Energy Limited,E,False,Kirk Hill WF,TAILWIND,0.000,18.800,C,-0.0099306,0.000,0.000,4.828,4.828,False,False,_N,South Scotland,
KILBW-1,T_KILBW-1,48W00000KILBW-1W,WIND,Kilbraur Wind Energy Ltd,T,True,KILBW,KILBRAUR,-1.000,68.510,P,-0.0304534,-0.400,-0.400,27.404,27.404,True,False,,,
KILLPG-1,T_KILLPG-1,48W0000KILLPG-1Q,CCGT,Uniper UK Limited,T,True,T_KILLPG-1,EECL,-14.000,311.000,P,-0.0042872,-5.600,-5.600,124.400,124.400,True,False,,,
KILLPG-2,T_KILLPG-2,48W0000KILLPG-2O,CCGT,Uniper UK Limited,T,True,T_KILLPG-2,EECL,-6.000,316.000,P,-0.0042872,-2.400,-2.400,126.400,126.400,True,False,,,
KILLSC-1,T_KILLSC-1,,,Uniper UK Limited,T,True,Killingholme Synch Comp 1,EECL,-8.000,0.000,C,-0.0042872,-5.916,-5.916,0.000,0.000,False,False,,,
KILLSC-2,T_KILLSC-2,,,Uniper UK Limited,T,True,Killingholme Synch Comp 2,EECL,-4.000,0.000,C,-0.0042872,-2.975,-2.975,0.000,0.000,False,False,,,
KILNS,T_KILNS-1,,,Centrica KPS Limited,T,,Centrica Killingholme,CENKIL,,,,,,,,,False,False,,,
KILNS-1,,48W00000KILNS-1P,CCGT,,,,,,,,,,,,,,False,False,,,
KILSB-1,T_KILSB-1,,,ZENOBE KILMARNOCK SOUTH LTD,T,True,T_KILSB-1,ZENOBE5,-53.972,52.952,C,-0.0099306,-5.052,-5.052,4.956,4.956,False,False,,,
KILSB-2,T_KILSB-2,,,ZENOBE KILMARNOCK SOUTH LTD,T,True,T_KILSB-2,ZENOBE5,-50.878,51.894,C,-0.0099306,-4.762,-4.762,4.857,4.857,False,False,,,
KILSB-3,T_KILSB-3,,,ZENOBE KILMARNOCK SOUTH LTD,T,True,T_KILSB-3,ZENOBE5,-53.610,53.734,C,-0.0099306,-5.018,-5.018,5.030,5.030,False,False,,,
KILSB-4,T_KILSB-4,,,ZENOBE KILMARNOCK SOUTH LTD,T,True,T_KILSB-4,ZENOBE5,-51.178,51.904,C,-0.0099306,-4.790,-4.790,4.858,4.858,False,False,,,
KILSB-5,T_KILSB-5,,,ZENOBE KILMARNOCK SOUTH LTD,T,True,T_KILSB-5,ZENOBE5,-50.412,50.856,C,-0.0099306,-4.719,-4.719,4.760,4.760,False,False,,,
KILSB-6,T_KILSB-6,,,ZENOBE KILMARNOCK SOUTH LTD,T,True,T_KILSB-6,ZENOBE5,-51.590,51.226,C,-0.0099306,-4.829,-4.829,4.795,4.795,False,False,,,
KILSD-1,T_KILSD-1,,,ZENOBE KILMARNOCK SOUTH LTD,T,True,T_KILSD-1,ZENOBE5,-0.559,0.395,C,-0.0099306,-0.224,-0.224,0.158,0.158,False,False,,,
KILSD-2,T_KILSD-2,,,ZENOBE KILMARNOCK SOUTH LTD,T,True,T_KILSD-2,ZENOBE5,-0.592,0.360,C,-0.0099306,-0.237,-0.237,0.144,0.144,False,False,,,
KILSD-3,T_KILSD-3,,,ZENOBE KILMARNOCK SOUTH LTD,T,True,T_KILSD-3,ZENOBE5,-0.529,0.363,C,-0.0099306,-0.212,-0.212,0.145,0.145,False,False,,,
KILSD-4,T_KILSD-4,,,ZENOBE KILMARNOCK SOUTH LTD,T,True,T_KILSD-4,ZENOBE5,-0.549,0.328,C,-0.0099306,-0.220,-0.220,0.131,0.131,False,False,,,
KINCS-1,E_KINCS-1,48W00000KINCS-1V,OTHER,Kincraig Energy Centre Limited,E,True,Kincraig,KINCRAIG,-0.500,20.600,P,-0.0304534,-0.200,-0.200,8.240,8.240,True,False,_P,North Scotland,
KINCW-1,E_KINCW-1,48W00000KINCW-1F,WIND,Statkraft Markets Gmbh,E,True,Kincardine Offshore Windfarm,STATKRA1,-0.500,49.600,P,-0.0304534,-0.200,-0.200,19.840,19.840,True,False,_P,North Scotland,
KJERE000,2__KJERE000,,,Shell Energy UK Limited,G,False,2__KJERE000,AMPERE,0.000,0.000,C,0.0139397,0.000,0.000,0.000,0.000,False,False,_K,South Wales,
KLDMW-1,,,WIND,,,,,,,,,,,,,,False,False,,,
KLGLW-1,T_KLGLW-1,48W00000KLGLW-1S,WIND,SP Renewables (UK) Limited,T,True,Kilgallioch Windfarm,SPCRE01,-2.000,228.000,P,-0.0099306,-0.800,-0.800,91.200,91.200,True,False,,,
KLGLW-2,T_KLGLW-2,,WIND,SP Renewables (UK) Limited,T,True,T_KLGLW-2,SPCRE01,-51.000,225.000,P,-0.0099306,-20.400,-20.400,90.000,90.000,True,False,,,
KLYN-A-1,E_KLYN-A-1,48W0000KLYN-A-1G,CCGT,RWE Generation UK plc,E,True,Kings Lynn A,INNOGY01,-10.000,392.000,P,0.0083094,-4.000,-4.000,156.800,156.800,True,False,_A,Eastern,
KNAPB-1,V__FCEND001,,,Centrica Business Solutions UK,V,True,V__FCEND001,CENDEPUK,0.000,0.000,C,-0.0105171,0.000,0.000,0.000,0.000,False,False,_F,Northern,
KNEA01,2__KCNDL001,,,NEAS Energy Ltd.,S,True,2__KCNDL001,CNDA,0.000,80.000,C,0.0164211,0.000,0.000,16.800,16.800,False,False,_K,South Wales,
KNLCV-1,2__PMARB002,48W00000KNLCV-1X,,Marble Power Limited,S,True,Kinlochleven Hydro,MARBLE,0.000,0.000,C,-0.0149914,0.000,0.000,0.000,0.000,False,False,_P,NORTH of SCOTLAND GSP,
KPMRW-1,T_KPMRW-1,,WIND,KYPE MUIR WIND FARM LIMITED,T,True,KYPE MUIR WIND FARM,KYPEMUIR,-2.000,89.000,P,-0.0099306,-0.800,-0.800,35.600,35.600,True,False,,,
KTHLW-1,T_KTHLW-1,,WIND,Statkraft Markets Gmbh,T,True,KEITH HILL WINDFARM,STATKRA1,0.000,4.540,P,-0.0099306,0.000,0.000,1.816,1.816,True,False,,,
KTHRS-1,T_KTHRS-1,,,Statkraft Markets Gmbh,T,True,Keith Storage 1,STATKRA1,-2.500,0.000,C,-0.0304534,-1.942,-1.942,0.000,0.000,False,False,,,
KTHRS-2,T_KTHRS-2,,,Statkraft Markets Gmbh,T,True,Keith Storage 2,STATKRA1,-2.500,0.000,C,-0.0304534,-1.639,-1.639,0.000,0.000,False,False,,,
KYPEW-1,T_KYPEW-1,,WIND,Kype Extension Wind Farm Ltd,T,True,KYPE MUIR EXT WIND FARM,KYPEMEXT,-3.631,67.000,P,-0.0099306,-1.452,-1.452,26.800,26.800,True,False,,,
LAGA-1,T_LAGA-1,48W000000LAGA-14,CCGT,EP UK INVESTMENTS LIMITED,T,True,Langage Power Station,EPUKI,-30.000,905.000,P,0.0228729,-12.000,-12.000,362.000,362.000,True,False,,,
LARKB-1,T_LARKB-1,48W00000LARKB-19,OTHER,EDF Energy Customers Limited,T,True,Larks Green Battery Storage,LENCO,-52.000,52.000,C,0.0228729,-0.707,-0.707,0.707,0.707,False,False,,,
LARKS-1,T_LARKS-1,48W00000LARKS-1F,OTHER,Iron Acton Green Limited,T,True,Larks Green Solar,IAGL2020,-1.180,49.900,P,0.0228729,-0.472,-0.472,19.960,19.960,True,False,,,
LARYO-1,T_LARYW-1,48W00000LARYO-1Z,WIND,London Array Limited,T,True,London Array BMU1,LAOWF,-10.320,171.000,P,0.0130857,-4.128,-4.128,68.400,68.400,True,False,,,
LARYO-2,T_LARYW-2,48W00000LARYO-2X,WIND,London Array Limited,T,True,London Array BMU2,LAOWF,-10.560,171.000,P,0.0130857,-4.224,-4.224,68.400,68.400,True,False,,,
LARYO-3,T_LARYW-3,48W00000LARYO-3V,WIND,London Array Limited,T,True,London Array BMU3,LAOWF,-10.560,171.000,P,0.0130857,-4.224,-4.224,68.400,68.400,True,False,,,
LARYO-4,T_LARYW-4,48W00000LARYO-4T,WIND,London Array Limited,T,True,London Array BMU4,LAOWF,-10.560,191.099,P,0.0130857,-4.224,-4.224,76.440,76.440,True,False,,,
LBAR-1,T_LBAR-1,48W000000LBAR-1Y,CCGT,RWE Generation UK plc,T,True,Little Barford main unit 1,INNOGY01,-20.000,750.000,P,0.0083094,-8.000,-8.000,300.000,300.000,True,False,,,
LBAR-1G,T_LBAR-1G,48W00000LBAR-1G7,OCGT,RWE Generation UK plc,T,True,Little Barford OCGT,INNOGY01,0.000,25.000,P,0.0083094,0.000,0.000,10.000,10.000,True,False,,,
LCHWT-1,E_LCHWT-1,,,Conrad Energy (Trading) Ltd,E,True,Letchworth,CONRAD,-1.000,15.000,C,0.0083094,-0.400,-0.400,6.000,6.000,True,False,_A,Eastern,
LCKLB-1,2__LRWED001,,,ENGIE Power Limited,S,True,2__LRWED001,RWETDL,-15.000,15.300,C,0.0228729,-6.000,-6.000,6.120,6.120,True,False,_L,South Western,
LCLTW-1,T_LCLTW-1,48W00000LCLTW-1D,WIND,Eneco Energy Trade,T,True,Lochluichart Windfarm,ENECOUK,-0.500,69.000,C,-0.0304534,-0.200,-0.200,27.600,27.600,True,False,,,
LCSMH-1,2__PMARB001,48W00000LCSMH-1T,NPSHYD,Marble Power Limited,S,True,Lochaber Hydro,MARBLE,-47.658,80.000,C,-0.0304534,-6.648,-7.654,11.160,12.848,False,False,_P,North Scotland,
LEVNG-1,V__NFORS002,48W00000LEVNG-1X,,Forsa Trading Limited,V,True,V__NFORS002,FORSA,0.000,20.000,P,-0.0099306,0.000,0.000,4.600,4.600,True,False,_N,South Scotland,
LFSE01,2__LFSEN200,,,F & S Energy Ltd,S,True,2__LFSENIN200,FSE0001,-3.150,3.041,C,0.0228729,-0.107,-0.104,0.104,0.100,False,False,_L,South Western,
LGPKW-1,,,WIND,,,,,,,,,,,,,,False,False,,,
LIMKW-1,T_LIMKW-1,48W00000LIMKW-1A,WIND,Limekiln Extension Ltd,T,True,Limekiln Wind Farm,LMKEXTWF,-1.917,106.000,P,-0.0304534,-0.767,-0.767,42.400,42.400,True,False,,,
LIONB-1,T_LIONB-1,,,Sembcorp (Wilton BESS) Ltd,T,True,Wilton BESS,LION,-50.000,50.000,C,-0.0105171,-4.680,-4.680,4.680,4.680,False,False,,,
LIONB-2,T_LIONB-2,,,Sembcorp (Wilton BESS) Ltd,T,True,Wilton BESS,LION,-50.000,50.000,C,-0.0105171,-4.680,-4.680,4.680,4.680,False,False,,,
LIONB-3,T_LIONB-3,,,Sembcorp (Wilton BESS) Ltd,T,True,Wilton BESS,LION,-50.000,50.000,C,-0.0105171,-4.680,-4.680,4.680,4.680,False,False,,,
LionD-1,T_LIOND-1,,,Sembcorp (Wilton BESS) Ltd,T,True,Wilton BESS,LION,-7.000,0.000,C,-0.0105171,-0.655,-0.655,0.000,0.000,False,False,,,
LITRB-1,E_LITRB-1,,OTHER,Tesla Motors Limited,E,True,Little Raith BESS,TESLA,-50.000,50.000,P,-0.0099306,-20.000,-20.000,20.000,20.000,True,False,_N,South Scotland,
LJERE000,2__LJERE000,,,Shell Energy UK Limited,G,False,2__LJERE000,AMPERE,0.000,0.000,C,0.0247256,0.000,0.000,0.000,0.000,False,False,_L,South Western,
LKSDB-1,T_LKSDB-1,48W00000LKSDB-15,OTHER,Lakeside Energy Storage Ltd,T,True,Lakeside  BESS,LAKESIDE,-99.900,105.000,P,-0.0042872,-39.960,-39.960,42.000,42.000,True,False,,,
LLWSD-1,T_LLWSD-1,,,Npower Commercial Gas Limited,T,True,T_LLWSD-1,NPOWER02,-36.000,0.000,C,0.0164211,-16.423,-16.423,0.000,0.000,False,False,,,
LNCSO-1,T_LNCSW-1,48W00000LNCSO-1R,WIND,Lincs Wind Farm Ltd,T,True,Lincs wind farm offshore BMU1,LINCSWFL,-4.000,150.000,P,0.0083094,-1.600,-1.600,60.000,60.000,True,False,,,
LNCSO-2,T_LNCSW-2,48W00000LNCSO-2P,WIND,Lincs Wind Farm Ltd,T,True,Lincs wind farm offshore BMU2,LINCSWFL,-4.000,150.000,P,0.0083094,-1.600,-1.600,60.000,60.000,True,False,,,
LNMTH-1,E_LYNE1,48W00000LNMTH-1R,BIOMASS,EP UK INVESTMENTS LIMITED,E,True,LYNEMOUTH GENERATOR 1,EPUKI,-20.000,140.000,P,-0.0105171,-8.000,-8.000,56.000,56.000,True,False,_F,Northern,
LNMTH-2,E_LYNE2,48W00000LNMTH-2P,BIOMASS,EP UK INVESTMENTS LIMITED,E,True,LYNEMOUTH GENERATOR 2,EPUKI,-20.000,140.000,P,-0.0105171,-8.000,-8.000,56.000,56.000,True,False,_F,Northern,
LNMTH-3,E_LYNE3,48W00000LNMTH-3N,BIOMASS,EP UK INVESTMENTS LIMITED,E,True,LYNEMOUTH GENERATOR 3,EPUKI,-20.000,140.000,P,-0.0105171,-8.000,-8.000,56.000,56.000,True,False,_F,Northern,
LON-ATL01,2__CIMPO000,,,SSE Energy Supply Limited,G,True,2__CIMPO000,SSE,-150.400,0.000,C,0.0223978,-103.972,-90.135,0.000,0.000,False,False,_C,London,
LON-AXPO1,2__CAXPO000,,,AXPO UK LIMITED,G,False,2__CAXPO000,EGLUK,-6.000,0.000,C,0.0223978,-3.230,-2.848,0.000,0.000,False,False,_C,London,
LON-BGS01,2__CBGAS000,,,British Gas Trading Ltd,G,True,2__CBGAS000,BRITGAS,-0.315,0.438,C,0.0223978,-0.098,-0.097,0.137,0.135,False,False,_C,London,
LON-BIZ01,2__CBIZZ000,,,British Gas Trading Ltd,G,True,2__CBIZZ000,BRITGAS,-62.000,0.000,C,0.0223978,-28.669,-22.754,0.000,0.000,False,False,_C,London,
LON-EAS01,2__CEELC000,,,E.ON Energy Solutions Limited,G,True,2__CEELC000,PGENERGY,0.000,0.000,C,0.0245493,0.000,0.000,0.000,0.000,False,False,_C,LE Distribution,
LON-EDF01,2__CEDFE000,,,EDF Energy Customers Limited,G,True,EDFE_London,LENCO,-320.000,0.000,C,0.0223978,-173.888,-176.576,0.000,0.000,False,False,_C,London,
LON-EDR01,2__CEDIR000,,,British Gas Trading Ltd,G,True,2__CEDIR000,BRITGAS,0.000,0.000,C,0.0183342,0.000,0.000,0.000,0.000,False,False,_C,London,
LON-ENR01,2__CENRD000,,,British Gas Trading Ltd,G,True,2__CENRD000,BRITGAS,-196.056,0.000,C,0.0223978,-109.419,-87.715,0.000,0.000,False,False,_C,London,
LON-EON01,2__CEOND000,,,E.ON Next Energy Ltd,G,True,2__CEOND000,NITTWO01,-184.000,2.000,C,0.0223978,-99.268,-99.581,1.079,1.082,False,False,_C,London,
LON-EST01,2__CEENG000,,,E.ON Energy Solutions Limited,G,True,2__CEENG000,PGENERGY,0.000,0.000,C,0.0212307,0.000,0.000,0.000,0.000,False,False,_C,LE Distribution,
LON-GDF01,2__CRWED000,,,ENGIE Power Limited,G,True,2__CRWED000,RWETDL,-58.740,4.000,C,0.0223978,-33.259,-24.207,2.265,1.648,False,False,_C,London,
LON-HPW01,2__CHPOW000,,,Drax Energy Solutions Limited,G,True,2__CHPOW000,HAVEN,-195.265,0.000,C,0.0223978,-149.319,-137.310,0.000,0.000,False,False,_C,London,
LON-HVN01,2__CHAVE000,,,Drax Energy Solutions Limited,G,True,2__CHAVE000,HAVEN,0.000,0.000,C,0.0223978,0.000,0.000,0.000,0.000,False,False,_C,London,
LON-INE01,2__CINDE000,,,npower limited,G,True,INDE LONDON,NEEB,-3.000,0.000,C,0.0193144,-0.945,-0.697,0.000,0.000,False,False,_C,LE Distribution,
LON-LON01,2__CLOND000,,,EDF Energy Customers Limited,G,True,LE Default BMUid LOND,LENCO,-810.075,0.000,C,0.0223978,-582.363,-500.383,0.000,0.000,False,False,_C,London,
LON-MEC01,2__CNUCE000,,,NDA,G,False,2__CNUCE000,MAGNOX,0.000,0.000,C,0.0223978,0.000,0.000,0.000,0.000,False,False,_C,London,
LON-MID01,2__CMIDE000,,,Npower Limited,G,True,NPEC London Area MIDE,NPOWER01,-4.680,0.000,C,0.0193144,-2.601,-2.742,0.000,0.000,False,False,_C,LE Distribution,
LON-MNW01,2__CMANW000,,,ScottishPower Energy Retail,G,False,2__CMANW000,SPSUP01,0.000,0.000,C,0.0223978,0.000,0.000,0.000,0.000,False,False,_C,London,
LON-NEE01,2__CNEEB000,,,npower limited,G,True,2__CNEEB000,NEEB,-18.740,0.000,C,0.0193144,-12.936,-12.545,0.000,0.000,False,False,_C,LE Distribution,
LON-NPE01,2__CNATP000,,,Npower Commercial Gas Limited,G,True,NPEC London Area NATP,NPOWER02,-260.000,10.000,C,0.0223978,-174.252,-145.028,6.702,5.578,False,False,_C,London,
LON-NWP01,2__CNORW000,,,E.ON Energy Solutions Limited,G,True,2__CNORW000,PGENERGY,0.000,0.000,C,0.0163549,0.000,0.000,0.000,0.000,False,False,_C,LE Distribution,
LON-OCT01,2__CMRCY000,,,Octopus Energy Limited,G,True,2__CMRCY000,MERCURY,-365.101,515.760,C,0.0223978,-183.901,-193.869,259.788,273.869,False,False,_C,London,
LON-OGA01,2__COGAS000,,,British Gas Trading Ltd,G,True,2__COGAS000,BRITGAS,0.000,0.000,C,0.0175992,0.000,0.000,0.000,0.000,False,False,_C,London,
LON-OVO01,2__COVOE000,,,OVO Electricity Ltd,G,False,2__COVOE000,OVOE,-135.400,0.000,C,0.0223978,-66.427,-71.640,0.000,0.000,False,False,_C,London,
LON-PGE01,2__CEMEB000,,,E.ON Energy Solutions Limited,G,True,2__CEMEB000,PGENERGY,0.000,0.000,C,0.0223978,0.000,0.000,0.000,0.000,False,False,_C,London,
LON-PGU01,2__CPGEN000,,,E.ON UK LTD,G,True,2__CPGEN000,POWERGEN,0.000,0.000,C,0.0223978,0.000,0.000,0.000,0.000,False,False,_C,London,
LON-RNW01,2__CRENC000,,,ECOTRICITY LIMITED,G,False,2__CRENC000,RENC,0.000,0.000,C,0.0223978,0.000,0.000,0.000,0.000,False,False,_C,London,
LON-SEE01,2__CSEEB000,,,EDF Energy Customers Limited,G,True,2__CSEEB000,LENCO,-2.000,0.000,C,0.0223978,-1.055,-0.817,0.000,0.000,False,False,_C,London,
LON-SEL01,2__CSMAR000,,,Smartestenergy Limited,G,True,2__CSMAR000,SMARTEST,-290.921,0.000,C,0.0223978,-204.285,-159.628,0.000,0.000,False,False,_C,London,
LON-SPC01,2__CSPOW000,,,ScottishPower Energy Retail,G,True,2__CSPOW000,SPSUP01,-79.400,0.000,C,0.0223978,-44.877,-44.289,0.000,0.000,False,False,_C,London,
LON-SSE01,2__CHYDE000,,,OVO Electricity Ltd,G,True,SSE SBMU1 - London GSPG,OVOE,0.000,0.000,C,0.0183342,0.000,0.000,0.000,0.000,False,False,_C,London,
LON-STH01,2__CSOUT000,,,OVO Electricity Ltd,G,True,SE SBMU1 - London GSPG,OVOE,0.000,0.000,C,0.0181639,0.000,0.000,0.000,0.000,False,False,_C,London,
LON-SWA01,2__CSWAE000,,,OVO Electricity Ltd,G,True,SWA SBMU1 - London GSPG,OVOE,0.000,0.000,C,0.0183342,0.000,0.000,0.000,0.000,False,False,_C,London,
LON-SWT01,2__CSWEB000,,,EDF Energy Customers Limited,G,True,SWEB Default BMUid LOND,LENCO,0.000,0.000,C,0.0223978,0.000,0.000,0.000,0.000,False,False,_C,London,
LON-SYM01,2__CSYMB000,,,E.ON Next Energy Ltd,G,True,2__CSYMB000,NITTWO01,0.000,0.000,C,0.0238107,0.000,0.000,0.000,0.000,False,False,_C,LE Distribution,
LON-TFE01,2__CTGPL000,,,TotalEnergies Gas & Power Ltd,G,True,2__CTGPL000,TFEGP,-364.297,8.000,C,0.0223978,-240.982,-203.314,5.292,4.465,False,False,_C,London,
LON-TIL01,2__CTILL000,,,British Gas Trading Ltd,G,True,2__CTILL000,BRITGAS,-388.417,0.000,C,0.0223978,-192.655,-206.133,0.000,0.000,False,False,_C,London,
LON-YEP01,2__CYELG000,,,npower limited,G,True,_C  Default BM London,YE,-0.032,0.000,C,0.0193144,-0.018,-0.019,0.000,0.000,False,False,_C,LE Distribution,
LRDSC-1,T_LRDSC-1,,OTHER,Statkraft Markets Gmbh,T,True,Lister Storage 1,STATKRA1,-16.382,1.003,C,0.0024587,-10.493,-10.493,0.642,0.642,False,False,,,
LRDSC-2,T_LRDSC-2,,OTHER,Statkraft Markets Gmbh,T,True,Lister Storage 2,STATKRA1,-2.500,0.792,C,0.0024587,-1.455,-1.455,0.461,0.461,False,False,,,
LSTWY-1,E_LSTWY-1,,,Conrad Energy (Trading) Ltd,E,True,Lester Way,CONRAD,-1.000,12.720,C,0.0213863,-0.400,-0.400,5.088,5.088,True,False,_H,Southern,
LUICD-1,T_LUICD-1,,,SSE Generation Ltd,T,False,Luichart Station Demand,SSEGEN,-0.100,0.000,C,-0.0304534,-0.054,-0.054,0.000,0.000,False,False,,,
LYNNW-1,,,WIND,,,,,,,,,,,,,,False,False,,,
MANNB-1,V__HFEEL002,,,EDF Energy Limited,V,True,V__HFEEL002,LONDELEC,-60.000,70.000,P,0.0213863,-13.800,-13.800,16.100,16.100,True,False,_H,Southern,
MANXENR-1,E_MANXENR-1,,,Smartestenergy Limited,E,True,ENRON MANX,SMARTEST,-62.903,63.740,C,-0.0050170,-25.161,-25.161,25.496,25.496,True,False,_G,North Western,
MARK-1,E_MARK-1,48W000000MARK-1D,BIOMASS,Edgware Energy Limited,E,True,Rothes Bio-Plant CHP1,EDGWARE,-69.979,86.139,C,-0.0099306,-27.992,-27.992,34.456,34.456,True,False,_N,South Scotland,
MARMD-1,T_MARMD-1,,,EDF Energy Customers Limited,T,True,T_MARMD-1,LENCO,-8.000,0.000,C,-0.0099306,-2.390,-2.390,0.000,0.000,False,False,,,
MDHLW-1,2__PSTAT002,48W00000MDHLW-1P,WIND,Statkraft Markets Gmbh,S,True,STAT P3 North Scotland,STATKRA1,0.000,76.000,C,-0.0304534,0.000,0.000,15.960,15.960,True,False,_P,North Scotland,
MDLWH-1,E_MDLWH-1,,,Conrad Energy (Trading) Ltd,E,True,Middlewich,CONRAD,0.000,20.000,C,0.0024587,0.000,0.000,8.000,8.000,True,False,_D,Merseyside North Wales,
MEADD-1,T_MEADD-1,,,ENGIE Power Limited,T,True,Caledonian Paper,RWETDL,-50.100,22.000,C,-0.0099306,-7.745,-7.745,3.401,3.401,False,False,,,
MEDP-1,T_MEDP-1,48W000000MEDP-12,CCGT,Medway Power Ltd,T,True,Medway Power,MEDWAY,-20.000,750.000,P,0.0130857,-8.000,-8.000,300.000,300.000,True,False,,,
MELKB-1,V__HHABI008,,,Habitat Energy Limited,V,True,Melksham,HABITAT,0.000,0.000,C,0.0213863,0.000,0.000,0.000,0.000,False,False,_H,Southern,
MID-ATL01,2__EIMPO000,,,SSE Energy Supply Limited,G,True,2__EIMPO000,SSE,-148.776,0.000,C,0.0163921,-100.900,-83.270,0.000,0.000,False,False,_E,Midlands,
MID-AXPO1,2__EAXPO000,,,AXPO UK LIMITED,G,False,2__EAXPO000,EGLUK,-23.000,35.000,C,0.0163921,-1.189,0.007,1.810,-0.011,False,False,_E,Midlands,
MID-BGS01,2__EBGAS000,,,British Gas Trading Ltd,G,True,2__EBGAS000,BRITGAS,-1.865,3.157,C,0.0163921,-0.117,-0.034,0.198,0.058,False,False,_E,Midlands,
MID-BIZ01,2__EBIZZ000,,,British Gas Trading Ltd,G,True,2__EBIZZ000,BRITGAS,-48.000,0.000,C,0.0163921,-23.054,-18.571,0.000,0.000,False,False,_E,Midlands,
MID-EAS01,2__EEELC000,,,E.ON Energy Solutions Limited,G,True,2__EEELC000,PGENERGY,0.000,0.000,C,0.0097251,0.000,0.000,0.000,0.000,False,False,_E,Midlands,
MID-EDF01,2__EEDFE000,,,EDF Energy Customers Limited,G,True,EDFE_MANWEB,LENCO,-137.372,0.000,C,0.0163921,-74.634,-75.472,0.000,0.000,False,False,_E,Midlands,
MID-EDR01,2__EEDIR000,,,British Gas Trading Ltd,G,True,2__EEDIR000,BRITGAS,0.000,0.000,C,0.0143610,0.000,0.000,0.000,0.000,False,False,_E,Midlands,
MID-ENR01,2__EENRD000,,,British Gas Trading Ltd,G,True,2__EENRD000,BRITGAS,-168.956,0.000,C,0.0163921,-91.878,-64.659,0.000,0.000,False,False,_E,Midlands,
MID-EON01,2__EEOND000,,,E.ON Next Energy Ltd,G,True,2__EEOND000,NITTWO01,-356.000,2.000,C,0.0163921,-188.395,-193.913,1.058,1.089,False,False,_E,Midlands,
MID-EST01,2__EEENG000,,,E.ON Energy Solutions Limited,G,True,2__EEENG000,PGENERGY,0.000,0.000,C,0.0126236,0.000,0.000,0.000,0.000,False,False,_E,Midlands,
MID-GDF01,2__ERWED000,,,ENGIE Power Limited,G,True,2__ERWED000,RWETDL,-112.000,8.000,C,0.0163921,-59.920,-40.600,4.280,2.900,False,False,_E,Midlands,
MID-HPW01,2__EHPOW000,,,Drax Energy Solutions Limited,G,True,2__EHPOW000,HAVEN,-251.859,19.600,C,0.0163921,-198.440,-158.344,15.443,12.323,False,False,_E,Midlands,
MID-HVN01,2__EHAVE000,,,Drax Energy Solutions Limited,G,True,2__EHAVE000,HAVEN,0.000,0.000,C,0.0163921,0.000,0.000,0.000,0.000,False,False,_E,Midlands,
MID-INE01,2__EINDE000,,,npower limited,G,True,INDE MIDLANDS,NEEB,-8.220,0.000,C,0.0134244,-2.160,-1.504,0.000,0.000,False,False,_E,Midlands,
MID-LON01,2__ELOND000,,,EDF Energy Customers Limited,G,True,LE Default BMUid MIDE,LENCO,-260.000,0.000,C,0.0163921,-178.776,-138.606,0.000,0.000,False,False,_E,Midlands,
MID-MEC01,2__ENUCE000,,,NDA,G,False,2__ENUCE000,MAGNOX,0.000,0.000,C,0.0163921,0.000,0.000,0.000,0.000,False,False,_E,Midlands,
MID-MID01,2__EMIDE000,,,Npower Limited,G,True,NPEC Midlands Area MIDE,NPOWER01,-46.940,0.000,C,0.0134244,-27.080,-28.295,0.000,0.000,False,False,_E,Midlands,
MID-MNW01,2__EMANW000,,,ScottishPower Energy Retail,G,False,2__EMANW000,SPSUP01,-0.600,0.000,C,0.0163921,-0.297,-0.317,0.000,0.000,False,False,_E,Midlands,
MID-NEE01,2__ENEEB000,,,npower limited,G,True,2__ENEEB000,NEEB,-27.220,0.000,C,0.0134244,-17.407,-16.574,0.000,0.000,False,False,_E,Midlands,
MID-NPE01,2__ENATP000,,,Npower Commercial Gas Limited,G,True,NPEC Midlands Area NATP,NPOWER02,-379.587,2.000,C,0.0163921,-239.861,-173.889,1.264,0.916,False,False,_E,Midlands,
MID-NWP01,2__ENORW000,,,E.ON Energy Solutions Limited,G,True,2__ENORW000,PGENERGY,0.000,0.000,C,0.0119732,0.000,0.000,0.000,0.000,False,False,_E,Midlands,
MID-OCT01,2__EMRCY000,,,Octopus Energy Limited,G,True,2__EMRCY000,MERCURY,-392.503,571.200,C,0.0163921,-193.543,-207.438,281.659,301.879,False,False,_E,Midlands,
MID-OGA01,2__EOGAS000,,,British Gas Trading Ltd,G,True,2__EOGAS000,BRITGAS,0.000,0.000,C,0.0133452,0.000,0.000,0.000,0.000,False,False,_E,Midlands,
MID-OVO01,2__EOVOE000,,,OVO Electricity Ltd,G,False,2__EOVOE000,OVOE,-141.600,6.802,C,0.0163921,-62.049,-69.200,2.981,3.324,False,False,_E,Midlands,
MID-PGE01,2__EEMEB000,,,E.ON Energy Solutions Limited,G,True,2__EEMEB000,PGENERGY,0.000,0.000,C,0.0163921,0.000,0.000,0.000,0.000,False,False,_E,Midlands,
MID-PGU01,2__EPGEN000,,,E.ON UK LTD,G,True,2__EPGEN000,POWERGEN,0.000,0.000,C,0.0163921,0.000,0.000,0.000,0.000,False,False,_E,Midlands,
MID-RNW01,2__ERENC000,,,ECOTRICITY LIMITED,G,False,2__ERENC000,RENC,0.000,0.000,C,0.0163921,0.000,0.000,0.000,0.000,False,False,_E,Midlands,
MID-SEE01,2__ESEEB000,,,EDF Energy Customers Limited,G,True,2__ESEEB000,LENCO,-2.000,0.000,C,0.0163921,-1.338,-1.083,0.000,0.000,False,False,_E,Midlands,
MID-SEL01,2__ESMAR000,,,Smartestenergy Limited,G,True,2__ESMAR000,SMARTEST,-175.811,0.000,C,0.0163921,-123.191,-95.096,0.000,0.000,False,False,_E,Midlands,
MID-SPC01,2__ESPOW000,,,ScottishPower Energy Retail,G,True,2__ESPOW000,SPSUP01,-174.600,0.000,C,0.0163921,-92.521,-96.379,0.000,0.000,False,False,_E,Midlands,
MID-SSE01,2__EHYDE000,,,OVO Electricity Ltd,G,False,SSE SBMU1 - Midlands GSPG,OVOE,0.000,0.000,C,0.0143610,0.000,0.000,0.000,0.000,False,False,_E,Midlands,
MID-STH01,2__ESOUT000,,,OVO Electricity Ltd,G,True,SE SBMU1 - Midlands GSPG,OVOE,0.000,0.000,C,0.0169223,0.000,0.000,0.000,0.000,False,False,_E,Midlands,
MID-SWA01,2__ESWAE000,,,OVO Electricity Ltd,G,True,SWA SBMU1 - Midlands GSPG,OVOE,0.000,0.000,C,0.0143610,0.000,0.000,0.000,0.000,False,False,_E,Midlands,
MID-SWT01,2__ESWEB000,,,EDF Energy Customers Limited,G,True,SWEB Default BMUid MIDE,LENCO,0.000,0.000,C,0.0163921,0.000,0.000,0.000,0.000,False,False,_E,Midlands,
MID-SYM01,2__ESYMB000,,,E.ON Next Energy Ltd,G,True,2__ESYMB000,NITTWO01,0.000,0.000,C,0.0199884,0.000,0.000,0.000,0.000,False,False,_E,Midlands,
MID-TFE01,2__ETGPL000,,,TotalEnergies Gas & Power Ltd,G,True,2__ETGPL000,TFEGP,-301.183,30.000,C,0.0163921,-181.011,-134.689,18.030,13.416,False,False,_E,Midlands,
MID-TIL01,2__ETILL000,,,British Gas Trading Ltd,G,True,2__ETILL000,BRITGAS,-405.795,0.000,C,0.0163921,-196.567,-212.840,0.000,0.000,False,False,_E,Midlands,
MID-YEP01,2__EYELG000,,,npower limited,G,True,_E  Default BM Midlands,YE,-0.060,0.000,C,0.0134244,-0.033,-0.034,0.000,0.000,False,False,_E,Midlands,
MIDMW-1,T_MIDMW-1,48W00000MIDMW-19,WIND,MIDDLE MUIR WIND FARM LIMITED,T,True,MIDDLE MUIR WIND FARM,MIDDMUIR,-1.000,51.000,P,-0.0099306,-0.400,-0.400,20.400,20.400,True,False,,,
MILWW-1,T_MILWW-1,48W00000MILWW-1M,WIND,Millennium Wind Energy Ltd,T,True,MILWW,MILLEN07,-1.000,65.000,P,-0.0304534,-0.400,-0.400,26.000,26.000,True,False,,,
MINSW-1,E_MINSW-1,48W00000MINSW-1U,WIND,Mobius Renewables Gen. (GB),E,True,Minsca Wind Farm,AIRGEN,-0.260,38.123,C,-0.0099306,-0.104,-0.104,15.249,15.249,True,False,_N,South Scotland,
MJERE000,2__MJERE000,,,Shell Energy UK Limited,G,False,2__MJERE000,AMPERE,0.000,0.000,C,-0.0079685,0.000,0.000,0.000,0.000,False,False,_M,Yorkshire,
MKFRB-1,T_MKFRB-1,48W00000MKFRB-15,OTHER,HD777FRY Ltd,T,True,Monk Fryston,CESMON01,-57.357,57.000,P,-0.0042872,-22.943,-22.943,22.800,22.800,True,False,,,
MKHLW-1,T_MKHLW-1,48W00000MKHLW-1D,WIND,SP Renewables (UK) Limited,T,True,Mark Hill,SPCRE01,-3.000,53.000,P,-0.0099306,-1.200,-1.200,21.200,21.200,True,False,,,
MLBRK-1,,,OCGT,,,,,,,,,,,,,,False,False,,,
MLRGW-1,,,WIND,,,,,,,,,,,,,,False,False,,,
MNEV01,2__MNEVA001,,,VERSA ENERGY LIMITED,S,False,2__MNEVA001,NEVA,-3.360,0.350,C,-0.0042872,-1.346,-1.185,0.140,0.123,False,False,_M,Yorkshire,
MNEV02,2__MNEVA002,,,VERSA ENERGY LIMITED,S,False,2__MNEVA002,NEVA,-10.600,1.000,C,-0.0042872,-4.247,-3.738,0.401,0.353,False,False,_M,Yorkshire,
MNFRB-1,T_MNFRB-1,,OTHER,SSE Battery Monk Fryston Ltd,T,True,Monk Fryston BESS BMU-1,MONKBESS,-80.000,80.000,P,-0.0042872,-32.000,-32.000,32.000,32.000,True,False,,,
MNFRB-2,T_MNFRB-2,,OTHER,SSE Battery Monk Fryston Ltd,T,True,Monk Fryston BESS BMU-2,MONKBESS,-80.000,80.000,P,-0.0042872,-32.000,-32.000,32.000,32.000,True,False,,,
MNFRB-3,T_MNFRB-3,,OTHER,SSE Battery Monk Fryston Ltd,T,True,Monk Fryston BESS BMU-3,MONKBESS,-80.000,80.000,P,-0.0042872,-32.000,-32.000,32.000,32.000,True,False,,,
MNFRB-4,T_MNFRB-4,,OTHER,SSE Battery Monk Fryston Ltd,T,True,Monk Fryston BESS BMU-4,MONKBESS,-80.000,80.000,P,-0.0042872,-32.000,-32.000,32.000,32.000,True,False,,,
MNW-ATL01,2__DIMPO000,,,SSE Energy Supply Limited,G,True,2__DIMPO000,SSE,-79.800,0.000,C,0.0024587,-56.155,-47.736,0.000,0.000,False,False,_D,Merseyside North Wales,
MNW-AXPO1,2__DAXPO000,,,AXPO UK LIMITED,G,False,2__DAXPO000,EGLUK,-18.000,6.000,C,0.0024587,-7.751,-7.063,2.584,2.354,False,False,_D,Merseyside North Wales,
MNW-BGS01,2__DBGAS000,,,British Gas Trading Ltd,G,True,2__DBGAS000,BRITGAS,-1.082,3.568,C,0.0024587,-0.123,-0.083,0.407,0.273,False,False,_D,Merseyside North Wales,
MNW-BIZ01,2__DBIZZ000,,,British Gas Trading Ltd,G,True,2__DBIZZ000,BRITGAS,-30.000,0.000,C,0.0024587,-14.712,-11.916,0.000,0.000,False,False,_D,Merseyside North Wales,
MNW-EAS01,2__DEELC000,,,E.ON Energy Solutions Limited,G,True,2__DEELC000,PGENERGY,0.000,0.000,C,-0.0028260,0.000,0.000,0.000,0.000,False,False,_D,Merseyside and North Wales,
MNW-EDF01,2__DEDFE000,,,EDF Energy Customers Limited,G,True,EDFE_Midlands,LENCO,-68.000,0.000,C,0.0024587,-36.400,-36.972,0.000,0.000,False,False,_D,Merseyside North Wales,
MNW-EDR01,2__DEDIR000,,,British Gas Trading Ltd,G,True,2__DEDIR000,BRITGAS,0.000,0.000,C,0.0032459,0.000,0.000,0.000,0.000,False,False,_D,Merseyside North Wales,
MNW-ENR01,2__DENRD000,,,British Gas Trading Ltd,G,True,2__DENRD000,BRITGAS,-88.422,0.000,C,0.0024587,-48.897,-37.155,0.000,0.000,False,False,_D,Merseyside North Wales,
MNW-EON01,2__DEOND000,,,E.ON Next Energy Ltd,G,True,2__DEOND000,NITTWO01,-136.000,40.000,C,0.0024587,-70.570,-72.692,20.756,21.380,False,False,_D,Merseyside North Wales,
MNW-EST01,2__DEENG000,,,E.ON Energy Solutions Limited,G,True,2__DEENG000,PGENERGY,0.000,0.000,C,0.0026707,0.000,0.000,0.000,0.000,False,False,_D,Merseyside and North Wales,
MNW-GDF01,2__DRWED000,,,ENGIE Power Limited,G,True,2__DRWED000,RWETDL,-66.000,60.000,C,0.0024587,-20.447,-13.339,18.588,12.126,False,False,_D,Merseyside North Wales,
MNW-HPW01,2__DHPOW000,,,Drax Energy Solutions Limited,G,True,2__DHPOW000,HAVEN,-113.709,0.120,C,0.0024587,-85.884,-71.671,0.091,0.076,False,False,_D,Merseyside North Wales,
MNW-HVN01,2__DHAVE000,,,Drax Energy Solutions Limited,G,True,2__DHAVE000,HAVEN,0.000,51.080,C,0.0024587,0.000,0.000,10.727,10.727,False,False,_D,Merseyside North Wales,
MNW-INE01,2__DINDE000,,,npower limited,G,True,INDE MANWEB,NEEB,-10.320,0.000,C,0.0028532,-4.281,-3.487,0.000,0.000,False,False,_D,Merseyside and North Wales,
MNW-LON01,2__DLOND000,,,EDF Energy Customers Limited,G,True,LE Default BMUid MANW,LENCO,-230.000,0.000,C,0.0024587,-156.952,-132.986,0.000,0.000,False,False,_D,Merseyside North Wales,
MNW-MEC01,2__DNUCE000,,,NDA,G,False,2__DNUCE000,MAGNOX,0.000,0.000,C,0.0024587,0.000,0.000,0.000,0.000,False,False,_D,Merseyside North Wales,
MNW-MID01,2__DMIDE000,,,Npower Limited,G,True,NPEC MANWEB Area MIDE,NPOWER01,-2.300,0.000,C,0.0028532,-1.236,-1.305,0.000,0.000,False,False,_D,Merseyside and North Wales,
MNW-MNW01,2__DMANW000,,,ScottishPower Energy Retail,G,True,2__DMANW000,SPSUP01,-140.400,0.000,C,0.0024587,-69.526,-74.089,0.000,0.000,False,False,_D,Merseyside North Wales,
MNW-NEE01,2__DNEEB000,,,npower limited,G,True,2__DNEEB000,NEEB,-8.500,0.000,C,0.0028532,-5.024,-4.944,0.000,0.000,False,False,_D,Merseyside and North Wales,
MNW-NPE01,2__DNATP000,,,Npower Commercial Gas Limited,G,True,NPEC MANWEB Area NATP,NPOWER02,-180.000,24.000,C,0.0024587,-121.032,-97.110,16.138,12.948,False,False,_D,Merseyside North Wales,
MNW-NWP01,2__DNORW000,,,E.ON Energy Solutions Limited,G,True,2__DNORW000,PGENERGY,0.000,0.000,C,0.0007899,0.000,0.000,0.000,0.000,False,False,_D,Merseyside and North Wales,
MNW-OCT01,2__DMRCY000,,,Octopus Energy Limited,G,True,2__DMRCY000,MERCURY,-227.855,292.320,C,0.0024587,-106.272,-114.110,136.338,146.394,False,False,_D,Merseyside North Wales,
MNW-OGA01,2__DOGAS000,,,British Gas Trading Ltd,G,True,2__DOGAS000,BRITGAS,0.000,0.000,C,0.0014796,0.000,0.000,0.000,0.000,False,False,_D,Merseyside North Wales,
MNW-OVO01,2__DOVOE000,,,OVO Electricity Ltd,G,False,2__DOVOE000,OVOE,-64.000,15.050,C,0.0024587,-28.851,-31.910,6.785,7.504,False,False,_D,Merseyside North Wales,
MNW-PGE01,2__DEMEB000,,,E.ON Energy Solutions Limited,G,True,2__DEMEB000,PGENERGY,0.000,0.000,C,0.0024587,0.000,0.000,0.000,0.000,False,False,_D,Merseyside North Wales,
MNW-PGU01,2__DPGEN000,,,E.ON UK LTD,G,True,2__DPGEN000,POWERGEN,0.000,0.000,C,0.0024587,0.000,0.000,0.000,0.000,False,False,_D,Merseyside North Wales,
MNW-RNW01,2__DRENC000,,,ECOTRICITY LIMITED,G,False,2__DRENC000,RENC,0.000,0.000,C,0.0024587,0.000,0.000,0.000,0.000,False,False,_D,Merseyside North Wales,
MNW-SEE01,2__DSEEB000,,,EDF Energy Customers Limited,G,True,2__DSEEB000,LENCO,-2.000,0.000,C,0.0024587,-1.068,-0.792,0.000,0.000,False,False,_D,Merseyside North Wales,
MNW-SEL01,2__DSMAR000,,,Smartestenergy Limited,G,True,2__DSMAR000,SMARTEST,-103.122,0.000,C,0.0024587,-79.394,-62.729,0.000,0.000,False,False,_D,Merseyside North Wales,
MNW-SPC01,2__DSPOW000,,,ScottishPower Energy Retail,G,True,2__DSPOW000,SPSUP01,-96.200,0.000,C,0.0024587,-52.323,-52.602,0.000,0.000,False,False,_D,Merseyside North Wales,
MNW-SSE01,2__DHYDE000,,,OVO Electricity Ltd,G,True,SSE SBMU1 - Manweb GSPG,OVOE,0.000,0.000,C,0.0032459,0.000,0.000,0.000,0.000,False,False,_D,Merseyside North Wales,
MNW-STH01,2__DSOUT000,,,OVO Electricity Ltd,G,True,SE SBMU1 - Manweb GSPG,OVOE,0.000,0.000,C,0.0071527,0.000,0.000,0.000,0.000,False,False,_D,Merseyside North Wales,
MNW-SWA01,2__DSWAE000,,,OVO Electricity Ltd,G,True,SWA SBMU1 - Manweb GSPG,OVOE,0.000,0.000,C,0.0032459,0.000,0.000,0.000,0.000,False,False,_D,Merseyside North Wales,
MNW-SWT01,2__DSWEB000,,,EDF Energy Customers Limited,G,True,SWEB Default BMUid MANW,LENCO,0.000,0.000,C,0.0024587,0.000,0.000,0.000,0.000,False,False,_D,Merseyside North Wales,
MNW-SYM01,2__DSYMB000,,,E.ON Next Energy Ltd,G,True,2__DSYMB000,NITTWO01,0.000,0.000,C,0.0037283,0.000,0.000,0.000,0.000,False,False,_D,Merseyside and North Wales,
MNW-TFE01,2__DTGPL000,,,TotalEnergies Gas & Power Ltd,G,True,2__DTGPL000,TFEGP,-210.846,10.000,C,0.0024587,-158.619,-142.933,7.523,6.779,False,False,_D,Merseyside North Wales,
MNW-TIL01,2__DTILL000,,,British Gas Trading Ltd,G,True,2__DTILL000,BRITGAS,-265.833,0.000,C,0.0024587,-125.739,-136.399,0.000,0.000,False,False,_D,Merseyside North Wales,
MNW-YEP01,2__DYELG000,,,npower limited,G,True,_D  Default BM MANWEB,YE,-0.040,0.000,C,0.0028532,-0.019,-0.020,0.000,0.000,False,False,_D,Merseyside and North Wales,
MORFL-1,E_MORFL-1,,,Conrad Energy (Trading) Ltd,E,True,Moorfield Drive,CONRAD,-1.000,20.000,C,-0.0050170,-0.400,-0.400,8.000,8.000,True,False,_G,North Western,
MOSED-1,T_MOSED-1,,,Shell Energy UK Limited,T,False,T_MOSED-1,AMPERE,-24.463,0.000,C,-0.0099306,-15.691,-15.691,0.000,0.000,False,False,,,
MOSWD-1,T_EXMOSSD-1,,,Orsted Power Sales (UK) Ltd,T,True,Exxon Mossmoran,MAGNETIC,-20.000,4.000,C,-0.0070039,-18.574,-18.574,3.715,3.715,False,False,,,
MOWEO-1,T_MOWEO-1,48W000000MOWEO11,WIND,Moray Offshore Wind East Ltd,T,True,Moray East OWF1,MOWEL,-4.089,300.000,P,-0.0304534,-1.636,-1.636,120.000,120.000,True,False,,,
MOWEO-2,T_MOWEO-2,48W00000MOWEO-2Y,WIND,Moray Offshore Wind East Ltd,T,True,Moray East OWF2,MOWEL,-5.304,300.000,P,-0.0304534,-2.122,-2.122,120.000,120.000,True,False,,,
MOWEO-3,T_MOWEO-3,48W00000MOWEO-3W,WIND,Moray Offshore Wind East Ltd,T,True,Moray East OWF3,MOWEL,-3.304,300.000,P,-0.0304534,-1.322,-1.322,120.000,120.000,True,False,,,
MOWWO-1,T_MOWWO-1,48W00000MOWWO-1K,WIND,Moray Offshore Wind West Ltd,T,True,Moray West OWF1,MOWWL,-3.000,215.000,P,-0.0304534,-1.200,-1.200,86.000,86.000,True,False,,,
MOWWO-2,T_MOWWO-2,48W00000MOWWO-2I,WIND,Moray Offshore Wind West Ltd,T,True,Moray West OWF2,MOWWL,-3.000,215.000,P,-0.0304534,-1.200,-1.200,86.000,86.000,True,False,,,
MOWWO-3,T_MOWWO-3,48W00000MOWWO-3G,WIND,Moray Offshore Wind West Ltd,T,True,Moray West OWF3,MOWWL,-3.000,143.000,P,-0.0304534,-1.200,-1.200,57.200,57.200,True,False,,,
MOWWO-4,T_MOWWO-4,48W00000MOWWO-4E,WIND,Moray Offshore Wind West Ltd,T,True,Moray West OWF4,MOWWL,-4.000,287.000,P,-0.0304534,-1.600,-1.600,114.800,114.800,True,False,,,
MOYEW-1,E_MOYEW-1,,WIND,Eneco Energy Trade,E,True,Moy Windfarm,ENECOUK,-0.400,60.000,C,-0.0304534,-0.160,-0.160,24.000,24.000,True,False,_P,North Scotland,
MRWD-1,T_MRWD-1,48W000000MRWD-1P,CCGT,Marchwood Power Limited,T,True,Marchwood Power Ltd,MPL,-15.000,920.000,P,0.0213863,-6.000,-6.000,368.000,368.000,True,False,,,
MYGPW-1,T_MYGPW-1,,WIND,Minnygap Energy Limited,T,True,Minnygap Wind Farm,MEL,-0.400,25.000,P,-0.0099306,-0.160,-0.160,10.000,10.000,True,False,,,
NANT-1,T_NANT-1,48W000000NANT-1R,NPSHYD,SSE Generation Ltd,T,True,Nant,SSEGEN,-0.238,20.000,P,-0.0304534,-0.095,-0.095,8.000,8.000,True,False,,,
NEE-ATL01,2__FIMPO000,,,SSE Energy Supply Limited,G,True,2__FIMPO000,SSE,-103.606,0.000,C,-0.0105171,-68.080,-57.439,0.000,0.000,False,False,_F,Northern,
NEE-AXPO1,2__FAXPO000,,,AXPO UK LIMITED,G,False,2__FAXPO000,EGLUK,-8.000,23.000,C,-0.0105171,6.934,8.138,-19.936,-23.396,False,False,_F,Northern,
NEE-BGS01,2__FBGAS000,,,British Gas Trading Ltd,G,True,2__FBGAS000,BRITGAS,-1.114,2.227,C,-0.0105171,-0.165,-0.112,0.329,0.224,False,False,_F,Northern,
NEE-BIZ01,2__FBIZZ000,,,British Gas Trading Ltd,G,True,2__FBIZZ000,BRITGAS,-26.000,0.000,C,-0.0105171,-11.814,-9.695,0.000,0.000,False,False,_F,Northern,
NEE-DON01,2__FMAGN000,,,Orsted Power Sales (UK) Ltd,G,True,2__FMAGN000,MAGNETIC,0.000,0.000,C,-0.0077812,0.000,0.000,0.000,0.000,False,False,_F,_F - Northern,
NEE-EAS01,2__FEELC000,,,E.ON Energy Solutions Limited,G,True,2__FEELC000,PGENERGY,0.000,0.000,C,-0.0077906,0.000,0.000,0.000,0.000,False,False,_F,NORTHERN,
NEE-EDF01,2__FEDFE000,,,EDF Energy Customers Limited,G,True,EDFE_Northern,LENCO,-83.769,0.000,C,-0.0105171,-43.032,-44.674,0.000,0.000,False,False,_F,Northern,
NEE-EDR01,2__FEDIR000,,,British Gas Trading Ltd,G,True,2__FEDIR000,BRITGAS,0.000,0.000,C,-0.0081410,0.000,0.000,0.000,0.000,False,False,_F,Northern,
NEE-ENR01,2__FENRD000,,,British Gas Trading Ltd,G,True,2__FENRD000,BRITGAS,-92.278,4.000,C,-0.0105171,-48.529,-34.051,2.104,1.476,False,False,_F,Northern,
NEE-EON01,2__FEOND000,,,E.ON Next Energy Ltd,G,True,2__FEOND000,NITTWO01,-192.000,2.000,C,-0.0105171,-97.632,-102.317,1.017,1.066,False,False,_F,Northern,
NEE-EST01,2__FEENG000,,,E.ON Energy Solutions Limited,G,True,2__FEENG000,PGENERGY,0.000,0.000,C,-0.0077812,0.000,0.000,0.000,0.000,False,False,_F,NORTHERN,
NEE-GDF01,2__FRWED000,,,ENGIE Power Limited,G,True,2__FRWED000,RWETDL,-72.000,38.000,C,-0.0105171,-39.247,-28.987,20.714,15.299,False,False,_F,Northern,
NEE-HPW01,2__FHPOW000,,,Drax Energy Solutions Limited,G,True,2__FHPOW000,HAVEN,-156.420,12.000,C,-0.0105171,-123.197,-108.837,9.451,8.350,False,False,_F,Northern,
NEE-HVN01,2__FHAVE000,,,Drax Energy Solutions Limited,G,True,2__FHAVE000,HAVEN,0.000,34.980,C,-0.0105171,0.000,0.000,7.346,7.346,False,False,_F,Northern,
NEE-LON01,2__FLOND000,,,EDF Energy Customers Limited,G,True,LE Default BMUid NEEB,LENCO,-258.741,21.928,C,-0.0105171,-146.603,-100.366,12.424,8.506,False,False,_F,Northern,
NEE-MEC01,2__FNUCE000,,,NDA,G,False,2__FNUCE000,MAGNOX,0.000,0.000,C,-0.0105171,0.000,0.000,0.000,0.000,False,False,_F,Northern,
NEE-MID01,2__FMIDE000,,,Npower Limited,G,True,NPEC Northern Area MIDE,NPOWER01,-0.860,0.000,C,-0.0085008,-0.445,-0.467,0.000,0.000,False,False,_F,NORTHERN,
NEE-MNW01,2__FMANW000,,,ScottishPower Energy Retail,G,False,2__FMANW000,SPSUP01,0.000,0.000,C,-0.0105171,0.000,0.000,0.000,0.000,False,False,_F,Northern,
NEE-NEE01,2__FNEEB000,,,npower limited,G,True,2__FNEEB000,NEEB,-36.740,0.000,C,-0.0085008,-21.317,-21.732,0.000,0.000,False,False,_F,NORTHERN,
NEE-NPE01,2__FNATP000,,,Npower Commercial Gas Limited,G,True,NPEC Northern Area NATP,NPOWER02,-118.000,12.000,C,-0.0105171,-81.278,-56.015,8.266,5.696,False,False,_F,Northern,
NEE-NWP01,2__FNORW000,,,E.ON Energy Solutions Limited,G,True,2__FNORW000,PGENERGY,0.000,0.000,C,-0.0028770,0.000,0.000,0.000,0.000,False,False,_F,_F - Northern,
NEE-OCT01,2__FMRCY000,,,Octopus Energy Limited,G,True,2__FMRCY000,MERCURY,-241.833,369.880,C,-0.0105171,-114.919,-123.673,175.767,189.157,False,False,_F,Northern,
NEE-OGA01,2__FOGAS000,,,British Gas Trading Ltd,G,True,2__FOGAS000,BRITGAS,0.000,0.000,C,-0.0075496,0.000,0.000,0.000,0.000,False,False,_F,Northern,
NEE-OVO01,2__FOVOE000,,,OVO Electricity Ltd,G,False,2__FOVOE000,OVOE,-69.600,35.900,C,-0.0105171,-29.796,-32.942,15.369,16.991,False,False,_F,Northern,
NEE-PGE01,2__FEMEB000,,,E.ON Energy Solutions Limited,G,True,2__FEMEB000,PGENERGY,0.000,0.000,C,-0.0105171,0.000,0.000,0.000,0.000,False,False,_F,Northern,
NEE-PGU01,2__FPGEN000,,,E.ON UK LTD,G,True,2__FPGEN000,POWERGEN,0.000,0.000,C,-0.0105171,0.000,0.000,0.000,0.000,False,False,_F,Northern,
NEE-RNW01,2__FRENC000,,,ECOTRICITY LIMITED,G,False,2__FRENC000,RENC,0.000,0.000,C,-0.0105171,0.000,0.000,0.000,0.000,False,False,_F,Northern,
NEE-SEE01,2__FSEEB000,,,EDF Energy Customers Limited,G,True,2__FSEEB000,LENCO,-2.000,0.000,C,-0.0105171,-1.016,-0.741,0.000,0.000,False,False,_F,Northern,
NEE-SEL01,2__FSMAR000,,,Smartestenergy Limited,G,True,2__FSMAR000,SMARTEST,-810.854,0.000,C,-0.0105171,-568.003,-493.810,0.000,0.000,False,False,_F,Northern,
NEE-SPC01,2__FSPOW000,,,ScottishPower Energy Retail,G,True,2__FSPOW000,SPSUP01,-94.200,6.990,C,-0.0105171,-43.257,-44.688,3.210,3.316,False,False,_F,Northern,
NEE-SSE01,2__FHYDE000,,,OVO Electricity Ltd,G,False,SSE SBMU1 - Northern GSPG,OVOE,0.000,0.000,C,-0.0081410,0.000,0.000,0.000,0.000,False,False,_F,Northern,
NEE-STH01,2__FSOUT000,,,OVO Electricity Ltd,G,True,SE SBMU1 - Northern GSPG,OVOE,0.000,0.000,C,-0.0088231,0.000,0.000,0.000,0.000,False,False,_F,Northern,
NEE-SWA01,2__FSWAE000,,,OVO Electricity Ltd,G,True,SWA SBMU1 - Northern GSPG,OVOE,0.000,0.000,C,-0.0081410,0.000,0.000,0.000,0.000,False,False,_F,Northern,
NEE-SWT01,2__FSWEB000,,,EDF Energy Customers Limited,G,True,SWEB Default BMUid NEEB,LENCO,0.000,0.000,C,-0.0105171,0.000,0.000,0.000,0.000,False,False,_F,Northern,
NEE-SYM01,2__FSYMB000,,,E.ON Next Energy Ltd,G,True,2__FSYMB000,NITTWO01,0.000,0.000,C,-0.0070740,0.000,0.000,0.000,0.000,False,False,_F,NORTHERN,
NEE-TFE01,2__FTGPL000,,,TotalEnergies Gas & Power Ltd,G,True,2__FTGPL000,TFEGP,-126.650,10.000,C,-0.0105171,-79.270,-64.237,6.259,5.072,False,False,_F,Northern,
NEE-TIL01,2__FTILL000,,,British Gas Trading Ltd,G,True,2__FTILL000,BRITGAS,-230.138,0.000,C,-0.0105171,-108.740,-118.061,0.000,0.000,False,False,_F,Northern,
NEE-YEP01,2__FYELG000,,,npower limited,G,True,_F  Default BM Northern,YE,-0.280,0.000,C,-0.0085008,-0.147,-0.154,0.000,0.000,False,False,_F,NORTHERN,
NEWPB-1,E_NEWPB-1,,,Field Newport Ltd,E,True,Newport BESS,FIELDNEW,-20.931,20.933,P,0.0164211,-8.372,-8.372,8.373,8.373,True,False,_K,South Wales,
NEWTB-1,E_NEWTB-1,,,EDF Energy Customers Limited,E,True,Newton wood BESS,LENCO,-52.000,52.000,C,0.0092272,-20.800,-20.800,20.800,20.800,True,False,_B,East Midlands,
NFSE02,2__NFSEN007,,,F & S Energy Ltd,S,True,2__NFSENOK7,FSE0001,-29.519,30.674,C,-0.0146251,5.349,5.343,-5.558,-5.552,False,False,_N,SOUTH of SCOTLAND GSP,
NJERE000,2__NJERE000,,,Shell Energy UK Limited,G,False,2__NJERE000,AMPERE,0.000,0.000,C,-0.0146251,0.000,0.000,0.000,0.000,False,False,_N,SOUTH of SCOTLAND GSP,
NLSSC-1,T_NLSSC-1,,,Flexitricity Limited,T,True,Neilston,FLEXTRCY,-13.275,3.476,P,-0.0099306,-5.310,-5.310,1.390,1.390,True,False,,,
NLSTB-1,T_NLSTB-1,,OTHER,Statkraft Markets Gmbh,T,True,Neilston Battery 1,STATKRA1,-50.000,50.000,C,-0.0099306,-9.965,-9.965,9.965,9.965,False,False,,,
NNGAO-1,T_NNGAO-1,,WIND,Neart Na Gaoithe Offshore Wind,T,True,Neart Na Gaiothe WF 1,NNG01,-4.258,224.000,P,-0.0099306,-1.703,-1.703,89.600,89.600,True,False,,,
NNGAO-2,T_NNGAO-2,,WIND,Neart Na Gaoithe Offshore Wind,T,True,Neart Na Gaiothe WF 2,NNG01,-4.055,224.000,P,-0.0099306,-1.622,-1.622,89.600,89.600,True,False,,,
NNPW01,2__NNATP001,,WIND,Npower Commercial Gas Limited,S,True,2__NNATP001,NPOWER02,0.000,50.000,C,-0.0107880,0.000,0.000,12.500,12.500,False,False,_N,SOUTH of SCOTLAND GSP,
NOKYW-1,T_NOKYW-1,,WIND,North Kyle Wind farm Ltd,T,True,North Kyle Wind Farm-1,NKWFL,-2.000,106.000,P,-0.0099306,-0.800,-0.800,42.400,42.400,True,False,,,
NOKYW-2,T_NOKYW-2,,WIND,North Kyle Wind farm Ltd,T,True,North Kyle Wind Farm-2,NKWFL,-2.000,106.000,P,-0.0099306,-0.800,-0.800,42.400,42.400,True,False,,,
NORHW-1,,,WIND,,,,,,,,,,,,,,False,False,,,
NOVAW-1,,48W00000NOVAW-1M,WIND,,,,,,,,,,,,,,False,False,,,
NOVAW-2,,48W00000NOVAW-2K,WIND,,,,,,,,,,,,,,False,False,,,
NSC-ATL01,2__PIMPO000,,,SSE Energy Supply Limited,G,True,IMPO North Scotland,SSE,-8.243,308.400,C,-0.0304534,-4.076,-4.168,152.504,155.958,False,False,_P,North Scotland,
NSC-AXPO1,2__PAXPO000,,,AXPO UK LIMITED,G,False,2__PAXPO000,EGLUK,-5.000,85.000,C,-0.0304534,31.801,32.751,-540.609,-556.767,False,False,_P,North Scotland,
NSC-BGS01,2__PBGAS000,,,British Gas Trading Ltd,G,True,2__PBGAS000,BRITGAS,-0.628,1.245,C,-0.0304534,-0.093,-0.061,0.185,0.121,False,False,_P,North Scotland,
NSC-BIZ01,2__PBIZZ000,,,British Gas Trading Ltd,G,True,2__PBIZZ000,BRITGAS,-22.000,2.000,C,-0.0304534,-10.404,-8.499,0.946,0.773,False,False,_P,North Scotland,
NSC-ECO01,2__PECON000,,,E.ON Energy Solutions Limited,G,True,2__PECON000,PGENERGY,0.000,0.000,C,-0.0242162,0.000,0.000,0.000,0.000,False,False,_P,NORTH of SCOTLAND GSP,
NSC-EDF01,2__PEDFE000,,,EDF Energy Customers Limited,G,True,EDFE_North Scotland,LENCO,-40.000,4.000,C,-0.0304534,-22.844,-22.208,2.284,2.221,False,False,_P,North Scotland,
NSC-EDR01,2__PEDIR000,,,British Gas Trading Ltd,G,True,2__PEDIR000,BRITGAS,0.000,0.000,C,-0.0230428,0.000,0.000,0.000,0.000,False,False,_P,North Scotland,
NSC-ENR01,2__PENRD000,,,British Gas Trading Ltd,G,True,2__PENRD000,BRITGAS,-57.524,12.000,C,-0.0304534,-31.719,-22.687,6.617,4.733,False,False,_P,North Scotland,
NSC-EON01,2__PEOND000,,,E.ON Next Energy Ltd,G,True,2__PEOND000,NITTWO01,-42.000,14.000,C,-0.0304534,-17.086,-17.249,5.695,5.750,False,False,_P,North Scotland,
NSC-EST01,2__PEENG000,,,E.ON Energy Solutions Limited,G,True,2__PEENG000,PGENERGY,0.000,0.000,C,-0.0381051,0.000,0.000,0.000,0.000,False,False,_P,NORTH of SCOTLAND GSP,
NSC-GDF01,2__PRWED000,,,ENGIE Power Limited,G,True,2__PRWED000,RWETDL,-38.000,64.000,C,-0.0304534,-13.076,-17.123,22.022,28.838,False,False,_P,North Scotland,
NSC-HPW01,2__PHPOW000,,,Drax Energy Solutions Limited,G,True,2__PHPOW000,HAVEN,-36.358,9.460,C,-0.0304534,-25.214,-19.175,6.561,4.989,False,False,_P,North Scotland,
NSC-HVN01,2__PHAVE000,,,Drax Energy Solutions Limited,G,True,2__PHAVE000,HAVEN,0.000,35.500,C,-0.0304534,0.000,0.000,7.455,7.455,False,False,_P,North Scotland,
NSC-INE01,2__PINDE000,,,npower limited,G,True,INDE Scottish Hydro,NEEB,-3.720,0.000,C,-0.0242162,-1.667,-1.363,0.000,0.000,False,False,_P,NORTH of SCOTLAND GSP,
NSC-LON01,2__PLOND000,,,EDF Energy Customers Limited,G,True,Default LOND BMU for _P,LENCO,-124.105,21.572,C,-0.0304534,-50.796,-33.372,8.829,5.801,False,False,_P,North Scotland,
NSC-MID01,2__PMIDE000,,,Npower Limited,G,True,NPEC Scottish Hydro Area MIDE,NPOWER01,-0.140,0.000,C,-0.0242162,-0.067,-0.071,0.000,0.000,False,False,_P,NORTH of SCOTLAND GSP,
NSC-MNW01,2__PMANW000,,,ScottishPower Energy Retail,G,True,2__PMANW000,SPSUP01,0.000,0.000,C,-0.0304534,0.000,0.000,0.000,0.000,False,False,_P,North Scotland,
NSC-NEE01,2__PNEEB000,,,npower limited,G,True,Scottish Hydro,NEEB,-3.240,0.000,C,-0.0242162,-1.880,-1.851,0.000,0.000,False,False,_P,NORTH of SCOTLAND GSP,
NSC-NPE01,2__PNATP000,,,Npower Commercial Gas Limited,G,True,NPEC Scottish Hydro Area NATP,NPOWER02,-94.000,56.000,C,-0.0304534,-40.072,-27.345,23.873,16.290,False,False,_P,North Scotland,
NSC-OCT01,2__PMRCY000,,,Octopus Energy Limited,G,True,2__PMRCY000,MERCURY,-95.322,164.920,C,-0.0304534,-25.108,-26.700,43.440,46.194,False,False,_P,North Scotland,
NSC-OGA01,2__POGAS000,,,British Gas Trading Ltd,G,True,2__POGAS000,BRITGAS,0.000,0.000,C,-0.0200357,0.000,0.000,0.000,0.000,False,False,_P,North Scotland,
NSC-OVO01,2__POVOE000,,,OVO Electricity Ltd,G,False,2__POVOE000,OVOE,-180.800,230.204,C,-0.0304534,-68.342,-76.967,87.017,97.998,False,False,_P,North Scotland,
NSC-PGE01,2__PEMEB000,,,E.ON Energy Solutions Limited,G,True,2__PEMEB000,PGENERGY,0.000,0.000,C,-0.0304534,0.000,0.000,0.000,0.000,False,False,_P,North Scotland,
NSC-PGU01,2__PPGEN000,,,E.ON UK LTD,G,True,2__PPGEN000,POWERGEN,0.000,0.000,C,-0.0304534,0.000,0.000,0.000,0.000,False,False,_P,North Scotland,
NSC-SEE01,2__PSEEB000,,,EDF Energy Customers Limited,G,True,Default SEEB BMU for _P,LENCO,-2.000,0.000,C,-0.0304534,-0.915,-0.647,0.000,0.000,False,False,_P,North Scotland,
NSC-SEL01,2__PSMAR000,,,Smartestenergy Limited,G,True,2__PSMAR000,SMARTEST,-47.117,0.000,C,-0.0304534,-30.079,-24.430,0.000,0.000,False,False,_P,North Scotland,
NSC-SPC01,2__PSPOW000,,,ScottishPower Energy Retail,G,True,2__PSPOW000,SPSUP01,-114.124,42.994,C,-0.0304534,-24.982,-20.759,9.411,7.821,False,False,_P,North Scotland,
NSC-SSE01,2__PHYDE000,,,OVO Electricity Ltd,G,True,HYDE North Scotland,OVOE,-1.120,0.000,C,-0.0230428,0.000,0.000,0.000,0.000,False,False,_P,North Scotland,
NSC-STH01,2__PSOUT000,,,OVO Electricity Ltd,G,True,SOUT North Scotland,OVOE,0.000,0.000,C,-0.0323359,0.000,0.000,0.000,0.000,False,False,_P,North Scotland,
NSC-SWA01,2__PSWAE000,,,OVO Electricity Ltd,G,False,SWAE North Scotland,OVOE,0.000,0.000,C,-0.0230428,0.000,0.000,0.000,0.000,False,False,_P,North Scotland,
NSC-SWT01,2__PSWEB000,,,EDF Energy Customers Limited,G,True,Default SWEB BMU for _P,LENCO,0.000,0.000,C,-0.0304534,0.000,0.000,0.000,0.000,False,False,_P,North Scotland,
NSC-SYM01,2__PSYMB000,,,E.ON Next Energy Ltd,G,True,2__PSYMB000,NITTWO01,0.000,0.000,C,-0.0398132,0.000,0.000,0.000,0.000,False,False,_P,NORTH of SCOTLAND GSP,
NSC-TFE01,2__PTGPL000,,,TotalEnergies Gas & Power Ltd,G,False,2__PTGPL000,TFEGP,-58.621,4.133,C,-0.0304534,-35.366,-30.911,2.493,2.179,False,False,_P,North Scotland,
NSC-TIL01,2__PTILL000,,,British Gas Trading Ltd,G,True,2__PTILL000,BRITGAS,-84.071,0.000,C,-0.0304534,-39.581,-42.885,0.000,0.000,False,False,_P,North Scotland,
NSC-YEP01,2__PYELG000,,,npower limited,G,True,_P Default BM Scottish Hydro,YE,0.000,0.000,C,-0.0242162,0.000,0.000,0.000,0.000,False,False,_P,NORTH of SCOTLAND GSP,
NSQYT-1,,,OTHER,,,,,,,,,,,,,,False,False,,,
NTAWB-1,E_NTAWB-1,,,EDF Energy Customers Limited,E,True,North Tawton BESS,LENCO,-32.000,32.000,C,0.0228729,-12.800,-12.800,12.800,12.800,True,False,_L,South Western,
NTRVB-1,T_NTRVB-1,48W00000NTRVB-1R,,Arenko Cleantech Limited,T,True,Native River,AG,-57.000,57.000,C,0.0024587,-0.741,-0.741,0.741,0.741,False,False,,,
NURSB-1,T_NURSB-1,,,EDF Energy Customers Limited,T,True,Nursling Battery Storage,LENCO,-52.000,48.000,C,0.0213863,-20.800,-20.800,19.200,19.200,True,False,,,
NWP-ATL01,2__GIMPO000,,,SSE Energy Supply Limited,G,True,2__GIMPO000,SSE,-111.400,0.000,C,-0.0050170,-74.159,-62.429,0.000,0.000,False,False,_G,North Western,
NWP-AXPO1,2__GAXPO000,,,AXPO UK LIMITED,G,False,2__GAXPO000,EGLUK,-16.000,0.500,C,-0.0050170,-10.118,-4.682,0.316,0.146,False,False,_G,North Western,
NWP-BGS01,2__GBGAS000,,,British Gas Trading Ltd,G,True,2__GBGAS000,BRITGAS,-1.276,2.016,C,-0.0050170,-0.210,-0.275,0.331,0.435,False,False,_G,North Western,
NWP-BIZ01,2__GBIZZ000,,,British Gas Trading Ltd,G,True,2__GBIZZ000,BRITGAS,-44.000,4.000,C,-0.0050170,-21.344,-17.490,1.940,1.590,False,False,_G,North Western,
NWP-EAS01,2__GEELC000,,,E.ON Energy Solutions Limited,G,True,2__GEELC000,PGENERGY,0.000,0.000,C,-0.0088864,0.000,0.000,0.000,0.000,False,False,_G,North Western,
NWP-EDF01,2__GEDFE000,,,EDF Energy Customers Limited,G,True,EDFE_North West,LENCO,-130.000,6.127,C,-0.0050170,-71.058,-71.890,3.349,3.388,False,False,_G,North Western,
NWP-EDR01,2__GEDIR000,,,British Gas Trading Ltd,G,True,2__GEDIR000,BRITGAS,0.000,0.000,C,-0.0036499,0.000,0.000,0.000,0.000,False,False,_G,North Western,
NWP-ENR01,2__GENRD000,,,British Gas Trading Ltd,G,True,2__GENRD000,BRITGAS,-140.330,0.000,C,-0.0050170,-76.368,-54.785,0.000,0.000,False,False,_G,North Western,
NWP-EON01,2__GEOND000,,,E.ON Next Energy Ltd,G,True,2__GEOND000,NITTWO01,-398.000,2.000,C,-0.0050170,-209.030,-215.835,1.050,1.085,False,False,_G,North Western,
NWP-EST01,2__GEENG000,,,E.ON Energy Solutions Limited,G,True,2__GEENG000,PGENERGY,0.000,0.000,C,-0.0032251,0.000,0.000,0.000,0.000,False,False,_G,North Western,
NWP-GDF01,2__GRWED000,,,ENGIE Power Limited,G,True,2__GRWED000,RWETDL,-96.000,16.000,C,-0.0050170,-67.373,-60.845,11.229,10.141,False,False,_G,North Western,
NWP-HPW01,2__GHPOW000,,,Drax Energy Solutions Limited,G,True,2__GHPOW000,HAVEN,-213.360,21.500,C,-0.0050170,-163.413,-130.406,16.467,13.141,False,False,_G,North Western,
NWP-HVN01,2__GHAVE000,,,Drax Energy Solutions Limited,G,True,2__GHAVE000,HAVEN,0.000,61.360,C,-0.0050170,0.000,0.000,12.886,12.886,False,False,_G,North Western,
NWP-INE01,2__GINDE000,,,npower limited,G,True,INDE NORWEB,NEEB,-21.280,0.000,C,-0.0041054,-9.238,-7.733,0.000,0.000,False,False,_G,North Western,
NWP-LON01,2__GLOND000,,,EDF Energy Customers Limited,G,True,LE Default BMUid NORW,LENCO,-320.000,0.000,C,-0.0050170,-216.416,-186.336,0.000,0.000,False,False,_G,North Western,
NWP-MEC01,2__GNUCE000,,,NDA,G,False,2__GNUCE000,MAGNOX,0.000,0.000,C,-0.0050170,0.000,0.000,0.000,0.000,False,False,_G,North Western,
NWP-MID01,2__GMIDE000,,,Npower Limited,G,True,NPEC NORWEB Area MIDE,NPOWER01,-5.240,0.000,C,-0.0041054,-2.853,-2.976,0.000,0.000,False,False,_G,North Western,
NWP-MNW01,2__GMANW000,,,ScottishPower Energy Retail,G,True,2__GMANW000,SPSUP01,-7.800,0.000,C,-0.0050170,-3.708,-4.022,0.000,0.000,False,False,_G,North Western,
NWP-NEE01,2__GNEEB000,,,npower limited,G,True,2__GNEEB000,NEEB,-21.040,0.000,C,-0.0041054,-12.742,-12.456,0.000,0.000,False,False,_G,North Western,
NWP-NPE01,2__GNATP000,,,Npower Commercial Gas Limited,G,True,NPEC NORWEB Area NATP,NPOWER02,-270.000,36.000,C,-0.0050170,-182.763,-138.402,24.368,18.454,False,False,_G,North Western,
NWP-NWP01,2__GNORW000,,,E.ON Energy Solutions Limited,G,True,2__GNORW000,PGENERGY,0.000,0.000,C,-0.0031618,0.000,0.000,0.000,0.000,False,False,_G,North Western,
NWP-OCT01,2__GMRCY000,,,Octopus Energy Limited,G,True,2__GMRCY000,MERCURY,-403.101,574.840,C,-0.0050170,-189.498,-203.969,270.232,290.869,False,False,_G,North Western,
NWP-OGA01,2__GOGAS000,,,British Gas Trading Ltd,G,True,2__GOGAS000,BRITGAS,0.000,0.000,C,-0.0044771,0.000,0.000,0.000,0.000,False,False,_G,North Western,
NWP-OVO01,2__GOVOE000,,,OVO Electricity Ltd,G,False,2__GOVOE000,OVOE,-97.600,12.260,C,-0.0050170,-44.642,-49.122,5.608,6.170,False,False,_G,North Western,
NWP-PGE01,2__GEMEB000,,,E.ON Energy Solutions Limited,G,True,2__GEMEB000,PGENERGY,0.000,0.000,C,-0.0050170,0.000,0.000,0.000,0.000,False,False,_G,North Western,
NWP-PGU01,2__GPGEN000,,,E.ON UK LTD,G,True,2__GPGEN000,POWERGEN,0.000,0.000,C,-0.0050170,0.000,0.000,0.000,0.000,False,False,_G,North Western,
NWP-RNW01,2__GRENC000,,,ECOTRICITY LIMITED,G,False,2__GRENC000,RENC,0.000,0.000,C,-0.0050170,0.000,0.000,0.000,0.000,False,False,_G,North Western,
NWP-SEE01,2__GSEEB000,,,EDF Energy Customers Limited,G,True,2__GSEEB000,LENCO,-2.000,0.000,C,-0.0050170,-1.054,-0.825,0.000,0.000,False,False,_G,North Western,
NWP-SEL01,2__GSMAR000,,,Smartestenergy Limited,G,True,2__GSMAR000,SMARTEST,-143.410,0.000,C,-0.0050170,-100.975,-79.463,0.000,0.000,False,False,_G,North Western,
NWP-SPC01,2__GSPOW000,,,ScottishPower Energy Retail,G,True,2__GSPOW000,SPSUP01,-151.000,0.000,C,-0.0050170,-77.327,-79.773,0.000,0.000,False,False,_G,North Western,
NWP-SSE01,2__GHYDE000,,,OVO Electricity Ltd,G,True,SSE SBMU1 - Norweb GSPG,OVOE,0.000,0.000,C,-0.0036499,0.000,0.000,0.000,0.000,False,False,_G,North Western,
NWP-STH01,2__GSOUT000,,,OVO Electricity Ltd,G,True,SE SBMU1 - Norweb GSPG,OVOE,0.000,0.000,C,0.0000456,0.000,0.000,0.000,0.000,False,False,_G,North Western,
NWP-SWA01,2__GSWAE000,,,OVO Electricity Ltd,G,True,SWA SBMU1 - Norweb GSPG,OVOE,0.000,0.000,C,-0.0036499,0.000,0.000,0.000,0.000,False,False,_G,North Western,
NWP-SWT01,2__GSWEB000,,,EDF Energy Customers Limited,G,True,SWEB Default BMUid NORW,LENCO,0.000,0.000,C,-0.0050170,0.000,0.000,0.000,0.000,False,False,_G,North Western,
NWP-SYM01,2__GSYMB000,,,E.ON Next Energy Ltd,G,True,2__GSYMB000,NITTWO01,0.000,0.000,C,-0.0021672,0.000,0.000,0.000,0.000,False,False,_G,North Western,
NWP-TFE01,2__GTGPL000,,,TotalEnergies Gas & Power Ltd,G,True,2__GTGPL000,TFEGP,-216.509,84.000,C,-0.0050170,-113.234,-87.231,43.932,33.844,False,False,_G,North Western,
NWP-TIL01,2__GTILL000,,,British Gas Trading Ltd,G,True,2__GTILL000,BRITGAS,-417.537,0.000,C,-0.0050170,-198.121,-215.073,0.000,0.000,False,False,_G,North Western,
NWP-YEP01,2__GYELG000,,,npower limited,G,True,_G  Default BM NORWEB,YE,-0.060,0.000,C,-0.0041054,-0.034,-0.035,0.000,0.000,False,False,_G,North Western,
OCHLB-1,T_OCHLB-1,,,HD143OCK Ltd,T,True,Ocker Hill,CESGOL01,-57.624,58.000,P,0.0163921,-23.050,-23.050,23.200,23.200,True,False,,,
OLDHB-1,E_OLDHB-1,,,Field Oldham Ltd,E,True,Oldham BESS,FIELD,-20.000,20.000,P,-0.0050170,-8.000,-8.000,8.000,8.000,True,False,_G,North Western,
OMNDO-1,T_OMNDW-1,48W00000OMNDO-1J,WIND,Ormonde Energy Ltd,T,True,Ormonde Energy Limited 1,ORMONDE,0.000,150.760,P,-0.0050170,0.000,0.000,60.304,60.304,True,False,,,
OVRHB-1,E_OVRHB-1,,OTHER,Flexitricity Limited,E,True,Overhill BESS,FLEXTRCY,-0.418,49.000,P,-0.0304534,-0.167,-0.167,19.600,19.600,True,False,_P,North Scotland,
PARHD-1,T_PARHD-1,,,EDF Energy Customers Limited,T,True,T_PARHD-1,LENCO,-8.000,0.000,C,-0.0099306,-3.246,-3.246,0.000,0.000,False,False,,,
PAUHW-1,2__PENEC002,48W00000PAUHW-11,WIND,Eneco Energy Trade,S,True,Pauls Hill Windfarm,ENECOUK,-0.400,70.167,C,-0.0304534,-0.155,-0.142,27.127,24.860,False,False,_P,North Scotland,
PEHE-1,T_PEHE-1,48W000000PEHE-15,CCGT,SSE Thermal Generation,T,True,Peterhead Block 1,SSETGSL,-0.074,1200.000,P,-0.0304534,-0.030,-0.030,480.000,480.000,True,False,,,
PEHE-2,T_PEHE-2,48W000000PEHE-23,,SSE Thermal Generation,T,True,Peterhead Unit 2,SSETGSL,0.000,0.000,C,-0.0304534,0.000,0.000,0.000,0.000,False,False,,,
PEHED-1,T_PEHED-1,,,SSE Thermal Generation,T,True,Peterhead Stn Txs,SSETGSL,-20.000,0.000,C,-0.0304534,-7.168,-7.168,0.000,0.000,False,False,,,
PEMB-11,T_PEMB-11,48W00000PEMB-11T,CCGT,RWE Generation UK plc,T,True,Pembroke Unit 11,INNOGY01,-15.000,475.000,P,0.0164211,-6.000,-6.000,190.000,190.000,True,False,,,
PEMB-21,T_PEMB-21,48W00000PEMB-21Q,CCGT,RWE Generation UK plc,T,True,Pembroke Unit 21,INNOGY01,-15.000,475.000,P,0.0164211,-6.000,-6.000,190.000,190.000,True,False,,,
PEMB-31,T_PEMB-31,48W00000PEMB-31N,CCGT,RWE Generation UK plc,T,True,Pembroke Unit 31,INNOGY01,-15.000,475.000,P,0.0164211,-6.000,-6.000,190.000,190.000,True,False,,,
PEMB-41,T_PEMB-41,48W00000PEMB-41K,CCGT,RWE Generation UK plc,T,True,Pembroke Unit 41,INNOGY01,-15.000,475.000,P,0.0164211,-6.000,-6.000,190.000,190.000,True,False,,,
PEMB-51,T_PEMB-51,48W00000PEMB-51H,CCGT,RWE Generation UK plc,T,True,Pembroke Unit 51,INNOGY01,-15.000,475.000,P,0.0164211,-6.000,-6.000,190.000,190.000,True,False,,,
PETEM1,E_PETEM1,48W000000PETEM1O,CCGT,River Nene Power Limited,E,True,Peterborough,CENPB,-5.000,245.000,P,0.0083094,-2.000,-2.000,98.000,98.000,True,False,_A,Eastern,
PETEM3,E_PETEM3,,OTHER,River Nene Power Limited,E,True,Peterborough Power 3,CENPB,-48.500,49.227,C,0.0083094,-1.911,-1.911,1.940,1.940,False,False,_A,Eastern,
PGBIW-1,T_PGBIW-1,,WIND,EDF Energy Customers Limited,T,True,Pogbie WF,LENCO,0.000,10.000,C,-0.0099306,0.000,0.000,4.000,4.000,True,False,,,
PGBRK-1,E_PGBRKL,,,Peak Gen Top Co Limited,E,True,E_PGBRKL,PEAKGEN,-2.028,20.000,P,0.0213863,-0.811,-0.811,8.000,8.000,True,False,_H,Southern,
PGBRY-1,E_PGBARY,,,Peak Gen Top Co Limited,E,True,E_PGBARY,PEAKGEN,-0.500,20.318,P,0.0164211,-0.200,-0.200,8.127,8.127,True,False,_K,South Wales,
PGCOV-1,E_PGCOVE,48W00000COVEN-1F,,Peak Gen Top Co Limited,E,True,E_PGCOVE,PEAKGEN,-0.100,6.000,P,0.0092272,-0.040,-0.040,2.400,2.400,True,False,_B,East Midlands,
PGDID-1,E_PGDIDC,48W00000PGDID-1L,,Peak Gen Top Co Limited,E,True,E_PGDIDC,PEAKGEN,-0.100,6.000,P,0.0213863,-0.040,-0.040,2.400,2.400,True,False,_H,Southern,
PGEXT-1,E_PGEXTR,,,Peak Gen Top Co Limited,E,True,E_PGEXTR,PEAKGEN,-0.500,20.439,P,0.0228729,-0.200,-0.200,8.176,8.176,True,False,_L,South Western,
PGFAR-1,E_PGFARE,,,Peak Gen Top Co Limited,E,True,E_PGFARE,PEAKGEN,-0.500,20.000,P,0.0213863,-0.200,-0.200,8.000,8.000,True,False,_H,Southern,
PGHAT-1,E_PGHATF,48W00000PGHAT-1A,,Peak Gen Top Co Limited,E,True,E_PGHATF,PEAKGEN,-0.100,6.000,P,0.0083094,-0.040,-0.040,2.400,2.400,True,False,_A,Eastern,
PGHAY-1,E_PGHAYD,48W00000PGHAY-1R,,Peak Gen Top Co Limited,E,True,E_PGHAYD,PEAKGEN,-0.100,6.398,P,-0.0050170,-0.040,-0.040,2.559,2.559,True,False,_G,North Western,
PGHVT-1,E_PGHVNT,,,Peak Gen Top Co Limited,E,True,E_PGHVNT,PEAKGEN,-0.500,20.000,P,0.0213863,-0.200,-0.200,8.000,8.000,True,False,_H,Southern,
PGLAN-1,E_PGLLAN,,,Peak Gen Top Co Limited,E,True,E_PGLLAN,PEAKGEN,-0.500,20.525,P,0.0164211,-0.200,-0.200,8.210,8.210,True,False,_K,South Wales,
PGPET-1,E_PGPETE,,,Peak Gen Top Co Limited,E,True,Peakgen Power 2,PEAKGEN,-8.500,20.000,P,0.0083094,-3.400,-3.400,8.000,8.000,True,False,_A,Eastern,
PGSOU-1,E_PGSOUT,,,Peak Gen Top Co Limited,E,True,E_PGSOUT,PEAKGEN,-0.500,24.000,P,0.0213863,-0.200,-0.200,9.600,9.600,True,False,_H,Southern,
PIBUW-1,E_PIBUW-1,,WIND,Npower Commercial Gas Limited,E,True,Pines Burn Wind Farm,NPOWER02,0.000,36.000,P,-0.0099306,0.000,0.000,14.400,14.400,True,False,_N,South Scotland,
PILLB-1,E_PILLB-1,,,BP Gas Marketing Limited,E,True,Pillswood 1 Battery Storage,BPGAS,-49.900,49.900,P,-0.0042872,-19.960,-19.960,19.960,19.960,True,False,_M,Yorkshire,
PILLB-2,E_PILLB-2,,,BP Gas Marketing Limited,E,True,Pillswood 2 Battery Storage,BPGAS,-49.900,49.900,P,-0.0042872,-19.960,-19.960,19.960,19.960,True,False,_M,Yorkshire,
PINFB-1,T_PINFB-1,,OTHER,Zenobe Capenhurst Limited,T,True,T_PINFB-1,ZENOBE2,-27.880,27.080,C,0.0024587,-0.217,-0.217,0.211,0.211,False,False,,,
PINFB-2,T_PINFB-2,,OTHER,Zenobe Capenhurst Limited,T,True,T_PINFB-2,ZENOBE2,-26.820,26.000,C,0.0024587,-0.158,-0.158,0.153,0.153,False,False,,,
PINFB-3,T_PINFB-3,,OTHER,Zenobe Capenhurst Limited,T,True,T_PINFB-3,ZENOBE2,-26.000,26.000,C,0.0024587,-0.185,-0.185,0.185,0.185,False,False,,,
PINFB-4,T_PINFB-4,,OTHER,Zenobe Capenhurst Limited,T,True,T_PINFB-4,ZENOBE2,-26.000,26.000,C,0.0024587,-0.187,-0.187,0.187,0.187,False,False,,,
PINFD-5,T_PINFD-5,,,Zenobe Capenhurst Limited,T,True,T_PINFD-5,ZENOBE2,-2.000,0.000,C,0.0024587,-0.711,-0.711,0.000,0.000,False,False,,,
PINFD-6,T_PINFD-6,,,Zenobe Capenhurst Limited,T,True,T_PINFD-6,ZENOBE2,-2.000,0.000,C,0.0024587,-0.617,-0.617,0.000,0.000,False,False,,,
PJERE000,2__PJERE000,,,Shell Energy UK Limited,G,False,2__PJERE000,AMPERE,0.000,0.000,C,-0.0417624,0.000,0.000,0.000,0.000,False,False,_P,NORTH of SCOTLAND GSP,
PLOEW-1,T_PLOEW-1,,WIND,PENCLOE WIND ENERGY LIMITED,T,True,PENCLOE WIND 1,PLOEW1,-0.630,81.000,P,-0.0099306,-0.252,-0.252,32.400,32.400,True,False,,,
PLYRK-1,E_PLYRK-1,,OTHER,Conrad Energy (Trading) Ltd,E,False,Plymouth Rock,CONRAD,-1.000,15.000,C,0.0228729,-0.090,-0.090,1.356,1.356,False,False,_L,South Western,
PMBSC-61,T_PEMBSC-61,,,RWE Generation UK plc,T,True,Pembroke Synch Comp 61,INNOGY01,-5.000,0.000,C,0.0164211,-0.468,-0.468,0.000,0.000,False,False,,,
PNYCB-1,T_PNYCB-1,,,Arenko Cleantech Limited,T,True,Pen y Cymoedd Battery,AG,0.000,0.000,P,0.0164211,0.000,0.000,0.000,0.000,True,False,,,
PNYCW-1,T_PNYCW-1,,WIND,Pen y Cymoedd Wind Farm LTD,T,True,PNYCW-1 Export,PYC,-17.160,228.000,P,0.0164211,-6.864,-6.864,91.200,91.200,True,False,,,
POOBD-1,T_POOBD-1,,,EDF Energy Customers Limited,T,True,T_POOBD-1,LENCO,-8.000,5.500,C,-0.0099306,-4.146,-4.146,2.851,2.851,False,False,,,
PORGD-1,T_PORGD-1,,,EDF Energy Customers Limited,T,True,T_PORGD-1,LENCO,-2.047,0.000,C,-0.0099306,-0.723,-0.723,0.000,0.000,False,False,,,
POTES-1,E_POTES-1,,,Arenko Cleantech Limited,E,True,Port of Tyne Energy Storage,AG,-35.000,35.000,C,-0.0105171,-14.000,-14.000,14.000,14.000,True,False,_F,Northern,
PROG-1,,,OCGT,,,,,,,,,,,,,,False,False,,,
PRSTW-1,,,WIND,,,,,,,,,,,,,,False,False,,,
PTLDW-1,,,WIND,,,,,,,,,,,,,,False,False,,,
RAKE-1,E_RAKE-1,,,Conrad Energy (Trading) Ltd,E,True,Rake Lane,CONRAD,-1.000,20.000,C,-0.0050170,-0.400,-0.400,8.000,8.000,True,False,_G,North Western,
RANN-1,,48W000000RANN-1N,NPSHYD,,,,,,,,,,,,,,False,False,,,
RANN-2,,48W000000RANN-2L,NPSHYD,,,,,,,,,,,,,,False,False,,,
RANN-3,,48W000000RANN-3J,NPSHYD,,,,,,,,,,,,,,False,False,,,
RASSP-1,E_RASSP-1,,,Flexitricity Limited,E,True,Rassau Sync Con  Set,FLEXTRCY,-2.260,49.000,C,0.0164211,-0.904,-0.904,19.600,19.600,True,False,_K,South Wales,
RATS-1,T_RATS-1,48W000000RATS-1A,COAL,Uniper UK Limited,T,True,T_RATS-1,EECL,-16.000,0.000,C,0.0092272,0.000,0.000,0.000,0.000,False,False,,,
RATS-2,T_RATS-2,48W000000RATS-28,COAL,Uniper UK Limited,T,True,T_RATS-2,EECL,-16.000,0.000,C,0.0092272,-4.690,-4.690,0.000,0.000,False,False,,,
RATS-3,T_RATS-3,48W000000RATS-36,COAL,Uniper UK Limited,T,True,T_RATS-3,EECL,-16.000,0.000,C,0.0092272,0.000,0.000,0.000,0.000,False,False,,,
RATS-4,T_RATS-4,48W000000RATS-44,COAL,Uniper UK Limited,T,True,T_RATS-4,EECL,-16.000,0.000,C,0.0092272,-3.925,-3.925,0.000,0.000,False,False,,,
RATSGT-2,T_RATSGT-2,48W0000RATSGT-2V,OCGT,Uniper UK Limited,T,True,T_RATSGT-2,EECL,0.000,0.000,C,0.0092272,0.000,0.000,0.000,0.000,False,False,,,
RATSGT-4,T_RATSGT-4,48W0000RATSGT-4R,OCGT,Uniper UK Limited,T,True,T_RATSGT-4,EECL,0.000,0.000,C,0.0092272,0.000,0.000,0.000,0.000,False,False,,,
RAVED-1,T_RAVED-1,,,Marble Power Limited,T,True,Corus Dalzell,MARBLE,-22.397,13.850,C,-0.0099306,-0.712,-0.712,0.440,0.440,False,False,,,
RCBKO-1,T_RCBKO-1,48W00000RCBKO-1S,WIND,Race Bank Wind Farm Ltd,T,True,RACE_BANK_Z01,DONG011,-6.012,284.000,P,0.0083094,-2.405,-2.405,113.600,113.600,True,False,,,
RCBKO-2,T_RCBKO-2,48W00000RCBKO-2Q,WIND,Race Bank Wind Farm Ltd,T,True,RACE_BANK_Z02,DONG011,-3.000,290.000,P,0.0083094,-1.200,-1.200,116.000,116.000,True,False,,,
RCKFB-1,V__EFEEL400,48W00000RCKFB-1E,,EDF Energy Limited,V,True,V__EFEEL400,LONDELEC,-40.000,50.000,P,0.0163921,-9.200,-9.200,11.500,11.500,True,False,_E,Midlands,
RDFRB-1,E_RDFRB-1,,,Conrad Energy (Trading) Ltd,E,True,Redfield Road B,CONRAD,-1.000,20.000,C,0.0092272,-0.400,-0.400,8.000,8.000,True,False,_B,East Midlands,
RDFRD-1,E_RDFRD-1,,,Conrad Energy (Trading) Ltd,E,True,Redfield Road,CONRAD,-1.000,20.500,C,0.0092272,-0.400,-0.400,8.200,8.200,True,False,_B,East Midlands,
RDSCR-1,E_RDSCR-1,,,Conrad Energy (Trading) Ltd,E,True,Redscar,CONRAD,0.000,40.000,C,-0.0050170,0.000,0.000,16.000,16.000,True,False,_G,North Western,
REDGT-1,,,OCGT,,,,,,,,,,,,,,False,False,,,
RHAMD-1,T__MYELT001,,,Npower Commercial Gas Limited,T,True,Corus Aldwarke,NPOWER02,-8.000,0.000,C,-0.0042872,-3.889,-3.889,0.000,0.000,False,False,,,
RHEI-4,E_RHEI-1,,,Statkraft Markets Gmbh,E,True,E_RHEI-1,STATKRA1,0.000,50.000,P,0.0024587,0.000,0.000,20.000,20.000,True,False,_D,Merseyside North Wales,
RHYFW-1,,48W00000RHYFW-1X,WIND,,,,,,,,,,,,,,False,False,,,
RICHB-1,T_RICHB-1,,OTHER,Limejump Energy Limited,T,True,Richborough Energy Park 1,ANGEL,-49.900,49.900,C,0.0130857,-19.960,-19.960,19.960,19.960,True,False,,,
RICHB-2,T_RICHB-2,,OTHER,Limejump Energy Limited,T,True,Richborough Energy Park 2,ANGEL,-49.900,49.900,C,0.0130857,-19.960,-19.960,19.960,19.960,True,False,,,
RIVEN-1,,,OTHER,,,,,,,,,,,,,,False,False,,,
RMPNO-1,T_RMPNO-1,48W00000RMPNO-17,WIND,Rampion Offshore Windfarm Ltd,T,True,Rampion Offshore Wind BMU 1,RAMPION,-10.700,200.100,P,0.0130857,-4.280,-4.280,80.040,80.040,True,False,,,
RMPNO-2,T_RMPNO-2,48W00000RMPNO-25,WIND,Rampion Offshore Windfarm Ltd,T,True,Rampion Offshore Wind BMU 2,RAMPION,-10.700,200.100,P,0.0130857,-4.280,-4.280,80.040,80.040,True,False,,,
ROARB-1,E_ROARB-1,,OTHER,Tesla Motors Limited,E,True,Roaring Hill BESS,TESLA,-50.000,50.000,P,-0.0099306,-20.000,-20.000,20.000,20.000,True,False,_N,South Scotland,
ROCK-1,T_ROCK-1,48W000000ROCK-16,CCGT,Rocksavage Power Company Ltd,T,True,Rocksavage Power Station,RPCL,-13.200,810.000,P,0.0024587,-5.280,-5.280,324.000,324.000,True,False,,,
ROOSB-1,E_ROOSB-1,,,CBS ENERGY STORAGE ASSETS LTD,E,True,Roosecote BESS,REGPOWER,-49.000,49.000,C,-0.0050170,-19.600,-19.600,19.600,19.600,True,False,_G,North Western,
ROTHW-1,2__PENEC001,,WIND,Eneco Energy Trade,S,True,Rothes Windfarm,ENECOUK,-0.400,54.501,C,-0.0304534,-0.155,-0.142,21.070,19.310,False,False,_P,North Scotland,
RREW-1,T_RREW-1,48W000000RREW-14,WIND,RWE Renewables UK Robin Rigg,T,True,T_RREW-1,ROBINRIG,-6.000,114.293,P,-0.0050170,-2.400,-2.400,45.717,45.717,True,False,,,
RRWW-1,T_RRWW-1,48W000000RRWW-1P,WIND,RWE Renewables UK Robin Rigg,T,True,T_RRWW-1,ROBINRIG,-6.000,90.838,P,-0.0050170,-2.400,-2.400,36.335,36.335,True,False,,,
RSCRB-1,2__FRWED001,,,ENGIE Power Limited,S,True,RiseCarrB,RWETDL,-2.000,2.000,C,-0.0105171,-0.800,-0.800,0.800,0.800,True,False,_F,Northern,
RSHLW-1,2__PEDGE004,48W00000RSHLW-1S,WIND,Edgware Energy Limited,S,True,2__PEDGE004,EDGWARE,0.000,27.376,C,-0.0304534,0.000,0.000,5.749,5.749,False,False,_P,North Scotland,
RTHSC-1,T_RTHSC-1,48W00000RTHSC-1T,,Flexitricity Limited,T,True,Rothienorman,FLEXTRCY,-10.000,2.095,C,-0.0304534,-4.000,-4.000,0.838,0.838,True,False,,,
RUGGT-6,T_RUGGT-6,48W00000RUGGT-6A,,Rugeley Power Generation Ltd,T,True,Rugeley B GT 06,TXURUGE,0.000,0.000,C,0.0164376,0.000,0.000,0.000,0.000,False,False,,,
RUGGT-7,T_RUGGT-7,48W00000RUGGT-78,,Rugeley Power Generation Ltd,T,True,Rugeley B GT 07,TXURUGE,0.000,0.000,C,0.0164376,0.000,0.000,0.000,0.000,False,False,,,
RUGPS-6,T_RUGPS-6,48W00000RUGPS-66,,Rugeley Power Generation Ltd,T,True,Rugeley B Unit 06,TXURUGE,0.000,0.000,C,0.0164376,0.000,0.000,0.000,0.000,False,False,,,
RUGPS-7,T_RUGPS-7,48W00000RUGPS-74,,Rugeley Power Generation Ltd,T,True,Rugeley B Unit 07,TXURUGE,0.000,0.000,C,0.0164376,0.000,0.000,0.000,0.000,False,False,,,
RUGPS-STX,E_RUGPS-STX,,,Rugeley Power Generation Ltd,E,False,Rugeley B Station Load,TXURUGE,0.000,0.000,C,0.0164376,0.000,0.000,0.000,0.000,False,False,_E,Midlands,
RYHPS-1,T_RYHPS-1,48W00000RYHPS-1J,CCGT,VPI Power Limited,T,True,T_RYHPS-1,SPGEN01,-15.000,720.980,P,0.0083094,-6.000,-6.000,288.392,288.392,True,False,,,
SACOD-1,T_SACOD-1,,,EDF Energy Customers Limited,T,True,T_SACOD-1,LENCO,-6.000,0.000,C,-0.0099306,-2.528,-2.528,0.000,0.000,False,False,,,
SAKNW-1,T_SAKNW-1,,WIND,Sandy Knowe Wind Farm Ltd,T,True,Sandy Knowe Wind Farm,SANDYWF1,-1.000,87.000,P,-0.0099306,-0.400,-0.400,34.800,34.800,True,False,,,
SANDB-1,T_SANDB-1,,,Sheaf Energy Limited,T,True,Sheaf BESS,SELPARK1,-249.000,249.000,P,0.0130857,-23.306,-23.306,23.306,23.306,True,False,,,
SANDW-1,,48W00000SANDW-12,WIND,,,,,,,,,,,,,,False,False,,,
SANQW-1,T_SANQW-1,48W00000SANQW-1B,WIND,SANQUHAR CWCL,T,True,SANQUHAR,SCWCL,0.000,32.080,P,-0.0099306,0.000,0.000,12.832,12.832,True,False,,,
SANQW-2,,,WIND,,,,,,,,,,,,,,False,False,,,
SANQW-3,,,WIND,,,,,,,,,,,,,,False,False,,,
SCCL-1,T_SCCL-1,48W000000SCCL-1U,CCGT,SCCL,T,True,Unit 1,SALTEND,-10.000,408.200,P,-0.0042872,-4.000,-4.000,163.280,163.280,True,False,,,
SCCL-2,T_SCCL-2,48W000000SCCL-2S,CCGT,SCCL,T,True,Unit 2,SALTEND,-10.000,409.100,P,-0.0042872,-4.000,-4.000,163.640,163.640,True,False,,,
SCCL-3,T_SCCL-3,48W000000SCCL-3Q,CCGT,SCCL,T,True,Unit 3,SALTEND,-77.500,409.300,P,-0.0042872,-31.000,-31.000,163.720,163.720,True,False,,,
SCCLD-1,T_SCCL-4,,,SCCL,T,True,BP Load,SALTEND,-90.000,0.000,P,-0.0042872,-36.000,-36.000,0.000,0.000,True,False,,,
SEAB-1,T_SEAB-1,48W000000SEAB-1V,CCGT,Seabank Power Limited,T,True,Seabank Power Module,SEABANK,-11.000,830.000,P,0.0228729,-4.400,-4.400,332.000,332.000,True,False,,,
SEAB-2,T_SEAB-2,48W000000SEAB-2T,CCGT,Seabank Power Limited,T,True,Seabank Power Module 2,SEABANK,-11.000,406.000,P,0.0228729,-4.400,-4.400,162.400,162.400,True,False,,,
SEE-ATL01,2__JIMPO000,,,SSE Energy Supply Limited,G,True,2__JIMPO000,SSE,-133.087,0.000,C,0.0130857,-86.999,-75.327,0.000,0.000,False,False,_J,South Eastern,
SEE-AXPO1,2__JAXPO000,,,AXPO UK LIMITED,G,False,2__JAXPO000,EGLUK,-2.000,8.000,C,0.0130857,-0.018,0.288,0.072,-1.151,False,False,_J,South Eastern,
SEE-BGS01,2__JBGAS000,,,British Gas Trading Ltd,G,True,2__JBGAS000,BRITGAS,-1.633,3.311,C,0.0130857,-0.185,-0.115,0.376,0.234,False,False,_J,South Eastern,
SEE-BIZ01,2__JBIZZ000,,,British Gas Trading Ltd,G,True,2__JBIZZ000,BRITGAS,-46.000,0.000,C,0.0130857,-21.436,-17.356,0.000,0.000,False,False,_J,South Eastern,
SEE-EAS01,2__JEELC000,,,E.ON Energy Solutions Limited,G,True,2__JEELC000,PGENERGY,0.000,0.000,C,0.0221547,0.000,0.000,0.000,0.000,False,False,_J,South Eastern,
SEE-EDF01,2__JEDFE000,,,EDF Energy Customers Limited,G,True,EDFE_South East,LENCO,-300.000,0.000,C,0.0130857,-155.940,-160.440,0.000,0.000,False,False,_J,South Eastern,
SEE-EDR01,2__JEDIR000,,,British Gas Trading Ltd,G,True,2__JEDIR000,BRITGAS,0.000,0.000,C,0.0097117,0.000,0.000,0.000,0.000,False,False,_J,South Eastern,
SEE-ENR01,2__JENRD000,,,British Gas Trading Ltd,G,True,2__JENRD000,BRITGAS,-118.514,20.000,C,0.0130857,-58.818,-42.641,9.926,7.196,False,False,_J,South Eastern,
SEE-EON01,2__JEOND000,,,E.ON Next Energy Ltd,G,True,2__JEOND000,NITTWO01,-188.000,2.000,C,0.0130857,-95.993,-97.553,1.021,1.038,False,False,_J,South Eastern,
SEE-EST01,2__JEENG000,,,E.ON Energy Solutions Limited,G,True,2__JEENG000,PGENERGY,0.000,0.000,C,0.0157520,0.000,0.000,0.000,0.000,False,False,_J,South Eastern,
SEE-GDF01,2__JRWED000,,,ENGIE Power Limited,G,True,2__JRWED000,RWETDL,-35.750,20.000,C,0.0130857,-7.801,-3.947,4.364,2.208,False,False,_J,South Eastern,
SEE-HPW01,2__JHPOW000,,,Drax Energy Solutions Limited,G,True,2__JHPOW000,HAVEN,-128.348,0.000,C,0.0130857,-99.944,-90.832,0.000,0.000,False,False,_J,South Eastern,
SEE-HVN01,2__JHAVE000,,,Drax Energy Solutions Limited,G,True,2__JHAVE000,HAVEN,0.000,8.400,C,0.0130857,0.000,0.000,1.764,1.764,False,False,_J,South Eastern,
SEE-INE01,2__JINDE000,,,npower limited,G,True,INDE SEEBOARD,NEEB,-8.060,0.000,C,0.0140482,-3.248,-2.927,0.000,0.000,False,False,_J,South Eastern,
SEE-LON01,2__JLOND000,,,EDF Energy Customers Limited,G,True,LE Default BMUid SEEB,LENCO,-320.000,0.000,C,0.0130857,-199.936,-161.248,0.000,0.000,False,False,_J,South Eastern,
SEE-MEC01,2__JNUCE000,,,NDA,G,False,2__JNUCE000,MAGNOX,0.000,0.000,C,0.0130857,0.000,0.000,0.000,0.000,False,False,_J,South Eastern,
SEE-MID01,2__JMIDE000,,,Npower Limited,G,True,NPEC SEEBOARD Area MIDE,NPOWER01,-2.300,0.000,C,0.0140482,-1.208,-1.296,0.000,0.000,False,False,_J,South Eastern,
SEE-MNW01,2__JMANW000,,,ScottishPower Energy Retail,G,True,2__JMANW000,SPSUP01,0.000,0.000,C,0.0130857,0.000,0.000,0.000,0.000,False,False,_J,South Eastern,
SEE-NEE01,2__JNEEB000,,,npower limited,G,True,2__JNEEB000,NEEB,-12.500,0.000,C,0.0140482,-7.246,-7.390,0.000,0.000,False,False,_J,South Eastern,
SEE-NPE01,2__JNATP000,,,Npower Commercial Gas Limited,G,True,NPEC SEEBOARD Area NATP,NPOWER02,-206.000,66.000,C,0.0130857,-151.678,-127.102,48.596,40.722,False,False,_J,South Eastern,
SEE-NWP01,2__JNORW000,,,E.ON Energy Solutions Limited,G,True,2__JNORW000,PGENERGY,0.000,0.000,C,0.0082871,0.000,0.000,0.000,0.000,False,False,_J,South Eastern,
SEE-OCT01,2__JMRCY000,,,Octopus Energy Limited,G,True,2__JMRCY000,MERCURY,-445.524,660.520,C,0.0130857,-211.802,-224.678,314.011,333.100,False,False,_J,South Eastern,
SEE-OGA01,2__JOGAS000,,,British Gas Trading Ltd,G,True,2__JOGAS000,BRITGAS,0.000,0.000,C,0.0087752,0.000,0.000,0.000,0.000,False,False,_J,South Eastern,
SEE-OVO01,2__JOVOE000,,,OVO Electricity Ltd,G,False,2__JOVOE000,OVOE,-149.000,0.000,C,0.0130857,-69.151,-75.156,0.000,0.000,False,False,_J,South Eastern,
SEE-PGE01,2__JEMEB000,,,E.ON Energy Solutions Limited,G,True,2__JEMEB000,PGENERGY,0.000,0.000,C,0.0130857,0.000,0.000,0.000,0.000,False,False,_J,South Eastern,
SEE-PGU01,2__JPGEN000,,,E.ON UK LTD,G,True,2__JPGEN000,POWERGEN,0.000,0.000,C,0.0130857,0.000,0.000,0.000,0.000,False,False,_J,South Eastern,
SEE-RNW01,2__JRENC000,,,ECOTRICITY LIMITED,G,False,2__JRENC000,RENC,0.000,0.000,C,0.0130857,0.000,0.000,0.000,0.000,False,False,_J,South Eastern,
SEE-SEE01,2__JSEEB000,,,EDF Energy Customers Limited,G,True,2__JSEEB000,LENCO,-4.000,0.000,C,0.0130857,-2.054,-1.493,0.000,0.000,False,False,_J,South Eastern,
SEE-SEL01,2__JSMAR000,,,Smartestenergy Limited,G,True,2__JSMAR000,SMARTEST,-140.043,0.000,C,0.0130857,-94.487,-85.832,0.000,0.000,False,False,_J,South Eastern,
SEE-SPC01,2__JSPOW000,,,ScottishPower Energy Retail,G,True,2__JSPOW000,SPSUP01,-90.600,0.000,C,0.0130857,-47.819,-48.462,0.000,0.000,False,False,_J,South Eastern,
SEE-SSE01,2__JHYDE000,,,OVO Electricity Ltd,G,True,SSE SBMU1 - Seeboard GSPG,OVOE,0.000,0.000,C,0.0097117,0.000,0.000,0.000,0.000,False,False,_J,South Eastern,
SEE-STH01,2__JSOUT000,,,OVO Electricity Ltd,G,True,SE SBMU1 - Seeboard GSPG,OVOE,0.000,0.000,C,0.0085077,0.000,0.000,0.000,0.000,False,False,_J,South Eastern,
SEE-SWA01,2__JSWAE000,,,OVO Electricity Ltd,G,True,SWA SBMU1 - Seeboard GSPG,OVOE,0.000,0.000,C,0.0097117,0.000,0.000,0.000,0.000,False,False,_J,South Eastern,
SEE-SWT01,2__JSWEB000,,,EDF Energy Customers Limited,G,True,SWEB Default BMUid SEEB,LENCO,-2.000,0.000,C,0.0130857,-0.619,-0.562,0.000,0.000,False,False,_J,South Eastern,
SEE-SYM01,2__JSYMB000,,,E.ON Next Energy Ltd,G,True,2__JSYMB000,NITTWO01,0.000,0.000,C,0.0158121,0.000,0.000,0.000,0.000,False,False,_J,South Eastern,
SEE-TFE01,2__JTGPL000,,,TotalEnergies Gas & Power Ltd,G,True,2__JTGPL000,TFEGP,-174.707,56.000,C,0.0130857,-115.481,-107.165,37.016,34.350,False,False,_J,South Eastern,
SEE-TIL01,2__JTILL000,,,British Gas Trading Ltd,G,True,2__JTILL000,BRITGAS,-344.268,0.000,C,0.0130857,-160.980,-171.962,0.000,0.000,False,False,_J,South Eastern,
SEE-VTF01,2__JVETS000,,,Vattenfall Energy Trading,G,True,VTS_GSP_J_009,VTS,-3.500,148.000,C,0.0130857,-1.420,-1.245,60.058,52.658,False,False,_J,South Eastern,
SEE-YEP01,2__JYELG000,,,npower limited,G,True,_J  Default BM SEEBOARD,YE,0.000,0.000,C,0.0140482,0.000,0.000,0.000,0.000,False,False,_J,South Eastern,
SEEL-1,T_SEEL-1,48W000000SEEL-18,OCGT,Spalding Energy Expansion Ltd,T,True,Spalding Energy Expansion Ltd,SPALDI,-10.000,300.000,P,0.0092272,-4.000,-4.000,120.000,120.000,True,False,,,
SEVIU-1,E_SEVINGTN,,,UK Power Reserve Limited,E,True,Sevington District Energy,UKPR,0.000,10.300,C,0.0130857,0.000,0.000,4.120,4.120,True,False,_J,South Eastern,
SFERD-1,T_STFERGD-1,,,SSE Energy Supply Limited,T,True,St. Fergus Mobil,SSE,-8.600,0.000,C,-0.0304534,-5.255,-5.255,0.000,0.000,False,False,,,
SFGSD-1,T_SFGSD-1,,,ENGIE Power Limited,T,False,St Fergus Compressor,RWETDL,-28.000,0.000,C,-0.0304534,-0.263,-0.263,0.000,0.000,False,False,,,
SFGSD-2,T_SFGSD-2,,,ENGIE Power Limited,T,False,St Fergus Compressor,RWETDL,-28.000,0.000,C,-0.0304534,-0.510,-0.510,0.000,0.000,False,False,,,
SFIL-1,,48W000000SFIL-1J,NPSHYD,,,,,,,,,,,,,,False,False,,,
SFILD-1,T_SFILD-1,,,SSE Generation Ltd,T,False,St. Fillans Station Demand,SSEGEN,-0.066,0.000,C,-0.0304534,-0.024,-0.024,0.000,0.000,False,False,,,
SGRWO-1,T_SGRWO-1,48W00000SGRWO-1L,WIND,Seagreen Wind Energy Limited,T,True,Seagreen1 Offshore WF 1,SWEL001,-4.300,358.000,P,-0.0304534,-1.720,-1.720,143.200,143.200,True,False,,,
SGRWO-2,T_SGRWO-2,48W00000SGRWO-2J,WIND,Seagreen Wind Energy Limited,T,True,Seagreen1 Offshore WF 2,SWEL001,-2.640,220.000,P,-0.0304534,-1.056,-1.056,88.000,88.000,True,False,,,
SGRWO-3,T_SGRWO-3,48W00000SGRWO-3H,WIND,Seagreen Wind Energy Limited,T,True,Seagreen1 Offshore WF 3,SWEL001,-4.430,374.618,P,-0.0304534,-1.772,-1.772,149.847,149.847,True,False,,,
SGRWO-4,T_SGRWO-4,48W00000SGRWO-4F,WIND,Seagreen Wind Energy Limited,T,True,Seagreen1 Offshore WF 4,SWEL001,-2.600,140.000,P,-0.0304534,-1.040,-1.040,56.000,56.000,True,False,,,
SGRWO-5,T_SGRWO-5,48W00000SGRWO-5D,WIND,Seagreen Wind Energy Limited,T,True,Seagreen1 Offshore WF 5,SWEL001,-3.420,300.000,P,-0.0304534,-1.368,-1.368,120.000,120.000,True,False,,,
SGRWO-6,T_SGRWO-6,48W00000SGRWO-6B,WIND,Seagreen Wind Energy Limited,T,True,Seagreen1 Offshore WF 6,SWEL001,-5.600,380.000,P,-0.0304534,-2.240,-2.240,152.000,152.000,True,False,,,
SHBA-1,T_SHBA-1,48W000000SHBA-1C,CCGT,EP UK INVESTMENTS LIMITED,T,True,SOUTH HUMBER BANK P/S PHASE 1,EPUKI,-10.000,821.400,P,-0.0042872,-4.000,-4.000,328.560,328.560,True,False,,,
SHBA-2,T_SHBA-2,48W000000SHBA-2A,CCGT,EP UK INVESTMENTS LIMITED,T,True,SOUTH HUMBER BANK P/S PHASE 2,EPUKI,-10.000,580.000,P,-0.0042872,-4.000,-4.000,232.000,232.000,True,False,,,
SHILB-1,E_SHILB-1,,OTHER,Octopus Energy Trading Limited,E,True,Shilton Lane BESS,COPPER,-40.000,40.000,C,-0.0099306,-16.000,-16.000,16.000,16.000,True,False,_N,South Scotland,
SHIN-1,,48W100000SHIN-1N,NPSHYD,,,,,,,,,,,,,,False,False,,,
SHIN-2,,48W000000SHIN-2Y,NPSHYD,,,,,,,,,,,,,,False,False,,,
SHOS-1,E_SHOS-1,48W000000SHOS-1N,CCGT,VPI Power Limited,E,True,Shoreham Power Station,SPGEN01,-16.000,460.000,P,0.0130857,-6.400,-6.400,184.000,184.000,True,False,_J,South Eastern,
SHRSO-1,T_SHRSW-1,48W00000SHRSO-1Y,WIND,Scira Offshore Energy Limited,T,True,Sheringham Shoal Unit 1,SCIRA,-1.100,158.400,P,0.0083094,-0.440,-0.440,63.360,63.360,True,False,,,
SHRSO-2,T_SHRSW-2,48W00000SHRSO-2W,WIND,Scira Offshore Energy Limited,T,True,Sheringham Shoal Unit 2,SCIRA,-1.100,158.400,P,0.0083094,-0.440,-0.440,63.360,63.360,True,False,,,
SIMEC-1,,,BIOMASS,,,,,,,,,,,,,,False,False,,,
SIZB-1,T_SIZB-1,48W000000SIZB-1U,NUCLEAR,EDF Energy Nuclear Generation,T,True,Sizewell B Genrator 1,BEGL001,-20.000,656.920,P,0.0083094,-8.000,-8.000,262.768,262.768,True,False,,,
SIZB-2,T_SIZB-2,48W000000SIZB-2S,NUCLEAR,EDF Energy Nuclear Generation,T,True,Sizewell B Genrator 2,BEGL001,-20.000,630.000,P,0.0083094,-8.000,-8.000,252.000,252.000,True,False,,,
SKELB-1,E_SKELB-1,,,Tesla Motors Limited,E,True,Skelmersdale Battery,TESLA,-50.642,49.900,P,-0.0050170,-20.257,-20.257,19.960,19.960,True,False,_G,North Western,
SLOY-1,M_SLOY-1,48W000000SLOY-1C,NPSHYD,SSE Generation Ltd,T,True,Sloy G1,SSEGEN,-0.118,50.000,P,-0.0304534,-0.047,-0.047,20.000,20.000,True,False,,,
SLOY-2,T_SLOY-2,48W000000SLOY-2A,NPSHYD,SSE Generation Ltd,T,True,Sloy G2,SSEGEN,-0.022,41.000,P,-0.0304534,-0.009,-0.009,16.400,16.400,True,False,,,
SLOY-3,T_SLOY-3,48W000000SLOY-38,NPSHYD,SSE Generation Ltd,T,True,Sloy G3,SSEGEN,-0.038,41.460,P,-0.0304534,-0.015,-0.015,16.584,16.584,True,False,,,
SLOY-4,M_SLOY-4,48W000000SLOY-46,NPSHYD,SSE Generation Ltd,T,True,Sloy G4,SSEGEN,-0.020,40.000,P,-0.0304534,-0.008,-0.008,16.000,16.000,True,False,,,
SLOYD-1,T_SLOYD-1,,,SSE Generation Ltd,T,False,Sloy Station Demand,SSEGEN,-1.000,0.000,C,-0.0304534,-0.274,-0.274,0.000,0.000,False,False,,,
SOFOW-11,,,WIND,,,,,,,,,,,,,,False,False,,,
SOFOW-12,,,WIND,,,,,,,,,,,,,,False,False,,,
SOFOW-21,,,WIND,,,,,,,,,,,,,,False,False,,,
SOFOW-22,,,WIND,,,,,,,,,,,,,,False,False,,,
SOFWO-11,T_SOFOW-11,,WIND,Sofia Offshore Wind Farm Ltd,T,True,Sofia Offshore Wind BMU 1,SOFIA,-15.000,457.000,P,-0.0105171,-6.000,-6.000,182.800,182.800,True,False,,,
SOFWO-12,T_SOFOW-12,,WIND,Sofia Offshore Wind Farm Ltd,T,True,Sofia Offshore Wind BMU 2,SOFIA,-15.000,457.000,P,-0.0105171,-6.000,-6.000,182.800,182.800,True,False,,,
SOFWO-21,T_SOFOW-21,,WIND,Sofia Offshore Wind Farm Ltd,T,True,Sofia Offshore Wind BMU 3,SOFIA,-15.000,457.000,P,-0.0105171,-6.000,-6.000,182.800,182.800,True,False,,,
SOFWO-22,T_SOFOW-22,,WIND,Sofia Offshore Wind Farm Ltd,T,True,Sofia Offshore Wind BMU 4,SOFIA,-15.000,457.000,P,-0.0105171,-6.000,-6.000,182.800,182.800,True,False,,,
SOKYW-1,T_SOKYW-1,,WIND,South Kyle Wind Farm Limited,T,True,South Kyle Wind Farm,GBSKYL,-2.000,426.916,P,-0.0099306,-0.800,-0.800,170.766,170.766,True,False,,,
SOLUU-1,E_SOLUTIA,,,UK Power Reserve Limited,E,True,Solutia Power Station,UKPR,0.000,15.800,C,0.0164211,0.000,0.000,6.320,6.320,True,False,_K,South Wales,
SPEY-1,,,BIOMASS,,,,,,,,,,,,,,False,False,,,
SPLN-1,T_SPLN-1,48W000000SPLN-1A,CCGT,Spalding Energy Company Ltd,T,True,Spalding Power Station,SPAL,-10.000,950.000,P,0.0092272,-4.000,-4.000,380.000,380.000,True,False,,,
SSC-ATL01,2__NIMPO000,,,SSE Energy Supply Limited,G,True,IMPO South Scotland,SSE,-168.240,81.000,C,-0.0099306,-78.989,-61.323,38.030,29.525,False,False,_N,South Scotland,
SSC-AXPO1,2__NAXPO000,,,AXPO UK LIMITED,G,False,2__NAXPO000,EGLUK,-24.000,90.000,C,-0.0099306,20.563,17.983,-77.112,-67.437,False,False,_N,South Scotland,
SSC-BGS01,2__NBGAS000,,,British Gas Trading Ltd,G,True,2__NBGAS000,BRITGAS,-1.528,1.663,C,-0.0099306,-0.125,-0.202,0.137,0.220,False,False,_N,South Scotland,
SSC-BIZ01,2__NBIZZ000,,,British Gas Trading Ltd,G,True,2__NBIZZ000,BRITGAS,-30.000,4.000,C,-0.0099306,-13.725,-10.686,1.830,1.425,False,False,_N,South Scotland,
SSC-ECO01,2__NECON000,,,E.ON Energy Solutions Limited,G,True,2__NECON000,PGENERGY,0.000,0.000,C,-0.0070039,0.000,0.000,0.000,0.000,False,False,_N,SOUTH of SCOTLAND GSP,
SSC-EDF01,2__NEDFE000,,,EDF Energy Customers Limited,G,True,EDFE_South Scotland,LENCO,-96.666,0.000,C,-0.0099306,-52.818,-52.548,0.000,0.000,False,False,_N,South Scotland,
SSC-EDR01,2__NEDIR000,,,British Gas Trading Ltd,G,True,2__NEDIR000,BRITGAS,0.000,0.000,C,-0.0054721,0.000,0.000,0.000,0.000,False,False,_N,South Scotland,
SSC-ENR01,2__NENRD000,,,British Gas Trading Ltd,G,True,2__NENRD000,BRITGAS,-130.970,72.000,C,-0.0099306,-65.079,-48.118,35.777,26.453,False,False,_N,South Scotland,
SSC-EON01,2__NEOND000,,,E.ON Next Energy Ltd,G,True,2__NEOND000,NITTWO01,-132.000,2.000,C,-0.0099306,-72.864,-73.088,1.104,1.107,False,False,_N,South Scotland,
SSC-EST01,2__NEENG000,,,E.ON Energy Solutions Limited,G,True,2__NEENG000,PGENERGY,0.000,0.000,C,-0.0122412,0.000,0.000,0.000,0.000,False,False,_N,SOUTH of SCOTLAND GSP,
SSC-GDF01,2__NRWED000,,,ENGIE Power Limited,G,True,2__NRWED000,RWETDL,-44.000,230.000,C,-0.0099306,-14.018,-14.159,73.278,74.014,False,False,_N,South Scotland,
SSC-HPW01,2__NHPOW000,,,Drax Energy Solutions Limited,G,True,2__NHPOW000,HAVEN,-124.808,52.000,C,-0.0099306,-87.753,-74.847,36.561,31.184,False,False,_N,South Scotland,
SSC-HVN01,2__NHAVE000,,,Drax Energy Solutions Limited,G,True,2__NHAVE000,HAVEN,0.000,113.100,C,-0.0099306,0.000,0.000,23.751,23.751,False,False,_N,South Scotland,
SSC-INE01,2__NINDE000,,,npower limited,G,True,INDE Scottish Power,NEEB,-4.420,0.000,C,-0.0070039,-1.675,-1.218,0.000,0.000,False,False,_N,SOUTH of SCOTLAND GSP,
SSC-LON01,2__NLOND000,,,EDF Energy Customers Limited,G,True,Default LOND BMU for _N,LENCO,-467.421,38.472,C,-0.0099306,-239.553,-182.388,19.717,15.012,False,False,_N,South Scotland,
SSC-MID01,2__NMIDE000,,,Npower Limited,G,True,NPEC Scottish Power Area MIDE,NPOWER01,-1.100,0.000,C,-0.0070039,-0.579,-0.603,0.000,0.000,False,False,_N,SOUTH of SCOTLAND GSP,
SSC-MNW01,2__NMANW000,,,ScottishPower Energy Retail,G,True,2__NMANW000,SPSUP01,-0.100,0.000,C,-0.0099306,-0.020,-0.023,0.000,0.000,False,False,_N,South Scotland,
SSC-NEE01,2__NNEEB000,,,npower limited,G,True,Scottish Power,NEEB,-8.780,0.000,C,-0.0070039,-5.505,-5.263,0.000,0.000,False,False,_N,SOUTH of SCOTLAND GSP,
SSC-NPE01,2__NNATP000,,,Npower Commercial Gas Limited,G,True,NPEC Scottish Power Area NATP,NPOWER02,-162.000,114.000,C,-0.0099306,-67.522,-46.024,47.515,32.387,False,False,_N,South Scotland,
SSC-OCT01,2__NMRCY000,,,Octopus Energy Limited,G,True,2__NMRCY000,MERCURY,-272.206,348.600,C,-0.0099306,-128.753,-138.362,164.888,177.193,False,False,_N,South Scotland,
SSC-OGA01,2__NOGAS000,,,British Gas Trading Ltd,G,True,2__NOGAS000,BRITGAS,0.000,0.000,C,-0.0066390,0.000,0.000,0.000,0.000,False,False,_N,South Scotland,
SSC-OVO01,2__NOVOE000,,,OVO Electricity Ltd,G,False,2__NOVOE000,OVOE,-109.800,0.000,C,-0.0099306,-46.698,-51.990,0.000,0.000,False,False,_N,South Scotland,
SSC-PGE01,2__NEMEB000,,,E.ON Energy Solutions Limited,G,True,2__NEMEB000,PGENERGY,0.000,0.000,C,-0.0099306,0.000,0.000,0.000,0.000,False,False,_N,South Scotland,
SSC-PGU01,2__NPGEN000,,,E.ON UK LTD,G,True,2__NPGEN000,POWERGEN,0.000,0.000,C,-0.0099306,0.000,0.000,0.000,0.000,False,False,_N,South Scotland,
SSC-SEE01,2__NSEEB000,,,EDF Energy Customers Limited,G,True,Default SEEB BMU for _N,LENCO,-2.000,0.000,C,-0.0099306,-1.089,-0.843,0.000,0.000,False,False,_N,South Scotland,
SSC-SEL01,2__NSMAR000,,,Smartestenergy Limited,G,True,2__NSMAR000,SMARTEST,-95.101,0.000,C,-0.0099306,-64.583,-51.982,0.000,0.000,False,False,_N,South Scotland,
SSC-SPC01,2__NSPOW000,,,ScottishPower Energy Retail,G,True,2__NSPOW000,SPSUP01,-383.000,52.000,C,-0.0099306,-155.843,-169.056,21.159,22.953,False,False,_N,South Scotland,
SSC-SSE01,2__NHYDE000,,,OVO Electricity Ltd,G,True,HYDE South Scotland,OVOE,0.000,0.000,C,-0.0054721,0.000,0.000,0.000,0.000,False,False,_N,South Scotland,
SSC-STH01,2__NSOUT000,,,OVO Electricity Ltd,G,True,SOUT South Scotland,OVOE,0.000,0.000,C,-0.0119196,0.000,0.000,0.000,0.000,False,False,_N,South Scotland,
SSC-SWA01,2__NSWAE000,,,OVO Electricity Ltd,G,False,SWAE South Scotland,OVOE,0.000,0.000,C,-0.0054721,0.000,0.000,0.000,0.000,False,False,_N,South Scotland,
SSC-SWT01,2__NSWEB000,,,EDF Energy Customers Limited,G,True,Default SWEB BMU for _N,LENCO,0.000,0.000,C,-0.0099306,0.000,0.000,0.000,0.000,False,False,_N,South Scotland,
SSC-SYM01,2__NSYMB000,,,E.ON Next Energy Ltd,G,True,2__NSYMB000,NITTWO01,0.000,0.000,C,-0.0107880,0.000,0.000,0.000,0.000,False,False,_N,SOUTH of SCOTLAND GSP,
SSC-TFE01,2__NTGPL000,,,TotalEnergies Gas & Power Ltd,G,False,2__NTGPL000,TFEGP,-135.331,4.000,C,-0.0099306,-85.191,-73.079,2.518,2.160,False,False,_N,South Scotland,
SSC-TIL01,2__NTILL000,,,British Gas Trading Ltd,G,True,2__NTILL000,BRITGAS,-329.239,0.000,C,-0.0099306,-159.878,-171.830,0.000,0.000,False,False,_N,South Scotland,
SSC-YEP01,2__NYELG000,,,npower limited,G,True,_N Default BM Scottish Power,YE,0.000,0.000,C,-0.0070039,0.000,0.000,0.000,0.000,False,False,_N,SOUTH of SCOTLAND GSP,
STALB-1,E_STALB-1,,,KXP Immingham Ltd,E,True,KXP Immingham BESS,KXPIMM,-83.066,80.844,C,-0.0042872,-1.719,-1.719,1.673,1.673,False,False,_M,Yorkshire,
STAY-1,T_STAY-1,48W000000STAY-1Y,CCGT,RWE Generation UK plc,T,True,Staythorpe Unit 1,INNOGY01,-15.000,464.000,P,0.0092272,-6.000,-6.000,185.600,185.600,True,False,,,
STAY-2,T_STAY-2,48W000000STAY-2W,CCGT,RWE Generation UK plc,T,True,Staythorpe Unit 2,INNOGY01,-15.000,464.000,P,0.0092272,-6.000,-6.000,185.600,185.600,True,False,,,
STAY-3,T_STAY-3,48W000000STAY-3U,CCGT,RWE Generation UK plc,T,True,Staythorpe Unit 3,INNOGY01,-15.000,464.000,P,0.0092272,-6.000,-6.000,185.600,185.600,True,False,,,
STAY-4,T_STAY-4,48W000000STAY-4S,CCGT,RWE Generation UK plc,T,True,Staythorpe Unit 4,INNOGY01,-15.000,464.000,P,0.0092272,-6.000,-6.000,185.600,185.600,True,False,,,
STCR-1,,48W000000STCR-1F,BIOMASS,,,,,,,,,,,,,,False,False,,,
STH-ATL01,2__HIMPO000,,,SSE Energy Supply Limited,G,True,2__HIMPO000,SSE,-242.762,0.000,C,0.0213863,-154.202,-133.640,0.000,0.000,False,False,_H,Southern,
STH-AXPO1,2__HAXPO000,,,AXPO UK LIMITED,G,False,2__HAXPO000,EGLUK,-42.000,75.000,C,0.0213863,6.447,8.694,-11.513,-15.525,False,False,_H,Southern,
STH-BGS01,2__HBGAS000,,,British Gas Trading Ltd,G,True,2__HBGAS000,BRITGAS,-2.664,4.951,C,0.0213863,-0.451,-0.328,0.839,0.609,False,False,_H,Southern,
STH-BIZ01,2__HBIZZ000,,,British Gas Trading Ltd,G,True,2__HBIZZ000,BRITGAS,-68.000,0.000,C,0.0213863,-31.600,-25.371,0.000,0.000,False,False,_H,Southern,
STH-EAS01,2__HEELC000,,,E.ON Energy Solutions Limited,G,True,2__HEELC000,PGENERGY,0.000,0.000,C,0.0208273,0.000,0.000,0.000,0.000,False,False,_H,Southern,
STH-EDF01,2__HEDFE000,,,EDF Energy Customers Limited,G,True,EDFE_Southern,LENCO,-160.000,0.000,C,0.0213863,-85.760,-86.304,0.000,0.000,False,False,_H,Southern,
STH-EDR01,2__HEDIR000,,,British Gas Trading Ltd,G,True,2__HEDIR000,BRITGAS,0.000,0.000,C,0.0164654,0.000,0.000,0.000,0.000,False,False,_H,Southern,
STH-ENR01,2__HENRD000,,,British Gas Trading Ltd,G,True,2__HENRD000,BRITGAS,-216.134,8.000,C,0.0213863,-114.875,-84.703,4.252,3.135,False,False,_H,Southern,
STH-EON01,2__HEOND000,,,E.ON Next Energy Ltd,G,True,2__HEOND000,NITTWO01,-246.000,2.000,C,0.0213863,-127.108,-128.683,1.033,1.046,False,False,_H,Southern,
STH-EST01,2__HEENG000,,,E.ON Energy Solutions Limited,G,True,2__HEENG000,PGENERGY,0.000,0.000,C,0.0173987,0.000,0.000,0.000,0.000,False,False,_H,Southern,
STH-GDF01,2__HRWED000,,,ENGIE Power Limited,G,True,2__HRWED000,RWETDL,-136.387,42.000,C,0.0213863,-85.446,-74.372,26.313,22.903,False,False,_H,Southern,
STH-HPW01,2__HHPOW000,,,Drax Energy Solutions Limited,G,True,2__HHPOW000,HAVEN,-301.003,38.000,C,0.0213863,-257.688,-246.070,32.532,31.065,False,False,_H,Southern,
STH-HVN01,2__HHAVE000,,,Drax Energy Solutions Limited,G,True,2__HHAVE000,HAVEN,0.000,61.120,C,0.0213863,0.000,0.000,12.835,12.835,False,False,_H,Southern,
STH-INE01,2__HINDE000,,,npower limited,G,True,INDE SOUTHERN,NEEB,-11.860,0.000,C,0.0178854,-5.699,-4.859,0.000,0.000,False,False,_H,Southern,
STH-LON01,2__HLOND000,,,EDF Energy Customers Limited,G,True,LE Default BMUid SOUT,LENCO,-530.000,0.000,C,0.0213863,-352.450,-291.712,0.000,0.000,False,False,_H,Southern,
STH-MEC01,2__HNUCE000,,,NDA,G,False,2__HNUCE000,MAGNOX,0.000,0.000,C,0.0213863,0.000,0.000,0.000,0.000,False,False,_H,Southern,
STH-MID01,2__HMIDE000,,,Npower Limited,G,True,NPEC Southern Area MIDE,NPOWER01,-2.480,0.000,C,0.0178854,-1.360,-1.425,0.000,0.000,False,False,_H,Southern,
STH-MNW01,2__HMANW000,,,ScottishPower Energy Retail,G,False,2__HMANW000,SPSUP01,-0.100,0.000,C,0.0213863,-0.010,-0.009,0.000,0.000,False,False,_H,Southern,
STH-NEE01,2__HNEEB000,,,npower limited,G,True,2__HNEEB000,NEEB,-16.700,0.000,C,0.0178854,-10.271,-10.139,0.000,0.000,False,False,_H,Southern,
STH-NPE01,2__HNATP000,,,Npower Commercial Gas Limited,G,True,NPEC Southern Area NATP,NPOWER02,-264.000,80.000,C,0.0213863,-172.445,-141.451,52.256,42.864,False,False,_H,Southern,
STH-NWP01,2__HNORW000,,,E.ON Energy Solutions Limited,G,True,2__HNORW000,PGENERGY,0.000,0.000,C,0.0135383,0.000,0.000,0.000,0.000,False,False,_H,Southern,
STH-OCT01,2__HMRCY000,,,Octopus Energy Limited,G,True,2__HMRCY000,MERCURY,-537.509,835.800,C,0.0213863,-254.726,-270.905,396.086,421.243,False,False,_H,Southern,
STH-OGA01,2__HOGAS000,,,British Gas Trading Ltd,G,True,2__HOGAS000,BRITGAS,0.000,0.000,C,0.0154722,0.000,0.000,0.000,0.000,False,False,_H,Southern,
STH-OVO01,2__HOVOE000,,,OVO Electricity Ltd,G,False,2__HOVOE000,OVOE,-473.600,0.000,C,0.0213863,-227.565,-245.940,0.000,0.000,False,False,_H,Southern,
STH-PGE01,2__HEMEB000,,,E.ON Energy Solutions Limited,G,True,2__HEMEB000,PGENERGY,0.000,0.000,C,0.0213863,0.000,0.000,0.000,0.000,False,False,_H,Southern,
STH-PGU01,2__HPGEN000,,,E.ON UK LTD,G,True,2__HPGEN000,POWERGEN,0.000,0.000,C,0.0213863,0.000,0.000,0.000,0.000,False,False,_H,Southern,
STH-RNW01,2__HRENC000,,,ECOTRICITY LIMITED,G,False,2__HRENC000,RENC,0.000,0.000,C,0.0213863,0.000,0.000,0.000,0.000,False,False,_H,Southern,
STH-SEE01,2__HSEEB000,,,EDF Energy Customers Limited,G,True,2__HSEEB000,LENCO,-2.000,0.000,C,0.0213863,-1.006,-0.738,0.000,0.000,False,False,_H,Southern,
STH-SEL01,2__HSMAR000,,,Smartestenergy Limited,G,True,2__HSMAR000,SMARTEST,-335.036,0.000,C,0.0213863,-284.479,-256.068,0.000,0.000,False,False,_H,Southern,
STH-SPC01,2__HSPOW000,,,ScottishPower Energy Retail,G,True,2__HSPOW000,SPSUP01,-221.811,0.000,C,0.0213863,-114.721,-117.538,0.000,0.000,False,False,_H,Southern,
STH-SSE01,2__HHYDE000,,,OVO Electricity Ltd,G,True,SSE SBMU1 - Southern GSPG,OVOE,0.000,0.000,C,0.0164654,0.000,0.000,0.000,0.000,False,False,_H,Southern,
STH-STH01,2__HSOUT000,,,OVO Electricity Ltd,G,True,SE SBMU1 - Southern GSPG,OVOE,-2.480,0.000,C,0.0160652,-0.948,-0.847,0.000,0.000,False,False,_H,Southern,
STH-SWA01,2__HSWAE000,,,OVO Electricity Ltd,G,True,SWA SBMU1 - Southern GSPG,OVOE,0.000,0.000,C,0.0164654,0.000,0.000,0.000,0.000,False,False,_H,Southern,
STH-SWT01,2__HSWEB000,,,EDF Energy Customers Limited,G,True,SWEB Default BMUid SOUT,LENCO,0.000,0.000,C,0.0213863,0.000,0.000,0.000,0.000,False,False,_H,Southern,
STH-SYM01,2__HSYMB000,,,E.ON Next Energy Ltd,G,True,2__HSYMB000,NITTWO01,0.000,0.000,C,0.0250176,0.000,0.000,0.000,0.000,False,False,_H,Southern,
STH-TFE01,2__HTGPL000,,,TotalEnergies Gas & Power Ltd,G,True,2__HTGPL000,TFEGP,-257.229,912.530,C,0.0213863,-122.930,-105.310,436.098,373.590,False,False,_H,Southern,
STH-TIL01,2__HTILL000,,,British Gas Trading Ltd,G,True,2__HTILL000,BRITGAS,-417.067,0.000,C,0.0213863,-197.398,-210.953,0.000,0.000,False,False,_H,Southern,
STH-YEP01,2__HYELG000,,,npower limited,G,True,_H  Default BM Southern,YE,-0.020,0.000,C,0.0178854,-0.011,-0.011,0.000,0.000,False,False,_H,Southern,
STLGW-1,T_STLGW-1,48W00000STLGW-1E,WIND,Stronelairg Windfarm Limited,T,True,Stronelairg Windfarm 1,STLG,-2.756,108.000,P,-0.0304534,-1.102,-1.102,43.200,43.200,True,False,,,
STLGW-2,T_STLGW-2,48W00000STLGW-2C,WIND,Stronelairg Windfarm Limited,T,True,Stronelairg Windfarm 2,STLG,-2.000,108.000,P,-0.0304534,-0.800,-0.800,43.200,43.200,True,False,,,
STLGW-3,T_STLGW-3,48W00000STLGW-3A,WIND,Stronelairg Windfarm Limited,T,True,Stronelairg Windfarm 3,STLG,-3.316,108.000,P,-0.0304534,-1.326,-1.326,43.200,43.200,True,False,,,
STPSW-1,,,WIND,,,,,,,,,,,,,,False,False,,,
STRHW-1,E_STRHW-1,48X000000000433Q,WIND,ENGIE Power Limited,E,True,Strathrory Wind Farm,RWETDL,-0.500,36.667,C,-0.0304534,-0.200,-0.200,14.667,14.667,True,False,_P,North Scotland,
STRNW-1,T_STRNW-1,48W00000STRNW-1H,WIND,Strathy Wind Farm Limited,T,True,Strathy North Wind Farm 1,STRTHWFL,-1.200,70.000,P,-0.0304534,-0.480,-0.480,28.000,28.000,True,False,,,
STSDB-1,2__PLOND003,,,EDF Energy Customers Limited,S,True,Suttieside BESS,LENCO,-22.000,22.000,C,-0.0304534,-8.505,-7.795,8.505,7.795,False,False,_P,North Scotland,
SUDME-1,E_SUDME-1,,,Conrad Energy (Trading) Ltd,E,True,Sudmeadow,CONRAD,-1.100,40.000,C,0.0163921,-0.440,-0.440,16.000,16.000,True,False,_E,Midlands,
SUNDB-1,T_SUNDB-1,,OTHER,Pivoted Power LLP,T,True,SUNDON BESS,PIVOT,-57.000,50.246,C,0.0083094,-22.800,-22.800,20.098,20.098,True,False,,,
SUTB-1,T_SUTB-1,48W000000SUTB-1P,CCGT,SUTTON BRIDGE POWER GENERATION,T,True,BMUid for Sutton Bridge Power,SUTTBRGE,-8.000,850.000,P,0.0083094,-3.200,-3.200,340.000,340.000,True,False,,,
SUTBS-1,T_SUTBS-1,48W00000SUTBS-10,OTHER,EDF Energy Customers Limited,T,True,Sutton Bridge Solar Farm,LENCO,-2.000,49.419,C,0.0083094,-0.800,-0.800,19.768,19.768,True,False,,,
SVRP-10,T_SVRP-10,48W00000SVRP-10A,CCGT,Severn Power Limited,T,True,Dong Energy Severn Power Ut 10,DONGSVR,-9.000,425.000,P,0.0164211,-3.600,-3.600,170.000,170.000,True,False,,,
SVRP-20,T_SVRP-20,48W00000SVRP-207,CCGT,Severn Power Limited,T,True,Dong Energy Severn Power Ut 20,DONGSVR,-9.000,425.000,P,0.0164211,-3.600,-3.600,170.000,170.000,True,False,,,
SWA-ATL01,2__KIMPO000,,,SSE Energy Supply Limited,G,True,2__KIMPO000,SSE,-53.400,0.000,C,0.0164211,-32.804,-26.241,0.000,0.000,False,False,_K,South Wales,
SWA-AXPO1,2__KAXPO000,,,AXPO UK LIMITED,G,False,2__KAXPO000,EGLUK,-50.000,3.000,C,0.0164211,-26.220,-29.025,1.573,1.742,False,False,_K,South Wales,
SWA-BGS01,2__KBGAS000,,,British Gas Trading Ltd,G,True,2__KBGAS000,BRITGAS,-0.782,1.973,C,0.0164211,-0.156,-0.118,0.393,0.299,False,False,_K,South Wales,
SWA-BIZ01,2__KBIZZ000,,,British Gas Trading Ltd,G,True,2__KBIZZ000,BRITGAS,-30.000,4.000,C,0.0164211,-15.243,-12.384,2.032,1.651,False,False,_K,South Wales,
SWA-EAS01,2__KEELC000,,,E.ON Energy Solutions Limited,G,True,2__KEELC000,PGENERGY,0.000,0.000,C,0.0055696,0.000,0.000,0.000,0.000,False,False,_K,South Wales,
SWA-EDF01,2__KEDFE000,,,EDF Energy Customers Limited,G,True,EDFE_South Wales,LENCO,-56.000,0.000,C,0.0164211,-30.957,-30.918,0.000,0.000,False,False,_K,South Wales,
SWA-EDR01,2__KEDIR000,,,British Gas Trading Ltd,G,True,2__KEDIR000,BRITGAS,0.000,0.000,C,0.0145931,0.000,0.000,0.000,0.000,False,False,_K,South Wales,
SWA-ENR01,2__KENRD000,,,British Gas Trading Ltd,G,True,2__KENRD000,BRITGAS,-56.130,40.000,C,0.0164211,-6.068,-16.014,4.324,11.412,False,False,_K,South Wales,
SWA-EON01,2__KEOND000,,,E.ON Next Energy Ltd,G,True,2__KEOND000,NITTWO01,-78.000,26.000,C,0.0164211,-39.546,-40.030,13.182,13.343,False,False,_K,South Wales,
SWA-EST01,2__KEENG000,,,E.ON Energy Solutions Limited,G,True,2__KEENG000,PGENERGY,0.000,0.000,C,0.0058243,0.000,0.000,0.000,0.000,False,False,_K,South Wales,
SWA-GDF01,2__KRWED000,,,ENGIE Power Limited,G,True,2__KRWED000,RWETDL,-21.609,56.000,C,0.0164211,-2.092,-5.136,5.421,13.311,False,False,_K,South Wales,
SWA-HPW01,2__KHPOW000,,,Drax Energy Solutions Limited,G,True,2__KHPOW000,HAVEN,-121.955,5.500,C,0.0164211,-88.429,-74.490,3.988,3.359,False,False,_K,South Wales,
SWA-HVN01,2__KHAVE000,,,Drax Energy Solutions Limited,G,True,2__KHAVE000,HAVEN,0.000,99.220,C,0.0164211,0.000,0.000,20.836,20.836,False,False,_K,South Wales,
SWA-INE01,2__KINDE000,,,npower limited,G,True,INDE SWALEC,NEEB,-0.980,0.000,C,0.0124353,-0.292,-0.242,0.000,0.000,False,False,_K,South Wales,
SWA-LON01,2__KLOND000,,,EDF Energy Customers Limited,G,True,LE Default BMUid SWAE,LENCO,-180.000,36.000,C,0.0164211,-98.910,-76.500,19.782,15.300,False,False,_K,South Wales,
SWA-MEC01,2__KNUCE000,,,NDA,G,False,2__KNUCE000,MAGNOX,0.000,0.000,C,0.0164211,0.000,0.000,0.000,0.000,False,False,_K,South Wales,
SWA-MID01,2__KMIDE000,,,Npower Limited,G,True,NPEC South Wales Area MIDE,NPOWER01,-0.620,0.000,C,0.0124353,-0.345,-0.366,0.000,0.000,False,False,_K,South Wales,
SWA-MNW01,2__KMANW000,,,ScottishPower Energy Retail,G,True,2__KMANW000,SPSUP01,-2.400,0.000,C,0.0164211,-1.206,-1.302,0.000,0.000,False,False,_K,South Wales,
SWA-NEE01,2__KNEEB000,,,npower limited,G,True,2__KNEEB000,NEEB,-4.500,0.000,C,0.0124353,-2.893,-2.799,0.000,0.000,False,False,_K,South Wales,
SWA-NPE01,2__KNATP000,,,Npower Commercial Gas Limited,G,True,NPEC South Wales Area NATP,NPOWER02,-150.000,34.000,C,0.0164211,-110.580,-105.270,25.065,23.861,False,False,_K,South Wales,
SWA-NWP01,2__KNORW000,,,E.ON Energy Solutions Limited,G,True,2__KNORW000,PGENERGY,0.000,0.000,C,0.0070703,0.000,0.000,0.000,0.000,False,False,_K,South Wales,
SWA-OCT01,2__KMRCY000,,,Octopus Energy Limited,G,True,2__KMRCY000,MERCURY,-163.841,205.800,C,0.0164211,-75.236,-79.414,94.503,99.751,False,False,_K,South Wales,
SWA-OGA01,2__KOGAS000,,,British Gas Trading Ltd,G,True,2__KOGAS000,BRITGAS,0.000,0.000,C,0.0167661,0.000,0.000,0.000,0.000,False,False,_K,South Wales,
SWA-OVO01,2__KOVOE000,,,OVO Electricity Ltd,G,False,2__KOVOE000,OVOE,-179.000,0.960,C,0.0164211,-86.600,-94.297,0.464,0.506,False,False,_K,South Wales,
SWA-PGE01,2__KEMEB000,,,E.ON Energy Solutions Limited,G,True,2__KEMEB000,PGENERGY,0.000,0.000,C,0.0164211,0.000,0.000,0.000,0.000,False,False,_K,South Wales,
SWA-PGU01,2__KPGEN000,,,E.ON UK LTD,G,True,2__KPGEN000,POWERGEN,0.000,0.000,C,0.0164211,0.000,0.000,0.000,0.000,False,False,_K,South Wales,
SWA-RNW01,2__KRENC000,,,ECOTRICITY LIMITED,G,False,2__KRENC000,RENC,0.000,0.000,C,0.0164211,0.000,0.000,0.000,0.000,False,False,_K,South Wales,
SWA-SEE01,2__KSEEB000,,,EDF Energy Customers Limited,G,False,2__KSEEB000,LENCO,-2.000,0.000,C,0.0164211,-0.985,-0.725,0.000,0.000,False,False,_K,South Wales,
SWA-SEL01,2__KSMAR000,,,Smartestenergy Limited,G,True,2__KSMAR000,SMARTEST,-50.673,0.000,C,0.0164211,-39.332,-32.958,0.000,0.000,False,False,_K,South Wales,
SWA-SPC01,2__KSPOW000,,,ScottishPower Energy Retail,G,True,2__KSPOW000,SPSUP01,-41.400,0.000,C,0.0164211,-22.874,-23.138,0.000,0.000,False,False,_K,South Wales,
SWA-SSE01,2__KHYDE000,,,OVO Electricity Ltd,G,True,SSE SBMU1 - Swalec GSPG,OVOE,0.000,0.000,C,0.0145931,0.000,0.000,0.000,0.000,False,False,_K,South Wales,
SWA-STH01,2__KSOUT000,,,OVO Electricity Ltd,G,True,SE SBMU1 - Swalec GSPG,OVOE,0.000,0.000,C,0.0162928,0.000,0.000,0.000,0.000,False,False,_K,South Wales,
SWA-SWA01,2__KSWAE000,,,OVO Electricity Ltd,G,True,SWA SBMU1 - Swalec GSPG,OVOE,0.000,0.000,C,0.0145931,0.000,0.000,0.000,0.000,False,False,_K,South Wales,
SWA-SWT01,2__KSWEB000,,,EDF Energy Customers Limited,G,True,SWEB Default BMUid SWAE,LENCO,0.000,0.000,C,0.0164211,0.000,0.000,0.000,0.000,False,False,_K,South Wales,
SWA-SYM01,2__KSYMB000,,,E.ON Next Energy Ltd,G,True,2__KSYMB000,NITTWO01,0.000,0.000,C,0.0182911,0.000,0.000,0.000,0.000,False,False,_K,South Wales,
SWA-TFE01,2__KTGPL000,,,TotalEnergies Gas & Power Ltd,G,True,2__KTGPL000,TFEGP,-112.313,100.000,C,0.0164211,-75.778,-68.152,67.470,60.680,False,False,_K,South Wales,
SWA-TIL01,2__KTILL000,,,British Gas Trading Ltd,G,True,2__KTILL000,BRITGAS,-143.249,0.000,C,0.0164211,-71.539,-76.911,0.000,0.000,False,False,_K,South Wales,
SWA-UKP01,2__KUKPR000,,,UK Power Reserve Limited,G,True,UK_Power_Reserve_K,UKPR,0.000,66.000,C,0.0217596,0.000,0.000,16.500,16.500,False,False,_K,South Wales,
SWA-YEP01,2__KYELG000,,,npower limited,G,True,_K  Default BM SWALES,YE,0.000,0.000,C,0.0124353,0.000,0.000,0.000,0.000,False,False,_K,South Wales,
SWBKW-1,E_SWBKW-1,,WIND,Vattenfall Energy Trading,E,True,Solwaybank WF,VTS,0.000,34.000,C,-0.0099306,0.000,0.000,13.600,13.600,True,False,_N,South Scotland,
SWDNB-1,E_SWDNB-1,,,Conrad Energy (Trading) Ltd,E,False,Swindon,CONRAD,-19.794,19.000,C,0.0213863,-7.918,-7.918,7.600,7.600,False,False,_H,Southern,
SWGTB-1,2__MCMRO003,48W00000SWGTB-15,,BGI Trading Limited,S,True,2__MCMRO003,CAMARO,-50.000,50.000,C,-0.0042872,-0.190,-0.275,0.190,0.275,False,False,_M,Yorkshire,
SWT-ATL01,2__LIMPO000,,,SSE Energy Supply Limited,G,True,2__LIMPO000,SSE,-66.607,0.000,C,0.0228729,-45.586,-37.040,0.000,0.000,False,False,_L,South Western,
SWT-AXPO1,2__LAXPO000,,,AXPO UK LIMITED,G,False,2__LAXPO000,EGLUK,-10.000,30.000,C,0.0228729,2.435,5.611,-7.305,-16.833,False,False,_L,South Western,
SWT-BGS01,2__LBGAS000,,,British Gas Trading Ltd,G,True,2__LBGAS000,BRITGAS,-1.738,3.804,C,0.0228729,-0.309,-0.231,0.675,0.505,False,False,_L,South Western,
SWT-BIZ01,2__LBIZZ000,,,British Gas Trading Ltd,G,True,2__LBIZZ000,BRITGAS,-44.000,0.000,C,0.0228729,-22.304,-18.031,0.000,0.000,False,False,_L,South Western,
SWT-EAS01,2__LEELC000,,,E.ON Energy Solutions Limited,G,True,2__LEELC000,PGENERGY,0.000,0.000,C,0.0153557,0.000,0.000,0.000,0.000,False,False,_L,South Western,
SWT-EDF01,2__LEDFE000,,,EDF Energy Customers Limited,G,True,EDFE_South West,LENCO,-260.000,0.000,C,0.0228729,-138.632,-142.480,0.000,0.000,False,False,_L,South Western,
SWT-EDR01,2__LEDIR000,,,British Gas Trading Ltd,G,True,2__LEDIR000,BRITGAS,0.000,0.000,C,0.0177795,0.000,0.000,0.000,0.000,False,False,_L,South Western,
SWT-ENR01,2__LENRD000,,,British Gas Trading Ltd,G,True,2__LENRD000,BRITGAS,-95.674,24.000,C,0.0228729,-52.458,-39.169,13.159,9.826,False,False,_L,South Western,
SWT-EON01,2__LEOND000,,,E.ON Next Energy Ltd,G,True,2__LEOND000,NITTWO01,-130.000,2.000,C,0.0228729,-68.315,-69.030,1.051,1.062,False,False,_L,South Western,
SWT-EST01,2__LEENG000,,,E.ON Energy Solutions Limited,G,True,2__LEENG000,PGENERGY,0.000,0.000,C,0.0127198,0.000,0.000,0.000,0.000,False,False,_L,South Western,
SWT-GDF01,2__LRWED000,,,ENGIE Power Limited,G,True,2__LRWED000,RWETDL,-74.000,72.000,C,0.0228729,-12.099,-6.416,11.772,6.242,False,False,_L,South Western,
SWT-HPW01,2__LHPOW000,,,Drax Energy Solutions Limited,G,True,2__LHPOW000,HAVEN,-82.915,0.000,C,0.0228729,-64.267,-58.472,0.000,0.000,False,False,_L,South Western,
SWT-HVN01,2__LHAVE000,,,Drax Energy Solutions Limited,G,True,2__LHAVE000,HAVEN,0.000,29.720,C,0.0228729,0.000,0.000,6.241,6.241,False,False,_L,South Western,
SWT-INE01,2__LINDE000,,,npower limited,G,True,INDE SWEB,NEEB,-0.600,0.000,C,0.0179489,-0.294,-0.249,0.000,0.000,False,False,_L,South Western,
SWT-LON01,2__LLOND000,,,EDF Energy Customers Limited,G,True,LE Default BMUid SWEB,LENCO,-200.000,90.000,C,0.0228729,-128.620,-101.080,57.879,45.486,False,False,_L,South Western,
SWT-MEC01,2__LNUCE000,,,NDA,G,False,2__LNUCE000,MAGNOX,0.000,0.000,C,0.0228729,0.000,0.000,0.000,0.000,False,False,_L,South Western,
SWT-MID01,2__LMIDE000,,,Npower Limited,G,True,NPEC South Western Area MIDE,NPOWER01,-1.280,0.000,C,0.0179489,-0.675,-0.712,0.000,0.000,False,False,_L,South Western,
SWT-MNW01,2__LMANW000,,,ScottishPower Energy Retail,G,False,2__LMANW000,SPSUP01,0.000,0.000,C,0.0228729,0.000,0.000,0.000,0.000,False,False,_L,South Western,
SWT-NEE01,2__LNEEB000,,,npower limited,G,True,2__LNEEB000,NEEB,-7.920,0.000,C,0.0179489,-4.628,-4.524,0.000,0.000,False,False,_L,South Western,
SWT-NPE01,2__LNATP000,,,Npower Commercial Gas Limited,G,True,NPEC South Western Area NATP,NPOWER02,-110.000,32.000,C,0.0228729,-70.796,-53.933,20.595,15.690,False,False,_L,South Western,
SWT-NWP01,2__LNORW000,,,E.ON Energy Solutions Limited,G,True,2__LNORW000,PGENERGY,0.000,0.000,C,0.0116137,0.000,0.000,0.000,0.000,False,False,_L,South Western,
SWT-OCT01,2__LMRCY000,,,Octopus Energy Limited,G,True,2__LMRCY000,MERCURY,-282.109,387.520,C,0.0228729,-123.451,-131.576,169.579,180.739,False,False,_L,South Western,
SWT-OGA01,2__LOGAS000,,,British Gas Trading Ltd,G,True,2__LOGAS000,BRITGAS,0.000,0.000,C,0.0173142,0.000,0.000,0.000,0.000,False,False,_L,South Western,
SWT-OVO01,2__LOVOE000,,,OVO Electricity Ltd,G,False,2__LOVOE000,OVOE,-85.400,29.581,C,0.0228729,-33.306,-36.620,11.537,12.684,False,False,_L,South Western,
SWT-PGE01,2__LEMEB000,,,E.ON Energy Solutions Limited,G,True,2__LEMEB000,PGENERGY,0.000,0.000,C,0.0228729,0.000,0.000,0.000,0.000,False,False,_L,South Western,
SWT-PGU01,2__LPGEN000,,,E.ON UK LTD,G,True,2__LPGEN000,POWERGEN,0.000,0.000,C,0.0228729,0.000,0.000,0.000,0.000,False,False,_L,South Western,
SWT-RNW01,2__LRENC000,,,ECOTRICITY LIMITED,G,False,2__LRENC000,RENC,0.000,0.000,C,0.0228729,0.000,0.000,0.000,0.000,False,False,_L,South Western,
SWT-SEE01,2__LSEEB000,,,EDF Energy Customers Limited,G,True,2__LSEEB000,LENCO,-2.000,0.000,C,0.0228729,-1.084,-0.776,0.000,0.000,False,False,_L,South Western,
SWT-SEL01,2__LSMAR000,,,Smartestenergy Limited,G,True,2__LSMAR000,SMARTEST,-55.993,0.000,C,0.0228729,-39.772,-33.321,0.000,0.000,False,False,_L,South Western,
SWT-SPC01,2__LSPOW000,,,ScottishPower Energy Retail,G,True,2__LSPOW000,SPSUP01,-88.948,0.100,C,0.0228729,-43.389,-41.770,0.049,0.047,False,False,_L,South Western,
SWT-SSE01,2__LHYDE000,,,OVO Electricity Ltd,G,True,SSE SBMU1 - Sweb GSPG,OVOE,0.000,0.000,C,0.0177795,0.000,0.000,0.000,0.000,False,False,_L,South Western,
SWT-STH01,2__LSOUT000,,,OVO Electricity Ltd,G,True,SE SBMU1 - Sweb GSPG,OVOE,0.000,0.000,C,0.0181821,0.000,0.000,0.000,0.000,False,False,_L,South Western,
SWT-SWA01,2__LSWAE000,,,OVO Electricity Ltd,G,True,SWA SBMU1 - Sweb GSPG,OVOE,0.000,0.000,C,0.0177795,0.000,0.000,0.000,0.000,False,False,_L,South Western,
SWT-SWT01,2__LSWEB000,,,EDF Energy Customers Limited,G,True,SWEB Default BMUid SWEB,LENCO,-2.000,2.000,C,0.0228729,-1.213,-1.075,1.213,1.075,False,False,_L,South Western,
SWT-SYM01,2__LSYMB000,,,E.ON Next Energy Ltd,G,True,2__LSYMB000,NITTWO01,0.000,0.000,C,0.0298018,0.000,0.000,0.000,0.000,False,False,_L,South Western,
SWT-TFE01,2__LTGPL000,,,TotalEnergies Gas & Power Ltd,G,True,2__LTGPL000,TFEGP,-216.871,205.511,C,0.0228729,-85.230,-63.890,80.766,60.544,False,False,_L,South Western,
SWT-TIL01,2__LTILL000,,,British Gas Trading Ltd,G,True,2__LTILL000,BRITGAS,-234.365,0.000,C,0.0228729,-108.581,-116.573,0.000,0.000,False,False,_L,South Western,
SWT-YEP01,2__LYELG000,,,npower limited,G,True,_L  Default BM SWEB,YE,0.000,0.000,C,0.0179489,0.000,0.000,0.000,0.000,False,False,_L,South Western,
SZJNB-1,T_SZJNB-1,,,Arenko Cleantech Limited,T,True,Sizing John,AG,0.000,0.000,C,0.0024587,0.000,0.000,0.000,0.000,False,False,,,
T_FERGD-1,T_FERGD-1,,,EDF Energy Customers Limited,T,False,NR Ferguslie 1,LENCO,0.000,5.053,P,-0.0096992,0.000,0.000,1.034,1.034,False,False,,,
T_FERGD-2,T_FERGD-2,,,EDF Energy Customers Limited,T,False,NR Ferguslie 2,LENCO,0.000,2.303,P,-0.0096992,0.000,0.000,0.471,0.471,False,False,,,
T_HUMR-4,T_HUMR-4,,,VPI Immingham B Limited,T,True,T_HUMR-4,VPIB,-20.000,299.000,P,-0.0042872,-8.000,-8.000,119.600,119.600,True,False,,,
T_IRNAB-1,,,OTHER,,,,,,,,,,,,,,False,False,,,
TACHW-1,2__PSMAE003,,WIND,Smartestenergy Limited,S,True,CE Tacher Turbines Limited,SMARTEST,-0.300,12.900,C,-0.0304534,-0.116,-0.106,4.987,4.570,False,False,_P,North Scotland,
TANGW-1,,48W00000TANGW-1G,WIND,,,,,,,,,,,,,,False,False,,,
TAYL2G,E_TAYL2G,48W000000TAYL2GY,OCGT,Uniper UK Limited,E,True,E_TAYL2G,EECL,-2.300,72.000,P,0.0223978,-0.920,-0.920,28.800,28.800,True,False,_C,London,
TAYL3G,E_TAYL3G,48W000000TAYL3GV,OCGT,Uniper UK Limited,E,True,E_TAYL3G,EECL,-2.300,72.000,P,0.0223978,-0.920,-0.920,28.800,28.800,True,False,_C,London,
TDBNW-1,T_TDBNW-1,48W00000TDBNW-1W,WIND,SSE Generation Ltd,T,True,Toddleburn,SSEGEN,-1.000,31.600,P,-0.0099306,-0.400,-0.400,12.640,12.640,True,False,,,
TDRVE-1,E_TDRVE-1,,OTHER,Conrad Energy (Trading) Ltd,E,True,The Drove,CONRAD,-5.916,6.000,C,0.0228729,-2.366,-2.366,2.400,2.400,True,False,_L,South Western,
TEBWB-1,T_TEBWB-1,,,Arenko Cleantech Limited,T,True,Tebworth BESS Power Park,AG,-39.900,39.900,C,0.0083094,-0.555,-0.555,0.555,0.555,False,False,,,
TEBWS-1,T_TEBWS-1,,OTHER,Sundon Green Limited,T,True,Tebworth PV Power Park,SUNDONGR,-1.000,45.928,P,0.0083094,-0.400,-0.400,18.371,18.371,True,False,,,
THMRB-1,E_THMRB-1,,,Tesla Motors Limited,E,True,Thame Road  BESS,TESLA,-49.500,49.500,P,0.0083094,-19.800,-19.800,19.800,19.800,True,False,_A,Eastern,
THNTO-1,T_THNTO-1,,WIND,Thanet Offshore Wind Limited,T,True,Thanet Offshore Wind Limited 1,TOW,-3.000,287.699,P,0.0130857,-1.200,-1.200,115.080,115.080,True,False,,,
THNTO-2,T_THNTO-2,,WIND,Thanet Offshore Wind Limited,T,True,Thanet Offshore Wind Limited 2,TOW,-3.000,230.159,P,0.0130857,-1.200,-1.200,92.064,92.064,True,False,,,
THRNL-1,E_THRNL-1,,,Whitetower Energy Limited,E,True,THORNHILL PS,FDUN1,-6.000,50.000,P,-0.0042872,-2.400,-2.400,20.000,20.000,True,False,_M,Yorkshire,
THRSC-1,T_THRSC-1,,,Flexitricity Limited,T,True,Thurso,FLEXTRCY,-1.772,0.000,C,-0.0304534,-0.709,-0.709,0.000,0.000,True,False,,,
THUPG-1,T_THUPG-1,,OTHER,THURROCK POWER LIMITED,T,False,T_THUPG-1,THRKGAS,-4.300,180.000,P,0.0083094,-0.402,-0.402,16.848,16.848,False,False,,,
THUPG-2,T_THUPG-2,,OTHER,THURROCK POWER LIMITED,T,False,T_THUPG-2,THRKGAS,-4.300,170.000,P,0.0083094,-0.402,-0.402,15.912,15.912,False,False,,,
THUPG-3,T_THUPG-3,,OTHER,THURROCK POWER LIMITED,T,False,T_THUPG-3,THRKGAS,-4.300,100.000,P,0.0083094,-0.402,-0.402,9.360,9.360,False,False,,,
THURB-1,T_THURB-1,,OTHER,THURROCK STORAGE LIMITED,T,True,T_THURB-1,THRKBESS,-100.000,100.000,P,0.0083094,-40.000,-40.000,40.000,40.000,True,False,,,
THURB-2,T_THURB-2,,OTHER,THURROCK STORAGE LIMITED,T,True,T_THURB-2,THRKBESS,-100.000,100.000,P,0.0083094,-40.000,-40.000,40.000,40.000,True,False,,,
THURB-3,T_THURB-3,,OTHER,THURROCK STORAGE LIMITED,T,True,T_THURB-3,THRKBESS,-100.000,100.000,P,0.0083094,-40.000,-40.000,40.000,40.000,True,False,,,
TIBG-1,E_TGP1,,,ESBIG Trading Ltd,E,True,Tilbury Green Power One,ESBIGT,0.000,43.000,P,0.0083094,0.000,0.000,17.200,17.200,True,False,_A,Eastern,
TINSD-1,T_TINSD-1,,,Npower Commercial Gas Limited,T,True,T_TINSD-1,NPOWER02,-70.000,0.000,C,-0.0042872,-20.468,-20.468,0.000,0.000,False,False,,,
TKNEW-1,T_TKNEW-1,,WIND,Triton Knoll Offshore Wind,T,True,Triton Knoll OSP East 1,TKWFL,-6.621,412.000,P,0.0092272,-2.648,-2.648,164.800,164.800,True,False,,,
TKNWW-1,T_TKNWW-1,,WIND,Triton Knoll Offshore Wind,T,True,Triton Knoll OSP west 1,TKWFL,-6.509,412.000,P,0.0092272,-2.604,-2.604,164.800,164.800,True,False,,,
TLYMW-1,E_TLYMW-1,48W00000TLYMW-1S,WIND,EDF Energy Customers Limited,E,True,Tullymurdoch Wind Farm,LENCO,0.000,13.856,C,-0.0304534,0.000,0.000,5.542,5.542,True,False,_P,North Scotland,
TMNCW-1,C__PSTAT011,,WIND,Statkraft Markets Gmbh,S,True,C__PSTAT011-AAA-NAN-184,STATKRA1,0.000,40.000,C,-0.0304534,0.000,0.000,8.400,8.400,False,False,_P,North Scotland,
TMWLW-1,,,WIND,,,,,,,,,,,,,,False,False,,,
TODSD-1,T_TODSD-1,,,Drax Energy Solutions Limited,T,True,BS Tod Point Supply,HAVEN,-34.800,2.000,C,-0.0105171,-7.527,-7.527,0.433,0.433,False,False,,,
TOLLB-1,E_TOLLB-1,,,Tollgate Energy Storage Ltd,E,True,Tollgate Energy Storage,TOLL,-50.481,49.000,P,0.0083094,-20.192,-20.192,19.600,19.600,True,False,_A,Eastern,
TONG-1,,,NPSHYD,,,,,,,,,,,,,,False,False,,,
TONG-2,,,NPSHYD,,,,,,,,,,,,,,False,False,,,
TONG-3,,,NPSHYD,,,,,,,,,,,,,,False,False,,,
TORN-1,T_TORN-1,48W000000TORN-1G,NUCLEAR,EDF Energy Nuclear Generation,T,True,Torness Generator 1,BEGL001,-35.000,652.000,P,-0.0099306,-14.000,-14.000,260.800,260.800,True,False,,,
TORN-2,T_TORN-2,48W000000TORN-2E,NUCLEAR,EDF Energy Nuclear Generation,T,True,Torness Generator 2,BEGL001,-35.000,700.000,P,-0.0099306,-14.000,-14.000,280.000,280.000,True,False,,,
TORND-1,T_TORN-D,,,EDF Energy Nuclear Generation,T,True,Torness Station Demand,BEGL001,-70.000,0.000,P,-0.0099306,-28.000,-28.000,0.000,0.000,True,False,,,
TORQB-1,E_TORQB-1,,,Conrad Energy (Trading) Ltd,E,True,Torquay,CONRAD,-23.060,22.364,C,0.0228729,-9.224,-9.224,8.946,8.946,True,False,_L,South Western,
TRFPK-1,E_TRFPK-1,,,Conrad Energy (Trading) Ltd,E,True,Trafalgar Park,CONRAD,-1.100,14.000,C,0.0092272,-0.440,-0.440,5.600,5.600,True,False,_B,East Midlands,
TRLGW-1,T_TRLGW-1,,WIND,Smartestenergy Limited,T,True,T_TRLGW-1,SMARTEST,0.000,18.742,C,-0.0099306,0.000,0.000,7.497,7.497,True,False,,,
TRMFD-1,T__KYELT003,,,AXPO UK LIMITED,T,True,ASW tremorfa,EGLUK,-134.000,2.000,C,0.0164211,-64.802,-64.802,0.967,0.967,False,False,,,
TSREP-1,T_TSREP-1,48W00000TSREP-1F,BIOMASS,MGT TEESSIDE LTD.,T,True,MGT TEESIDE TEESREP MAIN,TEESREP,-45.000,285.000,P,-0.0105171,-18.000,-18.000,114.000,114.000,True,False,,,
TULWW-1,E_TULWW-1,48W00000TULWW-1U,WIND,Eneco Energy Trade,E,True,Tullo Windfarm,ENECOUK,-9.538,17.000,P,-0.0304534,-3.815,-3.815,6.800,6.800,True,False,_P,North Scotland,
TULWW-2,E_TULWW-2,48W00000TULWW-2S,WIND,Eneco Energy Trade,E,True,Tullo Extension,ENECOUK,-0.400,25.000,C,-0.0304534,-0.160,-0.160,10.000,10.000,True,False,_P,North Scotland,
TUMB-1,,48W000000TUMB-1G,NPSHYD,,,,,,,,,,,,,,False,False,,,
TUMB-2,,48W000000TUMB-2E,NPSHYD,,,,,,,,,,,,,,False,False,,,
TWSHW-1,T_TWSHW-1,,WIND,Twentyshilling Limited,T,True,Twenty Shilling Wind Farm,TWENTYSH,-7.324,37.800,P,-0.0099306,-2.930,-2.930,15.120,15.120,True,False,,,
TYLNB-1,T_TYLNB-1,48W00000TYLNB-1K,OTHER,Pivoted Power LLP,T,True,Tye Lane BESS,PIVOT,-78.962,59.152,P,0.0083094,-31.585,-31.585,23.661,23.661,True,False,,,
TYLNS-1,T_TYLNS-1,48W00000TYLNS-1Q,OTHER,DAMSONGREEN ENERGYFARM LIMITED,T,True,Tye Lane Solar,DAMSON,0.000,49.900,C,0.0083094,0.000,0.000,19.960,19.960,True,False,,,
USKM-13,T_USKM-13,48W00000USKM-13T,BIOMASS,SIMEC Uskmouth Power Limited,T,True,Uskmouth 13,USKMOUTH,0.000,14.000,P,0.0074977,0.000,0.000,5.600,5.600,True,False,,,
USKM-14,T_USKM-14,48W00000USKM-14R,BIOMASS,Marble Power Limited,T,True,Uskmouth 14,MARBLE,0.000,0.000,C,0.0074977,0.000,0.000,0.000,0.000,False,False,,,
USKM-15,T_USKM-15,48W00000USKM-15P,BIOMASS,Marble Power Limited,T,True,Uskmouth 15,MARBLE,0.000,0.000,C,0.0074977,0.000,0.000,0.000,0.000,False,False,,,
USKMB-2,T_USKMB-2,,OTHER,E.ON UK Battery Storage,T,True,Uskmouth Battery Unit 2,EONUKBSS,-57.500,57.500,P,0.0164211,-23.000,-23.000,23.000,23.000,True,False,,,
USKMB-3,T_USKMB-3,,OTHER,E.ON UK Battery Storage,T,True,Uskmouth Battery Unit 3,EONUKBSS,-57.000,57.500,P,0.0164211,-22.800,-22.800,23.000,23.000,True,False,,,
USKMB-4,T_USKMB-4,,OTHER,UES Asset 1 Limited,T,True,Uskmouth Battery Unit 4,UES12025,-57.500,57.500,P,0.0164211,-23.000,-23.000,23.000,23.000,True,False,,,
USKMB-5,T_USKMB-5,,OTHER,UES Asset 1 Limited,T,True,Uskmouth Battery Unit 5,UES12025,-57.500,57.500,P,0.0164211,-23.000,-23.000,23.000,23.000,True,False,,,
VKING-2,E_VKING-2,,,Whitetower Energy Limited,E,True,Viking,FDUN1,-6.000,50.000,P,-0.0105171,-2.400,-2.400,20.000,20.000,True,False,_F,Northern,
VKNGW-1,T_VKNGW-1,48W00000VKNGW-14,WIND,Viking Energy Wind Farm LLP,T,True,Viking Energy Windfarm BMU-1,VIKING,-3.000,121.800,P,-0.0304534,-1.200,-1.200,48.720,48.720,True,False,,,
VKNGW-2,T_VKNGW-2,48W00000VKNGW-22,WIND,Viking Energy Wind Farm LLP,T,True,Viking Energy Windfarm BMU-2,VIKING,-3.000,121.800,P,-0.0304534,-1.200,-1.200,48.720,48.720,True,False,,,
VKNGW-3,T_VKNGW-3,48W00000VKNGW-30,WIND,Viking Energy Wind Farm LLP,T,True,Viking Energy Windfarm BMU-3,VIKING,-3.000,121.800,P,-0.0304534,-1.200,-1.200,48.720,48.720,True,False,,,
VKNGW-4,T_VKNGW-4,48W00000VKNGW-4Z,WIND,Viking Energy Wind Farm LLP,T,True,Viking Energy Windfarm BMU-4,VIKING,-3.000,121.800,P,-0.0304534,-1.200,-1.200,48.720,48.720,True,False,,,
WBUGT-1,T_WBUGT-1,48W00000WBUGT-1T,OCGT,EDF Energy (Thermal Generation,T,True,West Burton GT 01,WBURTONB,0.000,21.940,P,0.0091936,0.000,0.000,8.776,8.776,True,False,,,
WBUGT-4,T_WBUGT-4,48W00000WBUGT-4N,OCGT,EDF Energy (Thermal Generation,T,True,West Burton GT 04,WBURTONB,0.000,21.000,P,0.0091936,0.000,0.000,8.400,8.400,True,False,,,
WBUPS-1,T_WBUPS-1,48W00000WBUPS-1P,COAL,EDF Energy (Thermal Generation,T,True,West Burton Unit 01,WBURTONB,-30.000,484.000,P,0.0091936,-12.000,-12.000,193.600,193.600,True,False,,,
WBUPS-2,T_WBUPS-2,48W00000WBUPS-2N,COAL,EDF Energy (Thermal Generation,T,True,West Burton Unit 02,WBURTONB,-30.000,503.700,P,0.0091936,-12.000,-12.000,201.480,201.480,True,False,,,
WBUPS-3,T_WBUPS-3,48W00000WBUPS-3L,COAL,EDF Energy (Thermal Generation,T,True,West Burton Unit 03,WBURTONB,-30.000,503.000,P,0.0091936,-12.000,-12.000,201.200,201.200,True,False,,,
WBUPS-4,T_WBUPS-4,48W00000WBUPS-4J,COAL,EDF Energy (Thermal Generation,T,True,West Burton Unit 04,WBURTONB,-30.000,489.000,P,0.0091936,-12.000,-12.000,195.600,195.600,True,False,,,
WBUPS-STX,E_WBUPS-STX,,,EDF Energy Customers Limited,E,False,West Burton Station Load,LENCO,-6.000,0.000,P,0.0091936,-1.672,-1.672,0.000,0.000,False,True,_B,East Midlands,
WBURB-1,T_WBURB-1,48W00000WBURB-19,CCGT,West Burton B Limited,T,True,West Burton B Unit 1,WESTBURB,-60.000,470.000,P,0.0092272,-24.000,-24.000,188.000,188.000,True,False,,,
WBURB-2,T_WBURB-2,48W00000WBURB-27,CCGT,West Burton B Limited,T,True,West Burton B Unit 2,WESTBURB,-7.560,470.000,P,0.0092272,-3.024,-3.024,188.000,188.000,True,False,,,
WBURB-3,T_WBURB-3,48W00000WBURB-35,CCGT,West Burton B Limited,T,True,West Burton B Unit 3,WESTBURB,-60.000,470.000,P,0.0092272,-24.000,-24.000,188.000,188.000,True,False,,,
WBURB-41,T_WBURB-41,48W0000WBURB-41Z,OTHER,West Burton B Limited,T,True,West Burton B Battery,WESTBURB,-30.000,31.000,P,0.0092272,-12.000,-12.000,12.400,12.400,True,False,,,
WBURB-43,T_WBURB-43,48W0000WBURB-43V,OTHER,West Burton B Limited,T,True,West Burton B Battery,WESTBURB,-30.338,31.000,P,0.0092272,-12.135,-12.135,12.400,12.400,True,False,,,
WDNSO-1,T_WDNSO-1,48W00000WDNSO-1H,WIND,Morecambe Wind Limited,T,True,West of Duddon Sands Offshore1,MWLWODS1,-5.000,197.000,P,-0.0050170,-2.000,-2.000,78.800,78.800,True,False,,,
WDNSO-2,T_WDNSO-2,48W00000WDNSO-2F,WIND,Morecambe Wind Limited,T,True,West of Duddon Sands Offshore2,MWLWODS1,-5.000,201.000,P,-0.0050170,-2.000,-2.000,80.400,80.400,True,False,,,
WDRGW-1,T_WDRGW-1,,WIND,Windy Rig Wind Farm Limited,T,True,Windy Rig Wind Farm,WINDYRIG,-0.760,42.800,P,-0.0099306,-0.304,-0.304,17.120,17.120,True,False,,,
WETHW-1,,,WIND,,,,,,,,,,,,,,False,False,,,
WHIHW-1,T_WHIHW-1,48W00000WHIHW-15,WIND,Whiteside Hill,T,True,Whiteside Hill WF,WHWF1985,-0.100,27.520,P,-0.0099306,-0.040,-0.040,11.008,11.008,True,False,,,
WHILW-1,T_WHILW-1,48W00000WHILW-1M,WIND,SP Renewables (UK) Limited,T,True,T_WHILW-1,SPCRE01,-10.000,309.000,P,-0.0099306,-4.000,-4.000,123.600,123.600,True,False,,,
WHILW-2,T_WHILW-2,48W00000WHILW-2K,WIND,SP Renewables (UK) Limited,T,True,Whitelee Extension,SPCRE01,-3.500,206.000,P,-0.0099306,-1.400,-1.400,82.400,82.400,True,False,,,
WHLWB-1,T_WHLWB-1,,,SP Renewables (UK) Limited,T,True,Whitelee 1 Battery,SPCRE01,-50.200,50.200,C,-0.0099306,-0.382,-0.382,0.382,0.382,False,False,,,
WHTBB-1,E_WHTBB-1,,,Field Whitebirk Ltd,E,True,Whitebirk BESS,FIELDWHI,-25.000,25.000,P,-0.0050170,-10.000,-10.000,10.000,10.000,True,False,_G,North Western,
WHTLD-1,T_WHISTLD-1,,,EDF Energy Customers Limited,T,False,HMNB Whistlefield,LENCO,-16.000,0.000,C,-0.0304534,-12.000,-12.000,0.000,0.000,False,False,,,
WILCT-1,T_WILCT-1,48W00000WILCT-1H,BIOMASS,SembCorp Utilities (UK) Ltd,T,True,ETOL - Wilton Site,EAGLE2,-120.000,182.000,P,-0.0105171,-48.000,-48.000,72.800,72.800,True,False,,,
WINN-1,,,CCGT,,,,,,,,,,,,,,False,False,,,
WISHB-1,T_WISHB-1,,OTHER,Zenobe Wishaw Limited,T,True,Wishaw BESS,ZENOBE3,-51.000,51.000,C,-0.0099306,-0.632,-0.632,0.632,0.632,False,False,,,
WISHD-1,T_WISHD-1,,,Zenobe Wishaw Limited,T,True,Wishaw Demand BMU,ZENOBE3,-1.000,1.000,C,-0.0099306,-0.325,-0.325,0.325,0.325,False,False,,,
WISTW-2,T_WISTW-2,,WIND,BROCKLOCH RIG WINDFARM LTD,T,True,Brockloch Rig 2 WF Exp A,BRWLTD,-0.336,61.500,P,-0.0099306,-0.134,-0.134,24.600,24.600,True,False,,,
WLBRB-1,,,OTHER,,,,,,,,,,,,,,False,False,,,
WLNYO-2,T_WLNYO-2,48W00000WLNYO-23,WIND,Walney Offshore Windfarms Ltd,T,True,WALNEY_2,DONG003,-2.886,183.600,P,-0.0050170,-1.154,-1.154,73.440,73.440,True,False,,,
WLNYO-3,T_WLNYO-3,48W00000WLNYO-31,WIND,Walney Extension Ltd,T,True,WALNEY_3,DONG012,-3.000,345.220,P,-0.0050170,-1.200,-1.200,138.088,138.088,True,False,,,
WLNYO-4,T_WLNYO-4,48W00000WLNYO-4-,WIND,Walney Extension Ltd,T,True,WALNEY_4,DONG012,-6.651,330.000,P,-0.0050170,-2.660,-2.660,132.000,132.000,True,False,,,
WLNYO-4,T_WLNYO-4,48W00001WLNYO-4R,WIND,Walney Extension Ltd,T,True,WALNEY_4,DONG012,-6.651,330.000,P,-0.0050170,-2.660,-2.660,132.000,132.000,True,False,,,
WLNYW-1,T_WLNYW-1,48W00000WLNYW-1A,WIND,Walney Offshore Windfarms Ltd,T,True,WALNEY_1,DONG003,-2.000,182.000,P,-0.0050170,-0.800,-0.800,72.800,72.800,True,False,,,
WNCHB-1,E_WNCHB-1,,,Conrad Energy (Trading) Ltd,E,True,Winchester,CONRAD,-19.000,19.000,C,0.0213863,-7.600,-7.600,7.600,7.600,True,False,_H,Southern,
WNCRB-1,V__HFEEL400,48W00000WNCRB-1X,,EDF Energy Limited,V,True,V__HFEEL400,LONDELEC,-20.000,30.000,P,0.0213863,-4.600,-4.600,6.900,6.900,True,False,_H,Southern,
WOLVB-1,E_WOLVB-1,,,EDF Energy Customers Limited,E,True,Wolverhampton West BESS,LENCO,-52.000,56.000,C,0.0163921,-20.800,-20.800,22.400,22.400,True,False,_E,Midlands,
WTGRW-1,,,WIND,,,,,,,,,,,,,,False,False,,,
WTGTB-1,T_WTGTB-1,,,HD144WHI Ltd,T,True,Whitegate,CESWHI01,-57.996,58.000,P,-0.0050170,-23.198,-23.198,23.200,23.200,True,False,,,
WTMSO-1,T_WTMSO-1,48W00000WTMSO-1M,WIND,Westermost Rough Limited,T,True,WESTERMOST_ROUGH,DONG008,-40.000,205.000,P,-0.0042872,-16.000,-16.000,82.000,82.000,True,False,,,
WTRLN-1,E_WTRLN-1,,,Conrad Energy (Trading) Ltd,E,True,Water Lane,CONRAD,-1.000,20.000,C,0.0228729,-0.400,-0.400,8.000,8.000,True,False,_L,South Western,
WTRSB-1,2__GCMRO002,,,BGI Trading Limited,S,True,2__GCMRO002,CAMARO,-14.311,14.000,C,-0.0050170,-0.232,-0.165,0.227,0.161,False,False,_G,North Western,
WYLF-1,T_WYLF-1,48W000000WYLF-1Y,,NDA,T,True,T_WYLF-1,MAGNOX,0.000,0.000,C,0.0067798,0.000,0.000,0.000,0.000,False,False,,,
WYLF-2,T_WYLF-2,48W000000WYLF-2W,,NDA,T,True,T_WYLF-2,MAGNOX,0.000,0.000,C,0.0067798,0.000,0.000,0.000,0.000,False,False,,,
WYLF-3,T_WYLF-3,48W000000WYLF-3U,,NDA,T,True,T_WYLF-3,MAGNOX,0.000,0.000,C,0.0067798,0.000,0.000,0.000,0.000,False,False,,,
WYLF-4,T_WYLF-4,48W000000WYLF-4S,,NDA,T,True,T_WYLF-4,MAGNOX,0.000,0.000,C,0.0067798,0.000,0.000,0.000,0.000,False,False,,,
YEP-ATL01,2__MIMPO000,,,SSE Energy Supply Limited,G,True,2__MIMPO000,SSE,-130.280,43.800,C,-0.0042872,-58.066,-51.643,19.522,17.362,False,False,_M,Yorkshire,
YEP-AXPO1,2__MAXPO000,,,AXPO UK LIMITED,G,False,2__MAXPO000,EGLUK,-22.000,95.000,C,-0.0042872,16.269,21.888,-70.253,-94.516,False,False,_M,Yorkshire,
YEP-BGS01,2__MBGAS000,,,British Gas Trading Ltd,G,True,2__MBGAS000,BRITGAS,-1.686,3.093,C,-0.0042872,-0.188,-0.116,0.345,0.212,False,False,_M,Yorkshire,
YEP-BIZ01,2__MBIZZ000,,,British Gas Trading Ltd,G,True,2__MBIZZ000,BRITGAS,-42.000,0.000,C,-0.0042872,-18.904,-15.397,0.000,0.000,False,False,_M,Yorkshire,
YEP-BRT01,2__MBULN000,,,Bryt Energy Limited,G,False,2__MBULN000,BULLION,-82.133,0.000,C,-0.0042872,-51.514,-34.956,0.000,0.000,False,False,_M,Yorkshire,
YEP-EAS01,2__MEELC000,,,E.ON Energy Solutions Limited,G,True,2__MEELC000,PGENERGY,0.000,0.000,C,-0.0066637,0.000,0.000,0.000,0.000,False,False,_M,Yorkshire,
YEP-EDF01,2__MEDFE000,,,EDF Energy Customers Limited,G,True,EDFE_Yorkshire,LENCO,-110.000,0.000,C,-0.0042872,-57.299,-58.707,0.000,0.000,False,False,_M,Yorkshire,
YEP-EDR01,2__MEDIR000,,,British Gas Trading Ltd,G,True,2__MEDIR000,BRITGAS,0.000,0.000,C,-0.0017388,0.000,0.000,0.000,0.000,False,False,_M,Yorkshire,
YEP-ENR01,2__MENRD000,,,British Gas Trading Ltd,G,True,2__MENRD000,BRITGAS,-157.272,40.000,C,-0.0042872,-67.281,-45.719,17.112,11.628,False,False,_M,Yorkshire,
YEP-EON01,2__MEOND000,,,E.ON Next Energy Ltd,G,True,2__MEOND000,NITTWO01,-298.000,2.000,C,-0.0042872,-151.354,-155.973,1.016,1.047,False,False,_M,Yorkshire,
YEP-EST01,2__MEENG000,,,E.ON Energy Solutions Limited,G,True,2__MEENG000,PGENERGY,0.000,0.000,C,-0.0052574,0.000,0.000,0.000,0.000,False,False,_M,Yorkshire Electricity,
YEP-GDF01,2__MRWED000,,,ENGIE Power Limited,G,True,2__MRWED000,RWETDL,-148.000,26.000,C,-0.0042872,-77.064,-53.620,13.538,9.420,False,False,_M,Yorkshire,
YEP-HPW01,2__MHPOW000,,,Drax Energy Solutions Limited,G,True,2__MHPOW000,HAVEN,-231.079,4.000,C,-0.0042872,-179.664,-144.147,3.110,2.495,False,False,_M,Yorkshire,
YEP-HVN01,2__MHAVE000,,,Drax Energy Solutions Limited,G,True,2__MHAVE000,HAVEN,0.000,120.240,C,-0.0042872,0.000,0.000,25.250,25.250,False,False,_M,Yorkshire,
YEP-INE01,2__MINDE000,,,npower limited,G,True,INDE YORKSHIRE,NEEB,-42.040,0.000,C,-0.0072983,-15.857,-13.348,0.000,0.000,False,False,_M,Yorkshire Electricity,
YEP-LON01,2__MLOND000,,,EDF Energy Customers Limited,G,True,LE Default BMUid YELG,LENCO,-210.000,16.000,C,-0.0042872,-126.735,-90.468,9.656,6.893,False,False,_M,Yorkshire,
YEP-MEC01,2__MNUCE000,,,NDA,G,False,2__MNUCE000,MAGNOX,0.000,0.000,C,-0.0042872,0.000,0.000,0.000,0.000,False,False,_M,Yorkshire,
YEP-MID01,2__MMIDE000,,,Npower Limited,G,True,NPEC Yorkshire Area MIDE,NPOWER01,-5.580,0.000,C,-0.0072983,-2.937,-3.046,0.000,0.000,False,False,_M,Yorkshire Electricity,
YEP-MNW01,2__MMANW000,,,ScottishPower Energy Retail,G,False,2__MMANW000,SPSUP01,0.000,0.000,C,-0.0042872,0.000,0.000,0.000,0.000,False,False,_M,Yorkshire,
YEP-NEE01,2__MNEEB000,,,npower limited,G,True,2__MNEEB000,NEEB,-26.560,0.000,C,-0.0072983,-16.488,-15.639,0.000,0.000,False,False,_M,Yorkshire Electricity,
YEP-NPE01,2__MNATP000,,,Npower Commercial Gas Limited,G,True,NPEC Yorkshire Area NATP,NPOWER02,-252.000,78.000,C,-0.0042872,-147.647,-97.927,45.700,30.311,False,False,_M,Yorkshire,
YEP-NWP01,2__MNORW000,,,E.ON Energy Solutions Limited,G,True,2__MNORW000,PGENERGY,0.000,0.000,C,-0.0050501,0.000,0.000,0.000,0.000,False,False,_M,Yorkshire,
YEP-OCT01,2__MMRCY000,,,Octopus Energy Limited,G,True,2__MMRCY000,MERCURY,-346.108,520.240,C,-0.0042872,-162.186,-173.539,243.784,260.848,False,False,_M,Yorkshire,
YEP-OGA01,2__MOGAS000,,,British Gas Trading Ltd,G,True,2__MOGAS000,BRITGAS,0.000,0.000,C,-0.0032986,0.000,0.000,0.000,0.000,False,False,_M,Yorkshire,
YEP-OVO01,2__MOVOE000,,,OVO Electricity Ltd,G,False,2__MOVOE000,OVOE,-92.200,2.600,C,-0.0042872,-42.080,-45.833,1.187,1.292,False,False,_M,Yorkshire,
YEP-PGE01,2__MEMEB000,,,E.ON Energy Solutions Limited,G,True,2__MEMEB000,PGENERGY,0.000,0.000,C,-0.0042872,0.000,0.000,0.000,0.000,False,False,_M,Yorkshire,
YEP-PGU01,2__MPGEN000,,,E.ON UK LTD,G,True,2__MPGEN000,POWERGEN,0.000,0.000,C,-0.0042872,0.000,0.000,0.000,0.000,False,False,_M,Yorkshire,
YEP-RNW01,2__MRENC000,,,ECOTRICITY LIMITED,G,False,2__MRENC000,RENC,0.000,0.000,C,-0.0042872,0.000,0.000,0.000,0.000,False,False,_M,Yorkshire,
YEP-SEE01,2__MSEEB000,,,EDF Energy Customers Limited,G,True,2__MSEEB000,LENCO,-2.000,0.000,C,-0.0042872,-1.144,-0.818,0.000,0.000,False,False,_M,Yorkshire,
YEP-SEL01,2__MSMAR000,,,Smartestenergy Limited,G,True,2__MSMAR000,SMARTEST,-187.873,0.000,C,-0.0042872,-139.026,-105.942,0.000,0.000,False,False,_M,Yorkshire,
YEP-SPC01,2__MSPOW000,,,ScottishPower Energy Retail,G,True,2__MSPOW000,SPSUP01,-130.200,0.000,C,-0.0042872,-65.738,-66.741,0.000,0.000,False,False,_M,Yorkshire,
YEP-SSE01,2__MHYDE000,,,OVO Electricity Ltd,G,True,SSE SBMU1 - Yorkshire GSPG,OVOE,0.000,0.000,C,-0.0017388,0.000,0.000,0.000,0.000,False,False,_M,Yorkshire,
YEP-STH01,2__MSOUT000,,,OVO Electricity Ltd,G,True,SE SBMU1 - Yorkshire GSPG,OVOE,0.000,0.000,C,-0.0012435,0.000,0.000,0.000,0.000,False,False,_M,Yorkshire,
YEP-SWA01,2__MSWAE000,,,OVO Electricity Ltd,G,True,SWA SBMU1 - Yorkshire GSPG,OVOE,0.000,0.000,C,-0.0017388,0.000,0.000,0.000,0.000,False,False,_M,Yorkshire,
YEP-SWT01,2__MSWEB000,,,EDF Energy Customers Limited,G,True,SWEB Default BMUid YELG,LENCO,0.000,0.000,C,-0.0042872,0.000,0.000,0.000,0.000,False,False,_M,Yorkshire,
YEP-SYM01,2__MSYMB000,,,E.ON Next Energy Ltd,G,True,2__MSYMB000,NITTWO01,0.000,0.000,C,-0.0090952,0.000,0.000,0.000,0.000,False,False,_M,Yorkshire Electricity,
YEP-TFE01,2__MTGPL000,,,TotalEnergies Gas & Power Ltd,G,True,2__MTGPL000,TFEGP,-201.515,64.000,C,-0.0042872,-127.297,-96.385,40.429,30.611,False,False,_M,Yorkshire,
YEP-TIL01,2__MTILL000,,,British Gas Trading Ltd,G,True,2__MTILL000,BRITGAS,-381.842,0.000,C,-0.0042872,-181.871,-196.114,0.000,0.000,False,False,_M,Yorkshire,
YEP-YEP01,2__MYELG000,,,npower limited,G,True,_M  Default BM Yorkshire,YE,-26.020,0.000,C,-0.0072983,-14.103,-14.589,0.000,0.000,False,False,_M,Yorkshire Electricity,
ZEN02A,V__AZENO002,,OTHER,BESS Holdco 2 Limited,V,True,V__AZENO002,ZENOBE1,0.000,0.000,C,0.0083094,0.000,0.000,0.000,0.000,False,False,_A,Eastern,
