dataset,startTime,dataProvider,settlementDate,settlementPeriod,price,volume
MID,2026-10-01T00:00:00Z,APXMIDP,2026-10-01,3,138.37,1923.0
MID,2026-10-01T00:00:00Z,N2EXMIDP,2026-10-01,3,0.0,0.0
MID,2026-09-30T23:30:00Z,APXMIDP,2026-10-01,2,142.66,1820.55
MID,2026-09-30T23:30:00Z,N2EXMIDP,2026-10-01,2,0.0,0.0
MID,2026-09-30T23:00:00Z,APXMIDP,2026-10-01,1,133.18,1686.8
MID,2026-09-30T23:00:00Z,N2EXMIDP,2026-10-01,1,0.0,0.0
MID,2026-09-30T22:30:00Z,APXMIDP,2026-09-30,48,134.23,2324.95
MID,2026-09-30T22:30:00Z,N2EXMIDP,2026-09-30,48,0.0,0.0
MID,2026-09-30T22:00:00Z,APXMIDP,2026-09-30,47,124.03,2061.05
MID,2026-09-30T22:00:00Z,N2EXMIDP,2026-09-30,47,0.0,0.0
MID,2026-09-30T21:30:00Z,APXMIDP,2026-09-30,46,138.44,3561.8
MID,2026-09-30T21:30:00Z,N2EXMIDP,2026-09-30,46,0.0,0.0
MID,2026-09-30T21:00:00Z,APXMIDP,2026-09-30,45,146.17,2425.95
MID,2026-09-30T21:00:00Z,N2EXMIDP,2026-09-30,45,0.0,0.0
MID,2026-09-30T20:30:00Z,APXMIDP,2026-09-30,44,150.03,2495.85
MID,2026-09-30T20:30:00Z,N2EXMIDP,2026-09-30,44,0.0,0.0
MID,2026-09-30T20:00:00Z,APXMIDP,2026-09-30,43,145.41,2151.1
MID,2026-09-30T20:00:00Z,N2EXMIDP,2026-09-30,43,0.0,0.0
MID,2026-09-30T19:30:00Z,APXMIDP,2026-09-30,42,158.01,3026.75
MID,2026-09-30T19:30:00Z,N2EXMIDP,2026-09-30,42,0.0,0.0
MID,2026-09-30T19:00:00Z,APXMIDP,2026-09-30,41,169.22,3269.15
MID,2026-09-30T19:00:00Z,N2EXMIDP,2026-09-30,41,0.0,0.0
MID,2026-09-30T18:30:00Z,APXMIDP,2026-09-30,40,172.42,3480.7
MID,2026-09-30T18:30:00Z,N2EXMIDP,2026-09-30,40,0.0,0.0
MID,2026-09-30T18:00:00Z,APXMIDP,2026-09-30,39,178.43,3735.45
MID,2026-09-30T18:00:00Z,N2EXMIDP,2026-09-30,39,0.0,0.0
MID,2026-09-30T17:30:00Z,APXMIDP,2026-09-30,38,173.58,4179.3
MID,2026-09-30T17:30:00Z,N2EXMIDP,2026-09-30,38,0.0,0.0
MID,2026-09-30T17:00:00Z,APXMIDP,2026-09-30,37,160.29,3740.1
MID,2026-09-30T17:00:00Z,N2EXMIDP,2026-09-30,37,0.0,0.0
MID,2026-09-30T16:30:00Z,APXMIDP,2026-09-30,36,165.19,4599.65
MID,2026-09-30T16:30:00Z,N2EXMIDP,2026-09-30,36,0.0,0.0
MID,2026-09-30T16:00:00Z,APXMIDP,2026-09-30,35,145.93,5246.65
MID,2026-09-30T16:00:00Z,N2EXMIDP,2026-09-30,35,0.0,0.0
MID,2026-09-30T15:30:00Z,APXMIDP,2026-09-30,34,135.13,5380.45
MID,2026-09-30T15:30:00Z,N2EXMIDP,2026-09-30,34,0.0,0.0
MID,2026-09-30T15:00:00Z,APXMIDP,2026-09-30,33,108.13,4945.6
MID,2026-09-30T15:00:00Z,N2EXMIDP,2026-09-30,33,0.0,0.0
MID,2026-09-30T14:30:00Z,APXMIDP,2026-09-30,32,96.37,3679.55
MID,2026-09-30T14:30:00Z,N2EXMIDP,2026-09-30,32,0.0,0.0
MID,2026-09-30T14:00:00Z,APXMIDP,2026-09-30,31,106.15,3763.95
MID,2026-09-30T14:00:00Z,N2EXMIDP,2026-09-30,31,0.0,0.0
MID,2026-09-30T13:30:00Z,APXMIDP,2026-09-30,30,108.54,4488.35
MID,2026-09-30T13:30:00Z,N2EXMIDP,2026-09-30,30,0.0,0.0
MID,2026-09-30T13:00:00Z,APXMIDP,2026-09-30,29,132.27,4078.2
MID,2026-09-30T13:00:00Z,N2EXMIDP,2026-09-30,29,0.0,0.0
MID,2026-09-30T12:30:00Z,APXMIDP,2026-09-30,28,115.83,4109.35
MID,2026-09-30T12:30:00Z,N2EXMIDP,2026-09-30,28,0.0,0.0
MID,2026-09-30T12:00:00Z,APXMIDP,2026-09-30,27,117.37,4726.7
MID,2026-09-30T12:00:00Z,N2EXMIDP,2026-09-30,27,0.0,0.0
MID,2026-09-30T11:30:00Z,APXMIDP,2026-09-30,26,116.02,4405.95
MID,2026-09-30T11:30:00Z,N2EXMIDP,2026-09-30,26,0.0,0.0
MID,2026-09-30T11:00:00Z,APXMIDP,2026-09-30,25,120.43,4772.85
MID,2026-09-30T11:00:00Z,N2EXMIDP,2026-09-30,25,0.0,0.0
MID,2026-09-30T10:30:00Z,APXMIDP,2026-09-30,24,103.98,4020.25
MID,2026-09-30T10:30:00Z,N2EXMIDP,2026-09-30,24,0.0,0.0
MID,2026-09-30T10:00:00Z,APXMIDP,2026-09-30,23,121.8,4172.25
MID,2026-09-30T10:00:00Z,N2EXMIDP,2026-09-30,23,0.0,0.0
MID,2026-09-30T09:30:00Z,APXMIDP,2026-09-30,22,119.16,3920.25
MID,2026-09-30T09:30:00Z,N2EXMIDP,2026-09-30,22,0.0,0.0
MID,2026-09-30T09:00:00Z,APXMIDP,2026-09-30,21,139.56,4251.3
MID,2026-09-30T09:00:00Z,N2EXMIDP,2026-09-30,21,0.0,0.0
MID,2026-09-30T08:30:00Z,APXMIDP,2026-09-30,20,156.52,4396.2
MID,2026-09-30T08:30:00Z,N2EXMIDP,2026-09-30,20,0.0,0.0
MID,2026-09-30T08:00:00Z,APXMIDP,2026-09-30,19,176.35,4514.6
MID,2026-09-30T08:00:00Z,N2EXMIDP,2026-09-30,19,0.0,0.0
MID,2026-09-30T07:30:00Z,APXMIDP,2026-09-30,18,184.97,4081.35
MID,2026-09-30T07:30:00Z,N2EXMIDP,2026-09-30,18,0.0,0.0
MID,2026-09-30T07:00:00Z,APXMIDP,2026-09-30,17,176.29,3636.65
MID,2026-09-30T07:00:00Z,N2EXMIDP,2026-09-30,17,0.0,0.0
MID,2026-09-30T06:30:00Z,APXMIDP,2026-09-30,16,180.01,3538.8
MID,2026-09-30T06:30:00Z,N2EXMIDP,2026-09-30,16,0.0,0.0
MID,2026-09-30T06:00:00Z,APXMIDP,2026-09-30,15,162.39,4089.8
MID,2026-09-30T06:00:00Z,N2EXMIDP,2026-09-30,15,0.0,0.0
MID,2026-09-30T05:30:00Z,APXMIDP,2026-09-30,14,145.94,3532.45
MID,2026-09-30T05:30:00Z,N2EXMIDP,2026-09-30,14,0.0,0.0
MID,2026-09-30T05:00:00Z,APXMIDP,2026-09-30,13,114.52,3172.95
MID,2026-09-30T05:00:00Z,N2EXMIDP,2026-09-30,13,0.0,0.0
MID,2026-09-30T04:30:00Z,APXMIDP,2026-09-30,12,80.42,3165.2
MID,2026-09-30T04:30:00Z,N2EXMIDP,2026-09-30,12,0.0,0.0
MID,2026-09-30T04:00:00Z,APXMIDP,2026-09-30,11,65.32,3294.1
MID,2026-09-30T04:00:00Z,N2EXMIDP,2026-09-30,11,0.0,0.0
MID,2026-09-30T03:30:00Z,APXMIDP,2026-09-30,10,47.37,3387.05
MID,2026-09-30T03:30:00Z,N2EXMIDP,2026-09-30,10,0.0,0.0
MID,2026-09-30T03:00:00Z,APXMIDP,2026-09-30,9,45.41,3588.9
MID,2026-09-30T03:00:00Z,N2EXMIDP,2026-09-30,9,0.0,0.0
MID,2026-09-30T02:30:00Z,APXMIDP,2026-09-30,8,50.56,3933.5
MID,2026-09-30T02:30:00Z,N2EXMIDP,2026-09-30,8,0.0,0.0
MID,2026-09-30T02:00:00Z,APXMIDP,2026-09-30,7,45.16,3677.95
MID,2026-09-30T02:00:00Z,N2EXMIDP,2026-09-30,7,0.0,0.0
MID,2026-09-30T01:30:00Z,APXMIDP,2026-09-30,6,45.26,3178.1
MID,2026-09-30T01:30:00Z,N2EXMIDP,2026-09-30,6,0.0,0.0
MID,2026-09-30T01:00:00Z,APXMIDP,2026-09-30,5,48.9,3561.6
MID,2026-09-30T01:00:00Z,N2EXMIDP,2026-09-30,5,0.0,0.0
MID,2026-09-30T00:30:00Z,APXMIDP,2026-09-30,4,52.32,2803.7
MID,2026-09-30T00:30:00Z,N2EXMIDP,2026-09-30,4,0.0,0.0
MID,2026-09-30T00:00:00Z,APXMIDP,2026-09-30,3,57.46,2786.25
MID,2026-09-30T00:00:00Z,N2EXMIDP,2026-09-30,3,0.0,0.0
MID,2026-09-29T23:30:00Z,APXMIDP,2026-09-30,2,68.56,3244.35
MID,2026-09-29T23:30:00Z,N2EXMIDP,2026-09-30,2,0.0,0.0
MID,2026-09-29T23:00:00Z,APXMIDP,2026-09-30,1,72.54,3104.05
MID,2026-09-29T23:00:00Z,N2EXMIDP,2026-09-30,1,0.0,0.0
MID,2026-09-29T22:30:00Z,APXMIDP,2026-09-29,48,73.82,3113.45
MID,2026-09-29T22:30:00Z,N2EXMIDP,2026-09-29,48,0.0,0.0
MID,2026-09-29T22:00:00Z,APXMIDP,2026-09-29,47,86.05,3254.8
MID,2026-09-29T22:00:00Z,N2EXMIDP,2026-09-29,47,0.0,0.0
MID,2026-09-29T21:30:00Z,APXMIDP,2026-09-29,46,110.45,4826.25
MID,2026-09-29T21:30:00Z,N2EXMIDP,2026-09-29,46,0.0,0.0
MID,2026-09-29T21:00:00Z,APXMIDP,2026-09-29,45,122.9,5373.2
MID,2026-09-29T21:00:00Z,N2EXMIDP,2026-09-29,45,0.0,0.0
MID,2026-09-29T20:30:00Z,APXMIDP,2026-09-29,44,137.28,4942.8
MID,2026-09-29T20:30:00Z,N2EXMIDP,2026-09-29,44,0.0,0.0
MID,2026-09-29T20:00:00Z,APXMIDP,2026-09-29,43,157.8,5397.0
MID,2026-09-29T20:00:00Z,N2EXMIDP,2026-09-29,43,0.0,0.0
MID,2026-09-29T19:30:00Z,APXMIDP,2026-09-29,42,160.01,4770.2
MID,2026-09-29T19:30:00Z,N2EXMIDP,2026-09-29,42,0.0,0.0
MID,2026-09-29T19:00:00Z,APXMIDP,2026-09-29,41,175.11,4744.15
MID,2026-09-29T19:00:00Z,N2EXMIDP,2026-09-29,41,0.0,0.0
MID,2026-09-29T18:30:00Z,APXMIDP,2026-09-29,40,179.45,4491.85
MID,2026-09-29T18:30:00Z,N2EXMIDP,2026-09-29,40,0.0,0.0
MID,2026-09-29T18:00:00Z,APXMIDP,2026-09-29,39,182.24,4740.7
MID,2026-09-29T18:00:00Z,N2EXMIDP,2026-09-29,39,0.0,0.0
MID,2026-09-29T17:30:00Z,APXMIDP,2026-09-29,38,200.78,4905.6
MID,2026-09-29T17:30:00Z,N2EXMIDP,2026-09-29,38,0.0,0.0
MID,2026-09-29T17:00:00Z,APXMIDP,2026-09-29,37,199.65,4258.05
MID,2026-09-29T17:00:00Z,N2EXMIDP,2026-09-29,37,0.0,0.0
MID,2026-09-29T16:30:00Z,APXMIDP,2026-09-29,36,198.47,4365.1
MID,2026-09-29T16:30:00Z,N2EXMIDP,2026-09-29,36,0.0,0.0
MID,2026-09-29T16:00:00Z,APXMIDP,2026-09-29,35,194.75,4608.45
MID,2026-09-29T16:00:00Z,N2EXMIDP,2026-09-29,35,0.0,0.0
MID,2026-09-29T15:30:00Z,APXMIDP,2026-09-29,34,182.79,4061.6
MID,2026-09-29T15:30:00Z,N2EXMIDP,2026-09-29,34,0.0,0.0
MID,2026-09-29T15:00:00Z,APXMIDP,2026-09-29,33,174.01,4366.95
MID,2026-09-29T15:00:00Z,N2EXMIDP,2026-09-29,33,0.0,0.0
MID,2026-09-29T14:30:00Z,APXMIDP,2026-09-29,32,157.87,5392.6
MID,2026-09-29T14:30:00Z,N2EXMIDP,2026-09-29,32,0.0,0.0
MID,2026-09-29T14:00:00Z,APXMIDP,2026-09-29,31,151.75,5381.8
MID,2026-09-29T14:00:00Z,N2EXMIDP,2026-09-29,31,0.0,0.0
MID,2026-09-29T13:30:00Z,APXMIDP,2026-09-29,30,129.58,6523.55
MID,2026-09-29T13:30:00Z,N2EXMIDP,2026-09-29,30,0.0,0.0
MID,2026-09-29T13:00:00Z,APXMIDP,2026-09-29,29,123.12,6367.3
MID,2026-09-29T13:00:00Z,N2EXMIDP,2026-09-29,29,0.0,0.0
MID,2026-09-29T12:30:00Z,APXMIDP,2026-09-29,28,106.01,5320.25
MID,2026-09-29T12:30:00Z,N2EXMIDP,2026-09-29,28,0.0,0.0
MID,2026-09-29T12:00:00Z,APXMIDP,2026-09-29,27,98.66,5062.4
MID,2026-09-29T12:00:00Z,N2EXMIDP,2026-09-29,27,0.0,0.0
MID,2026-09-29T11:30:00Z,APXMIDP,2026-09-29,26,90.47,4184.0
MID,2026-09-29T11:30:00Z,N2EXMIDP,2026-09-29,26,0.0,0.0
MID,2026-09-29T11:00:00Z,APXMIDP,2026-09-29,25,78.71,3996.75
MID,2026-09-29T11:00:00Z,N2EXMIDP,2026-09-29,25,0.0,0.0
MID,2026-09-29T10:30:00Z,APXMIDP,2026-09-29,24,85.53,4403.55
MID,2026-09-29T10:30:00Z,N2EXMIDP,2026-09-29,24,0.0,0.0
MID,2026-09-29T10:00:00Z,APXMIDP,2026-09-29,23,73.48,3782.65
MID,2026-09-29T10:00:00Z,N2EXMIDP,2026-09-29,23,0.0,0.0
MID,2026-09-29T09:30:00Z,APXMIDP,2026-09-29,22,100.2,3699.75
MID,2026-09-29T09:30:00Z,N2EXMIDP,2026-09-29,22,0.0,0.0
MID,2026-09-29T09:00:00Z,APXMIDP,2026-09-29,21,117.37,3060.5
MID,2026-09-29T09:00:00Z,N2EXMIDP,2026-09-29,21,0.0,0.0
MID,2026-09-29T08:30:00Z,APXMIDP,2026-09-29,20,149.25,3814.25
MID,2026-09-29T08:30:00Z,N2EXMIDP,2026-09-29,20,0.0,0.0
MID,2026-09-29T08:00:00Z,APXMIDP,2026-09-29,19,153.86,3942.1
MID,2026-09-29T08:00:00Z,N2EXMIDP,2026-09-29,19,0.0,0.0
MID,2026-09-29T07:30:00Z,APXMIDP,2026-09-29,18,159.3,3875.9
MID,2026-09-29T07:30:00Z,N2EXMIDP,2026-09-29,18,0.0,0.0
MID,2026-09-29T07:00:00Z,APXMIDP,2026-09-29,17,160.55,3764.15
MID,2026-09-29T07:00:00Z,N2EXMIDP,2026-09-29,17,0.0,0.0
MID,2026-09-29T06:30:00Z,APXMIDP,2026-09-29,16,176.23,3882.85
MID,2026-09-29T06:30:00Z,N2EXMIDP,2026-09-29,16,0.0,0.0
MID,2026-09-29T06:00:00Z,APXMIDP,2026-09-29,15,172.1,4133.75
MID,2026-09-29T06:00:00Z,N2EXMIDP,2026-09-29,15,0.0,0.0
MID,2026-09-29T05:30:00Z,APXMIDP,2026-09-29,14,175.78,3475.9
MID,2026-09-29T05:30:00Z,N2EXMIDP,2026-09-29,14,0.0,0.0
MID,2026-09-29T05:00:00Z,APXMIDP,2026-09-29,13,170.17,3383.65
MID,2026-09-29T05:00:00Z,N2EXMIDP,2026-09-29,13,0.0,0.0
MID,2026-09-29T04:30:00Z,APXMIDP,2026-09-29,12,156.08,2300.0
MID,2026-09-29T04:30:00Z,N2EXMIDP,2026-09-29,12,0.0,0.0
MID,2026-09-29T04:00:00Z,APXMIDP,2026-09-29,11,148.25,2128.4
MID,2026-09-29T04:00:00Z,N2EXMIDP,2026-09-29,11,0.0,0.0
MID,2026-09-29T03:30:00Z,APXMIDP,2026-09-29,10,123.88,2236.5
MID,2026-09-29T03:30:00Z,N2EXMIDP,2026-09-29,10,0.0,0.0
MID,2026-09-29T03:00:00Z,APXMIDP,2026-09-29,9,124.25,2286.25
MID,2026-09-29T03:00:00Z,N2EXMIDP,2026-09-29,9,0.0,0.0
MID,2026-09-29T02:30:00Z,APXMIDP,2026-09-29,8,123.93,2291.25
MID,2026-09-29T02:30:00Z,N2EXMIDP,2026-09-29,8,0.0,0.0
MID,2026-09-29T02:00:00Z,APXMIDP,2026-09-29,7,125.63,2197.75
MID,2026-09-29T02:00:00Z,N2EXMIDP,2026-09-29,7,0.0,0.0
MID,2026-09-29T01:30:00Z,APXMIDP,2026-09-29,6,126.19,2320.05
MID,2026-09-29T01:30:00Z,N2EXMIDP,2026-09-29,6,0.0,0.0
MID,2026-09-29T01:00:00Z,APXMIDP,2026-09-29,5,128.2,1938.75
MID,2026-09-29T01:00:00Z,N2EXMIDP,2026-09-29,5,0.0,0.0
MID,2026-09-29T00:30:00Z,APXMIDP,2026-09-29,4,131.24,2156.45
MID,2026-09-29T00:30:00Z,N2EXMIDP,2026-09-29,4,0.0,0.0
MID,2026-09-29T00:00:00Z,APXMIDP,2026-09-29,3,133.46,1941.2
MID,2026-09-29T00:00:00Z,N2EXMIDP,2026-09-29,3,0.0,0.0
MID,2026-09-28T23:30:00Z,APXMIDP,2026-09-29,2,145.5,1902.9
MID,2026-09-28T23:30:00Z,N2EXMIDP,2026-09-29,2,0.0,0.0
MID,2026-09-28T23:00:00Z,APXMIDP,2026-09-29,1,150.01,1525.25
MID,2026-09-28T23:00:00Z,N2EXMIDP,2026-09-29,1,0.0,0.0
MID,2026-09-28T22:30:00Z,APXMIDP,2026-09-28,48,158.97,1714.95
MID,2026-09-28T22:30:00Z,N2EXMIDP,2026-09-28,48,0.0,0.0
MID,2026-09-28T22:00:00Z,APXMIDP,2026-09-28,47,152.92,2195.0
MID,2026-09-28T22:00:00Z,N2EXMIDP,2026-09-28,47,0.0,0.0
MID,2026-09-28T21:30:00Z,APXMIDP,2026-09-28,46,155.22,3379.45
MID,2026-09-28T21:30:00Z,N2EXMIDP,2026-09-28,46,0.0,0.0
MID,2026-09-28T21:00:00Z,APXMIDP,2026-09-28,45,154.61,2610.2
MID,2026-09-28T21:00:00Z,N2EXMIDP,2026-09-28,45,0.0,0.0
MID,2026-09-28T20:30:00Z,APXMIDP,2026-09-28,44,161.51,2738.25
MID,2026-09-28T20:30:00Z,N2EXMIDP,2026-09-28,44,0.0,0.0
MID,2026-09-28T20:00:00Z,APXMIDP,2026-09-28,43,165.48,2470.7
MID,2026-09-28T20:00:00Z,N2EXMIDP,2026-09-28,43,0.0,0.0
MID,2026-09-28T19:30:00Z,APXMIDP,2026-09-28,42,172.01,3057.2
MID,2026-09-28T19:30:00Z,N2EXMIDP,2026-09-28,42,0.0,0.0
MID,2026-09-28T19:00:00Z,APXMIDP,2026-09-28,41,178.06,3366.45
MID,2026-09-28T19:00:00Z,N2EXMIDP,2026-09-28,41,0.0,0.0
MID,2026-09-28T18:30:00Z,APXMIDP,2026-09-28,40,202.71,4265.2
MID,2026-09-28T18:30:00Z,N2EXMIDP,2026-09-28,40,0.0,0.0
MID,2026-09-28T18:00:00Z,APXMIDP,2026-09-28,39,210.36,3862.45
MID,2026-09-28T18:00:00Z,N2EXMIDP,2026-09-28,39,0.0,0.0
MID,2026-09-28T17:30:00Z,APXMIDP,2026-09-28,38,267.79,4967.1
MID,2026-09-28T17:30:00Z,N2EXMIDP,2026-09-28,38,0.0,0.0
MID,2026-09-28T17:00:00Z,APXMIDP,2026-09-28,37,267.55,4850.2
MID,2026-09-28T17:00:00Z,N2EXMIDP,2026-09-28,37,0.0,0.0
MID,2026-09-28T16:30:00Z,APXMIDP,2026-09-28,36,249.78,5190.0
MID,2026-09-28T16:30:00Z,N2EXMIDP,2026-09-28,36,0.0,0.0
MID,2026-09-28T16:00:00Z,APXMIDP,2026-09-28,35,237.99,4440.95
MID,2026-09-28T16:00:00Z,N2EXMIDP,2026-09-28,35,0.0,0.0
MID,2026-09-28T15:30:00Z,APXMIDP,2026-09-28,34,203.34,3246.6
MID,2026-09-28T15:30:00Z,N2EXMIDP,2026-09-28,34,0.0,0.0
MID,2026-09-28T15:00:00Z,APXMIDP,2026-09-28,33,189.18,3489.9
MID,2026-09-28T15:00:00Z,N2EXMIDP,2026-09-28,33,0.0,0.0
MID,2026-09-28T14:30:00Z,APXMIDP,2026-09-28,32,139.93,3081.9
MID,2026-09-28T14:30:00Z,N2EXMIDP,2026-09-28,32,0.0,0.0
MID,2026-09-28T14:00:00Z,APXMIDP,2026-09-28,31,141.25,2941.8
MID,2026-09-28T14:00:00Z,N2EXMIDP,2026-09-28,31,0.0,0.0
MID,2026-09-28T13:30:00Z,APXMIDP,2026-09-28,30,131.91,2727.75
MID,2026-09-28T13:30:00Z,N2EXMIDP,2026-09-28,30,0.0,0.0
MID,2026-09-28T13:00:00Z,APXMIDP,2026-09-28,29,130.03,3201.65
MID,2026-09-28T13:00:00Z,N2EXMIDP,2026-09-28,29,0.0,0.0
MID,2026-09-28T12:30:00Z,APXMIDP,2026-09-28,28,131.85,3698.65
MID,2026-09-28T12:30:00Z,N2EXMIDP,2026-09-28,28,0.0,0.0
MID,2026-09-28T12:00:00Z,APXMIDP,2026-09-28,27,128.83,3435.95
MID,2026-09-28T12:00:00Z,N2EXMIDP,2026-09-28,27,0.0,0.0
MID,2026-09-28T11:30:00Z,APXMIDP,2026-09-28,26,131.45,3653.95
MID,2026-09-28T11:30:00Z,N2EXMIDP,2026-09-28,26,0.0,0.0
MID,2026-09-28T11:00:00Z,APXMIDP,2026-09-28,25,128.55,2722.4
MID,2026-09-28T11:00:00Z,N2EXMIDP,2026-09-28,25,0.0,0.0
MID,2026-09-28T10:30:00Z,APXMIDP,2026-09-28,24,131.87,2529.7
MID,2026-09-28T10:30:00Z,N2EXMIDP,2026-09-28,24,0.0,0.0
MID,2026-09-28T10:00:00Z,APXMIDP,2026-09-28,23,131.65,2204.7
MID,2026-09-28T10:00:00Z,N2EXMIDP,2026-09-28,23,0.0,0.0
MID,2026-09-28T09:30:00Z,APXMIDP,2026-09-28,22,140.8,1832.45
MID,2026-09-28T09:30:00Z,N2EXMIDP,2026-09-28,22,0.0,0.0
MID,2026-09-28T09:00:00Z,APXMIDP,2026-09-28,21,145.82,1702.3
MID,2026-09-28T09:00:00Z,N2EXMIDP,2026-09-28,21,0.0,0.0
MID,2026-09-28T08:30:00Z,APXMIDP,2026-09-28,20,152.98,1589.5
MID,2026-09-28T08:30:00Z,N2EXMIDP,2026-09-28,20,0.0,0.0
MID,2026-09-28T08:00:00Z,APXMIDP,2026-09-28,19,163.58,1619.15
MID,2026-09-28T08:00:00Z,N2EXMIDP,2026-09-28,19,0.0,0.0
MID,2026-09-28T07:30:00Z,APXMIDP,2026-09-28,18,177.55,1893.7
MID,2026-09-28T07:30:00Z,N2EXMIDP,2026-09-28,18,0.0,0.0
MID,2026-09-28T07:00:00Z,APXMIDP,2026-09-28,17,183.04,1992.8
MID,2026-09-28T07:00:00Z,N2EXMIDP,2026-09-28,17,0.0,0.0
MID,2026-09-28T06:30:00Z,APXMIDP,2026-09-28,16,190.71,1876.9
MID,2026-09-28T06:30:00Z,N2EXMIDP,2026-09-28,16,0.0,0.0
MID,2026-09-28T06:00:00Z,APXMIDP,2026-09-28,15,183.6,1620.8
MID,2026-09-28T06:00:00Z,N2EXMIDP,2026-09-28,15,0.0,0.0
MID,2026-09-28T05:30:00Z,APXMIDP,2026-09-28,14,189.34,1697.05
MID,2026-09-28T05:30:00Z,N2EXMIDP,2026-09-28,14,0.0,0.0
MID,2026-09-28T05:00:00Z,APXMIDP,2026-09-28,13,181.37,1608.65
MID,2026-09-28T05:00:00Z,N2EXMIDP,2026-09-28,13,0.0,0.0
MID,2026-09-28T04:30:00Z,APXMIDP,2026-09-28,12,171.79,1509.0
MID,2026-09-28T04:30:00Z,N2EXMIDP,2026-09-28,12,0.0,0.0
MID,2026-09-28T04:00:00Z,APXMIDP,2026-09-28,11,171.67,1606.4
MID,2026-09-28T04:00:00Z,N2EXMIDP,2026-09-28,11,0.0,0.0
MID,2026-09-28T03:30:00Z,APXMIDP,2026-09-28,10,137.87,2703.55
MID,2026-09-28T03:30:00Z,N2EXMIDP,2026-09-28,10,0.0,0.0
MID,2026-09-28T03:00:00Z,APXMIDP,2026-09-28,9,142.98,2030.3
MID,2026-09-28T03:00:00Z,N2EXMIDP,2026-09-28,9,0.0,0.0
MID,2026-09-28T02:30:00Z,APXMIDP,2026-09-28,8,146.49,2381.85
MID,2026-09-28T02:30:00Z,N2EXMIDP,2026-09-28,8,0.0,0.0
MID,2026-09-28T02:00:00Z,APXMIDP,2026-09-28,7,143.84,2426.2
MID,2026-09-28T02:00:00Z,N2EXMIDP,2026-09-28,7,0.0,0.0
MID,2026-09-28T01:30:00Z,APXMIDP,2026-09-28,6,149.24,2626.85
MID,2026-09-28T01:30:00Z,N2EXMIDP,2026-09-28,6,0.0,0.0
MID,2026-09-28T01:00:00Z,APXMIDP,2026-09-28,5,150.86,2773.35
MID,2026-09-28T01:00:00Z,N2EXMIDP,2026-09-28,5,0.0,0.0
MID,2026-09-28T00:30:00Z,APXMIDP,2026-09-28,4,149.34,2662.45
MID,2026-09-28T00:30:00Z,N2EXMIDP,2026-09-28,4,0.0,0.0
MID,2026-09-28T00:00:00Z,APXMIDP,2026-09-28,3,153.08,2666.2
MID,2026-09-28T00:00:00Z,N2EXMIDP,2026-09-28,3,0.0,0.0
MID,2026-09-27T23:30:00Z,APXMIDP,2026-09-28,2,150.01,2687.45
MID,2026-09-27T23:30:00Z,N2EXMIDP,2026-09-28,2,0.0,0.0
MID,2026-09-27T23:00:00Z,APXMIDP,2026-09-28,1,155.13,2492.85
MID,2026-09-27T23:00:00Z,N2EXMIDP,2026-09-28,1,0.0,0.0
MID,2026-09-27T22:30:00Z,APXMIDP,2026-09-27,48,159.63,2268.75
MID,2026-09-27T22:30:00Z,N2EXMIDP,2026-09-27,48,0.0,0.0
MID,2026-09-27T22:00:00Z,APXMIDP,2026-09-27,47,160.89,2286.3
MID,2026-09-27T22:00:00Z,N2EXMIDP,2026-09-27,47,0.0,0.0
MID,2026-09-27T21:30:00Z,APXMIDP,2026-09-27,46,156.57,2835.8
MID,2026-09-27T21:30:00Z,N2EXMIDP,2026-09-27,46,0.0,0.0
MID,2026-09-27T21:00:00Z,APXMIDP,2026-09-27,45,153.09,2375.5
MID,2026-09-27T21:00:00Z,N2EXMIDP,2026-09-27,45,0.0,0.0
MID,2026-09-27T20:30:00Z,APXMIDP,2026-09-27,44,160.41,2393.55
MID,2026-09-27T20:30:00Z,N2EXMIDP,2026-09-27,44,0.0,0.0
MID,2026-09-27T20:00:00Z,APXMIDP,2026-09-27,43,161.04,2386.0
MID,2026-09-27T20:00:00Z,N2EXMIDP,2026-09-27,43,0.0,0.0
MID,2026-09-27T19:30:00Z,APXMIDP,2026-09-27,42,164.83,2335.9
MID,2026-09-27T19:30:00Z,N2EXMIDP,2026-09-27,42,0.0,0.0
MID,2026-09-27T19:00:00Z,APXMIDP,2026-09-27,41,173.07,2620.05
MID,2026-09-27T19:00:00Z,N2EXMIDP,2026-09-27,41,0.0,0.0
MID,2026-09-27T18:30:00Z,APXMIDP,2026-09-27,40,179.52,2753.65
MID,2026-09-27T18:30:00Z,N2EXMIDP,2026-09-27,40,0.0,0.0
MID,2026-09-27T18:00:00Z,APXMIDP,2026-09-27,39,172.73,2741.95
MID,2026-09-27T18:00:00Z,N2EXMIDP,2026-09-27,39,0.0,0.0
MID,2026-09-27T17:30:00Z,APXMIDP,2026-09-27,38,166.23,3540.3
MID,2026-09-27T17:30:00Z,N2EXMIDP,2026-09-27,38,0.0,0.0
MID,2026-09-27T17:00:00Z,APXMIDP,2026-09-27,37,162.41,3401.65
MID,2026-09-27T17:00:00Z,N2EXMIDP,2026-09-27,37,0.0,0.0
MID,2026-09-27T16:30:00Z,APXMIDP,2026-09-27,36,156.55,3068.2
MID,2026-09-27T16:30:00Z,N2EXMIDP,2026-09-27,36,0.0,0.0
MID,2026-09-27T16:00:00Z,APXMIDP,2026-09-27,35,138.13,3101.05
MID,2026-09-27T16:00:00Z,N2EXMIDP,2026-09-27,35,0.0,0.0
MID,2026-09-27T15:30:00Z,APXMIDP,2026-09-27,34,110.5,3215.15
MID,2026-09-27T15:30:00Z,N2EXMIDP,2026-09-27,34,0.0,0.0
MID,2026-09-27T15:00:00Z,APXMIDP,2026-09-27,33,106.01,3007.5
MID,2026-09-27T15:00:00Z,N2EXMIDP,2026-09-27,33,0.0,0.0
MID,2026-09-27T14:30:00Z,APXMIDP,2026-09-27,32,15.99,3280.45
MID,2026-09-27T14:30:00Z,N2EXMIDP,2026-09-27,32,0.0,0.0
MID,2026-09-27T14:00:00Z,APXMIDP,2026-09-27,31,19.95,2842.2
MID,2026-09-27T14:00:00Z,N2EXMIDP,2026-09-27,31,0.0,0.0
MID,2026-09-27T13:30:00Z,APXMIDP,2026-09-27,30,15.51,3874.25
MID,2026-09-27T13:30:00Z,N2EXMIDP,2026-09-27,30,0.0,0.0
MID,2026-09-27T13:00:00Z,APXMIDP,2026-09-27,29,19.72,3637.75
MID,2026-09-27T13:00:00Z,N2EXMIDP,2026-09-27,29,0.0,0.0
MID,2026-09-27T12:30:00Z,APXMIDP,2026-09-27,28,10.74,3701.9
MID,2026-09-27T12:30:00Z,N2EXMIDP,2026-09-27,28,0.0,0.0
MID,2026-09-27T12:00:00Z,APXMIDP,2026-09-27,27,12.74,3571.3
MID,2026-09-27T12:00:00Z,N2EXMIDP,2026-09-27,27,0.0,0.0
MID,2026-09-27T11:30:00Z,APXMIDP,2026-09-27,26,12.72,2760.15
MID,2026-09-27T11:30:00Z,N2EXMIDP,2026-09-27,26,0.0,0.0
MID,2026-09-27T11:00:00Z,APXMIDP,2026-09-27,25,7.99,2321.9
MID,2026-09-27T11:00:00Z,N2EXMIDP,2026-09-27,25,0.0,0.0
MID,2026-09-27T10:30:00Z,APXMIDP,2026-09-27,24,1.16,1963.95
MID,2026-09-27T10:30:00Z,N2EXMIDP,2026-09-27,24,0.0,0.0
MID,2026-09-27T10:00:00Z,APXMIDP,2026-09-27,23,-3.68,1629.55
MID,2026-09-27T10:00:00Z,N2EXMIDP,2026-09-27,23,0.0,0.0
MID,2026-09-27T09:30:00Z,APXMIDP,2026-09-27,22,-1.08,1792.6
MID,2026-09-27T09:30:00Z,N2EXMIDP,2026-09-27,22,0.0,0.0
MID,2026-09-27T09:00:00Z,APXMIDP,2026-09-27,21,-2.0,1909.65
MID,2026-09-27T09:00:00Z,N2EXMIDP,2026-09-27,21,0.0,0.0
MID,2026-09-27T08:30:00Z,APXMIDP,2026-09-27,20,1.34,2106.0
MID,2026-09-27T08:30:00Z,N2EXMIDP,2026-09-27,20,0.0,0.0
MID,2026-09-27T08:00:00Z,APXMIDP,2026-09-27,19,4.54,1981.55
MID,2026-09-27T08:00:00Z,N2EXMIDP,2026-09-27,19,0.0,0.0
MID,2026-09-27T07:30:00Z,APXMIDP,2026-09-27,18,45.41,2449.15
MID,2026-09-27T07:30:00Z,N2EXMIDP,2026-09-27,18,0.0,0.0
MID,2026-09-27T07:00:00Z,APXMIDP,2026-09-27,17,39.03,2682.65
MID,2026-09-27T07:00:00Z,N2EXMIDP,2026-09-27,17,0.0,0.0
MID,2026-09-27T06:30:00Z,APXMIDP,2026-09-27,16,77.96,2631.65
MID,2026-09-27T06:30:00Z,N2EXMIDP,2026-09-27,16,0.0,0.0
MID,2026-09-27T06:00:00Z,APXMIDP,2026-09-27,15,72.73,2760.6
MID,2026-09-27T06:00:00Z,N2EXMIDP,2026-09-27,15,0.0,0.0
MID,2026-09-27T05:30:00Z,APXMIDP,2026-09-27,14,115.81,2419.85
MID,2026-09-27T05:30:00Z,N2EXMIDP,2026-09-27,14,0.0,0.0
MID,2026-09-27T05:00:00Z,APXMIDP,2026-09-27,13,116.81,1994.15
MID,2026-09-27T05:00:00Z,N2EXMIDP,2026-09-27,13,0.0,0.0
MID,2026-09-27T04:30:00Z,APXMIDP,2026-09-27,12,114.31,1960.95
MID,2026-09-27T04:30:00Z,N2EXMIDP,2026-09-27,12,0.0,0.0
MID,2026-09-27T04:00:00Z,APXMIDP,2026-09-27,11,117.46,1833.0
MID,2026-09-27T04:00:00Z,N2EXMIDP,2026-09-27,11,0.0,0.0
MID,2026-09-27T03:30:00Z,APXMIDP,2026-09-27,10,114.39,1457.25
MID,2026-09-27T03:30:00Z,N2EXMIDP,2026-09-27,10,0.0,0.0
MID,2026-09-27T03:00:00Z,APXMIDP,2026-09-27,9,117.04,1526.3
MID,2026-09-27T03:00:00Z,N2EXMIDP,2026-09-27,9,0.0,0.0
MID,2026-09-27T02:30:00Z,APXMIDP,2026-09-27,8,118.13,1505.75
MID,2026-09-27T02:30:00Z,N2EXMIDP,2026-09-27,8,0.0,0.0
MID,2026-09-27T02:00:00Z,APXMIDP,2026-09-27,7,125.2,1823.6
MID,2026-09-27T02:00:00Z,N2EXMIDP,2026-09-27,7,0.0,0.0
MID,2026-09-27T01:30:00Z,APXMIDP,2026-09-27,6,136.31,2687.55
MID,2026-09-27T01:30:00Z,N2EXMIDP,2026-09-27,6,0.0,0.0
MID,2026-09-27T01:00:00Z,APXMIDP,2026-09-27,5,140.98,2593.2
MID,2026-09-27T01:00:00Z,N2EXMIDP,2026-09-27,5,0.0,0.0
MID,2026-09-27T00:30:00Z,APXMIDP,2026-09-27,4,142.86,2362.0
MID,2026-09-27T00:30:00Z,N2EXMIDP,2026-09-27,4,0.0,0.0
MID,2026-09-27T00:00:00Z,APXMIDP,2026-09-27,3,141.97,2339.75
MID,2026-09-27T00:00:00Z,N2EXMIDP,2026-09-27,3,0.0,0.0
MID,2026-09-26T23:30:00Z,APXMIDP,2026-09-27,2,142.89,1936.0
MID,2026-09-26T23:30:00Z,N2EXMIDP,2026-09-27,2,0.0,0.0
MID,2026-09-26T23:00:00Z,APXMIDP,2026-09-27,1,140.15,1890.25
MID,2026-09-26T23:00:00Z,N2EXMIDP,2026-09-27,1,0.0,0.0
MID,2026-09-26T22:30:00Z,APXMIDP,2026-09-26,48,140.81,1804.35
MID,2026-09-26T22:30:00Z,N2EXMIDP,2026-09-26,48,0.0,0.0
MID,2026-09-26T22:00:00Z,APXMIDP,2026-09-26,47,138.53,1950.0
MID,2026-09-26T22:00:00Z,N2EXMIDP,2026-09-26,47,0.0,0.0
MID,2026-09-26T21:30:00Z,APXMIDP,2026-09-26,46,157.17,3004.75
MID,2026-09-26T21:30:00Z,N2EXMIDP,2026-09-26,46,0.0,0.0
MID,2026-09-26T21:00:00Z,APXMIDP,2026-09-26,45,156.62,3137.6
MID,2026-09-26T21:00:00Z,N2EXMIDP,2026-09-26,45,0.0,0.0
MID,2026-09-26T20:30:00Z,APXMIDP,2026-09-26,44,163.01,2740.75
MID,2026-09-26T20:30:00Z,N2EXMIDP,2026-09-26,44,0.0,0.0
MID,2026-09-26T20:00:00Z,APXMIDP,2026-09-26,43,170.15,2967.5
MID,2026-09-26T20:00:00Z,N2EXMIDP,2026-09-26,43,0.0,0.0
MID,2026-09-26T19:30:00Z,APXMIDP,2026-09-26,42,178.52,3873.65
MID,2026-09-26T19:30:00Z,N2EXMIDP,2026-09-26,42,0.0,0.0
MID,2026-09-26T19:00:00Z,APXMIDP,2026-09-26,41,192.38,4000.95
MID,2026-09-26T19:00:00Z,N2EXMIDP,2026-09-26,41,0.0,0.0
MID,2026-09-26T18:30:00Z,APXMIDP,2026-09-26,40,196.74,3622.45
MID,2026-09-26T18:30:00Z,N2EXMIDP,2026-09-26,40,0.0,0.0
MID,2026-09-26T18:00:00Z,APXMIDP,2026-09-26,39,197.08,3558.9
MID,2026-09-26T18:00:00Z,N2EXMIDP,2026-09-26,39,0.0,0.0
MID,2026-09-26T17:30:00Z,APXMIDP,2026-09-26,38,206.26,3977.7
MID,2026-09-26T17:30:00Z,N2EXMIDP,2026-09-26,38,0.0,0.0
MID,2026-09-26T17:00:00Z,APXMIDP,2026-09-26,37,204.4,4270.4
MID,2026-09-26T17:00:00Z,N2EXMIDP,2026-09-26,37,0.0,0.0
MID,2026-09-26T16:30:00Z,APXMIDP,2026-09-26,36,203.14,4514.35
MID,2026-09-26T16:30:00Z,N2EXMIDP,2026-09-26,36,0.0,0.0
MID,2026-09-26T16:00:00Z,APXMIDP,2026-09-26,35,188.01,3783.4
MID,2026-09-26T16:00:00Z,N2EXMIDP,2026-09-26,35,0.0,0.0
MID,2026-09-26T15:30:00Z,APXMIDP,2026-09-26,34,145.78,3822.3
MID,2026-09-26T15:30:00Z,N2EXMIDP,2026-09-26,34,0.0,0.0
MID,2026-09-26T15:00:00Z,APXMIDP,2026-09-26,33,147.75,3396.55
MID,2026-09-26T15:00:00Z,N2EXMIDP,2026-09-26,33,0.0,0.0
MID,2026-09-26T14:30:00Z,APXMIDP,2026-09-26,32,119.28,4628.5
MID,2026-09-26T14:30:00Z,N2EXMIDP,2026-09-26,32,0.0,0.0
MID,2026-09-26T14:00:00Z,APXMIDP,2026-09-26,31,110.51,4444.1
MID,2026-09-26T14:00:00Z,N2EXMIDP,2026-09-26,31,0.0,0.0
MID,2026-09-26T13:30:00Z,APXMIDP,2026-09-26,30,70.92,4105.75
MID,2026-09-26T13:30:00Z,N2EXMIDP,2026-09-26,30,0.0,0.0
MID,2026-09-26T13:00:00Z,APXMIDP,2026-09-26,29,34.5,4091.35
MID,2026-09-26T13:00:00Z,N2EXMIDP,2026-09-26,29,0.0,0.0
MID,2026-09-26T12:30:00Z,APXMIDP,2026-09-26,28,5.04,3948.75
MID,2026-09-26T12:30:00Z,N2EXMIDP,2026-09-26,28,0.0,0.0
MID,2026-09-26T12:00:00Z,APXMIDP,2026-09-26,27,18.55,3904.7
MID,2026-09-26T12:00:00Z,N2EXMIDP,2026-09-26,27,0.0,0.0
MID,2026-09-26T11:30:00Z,APXMIDP,2026-09-26,26,21.01,3724.7
MID,2026-09-26T11:30:00Z,N2EXMIDP,2026-09-26,26,0.0,0.0
MID,2026-09-26T11:00:00Z,APXMIDP,2026-09-26,25,24.4,3714.1
MID,2026-09-26T11:00:00Z,N2EXMIDP,2026-09-26,25,0.0,0.0
MID,2026-09-26T10:30:00Z,APXMIDP,2026-09-26,24,22.97,3843.1
MID,2026-09-26T10:30:00Z,N2EXMIDP,2026-09-26,24,0.0,0.0
MID,2026-09-26T10:00:00Z,APXMIDP,2026-09-26,23,28.63,3526.1
MID,2026-09-26T10:00:00Z,N2EXMIDP,2026-09-26,23,0.0,0.0
MID,2026-09-26T09:30:00Z,APXMIDP,2026-09-26,22,44.1,3593.3
MID,2026-09-26T09:30:00Z,N2EXMIDP,2026-09-26,22,0.0,0.0
MID,2026-09-26T09:00:00Z,APXMIDP,2026-09-26,21,73.93,3087.3
MID,2026-09-26T09:00:00Z,N2EXMIDP,2026-09-26,21,0.0,0.0
MID,2026-09-26T08:30:00Z,APXMIDP,2026-09-26,20,94.98,2919.2
MID,2026-09-26T08:30:00Z,N2EXMIDP,2026-09-26,20,0.0,0.0
MID,2026-09-26T08:00:00Z,APXMIDP,2026-09-26,19,114.42,2934.8
MID,2026-09-26T08:00:00Z,N2EXMIDP,2026-09-26,19,0.0,0.0
MID,2026-09-26T07:30:00Z,APXMIDP,2026-09-26,18,148.72,2343.65
MID,2026-09-26T07:30:00Z,N2EXMIDP,2026-09-26,18,0.0,0.0
MID,2026-09-26T07:00:00Z,APXMIDP,2026-09-26,17,148.67,2338.65
MID,2026-09-26T07:00:00Z,N2EXMIDP,2026-09-26,17,0.0,0.0
MID,2026-09-26T06:30:00Z,APXMIDP,2026-09-26,16,179.82,2256.05
MID,2026-09-26T06:30:00Z,N2EXMIDP,2026-09-26,16,0.0,0.0
MID,2026-09-26T06:00:00Z,APXMIDP,2026-09-26,15,165.65,1925.6
MID,2026-09-26T06:00:00Z,N2EXMIDP,2026-09-26,15,0.0,0.0
MID,2026-09-26T05:30:00Z,APXMIDP,2026-09-26,14,185.28,2677.25
MID,2026-09-26T05:30:00Z,N2EXMIDP,2026-09-26,14,0.0,0.0
MID,2026-09-26T05:00:00Z,APXMIDP,2026-09-26,13,178.78,2171.65
MID,2026-09-26T05:00:00Z,N2EXMIDP,2026-09-26,13,0.0,0.0
MID,2026-09-26T04:30:00Z,APXMIDP,2026-09-26,12,171.55,2048.4
MID,2026-09-26T04:30:00Z,N2EXMIDP,2026-09-26,12,0.0,0.0
MID,2026-09-26T04:00:00Z,APXMIDP,2026-09-26,11,167.76,1757.5
MID,2026-09-26T04:00:00Z,N2EXMIDP,2026-09-26,11,0.0,0.0
MID,2026-09-26T03:30:00Z,APXMIDP,2026-09-26,10,150.86,1792.5
MID,2026-09-26T03:30:00Z,N2EXMIDP,2026-09-26,10,0.0,0.0
MID,2026-09-26T03:00:00Z,APXMIDP,2026-09-26,9,148.75,2009.9
MID,2026-09-26T03:00:00Z,N2EXMIDP,2026-09-26,9,0.0,0.0
MID,2026-09-26T02:30:00Z,APXMIDP,2026-09-26,8,143.41,1903.05
MID,2026-09-26T02:30:00Z,N2EXMIDP,2026-09-26,8,0.0,0.0
MID,2026-09-26T02:00:00Z,APXMIDP,2026-09-26,7,144.6,1686.7
MID,2026-09-26T02:00:00Z,N2EXMIDP,2026-09-26,7,0.0,0.0
MID,2026-09-26T01:30:00Z,APXMIDP,2026-09-26,6,147.32,2402.45
MID,2026-09-26T01:30:00Z,N2EXMIDP,2026-09-26,6,0.0,0.0
MID,2026-09-26T01:00:00Z,APXMIDP,2026-09-26,5,144.52,2251.8
MID,2026-09-26T01:00:00Z,N2EXMIDP,2026-09-26,5,0.0,0.0
MID,2026-09-26T00:30:00Z,APXMIDP,2026-09-26,4,149.84,2124.65
MID,2026-09-26T00:30:00Z,N2EXMIDP,2026-09-26,4,0.0,0.0
MID,2026-09-26T00:00:00Z,APXMIDP,2026-09-26,3,149.54,1644.05
MID,2026-09-26T00:00:00Z,N2EXMIDP,2026-09-26,3,0.0,0.0
MID,2026-09-25T23:30:00Z,APXMIDP,2026-09-26,2,151.58,1897.7
MID,2026-09-25T23:30:00Z,N2EXMIDP,2026-09-26,2,0.0,0.0
MID,2026-09-25T23:00:00Z,APXMIDP,2026-09-26,1,150.09,1817.8
MID,2026-09-25T23:00:00Z,N2EXMIDP,2026-09-26,1,0.0,0.0
MID,2026-09-25T22:30:00Z,APXMIDP,2026-09-25,48,155.2,2218.3
MID,2026-09-25T22:30:00Z,N2EXMIDP,2026-09-25,48,0.0,0.0
MID,2026-09-25T22:00:00Z,APXMIDP,2026-09-25,47,153.75,2901.5
MID,2026-09-25T22:00:00Z,N2EXMIDP,2026-09-25,47,0.0,0.0
MID,2026-09-25T21:30:00Z,APXMIDP,2026-09-25,46,158.03,1897.5
MID,2026-09-25T21:30:00Z,N2EXMIDP,2026-09-25,46,0.0,0.0
MID,2026-09-25T21:00:00Z,APXMIDP,2026-09-25,45,152.26,2154.0
MID,2026-09-25T21:00:00Z,N2EXMIDP,2026-09-25,45,0.0,0.0
MID,2026-09-25T20:30:00Z,APXMIDP,2026-09-25,44,157.0,2631.15
MID,2026-09-25T20:30:00Z,N2EXMIDP,2026-09-25,44,0.0,0.0
MID,2026-09-25T20:00:00Z,APXMIDP,2026-09-25,43,164.0,2301.6
MID,2026-09-25T20:00:00Z,N2EXMIDP,2026-09-25,43,0.0,0.0
MID,2026-09-25T19:30:00Z,APXMIDP,2026-09-25,42,175.96,2984.7
MID,2026-09-25T19:30:00Z,N2EXMIDP,2026-09-25,42,0.0,0.0
MID,2026-09-25T19:00:00Z,APXMIDP,2026-09-25,41,182.64,3069.7
MID,2026-09-25T19:00:00Z,N2EXMIDP,2026-09-25,41,0.0,0.0
MID,2026-09-25T18:30:00Z,APXMIDP,2026-09-25,40,189.89,3953.8
MID,2026-09-25T18:30:00Z,N2EXMIDP,2026-09-25,40,0.0,0.0
MID,2026-09-25T18:00:00Z,APXMIDP,2026-09-25,39,185.7,3456.2
MID,2026-09-25T18:00:00Z,N2EXMIDP,2026-09-25,39,0.0,0.0
MID,2026-09-25T17:30:00Z,APXMIDP,2026-09-25,38,191.43,3958.9
MID,2026-09-25T17:30:00Z,N2EXMIDP,2026-09-25,38,0.0,0.0
MID,2026-09-25T17:00:00Z,APXMIDP,2026-09-25,37,186.37,3971.5
MID,2026-09-25T17:00:00Z,N2EXMIDP,2026-09-25,37,0.0,0.0
MID,2026-09-25T16:30:00Z,APXMIDP,2026-09-25,36,190.16,4532.6
MID,2026-09-25T16:30:00Z,N2EXMIDP,2026-09-25,36,0.0,0.0
MID,2026-09-25T16:00:00Z,APXMIDP,2026-09-25,35,190.1,3737.85
MID,2026-09-25T16:00:00Z,N2EXMIDP,2026-09-25,35,0.0,0.0
MID,2026-09-25T15:30:00Z,APXMIDP,2026-09-25,34,155.57,3957.75
MID,2026-09-25T15:30:00Z,N2EXMIDP,2026-09-25,34,0.0,0.0
MID,2026-09-25T15:00:00Z,APXMIDP,2026-09-25,33,150.68,4242.15
MID,2026-09-25T15:00:00Z,N2EXMIDP,2026-09-25,33,0.0,0.0
MID,2026-09-25T14:30:00Z,APXMIDP,2026-09-25,32,132.21,3738.25
MID,2026-09-25T14:30:00Z,N2EXMIDP,2026-09-25,32,0.0,0.0
MID,2026-09-25T14:00:00Z,APXMIDP,2026-09-25,31,127.87,3844.3
MID,2026-09-25T14:00:00Z,N2EXMIDP,2026-09-25,31,0.0,0.0
MID,2026-09-25T13:30:00Z,APXMIDP,2026-09-25,30,127.58,3531.1
MID,2026-09-25T13:30:00Z,N2EXMIDP,2026-09-25,30,0.0,0.0
MID,2026-09-25T13:00:00Z,APXMIDP,2026-09-25,29,125.9,3197.15
MID,2026-09-25T13:00:00Z,N2EXMIDP,2026-09-25,29,0.0,0.0
MID,2026-09-25T12:30:00Z,APXMIDP,2026-09-25,28,130.18,3006.85
MID,2026-09-25T12:30:00Z,N2EXMIDP,2026-09-25,28,0.0,0.0
MID,2026-09-25T12:00:00Z,APXMIDP,2026-09-25,27,132.01,3204.55
MID,2026-09-25T12:00:00Z,N2EXMIDP,2026-09-25,27,0.0,0.0
MID,2026-09-25T11:30:00Z,APXMIDP,2026-09-25,26,132.54,3311.3
MID,2026-09-25T11:30:00Z,N2EXMIDP,2026-09-25,26,0.0,0.0
MID,2026-09-25T11:00:00Z,APXMIDP,2026-09-25,25,128.4,3279.5
MID,2026-09-25T11:00:00Z,N2EXMIDP,2026-09-25,25,0.0,0.0
MID,2026-09-25T10:30:00Z,APXMIDP,2026-09-25,24,130.46,3519.0
MID,2026-09-25T10:30:00Z,N2EXMIDP,2026-09-25,24,0.0,0.0
MID,2026-09-25T10:00:00Z,APXMIDP,2026-09-25,23,139.34,3483.8
MID,2026-09-25T10:00:00Z,N2EXMIDP,2026-09-25,23,0.0,0.0
MID,2026-09-25T09:30:00Z,APXMIDP,2026-09-25,22,131.92,2724.0
MID,2026-09-25T09:30:00Z,N2EXMIDP,2026-09-25,22,0.0,0.0
MID,2026-09-25T09:00:00Z,APXMIDP,2026-09-25,21,127.9,2717.75
MID,2026-09-25T09:00:00Z,N2EXMIDP,2026-09-25,21,0.0,0.0
MID,2026-09-25T08:30:00Z,APXMIDP,2026-09-25,20,127.05,2341.5
MID,2026-09-25T08:30:00Z,N2EXMIDP,2026-09-25,20,0.0,0.0
MID,2026-09-25T08:00:00Z,APXMIDP,2026-09-25,19,135.74,2680.5
MID,2026-09-25T08:00:00Z,N2EXMIDP,2026-09-25,19,0.0,0.0
MID,2026-09-25T07:30:00Z,APXMIDP,2026-09-25,18,158.97,2861.5
MID,2026-09-25T07:30:00Z,N2EXMIDP,2026-09-25,18,0.0,0.0
MID,2026-09-25T07:00:00Z,APXMIDP,2026-09-25,17,170.12,3085.6
MID,2026-09-25T07:00:00Z,N2EXMIDP,2026-09-25,17,0.0,0.0
MID,2026-09-25T06:30:00Z,APXMIDP,2026-09-25,16,194.97,2992.9
MID,2026-09-25T06:30:00Z,N2EXMIDP,2026-09-25,16,0.0,0.0
MID,2026-09-25T06:00:00Z,APXMIDP,2026-09-25,15,183.91,2688.95
MID,2026-09-25T06:00:00Z,N2EXMIDP,2026-09-25,15,0.0,0.0
MID,2026-09-25T05:30:00Z,APXMIDP,2026-09-25,14,170.25,2506.6
MID,2026-09-25T05:30:00Z,N2EXMIDP,2026-09-25,14,0.0,0.0
MID,2026-09-25T05:00:00Z,APXMIDP,2026-09-25,13,169.17,2676.35
MID,2026-09-25T05:00:00Z,N2EXMIDP,2026-09-25,13,0.0,0.0
MID,2026-09-25T04:30:00Z,APXMIDP,2026-09-25,12,151.8,1967.25
MID,2026-09-25T04:30:00Z,N2EXMIDP,2026-09-25,12,0.0,0.0
MID,2026-09-25T04:00:00Z,APXMIDP,2026-09-25,11,151.39,1850.0
MID,2026-09-25T04:00:00Z,N2EXMIDP,2026-09-25,11,0.0,0.0
MID,2026-09-25T03:30:00Z,APXMIDP,2026-09-25,10,145.83,2250.3
MID,2026-09-25T03:30:00Z,N2EXMIDP,2026-09-25,10,0.0,0.0
MID,2026-09-25T03:00:00Z,APXMIDP,2026-09-25,9,141.84,2245.55
MID,2026-09-25T03:00:00Z,N2EXMIDP,2026-09-25,9,0.0,0.0
MID,2026-09-25T02:30:00Z,APXMIDP,2026-09-25,8,146.27,2193.3
MID,2026-09-25T02:30:00Z,N2EXMIDP,2026-09-25,8,0.0,0.0
MID,2026-09-25T02:00:00Z,APXMIDP,2026-09-25,7,140.78,2151.0
MID,2026-09-25T02:00:00Z,N2EXMIDP,2026-09-25,7,0.0,0.0
MID,2026-09-25T01:30:00Z,APXMIDP,2026-09-25,6,144.96,2100.95
MID,2026-09-25T01:30:00Z,N2EXMIDP,2026-09-25,6,0.0,0.0
MID,2026-09-25T01:00:00Z,APXMIDP,2026-09-25,5,141.82,2022.15
MID,2026-09-25T01:00:00Z,N2EXMIDP,2026-09-25,5,0.0,0.0
MID,2026-09-25T00:30:00Z,APXMIDP,2026-09-25,4,145.09,1969.65
MID,2026-09-25T00:30:00Z,N2EXMIDP,2026-09-25,4,0.0,0.0
MID,2026-09-25T00:00:00Z,APXMIDP,2026-09-25,3,146.34,1961.7
MID,2026-09-25T00:00:00Z,N2EXMIDP,2026-09-25,3,0.0,0.0
MID,2026-09-24T23:30:00Z,APXMIDP,2026-09-25,2,152.96,2118.7
MID,2026-09-24T23:30:00Z,N2EXMIDP,2026-09-25,2,0.0,0.0
MID,2026-09-24T23:00:00Z,APXMIDP,2026-09-25,1,151.38,2253.85
MID,2026-09-24T23:00:00Z,N2EXMIDP,2026-09-25,1,0.0,0.0
MID,2026-09-24T22:30:00Z,APXMIDP,2026-09-24,48,149.6,1825.65
MID,2026-09-24T22:30:00Z,N2EXMIDP,2026-09-24,48,0.0,0.0
MID,2026-09-24T22:00:00Z,APXMIDP,2026-09-24,47,152.42,1840.05
MID,2026-09-24T22:00:00Z,N2EXMIDP,2026-09-24,47,0.0,0.0
MID,2026-09-24T21:30:00Z,APXMIDP,2026-09-24,46,162.28,2203.1
MID,2026-09-24T21:30:00Z,N2EXMIDP,2026-09-24,46,0.0,0.0
MID,2026-09-24T21:00:00Z,APXMIDP,2026-09-24,45,162.54,2359.65
MID,2026-09-24T21:00:00Z,N2EXMIDP,2026-09-24,45,0.0,0.0
MID,2026-09-24T20:30:00Z,APXMIDP,2026-09-24,44,159.34,2088.85
MID,2026-09-24T20:30:00Z,N2EXMIDP,2026-09-24,44,0.0,0.0
MID,2026-09-24T20:00:00Z,APXMIDP,2026-09-24,43,179.78,2388.95
MID,2026-09-24T20:00:00Z,N2EXMIDP,2026-09-24,43,0.0,0.0
MID,2026-09-24T19:30:00Z,APXMIDP,2026-09-24,42,194.84,3023.7
MID,2026-09-24T19:30:00Z,N2EXMIDP,2026-09-24,42,0.0,0.0
MID,2026-09-24T19:00:00Z,APXMIDP,2026-09-24,41,199.83,3556.35
MID,2026-09-24T19:00:00Z,N2EXMIDP,2026-09-24,41,0.0,0.0
MID,2026-09-24T18:30:00Z,APXMIDP,2026-09-24,40,201.7,3949.2
MID,2026-09-24T18:30:00Z,N2EXMIDP,2026-09-24,40,0.0,0.0
MID,2026-09-24T18:00:00Z,APXMIDP,2026-09-24,39,204.69,3457.1
MID,2026-09-24T18:00:00Z,N2EXMIDP,2026-09-24,39,0.0,0.0
MID,2026-09-24T17:30:00Z,APXMIDP,2026-09-24,38,206.08,4232.1
MID,2026-09-24T17:30:00Z,N2EXMIDP,2026-09-24,38,0.0,0.0
MID,2026-09-24T17:00:00Z,APXMIDP,2026-09-24,37,209.8,3774.85
MID,2026-09-24T17:00:00Z,N2EXMIDP,2026-09-24,37,0.0,0.0
MID,2026-09-24T16:30:00Z,APXMIDP,2026-09-24,36,210.3,4977.4
MID,2026-09-24T16:30:00Z,N2EXMIDP,2026-09-24,36,0.0,0.0
MID,2026-09-24T16:00:00Z,APXMIDP,2026-09-24,35,204.85,4165.1
MID,2026-09-24T16:00:00Z,N2EXMIDP,2026-09-24,35,0.0,0.0
MID,2026-09-24T15:30:00Z,APXMIDP,2026-09-24,34,170.44,4135.35
MID,2026-09-24T15:30:00Z,N2EXMIDP,2026-09-24,34,0.0,0.0
MID,2026-09-24T15:00:00Z,APXMIDP,2026-09-24,33,171.43,4210.85
MID,2026-09-24T15:00:00Z,N2EXMIDP,2026-09-24,33,0.0,0.0
MID,2026-09-24T14:30:00Z,APXMIDP,2026-09-24,32,159.9,4629.6
MID,2026-09-24T14:30:00Z,N2EXMIDP,2026-09-24,32,0.0,0.0
MID,2026-09-24T14:00:00Z,APXMIDP,2026-09-24,31,160.14,4853.05
MID,2026-09-24T14:00:00Z,N2EXMIDP,2026-09-24,31,0.0,0.0
MID,2026-09-24T13:30:00Z,APXMIDP,2026-09-24,30,142.06,4393.4
MID,2026-09-24T13:30:00Z,N2EXMIDP,2026-09-24,30,0.0,0.0
MID,2026-09-24T13:00:00Z,APXMIDP,2026-09-24,29,149.67,4579.9
MID,2026-09-24T13:00:00Z,N2EXMIDP,2026-09-24,29,0.0,0.0
MID,2026-09-24T12:30:00Z,APXMIDP,2026-09-24,28,151.94,4556.85
MID,2026-09-24T12:30:00Z,N2EXMIDP,2026-09-24,28,0.0,0.0
MID,2026-09-24T12:00:00Z,APXMIDP,2026-09-24,27,142.16,4429.4
MID,2026-09-24T12:00:00Z,N2EXMIDP,2026-09-24,27,0.0,0.0
MID,2026-09-24T11:30:00Z,APXMIDP,2026-09-24,26,151.93,4705.2
MID,2026-09-24T11:30:00Z,N2EXMIDP,2026-09-24,26,0.0,0.0
MID,2026-09-24T11:00:00Z,APXMIDP,2026-09-24,25,144.57,4177.9
MID,2026-09-24T11:00:00Z,N2EXMIDP,2026-09-24,25,0.0,0.0
MID,2026-09-24T10:30:00Z,APXMIDP,2026-09-24,24,152.15,3586.7
MID,2026-09-24T10:30:00Z,N2EXMIDP,2026-09-24,24,0.0,0.0
MID,2026-09-24T10:00:00Z,APXMIDP,2026-09-24,23,158.95,3805.05
MID,2026-09-24T10:00:00Z,N2EXMIDP,2026-09-24,23,0.0,0.0
MID,2026-09-24T09:30:00Z,APXMIDP,2026-09-24,22,169.16,3733.55
MID,2026-09-24T09:30:00Z,N2EXMIDP,2026-09-24,22,0.0,0.0
MID,2026-09-24T09:00:00Z,APXMIDP,2026-09-24,21,167.86,3687.5
MID,2026-09-24T09:00:00Z,N2EXMIDP,2026-09-24,21,0.0,0.0
MID,2026-09-24T08:30:00Z,APXMIDP,2026-09-24,20,159.6,3455.9
MID,2026-09-24T08:30:00Z,N2EXMIDP,2026-09-24,20,0.0,0.0
MID,2026-09-24T08:00:00Z,APXMIDP,2026-09-24,19,156.71,2676.1
MID,2026-09-24T08:00:00Z,N2EXMIDP,2026-09-24,19,0.0,0.0
MID,2026-09-24T07:30:00Z,APXMIDP,2026-09-24,18,164.56,2669.25
MID,2026-09-24T07:30:00Z,N2EXMIDP,2026-09-24,18,0.0,0.0
MID,2026-09-24T07:00:00Z,APXMIDP,2026-09-24,17,172.05,2606.45
MID,2026-09-24T07:00:00Z,N2EXMIDP,2026-09-24,17,0.0,0.0
MID,2026-09-24T06:30:00Z,APXMIDP,2026-09-24,16,199.12,3546.35
MID,2026-09-24T06:30:00Z,N2EXMIDP,2026-09-24,16,0.0,0.0
MID,2026-09-24T06:00:00Z,APXMIDP,2026-09-24,15,194.53,2950.15
MID,2026-09-24T06:00:00Z,N2EXMIDP,2026-09-24,15,0.0,0.0
MID,2026-09-24T05:30:00Z,APXMIDP,2026-09-24,14,189.57,2984.25
MID,2026-09-24T05:30:00Z,N2EXMIDP,2026-09-24,14,0.0,0.0
MID,2026-09-24T05:00:00Z,APXMIDP,2026-09-24,13,187.32,2400.4
MID,2026-09-24T05:00:00Z,N2EXMIDP,2026-09-24,13,0.0,0.0
MID,2026-09-24T04:30:00Z,APXMIDP,2026-09-24,12,172.55,1591.9
MID,2026-09-24T04:30:00Z,N2EXMIDP,2026-09-24,12,0.0,0.0
MID,2026-09-24T04:00:00Z,APXMIDP,2026-09-24,11,163.45,1495.3
MID,2026-09-24T04:00:00Z,N2EXMIDP,2026-09-24,11,0.0,0.0
MID,2026-09-24T03:30:00Z,APXMIDP,2026-09-24,10,146.35,2032.45
MID,2026-09-24T03:30:00Z,N2EXMIDP,2026-09-24,10,0.0,0.0
MID,2026-09-24T03:00:00Z,APXMIDP,2026-09-24,9,143.37,1940.05
MID,2026-09-24T03:00:00Z,N2EXMIDP,2026-09-24,9,0.0,0.0
MID,2026-09-24T02:30:00Z,APXMIDP,2026-09-24,8,141.88,1840.85
MID,2026-09-24T02:30:00Z,N2EXMIDP,2026-09-24,8,0.0,0.0
MID,2026-09-24T02:00:00Z,APXMIDP,2026-09-24,7,143.48,1971.75
MID,2026-09-24T02:00:00Z,N2EXMIDP,2026-09-24,7,0.0,0.0
MID,2026-09-24T01:30:00Z,APXMIDP,2026-09-24,6,140.17,1550.4
MID,2026-09-24T01:30:00Z,N2EXMIDP,2026-09-24,6,0.0,0.0
MID,2026-09-24T01:00:00Z,APXMIDP,2026-09-24,5,142.02,1644.35
MID,2026-09-24T01:00:00Z,N2EXMIDP,2026-09-24,5,0.0,0.0
MID,2026-09-24T00:30:00Z,APXMIDP,2026-09-24,4,139.03,1756.95
MID,2026-09-24T00:30:00Z,N2EXMIDP,2026-09-24,4,0.0,0.0
MID,2026-09-24T00:00:00Z,APXMIDP,2026-09-24,3,136.65,1579.55
MID,2026-09-24T00:00:00Z,N2EXMIDP,2026-09-24,3,0.0,0.0
MID,2026-09-23T23:30:00Z,APXMIDP,2026-09-24,2,143.07,1756.4
MID,2026-09-23T23:30:00Z,N2EXMIDP,2026-09-24,2,0.0,0.0
MID,2026-09-23T23:00:00Z,APXMIDP,2026-09-24,1,140.53,1753.9
MID,2026-09-23T23:00:00Z,N2EXMIDP,2026-09-24,1,0.0,0.0
MID,2026-09-23T22:30:00Z,APXMIDP,2026-09-23,48,145.15,2345.75
MID,2026-09-23T22:30:00Z,N2EXMIDP,2026-09-23,48,0.0,0.0
MID,2026-09-23T22:00:00Z,APXMIDP,2026-09-23,47,138.48,2489.5
MID,2026-09-23T22:00:00Z,N2EXMIDP,2026-09-23,47,0.0,0.0
MID,2026-09-23T21:30:00Z,APXMIDP,2026-09-23,46,155.11,4349.95
MID,2026-09-23T21:30:00Z,N2EXMIDP,2026-09-23,46,0.0,0.0
MID,2026-09-23T21:00:00Z,APXMIDP,2026-09-23,45,165.49,3936.4
MID,2026-09-23T21:00:00Z,N2EXMIDP,2026-09-23,45,0.0,0.0
MID,2026-09-23T20:30:00Z,APXMIDP,2026-09-23,44,161.57,4212.1
MID,2026-09-23T20:30:00Z,N2EXMIDP,2026-09-23,44,0.0,0.0
MID,2026-09-23T20:00:00Z,APXMIDP,2026-09-23,43,163.96,3852.55
MID,2026-09-23T20:00:00Z,N2EXMIDP,2026-09-23,43,0.0,0.0
MID,2026-09-23T19:30:00Z,APXMIDP,2026-09-23,42,177.02,5020.8
MID,2026-09-23T19:30:00Z,N2EXMIDP,2026-09-23,42,0.0,0.0
MID,2026-09-23T19:00:00Z,APXMIDP,2026-09-23,41,182.11,5585.25
MID,2026-09-23T19:00:00Z,N2EXMIDP,2026-09-23,41,0.0,0.0
MID,2026-09-23T18:30:00Z,APXMIDP,2026-09-23,40,197.53,4705.5
MID,2026-09-23T18:30:00Z,N2EXMIDP,2026-09-23,40,0.0,0.0
MID,2026-09-23T18:00:00Z,APXMIDP,2026-09-23,39,203.69,4575.3
MID,2026-09-23T18:00:00Z,N2EXMIDP,2026-09-23,39,0.0,0.0
MID,2026-09-23T17:30:00Z,APXMIDP,2026-09-23,38,210.83,5065.55
MID,2026-09-23T17:30:00Z,N2EXMIDP,2026-09-23,38,0.0,0.0
MID,2026-09-23T17:00:00Z,APXMIDP,2026-09-23,37,202.71,4851.8
MID,2026-09-23T17:00:00Z,N2EXMIDP,2026-09-23,37,0.0,0.0
MID,2026-09-23T16:30:00Z,APXMIDP,2026-09-23,36,186.33,5003.8
MID,2026-09-23T16:30:00Z,N2EXMIDP,2026-09-23,36,0.0,0.0
MID,2026-09-23T16:00:00Z,APXMIDP,2026-09-23,35,181.78,4863.25
MID,2026-09-23T16:00:00Z,N2EXMIDP,2026-09-23,35,0.0,0.0
MID,2026-09-23T15:30:00Z,APXMIDP,2026-09-23,34,142.94,5029.65
MID,2026-09-23T15:30:00Z,N2EXMIDP,2026-09-23,34,0.0,0.0
MID,2026-09-23T15:00:00Z,APXMIDP,2026-09-23,33,149.83,5131.45
MID,2026-09-23T15:00:00Z,N2EXMIDP,2026-09-23,33,0.0,0.0
MID,2026-09-23T14:30:00Z,APXMIDP,2026-09-23,32,154.49,6000.85
MID,2026-09-23T14:30:00Z,N2EXMIDP,2026-09-23,32,0.0,0.0
MID,2026-09-23T14:00:00Z,APXMIDP,2026-09-23,31,155.93,4726.4
MID,2026-09-23T14:00:00Z,N2EXMIDP,2026-09-23,31,0.0,0.0
MID,2026-09-23T13:30:00Z,APXMIDP,2026-09-23,30,144.33,5151.55
MID,2026-09-23T13:30:00Z,N2EXMIDP,2026-09-23,30,0.0,0.0
MID,2026-09-23T13:00:00Z,APXMIDP,2026-09-23,29,145.21,5161.5
MID,2026-09-23T13:00:00Z,N2EXMIDP,2026-09-23,29,0.0,0.0
MID,2026-09-23T12:30:00Z,APXMIDP,2026-09-23,28,135.35,4593.2
MID,2026-09-23T12:30:00Z,N2EXMIDP,2026-09-23,28,0.0,0.0
MID,2026-09-23T12:00:00Z,APXMIDP,2026-09-23,27,134.8,4696.15
MID,2026-09-23T12:00:00Z,N2EXMIDP,2026-09-23,27,0.0,0.0
MID,2026-09-23T11:30:00Z,APXMIDP,2026-09-23,26,133.93,4587.0
MID,2026-09-23T11:30:00Z,N2EXMIDP,2026-09-23,26,0.0,0.0
MID,2026-09-23T11:00:00Z,APXMIDP,2026-09-23,25,129.77,4217.3
MID,2026-09-23T11:00:00Z,N2EXMIDP,2026-09-23,25,0.0,0.0
MID,2026-09-23T10:30:00Z,APXMIDP,2026-09-23,24,114.86,4109.0
MID,2026-09-23T10:30:00Z,N2EXMIDP,2026-09-23,24,0.0,0.0
MID,2026-09-23T10:00:00Z,APXMIDP,2026-09-23,23,113.24,3860.9
MID,2026-09-23T10:00:00Z,N2EXMIDP,2026-09-23,23,0.0,0.0
MID,2026-09-23T09:30:00Z,APXMIDP,2026-09-23,22,121.85,3598.6
MID,2026-09-23T09:30:00Z,N2EXMIDP,2026-09-23,22,0.0,0.0
MID,2026-09-23T09:00:00Z,APXMIDP,2026-09-23,21,123.07,3290.45
MID,2026-09-23T09:00:00Z,N2EXMIDP,2026-09-23,21,0.0,0.0
MID,2026-09-23T08:30:00Z,APXMIDP,2026-09-23,20,129.01,3712.0
MID,2026-09-23T08:30:00Z,N2EXMIDP,2026-09-23,20,0.0,0.0
MID,2026-09-23T08:00:00Z,APXMIDP,2026-09-23,19,128.24,3273.7
MID,2026-09-23T08:00:00Z,N2EXMIDP,2026-09-23,19,0.0,0.0
MID,2026-09-23T07:30:00Z,APXMIDP,2026-09-23,18,144.65,3836.65
MID,2026-09-23T07:30:00Z,N2EXMIDP,2026-09-23,18,0.0,0.0
MID,2026-09-23T07:00:00Z,APXMIDP,2026-09-23,17,146.49,3534.8
MID,2026-09-23T07:00:00Z,N2EXMIDP,2026-09-23,17,0.0,0.0
MID,2026-09-23T06:30:00Z,APXMIDP,2026-09-23,16,177.0,4199.6
MID,2026-09-23T06:30:00Z,N2EXMIDP,2026-09-23,16,0.0,0.0
MID,2026-09-23T06:00:00Z,APXMIDP,2026-09-23,15,165.32,4104.45
MID,2026-09-23T06:00:00Z,N2EXMIDP,2026-09-23,15,0.0,0.0
MID,2026-09-23T05:30:00Z,APXMIDP,2026-09-23,14,151.04,3642.75
MID,2026-09-23T05:30:00Z,N2EXMIDP,2026-09-23,14,0.0,0.0
MID,2026-09-23T05:00:00Z,APXMIDP,2026-09-23,13,149.12,3029.0
MID,2026-09-23T05:00:00Z,N2EXMIDP,2026-09-23,13,0.0,0.0
MID,2026-09-23T04:30:00Z,APXMIDP,2026-09-23,12,144.51,2320.7
MID,2026-09-23T04:30:00Z,N2EXMIDP,2026-09-23,12,0.0,0.0
MID,2026-09-23T04:00:00Z,APXMIDP,2026-09-23,11,145.1,2328.6
MID,2026-09-23T04:00:00Z,N2EXMIDP,2026-09-23,11,0.0,0.0
MID,2026-09-23T03:30:00Z,APXMIDP,2026-09-23,10,142.05,2444.75
MID,2026-09-23T03:30:00Z,N2EXMIDP,2026-09-23,10,0.0,0.0
MID,2026-09-23T03:00:00Z,APXMIDP,2026-09-23,9,144.45,2189.7
MID,2026-09-23T03:00:00Z,N2EXMIDP,2026-09-23,9,0.0,0.0
MID,2026-09-23T02:30:00Z,APXMIDP,2026-09-23,8,142.11,2500.65
MID,2026-09-23T02:30:00Z,N2EXMIDP,2026-09-23,8,0.0,0.0
MID,2026-09-23T02:00:00Z,APXMIDP,2026-09-23,7,146.46,2573.9
MID,2026-09-23T02:00:00Z,N2EXMIDP,2026-09-23,7,0.0,0.0
MID,2026-09-23T01:30:00Z,APXMIDP,2026-09-23,6,138.27,2548.5
MID,2026-09-23T01:30:00Z,N2EXMIDP,2026-09-23,6,0.0,0.0
MID,2026-09-23T01:00:00Z,APXMIDP,2026-09-23,5,142.86,2545.7
MID,2026-09-23T01:00:00Z,N2EXMIDP,2026-09-23,5,0.0,0.0
MID,2026-09-23T00:30:00Z,APXMIDP,2026-09-23,4,143.69,2280.75
MID,2026-09-23T00:30:00Z,N2EXMIDP,2026-09-23,4,0.0,0.0
MID,2026-09-23T00:00:00Z,APXMIDP,2026-09-23,3,149.47,2227.9
MID,2026-09-23T00:00:00Z,N2EXMIDP,2026-09-23,3,0.0,0.0
MID,2026-09-22T23:30:00Z,APXMIDP,2026-09-23,2,144.39,1964.45
MID,2026-09-22T23:30:00Z,N2EXMIDP,2026-09-23,2,0.0,0.0
MID,2026-09-22T23:00:00Z,APXMIDP,2026-09-23,1,152.39,2011.55
MID,2026-09-22T23:00:00Z,N2EXMIDP,2026-09-23,1,0.0,0.0
MID,2026-09-22T22:30:00Z,APXMIDP,2026-09-22,48,149.06,2075.15
MID,2026-09-22T22:30:00Z,N2EXMIDP,2026-09-22,48,0.0,0.0
MID,2026-09-22T22:00:00Z,APXMIDP,2026-09-22,47,142.47,2339.65
MID,2026-09-22T22:00:00Z,N2EXMIDP,2026-09-22,47,0.0,0.0
MID,2026-09-22T21:30:00Z,APXMIDP,2026-09-22,46,156.24,3594.5
MID,2026-09-22T21:30:00Z,N2EXMIDP,2026-09-22,46,0.0,0.0
MID,2026-09-22T21:00:00Z,APXMIDP,2026-09-22,45,166.13,3509.9
MID,2026-09-22T21:00:00Z,N2EXMIDP,2026-09-22,45,0.0,0.0
MID,2026-09-22T20:30:00Z,APXMIDP,2026-09-22,44,172.15,4165.15
MID,2026-09-22T20:30:00Z,N2EXMIDP,2026-09-22,44,0.0,0.0
MID,2026-09-22T20:00:00Z,APXMIDP,2026-09-22,43,190.89,4249.8
MID,2026-09-22T20:00:00Z,N2EXMIDP,2026-09-22,43,0.0,0.0
MID,2026-09-22T19:30:00Z,APXMIDP,2026-09-22,42,200.57,4422.95
MID,2026-09-22T19:30:00Z,N2EXMIDP,2026-09-22,42,0.0,0.0
MID,2026-09-22T19:00:00Z,APXMIDP,2026-09-22,41,213.71,4290.7
MID,2026-09-22T19:00:00Z,N2EXMIDP,2026-09-22,41,0.0,0.0
MID,2026-09-22T18:30:00Z,APXMIDP,2026-09-22,40,224.96,4114.75
MID,2026-09-22T18:30:00Z,N2EXMIDP,2026-09-22,40,0.0,0.0
MID,2026-09-22T18:00:00Z,APXMIDP,2026-09-22,39,228.4,3689.8
MID,2026-09-22T18:00:00Z,N2EXMIDP,2026-09-22,39,0.0,0.0
MID,2026-09-22T17:30:00Z,APXMIDP,2026-09-22,38,227.31,3881.3
MID,2026-09-22T17:30:00Z,N2EXMIDP,2026-09-22,38,0.0,0.0
MID,2026-09-22T17:00:00Z,APXMIDP,2026-09-22,37,236.8,4231.05
MID,2026-09-22T17:00:00Z,N2EXMIDP,2026-09-22,37,0.0,0.0
MID,2026-09-22T16:30:00Z,APXMIDP,2026-09-22,36,224.84,4488.0
MID,2026-09-22T16:30:00Z,N2EXMIDP,2026-09-22,36,0.0,0.0
MID,2026-09-22T16:00:00Z,APXMIDP,2026-09-22,35,220.01,4569.7
MID,2026-09-22T16:00:00Z,N2EXMIDP,2026-09-22,35,0.0,0.0
MID,2026-09-22T15:30:00Z,APXMIDP,2026-09-22,34,186.81,3626.55
MID,2026-09-22T15:30:00Z,N2EXMIDP,2026-09-22,34,0.0,0.0
MID,2026-09-22T15:00:00Z,APXMIDP,2026-09-22,33,154.24,3866.85
MID,2026-09-22T15:00:00Z,N2EXMIDP,2026-09-22,33,0.0,0.0
MID,2026-09-22T14:30:00Z,APXMIDP,2026-09-22,32,135.36,2983.6
MID,2026-09-22T14:30:00Z,N2EXMIDP,2026-09-22,32,0.0,0.0
MID,2026-09-22T14:00:00Z,APXMIDP,2026-09-22,31,132.53,3780.7
MID,2026-09-22T14:00:00Z,N2EXMIDP,2026-09-22,31,0.0,0.0
MID,2026-09-22T13:30:00Z,APXMIDP,2026-09-22,30,127.71,4616.4
MID,2026-09-22T13:30:00Z,N2EXMIDP,2026-09-22,30,0.0,0.0
MID,2026-09-22T13:00:00Z,APXMIDP,2026-09-22,29,123.86,4159.4
MID,2026-09-22T13:00:00Z,N2EXMIDP,2026-09-22,29,0.0,0.0
MID,2026-09-22T12:30:00Z,APXMIDP,2026-09-22,28,122.03,4211.6
MID,2026-09-22T12:30:00Z,N2EXMIDP,2026-09-22,28,0.0,0.0
MID,2026-09-22T12:00:00Z,APXMIDP,2026-09-22,27,122.04,4318.85
MID,2026-09-22T12:00:00Z,N2EXMIDP,2026-09-22,27,0.0,0.0
MID,2026-09-22T11:30:00Z,APXMIDP,2026-09-22,26,123.37,4764.3
MID,2026-09-22T11:30:00Z,N2EXMIDP,2026-09-22,26,0.0,0.0
MID,2026-09-22T11:00:00Z,APXMIDP,2026-09-22,25,123.62,4392.8
MID,2026-09-22T11:00:00Z,N2EXMIDP,2026-09-22,25,0.0,0.0
MID,2026-09-22T10:30:00Z,APXMIDP,2026-09-22,24,122.98,3749.5
MID,2026-09-22T10:30:00Z,N2EXMIDP,2026-09-22,24,0.0,0.0
MID,2026-09-22T10:00:00Z,APXMIDP,2026-09-22,23,128.53,3806.3
MID,2026-09-22T10:00:00Z,N2EXMIDP,2026-09-22,23,0.0,0.0
MID,2026-09-22T09:30:00Z,APXMIDP,2026-09-22,22,129.11,3364.65
MID,2026-09-22T09:30:00Z,N2EXMIDP,2026-09-22,22,0.0,0.0
MID,2026-09-22T09:00:00Z,APXMIDP,2026-09-22,21,129.53,2865.05
MID,2026-09-22T09:00:00Z,N2EXMIDP,2026-09-22,21,0.0,0.0
MID,2026-09-22T08:30:00Z,APXMIDP,2026-09-22,20,132.64,3029.4
MID,2026-09-22T08:30:00Z,N2EXMIDP,2026-09-22,20,0.0,0.0
MID,2026-09-22T08:00:00Z,APXMIDP,2026-09-22,19,133.27,3080.6
MID,2026-09-22T08:00:00Z,N2EXMIDP,2026-09-22,19,0.0,0.0
MID,2026-09-22T07:30:00Z,APXMIDP,2026-09-22,18,150.12,2917.35
MID,2026-09-22T07:30:00Z,N2EXMIDP,2026-09-22,18,0.0,0.0
MID,2026-09-22T07:00:00Z,APXMIDP,2026-09-22,17,150.92,2883.3
MID,2026-09-22T07:00:00Z,N2EXMIDP,2026-09-22,17,0.0,0.0
MID,2026-09-22T06:30:00Z,APXMIDP,2026-09-22,16,181.41,3231.45
MID,2026-09-22T06:30:00Z,N2EXMIDP,2026-09-22,16,0.0,0.0
MID,2026-09-22T06:00:00Z,APXMIDP,2026-09-22,15,180.97,3045.3
MID,2026-09-22T06:00:00Z,N2EXMIDP,2026-09-22,15,0.0,0.0
MID,2026-09-22T05:30:00Z,APXMIDP,2026-09-22,14,168.7,2947.7
MID,2026-09-22T05:30:00Z,N2EXMIDP,2026-09-22,14,0.0,0.0
MID,2026-09-22T05:00:00Z,APXMIDP,2026-09-22,13,166.0,2756.85
MID,2026-09-22T05:00:00Z,N2EXMIDP,2026-09-22,13,0.0,0.0
MID,2026-09-22T04:30:00Z,APXMIDP,2026-09-22,12,152.57,2244.1
MID,2026-09-22T04:30:00Z,N2EXMIDP,2026-09-22,12,0.0,0.0
MID,2026-09-22T04:00:00Z,APXMIDP,2026-09-22,11,161.73,2587.85
MID,2026-09-22T04:00:00Z,N2EXMIDP,2026-09-22,11,0.0,0.0
MID,2026-09-22T03:30:00Z,APXMIDP,2026-09-22,10,152.69,2378.9
MID,2026-09-22T03:30:00Z,N2EXMIDP,2026-09-22,10,0.0,0.0
MID,2026-09-22T03:00:00Z,APXMIDP,2026-09-22,9,136.31,1871.5
MID,2026-09-22T03:00:00Z,N2EXMIDP,2026-09-22,9,0.0,0.0
MID,2026-09-22T02:30:00Z,APXMIDP,2026-09-22,8,139.03,2028.3
MID,2026-09-22T02:30:00Z,N2EXMIDP,2026-09-22,8,0.0,0.0
MID,2026-09-22T02:00:00Z,APXMIDP,2026-09-22,7,140.43,2075.75
MID,2026-09-22T02:00:00Z,N2EXMIDP,2026-09-22,7,0.0,0.0
MID,2026-09-22T01:30:00Z,APXMIDP,2026-09-22,6,142.13,2270.5
MID,2026-09-22T01:30:00Z,N2EXMIDP,2026-09-22,6,0.0,0.0
MID,2026-09-22T01:00:00Z,APXMIDP,2026-09-22,5,138.2,2291.25
MID,2026-09-22T01:00:00Z,N2EXMIDP,2026-09-22,5,0.0,0.0
MID,2026-09-22T00:30:00Z,APXMIDP,2026-09-22,4,140.4,1866.4
MID,2026-09-22T00:30:00Z,N2EXMIDP,2026-09-22,4,0.0,0.0
MID,2026-09-22T00:00:00Z,APXMIDP,2026-09-22,3,143.47,2140.55
MID,2026-09-22T00:00:00Z,N2EXMIDP,2026-09-22,3,0.0,0.0
MID,2026-09-21T23:30:00Z,APXMIDP,2026-09-22,2,139.68,1760.8
MID,2026-09-21T23:30:00Z,N2EXMIDP,2026-09-22,2,0.0,0.0
MID,2026-09-21T23:00:00Z,APXMIDP,2026-09-22,1,142.81,1777.2
MID,2026-09-21T23:00:00Z,N2EXMIDP,2026-09-22,1,0.0,0.0
MID,2026-09-21T22:30:00Z,APXMIDP,2026-09-21,48,142.42,1648.05
MID,2026-09-21T22:30:00Z,N2EXMIDP,2026-09-21,48,0.0,0.0
MID,2026-09-21T22:00:00Z,APXMIDP,2026-09-21,47,139.3,1973.25
MID,2026-09-21T22:00:00Z,N2EXMIDP,2026-09-21,47,0.0,0.0
MID,2026-09-21T21:30:00Z,APXMIDP,2026-09-21,46,156.16,2626.3
MID,2026-09-21T21:30:00Z,N2EXMIDP,2026-09-21,46,0.0,0.0
MID,2026-09-21T21:00:00Z,APXMIDP,2026-09-21,45,165.9,2494.1
MID,2026-09-21T21:00:00Z,N2EXMIDP,2026-09-21,45,0.0,0.0
MID,2026-09-21T20:30:00Z,APXMIDP,2026-09-21,44,162.85,2588.85
MID,2026-09-21T20:30:00Z,N2EXMIDP,2026-09-21,44,0.0,0.0
MID,2026-09-21T20:00:00Z,APXMIDP,2026-09-21,43,182.5,2810.9
MID,2026-09-21T20:00:00Z,N2EXMIDP,2026-09-21,43,0.0,0.0
MID,2026-09-21T19:30:00Z,APXMIDP,2026-09-21,42,193.44,3317.9
MID,2026-09-21T19:30:00Z,N2EXMIDP,2026-09-21,42,0.0,0.0
MID,2026-09-21T19:00:00Z,APXMIDP,2026-09-21,41,197.03,3275.8
MID,2026-09-21T19:00:00Z,N2EXMIDP,2026-09-21,41,0.0,0.0
MID,2026-09-21T18:30:00Z,APXMIDP,2026-09-21,40,201.97,3535.5
MID,2026-09-21T18:30:00Z,N2EXMIDP,2026-09-21,40,0.0,0.0
MID,2026-09-21T18:00:00Z,APXMIDP,2026-09-21,39,205.18,3558.55
MID,2026-09-21T18:00:00Z,N2EXMIDP,2026-09-21,39,0.0,0.0
MID,2026-09-21T17:30:00Z,APXMIDP,2026-09-21,38,206.43,3457.95
MID,2026-09-21T17:30:00Z,N2EXMIDP,2026-09-21,38,0.0,0.0
MID,2026-09-21T17:00:00Z,APXMIDP,2026-09-21,37,207.07,3426.0
MID,2026-09-21T17:00:00Z,N2EXMIDP,2026-09-21,37,0.0,0.0
MID,2026-09-21T16:30:00Z,APXMIDP,2026-09-21,36,203.05,3543.25
MID,2026-09-21T16:30:00Z,N2EXMIDP,2026-09-21,36,0.0,0.0
MID,2026-09-21T16:00:00Z,APXMIDP,2026-09-21,35,200.43,2657.2
MID,2026-09-21T16:00:00Z,N2EXMIDP,2026-09-21,35,0.0,0.0
MID,2026-09-21T15:30:00Z,APXMIDP,2026-09-21,34,151.77,3803.1
MID,2026-09-21T15:30:00Z,N2EXMIDP,2026-09-21,34,0.0,0.0
MID,2026-09-21T15:00:00Z,APXMIDP,2026-09-21,33,141.2,3356.45
MID,2026-09-21T15:00:00Z,N2EXMIDP,2026-09-21,33,0.0,0.0
MID,2026-09-21T14:30:00Z,APXMIDP,2026-09-21,32,145.05,2842.6
MID,2026-09-21T14:30:00Z,N2EXMIDP,2026-09-21,32,0.0,0.0
MID,2026-09-21T14:00:00Z,APXMIDP,2026-09-21,31,145.73,3192.1
MID,2026-09-21T14:00:00Z,N2EXMIDP,2026-09-21,31,0.0,0.0
MID,2026-09-21T13:30:00Z,APXMIDP,2026-09-21,30,148.28,3520.7
MID,2026-09-21T13:30:00Z,N2EXMIDP,2026-09-21,30,0.0,0.0
MID,2026-09-21T13:00:00Z,APXMIDP,2026-09-21,29,149.28,3942.4
MID,2026-09-21T13:00:00Z,N2EXMIDP,2026-09-21,29,0.0,0.0
MID,2026-09-21T12:30:00Z,APXMIDP,2026-09-21,28,158.59,3786.45
MID,2026-09-21T12:30:00Z,N2EXMIDP,2026-09-21,28,0.0,0.0
MID,2026-09-21T12:00:00Z,APXMIDP,2026-09-21,27,161.96,3282.3
MID,2026-09-21T12:00:00Z,N2EXMIDP,2026-09-21,27,0.0,0.0
MID,2026-09-21T11:30:00Z,APXMIDP,2026-09-21,26,151.37,3253.55
MID,2026-09-21T11:30:00Z,N2EXMIDP,2026-09-21,26,0.0,0.0
MID,2026-09-21T11:00:00Z,APXMIDP,2026-09-21,25,148.23,2804.05
MID,2026-09-21T11:00:00Z,N2EXMIDP,2026-09-21,25,0.0,0.0
MID,2026-09-21T10:30:00Z,APXMIDP,2026-09-21,24,151.11,2552.1
MID,2026-09-21T10:30:00Z,N2EXMIDP,2026-09-21,24,0.0,0.0
MID,2026-09-21T10:00:00Z,APXMIDP,2026-09-21,23,160.64,2813.7
MID,2026-09-21T10:00:00Z,N2EXMIDP,2026-09-21,23,0.0,0.0
MID,2026-09-21T09:30:00Z,APXMIDP,2026-09-21,22,185.3,3412.1
MID,2026-09-21T09:30:00Z,N2EXMIDP,2026-09-21,22,0.0,0.0
MID,2026-09-21T09:00:00Z,APXMIDP,2026-09-21,21,186.07,3269.85
MID,2026-09-21T09:00:00Z,N2EXMIDP,2026-09-21,21,0.0,0.0
MID,2026-09-21T08:30:00Z,APXMIDP,2026-09-21,20,190.64,3045.75
MID,2026-09-21T08:30:00Z,N2EXMIDP,2026-09-21,20,0.0,0.0
MID,2026-09-21T08:00:00Z,APXMIDP,2026-09-21,19,201.31,2941.7
MID,2026-09-21T08:00:00Z,N2EXMIDP,2026-09-21,19,0.0,0.0
MID,2026-09-21T07:30:00Z,APXMIDP,2026-09-21,18,201.36,2565.6
MID,2026-09-21T07:30:00Z,N2EXMIDP,2026-09-21,18,0.0,0.0
MID,2026-09-21T07:00:00Z,APXMIDP,2026-09-21,17,198.55,2402.05
MID,2026-09-21T07:00:00Z,N2EXMIDP,2026-09-21,17,0.0,0.0
MID,2026-09-21T06:30:00Z,APXMIDP,2026-09-21,16,203.75,2489.7
MID,2026-09-21T06:30:00Z,N2EXMIDP,2026-09-21,16,0.0,0.0
MID,2026-09-21T06:00:00Z,APXMIDP,2026-09-21,15,194.74,2536.85
MID,2026-09-21T06:00:00Z,N2EXMIDP,2026-09-21,15,0.0,0.0
MID,2026-09-21T05:30:00Z,APXMIDP,2026-09-21,14,181.97,3042.55
MID,2026-09-21T05:30:00Z,N2EXMIDP,2026-09-21,14,0.0,0.0
MID,2026-09-21T05:00:00Z,APXMIDP,2026-09-21,13,167.58,2162.65
MID,2026-09-21T05:00:00Z,N2EXMIDP,2026-09-21,13,0.0,0.0
MID,2026-09-21T04:30:00Z,APXMIDP,2026-09-21,12,157.0,2759.55
MID,2026-09-21T04:30:00Z,N2EXMIDP,2026-09-21,12,0.0,0.0
MID,2026-09-21T04:00:00Z,APXMIDP,2026-09-21,11,151.5,2228.0
MID,2026-09-21T04:00:00Z,N2EXMIDP,2026-09-21,11,0.0,0.0
MID,2026-09-21T03:30:00Z,APXMIDP,2026-09-21,10,134.98,2427.85
MID,2026-09-21T03:30:00Z,N2EXMIDP,2026-09-21,10,0.0,0.0
MID,2026-09-21T03:00:00Z,APXMIDP,2026-09-21,9,138.05,2255.75
MID,2026-09-21T03:00:00Z,N2EXMIDP,2026-09-21,9,0.0,0.0
MID,2026-09-21T02:30:00Z,APXMIDP,2026-09-21,8,141.32,2210.45
MID,2026-09-21T02:30:00Z,N2EXMIDP,2026-09-21,8,0.0,0.0
MID,2026-09-21T02:00:00Z,APXMIDP,2026-09-21,7,148.62,2271.3
MID,2026-09-21T02:00:00Z,N2EXMIDP,2026-09-21,7,0.0,0.0
MID,2026-09-21T01:30:00Z,APXMIDP,2026-09-21,6,136.55,2153.9
MID,2026-09-21T01:30:00Z,N2EXMIDP,2026-09-21,6,0.0,0.0
MID,2026-09-21T01:00:00Z,APXMIDP,2026-09-21,5,137.86,2197.7
MID,2026-09-21T01:00:00Z,N2EXMIDP,2026-09-21,5,0.0,0.0
MID,2026-09-21T00:30:00Z,APXMIDP,2026-09-21,4,143.68,1882.9
MID,2026-09-21T00:30:00Z,N2EXMIDP,2026-09-21,4,0.0,0.0
MID,2026-09-21T00:00:00Z,APXMIDP,2026-09-21,3,138.2,1990.5
MID,2026-09-21T00:00:00Z,N2EXMIDP,2026-09-21,3,0.0,0.0
MID,2026-09-20T23:30:00Z,APXMIDP,2026-09-21,2,145.96,2079.95
MID,2026-09-20T23:30:00Z,N2EXMIDP,2026-09-21,2,0.0,0.0
MID,2026-09-20T23:00:00Z,APXMIDP,2026-09-21,1,157.3,2248.8
MID,2026-09-20T23:00:00Z,N2EXMIDP,2026-09-21,1,0.0,0.0
MID,2026-09-20T22:30:00Z,APXMIDP,2026-09-20,48,151.09,1740.6
MID,2026-09-20T22:30:00Z,N2EXMIDP,2026-09-20,48,0.0,0.0
MID,2026-09-20T22:00:00Z,APXMIDP,2026-09-20,47,162.19,1643.15
MID,2026-09-20T22:00:00Z,N2EXMIDP,2026-09-20,47,0.0,0.0
MID,2026-09-20T21:30:00Z,APXMIDP,2026-09-20,46,161.54,2444.6
MID,2026-09-20T21:30:00Z,N2EXMIDP,2026-09-20,46,0.0,0.0
MID,2026-09-20T21:00:00Z,APXMIDP,2026-09-20,45,180.27,2355.05
MID,2026-09-20T21:00:00Z,N2EXMIDP,2026-09-20,45,0.0,0.0
MID,2026-09-20T20:30:00Z,APXMIDP,2026-09-20,44,192.91,2427.25
MID,2026-09-20T20:30:00Z,N2EXMIDP,2026-09-20,44,0.0,0.0
MID,2026-09-20T20:00:00Z,APXMIDP,2026-09-20,43,197.83,2294.3
MID,2026-09-20T20:00:00Z,N2EXMIDP,2026-09-20,43,0.0,0.0
MID,2026-09-20T19:30:00Z,APXMIDP,2026-09-20,42,195.13,2761.55
MID,2026-09-20T19:30:00Z,N2EXMIDP,2026-09-20,42,0.0,0.0
MID,2026-09-20T19:00:00Z,APXMIDP,2026-09-20,41,196.91,2752.7
MID,2026-09-20T19:00:00Z,N2EXMIDP,2026-09-20,41,0.0,0.0
MID,2026-09-20T18:30:00Z,APXMIDP,2026-09-20,40,195.65,2599.7
MID,2026-09-20T18:30:00Z,N2EXMIDP,2026-09-20,40,0.0,0.0
MID,2026-09-20T18:00:00Z,APXMIDP,2026-09-20,39,187.71,2330.9
MID,2026-09-20T18:00:00Z,N2EXMIDP,2026-09-20,39,0.0,0.0
MID,2026-09-20T17:30:00Z,APXMIDP,2026-09-20,38,179.7,2886.4
MID,2026-09-20T17:30:00Z,N2EXMIDP,2026-09-20,38,0.0,0.0
MID,2026-09-20T17:00:00Z,APXMIDP,2026-09-20,37,175.57,3681.25
MID,2026-09-20T17:00:00Z,N2EXMIDP,2026-09-20,37,0.0,0.0
MID,2026-09-20T16:30:00Z,APXMIDP,2026-09-20,36,134.16,3510.25
MID,2026-09-20T16:30:00Z,N2EXMIDP,2026-09-20,36,0.0,0.0
MID,2026-09-20T16:00:00Z,APXMIDP,2026-09-20,35,103.7,3820.3
MID,2026-09-20T16:00:00Z,N2EXMIDP,2026-09-20,35,0.0,0.0
MID,2026-09-20T15:30:00Z,APXMIDP,2026-09-20,34,38.19,3728.5
MID,2026-09-20T15:30:00Z,N2EXMIDP,2026-09-20,34,0.0,0.0
MID,2026-09-20T15:00:00Z,APXMIDP,2026-09-20,33,-19.03,2884.75
MID,2026-09-20T15:00:00Z,N2EXMIDP,2026-09-20,33,0.0,0.0
MID,2026-09-20T14:30:00Z,APXMIDP,2026-09-20,32,-12.14,3406.15
MID,2026-09-20T14:30:00Z,N2EXMIDP,2026-09-20,32,0.0,0.0
MID,2026-09-20T14:00:00Z,APXMIDP,2026-09-20,31,-16.34,2973.85
MID,2026-09-20T14:00:00Z,N2EXMIDP,2026-09-20,31,0.0,0.0
MID,2026-09-20T13:30:00Z,APXMIDP,2026-09-20,30,-11.88,2666.45
MID,2026-09-20T13:30:00Z,N2EXMIDP,2026-09-20,30,0.0,0.0
MID,2026-09-20T13:00:00Z,APXMIDP,2026-09-20,29,-7.19,2410.05
MID,2026-09-20T13:00:00Z,N2EXMIDP,2026-09-20,29,0.0,0.0
MID,2026-09-20T12:30:00Z,APXMIDP,2026-09-20,28,-4.99,2105.1
MID,2026-09-20T12:30:00Z,N2EXMIDP,2026-09-20,28,0.0,0.0
MID,2026-09-20T12:00:00Z,APXMIDP,2026-09-20,27,-3.23,2671.7
MID,2026-09-20T12:00:00Z,N2EXMIDP,2026-09-20,27,0.0,0.0
MID,2026-09-20T11:30:00Z,APXMIDP,2026-09-20,26,-4.52,2327.0
MID,2026-09-20T11:30:00Z,N2EXMIDP,2026-09-20,26,0.0,0.0
MID,2026-09-20T11:00:00Z,APXMIDP,2026-09-20,25,-3.82,2371.35
MID,2026-09-20T11:00:00Z,N2EXMIDP,2026-09-20,25,0.0,0.0
MID,2026-09-20T10:30:00Z,APXMIDP,2026-09-20,24,-2.81,2180.85
MID,2026-09-20T10:30:00Z,N2EXMIDP,2026-09-20,24,0.0,0.0
MID,2026-09-20T10:00:00Z,APXMIDP,2026-09-20,23,-2.86,2177.4
MID,2026-09-20T10:00:00Z,N2EXMIDP,2026-09-20,23,0.0,0.0
MID,2026-09-20T09:30:00Z,APXMIDP,2026-09-20,22,-0.87,2246.25
MID,2026-09-20T09:30:00Z,N2EXMIDP,2026-09-20,22,0.0,0.0
MID,2026-09-20T09:00:00Z,APXMIDP,2026-09-20,21,0.11,1921.05
MID,2026-09-20T09:00:00Z,N2EXMIDP,2026-09-20,21,0.0,0.0
MID,2026-09-20T08:30:00Z,APXMIDP,2026-09-20,20,1.12,2177.85
MID,2026-09-20T08:30:00Z,N2EXMIDP,2026-09-20,20,0.0,0.0
MID,2026-09-20T08:00:00Z,APXMIDP,2026-09-20,19,3.07,2391.8
MID,2026-09-20T08:00:00Z,N2EXMIDP,2026-09-20,19,0.0,0.0
MID,2026-09-20T07:30:00Z,APXMIDP,2026-09-20,18,13.67,2468.45
MID,2026-09-20T07:30:00Z,N2EXMIDP,2026-09-20,18,0.0,0.0
MID,2026-09-20T07:00:00Z,APXMIDP,2026-09-20,17,7.78,2125.2
MID,2026-09-20T07:00:00Z,N2EXMIDP,2026-09-20,17,0.0,0.0
MID,2026-09-20T06:30:00Z,APXMIDP,2026-09-20,16,9.36,2287.5
MID,2026-09-20T06:30:00Z,N2EXMIDP,2026-09-20,16,0.0,0.0
MID,2026-09-20T06:00:00Z,APXMIDP,2026-09-20,15,7.92,2206.9
MID,2026-09-20T06:00:00Z,N2EXMIDP,2026-09-20,15,0.0,0.0
MID,2026-09-20T05:30:00Z,APXMIDP,2026-09-20,14,10.56,2308.6
MID,2026-09-20T05:30:00Z,N2EXMIDP,2026-09-20,14,0.0,0.0
MID,2026-09-20T05:00:00Z,APXMIDP,2026-09-20,13,11.61,2117.45
MID,2026-09-20T05:00:00Z,N2EXMIDP,2026-09-20,13,0.0,0.0
MID,2026-09-20T04:30:00Z,APXMIDP,2026-09-20,12,20.49,2138.15
MID,2026-09-20T04:30:00Z,N2EXMIDP,2026-09-20,12,0.0,0.0
MID,2026-09-20T04:00:00Z,APXMIDP,2026-09-20,11,10.35,1944.6
MID,2026-09-20T04:00:00Z,N2EXMIDP,2026-09-20,11,0.0,0.0
MID,2026-09-20T03:30:00Z,APXMIDP,2026-09-20,10,0.61,1727.75
MID,2026-09-20T03:30:00Z,N2EXMIDP,2026-09-20,10,0.0,0.0
MID,2026-09-20T03:00:00Z,APXMIDP,2026-09-20,9,-0.44,1470.0
MID,2026-09-20T03:00:00Z,N2EXMIDP,2026-09-20,9,0.0,0.0
MID,2026-09-20T02:30:00Z,APXMIDP,2026-09-20,8,-0.46,1673.1
MID,2026-09-20T02:30:00Z,N2EXMIDP,2026-09-20,8,0.0,0.0
MID,2026-09-20T02:00:00Z,APXMIDP,2026-09-20,7,-0.63,1706.45
MID,2026-09-20T02:00:00Z,N2EXMIDP,2026-09-20,7,0.0,0.0
MID,2026-09-20T01:30:00Z,APXMIDP,2026-09-20,6,0.05,2125.5
MID,2026-09-20T01:30:00Z,N2EXMIDP,2026-09-20,6,0.0,0.0
MID,2026-09-20T01:00:00Z,APXMIDP,2026-09-20,5,-1.78,1808.25
MID,2026-09-20T01:00:00Z,N2EXMIDP,2026-09-20,5,0.0,0.0
MID,2026-09-20T00:30:00Z,APXMIDP,2026-09-20,4,-1.69,1956.35
MID,2026-09-20T00:30:00Z,N2EXMIDP,2026-09-20,4,0.0,0.0
MID,2026-09-20T00:00:00Z,APXMIDP,2026-09-20,3,-1.14,1883.3
MID,2026-09-20T00:00:00Z,N2EXMIDP,2026-09-20,3,0.0,0.0
MID,2026-09-19T23:30:00Z,APXMIDP,2026-09-20,2,1.21,1530.05
MID,2026-09-19T23:30:00Z,N2EXMIDP,2026-09-20,2,0.0,0.0
MID,2026-09-19T23:00:00Z,APXMIDP,2026-09-20,1,4.17,1625.15
MID,2026-09-19T23:00:00Z,N2EXMIDP,2026-09-20,1,0.0,0.0
MID,2026-09-19T22:30:00Z,APXMIDP,2026-09-19,48,7.12,1755.55
MID,2026-09-19T22:30:00Z,N2EXMIDP,2026-09-19,48,0.0,0.0
MID,2026-09-19T22:00:00Z,APXMIDP,2026-09-19,47,11.98,2453.9
MID,2026-09-19T22:00:00Z,N2EXMIDP,2026-09-19,47,0.0,0.0
MID,2026-09-19T21:30:00Z,APXMIDP,2026-09-19,46,32.6,3149.85
MID,2026-09-19T21:30:00Z,N2EXMIDP,2026-09-19,46,0.0,0.0
MID,2026-09-19T21:00:00Z,APXMIDP,2026-09-19,45,35.5,2856.85
MID,2026-09-19T21:00:00Z,N2EXMIDP,2026-09-19,45,0.0,0.0
MID,2026-09-19T20:30:00Z,APXMIDP,2026-09-19,44,49.98,3275.5
MID,2026-09-19T20:30:00Z,N2EXMIDP,2026-09-19,44,0.0,0.0
MID,2026-09-19T20:00:00Z,APXMIDP,2026-09-19,43,85.47,3334.35
MID,2026-09-19T20:00:00Z,N2EXMIDP,2026-09-19,43,0.0,0.0
MID,2026-09-19T19:30:00Z,APXMIDP,2026-09-19,42,75.29,3576.15
MID,2026-09-19T19:30:00Z,N2EXMIDP,2026-09-19,42,0.0,0.0
MID,2026-09-19T19:00:00Z,APXMIDP,2026-09-19,41,102.81,3773.55
MID,2026-09-19T19:00:00Z,N2EXMIDP,2026-09-19,41,0.0,0.0
MID,2026-09-19T18:30:00Z,APXMIDP,2026-09-19,40,137.3,3522.8
MID,2026-09-19T18:30:00Z,N2EXMIDP,2026-09-19,40,0.0,0.0
MID,2026-09-19T18:00:00Z,APXMIDP,2026-09-19,39,129.15,3075.6
MID,2026-09-19T18:00:00Z,N2EXMIDP,2026-09-19,39,0.0,0.0
MID,2026-09-19T17:30:00Z,APXMIDP,2026-09-19,38,121.1,3634.75
MID,2026-09-19T17:30:00Z,N2EXMIDP,2026-09-19,38,0.0,0.0
MID,2026-09-19T17:00:00Z,APXMIDP,2026-09-19,37,109.09,3676.9
MID,2026-09-19T17:00:00Z,N2EXMIDP,2026-09-19,37,0.0,0.0
MID,2026-09-19T16:30:00Z,APXMIDP,2026-09-19,36,83.52,3956.7
MID,2026-09-19T16:30:00Z,N2EXMIDP,2026-09-19,36,0.0,0.0
MID,2026-09-19T16:00:00Z,APXMIDP,2026-09-19,35,67.69,4232.7
MID,2026-09-19T16:00:00Z,N2EXMIDP,2026-09-19,35,0.0,0.0
MID,2026-09-19T15:30:00Z,APXMIDP,2026-09-19,34,49.7,4108.2
MID,2026-09-19T15:30:00Z,N2EXMIDP,2026-09-19,34,0.0,0.0
MID,2026-09-19T15:00:00Z,APXMIDP,2026-09-19,33,31.83,3271.3
MID,2026-09-19T15:00:00Z,N2EXMIDP,2026-09-19,33,0.0,0.0
MID,2026-09-19T14:30:00Z,APXMIDP,2026-09-19,32,7.21,2898.15
MID,2026-09-19T14:30:00Z,N2EXMIDP,2026-09-19,32,0.0,0.0
MID,2026-09-19T14:00:00Z,APXMIDP,2026-09-19,31,2.05,2846.35
MID,2026-09-19T14:00:00Z,N2EXMIDP,2026-09-19,31,0.0,0.0
MID,2026-09-19T13:30:00Z,APXMIDP,2026-09-19,30,-1.57,2330.85
MID,2026-09-19T13:30:00Z,N2EXMIDP,2026-09-19,30,0.0,0.0
MID,2026-09-19T13:00:00Z,APXMIDP,2026-09-19,29,-1.47,2010.8
MID,2026-09-19T13:00:00Z,N2EXMIDP,2026-09-19,29,0.0,0.0
MID,2026-09-19T12:30:00Z,APXMIDP,2026-09-19,28,-2.19,1926.55
MID,2026-09-19T12:30:00Z,N2EXMIDP,2026-09-19,28,0.0,0.0
MID,2026-09-19T12:00:00Z,APXMIDP,2026-09-19,27,-0.1,1889.55
MID,2026-09-19T12:00:00Z,N2EXMIDP,2026-09-19,27,0.0,0.0
MID,2026-09-19T11:30:00Z,APXMIDP,2026-09-19,26,0.76,2122.15
MID,2026-09-19T11:30:00Z,N2EXMIDP,2026-09-19,26,0.0,0.0
MID,2026-09-19T11:00:00Z,APXMIDP,2026-09-19,25,1.53,2067.0
MID,2026-09-19T11:00:00Z,N2EXMIDP,2026-09-19,25,0.0,0.0
MID,2026-09-19T10:30:00Z,APXMIDP,2026-09-19,24,0.75,2171.5
MID,2026-09-19T10:30:00Z,N2EXMIDP,2026-09-19,24,0.0,0.0
MID,2026-09-19T10:00:00Z,APXMIDP,2026-09-19,23,2.99,2122.2
MID,2026-09-19T10:00:00Z,N2EXMIDP,2026-09-19,23,0.0,0.0
MID,2026-09-19T09:30:00Z,APXMIDP,2026-09-19,22,4.17,2493.35
MID,2026-09-19T09:30:00Z,N2EXMIDP,2026-09-19,22,0.0,0.0
MID,2026-09-19T09:00:00Z,APXMIDP,2026-09-19,21,5.52,2752.25
MID,2026-09-19T09:00:00Z,N2EXMIDP,2026-09-19,21,0.0,0.0
MID,2026-09-19T08:30:00Z,APXMIDP,2026-09-19,20,5.96,3132.95
MID,2026-09-19T08:30:00Z,N2EXMIDP,2026-09-19,20,0.0,0.0
MID,2026-09-19T08:00:00Z,APXMIDP,2026-09-19,19,8.61,3340.85
MID,2026-09-19T08:00:00Z,N2EXMIDP,2026-09-19,19,0.0,0.0
MID,2026-09-19T07:30:00Z,APXMIDP,2026-09-19,18,12.51,3255.3
MID,2026-09-19T07:30:00Z,N2EXMIDP,2026-09-19,18,0.0,0.0
MID,2026-09-19T07:00:00Z,APXMIDP,2026-09-19,17,10.95,2942.65
MID,2026-09-19T07:00:00Z,N2EXMIDP,2026-09-19,17,0.0,0.0
MID,2026-09-19T06:30:00Z,APXMIDP,2026-09-19,16,14.49,2611.5
MID,2026-09-19T06:30:00Z,N2EXMIDP,2026-09-19,16,0.0,0.0
MID,2026-09-19T06:00:00Z,APXMIDP,2026-09-19,15,11.09,2062.7
MID,2026-09-19T06:00:00Z,N2EXMIDP,2026-09-19,15,0.0,0.0
MID,2026-09-19T05:30:00Z,APXMIDP,2026-09-19,14,7.12,2197.5
MID,2026-09-19T05:30:00Z,N2EXMIDP,2026-09-19,14,0.0,0.0
MID,2026-09-19T05:00:00Z,APXMIDP,2026-09-19,13,6.78,2176.9
MID,2026-09-19T05:00:00Z,N2EXMIDP,2026-09-19,13,0.0,0.0
MID,2026-09-19T04:30:00Z,APXMIDP,2026-09-19,12,3.91,2269.2
MID,2026-09-19T04:30:00Z,N2EXMIDP,2026-09-19,12,0.0,0.0
MID,2026-09-19T04:00:00Z,APXMIDP,2026-09-19,11,2.18,2065.1
MID,2026-09-19T04:00:00Z,N2EXMIDP,2026-09-19,11,0.0,0.0
MID,2026-09-19T03:30:00Z,APXMIDP,2026-09-19,10,4.04,2174.55
MID,2026-09-19T03:30:00Z,N2EXMIDP,2026-09-19,10,0.0,0.0
MID,2026-09-19T03:00:00Z,APXMIDP,2026-09-19,9,1.06,1987.7
MID,2026-09-19T03:00:00Z,N2EXMIDP,2026-09-19,9,0.0,0.0
MID,2026-09-19T02:30:00Z,APXMIDP,2026-09-19,8,2.56,2124.15
MID,2026-09-19T02:30:00Z,N2EXMIDP,2026-09-19,8,0.0,0.0
MID,2026-09-19T02:00:00Z,APXMIDP,2026-09-19,7,1.14,2059.85
MID,2026-09-19T02:00:00Z,N2EXMIDP,2026-09-19,7,0.0,0.0
MID,2026-09-19T01:30:00Z,APXMIDP,2026-09-19,6,-0.2,2003.6
MID,2026-09-19T01:30:00Z,N2EXMIDP,2026-09-19,6,0.0,0.0
MID,2026-09-19T01:00:00Z,APXMIDP,2026-09-19,5,-0.25,2022.5
MID,2026-09-19T01:00:00Z,N2EXMIDP,2026-09-19,5,0.0,0.0
MID,2026-09-19T00:30:00Z,APXMIDP,2026-09-19,4,-2.24,1853.65
MID,2026-09-19T00:30:00Z,N2EXMIDP,2026-09-19,4,0.0,0.0
MID,2026-09-19T00:00:00Z,APXMIDP,2026-09-19,3,-0.36,1952.25
MID,2026-09-19T00:00:00Z,N2EXMIDP,2026-09-19,3,0.0,0.0
MID,2026-09-18T23:30:00Z,APXMIDP,2026-09-19,2,-2.04,1726.1
MID,2026-09-18T23:30:00Z,N2EXMIDP,2026-09-19,2,0.0,0.0
MID,2026-09-18T23:00:00Z,APXMIDP,2026-09-19,1,-3.26,1542.55
MID,2026-09-18T23:00:00Z,N2EXMIDP,2026-09-19,1,0.0,0.0
MID,2026-09-18T22:30:00Z,APXMIDP,2026-09-18,48,-0.5,2158.3
MID,2026-09-18T22:30:00Z,N2EXMIDP,2026-09-18,48,0.0,0.0
MID,2026-09-18T22:00:00Z,APXMIDP,2026-09-18,47,0.15,2034.65
MID,2026-09-18T22:00:00Z,N2EXMIDP,2026-09-18,47,0.0,0.0
MID,2026-09-18T21:30:00Z,APXMIDP,2026-09-18,46,13.1,3200.95
MID,2026-09-18T21:30:00Z,N2EXMIDP,2026-09-18,46,0.0,0.0
MID,2026-09-18T21:00:00Z,APXMIDP,2026-09-18,45,16.09,2883.05
MID,2026-09-18T21:00:00Z,N2EXMIDP,2026-09-18,45,0.0,0.0
MID,2026-09-18T20:30:00Z,APXMIDP,2026-09-18,44,22.33,3334.5
MID,2026-09-18T20:30:00Z,N2EXMIDP,2026-09-18,44,0.0,0.0
MID,2026-09-18T20:00:00Z,APXMIDP,2026-09-18,43,35.67,3522.65
MID,2026-09-18T20:00:00Z,N2EXMIDP,2026-09-18,43,0.0,0.0
MID,2026-09-18T19:30:00Z,APXMIDP,2026-09-18,42,56.63,3617.8
MID,2026-09-18T19:30:00Z,N2EXMIDP,2026-09-18,42,0.0,0.0
MID,2026-09-18T19:00:00Z,APXMIDP,2026-09-18,41,74.59,3588.4
MID,2026-09-18T19:00:00Z,N2EXMIDP,2026-09-18,41,0.0,0.0
MID,2026-09-18T18:30:00Z,APXMIDP,2026-09-18,40,86.12,3180.2
MID,2026-09-18T18:30:00Z,N2EXMIDP,2026-09-18,40,0.0,0.0
MID,2026-09-18T18:00:00Z,APXMIDP,2026-09-18,39,97.06,3070.9
MID,2026-09-18T18:00:00Z,N2EXMIDP,2026-09-18,39,0.0,0.0
MID,2026-09-18T17:30:00Z,APXMIDP,2026-09-18,38,117.35,3103.75
MID,2026-09-18T17:30:00Z,N2EXMIDP,2026-09-18,38,0.0,0.0
MID,2026-09-18T17:00:00Z,APXMIDP,2026-09-18,37,123.97,3137.6
MID,2026-09-18T17:00:00Z,N2EXMIDP,2026-09-18,37,0.0,0.0
MID,2026-09-18T16:30:00Z,APXMIDP,2026-09-18,36,114.48,3806.9
MID,2026-09-18T16:30:00Z,N2EXMIDP,2026-09-18,36,0.0,0.0
MID,2026-09-18T16:00:00Z,APXMIDP,2026-09-18,35,117.38,3621.7
MID,2026-09-18T16:00:00Z,N2EXMIDP,2026-09-18,35,0.0,0.0
MID,2026-09-18T15:30:00Z,APXMIDP,2026-09-18,34,47.36,3973.8
MID,2026-09-18T15:30:00Z,N2EXMIDP,2026-09-18,34,0.0,0.0
MID,2026-09-18T15:00:00Z,APXMIDP,2026-09-18,33,44.79,4127.9
MID,2026-09-18T15:00:00Z,N2EXMIDP,2026-09-18,33,0.0,0.0
MID,2026-09-18T14:30:00Z,APXMIDP,2026-09-18,32,30.73,4296.6
MID,2026-09-18T14:30:00Z,N2EXMIDP,2026-09-18,32,0.0,0.0
MID,2026-09-18T14:00:00Z,APXMIDP,2026-09-18,31,23.47,4294.35
MID,2026-09-18T14:00:00Z,N2EXMIDP,2026-09-18,31,0.0,0.0
MID,2026-09-18T13:30:00Z,APXMIDP,2026-09-18,30,7.74,3803.0
MID,2026-09-18T13:30:00Z,N2EXMIDP,2026-09-18,30,0.0,0.0
MID,2026-09-18T13:00:00Z,APXMIDP,2026-09-18,29,11.31,3828.5
MID,2026-09-18T13:00:00Z,N2EXMIDP,2026-09-18,29,0.0,0.0
MID,2026-09-18T12:30:00Z,APXMIDP,2026-09-18,28,10.38,3787.9
MID,2026-09-18T12:30:00Z,N2EXMIDP,2026-09-18,28,0.0,0.0
MID,2026-09-18T12:00:00Z,APXMIDP,2026-09-18,27,9.47,3687.65
MID,2026-09-18T12:00:00Z,N2EXMIDP,2026-09-18,27,0.0,0.0
MID,2026-09-18T11:30:00Z,APXMIDP,2026-09-18,26,8.8,3314.35
MID,2026-09-18T11:30:00Z,N2EXMIDP,2026-09-18,26,0.0,0.0
MID,2026-09-18T11:00:00Z,APXMIDP,2026-09-18,25,9.54,3971.3
MID,2026-09-18T11:00:00Z,N2EXMIDP,2026-09-18,25,0.0,0.0
MID,2026-09-18T10:30:00Z,APXMIDP,2026-09-18,24,7.6,3116.85
MID,2026-09-18T10:30:00Z,N2EXMIDP,2026-09-18,24,0.0,0.0
MID,2026-09-18T10:00:00Z,APXMIDP,2026-09-18,23,16.09,3094.7
MID,2026-09-18T10:00:00Z,N2EXMIDP,2026-09-18,23,0.0,0.0
MID,2026-09-18T09:30:00Z,APXMIDP,2026-09-18,22,50.55,3332.65
MID,2026-09-18T09:30:00Z,N2EXMIDP,2026-09-18,22,0.0,0.0
MID,2026-09-18T09:00:00Z,APXMIDP,2026-09-18,21,60.95,3352.35
MID,2026-09-18T09:00:00Z,N2EXMIDP,2026-09-18,21,0.0,0.0
MID,2026-09-18T08:30:00Z,APXMIDP,2026-09-18,20,89.19,4036.95
MID,2026-09-18T08:30:00Z,N2EXMIDP,2026-09-18,20,0.0,0.0
MID,2026-09-18T08:00:00Z,APXMIDP,2026-09-18,19,102.59,4154.7
MID,2026-09-18T08:00:00Z,N2EXMIDP,2026-09-18,19,0.0,0.0
MID,2026-09-18T07:30:00Z,APXMIDP,2026-09-18,18,123.92,4102.45
MID,2026-09-18T07:30:00Z,N2EXMIDP,2026-09-18,18,0.0,0.0
MID,2026-09-18T07:00:00Z,APXMIDP,2026-09-18,17,136.07,3592.15
MID,2026-09-18T07:00:00Z,N2EXMIDP,2026-09-18,17,0.0,0.0
MID,2026-09-18T06:30:00Z,APXMIDP,2026-09-18,16,162.7,3715.3
MID,2026-09-18T06:30:00Z,N2EXMIDP,2026-09-18,16,0.0,0.0
MID,2026-09-18T06:00:00Z,APXMIDP,2026-09-18,15,167.78,3551.3
MID,2026-09-18T06:00:00Z,N2EXMIDP,2026-09-18,15,0.0,0.0
MID,2026-09-18T05:30:00Z,APXMIDP,2026-09-18,14,165.94,3221.4
MID,2026-09-18T05:30:00Z,N2EXMIDP,2026-09-18,14,0.0,0.0
MID,2026-09-18T05:00:00Z,APXMIDP,2026-09-18,13,146.98,2414.0
MID,2026-09-18T05:00:00Z,N2EXMIDP,2026-09-18,13,0.0,0.0
MID,2026-09-18T04:30:00Z,APXMIDP,2026-09-18,12,140.76,2412.15
MID,2026-09-18T04:30:00Z,N2EXMIDP,2026-09-18,12,0.0,0.0
MID,2026-09-18T04:00:00Z,APXMIDP,2026-09-18,11,129.35,2551.85
MID,2026-09-18T04:00:00Z,N2EXMIDP,2026-09-18,11,0.0,0.0
MID,2026-09-18T03:30:00Z,APXMIDP,2026-09-18,10,123.43,2949.15
MID,2026-09-18T03:30:00Z,N2EXMIDP,2026-09-18,10,0.0,0.0
MID,2026-09-18T03:00:00Z,APXMIDP,2026-09-18,9,121.41,2783.6
MID,2026-09-18T03:00:00Z,N2EXMIDP,2026-09-18,9,0.0,0.0
MID,2026-09-18T02:30:00Z,APXMIDP,2026-09-18,8,117.16,3067.85
MID,2026-09-18T02:30:00Z,N2EXMIDP,2026-09-18,8,0.0,0.0
MID,2026-09-18T02:00:00Z,APXMIDP,2026-09-18,7,115.12,2505.3
MID,2026-09-18T02:00:00Z,N2EXMIDP,2026-09-18,7,0.0,0.0
MID,2026-09-18T01:30:00Z,APXMIDP,2026-09-18,6,120.55,2977.2
MID,2026-09-18T01:30:00Z,N2EXMIDP,2026-09-18,6,0.0,0.0
MID,2026-09-18T01:00:00Z,APXMIDP,2026-09-18,5,117.95,2643.0
MID,2026-09-18T01:00:00Z,N2EXMIDP,2026-09-18,5,0.0,0.0
MID,2026-09-18T00:30:00Z,APXMIDP,2026-09-18,4,118.88,2646.05
MID,2026-09-18T00:30:00Z,N2EXMIDP,2026-09-18,4,0.0,0.0
MID,2026-09-18T00:00:00Z,APXMIDP,2026-09-18,3,120.23,2696.85
MID,2026-09-18T00:00:00Z,N2EXMIDP,2026-09-18,3,0.0,0.0
MID,2026-09-17T23:30:00Z,APXMIDP,2026-09-18,2,122.64,2974.75
MID,2026-09-17T23:30:00Z,N2EXMIDP,2026-09-18,2,0.0,0.0
MID,2026-09-17T23:00:00Z,APXMIDP,2026-09-18,1,121.68,2728.95
MID,2026-09-17T23:00:00Z,N2EXMIDP,2026-09-18,1,0.0,0.0
MID,2026-09-17T22:30:00Z,APXMIDP,2026-09-17,48,130.28,2649.9
MID,2026-09-17T22:30:00Z,N2EXMIDP,2026-09-17,48,0.0,0.0
MID,2026-09-17T22:00:00Z,APXMIDP,2026-09-17,47,132.6,2470.05
MID,2026-09-17T22:00:00Z,N2EXMIDP,2026-09-17,47,0.0,0.0
MID,2026-09-17T21:30:00Z,APXMIDP,2026-09-17,46,122.52,2498.85
MID,2026-09-17T21:30:00Z,N2EXMIDP,2026-09-17,46,0.0,0.0
MID,2026-09-17T21:00:00Z,APXMIDP,2026-09-17,45,122.4,2238.2
MID,2026-09-17T21:00:00Z,N2EXMIDP,2026-09-17,45,0.0,0.0
MID,2026-09-17T20:30:00Z,APXMIDP,2026-09-17,44,119.92,2236.3
MID,2026-09-17T20:30:00Z,N2EXMIDP,2026-09-17,44,0.0,0.0
MID,2026-09-17T20:00:00Z,APXMIDP,2026-09-17,43,133.85,2508.75
MID,2026-09-17T20:00:00Z,N2EXMIDP,2026-09-17,43,0.0,0.0
MID,2026-09-17T19:30:00Z,APXMIDP,2026-09-17,42,149.72,2779.95
MID,2026-09-17T19:30:00Z,N2EXMIDP,2026-09-17,42,0.0,0.0
MID,2026-09-17T19:00:00Z,APXMIDP,2026-09-17,41,161.63,2948.4
MID,2026-09-17T19:00:00Z,N2EXMIDP,2026-09-17,41,0.0,0.0
MID,2026-09-17T18:30:00Z,APXMIDP,2026-09-17,40,169.92,2717.9
MID,2026-09-17T18:30:00Z,N2EXMIDP,2026-09-17,40,0.0,0.0
MID,2026-09-17T18:00:00Z,APXMIDP,2026-09-17,39,176.18,2780.05
MID,2026-09-17T18:00:00Z,N2EXMIDP,2026-09-17,39,0.0,0.0
MID,2026-09-17T17:30:00Z,APXMIDP,2026-09-17,38,167.87,3210.45
MID,2026-09-17T17:30:00Z,N2EXMIDP,2026-09-17,38,0.0,0.0
MID,2026-09-17T17:00:00Z,APXMIDP,2026-09-17,37,164.23,2868.85
MID,2026-09-17T17:00:00Z,N2EXMIDP,2026-09-17,37,0.0,0.0
MID,2026-09-17T16:30:00Z,APXMIDP,2026-09-17,36,153.97,3360.4
MID,2026-09-17T16:30:00Z,N2EXMIDP,2026-09-17,36,0.0,0.0
MID,2026-09-17T16:00:00Z,APXMIDP,2026-09-17,35,141.92,3354.25
MID,2026-09-17T16:00:00Z,N2EXMIDP,2026-09-17,35,0.0,0.0
MID,2026-09-17T15:30:00Z,APXMIDP,2026-09-17,34,107.2,3831.75
MID,2026-09-17T15:30:00Z,N2EXMIDP,2026-09-17,34,0.0,0.0
MID,2026-09-17T15:00:00Z,APXMIDP,2026-09-17,33,78.55,4231.1
MID,2026-09-17T15:00:00Z,N2EXMIDP,2026-09-17,33,0.0,0.0
MID,2026-09-17T14:30:00Z,APXMIDP,2026-09-17,32,57.93,4099.9
MID,2026-09-17T14:30:00Z,N2EXMIDP,2026-09-17,32,0.0,0.0
MID,2026-09-17T14:00:00Z,APXMIDP,2026-09-17,31,46.7,4284.55
MID,2026-09-17T14:00:00Z,N2EXMIDP,2026-09-17,31,0.0,0.0
MID,2026-09-17T13:30:00Z,APXMIDP,2026-09-17,30,14.88,4660.75
MID,2026-09-17T13:30:00Z,N2EXMIDP,2026-09-17,30,0.0,0.0
MID,2026-09-17T13:00:00Z,APXMIDP,2026-09-17,29,8.16,4323.05
MID,2026-09-17T13:00:00Z,N2EXMIDP,2026-09-17,29,0.0,0.0
MID,2026-09-17T12:30:00Z,APXMIDP,2026-09-17,28,6.5,4972.55
MID,2026-09-17T12:30:00Z,N2EXMIDP,2026-09-17,28,0.0,0.0
MID,2026-09-17T12:00:00Z,APXMIDP,2026-09-17,27,14.69,5294.3
MID,2026-09-17T12:00:00Z,N2EXMIDP,2026-09-17,27,0.0,0.0
MID,2026-09-17T11:30:00Z,APXMIDP,2026-09-17,26,-2.25,3830.95
MID,2026-09-17T11:30:00Z,N2EXMIDP,2026-09-17,26,0.0,0.0
MID,2026-09-17T11:00:00Z,APXMIDP,2026-09-17,25,-1.48,3819.5
MID,2026-09-17T11:00:00Z,N2EXMIDP,2026-09-17,25,0.0,0.0
MID,2026-09-17T10:30:00Z,APXMIDP,2026-09-17,24,-0.66,3021.6
MID,2026-09-17T10:30:00Z,N2EXMIDP,2026-09-17,24,0.0,0.0
MID,2026-09-17T10:00:00Z,APXMIDP,2026-09-17,23,-1.71,2914.7
MID,2026-09-17T10:00:00Z,N2EXMIDP,2026-09-17,23,0.0,0.0
MID,2026-09-17T09:30:00Z,APXMIDP,2026-09-17,22,1.92,2418.9
MID,2026-09-17T09:30:00Z,N2EXMIDP,2026-09-17,22,0.0,0.0
MID,2026-09-17T09:00:00Z,APXMIDP,2026-09-17,21,8.94,2685.4
MID,2026-09-17T09:00:00Z,N2EXMIDP,2026-09-17,21,0.0,0.0
MID,2026-09-17T08:30:00Z,APXMIDP,2026-09-17,20,16.77,3728.05
MID,2026-09-17T08:30:00Z,N2EXMIDP,2026-09-17,20,0.0,0.0
MID,2026-09-17T08:00:00Z,APXMIDP,2026-09-17,19,54.08,3533.25
MID,2026-09-17T08:00:00Z,N2EXMIDP,2026-09-17,19,0.0,0.0
MID,2026-09-17T07:30:00Z,APXMIDP,2026-09-17,18,117.34,4217.65
MID,2026-09-17T07:30:00Z,N2EXMIDP,2026-09-17,18,0.0,0.0
MID,2026-09-17T07:00:00Z,APXMIDP,2026-09-17,17,144.47,4257.5
MID,2026-09-17T07:00:00Z,N2EXMIDP,2026-09-17,17,0.0,0.0
MID,2026-09-17T06:30:00Z,APXMIDP,2026-09-17,16,161.5,3891.65
MID,2026-09-17T06:30:00Z,N2EXMIDP,2026-09-17,16,0.0,0.0
MID,2026-09-17T06:00:00Z,APXMIDP,2026-09-17,15,140.2,3083.7
MID,2026-09-17T06:00:00Z,N2EXMIDP,2026-09-17,15,0.0,0.0
MID,2026-09-17T05:30:00Z,APXMIDP,2026-09-17,14,139.15,3100.7
MID,2026-09-17T05:30:00Z,N2EXMIDP,2026-09-17,14,0.0,0.0
MID,2026-09-17T05:00:00Z,APXMIDP,2026-09-17,13,129.83,2629.25
MID,2026-09-17T05:00:00Z,N2EXMIDP,2026-09-17,13,0.0,0.0
MID,2026-09-17T04:30:00Z,APXMIDP,2026-09-17,12,127.43,2197.0
MID,2026-09-17T04:30:00Z,N2EXMIDP,2026-09-17,12,0.0,0.0
MID,2026-09-17T04:00:00Z,APXMIDP,2026-09-17,11,122.09,1917.9
MID,2026-09-17T04:00:00Z,N2EXMIDP,2026-09-17,11,0.0,0.0
MID,2026-09-17T03:30:00Z,APXMIDP,2026-09-17,10,121.23,3753.9
MID,2026-09-17T03:30:00Z,N2EXMIDP,2026-09-17,10,0.0,0.0
MID,2026-09-17T03:00:00Z,APXMIDP,2026-09-17,9,117.82,3941.2
MID,2026-09-17T03:00:00Z,N2EXMIDP,2026-09-17,9,0.0,0.0
MID,2026-09-17T02:30:00Z,APXMIDP,2026-09-17,8,119.91,3889.4
MID,2026-09-17T02:30:00Z,N2EXMIDP,2026-09-17,8,0.0,0.0
MID,2026-09-17T02:00:00Z,APXMIDP,2026-09-17,7,112.91,3249.2
MID,2026-09-17T02:00:00Z,N2EXMIDP,2026-09-17,7,0.0,0.0
MID,2026-09-17T01:30:00Z,APXMIDP,2026-09-17,6,129.2,3082.35
MID,2026-09-17T01:30:00Z,N2EXMIDP,2026-09-17,6,0.0,0.0
MID,2026-09-17T01:00:00Z,APXMIDP,2026-09-17,5,116.43,2488.05
MID,2026-09-17T01:00:00Z,N2EXMIDP,2026-09-17,5,0.0,0.0
MID,2026-09-17T00:30:00Z,APXMIDP,2026-09-17,4,112.57,2185.5
MID,2026-09-17T00:30:00Z,N2EXMIDP,2026-09-17,4,0.0,0.0
MID,2026-09-17T00:00:00Z,APXMIDP,2026-09-17,3,122.65,2484.35
MID,2026-09-17T00:00:00Z,N2EXMIDP,2026-09-17,3,0.0,0.0
MID,2026-09-16T23:30:00Z,APXMIDP,2026-09-17,2,136.78,2634.65
MID,2026-09-16T23:30:00Z,N2EXMIDP,2026-09-17,2,0.0,0.0
MID,2026-09-16T23:00:00Z,APXMIDP,2026-09-17,1,138.68,2298.95
MID,2026-09-16T23:00:00Z,N2EXMIDP,2026-09-17,1,0.0,0.0
MID,2026-09-16T22:30:00Z,APXMIDP,2026-09-16,48,131.4,2268.0
MID,2026-09-16T22:30:00Z,N2EXMIDP,2026-09-16,48,0.0,0.0
MID,2026-09-16T22:00:00Z,APXMIDP,2026-09-16,47,144.58,2691.05
MID,2026-09-16T22:00:00Z,N2EXMIDP,2026-09-16,47,0.0,0.0
MID,2026-09-16T21:30:00Z,APXMIDP,2026-09-16,46,148.1,3389.85
MID,2026-09-16T21:30:00Z,N2EXMIDP,2026-09-16,46,0.0,0.0
MID,2026-09-16T21:00:00Z,APXMIDP,2026-09-16,45,151.13,2924.05
MID,2026-09-16T21:00:00Z,N2EXMIDP,2026-09-16,45,0.0,0.0
MID,2026-09-16T20:30:00Z,APXMIDP,2026-09-16,44,146.62,3598.75
MID,2026-09-16T20:30:00Z,N2EXMIDP,2026-09-16,44,0.0,0.0
MID,2026-09-16T20:00:00Z,APXMIDP,2026-09-16,43,156.98,3774.1
MID,2026-09-16T20:00:00Z,N2EXMIDP,2026-09-16,43,0.0,0.0
MID,2026-09-16T19:30:00Z,APXMIDP,2026-09-16,42,174.78,3772.0
MID,2026-09-16T19:30:00Z,N2EXMIDP,2026-09-16,42,0.0,0.0
MID,2026-09-16T19:00:00Z,APXMIDP,2026-09-16,41,184.82,3827.65
MID,2026-09-16T19:00:00Z,N2EXMIDP,2026-09-16,41,0.0,0.0
MID,2026-09-16T18:30:00Z,APXMIDP,2026-09-16,40,185.24,3581.05
MID,2026-09-16T18:30:00Z,N2EXMIDP,2026-09-16,40,0.0,0.0
MID,2026-09-16T18:00:00Z,APXMIDP,2026-09-16,39,191.66,3730.55
MID,2026-09-16T18:00:00Z,N2EXMIDP,2026-09-16,39,0.0,0.0
MID,2026-09-16T17:30:00Z,APXMIDP,2026-09-16,38,195.49,3703.75
MID,2026-09-16T17:30:00Z,N2EXMIDP,2026-09-16,38,0.0,0.0
MID,2026-09-16T17:00:00Z,APXMIDP,2026-09-16,37,204.5,3847.7
MID,2026-09-16T17:00:00Z,N2EXMIDP,2026-09-16,37,0.0,0.0
MID,2026-09-16T16:30:00Z,APXMIDP,2026-09-16,36,206.12,4065.25
MID,2026-09-16T16:30:00Z,N2EXMIDP,2026-09-16,36,0.0,0.0
MID,2026-09-16T16:00:00Z,APXMIDP,2026-09-16,35,193.58,4032.05
MID,2026-09-16T16:00:00Z,N2EXMIDP,2026-09-16,35,0.0,0.0
MID,2026-09-16T15:30:00Z,APXMIDP,2026-09-16,34,185.51,4006.3
MID,2026-09-16T15:30:00Z,N2EXMIDP,2026-09-16,34,0.0,0.0
MID,2026-09-16T15:00:00Z,APXMIDP,2026-09-16,33,161.29,3964.7
MID,2026-09-16T15:00:00Z,N2EXMIDP,2026-09-16,33,0.0,0.0
MID,2026-09-16T14:30:00Z,APXMIDP,2026-09-16,32,155.68,4295.9
MID,2026-09-16T14:30:00Z,N2EXMIDP,2026-09-16,32,0.0,0.0
MID,2026-09-16T14:00:00Z,APXMIDP,2026-09-16,31,158.89,4148.45
MID,2026-09-16T14:00:00Z,N2EXMIDP,2026-09-16,31,0.0,0.0
MID,2026-09-16T13:30:00Z,APXMIDP,2026-09-16,30,155.65,4702.95
MID,2026-09-16T13:30:00Z,N2EXMIDP,2026-09-16,30,0.0,0.0
MID,2026-09-16T13:00:00Z,APXMIDP,2026-09-16,29,160.34,4597.3
MID,2026-09-16T13:00:00Z,N2EXMIDP,2026-09-16,29,0.0,0.0
MID,2026-09-16T12:30:00Z,APXMIDP,2026-09-16,28,156.32,4722.75
MID,2026-09-16T12:30:00Z,N2EXMIDP,2026-09-16,28,0.0,0.0
MID,2026-09-16T12:00:00Z,APXMIDP,2026-09-16,27,156.49,4804.4
MID,2026-09-16T12:00:00Z,N2EXMIDP,2026-09-16,27,0.0,0.0
MID,2026-09-16T11:30:00Z,APXMIDP,2026-09-16,26,146.87,4005.05
MID,2026-09-16T11:30:00Z,N2EXMIDP,2026-09-16,26,0.0,0.0
MID,2026-09-16T11:00:00Z,APXMIDP,2026-09-16,25,138.76,4089.15
MID,2026-09-16T11:00:00Z,N2EXMIDP,2026-09-16,25,0.0,0.0
MID,2026-09-16T10:30:00Z,APXMIDP,2026-09-16,24,136.55,3580.0
MID,2026-09-16T10:30:00Z,N2EXMIDP,2026-09-16,24,0.0,0.0
MID,2026-09-16T10:00:00Z,APXMIDP,2026-09-16,23,144.52,4119.65
MID,2026-09-16T10:00:00Z,N2EXMIDP,2026-09-16,23,0.0,0.0
MID,2026-09-16T09:30:00Z,APXMIDP,2026-09-16,22,137.61,3803.1
MID,2026-09-16T09:30:00Z,N2EXMIDP,2026-09-16,22,0.0,0.0
MID,2026-09-16T09:00:00Z,APXMIDP,2026-09-16,21,143.56,3807.05
MID,2026-09-16T09:00:00Z,N2EXMIDP,2026-09-16,21,0.0,0.0
MID,2026-09-16T08:30:00Z,APXMIDP,2026-09-16,20,142.39,3583.45
MID,2026-09-16T08:30:00Z,N2EXMIDP,2026-09-16,20,0.0,0.0
MID,2026-09-16T08:00:00Z,APXMIDP,2026-09-16,19,150.69,3273.5
MID,2026-09-16T08:00:00Z,N2EXMIDP,2026-09-16,19,0.0,0.0
MID,2026-09-16T07:30:00Z,APXMIDP,2026-09-16,18,160.31,3206.1
MID,2026-09-16T07:30:00Z,N2EXMIDP,2026-09-16,18,0.0,0.0
MID,2026-09-16T07:00:00Z,APXMIDP,2026-09-16,17,174.12,2999.25
MID,2026-09-16T07:00:00Z,N2EXMIDP,2026-09-16,17,0.0,0.0
MID,2026-09-16T06:30:00Z,APXMIDP,2026-09-16,16,189.38,2602.2
MID,2026-09-16T06:30:00Z,N2EXMIDP,2026-09-16,16,0.0,0.0
MID,2026-09-16T06:00:00Z,APXMIDP,2026-09-16,15,174.18,2676.65
MID,2026-09-16T06:00:00Z,N2EXMIDP,2026-09-16,15,0.0,0.0
MID,2026-09-16T05:30:00Z,APXMIDP,2026-09-16,14,170.79,3278.0
MID,2026-09-16T05:30:00Z,N2EXMIDP,2026-09-16,14,0.0,0.0
MID,2026-09-16T05:00:00Z,APXMIDP,2026-09-16,13,155.97,3223.7
MID,2026-09-16T05:00:00Z,N2EXMIDP,2026-09-16,13,0.0,0.0
MID,2026-09-16T04:30:00Z,APXMIDP,2026-09-16,12,130.76,3111.4
MID,2026-09-16T04:30:00Z,N2EXMIDP,2026-09-16,12,0.0,0.0
MID,2026-09-16T04:00:00Z,APXMIDP,2026-09-16,11,142.86,3009.55
MID,2026-09-16T04:00:00Z,N2EXMIDP,2026-09-16,11,0.0,0.0
MID,2026-09-16T03:30:00Z,APXMIDP,2026-09-16,10,125.16,2397.5
MID,2026-09-16T03:30:00Z,N2EXMIDP,2026-09-16,10,0.0,0.0
MID,2026-09-16T03:00:00Z,APXMIDP,2026-09-16,9,131.18,2412.65
MID,2026-09-16T03:00:00Z,N2EXMIDP,2026-09-16,9,0.0,0.0
MID,2026-09-16T02:30:00Z,APXMIDP,2026-09-16,8,125.88,2452.1
MID,2026-09-16T02:30:00Z,N2EXMIDP,2026-09-16,8,0.0,0.0
MID,2026-09-16T02:00:00Z,APXMIDP,2026-09-16,7,135.2,2677.65
MID,2026-09-16T02:00:00Z,N2EXMIDP,2026-09-16,7,0.0,0.0
MID,2026-09-16T01:30:00Z,APXMIDP,2026-09-16,6,122.21,2821.3
MID,2026-09-16T01:30:00Z,N2EXMIDP,2026-09-16,6,0.0,0.0
MID,2026-09-16T01:00:00Z,APXMIDP,2026-09-16,5,117.77,2859.35
MID,2026-09-16T01:00:00Z,N2EXMIDP,2026-09-16,5,0.0,0.0
MID,2026-09-16T00:30:00Z,APXMIDP,2026-09-16,4,127.8,2441.55
MID,2026-09-16T00:30:00Z,N2EXMIDP,2026-09-16,4,0.0,0.0
MID,2026-09-16T00:00:00Z,APXMIDP,2026-09-16,3,131.99,2985.95
MID,2026-09-16T00:00:00Z,N2EXMIDP,2026-09-16,3,0.0,0.0
MID,2026-09-15T23:30:00Z,APXMIDP,2026-09-16,2,122.73,1838.65
MID,2026-09-15T23:30:00Z,N2EXMIDP,2026-09-16,2,0.0,0.0
MID,2026-09-15T23:00:00Z,APXMIDP,2026-09-16,1,123.65,1139.55
MID,2026-09-15T23:00:00Z,N2EXMIDP,2026-09-16,1,0.0,0.0
MID,2026-09-15T22:30:00Z,APXMIDP,2026-09-15,48,144.63,630.9
MID,2026-09-15T22:30:00Z,N2EXMIDP,2026-09-15,48,0.0,0.0
MID,2026-09-15T22:00:00Z,APXMIDP,2026-09-15,47,144.32,880.35
MID,2026-09-15T22:00:00Z,N2EXMIDP,2026-09-15,47,0.0,0.0
MID,2026-09-15T21:30:00Z,APXMIDP,2026-09-15,46,160.11,2230.5
MID,2026-09-15T21:30:00Z,N2EXMIDP,2026-09-15,46,0.0,0.0
MID,2026-09-15T21:00:00Z,APXMIDP,2026-09-15,45,156.38,2277.7
MID,2026-09-15T21:00:00Z,N2EXMIDP,2026-09-15,45,0.0,0.0
MID,2026-09-15T20:30:00Z,APXMIDP,2026-09-15,44,164.7,2260.4
MID,2026-09-15T20:30:00Z,N2EXMIDP,2026-09-15,44,0.0,0.0
MID,2026-09-15T20:00:00Z,APXMIDP,2026-09-15,43,170.56,2415.05
MID,2026-09-15T20:00:00Z,N2EXMIDP,2026-09-15,43,0.0,0.0
MID,2026-09-15T19:30:00Z,APXMIDP,2026-09-15,42,191.68,3240.35
MID,2026-09-15T19:30:00Z,N2EXMIDP,2026-09-15,42,0.0,0.0
MID,2026-09-15T19:00:00Z,APXMIDP,2026-09-15,41,202.55,3882.65
MID,2026-09-15T19:00:00Z,N2EXMIDP,2026-09-15,41,0.0,0.0
MID,2026-09-15T18:30:00Z,APXMIDP,2026-09-15,40,211.08,3336.8
MID,2026-09-15T18:30:00Z,N2EXMIDP,2026-09-15,40,0.0,0.0
MID,2026-09-15T18:00:00Z,APXMIDP,2026-09-15,39,205.81,3355.65
MID,2026-09-15T18:00:00Z,N2EXMIDP,2026-09-15,39,0.0,0.0
MID,2026-09-15T17:30:00Z,APXMIDP,2026-09-15,38,212.39,3908.9
MID,2026-09-15T17:30:00Z,N2EXMIDP,2026-09-15,38,0.0,0.0
MID,2026-09-15T17:00:00Z,APXMIDP,2026-09-15,37,202.78,3415.55
MID,2026-09-15T17:00:00Z,N2EXMIDP,2026-09-15,37,0.0,0.0
MID,2026-09-15T16:30:00Z,APXMIDP,2026-09-15,36,201.73,3882.85
MID,2026-09-15T16:30:00Z,N2EXMIDP,2026-09-15,36,0.0,0.0
MID,2026-09-15T16:00:00Z,APXMIDP,2026-09-15,35,194.58,4254.75
MID,2026-09-15T16:00:00Z,N2EXMIDP,2026-09-15,35,0.0,0.0
MID,2026-09-15T15:30:00Z,APXMIDP,2026-09-15,34,174.67,4027.45
MID,2026-09-15T15:30:00Z,N2EXMIDP,2026-09-15,34,0.0,0.0
MID,2026-09-15T15:00:00Z,APXMIDP,2026-09-15,33,181.81,3817.55
MID,2026-09-15T15:00:00Z,N2EXMIDP,2026-09-15,33,0.0,0.0
MID,2026-09-15T14:30:00Z,APXMIDP,2026-09-15,32,158.9,4695.5
MID,2026-09-15T14:30:00Z,N2EXMIDP,2026-09-15,32,0.0,0.0
MID,2026-09-15T14:00:00Z,APXMIDP,2026-09-15,31,150.13,4701.05
MID,2026-09-15T14:00:00Z,N2EXMIDP,2026-09-15,31,0.0,0.0
MID,2026-09-15T13:30:00Z,APXMIDP,2026-09-15,30,94.78,5485.6
MID,2026-09-15T13:30:00Z,N2EXMIDP,2026-09-15,30,0.0,0.0
MID,2026-09-15T13:00:00Z,APXMIDP,2026-09-15,29,87.64,5956.9
MID,2026-09-15T13:00:00Z,N2EXMIDP,2026-09-15,29,0.0,0.0
MID,2026-09-15T12:30:00Z,APXMIDP,2026-09-15,28,79.15,5534.75
MID,2026-09-15T12:30:00Z,N2EXMIDP,2026-09-15,28,0.0,0.0
MID,2026-09-15T12:00:00Z,APXMIDP,2026-09-15,27,78.73,5015.5
MID,2026-09-15T12:00:00Z,N2EXMIDP,2026-09-15,27,0.0,0.0
MID,2026-09-15T11:30:00Z,APXMIDP,2026-09-15,26,64.15,5147.1
MID,2026-09-15T11:30:00Z,N2EXMIDP,2026-09-15,26,0.0,0.0
MID,2026-09-15T11:00:00Z,APXMIDP,2026-09-15,25,50.47,4641.1
MID,2026-09-15T11:00:00Z,N2EXMIDP,2026-09-15,25,0.0,0.0
MID,2026-09-15T10:30:00Z,APXMIDP,2026-09-15,24,49.12,4232.35
MID,2026-09-15T10:30:00Z,N2EXMIDP,2026-09-15,24,0.0,0.0
MID,2026-09-15T10:00:00Z,APXMIDP,2026-09-15,23,46.33,4045.9
MID,2026-09-15T10:00:00Z,N2EXMIDP,2026-09-15,23,0.0,0.0
MID,2026-09-15T09:30:00Z,APXMIDP,2026-09-15,22,60.18,4233.1
MID,2026-09-15T09:30:00Z,N2EXMIDP,2026-09-15,22,0.0,0.0
MID,2026-09-15T09:00:00Z,APXMIDP,2026-09-15,21,75.73,4552.8
MID,2026-09-15T09:00:00Z,N2EXMIDP,2026-09-15,21,0.0,0.0
MID,2026-09-15T08:30:00Z,APXMIDP,2026-09-15,20,105.96,4644.1
MID,2026-09-15T08:30:00Z,N2EXMIDP,2026-09-15,20,0.0,0.0
MID,2026-09-15T08:00:00Z,APXMIDP,2026-09-15,19,123.89,4669.2
MID,2026-09-15T08:00:00Z,N2EXMIDP,2026-09-15,19,0.0,0.0
MID,2026-09-15T07:30:00Z,APXMIDP,2026-09-15,18,143.48,4167.65
MID,2026-09-15T07:30:00Z,N2EXMIDP,2026-09-15,18,0.0,0.0
MID,2026-09-15T07:00:00Z,APXMIDP,2026-09-15,17,154.43,3868.9
MID,2026-09-15T07:00:00Z,N2EXMIDP,2026-09-15,17,0.0,0.0
MID,2026-09-15T06:30:00Z,APXMIDP,2026-09-15,16,182.13,3960.1
MID,2026-09-15T06:30:00Z,N2EXMIDP,2026-09-15,16,0.0,0.0
MID,2026-09-15T06:00:00Z,APXMIDP,2026-09-15,15,168.58,3640.65
MID,2026-09-15T06:00:00Z,N2EXMIDP,2026-09-15,15,0.0,0.0
MID,2026-09-15T05:30:00Z,APXMIDP,2026-09-15,14,170.91,2873.15
MID,2026-09-15T05:30:00Z,N2EXMIDP,2026-09-15,14,0.0,0.0
MID,2026-09-15T05:00:00Z,APXMIDP,2026-09-15,13,167.38,2707.8
MID,2026-09-15T05:00:00Z,N2EXMIDP,2026-09-15,13,0.0,0.0
MID,2026-09-15T04:30:00Z,APXMIDP,2026-09-15,12,161.91,2333.35
MID,2026-09-15T04:30:00Z,N2EXMIDP,2026-09-15,12,0.0,0.0
MID,2026-09-15T04:00:00Z,APXMIDP,2026-09-15,11,153.22,2103.75
MID,2026-09-15T04:00:00Z,N2EXMIDP,2026-09-15,11,0.0,0.0
MID,2026-09-15T03:30:00Z,APXMIDP,2026-09-15,10,160.25,2124.15
MID,2026-09-15T03:30:00Z,N2EXMIDP,2026-09-15,10,0.0,0.0
MID,2026-09-15T03:00:00Z,APXMIDP,2026-09-15,9,171.23,2195.8
MID,2026-09-15T03:00:00Z,N2EXMIDP,2026-09-15,9,0.0,0.0
MID,2026-09-15T02:30:00Z,APXMIDP,2026-09-15,8,152.33,2027.95
MID,2026-09-15T02:30:00Z,N2EXMIDP,2026-09-15,8,0.0,0.0
MID,2026-09-15T02:00:00Z,APXMIDP,2026-09-15,7,165.93,2336.4
MID,2026-09-15T02:00:00Z,N2EXMIDP,2026-09-15,7,0.0,0.0
MID,2026-09-15T01:30:00Z,APXMIDP,2026-09-15,6,168.39,2505.2
MID,2026-09-15T01:30:00Z,N2EXMIDP,2026-09-15,6,0.0,0.0
MID,2026-09-15T01:00:00Z,APXMIDP,2026-09-15,5,181.17,2461.8
MID,2026-09-15T01:00:00Z,N2EXMIDP,2026-09-15,5,0.0,0.0
MID,2026-09-15T00:30:00Z,APXMIDP,2026-09-15,4,168.97,2502.2
MID,2026-09-15T00:30:00Z,N2EXMIDP,2026-09-15,4,0.0,0.0
MID,2026-09-15T00:00:00Z,APXMIDP,2026-09-15,3,166.28,2000.1
MID,2026-09-15T00:00:00Z,N2EXMIDP,2026-09-15,3,0.0,0.0
MID,2026-09-14T23:30:00Z,APXMIDP,2026-09-15,2,179.22,2513.25
MID,2026-09-14T23:30:00Z,N2EXMIDP,2026-09-15,2,0.0,0.0
MID,2026-09-14T23:00:00Z,APXMIDP,2026-09-15,1,181.44,2571.4
MID,2026-09-14T23:00:00Z,N2EXMIDP,2026-09-15,1,0.0,0.0
MID,2026-09-14T22:30:00Z,APXMIDP,2026-09-14,48,185.53,2658.6
MID,2026-09-14T22:30:00Z,N2EXMIDP,2026-09-14,48,0.0,0.0
MID,2026-09-14T22:00:00Z,APXMIDP,2026-09-14,47,187.41,2539.55
MID,2026-09-14T22:00:00Z,N2EXMIDP,2026-09-14,47,0.0,0.0
MID,2026-09-14T21:30:00Z,APXMIDP,2026-09-14,46,187.56,3147.05
MID,2026-09-14T21:30:00Z,N2EXMIDP,2026-09-14,46,0.0,0.0
MID,2026-09-14T21:00:00Z,APXMIDP,2026-09-14,45,185.25,2598.7
MID,2026-09-14T21:00:00Z,N2EXMIDP,2026-09-14,45,0.0,0.0
MID,2026-09-14T20:30:00Z,APXMIDP,2026-09-14,44,188.09,2138.35
MID,2026-09-14T20:30:00Z,N2EXMIDP,2026-09-14,44,0.0,0.0
MID,2026-09-14T20:00:00Z,APXMIDP,2026-09-14,43,193.69,2528.55
MID,2026-09-14T20:00:00Z,N2EXMIDP,2026-09-14,43,0.0,0.0
MID,2026-09-14T19:30:00Z,APXMIDP,2026-09-14,42,198.88,3171.95
MID,2026-09-14T19:30:00Z,N2EXMIDP,2026-09-14,42,0.0,0.0
MID,2026-09-14T19:00:00Z,APXMIDP,2026-09-14,41,203.06,3638.5
MID,2026-09-14T19:00:00Z,N2EXMIDP,2026-09-14,41,0.0,0.0
MID,2026-09-14T18:30:00Z,APXMIDP,2026-09-14,40,210.18,4322.1
MID,2026-09-14T18:30:00Z,N2EXMIDP,2026-09-14,40,0.0,0.0
MID,2026-09-14T18:00:00Z,APXMIDP,2026-09-14,39,218.31,3978.45
MID,2026-09-14T18:00:00Z,N2EXMIDP,2026-09-14,39,0.0,0.0
MID,2026-09-14T17:30:00Z,APXMIDP,2026-09-14,38,205.34,3860.75
MID,2026-09-14T17:30:00Z,N2EXMIDP,2026-09-14,38,0.0,0.0
MID,2026-09-14T17:00:00Z,APXMIDP,2026-09-14,37,205.14,3880.25
MID,2026-09-14T17:00:00Z,N2EXMIDP,2026-09-14,37,0.0,0.0
MID,2026-09-14T16:30:00Z,APXMIDP,2026-09-14,36,198.76,5310.4
MID,2026-09-14T16:30:00Z,N2EXMIDP,2026-09-14,36,0.0,0.0
MID,2026-09-14T16:00:00Z,APXMIDP,2026-09-14,35,203.25,4397.1
MID,2026-09-14T16:00:00Z,N2EXMIDP,2026-09-14,35,0.0,0.0
MID,2026-09-14T15:30:00Z,APXMIDP,2026-09-14,34,156.58,3825.7
MID,2026-09-14T15:30:00Z,N2EXMIDP,2026-09-14,34,0.0,0.0
MID,2026-09-14T15:00:00Z,APXMIDP,2026-09-14,33,145.98,3560.7
MID,2026-09-14T15:00:00Z,N2EXMIDP,2026-09-14,33,0.0,0.0
MID,2026-09-14T14:30:00Z,APXMIDP,2026-09-14,32,145.18,3149.2
MID,2026-09-14T14:30:00Z,N2EXMIDP,2026-09-14,32,0.0,0.0
MID,2026-09-14T14:00:00Z,APXMIDP,2026-09-14,31,147.0,3205.75
MID,2026-09-14T14:00:00Z,N2EXMIDP,2026-09-14,31,0.0,0.0
MID,2026-09-14T13:30:00Z,APXMIDP,2026-09-14,30,145.97,4195.6
MID,2026-09-14T13:30:00Z,N2EXMIDP,2026-09-14,30,0.0,0.0
MID,2026-09-14T13:00:00Z,APXMIDP,2026-09-14,29,147.88,4536.6
MID,2026-09-14T13:00:00Z,N2EXMIDP,2026-09-14,29,0.0,0.0
MID,2026-09-14T12:30:00Z,APXMIDP,2026-09-14,28,150.21,4136.1
MID,2026-09-14T12:30:00Z,N2EXMIDP,2026-09-14,28,0.0,0.0
MID,2026-09-14T12:00:00Z,APXMIDP,2026-09-14,27,154.64,4132.05
MID,2026-09-14T12:00:00Z,N2EXMIDP,2026-09-14,27,0.0,0.0
MID,2026-09-14T11:30:00Z,APXMIDP,2026-09-14,26,160.14,3325.3
MID,2026-09-14T11:30:00Z,N2EXMIDP,2026-09-14,26,0.0,0.0
MID,2026-09-14T11:00:00Z,APXMIDP,2026-09-14,25,179.87,3022.75
MID,2026-09-14T11:00:00Z,N2EXMIDP,2026-09-14,25,0.0,0.0
MID,2026-09-14T10:30:00Z,APXMIDP,2026-09-14,24,183.27,2703.35
MID,2026-09-14T10:30:00Z,N2EXMIDP,2026-09-14,24,0.0,0.0
MID,2026-09-14T10:00:00Z,APXMIDP,2026-09-14,23,190.45,2288.4
MID,2026-09-14T10:00:00Z,N2EXMIDP,2026-09-14,23,0.0,0.0
MID,2026-09-14T09:30:00Z,APXMIDP,2026-09-14,22,181.24,2249.4
MID,2026-09-14T09:30:00Z,N2EXMIDP,2026-09-14,22,0.0,0.0
MID,2026-09-14T09:00:00Z,APXMIDP,2026-09-14,21,175.13,2477.05
MID,2026-09-14T09:00:00Z,N2EXMIDP,2026-09-14,21,0.0,0.0
MID,2026-09-14T08:30:00Z,APXMIDP,2026-09-14,20,176.74,2720.55
MID,2026-09-14T08:30:00Z,N2EXMIDP,2026-09-14,20,0.0,0.0
MID,2026-09-14T08:00:00Z,APXMIDP,2026-09-14,19,190.1,2291.85
MID,2026-09-14T07:30:00Z,APXMIDP,2026-09-14,18,201.96,2724.35
MID,2026-09-14T07:00:00Z,APXMIDP,2026-09-14,17,199.61,2384.95
MID,2026-09-14T06:30:00Z,APXMIDP,2026-09-14,16,211.94,2865.4
MID,2026-09-14T06:30:00Z,N2EXMIDP,2026-09-14,16,0.0,0.0
MID,2026-09-14T06:00:00Z,APXMIDP,2026-09-14,15,208.6,2591.05
MID,2026-09-14T06:00:00Z,N2EXMIDP,2026-09-14,15,0.0,0.0
MID,2026-09-14T05:30:00Z,APXMIDP,2026-09-14,14,197.32,1851.95
MID,2026-09-14T05:30:00Z,N2EXMIDP,2026-09-14,14,0.0,0.0
MID,2026-09-14T05:00:00Z,APXMIDP,2026-09-14,13,194.48,1613.15
MID,2026-09-14T05:00:00Z,N2EXMIDP,2026-09-14,13,0.0,0.0
MID,2026-09-14T04:30:00Z,APXMIDP,2026-09-14,12,191.08,1456.75
MID,2026-09-14T04:30:00Z,N2EXMIDP,2026-09-14,12,0.0,0.0
MID,2026-09-14T04:00:00Z,APXMIDP,2026-09-14,11,185.71,1283.2
MID,2026-09-14T04:00:00Z,N2EXMIDP,2026-09-14,11,0.0,0.0
MID,2026-09-14T03:30:00Z,APXMIDP,2026-09-14,10,163.58,1362.45
MID,2026-09-14T03:30:00Z,N2EXMIDP,2026-09-14,10,0.0,0.0
MID,2026-09-14T03:00:00Z,APXMIDP,2026-09-14,9,165.31,1155.8
MID,2026-09-14T03:00:00Z,N2EXMIDP,2026-09-14,9,0.0,0.0
MID,2026-09-14T02:30:00Z,APXMIDP,2026-09-14,8,158.5,1530.65
MID,2026-09-14T02:30:00Z,N2EXMIDP,2026-09-14,8,0.0,0.0
MID,2026-09-14T02:00:00Z,APXMIDP,2026-09-14,7,164.45,1139.65
MID,2026-09-14T02:00:00Z,N2EXMIDP,2026-09-14,7,0.0,0.0
MID,2026-09-14T01:30:00Z,APXMIDP,2026-09-14,6,162.42,1679.8
MID,2026-09-14T01:30:00Z,N2EXMIDP,2026-09-14,6,0.0,0.0
MID,2026-09-14T01:00:00Z,APXMIDP,2026-09-14,5,160.62,1427.3
MID,2026-09-14T01:00:00Z,N2EXMIDP,2026-09-14,5,0.0,0.0
MID,2026-09-14T00:30:00Z,APXMIDP,2026-09-14,4,163.19,1187.25
MID,2026-09-14T00:30:00Z,N2EXMIDP,2026-09-14,4,0.0,0.0
MID,2026-09-14T00:00:00Z,APXMIDP,2026-09-14,3,167.02,1266.0
MID,2026-09-14T00:00:00Z,N2EXMIDP,2026-09-14,3,0.0,0.0
MID,2026-09-13T23:30:00Z,APXMIDP,2026-09-14,2,164.81,1323.65
MID,2026-09-13T23:30:00Z,N2EXMIDP,2026-09-14,2,0.0,0.0
MID,2026-09-13T23:00:00Z,APXMIDP,2026-09-14,1,167.05,1228.2
MID,2026-09-13T23:00:00Z,N2EXMIDP,2026-09-14,1,0.0,0.0
MID,2026-09-13T22:30:00Z,APXMIDP,2026-09-13,48,166.89,1089.45
MID,2026-09-13T22:30:00Z,N2EXMIDP,2026-09-13,48,0.0,0.0
MID,2026-09-13T22:00:00Z,APXMIDP,2026-09-13,47,179.83,911.45
MID,2026-09-13T22:00:00Z,N2EXMIDP,2026-09-13,47,0.0,0.0
MID,2026-09-13T21:30:00Z,APXMIDP,2026-09-13,46,186.49,2160.65
MID,2026-09-13T21:30:00Z,N2EXMIDP,2026-09-13,46,0.0,0.0
MID,2026-09-13T21:00:00Z,APXMIDP,2026-09-13,45,202.33,1809.5
MID,2026-09-13T21:00:00Z,N2EXMIDP,2026-09-13,45,0.0,0.0
MID,2026-09-13T20:30:00Z,APXMIDP,2026-09-13,44,195.96,1986.6
MID,2026-09-13T20:30:00Z,N2EXMIDP,2026-09-13,44,0.0,0.0
MID,2026-09-13T20:00:00Z,APXMIDP,2026-09-13,43,204.13,2203.95
MID,2026-09-13T20:00:00Z,N2EXMIDP,2026-09-13,43,0.0,0.0
MID,2026-09-13T19:30:00Z,APXMIDP,2026-09-13,42,217.98,2229.2
MID,2026-09-13T19:30:00Z,N2EXMIDP,2026-09-13,42,0.0,0.0
MID,2026-09-13T19:00:00Z,APXMIDP,2026-09-13,41,222.56,2313.2
MID,2026-09-13T19:00:00Z,N2EXMIDP,2026-09-13,41,0.0,0.0
MID,2026-09-13T18:30:00Z,APXMIDP,2026-09-13,40,221.37,2571.65
MID,2026-09-13T18:30:00Z,N2EXMIDP,2026-09-13,40,0.0,0.0
MID,2026-09-13T18:00:00Z,APXMIDP,2026-09-13,39,232.08,2695.7
MID,2026-09-13T18:00:00Z,N2EXMIDP,2026-09-13,39,0.0,0.0
MID,2026-09-13T17:30:00Z,APXMIDP,2026-09-13,38,238.68,2905.25
MID,2026-09-13T17:30:00Z,N2EXMIDP,2026-09-13,38,0.0,0.0
MID,2026-09-13T17:00:00Z,APXMIDP,2026-09-13,37,242.82,2501.8
MID,2026-09-13T17:00:00Z,N2EXMIDP,2026-09-13,37,0.0,0.0
MID,2026-09-13T16:30:00Z,APXMIDP,2026-09-13,36,244.48,3120.1
MID,2026-09-13T16:30:00Z,N2EXMIDP,2026-09-13,36,0.0,0.0
MID,2026-09-13T16:00:00Z,APXMIDP,2026-09-13,35,246.58,2819.6
MID,2026-09-13T16:00:00Z,N2EXMIDP,2026-09-13,35,0.0,0.0
MID,2026-09-13T15:30:00Z,APXMIDP,2026-09-13,34,240.0,2971.45
MID,2026-09-13T15:30:00Z,N2EXMIDP,2026-09-13,34,0.0,0.0
MID,2026-09-13T15:00:00Z,APXMIDP,2026-09-13,33,220.24,2836.85
MID,2026-09-13T15:00:00Z,N2EXMIDP,2026-09-13,33,0.0,0.0
MID,2026-09-13T14:30:00Z,APXMIDP,2026-09-13,32,206.61,3086.45
MID,2026-09-13T14:30:00Z,N2EXMIDP,2026-09-13,32,0.0,0.0
MID,2026-09-13T14:00:00Z,APXMIDP,2026-09-13,31,218.02,3189.0
MID,2026-09-13T14:00:00Z,N2EXMIDP,2026-09-13,31,0.0,0.0
MID,2026-09-13T13:30:00Z,APXMIDP,2026-09-13,30,195.1,3283.2
MID,2026-09-13T13:30:00Z,N2EXMIDP,2026-09-13,30,0.0,0.0
MID,2026-09-13T13:00:00Z,APXMIDP,2026-09-13,29,180.6,3365.2
MID,2026-09-13T13:00:00Z,N2EXMIDP,2026-09-13,29,0.0,0.0
MID,2026-09-13T12:30:00Z,APXMIDP,2026-09-13,28,183.97,2843.25
MID,2026-09-13T12:30:00Z,N2EXMIDP,2026-09-13,28,0.0,0.0
MID,2026-09-13T12:00:00Z,APXMIDP,2026-09-13,27,194.26,2663.95
MID,2026-09-13T12:00:00Z,N2EXMIDP,2026-09-13,27,0.0,0.0
MID,2026-09-13T11:30:00Z,APXMIDP,2026-09-13,26,196.49,1949.8
MID,2026-09-13T11:30:00Z,N2EXMIDP,2026-09-13,26,0.0,0.0
MID,2026-09-13T11:00:00Z,APXMIDP,2026-09-13,25,206.71,2097.75
MID,2026-09-13T11:00:00Z,N2EXMIDP,2026-09-13,25,0.0,0.0
MID,2026-09-13T10:30:00Z,APXMIDP,2026-09-13,24,196.32,2068.7
MID,2026-09-13T10:30:00Z,N2EXMIDP,2026-09-13,24,0.0,0.0
MID,2026-09-13T10:00:00Z,APXMIDP,2026-09-13,23,199.05,1846.65
MID,2026-09-13T10:00:00Z,N2EXMIDP,2026-09-13,23,0.0,0.0
MID,2026-09-13T09:30:00Z,APXMIDP,2026-09-13,22,199.85,2181.35
MID,2026-09-13T09:30:00Z,N2EXMIDP,2026-09-13,22,0.0,0.0
MID,2026-09-13T09:00:00Z,APXMIDP,2026-09-13,21,203.77,2190.8
MID,2026-09-13T09:00:00Z,N2EXMIDP,2026-09-13,21,0.0,0.0
MID,2026-09-13T08:30:00Z,APXMIDP,2026-09-13,20,201.63,2326.85
MID,2026-09-13T08:30:00Z,N2EXMIDP,2026-09-13,20,0.0,0.0
MID,2026-09-13T08:00:00Z,APXMIDP,2026-09-13,19,198.13,2197.2
MID,2026-09-13T08:00:00Z,N2EXMIDP,2026-09-13,19,0.0,0.0
MID,2026-09-13T07:30:00Z,APXMIDP,2026-09-13,18,195.78,1195.45
MID,2026-09-13T07:30:00Z,N2EXMIDP,2026-09-13,18,0.0,0.0
MID,2026-09-13T07:00:00Z,APXMIDP,2026-09-13,17,175.45,1270.1
MID,2026-09-13T07:00:00Z,N2EXMIDP,2026-09-13,17,0.0,0.0
MID,2026-09-13T06:30:00Z,APXMIDP,2026-09-13,16,164.12,1458.05
MID,2026-09-13T06:30:00Z,N2EXMIDP,2026-09-13,16,0.0,0.0
MID,2026-09-13T06:00:00Z,APXMIDP,2026-09-13,15,163.57,1408.55
MID,2026-09-13T06:00:00Z,N2EXMIDP,2026-09-13,15,0.0,0.0
MID,2026-09-13T05:30:00Z,APXMIDP,2026-09-13,14,170.88,1733.75
MID,2026-09-13T05:30:00Z,N2EXMIDP,2026-09-13,14,0.0,0.0
MID,2026-09-13T05:00:00Z,APXMIDP,2026-09-13,13,171.92,1433.25
MID,2026-09-13T05:00:00Z,N2EXMIDP,2026-09-13,13,0.0,0.0
MID,2026-09-13T04:30:00Z,APXMIDP,2026-09-13,12,174.74,1381.1
MID,2026-09-13T04:30:00Z,N2EXMIDP,2026-09-13,12,0.0,0.0
MID,2026-09-13T04:00:00Z,APXMIDP,2026-09-13,11,177.43,1372.4
MID,2026-09-13T04:00:00Z,N2EXMIDP,2026-09-13,11,0.0,0.0
MID,2026-09-13T03:30:00Z,APXMIDP,2026-09-13,10,177.54,1063.8
MID,2026-09-13T03:30:00Z,N2EXMIDP,2026-09-13,10,0.0,0.0
MID,2026-09-13T03:00:00Z,APXMIDP,2026-09-13,9,179.59,917.65
MID,2026-09-13T03:00:00Z,N2EXMIDP,2026-09-13,9,0.0,0.0
MID,2026-09-13T02:30:00Z,APXMIDP,2026-09-13,8,175.65,1192.9
MID,2026-09-13T02:30:00Z,N2EXMIDP,2026-09-13,8,0.0,0.0
MID,2026-09-13T02:00:00Z,APXMIDP,2026-09-13,7,173.24,922.7
MID,2026-09-13T02:00:00Z,N2EXMIDP,2026-09-13,7,0.0,0.0
MID,2026-09-13T01:30:00Z,APXMIDP,2026-09-13,6,176.28,1204.25
MID,2026-09-13T01:30:00Z,N2EXMIDP,2026-09-13,6,0.0,0.0
MID,2026-09-13T01:00:00Z,APXMIDP,2026-09-13,5,174.16,1159.85
MID,2026-09-13T01:00:00Z,N2EXMIDP,2026-09-13,5,0.0,0.0
MID,2026-09-13T00:30:00Z,APXMIDP,2026-09-13,4,174.94,1297.3
MID,2026-09-13T00:30:00Z,N2EXMIDP,2026-09-13,4,0.0,0.0
MID,2026-09-13T00:00:00Z,APXMIDP,2026-09-13,3,172.94,1326.95
MID,2026-09-13T00:00:00Z,N2EXMIDP,2026-09-13,3,0.0,0.0
MID,2026-09-12T23:30:00Z,APXMIDP,2026-09-13,2,174.14,1817.8
MID,2026-09-12T23:30:00Z,N2EXMIDP,2026-09-13,2,0.0,0.0
MID,2026-09-12T23:00:00Z,APXMIDP,2026-09-13,1,167.85,1693.7
MID,2026-09-12T23:00:00Z,N2EXMIDP,2026-09-13,1,0.0,0.0
MID,2026-09-12T22:30:00Z,APXMIDP,2026-09-12,48,172.64,1891.85
MID,2026-09-12T22:30:00Z,N2EXMIDP,2026-09-12,48,0.0,0.0
MID,2026-09-12T22:00:00Z,APXMIDP,2026-09-12,47,171.71,1826.25
MID,2026-09-12T22:00:00Z,N2EXMIDP,2026-09-12,47,0.0,0.0
MID,2026-09-12T21:30:00Z,APXMIDP,2026-09-12,46,180.14,2702.15
MID,2026-09-12T21:30:00Z,N2EXMIDP,2026-09-12,46,0.0,0.0
MID,2026-09-12T21:00:00Z,APXMIDP,2026-09-12,45,182.65,2568.7
MID,2026-09-12T21:00:00Z,N2EXMIDP,2026-09-12,45,0.0,0.0
MID,2026-09-12T20:30:00Z,APXMIDP,2026-09-12,44,178.49,2524.35
MID,2026-09-12T20:30:00Z,N2EXMIDP,2026-09-12,44,0.0,0.0
MID,2026-09-12T20:00:00Z,APXMIDP,2026-09-12,43,182.33,2447.9
MID,2026-09-12T20:00:00Z,N2EXMIDP,2026-09-12,43,0.0,0.0
MID,2026-09-12T19:30:00Z,APXMIDP,2026-09-12,42,182.17,2608.05
MID,2026-09-12T19:30:00Z,N2EXMIDP,2026-09-12,42,0.0,0.0
MID,2026-09-12T19:00:00Z,APXMIDP,2026-09-12,41,177.15,2363.35
MID,2026-09-12T19:00:00Z,N2EXMIDP,2026-09-12,41,0.0,0.0
MID,2026-09-12T18:30:00Z,APXMIDP,2026-09-12,40,180.02,2767.95
MID,2026-09-12T18:30:00Z,N2EXMIDP,2026-09-12,40,0.0,0.0
MID,2026-09-12T18:00:00Z,APXMIDP,2026-09-12,39,181.22,3421.95
MID,2026-09-12T18:00:00Z,N2EXMIDP,2026-09-12,39,0.0,0.0
MID,2026-09-12T17:30:00Z,APXMIDP,2026-09-12,38,176.3,4054.4
MID,2026-09-12T17:30:00Z,N2EXMIDP,2026-09-12,38,0.0,0.0
MID,2026-09-12T17:00:00Z,APXMIDP,2026-09-12,37,173.86,3951.05
MID,2026-09-12T17:00:00Z,N2EXMIDP,2026-09-12,37,0.0,0.0
MID,2026-09-12T16:30:00Z,APXMIDP,2026-09-12,36,162.04,4216.75
MID,2026-09-12T16:30:00Z,N2EXMIDP,2026-09-12,36,0.0,0.0
MID,2026-09-12T16:00:00Z,APXMIDP,2026-09-12,35,138.16,4214.95
MID,2026-09-12T16:00:00Z,N2EXMIDP,2026-09-12,35,0.0,0.0
MID,2026-09-12T15:30:00Z,APXMIDP,2026-09-12,34,83.83,4245.25
MID,2026-09-12T15:30:00Z,N2EXMIDP,2026-09-12,34,0.0,0.0
MID,2026-09-12T15:00:00Z,APXMIDP,2026-09-12,33,40.32,4349.95
MID,2026-09-12T15:00:00Z,N2EXMIDP,2026-09-12,33,0.0,0.0
MID,2026-09-12T14:30:00Z,APXMIDP,2026-09-12,32,3.33,4007.85
MID,2026-09-12T14:30:00Z,N2EXMIDP,2026-09-12,32,0.0,0.0
MID,2026-09-12T14:00:00Z,APXMIDP,2026-09-12,31,-12.96,3974.1
MID,2026-09-12T14:00:00Z,N2EXMIDP,2026-09-12,31,0.0,0.0
MID,2026-09-12T13:30:00Z,APXMIDP,2026-09-12,30,-16.65,4497.6
MID,2026-09-12T13:30:00Z,N2EXMIDP,2026-09-12,30,0.0,0.0
MID,2026-09-12T13:00:00Z,APXMIDP,2026-09-12,29,-6.92,4010.8
MID,2026-09-12T13:00:00Z,N2EXMIDP,2026-09-12,29,0.0,0.0
MID,2026-09-12T12:30:00Z,APXMIDP,2026-09-12,28,-0.56,3558.95
MID,2026-09-12T12:30:00Z,N2EXMIDP,2026-09-12,28,0.0,0.0
MID,2026-09-12T12:00:00Z,APXMIDP,2026-09-12,27,0.9,3374.35
MID,2026-09-12T12:00:00Z,N2EXMIDP,2026-09-12,27,0.0,0.0
MID,2026-09-12T11:30:00Z,APXMIDP,2026-09-12,26,-1.1,3117.0
MID,2026-09-12T11:30:00Z,N2EXMIDP,2026-09-12,26,0.0,0.0
MID,2026-09-12T11:00:00Z,APXMIDP,2026-09-12,25,-0.62,3526.85
MID,2026-09-12T11:00:00Z,N2EXMIDP,2026-09-12,25,0.0,0.0
MID,2026-09-12T10:30:00Z,APXMIDP,2026-09-12,24,-2.31,3115.5
MID,2026-09-12T10:30:00Z,N2EXMIDP,2026-09-12,24,0.0,0.0
MID,2026-09-12T10:00:00Z,APXMIDP,2026-09-12,23,-0.8,3298.1
MID,2026-09-12T10:00:00Z,N2EXMIDP,2026-09-12,23,0.0,0.0
MID,2026-09-12T09:30:00Z,APXMIDP,2026-09-12,22,4.52,2495.25
MID,2026-09-12T09:30:00Z,N2EXMIDP,2026-09-12,22,0.0,0.0
MID,2026-09-12T09:00:00Z,APXMIDP,2026-09-12,21,5.34,2212.15
MID,2026-09-12T09:00:00Z,N2EXMIDP,2026-09-12,21,0.0,0.0
MID,2026-09-12T08:30:00Z,APXMIDP,2026-09-12,20,8.19,2282.75
MID,2026-09-12T08:30:00Z,N2EXMIDP,2026-09-12,20,0.0,0.0
MID,2026-09-12T08:00:00Z,APXMIDP,2026-09-12,19,14.43,2368.35
MID,2026-09-12T08:00:00Z,N2EXMIDP,2026-09-12,19,0.0,0.0
MID,2026-09-12T07:30:00Z,APXMIDP,2026-09-12,18,54.6,2863.9
MID,2026-09-12T07:30:00Z,N2EXMIDP,2026-09-12,18,0.0,0.0
MID,2026-09-12T07:00:00Z,APXMIDP,2026-09-12,17,68.4,2937.2
MID,2026-09-12T07:00:00Z,N2EXMIDP,2026-09-12,17,0.0,0.0
MID,2026-09-12T06:30:00Z,APXMIDP,2026-09-12,16,104.1,2577.4
MID,2026-09-12T06:30:00Z,N2EXMIDP,2026-09-12,16,0.0,0.0
MID,2026-09-12T06:00:00Z,APXMIDP,2026-09-12,15,109.48,2372.95
MID,2026-09-12T06:00:00Z,N2EXMIDP,2026-09-12,15,0.0,0.0
MID,2026-09-12T05:30:00Z,APXMIDP,2026-09-12,14,132.11,1911.75
MID,2026-09-12T05:30:00Z,N2EXMIDP,2026-09-12,14,0.0,0.0
MID,2026-09-12T05:00:00Z,APXMIDP,2026-09-12,13,156.93,1573.15
MID,2026-09-12T05:00:00Z,N2EXMIDP,2026-09-12,13,0.0,0.0
MID,2026-09-12T04:30:00Z,APXMIDP,2026-09-12,12,152.72,1619.9
MID,2026-09-12T04:30:00Z,N2EXMIDP,2026-09-12,12,0.0,0.0
MID,2026-09-12T04:00:00Z,APXMIDP,2026-09-12,11,152.18,1512.55
MID,2026-09-12T04:00:00Z,N2EXMIDP,2026-09-12,11,0.0,0.0
MID,2026-09-12T03:30:00Z,APXMIDP,2026-09-12,10,149.99,1697.7
MID,2026-09-12T03:30:00Z,N2EXMIDP,2026-09-12,10,0.0,0.0
MID,2026-09-12T03:00:00Z,APXMIDP,2026-09-12,9,158.55,1489.65
MID,2026-09-12T03:00:00Z,N2EXMIDP,2026-09-12,9,0.0,0.0
MID,2026-09-12T02:30:00Z,APXMIDP,2026-09-12,8,151.07,1689.1
MID,2026-09-12T02:30:00Z,N2EXMIDP,2026-09-12,8,0.0,0.0
MID,2026-09-12T02:00:00Z,APXMIDP,2026-09-12,7,158.8,1654.4
MID,2026-09-12T02:00:00Z,N2EXMIDP,2026-09-12,7,0.0,0.0
MID,2026-09-12T01:30:00Z,APXMIDP,2026-09-12,6,143.69,818.45
MID,2026-09-12T01:30:00Z,N2EXMIDP,2026-09-12,6,0.0,0.0
MID,2026-09-12T01:00:00Z,APXMIDP,2026-09-12,5,162.36,636.2
MID,2026-09-12T01:00:00Z,N2EXMIDP,2026-09-12,5,0.0,0.0
MID,2026-09-12T00:30:00Z,APXMIDP,2026-09-12,4,168.01,673.55
MID,2026-09-12T00:30:00Z,N2EXMIDP,2026-09-12,4,0.0,0.0
MID,2026-09-12T00:00:00Z,APXMIDP,2026-09-12,3,187.69,363.7
MID,2026-09-12T00:00:00Z,N2EXMIDP,2026-09-12,3,178.18,108.5
MID,2026-09-11T23:30:00Z,APXMIDP,2026-09-12,2,0.0,0.0
MID,2026-09-11T23:30:00Z,N2EXMIDP,2026-09-12,2,0.0,0.0
MID,2026-09-11T23:00:00Z,APXMIDP,2026-09-12,1,0.0,0.0
MID,2026-09-11T23:00:00Z,N2EXMIDP,2026-09-12,1,0.0,0.0
MID,2026-09-11T22:30:00Z,APXMIDP,2026-09-11,48,0.0,0.0
MID,2026-09-11T22:30:00Z,N2EXMIDP,2026-09-11,48,138.84,29.2
MID,2026-09-11T22:00:00Z,APXMIDP,2026-09-11,47,0.0,0.0
MID,2026-09-11T22:00:00Z,N2EXMIDP,2026-09-11,47,0.0,0.0
MID,2026-09-11T21:30:00Z,APXMIDP,2026-09-11,46,171.73,212.65
MID,2026-09-11T21:30:00Z,N2EXMIDP,2026-09-11,46,140.0,47.5
MID,2026-09-11T21:00:00Z,APXMIDP,2026-09-11,45,176.95,195.35
MID,2026-09-11T21:00:00Z,N2EXMIDP,2026-09-11,45,0.0,0.0
MID,2026-09-11T20:30:00Z,APXMIDP,2026-09-11,44,178.28,405.65
MID,2026-09-11T20:30:00Z,N2EXMIDP,2026-09-11,44,0.0,0.0
MID,2026-09-11T20:00:00Z,APXMIDP,2026-09-11,43,180.16,506.95
MID,2026-09-11T20:00:00Z,N2EXMIDP,2026-09-11,43,0.0,0.0
MID,2026-09-11T19:30:00Z,APXMIDP,2026-09-11,42,185.89,1222.95
MID,2026-09-11T19:30:00Z,N2EXMIDP,2026-09-11,42,191.84,32.5
MID,2026-09-11T19:00:00Z,APXMIDP,2026-09-11,41,189.34,1657.05
MID,2026-09-11T19:00:00Z,N2EXMIDP,2026-09-11,41,204.41,239.5
MID,2026-09-11T18:30:00Z,APXMIDP,2026-09-11,40,195.63,2505.55
MID,2026-09-11T18:30:00Z,N2EXMIDP,2026-09-11,40,183.93,50.0
MID,2026-09-11T18:00:00Z,APXMIDP,2026-09-11,39,197.35,2651.65
MID,2026-09-11T18:00:00Z,N2EXMIDP,2026-09-11,39,0.0,0.0
MID,2026-09-11T17:30:00Z,APXMIDP,2026-09-11,38,205.72,2893.85
MID,2026-09-11T17:30:00Z,N2EXMIDP,2026-09-11,38,0.0,0.0
MID,2026-09-11T17:00:00Z,APXMIDP,2026-09-11,37,207.55,3095.85
MID,2026-09-11T17:00:00Z,N2EXMIDP,2026-09-11,37,0.0,0.0
MID,2026-09-11T16:30:00Z,APXMIDP,2026-09-11,36,203.04,3527.75
MID,2026-09-11T16:30:00Z,N2EXMIDP,2026-09-11,36,0.0,0.0
MID,2026-09-11T16:00:00Z,APXMIDP,2026-09-11,35,198.35,3740.25
MID,2026-09-11T16:00:00Z,N2EXMIDP,2026-09-11,35,0.0,0.0
MID,2026-09-11T15:30:00Z,APXMIDP,2026-09-11,34,179.48,4485.6
MID,2026-09-11T15:30:00Z,N2EXMIDP,2026-09-11,34,0.0,0.0
MID,2026-09-11T15:00:00Z,APXMIDP,2026-09-11,33,179.15,3740.65
MID,2026-09-11T15:00:00Z,N2EXMIDP,2026-09-11,33,0.0,0.0
MID,2026-09-11T14:30:00Z,APXMIDP,2026-09-11,32,172.0,3707.4
MID,2026-09-11T14:30:00Z,N2EXMIDP,2026-09-11,32,0.0,0.0
MID,2026-09-11T14:00:00Z,APXMIDP,2026-09-11,31,175.91,3337.25
MID,2026-09-11T14:00:00Z,N2EXMIDP,2026-09-11,31,0.0,0.0
MID,2026-09-11T13:30:00Z,APXMIDP,2026-09-11,30,177.95,3722.6
MID,2026-09-11T13:30:00Z,N2EXMIDP,2026-09-11,30,0.0,0.0
MID,2026-09-11T13:00:00Z,APXMIDP,2026-09-11,29,182.41,3399.65
MID,2026-09-11T13:00:00Z,N2EXMIDP,2026-09-11,29,0.0,0.0
MID,2026-09-11T12:30:00Z,APXMIDP,2026-09-11,28,179.27,2980.15
MID,2026-09-11T12:30:00Z,N2EXMIDP,2026-09-11,28,0.0,0.0
MID,2026-09-11T12:00:00Z,APXMIDP,2026-09-11,27,176.35,3182.05
MID,2026-09-11T12:00:00Z,N2EXMIDP,2026-09-11,27,0.0,0.0
MID,2026-09-11T11:30:00Z,APXMIDP,2026-09-11,26,169.86,2984.3
MID,2026-09-11T11:30:00Z,N2EXMIDP,2026-09-11,26,0.0,0.0
MID,2026-09-11T11:00:00Z,APXMIDP,2026-09-11,25,162.62,3645.0
MID,2026-09-11T11:00:00Z,N2EXMIDP,2026-09-11,25,0.0,0.0
MID,2026-09-11T10:30:00Z,APXMIDP,2026-09-11,24,161.78,3221.85
MID,2026-09-11T10:30:00Z,N2EXMIDP,2026-09-11,24,0.0,0.0
MID,2026-09-11T10:00:00Z,APXMIDP,2026-09-11,23,154.74,2717.8
MID,2026-09-11T10:00:00Z,N2EXMIDP,2026-09-11,23,0.0,0.0
MID,2026-09-11T09:30:00Z,APXMIDP,2026-09-11,22,157.09,3132.35
MID,2026-09-11T09:30:00Z,N2EXMIDP,2026-09-11,22,0.0,0.0
MID,2026-09-11T09:00:00Z,APXMIDP,2026-09-11,21,158.94,2894.15
MID,2026-09-11T09:00:00Z,N2EXMIDP,2026-09-11,21,0.0,0.0
MID,2026-09-11T08:30:00Z,APXMIDP,2026-09-11,20,167.96,2867.45
MID,2026-09-11T08:30:00Z,N2EXMIDP,2026-09-11,20,0.0,0.0
MID,2026-09-11T08:00:00Z,APXMIDP,2026-09-11,19,168.96,2384.6
MID,2026-09-11T08:00:00Z,N2EXMIDP,2026-09-11,19,0.0,0.0
MID,2026-09-11T07:30:00Z,APXMIDP,2026-09-11,18,180.45,1999.05
MID,2026-09-11T07:30:00Z,N2EXMIDP,2026-09-11,18,0.0,0.0
MID,2026-09-11T07:00:00Z,APXMIDP,2026-09-11,17,183.81,2315.1
MID,2026-09-11T07:00:00Z,N2EXMIDP,2026-09-11,17,0.0,0.0
MID,2026-09-11T06:30:00Z,APXMIDP,2026-09-11,16,186.57,2737.7
MID,2026-09-11T06:30:00Z,N2EXMIDP,2026-09-11,16,0.0,0.0
MID,2026-09-11T06:00:00Z,APXMIDP,2026-09-11,15,176.21,2666.9
MID,2026-09-11T06:00:00Z,N2EXMIDP,2026-09-11,15,0.0,0.0
MID,2026-09-11T05:30:00Z,APXMIDP,2026-09-11,14,177.04,2578.05
MID,2026-09-11T05:30:00Z,N2EXMIDP,2026-09-11,14,0.0,0.0
MID,2026-09-11T05:00:00Z,APXMIDP,2026-09-11,13,171.27,2485.1
MID,2026-09-11T05:00:00Z,N2EXMIDP,2026-09-11,13,0.0,0.0
MID,2026-09-11T04:30:00Z,APXMIDP,2026-09-11,12,161.06,1881.1
MID,2026-09-11T04:30:00Z,N2EXMIDP,2026-09-11,12,0.0,0.0
MID,2026-09-11T04:00:00Z,APXMIDP,2026-09-11,11,152.15,2000.9
MID,2026-09-11T04:00:00Z,N2EXMIDP,2026-09-11,11,0.0,0.0
MID,2026-09-11T03:30:00Z,APXMIDP,2026-09-11,10,142.15,2519.55
MID,2026-09-11T03:30:00Z,N2EXMIDP,2026-09-11,10,0.0,0.0
MID,2026-09-11T03:00:00Z,APXMIDP,2026-09-11,9,145.85,2395.65
MID,2026-09-11T03:00:00Z,N2EXMIDP,2026-09-11,9,0.0,0.0
MID,2026-09-11T02:30:00Z,APXMIDP,2026-09-11,8,145.42,2353.1
MID,2026-09-11T02:30:00Z,N2EXMIDP,2026-09-11,8,0.0,0.0
MID,2026-09-11T02:00:00Z,APXMIDP,2026-09-11,7,142.17,2455.05
MID,2026-09-11T02:00:00Z,N2EXMIDP,2026-09-11,7,0.0,0.0
MID,2026-09-11T01:30:00Z,APXMIDP,2026-09-11,6,143.67,2726.4
MID,2026-09-11T01:30:00Z,N2EXMIDP,2026-09-11,6,0.0,0.0
MID,2026-09-11T01:00:00Z,APXMIDP,2026-09-11,5,144.72,2701.0
MID,2026-09-11T01:00:00Z,N2EXMIDP,2026-09-11,5,0.0,0.0
MID,2026-09-11T00:30:00Z,APXMIDP,2026-09-11,4,138.18,2202.8
MID,2026-09-11T00:30:00Z,N2EXMIDP,2026-09-11,4,0.0,0.0
MID,2026-09-11T00:00:00Z,APXMIDP,2026-09-11,3,134.29,2190.65
MID,2026-09-11T00:00:00Z,N2EXMIDP,2026-09-11,3,0.0,0.0
MID,2026-09-10T23:30:00Z,APXMIDP,2026-09-11,2,145.1,2202.35
MID,2026-09-10T23:30:00Z,N2EXMIDP,2026-09-11,2,0.0,0.0
MID,2026-09-10T23:00:00Z,APXMIDP,2026-09-11,1,150.01,2337.9
MID,2026-09-10T23:00:00Z,N2EXMIDP,2026-09-11,1,0.0,0.0
MID,2026-09-10T22:30:00Z,APXMIDP,2026-09-10,48,159.3,2584.1
MID,2026-09-10T22:30:00Z,N2EXMIDP,2026-09-10,48,0.0,0.0
MID,2026-09-10T22:00:00Z,APXMIDP,2026-09-10,47,169.58,2604.05
MID,2026-09-10T22:00:00Z,N2EXMIDP,2026-09-10,47,0.0,0.0
MID,2026-09-10T21:30:00Z,APXMIDP,2026-09-10,46,159.2,3811.75
MID,2026-09-10T21:30:00Z,N2EXMIDP,2026-09-10,46,0.0,0.0
MID,2026-09-10T21:00:00Z,APXMIDP,2026-09-10,45,165.72,3549.85
MID,2026-09-10T21:00:00Z,N2EXMIDP,2026-09-10,45,0.0,0.0
MID,2026-09-10T20:30:00Z,APXMIDP,2026-09-10,44,168.36,2884.4
MID,2026-09-10T20:30:00Z,N2EXMIDP,2026-09-10,44,0.0,0.0
MID,2026-09-10T20:00:00Z,APXMIDP,2026-09-10,43,169.83,3571.9
MID,2026-09-10T20:00:00Z,N2EXMIDP,2026-09-10,43,0.0,0.0
MID,2026-09-10T19:30:00Z,APXMIDP,2026-09-10,42,177.18,3406.3
MID,2026-09-10T19:30:00Z,N2EXMIDP,2026-09-10,42,0.0,0.0
MID,2026-09-10T19:00:00Z,APXMIDP,2026-09-10,41,178.73,3658.2
MID,2026-09-10T19:00:00Z,N2EXMIDP,2026-09-10,41,0.0,0.0
MID,2026-09-10T18:30:00Z,APXMIDP,2026-09-10,40,182.1,4200.55
MID,2026-09-10T18:30:00Z,N2EXMIDP,2026-09-10,40,0.0,0.0
MID,2026-09-10T18:00:00Z,APXMIDP,2026-09-10,39,183.46,4014.3
MID,2026-09-10T18:00:00Z,N2EXMIDP,2026-09-10,39,0.0,0.0
MID,2026-09-10T17:30:00Z,APXMIDP,2026-09-10,38,170.97,3958.75
MID,2026-09-10T17:30:00Z,N2EXMIDP,2026-09-10,38,0.0,0.0
MID,2026-09-10T17:00:00Z,APXMIDP,2026-09-10,37,169.81,3602.6
MID,2026-09-10T17:00:00Z,N2EXMIDP,2026-09-10,37,0.0,0.0
MID,2026-09-10T16:30:00Z,APXMIDP,2026-09-10,36,170.33,4469.7
MID,2026-09-10T16:30:00Z,N2EXMIDP,2026-09-10,36,0.0,0.0
MID,2026-09-10T16:00:00Z,APXMIDP,2026-09-10,35,167.5,5241.25
MID,2026-09-10T16:00:00Z,N2EXMIDP,2026-09-10,35,0.0,0.0
MID,2026-09-10T15:30:00Z,APXMIDP,2026-09-10,34,143.19,4005.75
MID,2026-09-10T15:30:00Z,N2EXMIDP,2026-09-10,34,0.0,0.0
MID,2026-09-10T15:00:00Z,APXMIDP,2026-09-10,33,126.21,4217.1
MID,2026-09-10T15:00:00Z,N2EXMIDP,2026-09-10,33,0.0,0.0
MID,2026-09-10T14:30:00Z,APXMIDP,2026-09-10,32,106.29,4325.6
MID,2026-09-10T14:30:00Z,N2EXMIDP,2026-09-10,32,0.0,0.0
MID,2026-09-10T14:00:00Z,APXMIDP,2026-09-10,31,74.31,4043.25
MID,2026-09-10T14:00:00Z,N2EXMIDP,2026-09-10,31,0.0,0.0
MID,2026-09-10T13:30:00Z,APXMIDP,2026-09-10,30,75.36,5133.15
MID,2026-09-10T13:30:00Z,N2EXMIDP,2026-09-10,30,0.0,0.0
MID,2026-09-10T13:00:00Z,APXMIDP,2026-09-10,29,65.19,4743.75
MID,2026-09-10T13:00:00Z,N2EXMIDP,2026-09-10,29,0.0,0.0
MID,2026-09-10T12:30:00Z,APXMIDP,2026-09-10,28,50.38,4358.1
MID,2026-09-10T12:30:00Z,N2EXMIDP,2026-09-10,28,0.0,0.0
MID,2026-09-10T12:00:00Z,APXMIDP,2026-09-10,27,55.54,4484.1
MID,2026-09-10T12:00:00Z,N2EXMIDP,2026-09-10,27,0.0,0.0
MID,2026-09-10T11:30:00Z,APXMIDP,2026-09-10,26,68.0,4803.65
MID,2026-09-10T11:30:00Z,N2EXMIDP,2026-09-10,26,0.0,0.0
MID,2026-09-10T11:00:00Z,APXMIDP,2026-09-10,25,79.36,4630.9
MID,2026-09-10T11:00:00Z,N2EXMIDP,2026-09-10,25,0.0,0.0
MID,2026-09-10T10:30:00Z,APXMIDP,2026-09-10,24,98.33,4488.9
MID,2026-09-10T10:30:00Z,N2EXMIDP,2026-09-10,24,0.0,0.0
MID,2026-09-10T10:00:00Z,APXMIDP,2026-09-10,23,105.69,4514.15
MID,2026-09-10T10:00:00Z,N2EXMIDP,2026-09-10,23,0.0,0.0
MID,2026-09-10T09:30:00Z,APXMIDP,2026-09-10,22,121.87,3532.65
MID,2026-09-10T09:30:00Z,N2EXMIDP,2026-09-10,22,0.0,0.0
MID,2026-09-10T09:00:00Z,APXMIDP,2026-09-10,21,135.38,3264.15
MID,2026-09-10T09:00:00Z,N2EXMIDP,2026-09-10,21,0.0,0.0
MID,2026-09-10T08:30:00Z,APXMIDP,2026-09-10,20,152.84,3283.45
MID,2026-09-10T08:30:00Z,N2EXMIDP,2026-09-10,20,0.0,0.0
MID,2026-09-10T08:00:00Z,APXMIDP,2026-09-10,19,156.12,3612.9
MID,2026-09-10T08:00:00Z,N2EXMIDP,2026-09-10,19,0.0,0.0
MID,2026-09-10T07:30:00Z,APXMIDP,2026-09-10,18,164.6,3204.2
MID,2026-09-10T07:30:00Z,N2EXMIDP,2026-09-10,18,0.0,0.0
MID,2026-09-10T07:00:00Z,APXMIDP,2026-09-10,17,173.27,2915.7
MID,2026-09-10T07:00:00Z,N2EXMIDP,2026-09-10,17,0.0,0.0
MID,2026-09-10T06:30:00Z,APXMIDP,2026-09-10,16,179.19,3064.3
MID,2026-09-10T06:30:00Z,N2EXMIDP,2026-09-10,16,0.0,0.0
MID,2026-09-10T06:00:00Z,APXMIDP,2026-09-10,15,178.06,2649.75
MID,2026-09-10T06:00:00Z,N2EXMIDP,2026-09-10,15,0.0,0.0
MID,2026-09-10T05:30:00Z,APXMIDP,2026-09-10,14,183.88,2261.1
MID,2026-09-10T05:30:00Z,N2EXMIDP,2026-09-10,14,0.0,0.0
MID,2026-09-10T05:00:00Z,APXMIDP,2026-09-10,13,180.71,2217.45
MID,2026-09-10T05:00:00Z,N2EXMIDP,2026-09-10,13,0.0,0.0
MID,2026-09-10T04:30:00Z,APXMIDP,2026-09-10,12,173.47,1840.4
MID,2026-09-10T04:30:00Z,N2EXMIDP,2026-09-10,12,0.0,0.0
MID,2026-09-10T04:00:00Z,APXMIDP,2026-09-10,11,169.9,1692.1
MID,2026-09-10T04:00:00Z,N2EXMIDP,2026-09-10,11,0.0,0.0
MID,2026-09-10T03:30:00Z,APXMIDP,2026-09-10,10,144.69,2348.55
MID,2026-09-10T03:30:00Z,N2EXMIDP,2026-09-10,10,0.0,0.0
MID,2026-09-10T03:00:00Z,APXMIDP,2026-09-10,9,153.59,1943.95
MID,2026-09-10T03:00:00Z,N2EXMIDP,2026-09-10,9,0.0,0.0
MID,2026-09-10T02:30:00Z,APXMIDP,2026-09-10,8,153.63,1799.25
MID,2026-09-10T02:30:00Z,N2EXMIDP,2026-09-10,8,0.0,0.0
MID,2026-09-10T02:00:00Z,APXMIDP,2026-09-10,7,147.86,1764.1
MID,2026-09-10T02:00:00Z,N2EXMIDP,2026-09-10,7,0.0,0.0
MID,2026-09-10T01:30:00Z,APXMIDP,2026-09-10,6,144.18,1744.65
MID,2026-09-10T01:30:00Z,N2EXMIDP,2026-09-10,6,0.0,0.0
MID,2026-09-10T01:00:00Z,APXMIDP,2026-09-10,5,149.48,1543.65
MID,2026-09-10T01:00:00Z,N2EXMIDP,2026-09-10,5,0.0,0.0
MID,2026-09-10T00:30:00Z,APXMIDP,2026-09-10,4,153.24,1378.6
MID,2026-09-10T00:30:00Z,N2EXMIDP,2026-09-10,4,0.0,0.0
MID,2026-09-10T00:00:00Z,APXMIDP,2026-09-10,3,159.99,1365.0
MID,2026-09-10T00:00:00Z,N2EXMIDP,2026-09-10,3,0.0,0.0
MID,2026-09-09T23:30:00Z,APXMIDP,2026-09-10,2,163.8,1353.25
MID,2026-09-09T23:30:00Z,N2EXMIDP,2026-09-10,2,0.0,0.0
MID,2026-09-09T23:00:00Z,APXMIDP,2026-09-10,1,163.94,1353.2
MID,2026-09-09T23:00:00Z,N2EXMIDP,2026-09-10,1,0.0,0.0
MID,2026-09-09T22:30:00Z,APXMIDP,2026-09-09,48,161.58,1396.05
MID,2026-09-09T22:30:00Z,N2EXMIDP,2026-09-09,48,0.0,0.0
MID,2026-09-09T22:00:00Z,APXMIDP,2026-09-09,47,168.49,1513.75
MID,2026-09-09T22:00:00Z,N2EXMIDP,2026-09-09,47,0.0,0.0
MID,2026-09-09T21:30:00Z,APXMIDP,2026-09-09,46,149.25,2712.25
MID,2026-09-09T21:30:00Z,N2EXMIDP,2026-09-09,46,0.0,0.0
MID,2026-09-09T21:00:00Z,APXMIDP,2026-09-09,45,156.49,2375.9
MID,2026-09-09T21:00:00Z,N2EXMIDP,2026-09-09,45,0.0,0.0
MID,2026-09-09T20:30:00Z,APXMIDP,2026-09-09,44,171.05,2613.55
MID,2026-09-09T20:30:00Z,N2EXMIDP,2026-09-09,44,0.0,0.0
MID,2026-09-09T20:00:00Z,APXMIDP,2026-09-09,43,188.12,3064.85
MID,2026-09-09T20:00:00Z,N2EXMIDP,2026-09-09,43,0.0,0.0
MID,2026-09-09T19:30:00Z,APXMIDP,2026-09-09,42,194.18,4016.6
MID,2026-09-09T19:30:00Z,N2EXMIDP,2026-09-09,42,0.0,0.0
MID,2026-09-09T19:00:00Z,APXMIDP,2026-09-09,41,199.46,3858.75
MID,2026-09-09T19:00:00Z,N2EXMIDP,2026-09-09,41,0.0,0.0
MID,2026-09-09T18:30:00Z,APXMIDP,2026-09-09,40,197.94,3702.0
MID,2026-09-09T18:30:00Z,N2EXMIDP,2026-09-09,40,0.0,0.0
MID,2026-09-09T18:00:00Z,APXMIDP,2026-09-09,39,197.61,4008.05
MID,2026-09-09T18:00:00Z,N2EXMIDP,2026-09-09,39,0.0,0.0
MID,2026-09-09T17:30:00Z,APXMIDP,2026-09-09,38,214.09,4134.5
MID,2026-09-09T17:30:00Z,N2EXMIDP,2026-09-09,38,0.0,0.0
MID,2026-09-09T17:00:00Z,APXMIDP,2026-09-09,37,211.08,3474.6
MID,2026-09-09T17:00:00Z,N2EXMIDP,2026-09-09,37,0.0,0.0
MID,2026-09-09T16:30:00Z,APXMIDP,2026-09-09,36,214.88,3642.3
MID,2026-09-09T16:30:00Z,N2EXMIDP,2026-09-09,36,0.0,0.0
MID,2026-09-09T16:00:00Z,APXMIDP,2026-09-09,35,207.52,3007.45
MID,2026-09-09T16:00:00Z,N2EXMIDP,2026-09-09,35,0.0,0.0
MID,2026-09-09T15:30:00Z,APXMIDP,2026-09-09,34,192.24,3724.65
MID,2026-09-09T15:30:00Z,N2EXMIDP,2026-09-09,34,0.0,0.0
MID,2026-09-09T15:00:00Z,APXMIDP,2026-09-09,33,166.06,3645.1
MID,2026-09-09T15:00:00Z,N2EXMIDP,2026-09-09,33,0.0,0.0
MID,2026-09-09T14:30:00Z,APXMIDP,2026-09-09,32,152.18,3796.3
MID,2026-09-09T14:30:00Z,N2EXMIDP,2026-09-09,32,0.0,0.0
MID,2026-09-09T14:00:00Z,APXMIDP,2026-09-09,31,150.74,3892.1
MID,2026-09-09T14:00:00Z,N2EXMIDP,2026-09-09,31,0.0,0.0
MID,2026-09-09T13:30:00Z,APXMIDP,2026-09-09,30,152.79,4987.1
MID,2026-09-09T13:30:00Z,N2EXMIDP,2026-09-09,30,0.0,0.0
MID,2026-09-09T13:00:00Z,APXMIDP,2026-09-09,29,161.51,4122.05
MID,2026-09-09T13:00:00Z,N2EXMIDP,2026-09-09,29,0.0,0.0
MID,2026-09-09T12:30:00Z,APXMIDP,2026-09-09,28,169.24,4861.05
MID,2026-09-09T12:30:00Z,N2EXMIDP,2026-09-09,28,0.0,0.0
MID,2026-09-09T12:00:00Z,APXMIDP,2026-09-09,27,177.35,4292.65
MID,2026-09-09T12:00:00Z,N2EXMIDP,2026-09-09,27,0.0,0.0
MID,2026-09-09T11:30:00Z,APXMIDP,2026-09-09,26,174.42,3339.45
MID,2026-09-09T11:30:00Z,N2EXMIDP,2026-09-09,26,0.0,0.0
MID,2026-09-09T11:00:00Z,APXMIDP,2026-09-09,25,173.63,3457.85
MID,2026-09-09T11:00:00Z,N2EXMIDP,2026-09-09,25,0.0,0.0
MID,2026-09-09T10:30:00Z,APXMIDP,2026-09-09,24,167.06,3486.95
MID,2026-09-09T10:30:00Z,N2EXMIDP,2026-09-09,24,0.0,0.0
MID,2026-09-09T10:00:00Z,APXMIDP,2026-09-09,23,163.67,2903.7
MID,2026-09-09T10:00:00Z,N2EXMIDP,2026-09-09,23,0.0,0.0
MID,2026-09-09T09:30:00Z,APXMIDP,2026-09-09,22,171.72,3263.2
MID,2026-09-09T09:30:00Z,N2EXMIDP,2026-09-09,22,0.0,0.0
MID,2026-09-09T09:00:00Z,APXMIDP,2026-09-09,21,175.43,2953.15
MID,2026-09-09T09:00:00Z,N2EXMIDP,2026-09-09,21,0.0,0.0
MID,2026-09-09T08:30:00Z,APXMIDP,2026-09-09,20,169.55,3045.15
MID,2026-09-09T08:30:00Z,N2EXMIDP,2026-09-09,20,0.0,0.0
MID,2026-09-09T08:00:00Z,APXMIDP,2026-09-09,19,179.12,2551.25
MID,2026-09-09T08:00:00Z,N2EXMIDP,2026-09-09,19,0.0,0.0
MID,2026-09-09T07:30:00Z,APXMIDP,2026-09-09,18,177.87,2607.1
MID,2026-09-09T07:30:00Z,N2EXMIDP,2026-09-09,18,0.0,0.0
MID,2026-09-09T07:00:00Z,APXMIDP,2026-09-09,17,180.15,2785.5
MID,2026-09-09T07:00:00Z,N2EXMIDP,2026-09-09,17,0.0,0.0
MID,2026-09-09T06:30:00Z,APXMIDP,2026-09-09,16,178.16,3046.65
MID,2026-09-09T06:30:00Z,N2EXMIDP,2026-09-09,16,0.0,0.0
MID,2026-09-09T06:00:00Z,APXMIDP,2026-09-09,15,163.84,2797.45
MID,2026-09-09T06:00:00Z,N2EXMIDP,2026-09-09,15,0.0,0.0
MID,2026-09-09T05:30:00Z,APXMIDP,2026-09-09,14,165.86,2446.35
MID,2026-09-09T05:30:00Z,N2EXMIDP,2026-09-09,14,0.0,0.0
MID,2026-09-09T05:00:00Z,APXMIDP,2026-09-09,13,131.29,2701.9
MID,2026-09-09T05:00:00Z,N2EXMIDP,2026-09-09,13,0.0,0.0
MID,2026-09-09T04:30:00Z,APXMIDP,2026-09-09,12,143.38,2728.25
MID,2026-09-09T04:30:00Z,N2EXMIDP,2026-09-09,12,0.0,0.0
MID,2026-09-09T04:00:00Z,APXMIDP,2026-09-09,11,110.69,2406.8
MID,2026-09-09T04:00:00Z,N2EXMIDP,2026-09-09,11,0.0,0.0
MID,2026-09-09T03:30:00Z,APXMIDP,2026-09-09,10,101.49,3264.1
MID,2026-09-09T03:30:00Z,N2EXMIDP,2026-09-09,10,0.0,0.0
MID,2026-09-09T03:00:00Z,APXMIDP,2026-09-09,9,112.74,2945.9
MID,2026-09-09T03:00:00Z,N2EXMIDP,2026-09-09,9,0.0,0.0
MID,2026-09-09T02:30:00Z,APXMIDP,2026-09-09,8,112.72,2392.4
MID,2026-09-09T02:30:00Z,N2EXMIDP,2026-09-09,8,0.0,0.0
MID,2026-09-09T02:00:00Z,APXMIDP,2026-09-09,7,115.29,2410.75
MID,2026-09-09T02:00:00Z,N2EXMIDP,2026-09-09,7,0.0,0.0
MID,2026-09-09T01:30:00Z,APXMIDP,2026-09-09,6,114.01,2556.2
MID,2026-09-09T01:30:00Z,N2EXMIDP,2026-09-09,6,0.0,0.0
MID,2026-09-09T01:00:00Z,APXMIDP,2026-09-09,5,111.89,2436.55
MID,2026-09-09T01:00:00Z,N2EXMIDP,2026-09-09,5,0.0,0.0
MID,2026-09-09T00:30:00Z,APXMIDP,2026-09-09,4,113.6,2389.5
MID,2026-09-09T00:30:00Z,N2EXMIDP,2026-09-09,4,0.0,0.0
MID,2026-09-09T00:00:00Z,APXMIDP,2026-09-09,3,106.89,1999.05
MID,2026-09-09T00:00:00Z,N2EXMIDP,2026-09-09,3,0.0,0.0
MID,2026-09-08T23:30:00Z,APXMIDP,2026-09-09,2,109.59,2201.35
MID,2026-09-08T23:30:00Z,N2EXMIDP,2026-09-09,2,0.0,0.0
MID,2026-09-08T23:00:00Z,APXMIDP,2026-09-09,1,111.4,2223.2
MID,2026-09-08T23:00:00Z,N2EXMIDP,2026-09-09,1,0.0,0.0
MID,2026-09-08T22:30:00Z,APXMIDP,2026-09-08,48,112.79,2274.65
MID,2026-09-08T22:30:00Z,N2EXMIDP,2026-09-08,48,0.0,0.0
MID,2026-09-08T22:00:00Z,APXMIDP,2026-09-08,47,113.75,2389.75
MID,2026-09-08T22:00:00Z,N2EXMIDP,2026-09-08,47,0.0,0.0
MID,2026-09-08T21:30:00Z,APXMIDP,2026-09-08,46,126.41,3669.75
MID,2026-09-08T21:30:00Z,N2EXMIDP,2026-09-08,46,0.0,0.0
MID,2026-09-08T21:00:00Z,APXMIDP,2026-09-08,45,130.08,3405.7
MID,2026-09-08T21:00:00Z,N2EXMIDP,2026-09-08,45,0.0,0.0
MID,2026-09-08T20:30:00Z,APXMIDP,2026-09-08,44,139.45,3212.15
MID,2026-09-08T20:30:00Z,N2EXMIDP,2026-09-08,44,0.0,0.0
MID,2026-09-08T20:00:00Z,APXMIDP,2026-09-08,43,149.85,3716.85
MID,2026-09-08T20:00:00Z,N2EXMIDP,2026-09-08,43,0.0,0.0
MID,2026-09-08T19:30:00Z,APXMIDP,2026-09-08,42,156.2,3662.45
MID,2026-09-08T19:30:00Z,N2EXMIDP,2026-09-08,42,0.0,0.0
MID,2026-09-08T19:00:00Z,APXMIDP,2026-09-08,41,158.78,3572.85
MID,2026-09-08T19:00:00Z,N2EXMIDP,2026-09-08,41,0.0,0.0
MID,2026-09-08T18:30:00Z,APXMIDP,2026-09-08,40,160.16,3820.25
MID,2026-09-08T18:30:00Z,N2EXMIDP,2026-09-08,40,0.0,0.0
MID,2026-09-08T18:00:00Z,APXMIDP,2026-09-08,39,163.69,4194.4
MID,2026-09-08T18:00:00Z,N2EXMIDP,2026-09-08,39,0.0,0.0
MID,2026-09-08T17:30:00Z,APXMIDP,2026-09-08,38,153.67,4856.7
MID,2026-09-08T17:30:00Z,N2EXMIDP,2026-09-08,38,0.0,0.0
MID,2026-09-08T17:00:00Z,APXMIDP,2026-09-08,37,149.92,5191.95
MID,2026-09-08T17:00:00Z,N2EXMIDP,2026-09-08,37,0.0,0.0
MID,2026-09-08T16:30:00Z,APXMIDP,2026-09-08,36,144.26,4427.7
MID,2026-09-08T16:30:00Z,N2EXMIDP,2026-09-08,36,0.0,0.0
MID,2026-09-08T16:00:00Z,APXMIDP,2026-09-08,35,143.49,5165.9
MID,2026-09-08T16:00:00Z,N2EXMIDP,2026-09-08,35,0.0,0.0
MID,2026-09-08T15:30:00Z,APXMIDP,2026-09-08,34,126.18,6816.5
MID,2026-09-08T15:30:00Z,N2EXMIDP,2026-09-08,34,0.0,0.0
MID,2026-09-08T15:00:00Z,APXMIDP,2026-09-08,33,127.19,6352.5
MID,2026-09-08T15:00:00Z,N2EXMIDP,2026-09-08,33,0.0,0.0
MID,2026-09-08T14:30:00Z,APXMIDP,2026-09-08,32,114.3,7132.4
MID,2026-09-08T14:30:00Z,N2EXMIDP,2026-09-08,32,0.0,0.0
MID,2026-09-08T14:00:00Z,APXMIDP,2026-09-08,31,94.28,6724.65
MID,2026-09-08T14:00:00Z,N2EXMIDP,2026-09-08,31,0.0,0.0
MID,2026-09-08T13:30:00Z,APXMIDP,2026-09-08,30,111.55,6381.05
MID,2026-09-08T13:30:00Z,N2EXMIDP,2026-09-08,30,0.0,0.0
MID,2026-09-08T13:00:00Z,APXMIDP,2026-09-08,29,117.95,5774.2
MID,2026-09-08T13:00:00Z,N2EXMIDP,2026-09-08,29,0.0,0.0
MID,2026-09-08T12:30:00Z,APXMIDP,2026-09-08,28,113.51,5055.7
MID,2026-09-08T12:30:00Z,N2EXMIDP,2026-09-08,28,0.0,0.0
MID,2026-09-08T12:00:00Z,APXMIDP,2026-09-08,27,137.19,5595.1
MID,2026-09-08T12:00:00Z,N2EXMIDP,2026-09-08,27,0.0,0.0
MID,2026-09-08T11:30:00Z,APXMIDP,2026-09-08,26,160.21,5508.65
MID,2026-09-08T11:30:00Z,N2EXMIDP,2026-09-08,26,0.0,0.0
MID,2026-09-08T11:00:00Z,APXMIDP,2026-09-08,25,166.03,5369.7
MID,2026-09-08T11:00:00Z,N2EXMIDP,2026-09-08,25,0.0,0.0
MID,2026-09-08T10:30:00Z,APXMIDP,2026-09-08,24,166.17,5004.0
MID,2026-09-08T10:30:00Z,N2EXMIDP,2026-09-08,24,0.0,0.0
MID,2026-09-08T10:00:00Z,APXMIDP,2026-09-08,23,168.23,4804.45
MID,2026-09-08T10:00:00Z,N2EXMIDP,2026-09-08,23,0.0,0.0
MID,2026-09-08T09:30:00Z,APXMIDP,2026-09-08,22,170.03,5166.0
MID,2026-09-08T09:30:00Z,N2EXMIDP,2026-09-08,22,0.0,0.0
MID,2026-09-08T09:00:00Z,APXMIDP,2026-09-08,21,168.21,5299.95
MID,2026-09-08T09:00:00Z,N2EXMIDP,2026-09-08,21,0.0,0.0
MID,2026-09-08T08:30:00Z,APXMIDP,2026-09-08,20,160.71,4675.65
MID,2026-09-08T08:30:00Z,N2EXMIDP,2026-09-08,20,0.0,0.0
MID,2026-09-08T08:00:00Z,APXMIDP,2026-09-08,19,159.25,4562.15
MID,2026-09-08T08:00:00Z,N2EXMIDP,2026-09-08,19,0.0,0.0
MID,2026-09-08T07:30:00Z,APXMIDP,2026-09-08,18,164.38,4136.95
MID,2026-09-08T07:30:00Z,N2EXMIDP,2026-09-08,18,0.0,0.0
MID,2026-09-08T07:00:00Z,APXMIDP,2026-09-08,17,153.38,4193.8
MID,2026-09-08T07:00:00Z,N2EXMIDP,2026-09-08,17,0.0,0.0
MID,2026-09-08T06:30:00Z,APXMIDP,2026-09-08,16,189.17,3633.0
MID,2026-09-08T06:30:00Z,N2EXMIDP,2026-09-08,16,0.0,0.0
MID,2026-09-08T06:00:00Z,APXMIDP,2026-09-08,15,180.86,3508.85
MID,2026-09-08T06:00:00Z,N2EXMIDP,2026-09-08,15,0.0,0.0
MID,2026-09-08T05:30:00Z,APXMIDP,2026-09-08,14,180.08,2889.95
MID,2026-09-08T05:30:00Z,N2EXMIDP,2026-09-08,14,0.0,0.0
MID,2026-09-08T05:00:00Z,APXMIDP,2026-09-08,13,168.35,2538.4
MID,2026-09-08T05:00:00Z,N2EXMIDP,2026-09-08,13,0.0,0.0
MID,2026-09-08T04:30:00Z,APXMIDP,2026-09-08,12,152.39,2543.15
MID,2026-09-08T04:30:00Z,N2EXMIDP,2026-09-08,12,0.0,0.0
MID,2026-09-08T04:00:00Z,APXMIDP,2026-09-08,11,148.73,2728.25
MID,2026-09-08T04:00:00Z,N2EXMIDP,2026-09-08,11,0.0,0.0
MID,2026-09-08T03:30:00Z,APXMIDP,2026-09-08,10,135.33,2747.55
MID,2026-09-08T03:30:00Z,N2EXMIDP,2026-09-08,10,0.0,0.0
MID,2026-09-08T03:00:00Z,APXMIDP,2026-09-08,9,129.26,2745.7
MID,2026-09-08T03:00:00Z,N2EXMIDP,2026-09-08,9,0.0,0.0
MID,2026-09-08T02:30:00Z,APXMIDP,2026-09-08,8,111.04,3310.05
MID,2026-09-08T02:30:00Z,N2EXMIDP,2026-09-08,8,0.0,0.0
MID,2026-09-08T02:00:00Z,APXMIDP,2026-09-08,7,123.25,3091.45
MID,2026-09-08T02:00:00Z,N2EXMIDP,2026-09-08,7,0.0,0.0
MID,2026-09-08T01:30:00Z,APXMIDP,2026-09-08,6,139.21,3095.8
MID,2026-09-08T01:30:00Z,N2EXMIDP,2026-09-08,6,0.0,0.0
MID,2026-09-08T01:00:00Z,APXMIDP,2026-09-08,5,149.63,2997.25
MID,2026-09-08T01:00:00Z,N2EXMIDP,2026-09-08,5,0.0,0.0
MID,2026-09-08T00:30:00Z,APXMIDP,2026-09-08,4,144.84,2603.5
MID,2026-09-08T00:30:00Z,N2EXMIDP,2026-09-08,4,0.0,0.0
MID,2026-09-08T00:00:00Z,APXMIDP,2026-09-08,3,143.65,2168.8
MID,2026-09-08T00:00:00Z,N2EXMIDP,2026-09-08,3,0.0,0.0
MID,2026-09-07T23:30:00Z,APXMIDP,2026-09-08,2,131.56,1718.25
MID,2026-09-07T23:30:00Z,N2EXMIDP,2026-09-08,2,0.0,0.0
MID,2026-09-07T23:00:00Z,APXMIDP,2026-09-08,1,134.1,1804.45
MID,2026-09-07T23:00:00Z,N2EXMIDP,2026-09-08,1,0.0,0.0
MID,2026-09-07T22:30:00Z,APXMIDP,2026-09-07,48,137.02,1632.45
MID,2026-09-07T22:30:00Z,N2EXMIDP,2026-09-07,48,0.0,0.0
MID,2026-09-07T22:00:00Z,APXMIDP,2026-09-07,47,140.54,1990.2
MID,2026-09-07T22:00:00Z,N2EXMIDP,2026-09-07,47,0.0,0.0
MID,2026-09-07T21:30:00Z,APXMIDP,2026-09-07,46,131.88,2311.45
MID,2026-09-07T21:30:00Z,N2EXMIDP,2026-09-07,46,0.0,0.0
MID,2026-09-07T21:00:00Z,APXMIDP,2026-09-07,45,138.8,2316.85
MID,2026-09-07T21:00:00Z,N2EXMIDP,2026-09-07,45,0.0,0.0
MID,2026-09-07T20:30:00Z,APXMIDP,2026-09-07,44,152.45,2431.5
MID,2026-09-07T20:30:00Z,N2EXMIDP,2026-09-07,44,0.0,0.0
MID,2026-09-07T20:00:00Z,APXMIDP,2026-09-07,43,160.12,2875.7
MID,2026-09-07T20:00:00Z,N2EXMIDP,2026-09-07,43,0.0,0.0
MID,2026-09-07T19:30:00Z,APXMIDP,2026-09-07,42,163.78,3698.7
MID,2026-09-07T19:30:00Z,N2EXMIDP,2026-09-07,42,0.0,0.0
MID,2026-09-07T19:00:00Z,APXMIDP,2026-09-07,41,168.17,3201.8
MID,2026-09-07T19:00:00Z,N2EXMIDP,2026-09-07,41,0.0,0.0
MID,2026-09-07T18:30:00Z,APXMIDP,2026-09-07,40,180.54,2783.15
MID,2026-09-07T18:30:00Z,N2EXMIDP,2026-09-07,40,0.0,0.0
MID,2026-09-07T18:00:00Z,APXMIDP,2026-09-07,39,180.33,2667.9
MID,2026-09-07T18:00:00Z,N2EXMIDP,2026-09-07,39,0.0,0.0
MID,2026-09-07T17:30:00Z,APXMIDP,2026-09-07,38,181.81,3474.75
MID,2026-09-07T17:30:00Z,N2EXMIDP,2026-09-07,38,0.0,0.0
MID,2026-09-07T17:00:00Z,APXMIDP,2026-09-07,37,181.32,3242.05
MID,2026-09-07T17:00:00Z,N2EXMIDP,2026-09-07,37,0.0,0.0
MID,2026-09-07T16:30:00Z,APXMIDP,2026-09-07,36,171.26,2965.7
MID,2026-09-07T16:30:00Z,N2EXMIDP,2026-09-07,36,0.0,0.0
MID,2026-09-07T16:00:00Z,APXMIDP,2026-09-07,35,170.6,2857.75
MID,2026-09-07T16:00:00Z,N2EXMIDP,2026-09-07,35,0.0,0.0
MID,2026-09-07T15:30:00Z,APXMIDP,2026-09-07,34,113.64,3451.2
MID,2026-09-07T15:30:00Z,N2EXMIDP,2026-09-07,34,0.0,0.0
MID,2026-09-07T15:00:00Z,APXMIDP,2026-09-07,33,107.82,3037.9
MID,2026-09-07T15:00:00Z,N2EXMIDP,2026-09-07,33,0.0,0.0
MID,2026-09-07T14:30:00Z,APXMIDP,2026-09-07,32,97.01,3988.65
MID,2026-09-07T14:30:00Z,N2EXMIDP,2026-09-07,32,0.0,0.0
MID,2026-09-07T14:00:00Z,APXMIDP,2026-09-07,31,96.49,3548.75
MID,2026-09-07T14:00:00Z,N2EXMIDP,2026-09-07,31,0.0,0.0
MID,2026-09-07T13:30:00Z,APXMIDP,2026-09-07,30,97.28,3573.2
MID,2026-09-07T13:30:00Z,N2EXMIDP,2026-09-07,30,0.0,0.0
MID,2026-09-07T13:00:00Z,APXMIDP,2026-09-07,29,92.04,3687.45
MID,2026-09-07T13:00:00Z,N2EXMIDP,2026-09-07,29,0.0,0.0
MID,2026-09-07T12:30:00Z,APXMIDP,2026-09-07,28,104.26,3724.15
MID,2026-09-07T12:30:00Z,N2EXMIDP,2026-09-07,28,0.0,0.0
MID,2026-09-07T12:00:00Z,APXMIDP,2026-09-07,27,102.7,3720.0
MID,2026-09-07T12:00:00Z,N2EXMIDP,2026-09-07,27,0.0,0.0
MID,2026-09-07T11:30:00Z,APXMIDP,2026-09-07,26,101.74,3449.3
MID,2026-09-07T11:30:00Z,N2EXMIDP,2026-09-07,26,0.0,0.0
MID,2026-09-07T11:00:00Z,APXMIDP,2026-09-07,25,96.91,2916.7
MID,2026-09-07T11:00:00Z,N2EXMIDP,2026-09-07,25,0.0,0.0
MID,2026-09-07T10:30:00Z,APXMIDP,2026-09-07,24,106.8,3383.85
MID,2026-09-07T10:30:00Z,N2EXMIDP,2026-09-07,24,0.0,0.0
MID,2026-09-07T10:00:00Z,APXMIDP,2026-09-07,23,128.18,3345.3
MID,2026-09-07T10:00:00Z,N2EXMIDP,2026-09-07,23,0.0,0.0
MID,2026-09-07T09:30:00Z,APXMIDP,2026-09-07,22,134.04,3204.65
MID,2026-09-07T09:30:00Z,N2EXMIDP,2026-09-07,22,0.0,0.0
MID,2026-09-07T09:00:00Z,APXMIDP,2026-09-07,21,134.02,3394.75
MID,2026-09-07T09:00:00Z,N2EXMIDP,2026-09-07,21,0.0,0.0
MID,2026-09-07T08:30:00Z,APXMIDP,2026-09-07,20,134.32,2909.0
MID,2026-09-07T08:30:00Z,N2EXMIDP,2026-09-07,20,0.0,0.0
MID,2026-09-07T08:00:00Z,APXMIDP,2026-09-07,19,121.87,2828.8
MID,2026-09-07T08:00:00Z,N2EXMIDP,2026-09-07,19,0.0,0.0
MID,2026-09-07T07:30:00Z,APXMIDP,2026-09-07,18,144.87,3010.0
MID,2026-09-07T07:30:00Z,N2EXMIDP,2026-09-07,18,0.0,0.0
MID,2026-09-07T07:00:00Z,APXMIDP,2026-09-07,17,159.04,3142.9
MID,2026-09-07T07:00:00Z,N2EXMIDP,2026-09-07,17,0.0,0.0
MID,2026-09-07T06:30:00Z,APXMIDP,2026-09-07,16,156.94,3056.9
MID,2026-09-07T06:30:00Z,N2EXMIDP,2026-09-07,16,0.0,0.0
MID,2026-09-07T06:00:00Z,APXMIDP,2026-09-07,15,158.54,3236.95
MID,2026-09-07T06:00:00Z,N2EXMIDP,2026-09-07,15,0.0,0.0
MID,2026-09-07T05:30:00Z,APXMIDP,2026-09-07,14,162.48,2980.75
MID,2026-09-07T05:30:00Z,N2EXMIDP,2026-09-07,14,0.0,0.0
MID,2026-09-07T05:00:00Z,APXMIDP,2026-09-07,13,164.45,3020.1
MID,2026-09-07T05:00:00Z,N2EXMIDP,2026-09-07,13,0.0,0.0
MID,2026-09-07T04:30:00Z,APXMIDP,2026-09-07,12,164.29,3008.15
MID,2026-09-07T04:30:00Z,N2EXMIDP,2026-09-07,12,0.0,0.0
MID,2026-09-07T04:00:00Z,APXMIDP,2026-09-07,11,146.7,2645.85
MID,2026-09-07T04:00:00Z,N2EXMIDP,2026-09-07,11,0.0,0.0
MID,2026-09-07T03:30:00Z,APXMIDP,2026-09-07,10,127.14,2438.1
MID,2026-09-07T03:30:00Z,N2EXMIDP,2026-09-07,10,0.0,0.0
MID,2026-09-07T03:00:00Z,APXMIDP,2026-09-07,9,133.64,2601.45
MID,2026-09-07T03:00:00Z,N2EXMIDP,2026-09-07,9,0.0,0.0
MID,2026-09-07T02:30:00Z,APXMIDP,2026-09-07,8,130.21,2894.95
MID,2026-09-07T02:30:00Z,N2EXMIDP,2026-09-07,8,0.0,0.0
MID,2026-09-07T02:00:00Z,APXMIDP,2026-09-07,7,134.85,2962.3
MID,2026-09-07T02:00:00Z,N2EXMIDP,2026-09-07,7,0.0,0.0
MID,2026-09-07T01:30:00Z,APXMIDP,2026-09-07,6,133.87,2432.4
MID,2026-09-07T01:30:00Z,N2EXMIDP,2026-09-07,6,0.0,0.0
MID,2026-09-07T01:00:00Z,APXMIDP,2026-09-07,5,140.68,2904.05
MID,2026-09-07T01:00:00Z,N2EXMIDP,2026-09-07,5,0.0,0.0
MID,2026-09-07T00:30:00Z,APXMIDP,2026-09-07,4,134.76,2376.45
MID,2026-09-07T00:30:00Z,N2EXMIDP,2026-09-07,4,0.0,0.0
MID,2026-09-07T00:00:00Z,APXMIDP,2026-09-07,3,136.4,2695.55
MID,2026-09-07T00:00:00Z,N2EXMIDP,2026-09-07,3,0.0,0.0
MID,2026-09-06T23:30:00Z,APXMIDP,2026-09-07,2,135.15,1956.85
MID,2026-09-06T23:30:00Z,N2EXMIDP,2026-09-07,2,0.0,0.0
MID,2026-09-06T23:00:00Z,APXMIDP,2026-09-07,1,142.82,2576.85
MID,2026-09-06T23:00:00Z,N2EXMIDP,2026-09-07,1,0.0,0.0
MID,2026-09-06T22:30:00Z,APXMIDP,2026-09-06,48,137.82,1871.5
MID,2026-09-06T22:30:00Z,N2EXMIDP,2026-09-06,48,0.0,0.0
MID,2026-09-06T22:00:00Z,APXMIDP,2026-09-06,47,139.59,2077.85
MID,2026-09-06T22:00:00Z,N2EXMIDP,2026-09-06,47,0.0,0.0
MID,2026-09-06T21:30:00Z,APXMIDP,2026-09-06,46,151.93,3557.35
MID,2026-09-06T21:30:00Z,N2EXMIDP,2026-09-06,46,0.0,0.0
MID,2026-09-06T21:00:00Z,APXMIDP,2026-09-06,45,161.74,3335.1
MID,2026-09-06T21:00:00Z,N2EXMIDP,2026-09-06,45,0.0,0.0
MID,2026-09-06T20:30:00Z,APXMIDP,2026-09-06,44,173.39,3228.05
MID,2026-09-06T20:30:00Z,N2EXMIDP,2026-09-06,44,0.0,0.0
MID,2026-09-06T20:00:00Z,APXMIDP,2026-09-06,43,177.43,3354.15
MID,2026-09-06T20:00:00Z,N2EXMIDP,2026-09-06,43,0.0,0.0
MID,2026-09-06T19:30:00Z,APXMIDP,2026-09-06,42,188.17,3831.1
MID,2026-09-06T19:30:00Z,N2EXMIDP,2026-09-06,42,0.0,0.0
MID,2026-09-06T19:00:00Z,APXMIDP,2026-09-06,41,192.58,3935.9
MID,2026-09-06T19:00:00Z,N2EXMIDP,2026-09-06,41,0.0,0.0
MID,2026-09-06T18:30:00Z,APXMIDP,2026-09-06,40,196.74,3144.65
MID,2026-09-06T18:30:00Z,N2EXMIDP,2026-09-06,40,0.0,0.0
MID,2026-09-06T18:00:00Z,APXMIDP,2026-09-06,39,197.44,3112.45
MID,2026-09-06T18:00:00Z,N2EXMIDP,2026-09-06,39,0.0,0.0
MID,2026-09-06T17:30:00Z,APXMIDP,2026-09-06,38,190.91,3682.25
MID,2026-09-06T17:30:00Z,N2EXMIDP,2026-09-06,38,0.0,0.0
MID,2026-09-06T17:00:00Z,APXMIDP,2026-09-06,37,189.01,4305.2
MID,2026-09-06T17:00:00Z,N2EXMIDP,2026-09-06,37,0.0,0.0
MID,2026-09-06T16:30:00Z,APXMIDP,2026-09-06,36,177.58,4295.0
MID,2026-09-06T16:30:00Z,N2EXMIDP,2026-09-06,36,0.0,0.0
MID,2026-09-06T16:00:00Z,APXMIDP,2026-09-06,35,174.0,4054.05
MID,2026-09-06T16:00:00Z,N2EXMIDP,2026-09-06,35,0.0,0.0
MID,2026-09-06T15:30:00Z,APXMIDP,2026-09-06,34,127.65,4105.85
MID,2026-09-06T15:30:00Z,N2EXMIDP,2026-09-06,34,0.0,0.0
MID,2026-09-06T15:00:00Z,APXMIDP,2026-09-06,33,95.51,4383.9
MID,2026-09-06T15:00:00Z,N2EXMIDP,2026-09-06,33,0.0,0.0
MID,2026-09-06T14:30:00Z,APXMIDP,2026-09-06,32,21.71,4502.75
MID,2026-09-06T14:30:00Z,N2EXMIDP,2026-09-06,32,0.0,0.0
MID,2026-09-06T14:00:00Z,APXMIDP,2026-09-06,31,13.14,4317.8
MID,2026-09-06T14:00:00Z,N2EXMIDP,2026-09-06,31,0.0,0.0
MID,2026-09-06T13:30:00Z,APXMIDP,2026-09-06,30,4.2,3977.55
MID,2026-09-06T13:30:00Z,N2EXMIDP,2026-09-06,30,0.0,0.0
MID,2026-09-06T13:00:00Z,APXMIDP,2026-09-06,29,-2.42,3654.05
MID,2026-09-06T13:00:00Z,N2EXMIDP,2026-09-06,29,0.0,0.0
MID,2026-09-06T12:30:00Z,APXMIDP,2026-09-06,28,-9.94,3437.0
MID,2026-09-06T12:30:00Z,N2EXMIDP,2026-09-06,28,0.0,0.0
MID,2026-09-06T12:00:00Z,APXMIDP,2026-09-06,27,-11.39,3355.65
MID,2026-09-06T12:00:00Z,N2EXMIDP,2026-09-06,27,0.0,0.0
MID,2026-09-06T11:30:00Z,APXMIDP,2026-09-06,26,-12.9,3421.8
MID,2026-09-06T11:30:00Z,N2EXMIDP,2026-09-06,26,0.0,0.0
MID,2026-09-06T11:00:00Z,APXMIDP,2026-09-06,25,-19.33,2841.25
MID,2026-09-06T11:00:00Z,N2EXMIDP,2026-09-06,25,0.0,0.0
MID,2026-09-06T10:30:00Z,APXMIDP,2026-09-06,24,-16.6,2774.35
MID,2026-09-06T10:30:00Z,N2EXMIDP,2026-09-06,24,0.0,0.0
MID,2026-09-06T10:00:00Z,APXMIDP,2026-09-06,23,-15.31,2839.65
MID,2026-09-06T10:00:00Z,N2EXMIDP,2026-09-06,23,0.0,0.0
MID,2026-09-06T09:30:00Z,APXMIDP,2026-09-06,22,-14.92,2867.45
MID,2026-09-06T09:30:00Z,N2EXMIDP,2026-09-06,22,0.0,0.0
MID,2026-09-06T09:00:00Z,APXMIDP,2026-09-06,21,-12.47,2738.9
MID,2026-09-06T09:00:00Z,N2EXMIDP,2026-09-06,21,0.0,0.0
MID,2026-09-06T08:30:00Z,APXMIDP,2026-09-06,20,-9.42,2882.2
MID,2026-09-06T08:30:00Z,N2EXMIDP,2026-09-06,20,0.0,0.0
MID,2026-09-06T08:00:00Z,APXMIDP,2026-09-06,19,-7.45,3195.4
MID,2026-09-06T08:00:00Z,N2EXMIDP,2026-09-06,19,0.0,0.0
MID,2026-09-06T07:30:00Z,APXMIDP,2026-09-06,18,1.35,2914.8
MID,2026-09-06T07:30:00Z,N2EXMIDP,2026-09-06,18,0.0,0.0
MID,2026-09-06T07:00:00Z,APXMIDP,2026-09-06,17,1.84,3008.15
MID,2026-09-06T07:00:00Z,N2EXMIDP,2026-09-06,17,0.0,0.0
MID,2026-09-06T06:30:00Z,APXMIDP,2026-09-06,16,22.74,2643.0
MID,2026-09-06T06:30:00Z,N2EXMIDP,2026-09-06,16,0.0,0.0
MID,2026-09-06T06:00:00Z,APXMIDP,2026-09-06,15,32.39,2844.45
MID,2026-09-06T06:00:00Z,N2EXMIDP,2026-09-06,15,0.0,0.0
MID,2026-09-06T05:30:00Z,APXMIDP,2026-09-06,14,72.1,3149.85
MID,2026-09-06T05:30:00Z,N2EXMIDP,2026-09-06,14,0.0,0.0
MID,2026-09-06T05:00:00Z,APXMIDP,2026-09-06,13,76.65,3046.55
MID,2026-09-06T05:00:00Z,N2EXMIDP,2026-09-06,13,0.0,0.0
MID,2026-09-06T04:30:00Z,APXMIDP,2026-09-06,12,84.83,2591.65
MID,2026-09-06T04:30:00Z,N2EXMIDP,2026-09-06,12,0.0,0.0
MID,2026-09-06T04:00:00Z,APXMIDP,2026-09-06,11,85.11,2479.85
MID,2026-09-06T04:00:00Z,N2EXMIDP,2026-09-06,11,0.0,0.0
MID,2026-09-06T03:30:00Z,APXMIDP,2026-09-06,10,86.95,2578.05
MID,2026-09-06T03:30:00Z,N2EXMIDP,2026-09-06,10,0.0,0.0
MID,2026-09-06T03:00:00Z,APXMIDP,2026-09-06,9,100.1,2622.0
MID,2026-09-06T03:00:00Z,N2EXMIDP,2026-09-06,9,0.0,0.0
MID,2026-09-06T02:30:00Z,APXMIDP,2026-09-06,8,97.01,1970.05
MID,2026-09-06T02:30:00Z,N2EXMIDP,2026-09-06,8,0.0,0.0
MID,2026-09-06T02:00:00Z,APXMIDP,2026-09-06,7,113.67,2093.4
MID,2026-09-06T02:00:00Z,N2EXMIDP,2026-09-06,7,0.0,0.0
MID,2026-09-06T01:30:00Z,APXMIDP,2026-09-06,6,119.74,1585.85
MID,2026-09-06T01:30:00Z,N2EXMIDP,2026-09-06,6,0.0,0.0
MID,2026-09-06T01:00:00Z,APXMIDP,2026-09-06,5,133.03,1721.1
MID,2026-09-06T01:00:00Z,N2EXMIDP,2026-09-06,5,0.0,0.0
MID,2026-09-06T00:30:00Z,APXMIDP,2026-09-06,4,147.52,1894.1
MID,2026-09-06T00:30:00Z,N2EXMIDP,2026-09-06,4,0.0,0.0
MID,2026-09-06T00:00:00Z,APXMIDP,2026-09-06,3,155.83,1765.0
MID,2026-09-06T00:00:00Z,N2EXMIDP,2026-09-06,3,0.0,0.0
MID,2026-09-05T23:30:00Z,APXMIDP,2026-09-06,2,148.07,1944.9
MID,2026-09-05T23:30:00Z,N2EXMIDP,2026-09-06,2,0.0,0.0
MID,2026-09-05T23:00:00Z,APXMIDP,2026-09-06,1,153.28,1806.2
MID,2026-09-05T23:00:00Z,N2EXMIDP,2026-09-06,1,0.0,0.0
MID,2026-09-05T22:30:00Z,APXMIDP,2026-09-05,48,151.76,2132.85
MID,2026-09-05T22:30:00Z,N2EXMIDP,2026-09-05,48,0.0,0.0
MID,2026-09-05T22:00:00Z,APXMIDP,2026-09-05,47,157.72,2350.1
MID,2026-09-05T22:00:00Z,N2EXMIDP,2026-09-05,47,0.0,0.0
MID,2026-09-05T21:30:00Z,APXMIDP,2026-09-05,46,173.76,2832.55
MID,2026-09-05T21:30:00Z,N2EXMIDP,2026-09-05,46,0.0,0.0
MID,2026-09-05T21:00:00Z,APXMIDP,2026-09-05,45,184.64,3076.3
MID,2026-09-05T21:00:00Z,N2EXMIDP,2026-09-05,45,0.0,0.0
MID,2026-09-05T20:30:00Z,APXMIDP,2026-09-05,44,195.02,3408.7
MID,2026-09-05T20:30:00Z,N2EXMIDP,2026-09-05,44,0.0,0.0
MID,2026-09-05T20:00:00Z,APXMIDP,2026-09-05,43,200.11,3814.2
MID,2026-09-05T20:00:00Z,N2EXMIDP,2026-09-05,43,0.0,0.0
MID,2026-09-05T19:30:00Z,APXMIDP,2026-09-05,42,204.82,3528.85
MID,2026-09-05T19:30:00Z,N2EXMIDP,2026-09-05,42,0.0,0.0
MID,2026-09-05T19:00:00Z,APXMIDP,2026-09-05,41,207.66,3463.0
MID,2026-09-05T19:00:00Z,N2EXMIDP,2026-09-05,41,0.0,0.0
MID,2026-09-05T18:30:00Z,APXMIDP,2026-09-05,40,207.9,3218.85
MID,2026-09-05T18:30:00Z,N2EXMIDP,2026-09-05,40,0.0,0.0
MID,2026-09-05T18:00:00Z,APXMIDP,2026-09-05,39,208.37,3325.95
MID,2026-09-05T18:00:00Z,N2EXMIDP,2026-09-05,39,0.0,0.0
MID,2026-09-05T17:30:00Z,APXMIDP,2026-09-05,38,188.99,3623.45
MID,2026-09-05T17:30:00Z,N2EXMIDP,2026-09-05,38,0.0,0.0
MID,2026-09-05T17:00:00Z,APXMIDP,2026-09-05,37,174.9,2958.3
MID,2026-09-05T17:00:00Z,N2EXMIDP,2026-09-05,37,0.0,0.0
MID,2026-09-05T16:30:00Z,APXMIDP,2026-09-05,36,164.49,3663.7
MID,2026-09-05T16:30:00Z,N2EXMIDP,2026-09-05,36,0.0,0.0
MID,2026-09-05T16:00:00Z,APXMIDP,2026-09-05,35,151.64,3040.6
MID,2026-09-05T16:00:00Z,N2EXMIDP,2026-09-05,35,0.0,0.0
MID,2026-09-05T15:30:00Z,APXMIDP,2026-09-05,34,67.2,2902.3
MID,2026-09-05T15:30:00Z,N2EXMIDP,2026-09-05,34,0.0,0.0
MID,2026-09-05T15:00:00Z,APXMIDP,2026-09-05,33,12.68,2218.2
MID,2026-09-05T15:00:00Z,N2EXMIDP,2026-09-05,33,0.0,0.0
MID,2026-09-05T14:30:00Z,APXMIDP,2026-09-05,32,20.83,3903.15
MID,2026-09-05T14:30:00Z,N2EXMIDP,2026-09-05,32,0.0,0.0
MID,2026-09-05T14:00:00Z,APXMIDP,2026-09-05,31,-16.09,3451.7
MID,2026-09-05T14:00:00Z,N2EXMIDP,2026-09-05,31,0.0,0.0
MID,2026-09-05T13:30:00Z,APXMIDP,2026-09-05,30,-18.65,3999.2
MID,2026-09-05T13:30:00Z,N2EXMIDP,2026-09-05,30,0.0,0.0
MID,2026-09-05T13:00:00Z,APXMIDP,2026-09-05,29,-17.59,3643.3
MID,2026-09-05T13:00:00Z,N2EXMIDP,2026-09-05,29,0.0,0.0
MID,2026-09-05T12:30:00Z,APXMIDP,2026-09-05,28,-23.28,2388.95
MID,2026-09-05T12:30:00Z,N2EXMIDP,2026-09-05,28,0.0,0.0
MID,2026-09-05T12:00:00Z,APXMIDP,2026-09-05,27,-15.46,2187.5
MID,2026-09-05T12:00:00Z,N2EXMIDP,2026-09-05,27,0.0,0.0
MID,2026-09-05T11:30:00Z,APXMIDP,2026-09-05,26,-5.85,2284.8
MID,2026-09-05T11:30:00Z,N2EXMIDP,2026-09-05,26,0.0,0.0
MID,2026-09-05T11:00:00Z,APXMIDP,2026-09-05,25,-5.91,1846.2
MID,2026-09-05T11:00:00Z,N2EXMIDP,2026-09-05,25,0.0,0.0
MID,2026-09-05T10:30:00Z,APXMIDP,2026-09-05,24,-3.78,1694.2
MID,2026-09-05T10:30:00Z,N2EXMIDP,2026-09-05,24,0.0,0.0
MID,2026-09-05T10:00:00Z,APXMIDP,2026-09-05,23,-4.99,1819.85
MID,2026-09-05T10:00:00Z,N2EXMIDP,2026-09-05,23,0.0,0.0
MID,2026-09-05T09:30:00Z,APXMIDP,2026-09-05,22,-4.06,2417.3
MID,2026-09-05T09:30:00Z,N2EXMIDP,2026-09-05,22,0.0,0.0
MID,2026-09-05T09:00:00Z,APXMIDP,2026-09-05,21,-4.94,2249.95
MID,2026-09-05T09:00:00Z,N2EXMIDP,2026-09-05,21,0.0,0.0
MID,2026-09-05T08:30:00Z,APXMIDP,2026-09-05,20,-3.27,1982.85
MID,2026-09-05T08:30:00Z,N2EXMIDP,2026-09-05,20,0.0,0.0
MID,2026-09-05T08:00:00Z,APXMIDP,2026-09-05,19,-4.11,1770.55
MID,2026-09-05T08:00:00Z,N2EXMIDP,2026-09-05,19,0.0,0.0
MID,2026-09-05T07:30:00Z,APXMIDP,2026-09-05,18,3.38,3010.2
MID,2026-09-05T07:30:00Z,N2EXMIDP,2026-09-05,18,0.0,0.0
MID,2026-09-05T07:00:00Z,APXMIDP,2026-09-05,17,5.05,2533.7
MID,2026-09-05T07:00:00Z,N2EXMIDP,2026-09-05,17,0.0,0.0
MID,2026-09-05T06:30:00Z,APXMIDP,2026-09-05,16,7.8,2411.4
MID,2026-09-05T06:30:00Z,N2EXMIDP,2026-09-05,16,0.0,0.0
MID,2026-09-05T06:00:00Z,APXMIDP,2026-09-05,15,5.32,2432.9
MID,2026-09-05T06:00:00Z,N2EXMIDP,2026-09-05,15,0.0,0.0
MID,2026-09-05T05:30:00Z,APXMIDP,2026-09-05,14,9.17,2510.55
MID,2026-09-05T05:30:00Z,N2EXMIDP,2026-09-05,14,0.0,0.0
MID,2026-09-05T05:00:00Z,APXMIDP,2026-09-05,13,8.2,1846.75
MID,2026-09-05T05:00:00Z,N2EXMIDP,2026-09-05,13,0.0,0.0
MID,2026-09-05T04:30:00Z,APXMIDP,2026-09-05,12,7.56,1935.45
MID,2026-09-05T04:30:00Z,N2EXMIDP,2026-09-05,12,0.0,0.0
MID,2026-09-05T04:00:00Z,APXMIDP,2026-09-05,11,6.07,1767.3
MID,2026-09-05T04:00:00Z,N2EXMIDP,2026-09-05,11,0.0,0.0
MID,2026-09-05T03:30:00Z,APXMIDP,2026-09-05,10,6.58,2281.75
MID,2026-09-05T03:30:00Z,N2EXMIDP,2026-09-05,10,0.0,0.0
MID,2026-09-05T03:00:00Z,APXMIDP,2026-09-05,9,6.62,2293.2
MID,2026-09-05T03:00:00Z,N2EXMIDP,2026-09-05,9,0.0,0.0
MID,2026-09-05T02:30:00Z,APXMIDP,2026-09-05,8,7.9,2376.05
MID,2026-09-05T02:30:00Z,N2EXMIDP,2026-09-05,8,0.0,0.0
MID,2026-09-05T02:00:00Z,APXMIDP,2026-09-05,7,8.35,2257.05
MID,2026-09-05T02:00:00Z,N2EXMIDP,2026-09-05,7,0.0,0.0
MID,2026-09-05T01:30:00Z,APXMIDP,2026-09-05,6,13.71,1975.65
MID,2026-09-05T01:30:00Z,N2EXMIDP,2026-09-05,6,0.0,0.0
MID,2026-09-05T01:00:00Z,APXMIDP,2026-09-05,5,16.14,2124.9
MID,2026-09-05T01:00:00Z,N2EXMIDP,2026-09-05,5,0.0,0.0
MID,2026-09-05T00:30:00Z,APXMIDP,2026-09-05,4,21.58,2294.2
MID,2026-09-05T00:30:00Z,N2EXMIDP,2026-09-05,4,0.0,0.0
MID,2026-09-05T00:00:00Z,APXMIDP,2026-09-05,3,23.38,2067.4
MID,2026-09-05T00:00:00Z,N2EXMIDP,2026-09-05,3,0.0,0.0
MID,2026-09-04T23:30:00Z,APXMIDP,2026-09-05,2,30.77,2233.65
MID,2026-09-04T23:30:00Z,N2EXMIDP,2026-09-05,2,0.0,0.0
MID,2026-09-04T23:00:00Z,APXMIDP,2026-09-05,1,33.0,2471.55
MID,2026-09-04T23:00:00Z,N2EXMIDP,2026-09-05,1,0.0,0.0
MID,2026-09-04T22:30:00Z,APXMIDP,2026-09-04,48,32.19,2246.1
MID,2026-09-04T22:30:00Z,N2EXMIDP,2026-09-04,48,0.0,0.0
MID,2026-09-04T22:00:00Z,APXMIDP,2026-09-04,47,35.59,2402.85
MID,2026-09-04T22:00:00Z,N2EXMIDP,2026-09-04,47,0.0,0.0
MID,2026-09-04T21:30:00Z,APXMIDP,2026-09-04,46,63.32,3167.5
MID,2026-09-04T21:30:00Z,N2EXMIDP,2026-09-04,46,0.0,0.0
MID,2026-09-04T21:00:00Z,APXMIDP,2026-09-04,45,73.68,2774.45
MID,2026-09-04T21:00:00Z,N2EXMIDP,2026-09-04,45,0.0,0.0
MID,2026-09-04T20:30:00Z,APXMIDP,2026-09-04,44,78.37,2699.05
MID,2026-09-04T20:30:00Z,N2EXMIDP,2026-09-04,44,0.0,0.0
MID,2026-09-04T20:00:00Z,APXMIDP,2026-09-04,43,86.58,2430.35
MID,2026-09-04T20:00:00Z,N2EXMIDP,2026-09-04,43,0.0,0.0
MID,2026-09-04T19:30:00Z,APXMIDP,2026-09-04,42,94.12,2360.9
MID,2026-09-04T19:30:00Z,N2EXMIDP,2026-09-04,42,0.0,0.0
MID,2026-09-04T19:00:00Z,APXMIDP,2026-09-04,41,96.84,2262.35
MID,2026-09-04T19:00:00Z,N2EXMIDP,2026-09-04,41,0.0,0.0
MID,2026-09-04T18:30:00Z,APXMIDP,2026-09-04,40,97.26,2636.25
MID,2026-09-04T18:30:00Z,N2EXMIDP,2026-09-04,40,0.0,0.0
MID,2026-09-04T18:00:00Z,APXMIDP,2026-09-04,39,102.21,2752.05
MID,2026-09-04T18:00:00Z,N2EXMIDP,2026-09-04,39,0.0,0.0
MID,2026-09-04T17:30:00Z,APXMIDP,2026-09-04,38,102.88,2722.8
MID,2026-09-04T17:30:00Z,N2EXMIDP,2026-09-04,38,0.0,0.0
MID,2026-09-04T17:00:00Z,APXMIDP,2026-09-04,37,98.71,2535.45
MID,2026-09-04T17:00:00Z,N2EXMIDP,2026-09-04,37,0.0,0.0
MID,2026-09-04T16:30:00Z,APXMIDP,2026-09-04,36,96.63,2905.4
MID,2026-09-04T16:30:00Z,N2EXMIDP,2026-09-04,36,0.0,0.0
MID,2026-09-04T16:00:00Z,APXMIDP,2026-09-04,35,92.27,2666.35
MID,2026-09-04T16:00:00Z,N2EXMIDP,2026-09-04,35,0.0,0.0
MID,2026-09-04T15:30:00Z,APXMIDP,2026-09-04,34,46.85,3734.45
MID,2026-09-04T15:30:00Z,N2EXMIDP,2026-09-04,34,0.0,0.0
MID,2026-09-04T15:00:00Z,APXMIDP,2026-09-04,33,35.81,3644.35
MID,2026-09-04T15:00:00Z,N2EXMIDP,2026-09-04,33,0.0,0.0
MID,2026-09-04T14:30:00Z,APXMIDP,2026-09-04,32,27.11,3625.5
MID,2026-09-04T14:30:00Z,N2EXMIDP,2026-09-04,32,0.0,0.0
MID,2026-09-04T14:00:00Z,APXMIDP,2026-09-04,31,25.66,3630.65
MID,2026-09-04T14:00:00Z,N2EXMIDP,2026-09-04,31,0.0,0.0
MID,2026-09-04T13:30:00Z,APXMIDP,2026-09-04,30,16.47,4059.3
MID,2026-09-04T13:30:00Z,N2EXMIDP,2026-09-04,30,0.0,0.0
MID,2026-09-04T13:00:00Z,APXMIDP,2026-09-04,29,14.65,4045.95
MID,2026-09-04T13:00:00Z,N2EXMIDP,2026-09-04,29,0.0,0.0
MID,2026-09-04T12:30:00Z,APXMIDP,2026-09-04,28,8.98,3616.2
MID,2026-09-04T12:30:00Z,N2EXMIDP,2026-09-04,28,0.0,0.0
MID,2026-09-04T12:00:00Z,APXMIDP,2026-09-04,27,0.57,3493.95
MID,2026-09-04T12:00:00Z,N2EXMIDP,2026-09-04,27,0.0,0.0
MID,2026-09-04T11:30:00Z,APXMIDP,2026-09-04,26,-1.69,3513.15
MID,2026-09-04T11:30:00Z,N2EXMIDP,2026-09-04,26,0.0,0.0
MID,2026-09-04T11:00:00Z,APXMIDP,2026-09-04,25,0.33,3337.1
MID,2026-09-04T11:00:00Z,N2EXMIDP,2026-09-04,25,0.0,0.0
MID,2026-09-04T10:30:00Z,APXMIDP,2026-09-04,24,4.49,3612.7
MID,2026-09-04T10:30:00Z,N2EXMIDP,2026-09-04,24,0.0,0.0
MID,2026-09-04T10:00:00Z,APXMIDP,2026-09-04,23,2.69,3150.3
MID,2026-09-04T10:00:00Z,N2EXMIDP,2026-09-04,23,0.0,0.0
MID,2026-09-04T09:30:00Z,APXMIDP,2026-09-04,22,7.02,3480.5
MID,2026-09-04T09:30:00Z,N2EXMIDP,2026-09-04,22,0.0,0.0
MID,2026-09-04T09:00:00Z,APXMIDP,2026-09-04,21,14.78,3317.45
MID,2026-09-04T09:00:00Z,N2EXMIDP,2026-09-04,21,0.0,0.0
MID,2026-09-04T08:30:00Z,APXMIDP,2026-09-04,20,19.84,4470.45
MID,2026-09-04T08:30:00Z,N2EXMIDP,2026-09-04,20,0.0,0.0
MID,2026-09-04T08:00:00Z,APXMIDP,2026-09-04,19,64.77,4128.35
MID,2026-09-04T08:00:00Z,N2EXMIDP,2026-09-04,19,0.0,0.0
MID,2026-09-04T07:30:00Z,APXMIDP,2026-09-04,18,126.99,3479.6
MID,2026-09-04T07:30:00Z,N2EXMIDP,2026-09-04,18,0.0,0.0
MID,2026-09-04T07:00:00Z,APXMIDP,2026-09-04,17,142.92,3052.9
MID,2026-09-04T07:00:00Z,N2EXMIDP,2026-09-04,17,0.0,0.0
MID,2026-09-04T06:30:00Z,APXMIDP,2026-09-04,16,163.41,2842.0
MID,2026-09-04T06:30:00Z,N2EXMIDP,2026-09-04,16,0.0,0.0
MID,2026-09-04T06:00:00Z,APXMIDP,2026-09-04,15,154.36,2672.4
MID,2026-09-04T06:00:00Z,N2EXMIDP,2026-09-04,15,0.0,0.0
MID,2026-09-04T05:30:00Z,APXMIDP,2026-09-04,14,152.35,3031.3
MID,2026-09-04T05:30:00Z,N2EXMIDP,2026-09-04,14,0.0,0.0
MID,2026-09-04T05:00:00Z,APXMIDP,2026-09-04,13,147.19,2592.3
MID,2026-09-04T05:00:00Z,N2EXMIDP,2026-09-04,13,0.0,0.0
MID,2026-09-04T04:30:00Z,APXMIDP,2026-09-04,12,136.31,2580.8
MID,2026-09-04T04:30:00Z,N2EXMIDP,2026-09-04,12,0.0,0.0
MID,2026-09-04T04:00:00Z,APXMIDP,2026-09-04,11,134.83,2551.55
MID,2026-09-04T04:00:00Z,N2EXMIDP,2026-09-04,11,0.0,0.0
MID,2026-09-04T03:30:00Z,APXMIDP,2026-09-04,10,126.67,3152.25
MID,2026-09-04T03:30:00Z,N2EXMIDP,2026-09-04,10,0.0,0.0
MID,2026-09-04T03:00:00Z,APXMIDP,2026-09-04,9,126.75,2947.3
MID,2026-09-04T03:00:00Z,N2EXMIDP,2026-09-04,9,0.0,0.0
MID,2026-09-04T02:30:00Z,APXMIDP,2026-09-04,8,134.84,2805.55
MID,2026-09-04T02:30:00Z,N2EXMIDP,2026-09-04,8,0.0,0.0
MID,2026-09-04T02:00:00Z,APXMIDP,2026-09-04,7,141.99,2710.1
MID,2026-09-04T02:00:00Z,N2EXMIDP,2026-09-04,7,0.0,0.0
MID,2026-09-04T01:30:00Z,APXMIDP,2026-09-04,6,137.78,3095.45
MID,2026-09-04T01:30:00Z,N2EXMIDP,2026-09-04,6,0.0,0.0
MID,2026-09-04T01:00:00Z,APXMIDP,2026-09-04,5,144.76,3140.05
MID,2026-09-04T01:00:00Z,N2EXMIDP,2026-09-04,5,0.0,0.0
MID,2026-09-04T00:30:00Z,APXMIDP,2026-09-04,4,144.59,3231.6
MID,2026-09-04T00:30:00Z,N2EXMIDP,2026-09-04,4,0.0,0.0
MID,2026-09-04T00:00:00Z,APXMIDP,2026-09-04,3,145.77,2901.55
MID,2026-09-04T00:00:00Z,N2EXMIDP,2026-09-04,3,0.0,0.0
MID,2026-09-03T23:30:00Z,APXMIDP,2026-09-04,2,155.59,2799.55
MID,2026-09-03T23:30:00Z,N2EXMIDP,2026-09-04,2,0.0,0.0
MID,2026-09-03T23:00:00Z,APXMIDP,2026-09-04,1,156.73,2890.2
MID,2026-09-03T23:00:00Z,N2EXMIDP,2026-09-04,1,0.0,0.0
MID,2026-09-03T22:30:00Z,APXMIDP,2026-09-03,48,150.2,2684.35
MID,2026-09-03T22:30:00Z,N2EXMIDP,2026-09-03,48,0.0,0.0
MID,2026-09-03T22:00:00Z,APXMIDP,2026-09-03,47,152.57,3143.65
MID,2026-09-03T22:00:00Z,N2EXMIDP,2026-09-03,47,0.0,0.0
MID,2026-09-03T21:30:00Z,APXMIDP,2026-09-03,46,144.78,3256.25
MID,2026-09-03T21:30:00Z,N2EXMIDP,2026-09-03,46,0.0,0.0
MID,2026-09-03T21:00:00Z,APXMIDP,2026-09-03,45,154.26,3535.4
MID,2026-09-03T21:00:00Z,N2EXMIDP,2026-09-03,45,0.0,0.0
MID,2026-09-03T20:30:00Z,APXMIDP,2026-09-03,44,154.03,3524.15
MID,2026-09-03T20:30:00Z,N2EXMIDP,2026-09-03,44,0.0,0.0
MID,2026-09-03T20:00:00Z,APXMIDP,2026-09-03,43,175.38,4414.05
MID,2026-09-03T20:00:00Z,N2EXMIDP,2026-09-03,43,0.0,0.0
MID,2026-09-03T19:30:00Z,APXMIDP,2026-09-03,42,178.19,4600.2
MID,2026-09-03T19:30:00Z,N2EXMIDP,2026-09-03,42,0.0,0.0
MID,2026-09-03T19:00:00Z,APXMIDP,2026-09-03,41,181.5,4665.5
MID,2026-09-03T19:00:00Z,N2EXMIDP,2026-09-03,41,0.0,0.0
MID,2026-09-03T18:30:00Z,APXMIDP,2026-09-03,40,181.56,4029.3
MID,2026-09-03T18:30:00Z,N2EXMIDP,2026-09-03,40,0.0,0.0
MID,2026-09-03T18:00:00Z,APXMIDP,2026-09-03,39,176.95,3918.25
MID,2026-09-03T18:00:00Z,N2EXMIDP,2026-09-03,39,0.0,0.0
MID,2026-09-03T17:30:00Z,APXMIDP,2026-09-03,38,172.03,3758.55
MID,2026-09-03T17:30:00Z,N2EXMIDP,2026-09-03,38,0.0,0.0
MID,2026-09-03T17:00:00Z,APXMIDP,2026-09-03,37,168.52,3969.7
MID,2026-09-03T17:00:00Z,N2EXMIDP,2026-09-03,37,0.0,0.0
MID,2026-09-03T16:30:00Z,APXMIDP,2026-09-03,36,172.94,4251.15
MID,2026-09-03T16:30:00Z,N2EXMIDP,2026-09-03,36,0.0,0.0
MID,2026-09-03T16:00:00Z,APXMIDP,2026-09-03,35,164.5,3558.35
MID,2026-09-03T16:00:00Z,N2EXMIDP,2026-09-03,35,0.0,0.0
MID,2026-09-03T15:30:00Z,APXMIDP,2026-09-03,34,129.22,3496.05
MID,2026-09-03T15:30:00Z,N2EXMIDP,2026-09-03,34,0.0,0.0
MID,2026-09-03T15:00:00Z,APXMIDP,2026-09-03,33,109.98,3822.2
MID,2026-09-03T15:00:00Z,N2EXMIDP,2026-09-03,33,0.0,0.0
MID,2026-09-03T14:30:00Z,APXMIDP,2026-09-03,32,64.66,4349.15
MID,2026-09-03T14:30:00Z,N2EXMIDP,2026-09-03,32,0.0,0.0
MID,2026-09-03T14:00:00Z,APXMIDP,2026-09-03,31,39.09,4687.35
MID,2026-09-03T14:00:00Z,N2EXMIDP,2026-09-03,31,0.0,0.0
MID,2026-09-03T13:30:00Z,APXMIDP,2026-09-03,30,13.56,4425.0
MID,2026-09-03T13:30:00Z,N2EXMIDP,2026-09-03,30,0.0,0.0
MID,2026-09-03T13:00:00Z,APXMIDP,2026-09-03,29,7.63,4022.25
MID,2026-09-03T13:00:00Z,N2EXMIDP,2026-09-03,29,0.0,0.0
MID,2026-09-03T12:30:00Z,APXMIDP,2026-09-03,28,5.74,3784.05
MID,2026-09-03T12:30:00Z,N2EXMIDP,2026-09-03,28,0.0,0.0
MID,2026-09-03T12:00:00Z,APXMIDP,2026-09-03,27,7.37,3614.9
MID,2026-09-03T12:00:00Z,N2EXMIDP,2026-09-03,27,0.0,0.0
MID,2026-09-03T11:30:00Z,APXMIDP,2026-09-03,26,15.07,3488.05
MID,2026-09-03T11:30:00Z,N2EXMIDP,2026-09-03,26,0.0,0.0
MID,2026-09-03T11:00:00Z,APXMIDP,2026-09-03,25,20.38,3170.75
MID,2026-09-03T11:00:00Z,N2EXMIDP,2026-09-03,25,0.0,0.0
MID,2026-09-03T10:30:00Z,APXMIDP,2026-09-03,24,31.2,3273.3
MID,2026-09-03T10:30:00Z,N2EXMIDP,2026-09-03,24,0.0,0.0
MID,2026-09-03T10:00:00Z,APXMIDP,2026-09-03,23,37.95,3381.95
MID,2026-09-03T10:00:00Z,N2EXMIDP,2026-09-03,23,0.0,0.0
MID,2026-09-03T09:30:00Z,APXMIDP,2026-09-03,22,76.77,3958.75
MID,2026-09-03T09:30:00Z,N2EXMIDP,2026-09-03,22,0.0,0.0
MID,2026-09-03T09:00:00Z,APXMIDP,2026-09-03,21,85.08,3826.5
MID,2026-09-03T09:00:00Z,N2EXMIDP,2026-09-03,21,0.0,0.0
MID,2026-09-03T08:30:00Z,APXMIDP,2026-09-03,20,101.48,4388.1
MID,2026-09-03T08:30:00Z,N2EXMIDP,2026-09-03,20,0.0,0.0
MID,2026-09-03T08:00:00Z,APXMIDP,2026-09-03,19,107.3,3301.05
MID,2026-09-03T08:00:00Z,N2EXMIDP,2026-09-03,19,0.0,0.0
MID,2026-09-03T07:30:00Z,APXMIDP,2026-09-03,18,143.64,3432.3
MID,2026-09-03T07:30:00Z,N2EXMIDP,2026-09-03,18,0.0,0.0
MID,2026-09-03T07:00:00Z,APXMIDP,2026-09-03,17,142.08,3331.25
MID,2026-09-03T07:00:00Z,N2EXMIDP,2026-09-03,17,0.0,0.0
MID,2026-09-03T06:30:00Z,APXMIDP,2026-09-03,16,165.28,3714.35
MID,2026-09-03T06:30:00Z,N2EXMIDP,2026-09-03,16,0.0,0.0
MID,2026-09-03T06:00:00Z,APXMIDP,2026-09-03,15,157.31,3001.85
MID,2026-09-03T06:00:00Z,N2EXMIDP,2026-09-03,15,0.0,0.0
MID,2026-09-03T05:30:00Z,APXMIDP,2026-09-03,14,171.23,2209.4
MID,2026-09-03T05:30:00Z,N2EXMIDP,2026-09-03,14,0.0,0.0
MID,2026-09-03T05:00:00Z,APXMIDP,2026-09-03,13,161.98,2423.7
MID,2026-09-03T05:00:00Z,N2EXMIDP,2026-09-03,13,0.0,0.0
MID,2026-09-03T04:30:00Z,APXMIDP,2026-09-03,12,162.99,1682.4
MID,2026-09-03T04:30:00Z,N2EXMIDP,2026-09-03,12,0.0,0.0
MID,2026-09-03T04:00:00Z,APXMIDP,2026-09-03,11,149.82,1557.25
MID,2026-09-03T04:00:00Z,N2EXMIDP,2026-09-03,11,0.0,0.0
MID,2026-09-03T03:30:00Z,APXMIDP,2026-09-03,10,136.68,1831.0
MID,2026-09-03T03:30:00Z,N2EXMIDP,2026-09-03,10,0.0,0.0
MID,2026-09-03T03:00:00Z,APXMIDP,2026-09-03,9,135.3,1781.1
MID,2026-09-03T03:00:00Z,N2EXMIDP,2026-09-03,9,0.0,0.0
MID,2026-09-03T02:30:00Z,APXMIDP,2026-09-03,8,129.99,2345.3
MID,2026-09-03T02:30:00Z,N2EXMIDP,2026-09-03,8,0.0,0.0
MID,2026-09-03T02:00:00Z,APXMIDP,2026-09-03,7,128.55,2125.45
MID,2026-09-03T02:00:00Z,N2EXMIDP,2026-09-03,7,0.0,0.0
MID,2026-09-03T01:30:00Z,APXMIDP,2026-09-03,6,127.54,1896.45
MID,2026-09-03T01:30:00Z,N2EXMIDP,2026-09-03,6,0.0,0.0
MID,2026-09-03T01:00:00Z,APXMIDP,2026-09-03,5,134.03,1956.6
MID,2026-09-03T01:00:00Z,N2EXMIDP,2026-09-03,5,0.0,0.0
MID,2026-09-03T00:30:00Z,APXMIDP,2026-09-03,4,134.86,1780.75
MID,2026-09-03T00:30:00Z,N2EXMIDP,2026-09-03,4,0.0,0.0
MID,2026-09-03T00:00:00Z,APXMIDP,2026-09-03,3,134.43,1952.2
MID,2026-09-03T00:00:00Z,N2EXMIDP,2026-09-03,3,0.0,0.0
MID,2026-09-02T23:30:00Z,APXMIDP,2026-09-03,2,142.35,1967.6
MID,2026-09-02T23:30:00Z,N2EXMIDP,2026-09-03,2,0.0,0.0
MID,2026-09-02T23:00:00Z,APXMIDP,2026-09-03,1,144.34,2219.45
MID,2026-09-02T23:00:00Z,N2EXMIDP,2026-09-03,1,0.0,0.0
MID,2026-09-02T22:30:00Z,APXMIDP,2026-09-02,48,150.26,2207.65
MID,2026-09-02T22:30:00Z,N2EXMIDP,2026-09-02,48,0.0,0.0
MID,2026-09-02T22:00:00Z,APXMIDP,2026-09-02,47,151.12,2292.9
MID,2026-09-02T22:00:00Z,N2EXMIDP,2026-09-02,47,0.0,0.0
MID,2026-09-02T21:30:00Z,APXMIDP,2026-09-02,46,151.63,3492.0
MID,2026-09-02T21:30:00Z,N2EXMIDP,2026-09-02,46,0.0,0.0
MID,2026-09-02T21:00:00Z,APXMIDP,2026-09-02,45,154.03,3341.95
MID,2026-09-02T21:00:00Z,N2EXMIDP,2026-09-02,45,0.0,0.0
MID,2026-09-02T20:30:00Z,APXMIDP,2026-09-02,44,157.78,2965.1
MID,2026-09-02T20:30:00Z,N2EXMIDP,2026-09-02,44,0.0,0.0
MID,2026-09-02T20:00:00Z,APXMIDP,2026-09-02,43,158.72,3770.2
MID,2026-09-02T20:00:00Z,N2EXMIDP,2026-09-02,43,0.0,0.0
MID,2026-09-02T19:30:00Z,APXMIDP,2026-09-02,42,173.89,4323.35
MID,2026-09-02T19:30:00Z,N2EXMIDP,2026-09-02,42,0.0,0.0
MID,2026-09-02T19:00:00Z,APXMIDP,2026-09-02,41,179.85,4589.15
MID,2026-09-02T19:00:00Z,N2EXMIDP,2026-09-02,41,0.0,0.0
MID,2026-09-02T18:30:00Z,APXMIDP,2026-09-02,40,186.97,4125.75
MID,2026-09-02T18:30:00Z,N2EXMIDP,2026-09-02,40,0.0,0.0
MID,2026-09-02T18:00:00Z,APXMIDP,2026-09-02,39,190.34,4187.35
MID,2026-09-02T18:00:00Z,N2EXMIDP,2026-09-02,39,0.0,0.0
MID,2026-09-02T17:30:00Z,APXMIDP,2026-09-02,38,183.13,4140.35
MID,2026-09-02T17:30:00Z,N2EXMIDP,2026-09-02,38,0.0,0.0
MID,2026-09-02T17:00:00Z,APXMIDP,2026-09-02,37,186.62,4281.95
MID,2026-09-02T17:00:00Z,N2EXMIDP,2026-09-02,37,0.0,0.0
MID,2026-09-02T16:30:00Z,APXMIDP,2026-09-02,36,177.84,4904.7
MID,2026-09-02T16:30:00Z,N2EXMIDP,2026-09-02,36,0.0,0.0
MID,2026-09-02T16:00:00Z,APXMIDP,2026-09-02,35,171.6,4574.75
MID,2026-09-02T16:00:00Z,N2EXMIDP,2026-09-02,35,0.0,0.0
MID,2026-09-02T15:30:00Z,APXMIDP,2026-09-02,34,147.55,4534.45
MID,2026-09-02T15:30:00Z,N2EXMIDP,2026-09-02,34,0.0,0.0
MID,2026-09-02T15:00:00Z,APXMIDP,2026-09-02,33,157.72,4703.75
MID,2026-09-02T15:00:00Z,N2EXMIDP,2026-09-02,33,0.0,0.0
MID,2026-09-02T14:30:00Z,APXMIDP,2026-09-02,32,141.92,4548.3
MID,2026-09-02T14:30:00Z,N2EXMIDP,2026-09-02,32,0.0,0.0
MID,2026-09-02T14:00:00Z,APXMIDP,2026-09-02,31,145.92,3942.4
MID,2026-09-02T14:00:00Z,N2EXMIDP,2026-09-02,31,0.0,0.0
MID,2026-09-02T13:30:00Z,APXMIDP,2026-09-02,30,137.72,5922.1
MID,2026-09-02T13:30:00Z,N2EXMIDP,2026-09-02,30,0.0,0.0
MID,2026-09-02T13:00:00Z,APXMIDP,2026-09-02,29,139.24,5610.75
MID,2026-09-02T13:00:00Z,N2EXMIDP,2026-09-02,29,0.0,0.0
MID,2026-09-02T12:30:00Z,APXMIDP,2026-09-02,28,145.44,5382.45
MID,2026-09-02T12:30:00Z,N2EXMIDP,2026-09-02,28,0.0,0.0
MID,2026-09-02T12:00:00Z,APXMIDP,2026-09-02,27,143.47,5296.8
MID,2026-09-02T12:00:00Z,N2EXMIDP,2026-09-02,27,0.0,0.0
MID,2026-09-02T11:30:00Z,APXMIDP,2026-09-02,26,156.42,4603.2
MID,2026-09-02T11:30:00Z,N2EXMIDP,2026-09-02,26,0.0,0.0
MID,2026-09-02T11:00:00Z,APXMIDP,2026-09-02,25,167.24,4290.35
MID,2026-09-02T11:00:00Z,N2EXMIDP,2026-09-02,25,0.0,0.0
MID,2026-09-02T10:30:00Z,APXMIDP,2026-09-02,24,167.78,4004.0
MID,2026-09-02T10:30:00Z,N2EXMIDP,2026-09-02,24,0.0,0.0
MID,2026-09-02T10:00:00Z,APXMIDP,2026-09-02,23,161.48,3480.0
MID,2026-09-02T10:00:00Z,N2EXMIDP,2026-09-02,23,0.0,0.0
MID,2026-09-02T09:30:00Z,APXMIDP,2026-09-02,22,176.54,2877.1
MID,2026-09-02T09:30:00Z,N2EXMIDP,2026-09-02,22,0.0,0.0
MID,2026-09-02T09:00:00Z,APXMIDP,2026-09-02,21,178.21,2749.0
MID,2026-09-02T09:00:00Z,N2EXMIDP,2026-09-02,21,0.0,0.0
MID,2026-09-02T08:30:00Z,APXMIDP,2026-09-02,20,172.0,2491.6
MID,2026-09-02T08:30:00Z,N2EXMIDP,2026-09-02,20,0.0,0.0
MID,2026-09-02T08:00:00Z,APXMIDP,2026-09-02,19,166.62,2838.25
MID,2026-09-02T08:00:00Z,N2EXMIDP,2026-09-02,19,0.0,0.0
MID,2026-09-02T07:30:00Z,APXMIDP,2026-09-02,18,172.54,3250.0
MID,2026-09-02T07:30:00Z,N2EXMIDP,2026-09-02,18,0.0,0.0
MID,2026-09-02T07:00:00Z,APXMIDP,2026-09-02,17,175.46,2915.7
MID,2026-09-02T07:00:00Z,N2EXMIDP,2026-09-02,17,0.0,0.0
MID,2026-09-02T06:30:00Z,APXMIDP,2026-09-02,16,184.4,3786.85
MID,2026-09-02T06:30:00Z,N2EXMIDP,2026-09-02,16,0.0,0.0
MID,2026-09-02T06:00:00Z,APXMIDP,2026-09-02,15,181.58,3298.55
MID,2026-09-02T06:00:00Z,N2EXMIDP,2026-09-02,15,0.0,0.0
MID,2026-09-02T05:30:00Z,APXMIDP,2026-09-02,14,196.52,4672.75
MID,2026-09-02T05:30:00Z,N2EXMIDP,2026-09-02,14,0.0,0.0
MID,2026-09-02T05:00:00Z,APXMIDP,2026-09-02,13,191.22,4891.75
MID,2026-09-02T05:00:00Z,N2EXMIDP,2026-09-02,13,0.0,0.0
MID,2026-09-02T04:30:00Z,APXMIDP,2026-09-02,12,187.34,3656.2
MID,2026-09-02T04:30:00Z,N2EXMIDP,2026-09-02,12,0.0,0.0
MID,2026-09-02T04:00:00Z,APXMIDP,2026-09-02,11,180.31,3681.1
MID,2026-09-02T04:00:00Z,N2EXMIDP,2026-09-02,11,0.0,0.0
MID,2026-09-02T03:30:00Z,APXMIDP,2026-09-02,10,169.54,2927.0
MID,2026-09-02T03:30:00Z,N2EXMIDP,2026-09-02,10,0.0,0.0
MID,2026-09-02T03:00:00Z,APXMIDP,2026-09-02,9,165.25,3024.55
MID,2026-09-02T03:00:00Z,N2EXMIDP,2026-09-02,9,0.0,0.0
MID,2026-09-02T02:30:00Z,APXMIDP,2026-09-02,8,169.55,2821.5
MID,2026-09-02T02:30:00Z,N2EXMIDP,2026-09-02,8,0.0,0.0
MID,2026-09-02T02:00:00Z,APXMIDP,2026-09-02,7,163.85,2785.65
MID,2026-09-02T02:00:00Z,N2EXMIDP,2026-09-02,7,0.0,0.0
MID,2026-09-02T01:30:00Z,APXMIDP,2026-09-02,6,164.02,2904.0
MID,2026-09-02T01:30:00Z,N2EXMIDP,2026-09-02,6,0.0,0.0
MID,2026-09-02T01:00:00Z,APXMIDP,2026-09-02,5,162.95,2751.9
MID,2026-09-02T01:00:00Z,N2EXMIDP,2026-09-02,5,0.0,0.0
MID,2026-09-02T00:30:00Z,APXMIDP,2026-09-02,4,164.44,2648.0
MID,2026-09-02T00:30:00Z,N2EXMIDP,2026-09-02,4,0.0,0.0
MID,2026-09-02T00:00:00Z,APXMIDP,2026-09-02,3,163.65,3054.95
MID,2026-09-02T00:00:00Z,N2EXMIDP,2026-09-02,3,0.0,0.0
MID,2026-09-01T23:30:00Z,APXMIDP,2026-09-02,2,168.55,2560.75
MID,2026-09-01T23:30:00Z,N2EXMIDP,2026-09-02,2,0.0,0.0
MID,2026-09-01T23:00:00Z,APXMIDP,2026-09-02,1,166.57,2523.4
MID,2026-09-01T23:00:00Z,N2EXMIDP,2026-09-02,1,0.0,0.0
MID,2026-09-01T22:30:00Z,APXMIDP,2026-09-01,48,167.9,2921.55
MID,2026-09-01T22:30:00Z,N2EXMIDP,2026-09-01,48,0.0,0.0
MID,2026-09-01T22:00:00Z,APXMIDP,2026-09-01,47,168.61,2371.75
MID,2026-09-01T22:00:00Z,N2EXMIDP,2026-09-01,47,0.0,0.0
MID,2026-09-01T21:30:00Z,APXMIDP,2026-09-01,46,149.07,2625.8
MID,2026-09-01T21:30:00Z,N2EXMIDP,2026-09-01,46,0.0,0.0
MID,2026-09-01T21:00:00Z,APXMIDP,2026-09-01,45,158.32,2649.5
MID,2026-09-01T21:00:00Z,N2EXMIDP,2026-09-01,45,0.0,0.0
MID,2026-09-01T20:30:00Z,APXMIDP,2026-09-01,44,171.59,2678.3
MID,2026-09-01T20:30:00Z,N2EXMIDP,2026-09-01,44,0.0,0.0
MID,2026-09-01T20:00:00Z,APXMIDP,2026-09-01,43,178.93,2665.4
MID,2026-09-01T20:00:00Z,N2EXMIDP,2026-09-01,43,0.0,0.0
MID,2026-09-01T19:30:00Z,APXMIDP,2026-09-01,42,181.44,3409.05
MID,2026-09-01T19:30:00Z,N2EXMIDP,2026-09-01,42,0.0,0.0
MID,2026-09-01T19:00:00Z,APXMIDP,2026-09-01,41,182.83,3206.85
MID,2026-09-01T19:00:00Z,N2EXMIDP,2026-09-01,41,0.0,0.0
MID,2026-09-01T18:30:00Z,APXMIDP,2026-09-01,40,190.98,3303.55
MID,2026-09-01T18:30:00Z,N2EXMIDP,2026-09-01,40,0.0,0.0
MID,2026-09-01T18:00:00Z,APXMIDP,2026-09-01,39,186.45,3085.2
MID,2026-09-01T18:00:00Z,N2EXMIDP,2026-09-01,39,0.0,0.0
MID,2026-09-01T17:30:00Z,APXMIDP,2026-09-01,38,172.62,3253.25
MID,2026-09-01T17:30:00Z,N2EXMIDP,2026-09-01,38,0.0,0.0
MID,2026-09-01T17:00:00Z,APXMIDP,2026-09-01,37,171.96,3358.5
MID,2026-09-01T17:00:00Z,N2EXMIDP,2026-09-01,37,0.0,0.0
MID,2026-09-01T16:30:00Z,APXMIDP,2026-09-01,36,138.71,3774.2
MID,2026-09-01T16:30:00Z,N2EXMIDP,2026-09-01,36,0.0,0.0
MID,2026-09-01T16:00:00Z,APXMIDP,2026-09-01,35,144.67,3908.6
MID,2026-09-01T16:00:00Z,N2EXMIDP,2026-09-01,35,0.0,0.0
MID,2026-09-01T15:30:00Z,APXMIDP,2026-09-01,34,112.87,3799.6
MID,2026-09-01T15:30:00Z,N2EXMIDP,2026-09-01,34,0.0,0.0
MID,2026-09-01T15:00:00Z,APXMIDP,2026-09-01,33,126.93,3665.05
MID,2026-09-01T15:00:00Z,N2EXMIDP,2026-09-01,33,0.0,0.0
MID,2026-09-01T14:30:00Z,APXMIDP,2026-09-01,32,85.37,3868.4
MID,2026-09-01T14:30:00Z,N2EXMIDP,2026-09-01,32,0.0,0.0
MID,2026-09-01T14:00:00Z,APXMIDP,2026-09-01,31,65.15,3854.85
MID,2026-09-01T14:00:00Z,N2EXMIDP,2026-09-01,31,0.0,0.0
MID,2026-09-01T13:30:00Z,APXMIDP,2026-09-01,30,44.21,4291.1
MID,2026-09-01T13:30:00Z,N2EXMIDP,2026-09-01,30,0.0,0.0
MID,2026-09-01T13:00:00Z,APXMIDP,2026-09-01,29,37.0,4475.95
MID,2026-09-01T13:00:00Z,N2EXMIDP,2026-09-01,29,0.0,0.0
MID,2026-09-01T12:30:00Z,APXMIDP,2026-09-01,28,31.54,3631.4
MID,2026-09-01T12:30:00Z,N2EXMIDP,2026-09-01,28,0.0,0.0
MID,2026-09-01T12:00:00Z,APXMIDP,2026-09-01,27,32.94,3392.2
MID,2026-09-01T12:00:00Z,N2EXMIDP,2026-09-01,27,0.0,0.0
MID,2026-09-01T11:30:00Z,APXMIDP,2026-09-01,26,38.15,3527.35
MID,2026-09-01T11:30:00Z,N2EXMIDP,2026-09-01,26,0.0,0.0
MID,2026-09-01T11:00:00Z,APXMIDP,2026-09-01,25,37.66,3767.95
MID,2026-09-01T11:00:00Z,N2EXMIDP,2026-09-01,25,0.0,0.0
MID,2026-09-01T10:30:00Z,APXMIDP,2026-09-01,24,40.19,4121.5
MID,2026-09-01T10:30:00Z,N2EXMIDP,2026-09-01,24,0.0,0.0
MID,2026-09-01T10:00:00Z,APXMIDP,2026-09-01,23,41.38,4152.7
MID,2026-09-01T10:00:00Z,N2EXMIDP,2026-09-01,23,0.0,0.0
MID,2026-09-01T09:30:00Z,APXMIDP,2026-09-01,22,53.0,3292.5
MID,2026-09-01T09:30:00Z,N2EXMIDP,2026-09-01,22,0.0,0.0
MID,2026-09-01T09:00:00Z,APXMIDP,2026-09-01,21,61.77,3475.65
MID,2026-09-01T09:00:00Z,N2EXMIDP,2026-09-01,21,0.0,0.0
MID,2026-09-01T08:30:00Z,APXMIDP,2026-09-01,20,95.31,3943.15
MID,2026-09-01T08:30:00Z,N2EXMIDP,2026-09-01,20,0.0,0.0
MID,2026-09-01T08:00:00Z,APXMIDP,2026-09-01,19,110.05,3742.4
MID,2026-09-01T08:00:00Z,N2EXMIDP,2026-09-01,19,0.0,0.0
MID,2026-09-01T07:30:00Z,APXMIDP,2026-09-01,18,115.99,3695.7
MID,2026-09-01T07:30:00Z,N2EXMIDP,2026-09-01,18,0.0,0.0
MID,2026-09-01T07:00:00Z,APXMIDP,2026-09-01,17,121.97,3925.4
MID,2026-09-01T07:00:00Z,N2EXMIDP,2026-09-01,17,0.0,0.0
MID,2026-09-01T06:30:00Z,APXMIDP,2026-09-01,16,136.35,3290.05
MID,2026-09-01T06:30:00Z,N2EXMIDP,2026-09-01,16,0.0,0.0
MID,2026-09-01T06:00:00Z,APXMIDP,2026-09-01,15,141.37,3088.55
MID,2026-09-01T06:00:00Z,N2EXMIDP,2026-09-01,15,0.0,0.0
MID,2026-09-01T05:30:00Z,APXMIDP,2026-09-01,14,172.27,2650.85
MID,2026-09-01T05:30:00Z,N2EXMIDP,2026-09-01,14,0.0,0.0
MID,2026-09-01T05:00:00Z,APXMIDP,2026-09-01,13,162.29,2581.85
MID,2026-09-01T05:00:00Z,N2EXMIDP,2026-09-01,13,0.0,0.0
MID,2026-09-01T04:30:00Z,APXMIDP,2026-09-01,12,162.56,1975.2
MID,2026-09-01T04:30:00Z,N2EXMIDP,2026-09-01,12,0.0,0.0
MID,2026-09-01T04:00:00Z,APXMIDP,2026-09-01,11,159.11,1958.65
MID,2026-09-01T04:00:00Z,N2EXMIDP,2026-09-01,11,0.0,0.0
MID,2026-09-01T03:30:00Z,APXMIDP,2026-09-01,10,127.05,1809.6
MID,2026-09-01T03:30:00Z,N2EXMIDP,2026-09-01,10,0.0,0.0
MID,2026-09-01T03:00:00Z,APXMIDP,2026-09-01,9,123.23,1605.8
MID,2026-09-01T03:00:00Z,N2EXMIDP,2026-09-01,9,0.0,0.0
MID,2026-09-01T02:30:00Z,APXMIDP,2026-09-01,8,124.19,2259.65
MID,2026-09-01T02:30:00Z,N2EXMIDP,2026-09-01,8,0.0,0.0
MID,2026-09-01T02:00:00Z,APXMIDP,2026-09-01,7,117.76,2118.15
MID,2026-09-01T02:00:00Z,N2EXMIDP,2026-09-01,7,0.0,0.0
MID,2026-09-01T01:30:00Z,APXMIDP,2026-09-01,6,113.94,1970.05
MID,2026-09-01T01:30:00Z,N2EXMIDP,2026-09-01,6,0.0,0.0
MID,2026-09-01T01:00:00Z,APXMIDP,2026-09-01,5,120.78,2095.5
MID,2026-09-01T01:00:00Z,N2EXMIDP,2026-09-01,5,0.0,0.0
MID,2026-09-01T00:30:00Z,APXMIDP,2026-09-01,4,126.94,1909.75
MID,2026-09-01T00:30:00Z,N2EXMIDP,2026-09-01,4,0.0,0.0
MID,2026-09-01T00:00:00Z,APXMIDP,2026-09-01,3,134.6,1610.05
MID,2026-09-01T00:00:00Z,N2EXMIDP,2026-09-01,3,0.0,0.0
