dataset,settlementDate,settlementPeriodFrom,settlementPeriodTo,timeFrom,timeTo,levelFrom,levelTo,acceptanceNumber,acceptanceTime,deemedBoFlag,soFlag,amendmentFlag,storFlag,rrFlag,nationalGridBmUnit,bmUnit
BOALF,2026-10-01,1,1,2026-09-30T23:02:00Z,2026-09-30T23:03:00Z,-3,0,58080,2026-09-30T22:32:00Z,False,False,ORI,False,False,LKSDB-1,T_LKSDB-1
BOALF,2026-10-01,1,1,2026-09-30T23:00:00Z,2026-09-30T23:02:00Z,-3,-3,58080,2026-09-30T22:32:00Z,False,False,ORI,False,False,LKSDB-1,T_LKSDB-1
BOALF,2026-09-30,48,1,2026-09-30T22:59:00Z,2026-09-30T23:00:00Z,0,-3,58080,2026-09-30T22:32:00Z,False,False,ORI,False,False,LKSDB-1,T_LKSDB-1
BOALF,2026-09-30,47,48,2026-09-30T22:29:00Z,2026-09-30T22:30:00Z,-25,0,58079,2026-09-30T22:14:00Z,False,False,ORI,False,False,LKSDB-1,T_LKSDB-1
BOALF,2026-09-30,47,47,2026-09-30T22:25:00Z,2026-09-30T22:29:00Z,-25,-25,58079,2026-09-30T22:14:00Z,False,False,ORI,False,False,LKSDB-1,T_LKSDB-1
BOALF,2026-09-30,47,47,2026-09-30T22:25:00Z,2026-09-30T22:26:00Z,-12,0,58077,2026-09-30T22:11:00Z,False,False,ORI,False,False,LKSDB-1,T_LKSDB-1
BOALF,2026-09-30,47,47,2026-09-30T22:24:00Z,2026-09-30T22:25:00Z,-21,-12,58078,2026-09-30T22:13:00Z,False,False,ORI,False,False,LKSDB-1,T_LKSDB-1
BOALF,2026-09-30,47,47,2026-09-30T22:24:00Z,2026-09-30T22:25:00Z,-21,-25,58079,2026-09-30T22:14:00Z,False,False,ORI,False,False,LKSDB-1,T_LKSDB-1
BOALF,2026-09-30,47,47,2026-09-30T22:22:00Z,2026-09-30T22:24:00Z,-21,-21,58078,2026-09-30T22:13:00Z,False,False,ORI,False,False,LKSDB-1,T_LKSDB-1
BOALF,2026-09-30,47,47,2026-09-30T22:21:00Z,2026-09-30T22:22:00Z,-12,-21,58078,2026-09-30T22:13:00Z,False,False,ORI,False,False,LKSDB-1,T_LKSDB-1
BOALF,2026-09-30,47,47,2026-09-30T22:13:00Z,2026-09-30T22:25:00Z,-12,-12,58077,2026-09-30T22:11:00Z,False,False,ORI,False,False,LKSDB-1,T_LKSDB-1
BOALF,2026-09-30,47,47,2026-09-30T22:12:00Z,2026-09-30T22:13:00Z,0,-12,58077,2026-09-30T22:11:00Z,False,False,ORI,False,False,LKSDB-1,T_LKSDB-1
BOALF,2026-09-30,46,46,2026-09-30T21:38:00Z,2026-09-30T21:39:00Z,-36,-30,58074,2026-09-30T21:15:00Z,False,False,ORI,False,False,LKSDB-1,T_LKSDB-1
BOALF,2026-09-30,46,46,2026-09-30T21:38:00Z,2026-09-30T21:39:00Z,-99,-30,58076,2026-09-30T21:23:00Z,False,False,ORI,False,False,LKSDB-1,T_LKSDB-1
BOALF,2026-09-30,46,46,2026-09-30T21:34:00Z,2026-09-30T21:38:00Z,-36,-36,58074,2026-09-30T21:15:00Z,False,False,ORI,False,False,LKSDB-1,T_LKSDB-1
BOALF,2026-09-30,46,46,2026-09-30T21:33:00Z,2026-09-30T21:38:00Z,-99,-99,58076,2026-09-30T21:23:00Z,False,False,ORI,False,False,LKSDB-1,T_LKSDB-1
BOALF,2026-09-30,46,46,2026-09-30T21:33:00Z,2026-09-30T21:34:00Z,-70,-30,58073,2026-09-30T21:14:00Z,False,False,ORI,False,False,LKSDB-1,T_LKSDB-1
BOALF,2026-09-30,46,46,2026-09-30T21:33:00Z,2026-09-30T21:34:00Z,-70,-36,58074,2026-09-30T21:15:00Z,False,False,ORI,False,False,LKSDB-1,T_LKSDB-1
BOALF,2026-09-30,46,46,2026-09-30T21:32:00Z,2026-09-30T21:33:00Z,-70,-99,58076,2026-09-30T21:23:00Z,False,False,ORI,False,False,LKSDB-1,T_LKSDB-1
BOALF,2026-09-30,46,46,2026-09-30T21:30:00Z,2026-09-30T21:33:00Z,-70,-70,58073,2026-09-30T21:14:00Z,False,False,ORI,False,False,LKSDB-1,T_LKSDB-1
BOALF,2026-09-30,45,46,2026-09-30T21:29:00Z,2026-09-30T21:30:00Z,-97,0,58072,2026-09-30T21:13:00Z,False,False,ORI,False,False,LKSDB-1,T_LKSDB-1
BOALF,2026-09-30,45,46,2026-09-30T21:29:00Z,2026-09-30T21:30:00Z,-97,-70,58073,2026-09-30T21:14:00Z,False,False,ORI,False,False,LKSDB-1,T_LKSDB-1
BOALF,2026-09-30,45,46,2026-09-30T21:29:00Z,2026-09-30T21:30:00Z,-99,-70,58075,2026-09-30T21:19:00Z,False,False,ORI,False,False,LKSDB-1,T_LKSDB-1
BOALF,2026-09-30,45,45,2026-09-30T21:27:00Z,2026-09-30T21:29:00Z,-97,-97,58072,2026-09-30T21:13:00Z,False,False,ORI,False,False,LKSDB-1,T_LKSDB-1
BOALF,2026-09-30,45,45,2026-09-30T21:26:00Z,2026-09-30T21:29:00Z,-99,-99,58075,2026-09-30T21:19:00Z,False,False,ORI,False,False,LKSDB-1,T_LKSDB-1
BOALF,2026-09-30,45,45,2026-09-30T21:26:00Z,2026-09-30T21:27:00Z,-99,0,58071,2026-09-30T21:12:00Z,False,False,ORI,False,False,LKSDB-1,T_LKSDB-1
BOALF,2026-09-30,45,45,2026-09-30T21:26:00Z,2026-09-30T21:27:00Z,-99,-97,58072,2026-09-30T21:13:00Z,False,False,ORI,False,False,LKSDB-1,T_LKSDB-1
BOALF,2026-09-30,45,45,2026-09-30T21:17:00Z,2026-09-30T21:26:00Z,-99,-99,58071,2026-09-30T21:12:00Z,False,False,ORI,False,False,LKSDB-1,T_LKSDB-1
BOALF,2026-09-30,45,45,2026-09-30T21:17:00Z,2026-09-30T21:18:00Z,-99,0,58070,2026-09-30T21:10:00Z,False,False,ORI,False,False,LKSDB-1,T_LKSDB-1
BOALF,2026-09-30,45,45,2026-09-30T21:12:00Z,2026-09-30T21:17:00Z,-99,-99,58070,2026-09-30T21:10:00Z,False,False,ORI,False,False,LKSDB-1,T_LKSDB-1
BOALF,2026-09-30,45,45,2026-09-30T21:11:00Z,2026-09-30T21:12:00Z,0,-99,58070,2026-09-30T21:10:00Z,False,False,ORI,False,False,LKSDB-1,T_LKSDB-1
BOALF,2026-09-30,45,45,2026-09-30T21:04:00Z,2026-09-30T21:05:00Z,-22,0,58069,2026-09-30T20:33:00Z,False,False,ORI,False,False,LKSDB-1,T_LKSDB-1
BOALF,2026-09-30,45,45,2026-09-30T21:00:00Z,2026-09-30T21:04:00Z,-22,-22,58069,2026-09-30T20:33:00Z,False,False,ORI,False,False,LKSDB-1,T_LKSDB-1
BOALF,2026-09-30,44,45,2026-09-30T20:59:00Z,2026-09-30T21:00:00Z,0,-22,58069,2026-09-30T20:33:00Z,False,False,ORI,False,False,LKSDB-1,T_LKSDB-1
BOALF,2026-09-30,43,43,2026-09-30T20:04:00Z,2026-09-30T20:05:00Z,27,0,58068,2026-09-30T19:52:00Z,False,False,ORI,False,False,LKSDB-1,T_LKSDB-1
BOALF,2026-09-30,43,43,2026-09-30T20:01:00Z,2026-09-30T20:04:00Z,27,27,58068,2026-09-30T19:52:00Z,False,False,ORI,False,False,LKSDB-1,T_LKSDB-1
BOALF,2026-09-30,43,43,2026-09-30T20:00:00Z,2026-09-30T20:01:00Z,0,27,58068,2026-09-30T19:52:00Z,False,False,ORI,False,False,LKSDB-1,T_LKSDB-1
BOALF,2026-09-30,42,42,2026-09-30T19:52:00Z,2026-09-30T19:53:00Z,27,0,58067,2026-09-30T19:41:00Z,False,False,ORI,False,False,LKSDB-1,T_LKSDB-1
BOALF,2026-09-30,42,42,2026-09-30T19:44:00Z,2026-09-30T19:52:00Z,27,27,58067,2026-09-30T19:41:00Z,False,False,ORI,False,False,LKSDB-1,T_LKSDB-1
BOALF,2026-09-30,42,42,2026-09-30T19:44:00Z,2026-09-30T19:45:00Z,27,0,58066,2026-09-30T19:29:00Z,False,False,ORI,False,False,LKSDB-1,T_LKSDB-1
BOALF,2026-09-30,42,42,2026-09-30T19:35:00Z,2026-09-30T19:44:00Z,27,27,58066,2026-09-30T19:29:00Z,False,False,ORI,False,False,LKSDB-1,T_LKSDB-1
BOALF,2026-09-30,42,42,2026-09-30T19:34:00Z,2026-09-30T19:35:00Z,0,27,58066,2026-09-30T19:29:00Z,False,False,ORI,False,False,LKSDB-1,T_LKSDB-1
BOALF,2026-09-30,33,33,2026-09-30T15:16:00Z,2026-09-30T15:17:00Z,-24,0,58065,2026-09-30T14:57:00Z,False,False,ORI,False,False,LKSDB-1,T_LKSDB-1
BOALF,2026-09-30,33,33,2026-09-30T15:11:00Z,2026-09-30T15:16:00Z,-24,-24,58065,2026-09-30T14:57:00Z,False,False,ORI,False,False,LKSDB-1,T_LKSDB-1
BOALF,2026-09-30,33,33,2026-09-30T15:10:00Z,2026-09-30T15:11:00Z,-45,0,58064,2026-09-30T14:53:00Z,False,False,ORI,False,False,LKSDB-1,T_LKSDB-1
BOALF,2026-09-30,33,33,2026-09-30T15:10:00Z,2026-09-30T15:11:00Z,-45,-24,58065,2026-09-30T14:57:00Z,False,False,ORI,False,False,LKSDB-1,T_LKSDB-1
BOALF,2026-09-30,33,33,2026-09-30T15:02:00Z,2026-09-30T15:03:00Z,-24,0,58062,2026-09-30T14:44:00Z,False,False,ORI,False,False,LKSDB-1,T_LKSDB-1
BOALF,2026-09-30,32,33,2026-09-30T14:59:00Z,2026-09-30T15:10:00Z,-45,-45,58064,2026-09-30T14:53:00Z,False,False,ORI,False,False,LKSDB-1,T_LKSDB-1
BOALF,2026-09-30,32,33,2026-09-30T14:59:00Z,2026-09-30T15:00:00Z,-45,-24,58063,2026-09-30T14:48:00Z,False,False,ORI,False,False,LKSDB-1,T_LKSDB-1
BOALF,2026-09-30,32,32,2026-09-30T14:53:00Z,2026-09-30T14:59:00Z,-45,-45,58063,2026-09-30T14:48:00Z,False,False,ORI,False,False,LKSDB-1,T_LKSDB-1
BOALF,2026-09-30,32,32,2026-09-30T14:52:00Z,2026-09-30T14:53:00Z,-24,-45,58063,2026-09-30T14:48:00Z,False,False,ORI,False,False,LKSDB-1,T_LKSDB-1
BOALF,2026-09-30,32,33,2026-09-30T14:50:00Z,2026-09-30T15:02:00Z,-24,-24,58062,2026-09-30T14:44:00Z,False,False,ORI,False,False,LKSDB-1,T_LKSDB-1
BOALF,2026-09-30,32,32,2026-09-30T14:49:00Z,2026-09-30T14:50:00Z,0,-24,58062,2026-09-30T14:44:00Z,False,False,ORI,False,False,LKSDB-1,T_LKSDB-1
BOALF,2026-09-30,31,32,2026-09-30T14:29:00Z,2026-09-30T14:30:00Z,-2,0,58061,2026-09-30T14:19:00Z,False,False,ORI,False,False,LKSDB-1,T_LKSDB-1
BOALF,2026-09-30,31,31,2026-09-30T14:22:00Z,2026-09-30T14:29:00Z,-2,-2,58061,2026-09-30T14:19:00Z,False,False,ORI,False,False,LKSDB-1,T_LKSDB-1
BOALF,2026-09-30,31,31,2026-09-30T14:21:00Z,2026-09-30T14:22:00Z,0,-2,58061,2026-09-30T14:19:00Z,False,False,ORI,False,False,LKSDB-1,T_LKSDB-1
BOALF,2026-09-30,30,31,2026-09-30T13:54:00Z,2026-09-30T14:00:00Z,0,0,58060,2026-09-30T13:40:00Z,False,False,ORI,False,False,LKSDB-1,T_LKSDB-1
BOALF,2026-09-30,30,30,2026-09-30T13:54:00Z,2026-09-30T13:55:00Z,0,24,58059,2026-09-30T13:39:00Z,False,False,ORI,False,False,LKSDB-1,T_LKSDB-1
BOALF,2026-09-30,30,30,2026-09-30T13:53:00Z,2026-09-30T13:54:00Z,0,24,58058,2026-09-30T13:36:00Z,False,False,ORI,False,False,LKSDB-1,T_LKSDB-1
BOALF,2026-09-30,30,30,2026-09-30T13:53:00Z,2026-09-30T13:54:00Z,0,0,58059,2026-09-30T13:39:00Z,False,False,ORI,False,False,LKSDB-1,T_LKSDB-1
BOALF,2026-09-30,30,30,2026-09-30T13:51:00Z,2026-09-30T13:53:00Z,0,0,58058,2026-09-30T13:36:00Z,False,False,ORI,False,False,LKSDB-1,T_LKSDB-1
BOALF,2026-09-30,30,30,2026-09-30T13:51:00Z,2026-09-30T13:52:00Z,0,24,58057,2026-09-30T13:34:00Z,False,False,ORI,False,False,LKSDB-1,T_LKSDB-1
BOALF,2026-09-30,30,30,2026-09-30T13:42:00Z,2026-09-30T13:51:00Z,0,0,58057,2026-09-30T13:34:00Z,False,False,ORI,False,False,LKSDB-1,T_LKSDB-1
BOALF,2026-09-30,30,30,2026-09-30T13:42:00Z,2026-09-30T13:43:00Z,0,24,58056,2026-09-30T13:27:00Z,False,False,ORI,False,False,LKSDB-1,T_LKSDB-1
BOALF,2026-09-30,30,30,2026-09-30T13:32:00Z,2026-09-30T13:42:00Z,0,0,58056,2026-09-30T13:27:00Z,False,False,ORI,False,False,LKSDB-1,T_LKSDB-1
BOALF,2026-09-30,30,30,2026-09-30T13:32:00Z,2026-09-30T13:33:00Z,0,24,58055,2026-09-30T13:23:00Z,False,False,ORI,False,False,LKSDB-1,T_LKSDB-1
BOALF,2026-09-30,30,30,2026-09-30T13:30:00Z,2026-09-30T13:32:00Z,0,0,58055,2026-09-30T13:23:00Z,False,False,ORI,False,False,LKSDB-1,T_LKSDB-1
BOALF,2026-09-30,29,30,2026-09-30T13:29:00Z,2026-09-30T13:30:00Z,24,0,58055,2026-09-30T13:23:00Z,False,False,ORI,False,False,LKSDB-1,T_LKSDB-1
BOALF,2026-09-30,29,29,2026-09-30T13:20:00Z,2026-09-30T13:21:00Z,0,24,58054,2026-09-30T12:57:00Z,False,False,ORI,False,False,LKSDB-1,T_LKSDB-1
BOALF,2026-09-30,29,29,2026-09-30T13:08:00Z,2026-09-30T13:09:00Z,1,24,58053,2026-09-30T12:52:00Z,False,False,ORI,False,False,LKSDB-1,T_LKSDB-1
BOALF,2026-09-30,29,29,2026-09-30T13:06:00Z,2026-09-30T13:08:00Z,1,1,58053,2026-09-30T12:52:00Z,False,False,ORI,False,False,LKSDB-1,T_LKSDB-1
BOALF,2026-09-30,29,29,2026-09-30T13:05:00Z,2026-09-30T13:20:00Z,0,0,58054,2026-09-30T12:57:00Z,False,False,ORI,False,False,LKSDB-1,T_LKSDB-1
BOALF,2026-09-30,29,29,2026-09-30T13:05:00Z,2026-09-30T13:06:00Z,0,24,58052,2026-09-30T12:51:00Z,False,False,ORI,False,False,LKSDB-1,T_LKSDB-1
BOALF,2026-09-30,29,29,2026-09-30T13:05:00Z,2026-09-30T13:06:00Z,0,1,58053,2026-09-30T12:52:00Z,False,False,ORI,False,False,LKSDB-1,T_LKSDB-1
BOALF,2026-09-30,29,29,2026-09-30T13:01:00Z,2026-09-30T13:05:00Z,0,0,58052,2026-09-30T12:51:00Z,False,False,ORI,False,False,LKSDB-1,T_LKSDB-1
BOALF,2026-09-30,29,29,2026-09-30T13:01:00Z,2026-09-30T13:02:00Z,0,24,58051,2026-09-30T12:45:00Z,False,False,ORI,False,False,LKSDB-1,T_LKSDB-1
BOALF,2026-09-30,29,29,2026-09-30T13:00:00Z,2026-09-30T13:01:00Z,0,0,58051,2026-09-30T12:45:00Z,False,False,ORI,False,False,LKSDB-1,T_LKSDB-1
BOALF,2026-09-30,27,27,2026-09-30T12:10:00Z,2026-09-30T12:11:00Z,-39,-35,58050,2026-09-30T11:46:00Z,False,False,ORI,False,False,LKSDB-1,T_LKSDB-1
BOALF,2026-09-30,27,27,2026-09-30T12:03:00Z,2026-09-30T12:10:00Z,-39,-39,58050,2026-09-30T11:46:00Z,False,False,ORI,False,False,LKSDB-1,T_LKSDB-1
BOALF,2026-09-30,27,27,2026-09-30T12:02:00Z,2026-09-30T12:03:00Z,-35,-39,58050,2026-09-30T11:46:00Z,False,False,ORI,False,False,LKSDB-1,T_LKSDB-1
BOALF,2026-09-30,24,24,2026-09-30T10:30:00Z,2026-09-30T10:31:00Z,-16,-39,58049,2026-09-30T10:22:00Z,False,False,ORI,False,False,LKSDB-1,T_LKSDB-1
BOALF,2026-09-30,23,24,2026-09-30T10:28:00Z,2026-09-30T10:30:00Z,-16,-16,58049,2026-09-30T10:22:00Z,False,False,ORI,False,False,LKSDB-1,T_LKSDB-1
BOALF,2026-09-30,23,23,2026-09-30T10:27:00Z,2026-09-30T10:28:00Z,-39,-15,58048,2026-09-30T10:21:00Z,False,False,ORI,False,False,LKSDB-1,T_LKSDB-1
BOALF,2026-09-30,23,23,2026-09-30T10:27:00Z,2026-09-30T10:28:00Z,-39,-16,58049,2026-09-30T10:22:00Z,False,False,ORI,False,False,LKSDB-1,T_LKSDB-1
BOALF,2026-09-30,23,23,2026-09-30T10:25:00Z,2026-09-30T10:27:00Z,-39,-39,58048,2026-09-30T10:21:00Z,False,False,ORI,False,False,LKSDB-1,T_LKSDB-1
BOALF,2026-09-30,23,23,2026-09-30T10:24:00Z,2026-09-30T10:25:00Z,-15,-39,58048,2026-09-30T10:21:00Z,False,False,ORI,False,False,LKSDB-1,T_LKSDB-1
BOALF,2026-09-30,23,23,2026-09-30T10:06:00Z,2026-09-30T10:07:00Z,0,-15,58047,2026-09-30T10:01:00Z,False,False,ORI,False,False,LKSDB-1,T_LKSDB-1
BOALF,2026-09-30,23,23,2026-09-30T10:04:00Z,2026-09-30T10:06:00Z,0,0,58047,2026-09-30T10:01:00Z,False,False,ORI,False,False,LKSDB-1,T_LKSDB-1
BOALF,2026-09-30,23,23,2026-09-30T10:03:00Z,2026-09-30T10:04:00Z,-15,0,58047,2026-09-30T10:01:00Z,False,False,ORI,False,False,LKSDB-1,T_LKSDB-1
BOALF,2026-09-30,23,23,2026-09-30T10:00:00Z,2026-09-30T10:01:00Z,-15,-15,58046,2026-09-30T09:51:00Z,False,False,ORI,False,False,LKSDB-1,T_LKSDB-1
BOALF,2026-09-30,22,23,2026-09-30T09:59:00Z,2026-09-30T10:00:00Z,0,-15,58046,2026-09-30T09:51:00Z,False,False,ORI,False,False,LKSDB-1,T_LKSDB-1
BOALF,2026-09-30,22,22,2026-09-30T09:56:00Z,2026-09-30T09:57:00Z,-25,0,58045,2026-09-30T09:44:00Z,False,False,ORI,False,False,LKSDB-1,T_LKSDB-1
BOALF,2026-09-30,22,22,2026-09-30T09:53:00Z,2026-09-30T09:56:00Z,-25,-25,58045,2026-09-30T09:44:00Z,False,False,ORI,False,False,LKSDB-1,T_LKSDB-1
BOALF,2026-09-30,22,22,2026-09-30T09:53:00Z,2026-09-30T09:54:00Z,-25,0,58044,2026-09-30T09:42:00Z,False,False,ORI,False,False,LKSDB-1,T_LKSDB-1
BOALF,2026-09-30,22,22,2026-09-30T09:48:00Z,2026-09-30T09:53:00Z,-25,-25,58044,2026-09-30T09:42:00Z,False,False,ORI,False,False,LKSDB-1,T_LKSDB-1
BOALF,2026-09-30,22,22,2026-09-30T09:48:00Z,2026-09-30T09:49:00Z,-25,0,58043,2026-09-30T09:40:00Z,False,False,ORI,False,False,LKSDB-1,T_LKSDB-1
BOALF,2026-09-30,22,22,2026-09-30T09:43:00Z,2026-09-30T09:48:00Z,-25,-25,58043,2026-09-30T09:40:00Z,False,False,ORI,False,False,LKSDB-1,T_LKSDB-1
BOALF,2026-09-30,22,22,2026-09-30T09:42:00Z,2026-09-30T09:43:00Z,0,-25,58043,2026-09-30T09:40:00Z,False,False,ORI,False,False,LKSDB-1,T_LKSDB-1
BOALF,2026-09-30,22,22,2026-09-30T09:33:00Z,2026-09-30T09:34:00Z,13,0,58042,2026-09-30T09:21:00Z,False,False,ORI,False,False,LKSDB-1,T_LKSDB-1
BOALF,2026-09-30,21,22,2026-09-30T09:29:00Z,2026-09-30T09:33:00Z,13,13,58042,2026-09-30T09:21:00Z,False,False,ORI,False,False,LKSDB-1,T_LKSDB-1
BOALF,2026-09-30,21,22,2026-09-30T09:29:00Z,2026-09-30T09:30:00Z,13,0,58041,2026-09-30T09:18:00Z,False,False,ORI,False,False,LKSDB-1,T_LKSDB-1
BOALF,2026-09-30,21,21,2026-09-30T09:25:00Z,2026-09-30T09:29:00Z,13,13,58041,2026-09-30T09:18:00Z,False,False,ORI,False,False,LKSDB-1,T_LKSDB-1
BOALF,2026-09-30,21,21,2026-09-30T09:25:00Z,2026-09-30T09:26:00Z,13,0,58040,2026-09-30T09:14:00Z,False,False,ORI,False,False,LKSDB-1,T_LKSDB-1
BOALF,2026-09-30,21,21,2026-09-30T09:19:00Z,2026-09-30T09:25:00Z,13,13,58040,2026-09-30T09:14:00Z,False,False,ORI,False,False,LKSDB-1,T_LKSDB-1
BOALF,2026-09-30,21,21,2026-09-30T09:19:00Z,2026-09-30T09:20:00Z,13,0,58039,2026-09-30T09:07:00Z,False,False,ORI,False,False,LKSDB-1,T_LKSDB-1
BOALF,2026-09-30,21,21,2026-09-30T09:13:00Z,2026-09-30T09:19:00Z,13,13,58039,2026-09-30T09:07:00Z,False,False,ORI,False,False,LKSDB-1,T_LKSDB-1
BOALF,2026-09-30,21,21,2026-09-30T09:13:00Z,2026-09-30T09:14:00Z,13,0,58038,2026-09-30T09:02:00Z,False,False,ORI,False,False,LKSDB-1,T_LKSDB-1
BOALF,2026-09-30,21,21,2026-09-30T09:06:00Z,2026-09-30T09:13:00Z,13,13,58038,2026-09-30T09:02:00Z,False,False,ORI,False,False,LKSDB-1,T_LKSDB-1
BOALF,2026-09-30,21,21,2026-09-30T09:06:00Z,2026-09-30T09:07:00Z,13,0,58037,2026-09-30T08:59:00Z,False,False,ORI,False,False,LKSDB-1,T_LKSDB-1
BOALF,2026-09-30,21,21,2026-09-30T09:01:00Z,2026-09-30T09:06:00Z,13,13,58037,2026-09-30T08:59:00Z,False,False,ORI,False,False,LKSDB-1,T_LKSDB-1
BOALF,2026-09-30,21,21,2026-09-30T09:00:00Z,2026-09-30T09:01:00Z,0,13,58037,2026-09-30T08:59:00Z,False,False,ORI,False,False,LKSDB-1,T_LKSDB-1
BOALF,2026-09-30,20,20,2026-09-30T08:42:00Z,2026-09-30T08:43:00Z,21,0,58036,2026-09-30T08:32:00Z,False,False,ORI,False,False,LKSDB-1,T_LKSDB-1
BOALF,2026-09-30,20,20,2026-09-30T08:36:00Z,2026-09-30T08:42:00Z,21,21,58036,2026-09-30T08:32:00Z,False,False,ORI,False,False,LKSDB-1,T_LKSDB-1
BOALF,2026-09-30,20,20,2026-09-30T08:36:00Z,2026-09-30T08:37:00Z,21,0,58035,2026-09-30T08:27:00Z,False,False,ORI,False,False,LKSDB-1,T_LKSDB-1
BOALF,2026-09-30,20,20,2026-09-30T08:31:00Z,2026-09-30T08:36:00Z,21,21,58035,2026-09-30T08:27:00Z,False,False,ORI,False,False,LKSDB-1,T_LKSDB-1
BOALF,2026-09-30,20,20,2026-09-30T08:30:00Z,2026-09-30T08:31:00Z,0,21,58035,2026-09-30T08:27:00Z,False,False,ORI,False,False,LKSDB-1,T_LKSDB-1
BOALF,2026-09-30,19,19,2026-09-30T08:04:00Z,2026-09-30T08:05:00Z,18,0,58034,2026-09-30T07:50:00Z,False,False,ORI,False,False,LKSDB-1,T_LKSDB-1
BOALF,2026-09-30,19,19,2026-09-30T08:01:00Z,2026-09-30T08:04:00Z,18,18,58034,2026-09-30T07:50:00Z,False,False,ORI,False,False,LKSDB-1,T_LKSDB-1
BOALF,2026-09-30,19,19,2026-09-30T08:00:00Z,2026-09-30T08:01:00Z,0,18,58034,2026-09-30T07:50:00Z,False,False,ORI,False,False,LKSDB-1,T_LKSDB-1
BOALF,2026-09-30,18,18,2026-09-30T07:44:00Z,2026-09-30T07:45:00Z,27,0,58033,2026-09-30T07:31:00Z,False,False,ORI,False,False,LKSDB-1,T_LKSDB-1
BOALF,2026-09-30,18,18,2026-09-30T07:39:00Z,2026-09-30T07:44:00Z,27,27,58033,2026-09-30T07:31:00Z,False,False,ORI,False,False,LKSDB-1,T_LKSDB-1
BOALF,2026-09-30,18,18,2026-09-30T07:39:00Z,2026-09-30T07:40:00Z,27,0,58032,2026-09-30T07:26:00Z,False,False,ORI,False,False,LKSDB-1,T_LKSDB-1
BOALF,2026-09-30,18,18,2026-09-30T07:33:00Z,2026-09-30T07:39:00Z,27,27,58032,2026-09-30T07:26:00Z,False,False,ORI,False,False,LKSDB-1,T_LKSDB-1
BOALF,2026-09-30,18,18,2026-09-30T07:33:00Z,2026-09-30T07:34:00Z,27,0,58031,2026-09-30T07:21:00Z,False,False,ORI,False,False,LKSDB-1,T_LKSDB-1
BOALF,2026-09-30,18,18,2026-09-30T07:30:00Z,2026-09-30T07:33:00Z,27,27,58031,2026-09-30T07:21:00Z,False,False,ORI,False,False,LKSDB-1,T_LKSDB-1
BOALF,2026-09-30,18,18,2026-09-30T07:30:00Z,2026-09-30T07:31:00Z,27,0,58030,2026-09-30T07:17:00Z,False,False,ORI,False,False,LKSDB-1,T_LKSDB-1
BOALF,2026-09-30,17,18,2026-09-30T07:19:00Z,2026-09-30T07:30:00Z,27,27,58030,2026-09-30T07:17:00Z,False,False,ORI,False,False,LKSDB-1,T_LKSDB-1
BOALF,2026-09-30,17,17,2026-09-30T07:18:00Z,2026-09-30T07:19:00Z,0,27,58030,2026-09-30T07:17:00Z,False,False,ORI,False,False,LKSDB-1,T_LKSDB-1
BOALF,2026-09-30,17,17,2026-09-30T07:03:00Z,2026-09-30T07:04:00Z,21,0,58029,2026-09-30T06:54:00Z,False,False,ORI,False,False,LKSDB-1,T_LKSDB-1
BOALF,2026-09-30,17,17,2026-09-30T07:00:00Z,2026-09-30T07:03:00Z,21,21,58029,2026-09-30T06:54:00Z,False,False,ORI,False,False,LKSDB-1,T_LKSDB-1
BOALF,2026-09-30,16,17,2026-09-30T06:59:00Z,2026-09-30T07:00:00Z,20,21,58029,2026-09-30T06:54:00Z,False,False,ORI,False,False,LKSDB-1,T_LKSDB-1
BOALF,2026-09-30,16,17,2026-09-30T06:57:00Z,2026-09-30T07:00:00Z,20,20,58028,2026-09-30T06:50:00Z,False,False,ORI,False,False,LKSDB-1,T_LKSDB-1
BOALF,2026-09-30,16,16,2026-09-30T06:56:00Z,2026-09-30T06:57:00Z,70,20,58028,2026-09-30T06:50:00Z,False,False,ORI,False,False,LKSDB-1,T_LKSDB-1
BOALF,2026-09-30,15,15,2026-09-30T06:27:00Z,2026-09-30T06:28:00Z,70,52,58027,2026-09-30T06:16:00Z,False,False,ORI,False,False,LKSDB-1,T_LKSDB-1
BOALF,2026-09-30,15,15,2026-09-30T06:19:00Z,2026-09-30T06:27:00Z,70,70,58027,2026-09-30T06:16:00Z,False,False,ORI,False,False,LKSDB-1,T_LKSDB-1
BOALF,2026-09-30,15,15,2026-09-30T06:18:00Z,2026-09-30T06:19:00Z,52,70,58027,2026-09-30T06:16:00Z,False,False,ORI,False,False,LKSDB-1,T_LKSDB-1
BOALF,2026-09-30,13,14,2026-09-30T05:29:00Z,2026-09-30T05:30:00Z,50,0,58026,2026-09-30T05:13:00Z,False,False,ORI,False,False,LKSDB-1,T_LKSDB-1
BOALF,2026-09-30,13,13,2026-09-30T05:17:00Z,2026-09-30T05:29:00Z,50,50,58026,2026-09-30T05:13:00Z,False,False,ORI,False,False,LKSDB-1,T_LKSDB-1
BOALF,2026-09-30,13,13,2026-09-30T05:16:00Z,2026-09-30T05:17:00Z,0,50,58026,2026-09-30T05:13:00Z,False,False,ORI,False,False,LKSDB-1,T_LKSDB-1
BOALF,2026-09-30,12,12,2026-09-30T04:44:00Z,2026-09-30T04:45:00Z,0,-23,58025,2026-09-30T04:22:00Z,False,False,ORI,False,False,LKSDB-1,T_LKSDB-1
BOALF,2026-09-30,12,12,2026-09-30T04:33:00Z,2026-09-30T04:44:00Z,0,0,58025,2026-09-30T04:22:00Z,False,False,ORI,False,False,LKSDB-1,T_LKSDB-1
BOALF,2026-09-30,12,12,2026-09-30T04:32:00Z,2026-09-30T04:33:00Z,-23,0,58025,2026-09-30T04:22:00Z,False,False,ORI,False,False,LKSDB-1,T_LKSDB-1
BOALF,2026-09-30,9,9,2026-09-30T03:27:00Z,2026-09-30T03:28:00Z,0,-25,58024,2026-09-30T03:22:00Z,False,False,ORI,False,False,LKSDB-1,T_LKSDB-1
BOALF,2026-09-30,9,9,2026-09-30T03:25:00Z,2026-09-30T03:27:00Z,0,0,58024,2026-09-30T03:22:00Z,False,False,ORI,False,False,LKSDB-1,T_LKSDB-1
BOALF,2026-09-30,9,9,2026-09-30T03:24:00Z,2026-09-30T03:25:00Z,-25,0,58024,2026-09-30T03:22:00Z,False,False,ORI,False,False,LKSDB-1,T_LKSDB-1
BOALF,2026-09-30,7,7,2026-09-30T02:22:00Z,2026-09-30T02:23:00Z,0,-25,58023,2026-09-30T02:06:00Z,False,False,ORI,False,False,LKSDB-1,T_LKSDB-1
BOALF,2026-09-30,7,7,2026-09-30T02:12:00Z,2026-09-30T02:22:00Z,0,0,58023,2026-09-30T02:06:00Z,False,False,ORI,False,False,LKSDB-1,T_LKSDB-1
BOALF,2026-09-30,7,7,2026-09-30T02:12:00Z,2026-09-30T02:13:00Z,0,-25,58022,2026-09-30T01:52:00Z,False,False,ORI,False,False,LKSDB-1,T_LKSDB-1
BOALF,2026-09-30,7,7,2026-09-30T02:03:00Z,2026-09-30T02:12:00Z,0,0,58022,2026-09-30T01:52:00Z,False,False,ORI,False,False,LKSDB-1,T_LKSDB-1
BOALF,2026-09-30,7,7,2026-09-30T02:02:00Z,2026-09-30T02:03:00Z,-24,-25,58021,2026-09-30T01:51:00Z,False,False,ORI,False,False,LKSDB-1,T_LKSDB-1
BOALF,2026-09-30,7,7,2026-09-30T02:02:00Z,2026-09-30T02:03:00Z,-24,0,58022,2026-09-30T01:52:00Z,False,False,ORI,False,False,LKSDB-1,T_LKSDB-1
BOALF,2026-09-30,7,7,2026-09-30T02:00:00Z,2026-09-30T02:02:00Z,-24,-24,58021,2026-09-30T01:51:00Z,False,False,ORI,False,False,LKSDB-1,T_LKSDB-1
BOALF,2026-09-30,6,7,2026-09-30T01:59:00Z,2026-09-30T02:00:00Z,0,-24,58020,2026-09-30T01:37:00Z,False,False,ORI,False,False,LKSDB-1,T_LKSDB-1
BOALF,2026-09-30,6,6,2026-09-30T01:53:00Z,2026-09-30T01:59:00Z,0,0,58020,2026-09-30T01:37:00Z,False,False,ORI,False,False,LKSDB-1,T_LKSDB-1
BOALF,2026-09-30,6,6,2026-09-30T01:53:00Z,2026-09-30T01:54:00Z,0,-74,58019,2026-09-30T01:33:00Z,False,False,ORI,False,False,LKSDB-1,T_LKSDB-1
BOALF,2026-09-30,6,6,2026-09-30T01:43:00Z,2026-09-30T01:53:00Z,0,0,58019,2026-09-30T01:33:00Z,False,False,ORI,False,False,LKSDB-1,T_LKSDB-1
BOALF,2026-09-30,6,6,2026-09-30T01:43:00Z,2026-09-30T01:44:00Z,0,-74,58018,2026-09-30T01:31:00Z,False,False,ORI,False,False,LKSDB-1,T_LKSDB-1
BOALF,2026-09-30,6,6,2026-09-30T01:41:00Z,2026-09-30T01:43:00Z,0,0,58018,2026-09-30T01:31:00Z,False,False,ORI,False,False,LKSDB-1,T_LKSDB-1
BOALF,2026-09-30,6,6,2026-09-30T01:41:00Z,2026-09-30T01:42:00Z,0,-74,58017,2026-09-30T01:11:00Z,False,False,ORI,False,False,LKSDB-1,T_LKSDB-1
BOALF,2026-09-30,6,6,2026-09-30T01:31:00Z,2026-09-30T01:41:00Z,0,0,58017,2026-09-30T01:11:00Z,False,False,ORI,False,False,LKSDB-1,T_LKSDB-1
BOALF,2026-09-30,6,6,2026-09-30T01:30:00Z,2026-09-30T01:31:00Z,-44,-74,58016,2026-09-30T01:10:00Z,False,False,ORI,False,False,LKSDB-1,T_LKSDB-1
BOALF,2026-09-30,6,6,2026-09-30T01:30:00Z,2026-09-30T01:31:00Z,-44,0,58017,2026-09-30T01:11:00Z,False,False,ORI,False,False,LKSDB-1,T_LKSDB-1
BOALF,2026-09-30,5,6,2026-09-30T01:28:00Z,2026-09-30T01:30:00Z,-44,-44,58016,2026-09-30T01:10:00Z,False,False,ORI,False,False,LKSDB-1,T_LKSDB-1
BOALF,2026-09-30,5,5,2026-09-30T01:27:00Z,2026-09-30T01:28:00Z,-6,-74,58015,2026-09-30T01:09:00Z,False,False,ORI,False,False,LKSDB-1,T_LKSDB-1
BOALF,2026-09-30,5,5,2026-09-30T01:27:00Z,2026-09-30T01:28:00Z,-6,-44,58016,2026-09-30T01:10:00Z,False,False,ORI,False,False,LKSDB-1,T_LKSDB-1
BOALF,2026-09-30,5,5,2026-09-30T01:23:00Z,2026-09-30T01:24:00Z,-62,-74,58013,2026-09-30T00:49:00Z,False,False,ORI,False,False,LKSDB-1,T_LKSDB-1
BOALF,2026-09-30,5,5,2026-09-30T01:21:00Z,2026-09-30T01:27:00Z,-6,-6,58015,2026-09-30T01:09:00Z,False,False,ORI,False,False,LKSDB-1,T_LKSDB-1
BOALF,2026-09-30,5,5,2026-09-30T01:21:00Z,2026-09-30T01:23:00Z,-62,-62,58013,2026-09-30T00:49:00Z,False,False,ORI,False,False,LKSDB-1,T_LKSDB-1
BOALF,2026-09-30,5,5,2026-09-30T01:20:00Z,2026-09-30T01:21:00Z,-41,-74,58012,2026-09-30T00:48:00Z,False,False,ORI,False,False,LKSDB-1,T_LKSDB-1
BOALF,2026-09-30,5,5,2026-09-30T01:20:00Z,2026-09-30T01:21:00Z,-41,-62,58013,2026-09-30T00:49:00Z,False,False,ORI,False,False,LKSDB-1,T_LKSDB-1
BOALF,2026-09-30,5,5,2026-09-30T01:20:00Z,2026-09-30T01:21:00Z,-1,-62,58014,2026-09-30T01:08:00Z,False,False,ORI,False,False,LKSDB-1,T_LKSDB-1
BOALF,2026-09-30,5,5,2026-09-30T01:20:00Z,2026-09-30T01:21:00Z,-1,-6,58015,2026-09-30T01:09:00Z,False,False,ORI,False,False,LKSDB-1,T_LKSDB-1
BOALF,2026-09-30,5,5,2026-09-30T01:18:00Z,2026-09-30T01:20:00Z,-41,-41,58012,2026-09-30T00:48:00Z,False,False,ORI,False,False,LKSDB-1,T_LKSDB-1
BOALF,2026-09-30,5,5,2026-09-30T01:17:00Z,2026-09-30T01:18:00Z,-12,-74,58011,2026-09-30T00:45:00Z,False,False,ORI,False,False,LKSDB-1,T_LKSDB-1
BOALF,2026-09-30,5,5,2026-09-30T01:17:00Z,2026-09-30T01:18:00Z,-12,-41,58012,2026-09-30T00:48:00Z,False,False,ORI,False,False,LKSDB-1,T_LKSDB-1
BOALF,2026-09-30,5,5,2026-09-30T01:15:00Z,2026-09-30T01:17:00Z,-12,-12,58011,2026-09-30T00:45:00Z,False,False,ORI,False,False,LKSDB-1,T_LKSDB-1
BOALF,2026-09-30,5,5,2026-09-30T01:14:00Z,2026-09-30T01:20:00Z,-1,-1,58014,2026-09-30T01:08:00Z,False,False,ORI,False,False,LKSDB-1,T_LKSDB-1
BOALF,2026-09-30,5,5,2026-09-30T01:14:00Z,2026-09-30T01:15:00Z,-1,-74,58010,2026-09-30T00:44:00Z,False,False,ORI,False,False,LKSDB-1,T_LKSDB-1
BOALF,2026-09-30,5,5,2026-09-30T01:14:00Z,2026-09-30T01:15:00Z,-1,-12,58011,2026-09-30T00:45:00Z,False,False,ORI,False,False,LKSDB-1,T_LKSDB-1
BOALF,2026-09-30,5,5,2026-09-30T01:01:00Z,2026-09-30T01:14:00Z,-1,-1,58010,2026-09-30T00:44:00Z,False,False,ORI,False,False,LKSDB-1,T_LKSDB-1
BOALF,2026-09-30,5,5,2026-09-30T01:00:00Z,2026-09-30T01:01:00Z,0,-1,58010,2026-09-30T00:44:00Z,False,False,ORI,False,False,LKSDB-1,T_LKSDB-1
BOALF,2026-09-30,4,4,2026-09-30T00:34:00Z,2026-09-30T00:35:00Z,-4,0,58009,2026-09-30T00:27:00Z,False,False,ORI,False,False,LKSDB-1,T_LKSDB-1
BOALF,2026-09-30,4,4,2026-09-30T00:31:00Z,2026-09-30T00:34:00Z,-4,-4,58009,2026-09-30T00:27:00Z,False,False,ORI,False,False,LKSDB-1,T_LKSDB-1
BOALF,2026-09-30,4,4,2026-09-30T00:31:00Z,2026-09-30T00:32:00Z,-2,0,58008,2026-09-30T00:26:00Z,False,False,ORI,False,False,LKSDB-1,T_LKSDB-1
BOALF,2026-09-30,4,4,2026-09-30T00:30:00Z,2026-09-30T00:31:00Z,-2,-4,58009,2026-09-30T00:27:00Z,False,False,ORI,False,False,LKSDB-1,T_LKSDB-1
BOALF,2026-09-30,3,4,2026-09-30T00:28:00Z,2026-09-30T00:31:00Z,-2,-2,58008,2026-09-30T00:26:00Z,False,False,ORI,False,False,LKSDB-1,T_LKSDB-1
BOALF,2026-09-30,3,3,2026-09-30T00:27:00Z,2026-09-30T00:28:00Z,0,-2,58008,2026-09-30T00:26:00Z,False,False,ORI,False,False,LKSDB-1,T_LKSDB-1
BOALF,2026-09-30,2,2,2026-09-29T23:46:00Z,2026-09-29T23:47:00Z,-59,-74,58007,2026-09-29T23:23:00Z,False,False,ORI,False,False,LKSDB-1,T_LKSDB-1
BOALF,2026-09-30,2,2,2026-09-29T23:44:00Z,2026-09-29T23:46:00Z,-59,-59,58007,2026-09-29T23:23:00Z,False,False,ORI,False,False,LKSDB-1,T_LKSDB-1
BOALF,2026-09-30,2,2,2026-09-29T23:43:00Z,2026-09-29T23:44:00Z,-21,-74,58006,2026-09-29T23:22:00Z,False,False,ORI,False,False,LKSDB-1,T_LKSDB-1
BOALF,2026-09-30,2,2,2026-09-29T23:43:00Z,2026-09-29T23:44:00Z,-21,-59,58007,2026-09-29T23:23:00Z,False,False,ORI,False,False,LKSDB-1,T_LKSDB-1
BOALF,2026-09-30,2,2,2026-09-29T23:40:00Z,2026-09-29T23:43:00Z,-21,-21,58006,2026-09-29T23:22:00Z,False,False,ORI,False,False,LKSDB-1,T_LKSDB-1
BOALF,2026-09-30,2,2,2026-09-29T23:39:00Z,2026-09-29T23:40:00Z,0,-74,58005,2026-09-29T23:21:00Z,False,False,ORI,False,False,LKSDB-1,T_LKSDB-1
BOALF,2026-09-30,2,2,2026-09-29T23:39:00Z,2026-09-29T23:40:00Z,0,-21,58006,2026-09-29T23:22:00Z,False,False,ORI,False,False,LKSDB-1,T_LKSDB-1
BOALF,2026-09-30,2,2,2026-09-29T23:38:00Z,2026-09-29T23:39:00Z,-71,-74,58003,2026-09-29T23:13:00Z,False,False,ORI,False,False,LKSDB-1,T_LKSDB-1
BOALF,2026-09-30,2,2,2026-09-29T23:37:00Z,2026-09-29T23:39:00Z,0,0,58005,2026-09-29T23:21:00Z,False,False,ORI,False,False,LKSDB-1,T_LKSDB-1
BOALF,2026-09-30,2,2,2026-09-29T23:36:00Z,2026-09-29T23:38:00Z,-71,-71,58003,2026-09-29T23:13:00Z,False,False,ORI,False,False,LKSDB-1,T_LKSDB-1
BOALF,2026-09-30,2,2,2026-09-29T23:36:00Z,2026-09-29T23:37:00Z,-4,-71,58004,2026-09-29T23:20:00Z,False,False,ORI,False,False,LKSDB-1,T_LKSDB-1
BOALF,2026-09-30,2,2,2026-09-29T23:36:00Z,2026-09-29T23:37:00Z,-4,0,58005,2026-09-29T23:21:00Z,False,False,ORI,False,False,LKSDB-1,T_LKSDB-1
BOALF,2026-09-30,2,2,2026-09-29T23:35:00Z,2026-09-29T23:36:00Z,-36,-74,58002,2026-09-29T23:12:00Z,False,False,ORI,False,False,LKSDB-1,T_LKSDB-1
BOALF,2026-09-30,2,2,2026-09-29T23:35:00Z,2026-09-29T23:36:00Z,-36,-71,58003,2026-09-29T23:13:00Z,False,False,ORI,False,False,LKSDB-1,T_LKSDB-1
BOALF,2026-09-30,2,2,2026-09-29T23:33:00Z,2026-09-29T23:36:00Z,-4,-4,58004,2026-09-29T23:20:00Z,False,False,ORI,False,False,LKSDB-1,T_LKSDB-1
BOALF,2026-09-30,2,2,2026-09-29T23:33:00Z,2026-09-29T23:35:00Z,-36,-36,58002,2026-09-29T23:12:00Z,False,False,ORI,False,False,LKSDB-1,T_LKSDB-1
BOALF,2026-09-30,2,2,2026-09-29T23:32:00Z,2026-09-29T23:33:00Z,0,-74,58001,2026-09-29T23:11:00Z,False,False,ORI,False,False,LKSDB-1,T_LKSDB-1
BOALF,2026-09-30,2,2,2026-09-29T23:32:00Z,2026-09-29T23:33:00Z,0,-36,58002,2026-09-29T23:12:00Z,False,False,ORI,False,False,LKSDB-1,T_LKSDB-1
BOALF,2026-09-30,2,2,2026-09-29T23:32:00Z,2026-09-29T23:33:00Z,0,-4,58004,2026-09-29T23:20:00Z,False,False,ORI,False,False,LKSDB-1,T_LKSDB-1
BOALF,2026-09-30,2,2,2026-09-29T23:30:00Z,2026-09-29T23:32:00Z,0,0,58001,2026-09-29T23:11:00Z,False,False,ORI,False,False,LKSDB-1,T_LKSDB-1
BOALF,2026-09-29,47,48,2026-09-29T22:23:00Z,2026-09-29T22:30:00Z,0,0,58000,2026-09-29T22:11:00Z,False,False,ORI,False,False,LKSDB-1,T_LKSDB-1
BOALF,2026-09-29,47,47,2026-09-29T22:23:00Z,2026-09-29T22:24:00Z,0,-3,57999,2026-09-29T22:08:00Z,False,False,ORI,False,False,LKSDB-1,T_LKSDB-1
BOALF,2026-09-29,47,47,2026-09-29T22:16:00Z,2026-09-29T22:23:00Z,0,0,57999,2026-09-29T22:08:00Z,False,False,ORI,False,False,LKSDB-1,T_LKSDB-1
BOALF,2026-09-29,47,47,2026-09-29T22:16:00Z,2026-09-29T22:17:00Z,0,-3,57998,2026-09-29T22:05:00Z,False,False,ORI,False,False,LKSDB-1,T_LKSDB-1
BOALF,2026-09-29,47,47,2026-09-29T22:10:00Z,2026-09-29T22:16:00Z,0,0,57998,2026-09-29T22:05:00Z,False,False,ORI,False,False,LKSDB-1,T_LKSDB-1
BOALF,2026-09-29,47,47,2026-09-29T22:10:00Z,2026-09-29T22:11:00Z,0,-3,57997,2026-09-29T22:03:00Z,False,False,ORI,False,False,LKSDB-1,T_LKSDB-1
BOALF,2026-09-29,47,47,2026-09-29T22:05:00Z,2026-09-29T22:10:00Z,0,0,57997,2026-09-29T22:03:00Z,False,False,ORI,False,False,LKSDB-1,T_LKSDB-1
BOALF,2026-09-29,47,47,2026-09-29T22:04:00Z,2026-09-29T22:05:00Z,-3,0,57997,2026-09-29T22:03:00Z,False,False,ORI,False,False,LKSDB-1,T_LKSDB-1
BOALF,2026-09-29,47,47,2026-09-29T22:00:00Z,2026-09-29T22:01:00Z,-3,-3,57996,2026-09-29T21:49:00Z,False,False,ORI,False,False,LKSDB-1,T_LKSDB-1
BOALF,2026-09-29,46,47,2026-09-29T21:59:00Z,2026-09-29T22:00:00Z,0,-3,57996,2026-09-29T21:49:00Z,False,False,ORI,False,False,LKSDB-1,T_LKSDB-1
BOALF,2026-09-29,37,37,2026-09-29T17:14:00Z,2026-09-29T17:15:00Z,0,-40,57995,2026-09-29T17:00:00Z,False,False,ORI,False,False,LKSDB-1,T_LKSDB-1
BOALF,2026-09-29,37,37,2026-09-29T17:13:00Z,2026-09-29T17:14:00Z,98,0,57995,2026-09-29T17:00:00Z,False,False,ORI,False,False,LKSDB-1,T_LKSDB-1
BOALF,2026-09-29,37,37,2026-09-29T17:04:00Z,2026-09-29T17:13:00Z,98,98,57995,2026-09-29T17:00:00Z,False,False,ORI,False,False,LKSDB-1,T_LKSDB-1
BOALF,2026-09-29,37,37,2026-09-29T17:03:00Z,2026-09-29T17:04:00Z,0,98,57995,2026-09-29T17:00:00Z,False,False,ORI,False,False,LKSDB-1,T_LKSDB-1
BOALF,2026-09-29,37,37,2026-09-29T17:02:00Z,2026-09-29T17:03:00Z,-40,0,57995,2026-09-29T17:00:00Z,False,False,ORI,False,False,LKSDB-1,T_LKSDB-1
BOALF,2026-09-29,36,37,2026-09-29T16:59:00Z,2026-09-29T17:00:00Z,0,-5,57993,2026-09-29T16:39:00Z,False,False,ORI,False,False,LKSDB-1,T_LKSDB-1
BOALF,2026-09-29,36,36,2026-09-29T16:58:00Z,2026-09-29T16:59:00Z,99,0,57993,2026-09-29T16:39:00Z,False,False,ORI,False,False,LKSDB-1,T_LKSDB-1
BOALF,2026-09-29,36,36,2026-09-29T16:51:00Z,2026-09-29T16:58:00Z,99,99,57993,2026-09-29T16:39:00Z,False,False,ORI,False,False,LKSDB-1,T_LKSDB-1
BOALF,2026-09-29,36,36,2026-09-29T16:50:00Z,2026-09-29T16:51:00Z,77,0,57992,2026-09-29T16:38:00Z,False,False,ORI,False,False,LKSDB-1,T_LKSDB-1
BOALF,2026-09-29,36,36,2026-09-29T16:50:00Z,2026-09-29T16:51:00Z,77,99,57993,2026-09-29T16:39:00Z,False,False,ORI,False,False,LKSDB-1,T_LKSDB-1
BOALF,2026-09-29,36,36,2026-09-29T16:50:00Z,2026-09-29T16:51:00Z,92,99,57994,2026-09-29T16:43:00Z,False,False,ORI,False,False,LKSDB-1,T_LKSDB-1
BOALF,2026-09-29,36,36,2026-09-29T16:48:00Z,2026-09-29T16:50:00Z,92,92,57994,2026-09-29T16:43:00Z,False,False,ORI,False,False,LKSDB-1,T_LKSDB-1
BOALF,2026-09-29,36,36,2026-09-29T16:47:00Z,2026-09-29T16:50:00Z,77,77,57992,2026-09-29T16:38:00Z,False,False,ORI,False,False,LKSDB-1,T_LKSDB-1
BOALF,2026-09-29,36,36,2026-09-29T16:47:00Z,2026-09-29T16:48:00Z,77,92,57994,2026-09-29T16:43:00Z,False,False,ORI,False,False,LKSDB-1,T_LKSDB-1
BOALF,2026-09-29,36,36,2026-09-29T16:46:00Z,2026-09-29T16:47:00Z,68,0,57991,2026-09-29T16:37:00Z,False,False,ORI,False,False,LKSDB-1,T_LKSDB-1
BOALF,2026-09-29,36,36,2026-09-29T16:46:00Z,2026-09-29T16:47:00Z,68,77,57992,2026-09-29T16:38:00Z,False,False,ORI,False,False,LKSDB-1,T_LKSDB-1
BOALF,2026-09-29,36,36,2026-09-29T16:44:00Z,2026-09-29T16:46:00Z,68,68,57991,2026-09-29T16:37:00Z,False,False,ORI,False,False,LKSDB-1,T_LKSDB-1
BOALF,2026-09-29,36,36,2026-09-29T16:44:00Z,2026-09-29T16:45:00Z,0,-5,57990,2026-09-29T16:20:00Z,False,False,ORI,False,False,LKSDB-1,T_LKSDB-1
BOALF,2026-09-29,36,36,2026-09-29T16:43:00Z,2026-09-29T16:44:00Z,99,0,57990,2026-09-29T16:20:00Z,False,False,ORI,False,False,LKSDB-1,T_LKSDB-1
BOALF,2026-09-29,36,36,2026-09-29T16:43:00Z,2026-09-29T16:44:00Z,99,68,57991,2026-09-29T16:37:00Z,False,False,ORI,False,False,LKSDB-1,T_LKSDB-1
BOALF,2026-09-29,36,36,2026-09-29T16:31:00Z,2026-09-29T16:32:00Z,0,-5,57989,2026-09-29T16:19:00Z,False,False,ORI,False,False,LKSDB-1,T_LKSDB-1
BOALF,2026-09-29,36,36,2026-09-29T16:30:00Z,2026-09-29T16:43:00Z,99,99,57990,2026-09-29T16:20:00Z,False,False,ORI,False,False,LKSDB-1,T_LKSDB-1
BOALF,2026-09-29,36,36,2026-09-29T16:30:00Z,2026-09-29T16:31:00Z,99,0,57989,2026-09-29T16:19:00Z,False,False,ORI,False,False,LKSDB-1,T_LKSDB-1
BOALF,2026-09-29,35,35,2026-09-29T16:26:00Z,2026-09-29T16:27:00Z,-1,-75,57987,2026-09-29T16:12:00Z,False,False,ORI,False,False,LKSDB-1,T_LKSDB-1
BOALF,2026-09-29,35,36,2026-09-29T16:22:00Z,2026-09-29T16:30:00Z,99,99,57989,2026-09-29T16:19:00Z,False,False,ORI,False,False,LKSDB-1,T_LKSDB-1
BOALF,2026-09-29,35,35,2026-09-29T16:21:00Z,2026-09-29T16:22:00Z,14,0,57988,2026-09-29T16:17:00Z,False,False,ORI,False,False,LKSDB-1,T_LKSDB-1
BOALF,2026-09-29,35,35,2026-09-29T16:21:00Z,2026-09-29T16:22:00Z,14,99,57989,2026-09-29T16:19:00Z,False,False,ORI,False,False,LKSDB-1,T_LKSDB-1
BOALF,2026-09-29,35,35,2026-09-29T16:19:00Z,2026-09-29T16:21:00Z,14,14,57988,2026-09-29T16:17:00Z,False,False,ORI,False,False,LKSDB-1,T_LKSDB-1
BOALF,2026-09-29,35,35,2026-09-29T16:18:00Z,2026-09-29T16:19:00Z,-1,0,57988,2026-09-29T16:17:00Z,False,False,ORI,False,False,LKSDB-1,T_LKSDB-1
BOALF,2026-09-29,35,35,2026-09-29T16:16:00Z,2026-09-29T16:26:00Z,-1,-1,57987,2026-09-29T16:12:00Z,False,False,ORI,False,False,LKSDB-1,T_LKSDB-1
BOALF,2026-09-29,35,35,2026-09-29T16:15:00Z,2026-09-29T16:16:00Z,-75,-1,57987,2026-09-29T16:12:00Z,False,False,ORI,False,False,LKSDB-1,T_LKSDB-1
BOALF,2026-09-29,34,34,2026-09-29T15:51:00Z,2026-09-29T15:52:00Z,74,0,57986,2026-09-29T15:39:00Z,False,False,ORI,False,False,LKSDB-1,T_LKSDB-1
BOALF,2026-09-29,34,34,2026-09-29T15:44:00Z,2026-09-29T15:51:00Z,74,74,57986,2026-09-29T15:39:00Z,False,False,ORI,False,False,LKSDB-1,T_LKSDB-1
BOALF,2026-09-29,34,34,2026-09-29T15:44:00Z,2026-09-29T15:45:00Z,74,0,57985,2026-09-29T15:35:00Z,False,False,ORI,False,False,LKSDB-1,T_LKSDB-1
BOALF,2026-09-29,34,34,2026-09-29T15:42:00Z,2026-09-29T15:43:00Z,61,0,57984,2026-09-29T15:34:00Z,False,False,ORI,False,False,LKSDB-1,T_LKSDB-1
BOALF,2026-09-29,34,34,2026-09-29T15:39:00Z,2026-09-29T15:44:00Z,74,74,57985,2026-09-29T15:35:00Z,False,False,ORI,False,False,LKSDB-1,T_LKSDB-1
BOALF,2026-09-29,34,34,2026-09-29T15:38:00Z,2026-09-29T15:42:00Z,61,61,57984,2026-09-29T15:34:00Z,False,False,ORI,False,False,LKSDB-1,T_LKSDB-1
BOALF,2026-09-29,34,34,2026-09-29T15:38:00Z,2026-09-29T15:39:00Z,61,74,57985,2026-09-29T15:35:00Z,False,False,ORI,False,False,LKSDB-1,T_LKSDB-1
BOALF,2026-09-29,34,34,2026-09-29T15:37:00Z,2026-09-29T15:38:00Z,0,61,57984,2026-09-29T15:34:00Z,False,False,ORI,False,False,LKSDB-1,T_LKSDB-1
BOALF,2026-09-29,33,33,2026-09-29T15:28:00Z,2026-09-29T15:29:00Z,33,0,57983,2026-09-29T15:15:00Z,False,False,ORI,False,False,LKSDB-1,T_LKSDB-1
BOALF,2026-09-29,33,33,2026-09-29T15:26:00Z,2026-09-29T15:28:00Z,33,33,57983,2026-09-29T15:15:00Z,False,False,ORI,False,False,LKSDB-1,T_LKSDB-1
BOALF,2026-09-29,33,33,2026-09-29T15:25:00Z,2026-09-29T15:26:00Z,72,0,57982,2026-09-29T15:14:00Z,False,False,ORI,False,False,LKSDB-1,T_LKSDB-1
BOALF,2026-09-29,33,33,2026-09-29T15:25:00Z,2026-09-29T15:26:00Z,72,33,57983,2026-09-29T15:15:00Z,False,False,ORI,False,False,LKSDB-1,T_LKSDB-1
BOALF,2026-09-29,33,33,2026-09-29T15:23:00Z,2026-09-29T15:25:00Z,72,72,57982,2026-09-29T15:14:00Z,False,False,ORI,False,False,LKSDB-1,T_LKSDB-1
BOALF,2026-09-29,33,33,2026-09-29T15:22:00Z,2026-09-29T15:23:00Z,25,0,57981,2026-09-29T15:13:00Z,False,False,ORI,False,False,LKSDB-1,T_LKSDB-1
BOALF,2026-09-29,33,33,2026-09-29T15:22:00Z,2026-09-29T15:23:00Z,25,72,57982,2026-09-29T15:14:00Z,False,False,ORI,False,False,LKSDB-1,T_LKSDB-1
BOALF,2026-09-29,33,33,2026-09-29T15:20:00Z,2026-09-29T15:22:00Z,25,25,57981,2026-09-29T15:13:00Z,False,False,ORI,False,False,LKSDB-1,T_LKSDB-1
BOALF,2026-09-29,33,33,2026-09-29T15:19:00Z,2026-09-29T15:20:00Z,74,0,57980,2026-09-29T15:12:00Z,False,False,ORI,False,False,LKSDB-1,T_LKSDB-1
BOALF,2026-09-29,33,33,2026-09-29T15:19:00Z,2026-09-29T15:20:00Z,74,25,57981,2026-09-29T15:13:00Z,False,False,ORI,False,False,LKSDB-1,T_LKSDB-1
BOALF,2026-09-29,33,33,2026-09-29T15:17:00Z,2026-09-29T15:19:00Z,74,74,57980,2026-09-29T15:12:00Z,False,False,ORI,False,False,LKSDB-1,T_LKSDB-1
BOALF,2026-09-29,33,33,2026-09-29T15:17:00Z,2026-09-29T15:18:00Z,74,0,57979,2026-09-29T15:10:00Z,False,False,ORI,False,False,LKSDB-1,T_LKSDB-1
BOALF,2026-09-29,33,33,2026-09-29T15:15:00Z,2026-09-29T15:17:00Z,74,74,57979,2026-09-29T15:10:00Z,False,False,ORI,False,False,LKSDB-1,T_LKSDB-1
BOALF,2026-09-29,33,33,2026-09-29T15:14:00Z,2026-09-29T15:15:00Z,0,74,57979,2026-09-29T15:10:00Z,False,False,ORI,False,False,LKSDB-1,T_LKSDB-1
BOALF,2026-09-29,32,33,2026-09-29T14:59:00Z,2026-09-29T15:00:00Z,28,0,57978,2026-09-29T14:40:00Z,False,False,ORI,False,False,LKSDB-1,T_LKSDB-1
BOALF,2026-09-29,32,32,2026-09-29T14:56:00Z,2026-09-29T14:59:00Z,28,28,57978,2026-09-29T14:40:00Z,False,False,ORI,False,False,LKSDB-1,T_LKSDB-1
BOALF,2026-09-29,32,32,2026-09-29T14:55:00Z,2026-09-29T14:56:00Z,-18,-46,57977,2026-09-29T14:39:00Z,False,False,ORI,False,False,LKSDB-1,T_LKSDB-1
BOALF,2026-09-29,32,32,2026-09-29T14:55:00Z,2026-09-29T14:56:00Z,-18,0,57978,2026-09-29T14:40:00Z,False,False,ORI,False,False,LKSDB-1,T_LKSDB-1
BOALF,2026-09-29,32,32,2026-09-29T14:50:00Z,2026-09-29T14:55:00Z,-18,-18,57977,2026-09-29T14:39:00Z,False,False,ORI,False,False,LKSDB-1,T_LKSDB-1
BOALF,2026-09-29,32,32,2026-09-29T14:49:00Z,2026-09-29T14:50:00Z,0,-46,57976,2026-09-29T14:38:00Z,False,False,ORI,False,False,LKSDB-1,T_LKSDB-1
BOALF,2026-09-29,32,32,2026-09-29T14:49:00Z,2026-09-29T14:50:00Z,0,-18,57977,2026-09-29T14:39:00Z,False,False,ORI,False,False,LKSDB-1,T_LKSDB-1
BOALF,2026-09-29,32,32,2026-09-29T14:47:00Z,2026-09-29T14:49:00Z,0,0,57976,2026-09-29T14:38:00Z,False,False,ORI,False,False,LKSDB-1,T_LKSDB-1
BOALF,2026-09-29,32,32,2026-09-29T14:46:00Z,2026-09-29T14:47:00Z,-12,-46,57975,2026-09-29T14:37:00Z,False,False,ORI,False,False,LKSDB-1,T_LKSDB-1
BOALF,2026-09-29,32,32,2026-09-29T14:46:00Z,2026-09-29T14:47:00Z,-12,0,57976,2026-09-29T14:38:00Z,False,False,ORI,False,False,LKSDB-1,T_LKSDB-1
BOALF,2026-09-29,32,32,2026-09-29T14:44:00Z,2026-09-29T14:46:00Z,-12,-12,57975,2026-09-29T14:37:00Z,False,False,ORI,False,False,LKSDB-1,T_LKSDB-1
BOALF,2026-09-29,32,32,2026-09-29T14:43:00Z,2026-09-29T14:44:00Z,0,-12,57975,2026-09-29T14:37:00Z,False,False,ORI,False,False,LKSDB-1,T_LKSDB-1
BOALF,2026-09-29,32,32,2026-09-29T14:42:00Z,2026-09-29T14:43:00Z,28,0,57974,2026-09-29T14:36:00Z,False,False,ORI,False,False,LKSDB-1,T_LKSDB-1
BOALF,2026-09-29,32,32,2026-09-29T14:41:00Z,2026-09-29T14:42:00Z,28,0,57972,2026-09-29T14:20:00Z,False,False,ORI,False,False,LKSDB-1,T_LKSDB-1
BOALF,2026-09-29,32,32,2026-09-29T14:41:00Z,2026-09-29T14:42:00Z,28,28,57974,2026-09-29T14:36:00Z,False,False,ORI,False,False,LKSDB-1,T_LKSDB-1
BOALF,2026-09-29,32,32,2026-09-29T14:32:00Z,2026-09-29T14:33:00Z,-37,-46,57970,2026-09-29T14:08:00Z,False,False,ORI,False,False,LKSDB-1,T_LKSDB-1
BOALF,2026-09-29,32,32,2026-09-29T14:32:00Z,2026-09-29T14:33:00Z,-35,-46,57971,2026-09-29T14:17:00Z,False,False,ORI,False,False,LKSDB-1,T_LKSDB-1
BOALF,2026-09-29,32,32,2026-09-29T14:31:00Z,2026-09-29T14:41:00Z,28,28,57972,2026-09-29T14:20:00Z,False,False,ORI,False,False,LKSDB-1,T_LKSDB-1
BOALF,2026-09-29,32,32,2026-09-29T14:31:00Z,2026-09-29T14:32:00Z,-42,-46,57968,2026-09-29T13:54:00Z,False,False,ORI,False,False,LKSDB-1,T_LKSDB-1
BOALF,2026-09-29,32,32,2026-09-29T14:30:00Z,2026-09-29T14:32:00Z,-37,-37,57970,2026-09-29T14:08:00Z,False,False,ORI,False,False,LKSDB-1,T_LKSDB-1
BOALF,2026-09-29,32,32,2026-09-29T14:30:00Z,2026-09-29T14:32:00Z,-35,-35,57971,2026-09-29T14:17:00Z,False,False,ORI,False,False,LKSDB-1,T_LKSDB-1
BOALF,2026-09-29,32,32,2026-09-29T14:30:00Z,2026-09-29T14:31:00Z,-42,-42,57968,2026-09-29T13:54:00Z,False,False,ORI,False,False,LKSDB-1,T_LKSDB-1
BOALF,2026-09-29,32,32,2026-09-29T14:30:00Z,2026-09-29T14:31:00Z,-35,0,57972,2026-09-29T14:20:00Z,False,False,ORI,False,False,LKSDB-1,T_LKSDB-1
BOALF,2026-09-29,31,32,2026-09-29T14:28:00Z,2026-09-29T14:30:00Z,-35,-35,57973,2026-09-29T14:21:00Z,False,False,ORI,False,False,LKSDB-1,T_LKSDB-1
BOALF,2026-09-29,31,31,2026-09-29T14:27:00Z,2026-09-29T14:28:00Z,-42,-35,57973,2026-09-29T14:21:00Z,False,False,ORI,False,False,LKSDB-1,T_LKSDB-1
BOALF,2026-09-29,31,31,2026-09-29T14:23:00Z,2026-09-29T14:24:00Z,-26,-42,57969,2026-09-29T14:06:00Z,False,False,ORI,False,False,LKSDB-1,T_LKSDB-1
BOALF,2026-09-29,31,31,2026-09-29T14:21:00Z,2026-09-29T14:23:00Z,-26,-26,57969,2026-09-29T14:06:00Z,False,False,ORI,False,False,LKSDB-1,T_LKSDB-1
BOALF,2026-09-29,31,31,2026-09-29T14:20:00Z,2026-09-29T14:21:00Z,-42,-26,57969,2026-09-29T14:06:00Z,False,False,ORI,False,False,LKSDB-1,T_LKSDB-1
BOALF,2026-09-29,29,29,2026-09-29T13:00:00Z,2026-09-29T13:01:00Z,-43,-43,57962,2026-09-29T12:34:00Z,False,False,ORI,False,False,LKSDB-1,T_LKSDB-1
BOALF,2026-09-29,28,29,2026-09-29T12:59:00Z,2026-09-29T13:00:00Z,-74,-43,57962,2026-09-29T12:34:00Z,False,False,ORI,False,False,LKSDB-1,T_LKSDB-1
BOALF,2026-09-29,28,29,2026-09-29T12:58:00Z,2026-09-29T13:00:00Z,-43,-43,57965,2026-09-29T12:44:00Z,False,False,ORI,False,False,LKSDB-1,T_LKSDB-1
BOALF,2026-09-29,28,28,2026-09-29T12:58:00Z,2026-09-29T12:59:00Z,-8,-43,57966,2026-09-29T12:48:00Z,False,False,ORI,False,False,LKSDB-1,T_LKSDB-1
BOALF,2026-09-29,28,28,2026-09-29T12:57:00Z,2026-09-29T12:58:00Z,-64,-74,57964,2026-09-29T12:43:00Z,False,False,ORI,False,False,LKSDB-1,T_LKSDB-1
BOALF,2026-09-29,28,28,2026-09-29T12:57:00Z,2026-09-29T12:58:00Z,-64,-43,57965,2026-09-29T12:44:00Z,False,False,ORI,False,False,LKSDB-1,T_LKSDB-1
BOALF,2026-09-29,28,28,2026-09-29T12:56:00Z,2026-09-29T12:58:00Z,-8,-8,57966,2026-09-29T12:48:00Z,False,False,ORI,False,False,LKSDB-1,T_LKSDB-1
BOALF,2026-09-29,28,28,2026-09-29T12:55:00Z,2026-09-29T12:56:00Z,-64,-8,57966,2026-09-29T12:48:00Z,False,False,ORI,False,False,LKSDB-1,T_LKSDB-1
BOALF,2026-09-29,28,28,2026-09-29T12:53:00Z,2026-09-29T12:57:00Z,-64,-64,57964,2026-09-29T12:43:00Z,False,False,ORI,False,False,LKSDB-1,T_LKSDB-1
BOALF,2026-09-29,28,28,2026-09-29T12:52:00Z,2026-09-29T12:53:00Z,-63,-74,57963,2026-09-29T12:37:00Z,False,False,ORI,False,False,LKSDB-1,T_LKSDB-1
BOALF,2026-09-29,28,28,2026-09-29T12:52:00Z,2026-09-29T12:53:00Z,-63,-64,57964,2026-09-29T12:43:00Z,False,False,ORI,False,False,LKSDB-1,T_LKSDB-1
BOALF,2026-09-29,28,28,2026-09-29T12:50:00Z,2026-09-29T12:52:00Z,-63,-63,57963,2026-09-29T12:37:00Z,False,False,ORI,False,False,LKSDB-1,T_LKSDB-1
BOALF,2026-09-29,28,28,2026-09-29T12:49:00Z,2026-09-29T12:50:00Z,-74,-63,57963,2026-09-29T12:37:00Z,False,False,ORI,False,False,LKSDB-1,T_LKSDB-1
BOALF,2026-09-29,28,28,2026-09-29T12:40:00Z,2026-09-29T12:41:00Z,0,-74,57961,2026-09-29T12:15:00Z,False,False,ORI,False,False,LKSDB-1,T_LKSDB-1
BOALF,2026-09-29,28,28,2026-09-29T12:31:00Z,2026-09-29T12:40:00Z,0,0,57961,2026-09-29T12:15:00Z,False,False,ORI,False,False,LKSDB-1,T_LKSDB-1
BOALF,2026-09-29,28,28,2026-09-29T12:31:00Z,2026-09-29T12:32:00Z,0,-74,57960,2026-09-29T12:04:00Z,False,False,ORI,False,False,LKSDB-1,T_LKSDB-1
BOALF,2026-09-29,27,28,2026-09-29T12:25:00Z,2026-09-29T12:31:00Z,0,0,57960,2026-09-29T12:04:00Z,False,False,ORI,False,False,LKSDB-1,T_LKSDB-1
BOALF,2026-09-29,27,27,2026-09-29T12:25:00Z,2026-09-29T12:26:00Z,0,-74,57959,2026-09-29T11:58:00Z,False,False,ORI,False,False,LKSDB-1,T_LKSDB-1
BOALF,2026-09-29,27,27,2026-09-29T12:20:00Z,2026-09-29T12:25:00Z,0,0,57959,2026-09-29T11:58:00Z,False,False,ORI,False,False,LKSDB-1,T_LKSDB-1
BOALF,2026-09-29,27,27,2026-09-29T12:20:00Z,2026-09-29T12:21:00Z,0,-74,57958,2026-09-29T11:54:00Z,False,False,ORI,False,False,LKSDB-1,T_LKSDB-1
BOALF,2026-09-29,27,27,2026-09-29T12:09:00Z,2026-09-29T12:20:00Z,0,0,57958,2026-09-29T11:54:00Z,False,False,ORI,False,False,LKSDB-1,T_LKSDB-1
BOALF,2026-09-29,27,27,2026-09-29T12:09:00Z,2026-09-29T12:10:00Z,0,-74,57957,2026-09-29T11:45:00Z,False,False,ORI,False,False,LKSDB-1,T_LKSDB-1
BOALF,2026-09-29,27,27,2026-09-29T12:03:00Z,2026-09-29T12:09:00Z,0,0,57957,2026-09-29T11:45:00Z,False,False,ORI,False,False,LKSDB-1,T_LKSDB-1
BOALF,2026-09-29,27,27,2026-09-29T12:03:00Z,2026-09-29T12:04:00Z,0,-74,57956,2026-09-29T11:38:00Z,False,False,ORI,False,False,LKSDB-1,T_LKSDB-1
BOALF,2026-09-29,26,27,2026-09-29T11:50:00Z,2026-09-29T12:03:00Z,0,0,57956,2026-09-29T11:38:00Z,False,False,ORI,False,False,LKSDB-1,T_LKSDB-1
BOALF,2026-09-29,26,26,2026-09-29T11:50:00Z,2026-09-29T11:51:00Z,0,-74,57955,2026-09-29T11:28:00Z,False,False,ORI,False,False,LKSDB-1,T_LKSDB-1
BOALF,2026-09-29,26,26,2026-09-29T11:49:00Z,2026-09-29T11:50:00Z,0,-74,57954,2026-09-29T11:19:00Z,False,False,ORI,False,False,LKSDB-1,T_LKSDB-1
BOALF,2026-09-29,26,26,2026-09-29T11:49:00Z,2026-09-29T11:50:00Z,0,0,57955,2026-09-29T11:28:00Z,False,False,ORI,False,False,LKSDB-1,T_LKSDB-1
BOALF,2026-09-29,26,26,2026-09-29T11:39:00Z,2026-09-29T11:49:00Z,0,0,57954,2026-09-29T11:19:00Z,False,False,ORI,False,False,LKSDB-1,T_LKSDB-1
BOALF,2026-09-29,26,26,2026-09-29T11:39:00Z,2026-09-29T11:40:00Z,0,-74,57953,2026-09-29T11:17:00Z,False,False,ORI,False,False,LKSDB-1,T_LKSDB-1
BOALF,2026-09-29,26,26,2026-09-29T11:37:00Z,2026-09-29T11:39:00Z,0,0,57953,2026-09-29T11:17:00Z,False,False,ORI,False,False,LKSDB-1,T_LKSDB-1
BOALF,2026-09-29,26,26,2026-09-29T11:37:00Z,2026-09-29T11:38:00Z,0,-74,57952,2026-09-29T11:10:00Z,False,False,ORI,False,False,LKSDB-1,T_LKSDB-1
BOALF,2026-09-29,25,26,2026-09-29T11:27:00Z,2026-09-29T11:37:00Z,0,0,57952,2026-09-29T11:10:00Z,False,False,ORI,False,False,LKSDB-1,T_LKSDB-1
BOALF,2026-09-29,25,25,2026-09-29T11:27:00Z,2026-09-29T11:28:00Z,0,-55,57951,2026-09-29T11:06:00Z,False,False,ORI,False,False,LKSDB-1,T_LKSDB-1
BOALF,2026-09-29,25,25,2026-09-29T11:18:00Z,2026-09-29T11:27:00Z,0,0,57951,2026-09-29T11:06:00Z,False,False,ORI,False,False,LKSDB-1,T_LKSDB-1
BOALF,2026-09-29,25,25,2026-09-29T11:18:00Z,2026-09-29T11:19:00Z,0,-55,57950,2026-09-29T10:58:00Z,False,False,ORI,False,False,LKSDB-1,T_LKSDB-1
BOALF,2026-09-29,25,25,2026-09-29T11:16:00Z,2026-09-29T11:18:00Z,0,0,57950,2026-09-29T10:58:00Z,False,False,ORI,False,False,LKSDB-1,T_LKSDB-1
BOALF,2026-09-29,25,25,2026-09-29T11:16:00Z,2026-09-29T11:17:00Z,0,-55,57949,2026-09-29T10:45:00Z,False,False,ORI,False,False,LKSDB-1,T_LKSDB-1
BOALF,2026-09-29,25,25,2026-09-29T11:01:00Z,2026-09-29T11:16:00Z,0,0,57949,2026-09-29T10:45:00Z,False,False,ORI,False,False,LKSDB-1,T_LKSDB-1
BOALF,2026-09-29,25,25,2026-09-29T11:01:00Z,2026-09-29T11:02:00Z,0,-55,57948,2026-09-29T10:29:00Z,False,False,ORI,False,False,LKSDB-1,T_LKSDB-1
BOALF,2026-09-29,24,25,2026-09-29T10:50:00Z,2026-09-29T11:01:00Z,0,0,57948,2026-09-29T10:29:00Z,False,False,ORI,False,False,LKSDB-1,T_LKSDB-1
BOALF,2026-09-29,24,24,2026-09-29T10:50:00Z,2026-09-29T10:51:00Z,0,-55,57947,2026-09-29T10:21:00Z,False,False,ORI,False,False,LKSDB-1,T_LKSDB-1
BOALF,2026-09-29,24,24,2026-09-29T10:35:00Z,2026-09-29T10:50:00Z,0,0,57947,2026-09-29T10:21:00Z,False,False,ORI,False,False,LKSDB-1,T_LKSDB-1
BOALF,2026-09-29,24,24,2026-09-29T10:35:00Z,2026-09-29T10:36:00Z,0,-55,57946,2026-09-29T10:18:00Z,False,False,ORI,False,False,LKSDB-1,T_LKSDB-1
BOALF,2026-09-29,24,24,2026-09-29T10:30:00Z,2026-09-29T10:35:00Z,0,0,57946,2026-09-29T10:18:00Z,False,False,ORI,False,False,LKSDB-1,T_LKSDB-1
BOALF,2026-09-29,16,17,2026-09-29T06:58:00Z,2026-09-29T07:00:00Z,0,0,57945,2026-09-29T06:52:00Z,False,False,ORI,False,False,LKSDB-1,T_LKSDB-1
BOALF,2026-09-29,16,16,2026-09-29T06:57:00Z,2026-09-29T06:58:00Z,7,0,57945,2026-09-29T06:52:00Z,False,False,ORI,False,False,LKSDB-1,T_LKSDB-1
BOALF,2026-09-29,14,14,2026-09-29T05:33:00Z,2026-09-29T05:34:00Z,0,99,57944,2026-09-29T05:20:00Z,False,False,ORI,False,False,LKSDB-1,T_LKSDB-1
BOALF,2026-09-29,14,14,2026-09-29T05:31:00Z,2026-09-29T05:33:00Z,0,0,57944,2026-09-29T05:20:00Z,False,False,ORI,False,False,LKSDB-1,T_LKSDB-1
BOALF,2026-09-29,14,14,2026-09-29T05:30:00Z,2026-09-29T05:31:00Z,99,0,57944,2026-09-29T05:20:00Z,False,False,ORI,False,False,LKSDB-1,T_LKSDB-1
BOALF,2026-09-29,13,13,2026-09-29T05:11:00Z,2026-09-29T05:12:00Z,15,99,57943,2026-09-29T04:58:00Z,False,False,ORI,False,False,LKSDB-1,T_LKSDB-1
BOALF,2026-09-29,13,13,2026-09-29T05:09:00Z,2026-09-29T05:11:00Z,15,15,57943,2026-09-29T04:58:00Z,False,False,ORI,False,False,LKSDB-1,T_LKSDB-1
BOALF,2026-09-29,13,13,2026-09-29T05:08:00Z,2026-09-29T05:09:00Z,0,99,57942,2026-09-29T04:57:00Z,False,False,ORI,False,False,LKSDB-1,T_LKSDB-1
BOALF,2026-09-29,13,13,2026-09-29T05:08:00Z,2026-09-29T05:09:00Z,0,15,57943,2026-09-29T04:58:00Z,False,False,ORI,False,False,LKSDB-1,T_LKSDB-1
BOALF,2026-09-29,13,13,2026-09-29T05:03:00Z,2026-09-29T05:08:00Z,0,0,57942,2026-09-29T04:57:00Z,False,False,ORI,False,False,LKSDB-1,T_LKSDB-1
BOALF,2026-09-29,13,13,2026-09-29T05:03:00Z,2026-09-29T05:04:00Z,0,99,57941,2026-09-29T04:38:00Z,False,False,ORI,False,False,LKSDB-1,T_LKSDB-1
BOALF,2026-09-29,13,13,2026-09-29T05:00:00Z,2026-09-29T05:03:00Z,0,0,57941,2026-09-29T04:38:00Z,False,False,ORI,False,False,LKSDB-1,T_LKSDB-1
BOALF,2026-09-29,11,11,2026-09-29T04:08:00Z,2026-09-29T04:09:00Z,-14,0,57940,2026-09-29T03:44:00Z,False,False,ORI,False,False,LKSDB-1,T_LKSDB-1
BOALF,2026-09-29,11,11,2026-09-29T04:03:00Z,2026-09-29T04:08:00Z,-14,-14,57940,2026-09-29T03:44:00Z,False,False,ORI,False,False,LKSDB-1,T_LKSDB-1
BOALF,2026-09-29,11,11,2026-09-29T04:02:00Z,2026-09-29T04:03:00Z,-25,0,57939,2026-09-29T03:43:00Z,False,False,ORI,False,False,LKSDB-1,T_LKSDB-1
BOALF,2026-09-29,11,11,2026-09-29T04:02:00Z,2026-09-29T04:03:00Z,-25,-14,57940,2026-09-29T03:44:00Z,False,False,ORI,False,False,LKSDB-1,T_LKSDB-1
BOALF,2026-09-29,11,11,2026-09-29T04:00:00Z,2026-09-29T04:02:00Z,-25,-25,57939,2026-09-29T03:43:00Z,False,False,ORI,False,False,LKSDB-1,T_LKSDB-1
BOALF,2026-09-29,10,11,2026-09-29T03:59:00Z,2026-09-29T04:00:00Z,0,-25,57939,2026-09-29T03:43:00Z,False,False,ORI,False,False,LKSDB-1,T_LKSDB-1
BOALF,2026-09-29,6,6,2026-09-29T01:38:00Z,2026-09-29T01:39:00Z,-9,-47,57938,2026-09-29T01:23:00Z,False,False,ORI,False,False,LKSDB-1,T_LKSDB-1
BOALF,2026-09-29,6,6,2026-09-29T01:35:00Z,2026-09-29T01:38:00Z,-9,-9,57938,2026-09-29T01:23:00Z,False,False,ORI,False,False,LKSDB-1,T_LKSDB-1
BOALF,2026-09-29,6,6,2026-09-29T01:34:00Z,2026-09-29T01:35:00Z,0,-47,57937,2026-09-29T01:22:00Z,False,False,ORI,False,False,LKSDB-1,T_LKSDB-1
BOALF,2026-09-29,6,6,2026-09-29T01:34:00Z,2026-09-29T01:35:00Z,0,-9,57938,2026-09-29T01:23:00Z,False,False,ORI,False,False,LKSDB-1,T_LKSDB-1
BOALF,2026-09-29,6,6,2026-09-29T01:31:00Z,2026-09-29T01:34:00Z,0,0,57937,2026-09-29T01:22:00Z,False,False,ORI,False,False,LKSDB-1,T_LKSDB-1
BOALF,2026-09-29,6,6,2026-09-29T01:30:00Z,2026-09-29T01:31:00Z,-44,0,57937,2026-09-29T01:22:00Z,False,False,ORI,False,False,LKSDB-1,T_LKSDB-1
BOALF,2026-09-28,43,43,2026-09-28T20:06:00Z,2026-09-28T20:07:00Z,34,74,57936,2026-09-28T19:57:00Z,False,False,ORI,False,False,LKSDB-1,T_LKSDB-1
BOALF,2026-09-28,43,43,2026-09-28T20:04:00Z,2026-09-28T20:06:00Z,34,34,57936,2026-09-28T19:57:00Z,False,False,ORI,False,False,LKSDB-1,T_LKSDB-1
BOALF,2026-09-28,43,43,2026-09-28T20:03:00Z,2026-09-28T20:04:00Z,74,34,57936,2026-09-28T19:57:00Z,False,False,ORI,False,False,LKSDB-1,T_LKSDB-1
BOALF,2026-09-28,42,43,2026-09-28T19:59:00Z,2026-09-28T20:00:00Z,-3,0,57934,2026-09-28T19:42:00Z,False,False,ORI,False,False,LKSDB-1,T_LKSDB-1
BOALF,2026-09-28,42,43,2026-09-28T19:59:00Z,2026-09-28T20:00:00Z,-4,0,57935,2026-09-28T19:54:00Z,False,False,ORI,False,False,LKSDB-1,T_LKSDB-1
BOALF,2026-09-28,42,42,2026-09-28T19:57:00Z,2026-09-28T19:59:00Z,-4,-4,57935,2026-09-28T19:54:00Z,False,False,ORI,False,False,LKSDB-1,T_LKSDB-1
BOALF,2026-09-28,42,42,2026-09-28T19:56:00Z,2026-09-28T19:57:00Z,-3,-4,57935,2026-09-28T19:54:00Z,False,False,ORI,False,False,LKSDB-1,T_LKSDB-1
BOALF,2026-09-28,42,42,2026-09-28T19:54:00Z,2026-09-28T19:59:00Z,-3,-3,57934,2026-09-28T19:42:00Z,False,False,ORI,False,False,LKSDB-1,T_LKSDB-1
BOALF,2026-09-28,42,42,2026-09-28T19:53:00Z,2026-09-28T19:54:00Z,-4,0,57933,2026-09-28T19:41:00Z,False,False,ORI,False,False,LKSDB-1,T_LKSDB-1
BOALF,2026-09-28,42,42,2026-09-28T19:53:00Z,2026-09-28T19:54:00Z,-4,-3,57934,2026-09-28T19:42:00Z,False,False,ORI,False,False,LKSDB-1,T_LKSDB-1
BOALF,2026-09-28,42,42,2026-09-28T19:51:00Z,2026-09-28T19:53:00Z,-4,-4,57933,2026-09-28T19:41:00Z,False,False,ORI,False,False,LKSDB-1,T_LKSDB-1
BOALF,2026-09-28,42,42,2026-09-28T19:50:00Z,2026-09-28T19:51:00Z,2,70,57932,2026-09-28T19:40:00Z,False,False,ORI,False,False,LKSDB-1,T_LKSDB-1
BOALF,2026-09-28,42,42,2026-09-28T19:50:00Z,2026-09-28T19:51:00Z,2,0,57933,2026-09-28T19:41:00Z,False,False,ORI,False,False,LKSDB-1,T_LKSDB-1
BOALF,2026-09-28,42,42,2026-09-28T19:48:00Z,2026-09-28T19:50:00Z,2,2,57932,2026-09-28T19:40:00Z,False,False,ORI,False,False,LKSDB-1,T_LKSDB-1
BOALF,2026-09-28,42,42,2026-09-28T19:47:00Z,2026-09-28T19:48:00Z,70,2,57932,2026-09-28T19:40:00Z,False,False,ORI,False,False,LKSDB-1,T_LKSDB-1
BOALF,2026-09-28,42,42,2026-09-28T19:40:00Z,2026-09-28T19:41:00Z,8,70,57931,2026-09-28T19:33:00Z,False,False,ORI,False,False,LKSDB-1,T_LKSDB-1
BOALF,2026-09-28,42,42,2026-09-28T19:35:00Z,2026-09-28T19:40:00Z,8,8,57931,2026-09-28T19:33:00Z,False,False,ORI,False,False,LKSDB-1,T_LKSDB-1
BOALF,2026-09-28,42,42,2026-09-28T19:34:00Z,2026-09-28T19:35:00Z,70,8,57931,2026-09-28T19:33:00Z,False,False,ORI,False,False,LKSDB-1,T_LKSDB-1
BOALF,2026-09-28,41,42,2026-09-28T19:29:00Z,2026-09-28T19:30:00Z,-29,0,57930,2026-09-28T19:17:00Z,False,False,ORI,False,False,LKSDB-1,T_LKSDB-1
BOALF,2026-09-28,41,41,2026-09-28T19:26:00Z,2026-09-28T19:29:00Z,-29,-29,57930,2026-09-28T19:17:00Z,False,False,ORI,False,False,LKSDB-1,T_LKSDB-1
BOALF,2026-09-28,41,41,2026-09-28T19:25:00Z,2026-09-28T19:26:00Z,23,34,57928,2026-09-28T19:11:00Z,False,False,ORI,False,False,LKSDB-1,T_LKSDB-1
BOALF,2026-09-28,41,41,2026-09-28T19:25:00Z,2026-09-28T19:26:00Z,8,34,57929,2026-09-28T19:16:00Z,False,False,ORI,False,False,LKSDB-1,T_LKSDB-1
BOALF,2026-09-28,41,41,2026-09-28T19:25:00Z,2026-09-28T19:26:00Z,8,0,57930,2026-09-28T19:17:00Z,False,False,ORI,False,False,LKSDB-1,T_LKSDB-1
BOALF,2026-09-28,41,41,2026-09-28T19:22:00Z,2026-09-28T19:25:00Z,23,23,57928,2026-09-28T19:11:00Z,False,False,ORI,False,False,LKSDB-1,T_LKSDB-1
BOALF,2026-09-28,41,41,2026-09-28T19:22:00Z,2026-09-28T19:25:00Z,8,8,57929,2026-09-28T19:16:00Z,False,False,ORI,False,False,LKSDB-1,T_LKSDB-1
BOALF,2026-09-28,41,41,2026-09-28T19:21:00Z,2026-09-28T19:22:00Z,34,23,57928,2026-09-28T19:11:00Z,False,False,ORI,False,False,LKSDB-1,T_LKSDB-1
BOALF,2026-09-28,41,41,2026-09-28T19:21:00Z,2026-09-28T19:22:00Z,34,8,57929,2026-09-28T19:16:00Z,False,False,ORI,False,False,LKSDB-1,T_LKSDB-1
BOALF,2026-09-28,41,41,2026-09-28T19:15:00Z,2026-09-28T19:16:00Z,-9,0,57925,2026-09-28T18:58:00Z,False,False,ORI,False,False,LKSDB-1,T_LKSDB-1
BOALF,2026-09-28,41,41,2026-09-28T19:15:00Z,2026-09-28T19:16:00Z,-40,0,57927,2026-09-28T19:05:00Z,False,False,ORI,False,False,LKSDB-1,T_LKSDB-1
BOALF,2026-09-28,41,41,2026-09-28T19:10:00Z,2026-09-28T19:15:00Z,-9,-9,57925,2026-09-28T18:58:00Z,False,False,ORI,False,False,LKSDB-1,T_LKSDB-1
BOALF,2026-09-28,41,41,2026-09-28T19:10:00Z,2026-09-28T19:15:00Z,-40,-40,57927,2026-09-28T19:05:00Z,False,False,ORI,False,False,LKSDB-1,T_LKSDB-1
BOALF,2026-09-28,41,41,2026-09-28T19:09:00Z,2026-09-28T19:10:00Z,34,0,57925,2026-09-28T18:58:00Z,False,False,ORI,False,False,LKSDB-1,T_LKSDB-1
BOALF,2026-09-28,41,41,2026-09-28T19:09:00Z,2026-09-28T19:10:00Z,-2,-9,57926,2026-09-28T19:04:00Z,False,False,ORI,False,False,LKSDB-1,T_LKSDB-1
BOALF,2026-09-28,41,41,2026-09-28T19:09:00Z,2026-09-28T19:10:00Z,-2,-40,57927,2026-09-28T19:05:00Z,False,False,ORI,False,False,LKSDB-1,T_LKSDB-1
BOALF,2026-09-28,41,41,2026-09-28T19:07:00Z,2026-09-28T19:09:00Z,-2,-2,57926,2026-09-28T19:04:00Z,False,False,ORI,False,False,LKSDB-1,T_LKSDB-1
BOALF,2026-09-28,41,41,2026-09-28T19:06:00Z,2026-09-28T19:07:00Z,34,0,57926,2026-09-28T19:04:00Z,False,False,ORI,False,False,LKSDB-1,T_LKSDB-1
BOALF,2026-09-28,41,41,2026-09-28T19:03:00Z,2026-09-28T19:04:00Z,-40,0,57924,2026-09-28T18:53:00Z,False,False,ORI,False,False,LKSDB-1,T_LKSDB-1
BOALF,2026-09-28,41,41,2026-09-28T19:01:00Z,2026-09-28T19:03:00Z,-40,-40,57924,2026-09-28T18:53:00Z,False,False,ORI,False,False,LKSDB-1,T_LKSDB-1
BOALF,2026-09-28,41,41,2026-09-28T19:00:00Z,2026-09-28T19:01:00Z,1,34,57923,2026-09-28T18:52:00Z,False,False,ORI,False,False,LKSDB-1,T_LKSDB-1
BOALF,2026-09-28,41,41,2026-09-28T19:00:00Z,2026-09-28T19:01:00Z,1,0,57924,2026-09-28T18:53:00Z,False,False,ORI,False,False,LKSDB-1,T_LKSDB-1
BOALF,2026-09-28,40,41,2026-09-28T18:59:00Z,2026-09-28T19:00:00Z,34,75,57921,2026-09-28T18:40:00Z,False,False,ORI,False,False,LKSDB-1,T_LKSDB-1
BOALF,2026-09-28,40,40,2026-09-28T18:57:00Z,2026-09-28T18:59:00Z,34,34,57921,2026-09-28T18:40:00Z,False,False,ORI,False,False,LKSDB-1,T_LKSDB-1
BOALF,2026-09-28,40,41,2026-09-28T18:56:00Z,2026-09-28T19:00:00Z,1,1,57923,2026-09-28T18:52:00Z,False,False,ORI,False,False,LKSDB-1,T_LKSDB-1
BOALF,2026-09-28,40,40,2026-09-28T18:56:00Z,2026-09-28T18:57:00Z,1,75,57920,2026-09-28T18:39:00Z,False,False,ORI,False,False,LKSDB-1,T_LKSDB-1
BOALF,2026-09-28,40,40,2026-09-28T18:56:00Z,2026-09-28T18:57:00Z,1,34,57921,2026-09-28T18:40:00Z,False,False,ORI,False,False,LKSDB-1,T_LKSDB-1
BOALF,2026-09-28,40,40,2026-09-28T18:50:00Z,2026-09-28T18:56:00Z,1,1,57920,2026-09-28T18:39:00Z,False,False,ORI,False,False,LKSDB-1,T_LKSDB-1
BOALF,2026-09-28,40,40,2026-09-28T18:49:00Z,2026-09-28T18:50:00Z,6,75,57919,2026-09-28T18:38:00Z,False,False,ORI,False,False,LKSDB-1,T_LKSDB-1
BOALF,2026-09-28,40,40,2026-09-28T18:49:00Z,2026-09-28T18:50:00Z,6,1,57920,2026-09-28T18:39:00Z,False,False,ORI,False,False,LKSDB-1,T_LKSDB-1
BOALF,2026-09-28,40,40,2026-09-28T18:49:00Z,2026-09-28T18:50:00Z,1,1,57922,2026-09-28T18:44:00Z,False,False,ORI,False,False,LKSDB-1,T_LKSDB-1
BOALF,2026-09-28,40,40,2026-09-28T18:48:00Z,2026-09-28T18:49:00Z,6,1,57922,2026-09-28T18:44:00Z,False,False,ORI,False,False,LKSDB-1,T_LKSDB-1
BOALF,2026-09-28,40,40,2026-09-28T18:45:00Z,2026-09-28T18:49:00Z,6,6,57919,2026-09-28T18:38:00Z,False,False,ORI,False,False,LKSDB-1,T_LKSDB-1
BOALF,2026-09-28,40,40,2026-09-28T18:44:00Z,2026-09-28T18:45:00Z,75,6,57919,2026-09-28T18:38:00Z,False,False,ORI,False,False,LKSDB-1,T_LKSDB-1
BOALF,2026-09-28,40,40,2026-09-28T18:43:00Z,2026-09-28T18:44:00Z,1,75,57918,2026-09-28T18:37:00Z,False,False,ORI,False,False,LKSDB-1,T_LKSDB-1
BOALF,2026-09-28,40,40,2026-09-28T18:41:00Z,2026-09-28T18:43:00Z,1,1,57918,2026-09-28T18:37:00Z,False,False,ORI,False,False,LKSDB-1,T_LKSDB-1
BOALF,2026-09-28,40,40,2026-09-28T18:41:00Z,2026-09-28T18:42:00Z,1,75,57917,2026-09-28T18:33:00Z,False,False,ORI,False,False,LKSDB-1,T_LKSDB-1
BOALF,2026-09-28,40,40,2026-09-28T18:40:00Z,2026-09-28T18:41:00Z,74,75,57915,2026-09-28T18:28:00Z,False,False,ORI,False,False,LKSDB-1,T_LKSDB-1
BOALF,2026-09-28,40,40,2026-09-28T18:39:00Z,2026-09-28T18:41:00Z,1,1,57917,2026-09-28T18:33:00Z,False,False,ORI,False,False,LKSDB-1,T_LKSDB-1
BOALF,2026-09-28,40,40,2026-09-28T18:38:00Z,2026-09-28T18:40:00Z,74,74,57915,2026-09-28T18:28:00Z,False,False,ORI,False,False,LKSDB-1,T_LKSDB-1
BOALF,2026-09-28,40,40,2026-09-28T18:38:00Z,2026-09-28T18:39:00Z,74,1,57917,2026-09-28T18:33:00Z,False,False,ORI,False,False,LKSDB-1,T_LKSDB-1
BOALF,2026-09-28,40,40,2026-09-28T18:37:00Z,2026-09-28T18:38:00Z,75,74,57915,2026-09-28T18:28:00Z,False,False,ORI,False,False,LKSDB-1,T_LKSDB-1
BOALF,2026-09-28,40,40,2026-09-28T18:34:00Z,2026-09-28T18:35:00Z,22,75,57916,2026-09-28T18:29:00Z,False,False,ORI,False,False,LKSDB-1,T_LKSDB-1
BOALF,2026-09-28,40,40,2026-09-28T18:31:00Z,2026-09-28T18:34:00Z,22,22,57916,2026-09-28T18:29:00Z,False,False,ORI,False,False,LKSDB-1,T_LKSDB-1
BOALF,2026-09-28,40,40,2026-09-28T18:30:00Z,2026-09-28T18:31:00Z,75,22,57916,2026-09-28T18:29:00Z,False,False,ORI,False,False,LKSDB-1,T_LKSDB-1
BOALF,2026-09-28,39,39,2026-09-28T18:26:00Z,2026-09-28T18:27:00Z,29,99,57913,2026-09-28T18:19:00Z,False,False,ORI,False,False,LKSDB-1,T_LKSDB-1
BOALF,2026-09-28,39,39,2026-09-28T18:26:00Z,2026-09-28T18:27:00Z,11,99,57914,2026-09-28T18:20:00Z,False,False,ORI,False,False,LKSDB-1,T_LKSDB-1
BOALF,2026-09-28,39,39,2026-09-28T18:24:00Z,2026-09-28T18:26:00Z,11,11,57914,2026-09-28T18:20:00Z,False,False,ORI,False,False,LKSDB-1,T_LKSDB-1
BOALF,2026-09-28,39,39,2026-09-28T18:23:00Z,2026-09-28T18:26:00Z,29,29,57913,2026-09-28T18:19:00Z,False,False,ORI,False,False,LKSDB-1,T_LKSDB-1
BOALF,2026-09-28,39,39,2026-09-28T18:23:00Z,2026-09-28T18:24:00Z,29,11,57914,2026-09-28T18:20:00Z,False,False,ORI,False,False,LKSDB-1,T_LKSDB-1
BOALF,2026-09-28,39,39,2026-09-28T18:22:00Z,2026-09-28T18:23:00Z,99,29,57913,2026-09-28T18:19:00Z,False,False,ORI,False,False,LKSDB-1,T_LKSDB-1
BOALF,2026-09-28,39,39,2026-09-28T18:14:00Z,2026-09-28T18:15:00Z,0,99,57912,2026-09-28T18:03:00Z,False,False,ORI,False,False,LKSDB-1,T_LKSDB-1
BOALF,2026-09-28,39,39,2026-09-28T18:09:00Z,2026-09-28T18:14:00Z,0,0,57912,2026-09-28T18:03:00Z,False,False,ORI,False,False,LKSDB-1,T_LKSDB-1
BOALF,2026-09-28,39,39,2026-09-28T18:09:00Z,2026-09-28T18:10:00Z,0,99,57911,2026-09-28T17:58:00Z,False,False,ORI,False,False,LKSDB-1,T_LKSDB-1
BOALF,2026-09-28,39,39,2026-09-28T18:04:00Z,2026-09-28T18:09:00Z,0,0,57911,2026-09-28T17:58:00Z,False,False,ORI,False,False,LKSDB-1,T_LKSDB-1
BOALF,2026-09-28,39,39,2026-09-28T18:03:00Z,2026-09-28T18:04:00Z,25,99,57910,2026-09-28T17:57:00Z,False,False,ORI,False,False,LKSDB-1,T_LKSDB-1
BOALF,2026-09-28,39,39,2026-09-28T18:03:00Z,2026-09-28T18:04:00Z,25,0,57911,2026-09-28T17:58:00Z,False,False,ORI,False,False,LKSDB-1,T_LKSDB-1
BOALF,2026-09-28,39,39,2026-09-28T18:00:00Z,2026-09-28T18:03:00Z,25,25,57910,2026-09-28T17:57:00Z,False,False,ORI,False,False,LKSDB-1,T_LKSDB-1
BOALF,2026-09-28,38,39,2026-09-28T17:59:00Z,2026-09-28T18:00:00Z,-66,0,57909,2026-09-28T17:54:00Z,False,False,ORI,False,False,LKSDB-1,T_LKSDB-1
BOALF,2026-09-28,38,38,2026-09-28T17:57:00Z,2026-09-28T17:59:00Z,-66,-66,57909,2026-09-28T17:54:00Z,False,False,ORI,False,False,LKSDB-1,T_LKSDB-1
BOALF,2026-09-28,38,38,2026-09-28T17:57:00Z,2026-09-28T17:58:00Z,0,25,57907,2026-09-28T17:46:00Z,False,False,ORI,False,False,LKSDB-1,T_LKSDB-1
BOALF,2026-09-28,38,38,2026-09-28T17:57:00Z,2026-09-28T17:58:00Z,-66,0,57908,2026-09-28T17:48:00Z,False,False,ORI,False,False,LKSDB-1,T_LKSDB-1
BOALF,2026-09-28,38,38,2026-09-28T17:55:00Z,2026-09-28T17:57:00Z,-66,-66,57908,2026-09-28T17:48:00Z,False,False,ORI,False,False,LKSDB-1,T_LKSDB-1
BOALF,2026-09-28,38,38,2026-09-28T17:54:00Z,2026-09-28T17:55:00Z,0,-66,57908,2026-09-28T17:48:00Z,False,False,ORI,False,False,LKSDB-1,T_LKSDB-1
BOALF,2026-09-28,38,38,2026-09-28T17:50:00Z,2026-09-28T17:57:00Z,0,0,57907,2026-09-28T17:46:00Z,False,False,ORI,False,False,LKSDB-1,T_LKSDB-1
BOALF,2026-09-28,38,38,2026-09-28T17:49:00Z,2026-09-28T17:50:00Z,25,0,57907,2026-09-28T17:46:00Z,False,False,ORI,False,False,LKSDB-1,T_LKSDB-1
BOALF,2026-09-28,38,38,2026-09-28T17:46:00Z,2026-09-28T17:47:00Z,0,25,57906,2026-09-28T17:43:00Z,False,False,ORI,False,False,LKSDB-1,T_LKSDB-1
BOALF,2026-09-28,38,38,2026-09-28T17:45:00Z,2026-09-28T17:46:00Z,0,25,57905,2026-09-28T17:42:00Z,False,False,ORI,False,False,LKSDB-1,T_LKSDB-1
BOALF,2026-09-28,38,38,2026-09-28T17:45:00Z,2026-09-28T17:46:00Z,0,0,57906,2026-09-28T17:43:00Z,False,False,ORI,False,False,LKSDB-1,T_LKSDB-1
BOALF,2026-09-28,38,38,2026-09-28T17:44:00Z,2026-09-28T17:45:00Z,0,25,57904,2026-09-28T17:40:00Z,False,False,ORI,False,False,LKSDB-1,T_LKSDB-1
BOALF,2026-09-28,38,38,2026-09-28T17:44:00Z,2026-09-28T17:45:00Z,0,0,57905,2026-09-28T17:42:00Z,False,False,ORI,False,False,LKSDB-1,T_LKSDB-1
BOALF,2026-09-28,38,38,2026-09-28T17:42:00Z,2026-09-28T17:44:00Z,0,0,57904,2026-09-28T17:40:00Z,False,False,ORI,False,False,LKSDB-1,T_LKSDB-1
BOALF,2026-09-28,38,38,2026-09-28T17:42:00Z,2026-09-28T17:43:00Z,14,25,57903,2026-09-28T17:35:00Z,False,False,ORI,False,False,LKSDB-1,T_LKSDB-1
BOALF,2026-09-28,38,38,2026-09-28T17:41:00Z,2026-09-28T17:42:00Z,14,0,57904,2026-09-28T17:40:00Z,False,False,ORI,False,False,LKSDB-1,T_LKSDB-1
BOALF,2026-09-28,38,38,2026-09-28T17:39:00Z,2026-09-28T17:42:00Z,14,14,57903,2026-09-28T17:35:00Z,False,False,ORI,False,False,LKSDB-1,T_LKSDB-1
BOALF,2026-09-28,38,38,2026-09-28T17:38:00Z,2026-09-28T17:39:00Z,24,25,57902,2026-09-28T17:32:00Z,False,False,ORI,False,False,LKSDB-1,T_LKSDB-1
BOALF,2026-09-28,38,38,2026-09-28T17:38:00Z,2026-09-28T17:39:00Z,24,14,57903,2026-09-28T17:35:00Z,False,False,ORI,False,False,LKSDB-1,T_LKSDB-1
BOALF,2026-09-28,38,38,2026-09-28T17:35:00Z,2026-09-28T17:38:00Z,24,24,57902,2026-09-28T17:32:00Z,False,False,ORI,False,False,LKSDB-1,T_LKSDB-1
BOALF,2026-09-28,38,38,2026-09-28T17:34:00Z,2026-09-28T17:35:00Z,25,24,57902,2026-09-28T17:32:00Z,False,False,ORI,False,False,LKSDB-1,T_LKSDB-1
BOALF,2026-09-28,37,37,2026-09-28T17:28:00Z,2026-09-28T17:29:00Z,0,25,57901,2026-09-28T17:22:00Z,False,False,ORI,False,False,LKSDB-1,T_LKSDB-1
BOALF,2026-09-28,37,37,2026-09-28T17:24:00Z,2026-09-28T17:28:00Z,0,0,57901,2026-09-28T17:22:00Z,False,False,ORI,False,False,LKSDB-1,T_LKSDB-1
BOALF,2026-09-28,37,37,2026-09-28T17:23:00Z,2026-09-28T17:24:00Z,25,0,57901,2026-09-28T17:22:00Z,False,False,ORI,False,False,LKSDB-1,T_LKSDB-1
BOALF,2026-09-28,36,36,2026-09-28T16:44:00Z,2026-09-28T16:45:00Z,0,27,57900,2026-09-28T16:35:00Z,False,False,ORI,False,False,LKSDB-1,T_LKSDB-1
BOALF,2026-09-28,36,36,2026-09-28T16:38:00Z,2026-09-28T16:44:00Z,0,0,57900,2026-09-28T16:35:00Z,False,False,ORI,False,False,LKSDB-1,T_LKSDB-1
BOALF,2026-09-28,36,36,2026-09-28T16:38:00Z,2026-09-28T16:39:00Z,0,27,57899,2026-09-28T16:32:00Z,False,False,ORI,False,False,LKSDB-1,T_LKSDB-1
BOALF,2026-09-28,36,36,2026-09-28T16:36:00Z,2026-09-28T16:38:00Z,0,0,57899,2026-09-28T16:32:00Z,False,False,ORI,False,False,LKSDB-1,T_LKSDB-1
BOALF,2026-09-28,36,36,2026-09-28T16:36:00Z,2026-09-28T16:37:00Z,21,27,57898,2026-09-28T16:31:00Z,False,False,ORI,False,False,LKSDB-1,T_LKSDB-1
BOALF,2026-09-28,36,36,2026-09-28T16:35:00Z,2026-09-28T16:36:00Z,21,0,57899,2026-09-28T16:32:00Z,False,False,ORI,False,False,LKSDB-1,T_LKSDB-1
BOALF,2026-09-28,36,36,2026-09-28T16:33:00Z,2026-09-28T16:36:00Z,21,21,57898,2026-09-28T16:31:00Z,False,False,ORI,False,False,LKSDB-1,T_LKSDB-1
BOALF,2026-09-28,36,36,2026-09-28T16:32:00Z,2026-09-28T16:33:00Z,27,21,57898,2026-09-28T16:31:00Z,False,False,ORI,False,False,LKSDB-1,T_LKSDB-1
BOALF,2026-09-28,35,35,2026-09-28T16:16:00Z,2026-09-28T16:17:00Z,-2,0,57897,2026-09-28T16:09:00Z,False,False,ORI,False,False,LKSDB-1,T_LKSDB-1
BOALF,2026-09-28,35,35,2026-09-28T16:13:00Z,2026-09-28T16:16:00Z,-2,-2,57897,2026-09-28T16:09:00Z,False,False,ORI,False,False,LKSDB-1,T_LKSDB-1
BOALF,2026-09-28,35,35,2026-09-28T16:12:00Z,2026-09-28T16:13:00Z,0,22,57896,2026-09-28T15:57:00Z,False,False,ORI,False,False,LKSDB-1,T_LKSDB-1
BOALF,2026-09-28,35,35,2026-09-28T16:12:00Z,2026-09-28T16:13:00Z,0,-2,57897,2026-09-28T16:09:00Z,False,False,ORI,False,False,LKSDB-1,T_LKSDB-1
BOALF,2026-09-28,35,35,2026-09-28T16:03:00Z,2026-09-28T16:12:00Z,0,0,57896,2026-09-28T15:57:00Z,False,False,ORI,False,False,LKSDB-1,T_LKSDB-1
BOALF,2026-09-28,35,35,2026-09-28T16:02:00Z,2026-09-28T16:03:00Z,22,0,57896,2026-09-28T15:57:00Z,False,False,ORI,False,False,LKSDB-1,T_LKSDB-1
BOALF,2026-09-28,32,32,2026-09-28T14:41:00Z,2026-09-28T14:42:00Z,-16,-10,57895,2026-09-28T14:28:00Z,False,False,ORI,False,False,LKSDB-1,T_LKSDB-1
BOALF,2026-09-28,32,32,2026-09-28T14:39:00Z,2026-09-28T14:41:00Z,-16,-16,57895,2026-09-28T14:28:00Z,False,False,ORI,False,False,LKSDB-1,T_LKSDB-1
BOALF,2026-09-28,32,32,2026-09-28T14:38:00Z,2026-09-28T14:39:00Z,-25,-10,57894,2026-09-28T14:27:00Z,False,False,ORI,False,False,LKSDB-1,T_LKSDB-1
BOALF,2026-09-28,32,32,2026-09-28T14:38:00Z,2026-09-28T14:39:00Z,-25,-16,57895,2026-09-28T14:28:00Z,False,False,ORI,False,False,LKSDB-1,T_LKSDB-1
BOALF,2026-09-28,32,32,2026-09-28T14:30:00Z,2026-09-28T14:38:00Z,-25,-25,57894,2026-09-28T14:27:00Z,False,False,ORI,False,False,LKSDB-1,T_LKSDB-1
BOALF,2026-09-28,32,32,2026-09-28T14:30:00Z,2026-09-28T14:31:00Z,-25,-10,57893,2026-09-28T14:23:00Z,False,False,ORI,False,False,LKSDB-1,T_LKSDB-1
BOALF,2026-09-28,31,32,2026-09-28T14:26:00Z,2026-09-28T14:30:00Z,-25,-25,57893,2026-09-28T14:23:00Z,False,False,ORI,False,False,LKSDB-1,T_LKSDB-1
BOALF,2026-09-28,31,31,2026-09-28T14:25:00Z,2026-09-28T14:26:00Z,0,-25,57893,2026-09-28T14:23:00Z,False,False,ORI,False,False,LKSDB-1,T_LKSDB-1
BOALF,2026-09-28,31,31,2026-09-28T14:22:00Z,2026-09-28T14:23:00Z,-25,0,57891,2026-09-28T14:07:00Z,False,False,ORI,False,False,LKSDB-1,T_LKSDB-1
BOALF,2026-09-28,31,31,2026-09-28T14:15:00Z,2026-09-28T14:16:00Z,-28,-25,57892,2026-09-28T14:08:00Z,False,False,ORI,False,False,LKSDB-1,T_LKSDB-1
BOALF,2026-09-28,31,31,2026-09-28T14:12:00Z,2026-09-28T14:22:00Z,-25,-25,57891,2026-09-28T14:07:00Z,False,False,ORI,False,False,LKSDB-1,T_LKSDB-1
BOALF,2026-09-28,31,31,2026-09-28T14:12:00Z,2026-09-28T14:13:00Z,-25,0,57890,2026-09-28T14:06:00Z,False,False,ORI,False,False,LKSDB-1,T_LKSDB-1
BOALF,2026-09-28,31,31,2026-09-28T14:11:00Z,2026-09-28T14:15:00Z,-28,-28,57892,2026-09-28T14:08:00Z,False,False,ORI,False,False,LKSDB-1,T_LKSDB-1
BOALF,2026-09-28,31,31,2026-09-28T14:10:00Z,2026-09-28T14:11:00Z,-25,-28,57892,2026-09-28T14:08:00Z,False,False,ORI,False,False,LKSDB-1,T_LKSDB-1
BOALF,2026-09-28,31,31,2026-09-28T14:08:00Z,2026-09-28T14:12:00Z,-25,-25,57890,2026-09-28T14:06:00Z,False,False,ORI,False,False,LKSDB-1,T_LKSDB-1
BOALF,2026-09-28,31,31,2026-09-28T14:08:00Z,2026-09-28T14:09:00Z,-20,0,57889,2026-09-28T14:04:00Z,False,False,ORI,False,False,LKSDB-1,T_LKSDB-1
BOALF,2026-09-28,31,31,2026-09-28T14:07:00Z,2026-09-28T14:08:00Z,-20,-25,57890,2026-09-28T14:06:00Z,False,False,ORI,False,False,LKSDB-1,T_LKSDB-1
BOALF,2026-09-28,31,31,2026-09-28T14:06:00Z,2026-09-28T14:07:00Z,-19,0,57887,2026-09-28T13:58:00Z,False,False,ORI,False,False,LKSDB-1,T_LKSDB-1
BOALF,2026-09-28,31,31,2026-09-28T14:05:00Z,2026-09-28T14:08:00Z,-20,-20,57889,2026-09-28T14:04:00Z,False,False,ORI,False,False,LKSDB-1,T_LKSDB-1
BOALF,2026-09-28,31,31,2026-09-28T14:05:00Z,2026-09-28T14:06:00Z,-20,-19,57888,2026-09-28T14:01:00Z,False,False,ORI,False,False,LKSDB-1,T_LKSDB-1
BOALF,2026-09-28,31,31,2026-09-28T14:04:00Z,2026-09-28T14:06:00Z,-19,-19,57887,2026-09-28T13:58:00Z,False,False,ORI,False,False,LKSDB-1,T_LKSDB-1
BOALF,2026-09-28,31,31,2026-09-28T14:04:00Z,2026-09-28T14:05:00Z,-19,0,57886,2026-09-28T13:55:00Z,False,False,ORI,False,False,LKSDB-1,T_LKSDB-1
BOALF,2026-09-28,31,31,2026-09-28T14:03:00Z,2026-09-28T14:05:00Z,-20,-20,57888,2026-09-28T14:01:00Z,False,False,ORI,False,False,LKSDB-1,T_LKSDB-1
BOALF,2026-09-28,31,31,2026-09-28T14:02:00Z,2026-09-28T14:03:00Z,-19,-20,57888,2026-09-28T14:01:00Z,False,False,ORI,False,False,LKSDB-1,T_LKSDB-1
BOALF,2026-09-28,31,31,2026-09-28T14:00:00Z,2026-09-28T14:04:00Z,-19,-19,57886,2026-09-28T13:55:00Z,False,False,ORI,False,False,LKSDB-1,T_LKSDB-1
BOALF,2026-09-28,30,31,2026-09-28T13:59:00Z,2026-09-28T14:00:00Z,0,-19,57886,2026-09-28T13:55:00Z,False,False,ORI,False,False,LKSDB-1,T_LKSDB-1
BOALF,2026-09-28,30,30,2026-09-28T13:45:00Z,2026-09-28T13:46:00Z,-26,0,57885,2026-09-28T13:37:00Z,False,False,ORI,False,False,LKSDB-1,T_LKSDB-1
BOALF,2026-09-28,30,30,2026-09-28T13:40:00Z,2026-09-28T13:45:00Z,-26,-26,57885,2026-09-28T13:37:00Z,False,False,ORI,False,False,LKSDB-1,T_LKSDB-1
BOALF,2026-09-28,30,30,2026-09-28T13:39:00Z,2026-09-28T13:40:00Z,0,-26,57885,2026-09-28T13:37:00Z,False,False,ORI,False,False,LKSDB-1,T_LKSDB-1
BOALF,2026-09-28,30,30,2026-09-28T13:34:00Z,2026-09-28T13:35:00Z,-26,0,57884,2026-09-28T13:29:00Z,False,False,ORI,False,False,LKSDB-1,T_LKSDB-1
BOALF,2026-09-28,30,30,2026-09-28T13:32:00Z,2026-09-28T13:34:00Z,-26,-26,57884,2026-09-28T13:29:00Z,False,False,ORI,False,False,LKSDB-1,T_LKSDB-1
BOALF,2026-09-28,30,30,2026-09-28T13:31:00Z,2026-09-28T13:32:00Z,-56,0,57883,2026-09-28T13:28:00Z,False,False,ORI,False,False,LKSDB-1,T_LKSDB-1
BOALF,2026-09-28,30,30,2026-09-28T13:31:00Z,2026-09-28T13:32:00Z,-56,-26,57884,2026-09-28T13:29:00Z,False,False,ORI,False,False,LKSDB-1,T_LKSDB-1
BOALF,2026-09-28,30,30,2026-09-28T13:30:00Z,2026-09-28T13:31:00Z,-56,0,57882,2026-09-28T13:23:00Z,False,False,ORI,False,False,LKSDB-1,T_LKSDB-1
BOALF,2026-09-28,30,30,2026-09-28T13:30:00Z,2026-09-28T13:31:00Z,-56,-56,57883,2026-09-28T13:28:00Z,False,False,ORI,False,False,LKSDB-1,T_LKSDB-1
BOALF,2026-09-28,29,30,2026-09-28T13:29:00Z,2026-09-28T13:30:00Z,-56,0,57881,2026-09-28T13:17:00Z,False,False,ORI,False,False,LKSDB-1,T_LKSDB-1
BOALF,2026-09-28,29,30,2026-09-28T13:29:00Z,2026-09-28T13:30:00Z,-56,-56,57882,2026-09-28T13:23:00Z,False,False,ORI,False,False,LKSDB-1,T_LKSDB-1
BOALF,2026-09-28,29,29,2026-09-28T13:24:00Z,2026-09-28T13:29:00Z,-56,-56,57881,2026-09-28T13:17:00Z,False,False,ORI,False,False,LKSDB-1,T_LKSDB-1
BOALF,2026-09-28,29,29,2026-09-28T13:23:00Z,2026-09-28T13:24:00Z,-3,0,57880,2026-09-28T13:16:00Z,False,False,ORI,False,False,LKSDB-1,T_LKSDB-1
BOALF,2026-09-28,29,29,2026-09-28T13:23:00Z,2026-09-28T13:24:00Z,-3,-56,57881,2026-09-28T13:17:00Z,False,False,ORI,False,False,LKSDB-1,T_LKSDB-1
BOALF,2026-09-28,29,29,2026-09-28T13:21:00Z,2026-09-28T13:23:00Z,-3,-3,57880,2026-09-28T13:16:00Z,False,False,ORI,False,False,LKSDB-1,T_LKSDB-1
BOALF,2026-09-28,29,29,2026-09-28T13:20:00Z,2026-09-28T13:21:00Z,0,-3,57880,2026-09-28T13:16:00Z,False,False,ORI,False,False,LKSDB-1,T_LKSDB-1
BOALF,2026-09-28,29,29,2026-09-28T13:17:00Z,2026-09-28T13:18:00Z,-56,0,57879,2026-09-28T13:10:00Z,False,False,ORI,False,False,LKSDB-1,T_LKSDB-1
BOALF,2026-09-28,29,29,2026-09-28T13:12:00Z,2026-09-28T13:17:00Z,-56,-56,57879,2026-09-28T13:10:00Z,False,False,ORI,False,False,LKSDB-1,T_LKSDB-1
BOALF,2026-09-28,29,29,2026-09-28T13:11:00Z,2026-09-28T13:12:00Z,0,-56,57879,2026-09-28T13:10:00Z,False,False,ORI,False,False,LKSDB-1,T_LKSDB-1
BOALF,2026-09-28,29,29,2026-09-28T13:07:00Z,2026-09-28T13:08:00Z,-1,0,57877,2026-09-28T12:43:00Z,False,False,ORI,False,False,LKSDB-1,T_LKSDB-1
BOALF,2026-09-28,29,29,2026-09-28T13:04:00Z,2026-09-28T13:07:00Z,-1,-1,57877,2026-09-28T12:43:00Z,False,False,ORI,False,False,LKSDB-1,T_LKSDB-1
BOALF,2026-09-28,29,29,2026-09-28T13:03:00Z,2026-09-28T13:04:00Z,-48,0,57876,2026-09-28T12:42:00Z,False,False,ORI,False,False,LKSDB-1,T_LKSDB-1
BOALF,2026-09-28,29,29,2026-09-28T13:03:00Z,2026-09-28T13:04:00Z,-48,-1,57877,2026-09-28T12:43:00Z,False,False,ORI,False,False,LKSDB-1,T_LKSDB-1
BOALF,2026-09-28,29,29,2026-09-28T13:03:00Z,2026-09-28T13:04:00Z,-49,-1,57878,2026-09-28T12:56:00Z,False,False,ORI,False,False,LKSDB-1,T_LKSDB-1
BOALF,2026-09-28,29,29,2026-09-28T13:01:00Z,2026-09-28T13:03:00Z,-49,-49,57878,2026-09-28T12:56:00Z,False,False,ORI,False,False,LKSDB-1,T_LKSDB-1
BOALF,2026-09-28,29,29,2026-09-28T13:00:00Z,2026-09-28T13:03:00Z,-48,-48,57876,2026-09-28T12:42:00Z,False,False,ORI,False,False,LKSDB-1,T_LKSDB-1
BOALF,2026-09-28,29,29,2026-09-28T13:00:00Z,2026-09-28T13:01:00Z,-48,-49,57878,2026-09-28T12:56:00Z,False,False,ORI,False,False,LKSDB-1,T_LKSDB-1
BOALF,2026-09-28,28,29,2026-09-28T12:59:00Z,2026-09-28T13:00:00Z,0,-48,57876,2026-09-28T12:42:00Z,False,False,ORI,False,False,LKSDB-1,T_LKSDB-1
BOALF,2026-09-28,28,29,2026-09-28T12:56:00Z,2026-09-28T13:00:00Z,0,0,57875,2026-09-28T12:39:00Z,False,False,ORI,False,False,LKSDB-1,T_LKSDB-1
BOALF,2026-09-28,28,28,2026-09-28T12:55:00Z,2026-09-28T12:56:00Z,-27,0,57875,2026-09-28T12:39:00Z,False,False,ORI,False,False,LKSDB-1,T_LKSDB-1
BOALF,2026-09-28,27,27,2026-09-28T12:04:00Z,2026-09-28T12:05:00Z,-74,-56,57874,2026-09-28T11:58:00Z,False,False,ORI,False,False,LKSDB-1,T_LKSDB-1
BOALF,2026-09-28,27,27,2026-09-28T12:01:00Z,2026-09-28T12:04:00Z,-74,-74,57874,2026-09-28T11:58:00Z,False,False,ORI,False,False,LKSDB-1,T_LKSDB-1
BOALF,2026-09-28,27,27,2026-09-28T12:00:00Z,2026-09-28T12:01:00Z,-56,-74,57874,2026-09-28T11:58:00Z,False,False,ORI,False,False,LKSDB-1,T_LKSDB-1
BOALF,2026-09-28,26,27,2026-09-28T11:59:00Z,2026-09-28T12:00:00Z,0,-56,57873,2026-09-28T11:33:00Z,False,False,ORI,False,False,LKSDB-1,T_LKSDB-1
BOALF,2026-09-28,26,26,2026-09-28T11:57:00Z,2026-09-28T11:59:00Z,0,0,57873,2026-09-28T11:33:00Z,False,False,ORI,False,False,LKSDB-1,T_LKSDB-1
BOALF,2026-09-28,26,26,2026-09-28T11:56:00Z,2026-09-28T11:57:00Z,-56,0,57873,2026-09-28T11:33:00Z,False,False,ORI,False,False,LKSDB-1,T_LKSDB-1
BOALF,2026-09-28,26,26,2026-09-28T11:30:00Z,2026-09-28T11:31:00Z,-74,-56,57872,2026-09-28T11:23:00Z,False,False,ORI,False,False,LKSDB-1,T_LKSDB-1
BOALF,2026-09-28,25,26,2026-09-28T11:28:00Z,2026-09-28T11:30:00Z,-74,-74,57872,2026-09-28T11:23:00Z,False,False,ORI,False,False,LKSDB-1,T_LKSDB-1
BOALF,2026-09-28,25,25,2026-09-28T11:27:00Z,2026-09-28T11:28:00Z,-56,-74,57872,2026-09-28T11:23:00Z,False,False,ORI,False,False,LKSDB-1,T_LKSDB-1
BOALF,2026-09-28,25,25,2026-09-28T11:24:00Z,2026-09-28T11:25:00Z,-74,-56,57871,2026-09-28T11:07:00Z,False,False,ORI,False,False,LKSDB-1,T_LKSDB-1
BOALF,2026-09-28,25,25,2026-09-28T11:17:00Z,2026-09-28T11:24:00Z,-74,-74,57871,2026-09-28T11:07:00Z,False,False,ORI,False,False,LKSDB-1,T_LKSDB-1
BOALF,2026-09-28,25,25,2026-09-28T11:17:00Z,2026-09-28T11:18:00Z,-74,-56,57870,2026-09-28T11:05:00Z,False,False,ORI,False,False,LKSDB-1,T_LKSDB-1
BOALF,2026-09-28,25,25,2026-09-28T11:06:00Z,2026-09-28T11:17:00Z,-74,-74,57870,2026-09-28T11:05:00Z,False,False,ORI,False,False,LKSDB-1,T_LKSDB-1
BOALF,2026-09-28,25,25,2026-09-28T11:06:00Z,2026-09-28T11:07:00Z,-74,-56,57869,2026-09-28T10:59:00Z,False,False,ORI,False,False,LKSDB-1,T_LKSDB-1
BOALF,2026-09-28,25,25,2026-09-28T11:01:00Z,2026-09-28T11:06:00Z,-74,-74,57869,2026-09-28T10:59:00Z,False,False,ORI,False,False,LKSDB-1,T_LKSDB-1
BOALF,2026-09-28,25,25,2026-09-28T11:00:00Z,2026-09-28T11:01:00Z,0,-74,57869,2026-09-28T10:59:00Z,False,False,ORI,False,False,LKSDB-1,T_LKSDB-1
BOALF,2026-09-28,22,22,2026-09-28T09:53:00Z,2026-09-28T09:54:00Z,-4,0,57868,2026-09-28T09:48:00Z,False,False,ORI,False,False,LKSDB-1,T_LKSDB-1
BOALF,2026-09-28,22,22,2026-09-28T09:51:00Z,2026-09-28T09:53:00Z,-4,-4,57868,2026-09-28T09:48:00Z,False,False,ORI,False,False,LKSDB-1,T_LKSDB-1
BOALF,2026-09-28,22,22,2026-09-28T09:50:00Z,2026-09-28T09:51:00Z,0,-4,57868,2026-09-28T09:48:00Z,False,False,ORI,False,False,LKSDB-1,T_LKSDB-1
BOALF,2026-09-28,22,22,2026-09-28T09:30:00Z,2026-09-28T09:31:00Z,-5,0,57867,2026-09-28T09:02:00Z,False,False,ORI,False,False,LKSDB-1,T_LKSDB-1
BOALF,2026-09-28,21,22,2026-09-28T09:11:00Z,2026-09-28T09:30:00Z,-5,-5,57867,2026-09-28T09:02:00Z,False,False,ORI,False,False,LKSDB-1,T_LKSDB-1
BOALF,2026-09-28,21,21,2026-09-28T09:10:00Z,2026-09-28T09:11:00Z,0,-5,57867,2026-09-28T09:02:00Z,False,False,ORI,False,False,LKSDB-1,T_LKSDB-1
BOALF,2026-09-28,21,21,2026-09-28T09:00:00Z,2026-09-28T09:01:00Z,-5,0,57864,2026-09-28T08:44:00Z,False,False,ORI,False,False,LKSDB-1,T_LKSDB-1
BOALF,2026-09-28,20,21,2026-09-28T08:55:00Z,2026-09-28T09:00:00Z,-5,-5,57864,2026-09-28T08:44:00Z,False,False,ORI,False,False,LKSDB-1,T_LKSDB-1
BOALF,2026-09-28,20,20,2026-09-28T08:54:00Z,2026-09-28T08:55:00Z,0,-5,57864,2026-09-28T08:44:00Z,False,False,ORI,False,False,LKSDB-1,T_LKSDB-1
BOALF,2026-09-28,20,20,2026-09-28T08:54:00Z,2026-09-28T08:55:00Z,-5,-5,57865,2026-09-28T08:47:00Z,False,False,ORI,False,False,LKSDB-1,T_LKSDB-1
BOALF,2026-09-28,20,20,2026-09-28T08:53:00Z,2026-09-28T08:54:00Z,0,-5,57865,2026-09-28T08:47:00Z,False,False,ORI,False,False,LKSDB-1,T_LKSDB-1
BOALF,2026-09-28,20,20,2026-09-28T08:51:00Z,2026-09-28T08:54:00Z,-5,-5,57866,2026-09-28T08:49:00Z,False,False,ORI,False,False,LKSDB-1,T_LKSDB-1
BOALF,2026-09-28,20,20,2026-09-28T08:50:00Z,2026-09-28T08:51:00Z,0,-5,57866,2026-09-28T08:49:00Z,False,False,ORI,False,False,LKSDB-1,T_LKSDB-1
BOALF,2026-09-28,20,20,2026-09-28T08:34:00Z,2026-09-28T08:35:00Z,-5,0,57863,2026-09-28T08:28:00Z,False,False,ORI,False,False,LKSDB-1,T_LKSDB-1
BOALF,2026-09-28,20,20,2026-09-28T08:32:00Z,2026-09-28T08:34:00Z,-5,-5,57863,2026-09-28T08:28:00Z,False,False,ORI,False,False,LKSDB-1,T_LKSDB-1
BOALF,2026-09-28,20,20,2026-09-28T08:31:00Z,2026-09-28T08:32:00Z,0,-5,57863,2026-09-28T08:28:00Z,False,False,ORI,False,False,LKSDB-1,T_LKSDB-1
BOALF,2026-09-28,18,19,2026-09-28T07:59:00Z,2026-09-28T08:00:00Z,0,0,57862,2026-09-28T07:42:00Z,False,False,ORI,False,False,LKSDB-1,T_LKSDB-1
BOALF,2026-09-28,18,18,2026-09-28T07:58:00Z,2026-09-28T07:59:00Z,68,74,57861,2026-09-28T07:41:00Z,False,False,ORI,False,False,LKSDB-1,T_LKSDB-1
BOALF,2026-09-28,18,18,2026-09-28T07:58:00Z,2026-09-28T07:59:00Z,68,0,57862,2026-09-28T07:42:00Z,False,False,ORI,False,False,LKSDB-1,T_LKSDB-1
BOALF,2026-09-28,18,18,2026-09-28T07:54:00Z,2026-09-28T07:58:00Z,68,68,57861,2026-09-28T07:41:00Z,False,False,ORI,False,False,LKSDB-1,T_LKSDB-1
BOALF,2026-09-28,18,18,2026-09-28T07:53:00Z,2026-09-28T07:54:00Z,74,68,57861,2026-09-28T07:41:00Z,False,False,ORI,False,False,LKSDB-1,T_LKSDB-1
BOALF,2026-09-28,17,18,2026-09-28T07:28:00Z,2026-09-28T07:30:00Z,0,0,57860,2026-09-28T07:11:00Z,False,False,ORI,False,False,LKSDB-1,T_LKSDB-1
BOALF,2026-09-28,17,17,2026-09-28T07:27:00Z,2026-09-28T07:28:00Z,74,0,57860,2026-09-28T07:11:00Z,False,False,ORI,False,False,LKSDB-1,T_LKSDB-1
BOALF,2026-09-28,16,17,2026-09-28T06:58:00Z,2026-09-28T07:00:00Z,0,0,57859,2026-09-28T06:49:00Z,False,False,ORI,False,False,LKSDB-1,T_LKSDB-1
BOALF,2026-09-28,16,16,2026-09-28T06:57:00Z,2026-09-28T06:58:00Z,24,74,57858,2026-09-28T06:48:00Z,False,False,ORI,False,False,LKSDB-1,T_LKSDB-1
BOALF,2026-09-28,16,16,2026-09-28T06:57:00Z,2026-09-28T06:58:00Z,24,0,57859,2026-09-28T06:49:00Z,False,False,ORI,False,False,LKSDB-1,T_LKSDB-1
BOALF,2026-09-28,16,16,2026-09-28T06:55:00Z,2026-09-28T06:57:00Z,24,24,57858,2026-09-28T06:48:00Z,False,False,ORI,False,False,LKSDB-1,T_LKSDB-1
BOALF,2026-09-28,16,16,2026-09-28T06:55:00Z,2026-09-28T06:56:00Z,24,74,57857,2026-09-28T06:27:00Z,False,False,ORI,False,False,LKSDB-1,T_LKSDB-1
BOALF,2026-09-28,16,16,2026-09-28T06:53:00Z,2026-09-28T06:55:00Z,24,24,57857,2026-09-28T06:27:00Z,False,False,ORI,False,False,LKSDB-1,T_LKSDB-1
BOALF,2026-09-28,16,16,2026-09-28T06:52:00Z,2026-09-28T06:53:00Z,4,74,57856,2026-09-28T06:26:00Z,False,False,ORI,False,False,LKSDB-1,T_LKSDB-1
BOALF,2026-09-28,16,16,2026-09-28T06:52:00Z,2026-09-28T06:53:00Z,4,24,57857,2026-09-28T06:27:00Z,False,False,ORI,False,False,LKSDB-1,T_LKSDB-1
BOALF,2026-09-28,16,16,2026-09-28T06:47:00Z,2026-09-28T06:52:00Z,4,4,57856,2026-09-28T06:26:00Z,False,False,ORI,False,False,LKSDB-1,T_LKSDB-1
BOALF,2026-09-28,16,16,2026-09-28T06:46:00Z,2026-09-28T06:47:00Z,0,74,57855,2026-09-28T06:25:00Z,False,False,ORI,False,False,LKSDB-1,T_LKSDB-1
BOALF,2026-09-28,16,16,2026-09-28T06:46:00Z,2026-09-28T06:47:00Z,0,4,57856,2026-09-28T06:26:00Z,False,False,ORI,False,False,LKSDB-1,T_LKSDB-1
BOALF,2026-09-28,16,16,2026-09-28T06:31:00Z,2026-09-28T06:46:00Z,0,0,57855,2026-09-28T06:25:00Z,False,False,ORI,False,False,LKSDB-1,T_LKSDB-1
BOALF,2026-09-28,16,16,2026-09-28T06:30:00Z,2026-09-28T06:31:00Z,74,0,57855,2026-09-28T06:25:00Z,False,False,ORI,False,False,LKSDB-1,T_LKSDB-1
BOALF,2026-09-28,15,15,2026-09-28T06:25:00Z,2026-09-28T06:26:00Z,0,74,57854,2026-09-28T06:14:00Z,False,False,ORI,False,False,LKSDB-1,T_LKSDB-1
BOALF,2026-09-28,15,15,2026-09-28T06:23:00Z,2026-09-28T06:25:00Z,0,0,57854,2026-09-28T06:14:00Z,False,False,ORI,False,False,LKSDB-1,T_LKSDB-1
BOALF,2026-09-28,15,15,2026-09-28T06:22:00Z,2026-09-28T06:23:00Z,4,74,57853,2026-09-28T06:13:00Z,False,False,ORI,False,False,LKSDB-1,T_LKSDB-1
BOALF,2026-09-28,15,15,2026-09-28T06:22:00Z,2026-09-28T06:23:00Z,4,0,57854,2026-09-28T06:14:00Z,False,False,ORI,False,False,LKSDB-1,T_LKSDB-1
BOALF,2026-09-28,15,15,2026-09-28T06:20:00Z,2026-09-28T06:22:00Z,4,4,57853,2026-09-28T06:13:00Z,False,False,ORI,False,False,LKSDB-1,T_LKSDB-1
BOALF,2026-09-28,15,15,2026-09-28T06:19:00Z,2026-09-28T06:20:00Z,0,74,57852,2026-09-28T06:12:00Z,False,False,ORI,False,False,LKSDB-1,T_LKSDB-1
BOALF,2026-09-28,15,15,2026-09-28T06:19:00Z,2026-09-28T06:20:00Z,0,4,57853,2026-09-28T06:13:00Z,False,False,ORI,False,False,LKSDB-1,T_LKSDB-1
BOALF,2026-09-28,15,15,2026-09-28T06:13:00Z,2026-09-28T06:19:00Z,0,0,57852,2026-09-28T06:12:00Z,False,False,ORI,False,False,LKSDB-1,T_LKSDB-1
BOALF,2026-09-28,15,15,2026-09-28T06:13:00Z,2026-09-28T06:14:00Z,0,74,57851,2026-09-28T05:40:00Z,False,False,ORI,False,False,LKSDB-1,T_LKSDB-1
BOALF,2026-09-28,15,15,2026-09-28T06:04:00Z,2026-09-28T06:05:00Z,13,74,57850,2026-09-28T05:28:00Z,False,False,ORI,False,False,LKSDB-1,T_LKSDB-1
BOALF,2026-09-28,15,15,2026-09-28T06:01:00Z,2026-09-28T06:13:00Z,0,0,57851,2026-09-28T05:40:00Z,False,False,ORI,False,False,LKSDB-1,T_LKSDB-1
BOALF,2026-09-28,15,15,2026-09-28T06:01:00Z,2026-09-28T06:04:00Z,13,13,57850,2026-09-28T05:28:00Z,False,False,ORI,False,False,LKSDB-1,T_LKSDB-1
BOALF,2026-09-28,15,15,2026-09-28T06:00:00Z,2026-09-28T06:01:00Z,24,74,57849,2026-09-28T05:27:00Z,False,False,ORI,False,False,LKSDB-1,T_LKSDB-1
BOALF,2026-09-28,15,15,2026-09-28T06:00:00Z,2026-09-28T06:01:00Z,24,13,57850,2026-09-28T05:28:00Z,False,False,ORI,False,False,LKSDB-1,T_LKSDB-1
BOALF,2026-09-28,15,15,2026-09-28T06:00:00Z,2026-09-28T06:01:00Z,24,0,57851,2026-09-28T05:40:00Z,False,False,ORI,False,False,LKSDB-1,T_LKSDB-1
BOALF,2026-09-28,14,15,2026-09-28T05:54:00Z,2026-09-28T06:00:00Z,24,24,57849,2026-09-28T05:27:00Z,False,False,ORI,False,False,LKSDB-1,T_LKSDB-1
BOALF,2026-09-28,14,14,2026-09-28T05:54:00Z,2026-09-28T05:55:00Z,24,50,57848,2026-09-28T05:24:00Z,False,False,ORI,False,False,LKSDB-1,T_LKSDB-1
BOALF,2026-09-28,14,14,2026-09-28T05:45:00Z,2026-09-28T05:54:00Z,24,24,57848,2026-09-28T05:24:00Z,False,False,ORI,False,False,LKSDB-1,T_LKSDB-1
BOALF,2026-09-28,14,14,2026-09-28T05:45:00Z,2026-09-28T05:46:00Z,24,50,57847,2026-09-28T05:12:00Z,False,False,ORI,False,False,LKSDB-1,T_LKSDB-1
BOALF,2026-09-28,14,14,2026-09-28T05:30:00Z,2026-09-28T05:45:00Z,24,24,57847,2026-09-28T05:12:00Z,False,False,ORI,False,False,LKSDB-1,T_LKSDB-1
BOALF,2026-09-28,13,14,2026-09-28T05:29:00Z,2026-09-28T05:30:00Z,50,24,57847,2026-09-28T05:12:00Z,False,False,ORI,False,False,LKSDB-1,T_LKSDB-1
BOALF,2026-09-28,13,13,2026-09-28T05:16:00Z,2026-09-28T05:17:00Z,45,50,57846,2026-09-28T04:59:00Z,False,False,ORI,False,False,LKSDB-1,T_LKSDB-1
BOALF,2026-09-28,13,13,2026-09-28T05:13:00Z,2026-09-28T05:16:00Z,45,45,57846,2026-09-28T04:59:00Z,False,False,ORI,False,False,LKSDB-1,T_LKSDB-1
BOALF,2026-09-28,13,13,2026-09-28T05:12:00Z,2026-09-28T05:13:00Z,19,50,57845,2026-09-28T04:58:00Z,False,False,ORI,False,False,LKSDB-1,T_LKSDB-1
BOALF,2026-09-28,13,13,2026-09-28T05:12:00Z,2026-09-28T05:13:00Z,19,45,57846,2026-09-28T04:59:00Z,False,False,ORI,False,False,LKSDB-1,T_LKSDB-1
BOALF,2026-09-28,13,13,2026-09-28T05:10:00Z,2026-09-28T05:12:00Z,19,19,57845,2026-09-28T04:58:00Z,False,False,ORI,False,False,LKSDB-1,T_LKSDB-1
BOALF,2026-09-28,13,13,2026-09-28T05:09:00Z,2026-09-28T05:10:00Z,33,50,57844,2026-09-28T04:57:00Z,False,False,ORI,False,False,LKSDB-1,T_LKSDB-1
BOALF,2026-09-28,13,13,2026-09-28T05:09:00Z,2026-09-28T05:10:00Z,33,19,57845,2026-09-28T04:58:00Z,False,False,ORI,False,False,LKSDB-1,T_LKSDB-1
BOALF,2026-09-28,13,13,2026-09-28T05:07:00Z,2026-09-28T05:09:00Z,33,33,57844,2026-09-28T04:57:00Z,False,False,ORI,False,False,LKSDB-1,T_LKSDB-1
BOALF,2026-09-28,13,13,2026-09-28T05:06:00Z,2026-09-28T05:07:00Z,48,50,57843,2026-09-28T04:56:00Z,False,False,ORI,False,False,LKSDB-1,T_LKSDB-1
BOALF,2026-09-28,13,13,2026-09-28T05:06:00Z,2026-09-28T05:07:00Z,48,33,57844,2026-09-28T04:57:00Z,False,False,ORI,False,False,LKSDB-1,T_LKSDB-1
BOALF,2026-09-28,13,13,2026-09-28T05:04:00Z,2026-09-28T05:06:00Z,48,48,57843,2026-09-28T04:56:00Z,False,False,ORI,False,False,LKSDB-1,T_LKSDB-1
BOALF,2026-09-28,13,13,2026-09-28T05:03:00Z,2026-09-28T05:04:00Z,47,50,57842,2026-09-28T04:55:00Z,False,False,ORI,False,False,LKSDB-1,T_LKSDB-1
BOALF,2026-09-28,13,13,2026-09-28T05:03:00Z,2026-09-28T05:04:00Z,47,48,57843,2026-09-28T04:56:00Z,False,False,ORI,False,False,LKSDB-1,T_LKSDB-1
BOALF,2026-09-28,13,13,2026-09-28T05:01:00Z,2026-09-28T05:03:00Z,47,47,57842,2026-09-28T04:55:00Z,False,False,ORI,False,False,LKSDB-1,T_LKSDB-1
BOALF,2026-09-28,13,13,2026-09-28T05:00:00Z,2026-09-28T05:01:00Z,0,47,57842,2026-09-28T04:55:00Z,False,False,ORI,False,False,LKSDB-1,T_LKSDB-1
BOALF,2026-09-28,11,12,2026-09-28T04:29:00Z,2026-09-28T04:30:00Z,6,0,57841,2026-09-28T04:24:00Z,False,False,ORI,False,False,LKSDB-1,T_LKSDB-1
BOALF,2026-09-28,11,11,2026-09-28T04:27:00Z,2026-09-28T04:29:00Z,6,6,57841,2026-09-28T04:24:00Z,False,False,ORI,False,False,LKSDB-1,T_LKSDB-1
BOALF,2026-09-28,11,11,2026-09-28T04:26:00Z,2026-09-28T04:27:00Z,1,50,57840,2026-09-28T04:17:00Z,False,False,ORI,False,False,LKSDB-1,T_LKSDB-1
BOALF,2026-09-28,11,11,2026-09-28T04:26:00Z,2026-09-28T04:27:00Z,1,6,57841,2026-09-28T04:24:00Z,False,False,ORI,False,False,LKSDB-1,T_LKSDB-1
BOALF,2026-09-28,11,11,2026-09-28T04:19:00Z,2026-09-28T04:26:00Z,1,1,57840,2026-09-28T04:17:00Z,False,False,ORI,False,False,LKSDB-1,T_LKSDB-1
BOALF,2026-09-28,11,11,2026-09-28T04:18:00Z,2026-09-28T04:19:00Z,50,1,57840,2026-09-28T04:17:00Z,False,False,ORI,False,False,LKSDB-1,T_LKSDB-1
BOALF,2026-09-28,11,11,2026-09-28T04:06:00Z,2026-09-28T04:07:00Z,1,50,57839,2026-09-28T03:58:00Z,False,False,ORI,False,False,LKSDB-1,T_LKSDB-1
BOALF,2026-09-28,11,11,2026-09-28T04:04:00Z,2026-09-28T04:06:00Z,1,1,57839,2026-09-28T03:58:00Z,False,False,ORI,False,False,LKSDB-1,T_LKSDB-1
BOALF,2026-09-28,11,11,2026-09-28T04:03:00Z,2026-09-28T04:04:00Z,50,1,57839,2026-09-28T03:58:00Z,False,False,ORI,False,False,LKSDB-1,T_LKSDB-1
BOALF,2026-09-28,8,8,2026-09-28T02:43:00Z,2026-09-28T02:44:00Z,-25,0,57838,2026-09-28T02:31:00Z,False,False,ORI,False,False,LKSDB-1,T_LKSDB-1
BOALF,2026-09-28,8,8,2026-09-28T02:35:00Z,2026-09-28T02:43:00Z,-25,-25,57838,2026-09-28T02:31:00Z,False,False,ORI,False,False,LKSDB-1,T_LKSDB-1
BOALF,2026-09-28,8,8,2026-09-28T02:34:00Z,2026-09-28T02:35:00Z,0,-25,57838,2026-09-28T02:31:00Z,False,False,ORI,False,False,LKSDB-1,T_LKSDB-1
BOALF,2026-09-28,8,8,2026-09-28T02:31:00Z,2026-09-28T02:32:00Z,-25,0,57837,2026-09-28T02:17:00Z,False,False,ORI,False,False,LKSDB-1,T_LKSDB-1
BOALF,2026-09-28,8,8,2026-09-28T02:30:00Z,2026-09-28T02:31:00Z,-25,-25,57837,2026-09-28T02:17:00Z,False,False,ORI,False,False,LKSDB-1,T_LKSDB-1
BOALF,2026-09-28,5,5,2026-09-28T01:03:00Z,2026-09-28T01:04:00Z,0,-25,57836,2026-09-28T00:55:00Z,False,False,ORI,False,False,LKSDB-1,T_LKSDB-1
BOALF,2026-09-28,5,5,2026-09-28T01:01:00Z,2026-09-28T01:03:00Z,0,0,57836,2026-09-28T00:55:00Z,False,False,ORI,False,False,LKSDB-1,T_LKSDB-1
BOALF,2026-09-28,5,5,2026-09-28T01:00:00Z,2026-09-28T01:01:00Z,-25,0,57836,2026-09-28T00:55:00Z,False,False,ORI,False,False,LKSDB-1,T_LKSDB-1
BOALF,2026-09-28,3,3,2026-09-28T00:23:00Z,2026-09-28T00:24:00Z,-10,-25,57834,2026-09-28T00:09:00Z,False,False,ORI,False,False,LKSDB-1,T_LKSDB-1
BOALF,2026-09-28,3,3,2026-09-28T00:23:00Z,2026-09-28T00:24:00Z,0,-25,57835,2026-09-28T00:12:00Z,False,False,ORI,False,False,LKSDB-1,T_LKSDB-1
BOALF,2026-09-28,3,3,2026-09-28T00:20:00Z,2026-09-28T00:23:00Z,-10,-10,57834,2026-09-28T00:09:00Z,False,False,ORI,False,False,LKSDB-1,T_LKSDB-1
BOALF,2026-09-28,3,3,2026-09-28T00:19:00Z,2026-09-28T00:20:00Z,-25,-10,57834,2026-09-28T00:09:00Z,False,False,ORI,False,False,LKSDB-1,T_LKSDB-1
BOALF,2026-09-28,3,3,2026-09-28T00:17:00Z,2026-09-28T00:23:00Z,0,0,57835,2026-09-28T00:12:00Z,False,False,ORI,False,False,LKSDB-1,T_LKSDB-1
BOALF,2026-09-28,3,3,2026-09-28T00:16:00Z,2026-09-28T00:17:00Z,-25,0,57835,2026-09-28T00:12:00Z,False,False,ORI,False,False,LKSDB-1,T_LKSDB-1
BOALF,2026-09-28,3,3,2026-09-28T00:13:00Z,2026-09-28T00:14:00Z,0,-25,57833,2026-09-27T23:57:00Z,False,False,ORI,False,False,LKSDB-1,T_LKSDB-1
BOALF,2026-09-28,3,3,2026-09-28T00:12:00Z,2026-09-28T00:13:00Z,0,-25,57832,2026-09-27T23:53:00Z,False,False,ORI,False,False,LKSDB-1,T_LKSDB-1
BOALF,2026-09-28,3,3,2026-09-28T00:12:00Z,2026-09-28T00:13:00Z,0,0,57833,2026-09-27T23:57:00Z,False,False,ORI,False,False,LKSDB-1,T_LKSDB-1
BOALF,2026-09-28,2,3,2026-09-27T23:56:00Z,2026-09-28T00:12:00Z,0,0,57832,2026-09-27T23:53:00Z,False,False,ORI,False,False,LKSDB-1,T_LKSDB-1
BOALF,2026-09-28,2,2,2026-09-27T23:56:00Z,2026-09-27T23:57:00Z,0,-25,57831,2026-09-27T23:49:00Z,False,False,ORI,False,False,LKSDB-1,T_LKSDB-1
BOALF,2026-09-28,2,2,2026-09-27T23:54:00Z,2026-09-27T23:56:00Z,0,0,57831,2026-09-27T23:49:00Z,False,False,ORI,False,False,LKSDB-1,T_LKSDB-1
BOALF,2026-09-28,2,2,2026-09-27T23:53:00Z,2026-09-27T23:54:00Z,-25,0,57831,2026-09-27T23:49:00Z,False,False,ORI,False,False,LKSDB-1,T_LKSDB-1
BOALF,2026-09-28,2,2,2026-09-27T23:48:00Z,2026-09-27T23:49:00Z,0,-25,57828,2026-09-27T23:42:00Z,False,False,ORI,False,False,LKSDB-1,T_LKSDB-1
BOALF,2026-09-28,2,2,2026-09-27T23:48:00Z,2026-09-27T23:49:00Z,0,-25,57829,2026-09-27T23:43:00Z,False,False,ORI,False,False,LKSDB-1,T_LKSDB-1
BOALF,2026-09-28,2,2,2026-09-27T23:48:00Z,2026-09-27T23:49:00Z,0,-25,57830,2026-09-27T23:44:00Z,False,False,ORI,False,False,LKSDB-1,T_LKSDB-1
BOALF,2026-09-28,2,2,2026-09-27T23:46:00Z,2026-09-27T23:48:00Z,0,0,57828,2026-09-27T23:42:00Z,False,False,ORI,False,False,LKSDB-1,T_LKSDB-1
BOALF,2026-09-28,2,2,2026-09-27T23:46:00Z,2026-09-27T23:48:00Z,0,0,57829,2026-09-27T23:43:00Z,False,False,ORI,False,False,LKSDB-1,T_LKSDB-1
BOALF,2026-09-28,2,2,2026-09-27T23:46:00Z,2026-09-27T23:48:00Z,0,0,57830,2026-09-27T23:44:00Z,False,False,ORI,False,False,LKSDB-1,T_LKSDB-1
BOALF,2026-09-28,2,2,2026-09-27T23:45:00Z,2026-09-27T23:46:00Z,-25,0,57828,2026-09-27T23:42:00Z,False,False,ORI,False,False,LKSDB-1,T_LKSDB-1
BOALF,2026-09-28,2,2,2026-09-27T23:45:00Z,2026-09-27T23:46:00Z,-25,0,57829,2026-09-27T23:43:00Z,False,False,ORI,False,False,LKSDB-1,T_LKSDB-1
BOALF,2026-09-28,2,2,2026-09-27T23:45:00Z,2026-09-27T23:46:00Z,-25,0,57830,2026-09-27T23:44:00Z,False,False,ORI,False,False,LKSDB-1,T_LKSDB-1
BOALF,2026-09-28,2,2,2026-09-27T23:33:00Z,2026-09-27T23:34:00Z,0,-25,57827,2026-09-27T23:21:00Z,False,False,ORI,False,False,LKSDB-1,T_LKSDB-1
BOALF,2026-09-28,2,2,2026-09-27T23:31:00Z,2026-09-27T23:33:00Z,0,0,57827,2026-09-27T23:21:00Z,False,False,ORI,False,False,LKSDB-1,T_LKSDB-1
BOALF,2026-09-28,2,2,2026-09-27T23:30:00Z,2026-09-27T23:31:00Z,-25,0,57827,2026-09-27T23:21:00Z,False,False,ORI,False,False,LKSDB-1,T_LKSDB-1
BOALF,2026-09-28,1,1,2026-09-27T23:19:00Z,2026-09-27T23:20:00Z,0,-25,57826,2026-09-27T23:12:00Z,False,False,ORI,False,False,LKSDB-1,T_LKSDB-1
BOALF,2026-09-28,1,1,2026-09-27T23:14:00Z,2026-09-27T23:19:00Z,0,0,57826,2026-09-27T23:12:00Z,False,False,ORI,False,False,LKSDB-1,T_LKSDB-1
BOALF,2026-09-28,1,1,2026-09-27T23:13:00Z,2026-09-27T23:14:00Z,-25,0,57826,2026-09-27T23:12:00Z,False,False,ORI,False,False,LKSDB-1,T_LKSDB-1
BOALF,2026-09-28,1,1,2026-09-27T23:00:00Z,2026-09-27T23:01:00Z,-1,-25,57825,2026-09-27T22:47:00Z,False,False,ORI,False,False,LKSDB-1,T_LKSDB-1
BOALF,2026-09-27,48,1,2026-09-27T22:58:00Z,2026-09-27T23:00:00Z,-1,-1,57825,2026-09-27T22:47:00Z,False,False,ORI,False,False,LKSDB-1,T_LKSDB-1
BOALF,2026-09-27,48,48,2026-09-27T22:57:00Z,2026-09-27T22:58:00Z,0,-1,57825,2026-09-27T22:47:00Z,False,False,ORI,False,False,LKSDB-1,T_LKSDB-1
BOALF,2026-09-27,47,47,2026-09-27T22:19:00Z,2026-09-27T22:20:00Z,0,-25,57824,2026-09-27T22:13:00Z,False,False,ORI,False,False,LKSDB-1,T_LKSDB-1
BOALF,2026-09-27,47,47,2026-09-27T22:15:00Z,2026-09-27T22:19:00Z,0,0,57824,2026-09-27T22:13:00Z,False,False,ORI,False,False,LKSDB-1,T_LKSDB-1
BOALF,2026-09-27,47,47,2026-09-27T22:15:00Z,2026-09-27T22:16:00Z,0,-25,57823,2026-09-27T21:59:00Z,False,False,ORI,False,False,LKSDB-1,T_LKSDB-1
BOALF,2026-09-27,47,47,2026-09-27T22:00:00Z,2026-09-27T22:15:00Z,0,0,57823,2026-09-27T21:59:00Z,False,False,ORI,False,False,LKSDB-1,T_LKSDB-1
BOALF,2026-09-27,46,47,2026-09-27T21:52:00Z,2026-09-27T22:00:00Z,0,0,57822,2026-09-27T21:39:00Z,False,False,ORI,False,False,LKSDB-1,T_LKSDB-1
BOALF,2026-09-27,46,46,2026-09-27T21:52:00Z,2026-09-27T21:53:00Z,0,-99,57820,2026-09-27T21:22:00Z,False,False,ORI,False,False,LKSDB-1,T_LKSDB-1
BOALF,2026-09-27,46,46,2026-09-27T21:32:00Z,2026-09-27T21:33:00Z,46,0,57821,2026-09-27T21:28:00Z,False,False,ORI,False,False,LKSDB-1,T_LKSDB-1
BOALF,2026-09-27,46,46,2026-09-27T21:31:00Z,2026-09-27T21:52:00Z,0,0,57820,2026-09-27T21:22:00Z,False,False,ORI,False,False,LKSDB-1,T_LKSDB-1
BOALF,2026-09-27,46,46,2026-09-27T21:31:00Z,2026-09-27T21:32:00Z,0,-99,57819,2026-09-27T21:21:00Z,False,False,ORI,False,False,LKSDB-1,T_LKSDB-1
BOALF,2026-09-27,46,46,2026-09-27T21:30:00Z,2026-09-27T21:32:00Z,46,46,57821,2026-09-27T21:28:00Z,False,False,ORI,False,False,LKSDB-1,T_LKSDB-1
BOALF,2026-09-27,46,46,2026-09-27T21:30:00Z,2026-09-27T21:31:00Z,46,0,57819,2026-09-27T21:21:00Z,False,False,ORI,False,False,LKSDB-1,T_LKSDB-1
BOALF,2026-09-27,45,46,2026-09-27T21:29:00Z,2026-09-27T21:30:00Z,46,0,57818,2026-09-27T21:15:00Z,False,False,ORI,False,False,LKSDB-1,T_LKSDB-1
BOALF,2026-09-27,45,46,2026-09-27T21:29:00Z,2026-09-27T21:30:00Z,46,46,57819,2026-09-27T21:21:00Z,False,False,ORI,False,False,LKSDB-1,T_LKSDB-1
BOALF,2026-09-27,45,45,2026-09-27T21:27:00Z,2026-09-27T21:29:00Z,46,46,57818,2026-09-27T21:15:00Z,False,False,ORI,False,False,LKSDB-1,T_LKSDB-1
BOALF,2026-09-27,45,45,2026-09-27T21:27:00Z,2026-09-27T21:28:00Z,46,0,57817,2026-09-27T21:11:00Z,False,False,ORI,False,False,LKSDB-1,T_LKSDB-1
BOALF,2026-09-27,45,45,2026-09-27T21:24:00Z,2026-09-27T21:27:00Z,46,46,57817,2026-09-27T21:11:00Z,False,False,ORI,False,False,LKSDB-1,T_LKSDB-1
BOALF,2026-09-27,45,45,2026-09-27T21:24:00Z,2026-09-27T21:25:00Z,46,0,57816,2026-09-27T21:08:00Z,False,False,ORI,False,False,LKSDB-1,T_LKSDB-1
BOALF,2026-09-27,45,45,2026-09-27T21:11:00Z,2026-09-27T21:24:00Z,46,46,57816,2026-09-27T21:08:00Z,False,False,ORI,False,False,LKSDB-1,T_LKSDB-1
BOALF,2026-09-27,45,45,2026-09-27T21:11:00Z,2026-09-27T21:12:00Z,46,0,57815,2026-09-27T21:04:00Z,False,False,ORI,False,False,LKSDB-1,T_LKSDB-1
BOALF,2026-09-27,45,45,2026-09-27T21:06:00Z,2026-09-27T21:11:00Z,46,46,57815,2026-09-27T21:04:00Z,False,False,ORI,False,False,LKSDB-1,T_LKSDB-1
BOALF,2026-09-27,45,45,2026-09-27T21:05:00Z,2026-09-27T21:06:00Z,0,46,57815,2026-09-27T21:04:00Z,False,False,ORI,False,False,LKSDB-1,T_LKSDB-1
BOALF,2026-09-27,39,39,2026-09-27T18:14:00Z,2026-09-27T18:15:00Z,95,99,57814,2026-09-27T18:06:00Z,False,False,ORI,False,False,LKSDB-1,T_LKSDB-1
BOALF,2026-09-27,39,39,2026-09-27T18:11:00Z,2026-09-27T18:14:00Z,95,95,57814,2026-09-27T18:06:00Z,False,False,ORI,False,False,LKSDB-1,T_LKSDB-1
BOALF,2026-09-27,39,39,2026-09-27T18:10:00Z,2026-09-27T18:11:00Z,0,99,57813,2026-09-27T17:53:00Z,False,False,ORI,False,False,LKSDB-1,T_LKSDB-1
BOALF,2026-09-27,39,39,2026-09-27T18:10:00Z,2026-09-27T18:11:00Z,0,95,57814,2026-09-27T18:06:00Z,False,False,ORI,False,False,LKSDB-1,T_LKSDB-1
BOALF,2026-09-27,39,39,2026-09-27T18:09:00Z,2026-09-27T18:10:00Z,0,99,57812,2026-09-27T17:43:00Z,False,False,ORI,False,False,LKSDB-1,T_LKSDB-1
BOALF,2026-09-27,39,39,2026-09-27T18:09:00Z,2026-09-27T18:10:00Z,0,0,57813,2026-09-27T17:53:00Z,False,False,ORI,False,False,LKSDB-1,T_LKSDB-1
BOALF,2026-09-27,39,39,2026-09-27T18:03:00Z,2026-09-27T18:09:00Z,0,0,57812,2026-09-27T17:43:00Z,False,False,ORI,False,False,LKSDB-1,T_LKSDB-1
BOALF,2026-09-27,39,39,2026-09-27T18:03:00Z,2026-09-27T18:04:00Z,0,99,57811,2026-09-27T17:38:00Z,False,False,ORI,False,False,LKSDB-1,T_LKSDB-1
BOALF,2026-09-27,39,39,2026-09-27T18:01:00Z,2026-09-27T18:03:00Z,0,0,57811,2026-09-27T17:38:00Z,False,False,ORI,False,False,LKSDB-1,T_LKSDB-1
BOALF,2026-09-27,39,39,2026-09-27T18:00:00Z,2026-09-27T18:01:00Z,72,0,57811,2026-09-27T17:38:00Z,False,False,ORI,False,False,LKSDB-1,T_LKSDB-1
BOALF,2026-09-27,36,36,2026-09-27T16:50:00Z,2026-09-27T16:51:00Z,40,0,57810,2026-09-27T16:19:00Z,False,False,ORI,False,False,LKSDB-1,T_LKSDB-1
BOALF,2026-09-27,35,36,2026-09-27T16:20:00Z,2026-09-27T16:50:00Z,40,40,57810,2026-09-27T16:19:00Z,False,False,ORI,False,False,LKSDB-1,T_LKSDB-1
BOALF,2026-09-27,35,35,2026-09-27T16:19:00Z,2026-09-27T16:20:00Z,0,40,57810,2026-09-27T16:19:00Z,False,False,ORI,False,False,LKSDB-1,T_LKSDB-1
BOALF,2026-09-27,33,34,2026-09-27T15:16:00Z,2026-09-27T15:30:00Z,0,0,57808,2026-09-27T15:09:00Z,False,False,ORI,False,False,LKSDB-1,T_LKSDB-1
BOALF,2026-09-27,33,33,2026-09-27T15:15:00Z,2026-09-27T15:16:00Z,-25,0,57808,2026-09-27T15:09:00Z,False,False,ORI,False,False,LKSDB-1,T_LKSDB-1
BOALF,2026-09-27,33,33,2026-09-27T15:15:00Z,2026-09-27T15:16:00Z,0,0,57809,2026-09-27T15:12:00Z,False,False,ORI,False,False,LKSDB-1,T_LKSDB-1
BOALF,2026-09-27,33,33,2026-09-27T15:14:00Z,2026-09-27T15:15:00Z,-25,0,57809,2026-09-27T15:12:00Z,False,False,ORI,False,False,LKSDB-1,T_LKSDB-1
BOALF,2026-09-27,32,33,2026-09-27T14:58:00Z,2026-09-27T15:00:00Z,-37,-37,57807,2026-09-27T14:24:00Z,False,False,ORI,False,False,LKSDB-1,T_LKSDB-1
BOALF,2026-09-27,32,32,2026-09-27T14:57:00Z,2026-09-27T14:58:00Z,-99,-37,57807,2026-09-27T14:24:00Z,False,False,ORI,False,False,LKSDB-1,T_LKSDB-1
BOALF,2026-09-27,29,29,2026-09-27T13:20:00Z,2026-09-27T13:21:00Z,-1,-39,57806,2026-09-27T12:49:00Z,False,False,ORI,False,False,LKSDB-1,T_LKSDB-1
BOALF,2026-09-27,29,29,2026-09-27T13:07:00Z,2026-09-27T13:20:00Z,-1,-1,57806,2026-09-27T12:49:00Z,False,False,ORI,False,False,LKSDB-1,T_LKSDB-1
BOALF,2026-09-27,29,29,2026-09-27T13:07:00Z,2026-09-27T13:08:00Z,-1,-39,57805,2026-09-27T12:32:00Z,False,False,ORI,False,False,LKSDB-1,T_LKSDB-1
BOALF,2026-09-27,29,29,2026-09-27T13:01:00Z,2026-09-27T13:07:00Z,-1,-1,57805,2026-09-27T12:32:00Z,False,False,ORI,False,False,LKSDB-1,T_LKSDB-1
BOALF,2026-09-27,29,29,2026-09-27T13:00:00Z,2026-09-27T13:01:00Z,-39,-1,57805,2026-09-27T12:32:00Z,False,False,ORI,False,False,LKSDB-1,T_LKSDB-1
BOALF,2026-09-27,28,28,2026-09-27T12:51:00Z,2026-09-27T12:52:00Z,-37,-39,57804,2026-09-27T12:25:00Z,False,False,ORI,False,False,LKSDB-1,T_LKSDB-1
BOALF,2026-09-27,28,28,2026-09-27T12:39:00Z,2026-09-27T12:51:00Z,-37,-37,57804,2026-09-27T12:25:00Z,False,False,ORI,False,False,LKSDB-1,T_LKSDB-1
BOALF,2026-09-27,28,28,2026-09-27T12:38:00Z,2026-09-27T12:39:00Z,-34,-39,57803,2026-09-27T12:24:00Z,False,False,ORI,False,False,LKSDB-1,T_LKSDB-1
BOALF,2026-09-27,28,28,2026-09-27T12:38:00Z,2026-09-27T12:39:00Z,-34,-37,57804,2026-09-27T12:25:00Z,False,False,ORI,False,False,LKSDB-1,T_LKSDB-1
BOALF,2026-09-27,28,28,2026-09-27T12:31:00Z,2026-09-27T12:38:00Z,-34,-34,57803,2026-09-27T12:24:00Z,False,False,ORI,False,False,LKSDB-1,T_LKSDB-1
BOALF,2026-09-27,28,28,2026-09-27T12:30:00Z,2026-09-27T12:31:00Z,-23,-39,57802,2026-09-27T12:23:00Z,False,False,ORI,False,False,LKSDB-1,T_LKSDB-1
BOALF,2026-09-27,28,28,2026-09-27T12:30:00Z,2026-09-27T12:31:00Z,-23,-34,57803,2026-09-27T12:24:00Z,False,False,ORI,False,False,LKSDB-1,T_LKSDB-1
BOALF,2026-09-27,27,28,2026-09-27T12:28:00Z,2026-09-27T12:30:00Z,-23,-23,57802,2026-09-27T12:23:00Z,False,False,ORI,False,False,LKSDB-1,T_LKSDB-1
BOALF,2026-09-27,27,27,2026-09-27T12:28:00Z,2026-09-27T12:29:00Z,-23,-39,57800,2026-09-27T12:17:00Z,False,False,ORI,False,False,LKSDB-1,T_LKSDB-1
BOALF,2026-09-27,27,27,2026-09-27T12:26:00Z,2026-09-27T12:28:00Z,-23,-23,57800,2026-09-27T12:17:00Z,False,False,ORI,False,False,LKSDB-1,T_LKSDB-1
BOALF,2026-09-27,27,27,2026-09-27T12:25:00Z,2026-09-27T12:26:00Z,-26,-39,57799,2026-09-27T12:16:00Z,False,False,ORI,False,False,LKSDB-1,T_LKSDB-1
BOALF,2026-09-27,27,27,2026-09-27T12:25:00Z,2026-09-27T12:26:00Z,-26,-23,57800,2026-09-27T12:17:00Z,False,False,ORI,False,False,LKSDB-1,T_LKSDB-1
BOALF,2026-09-27,27,27,2026-09-27T12:23:00Z,2026-09-27T12:25:00Z,-26,-26,57799,2026-09-27T12:16:00Z,False,False,ORI,False,False,LKSDB-1,T_LKSDB-1
BOALF,2026-09-27,27,27,2026-09-27T12:22:00Z,2026-09-27T12:26:00Z,-23,-23,57801,2026-09-27T12:21:00Z,False,False,ORI,False,False,LKSDB-1,T_LKSDB-1
BOALF,2026-09-27,27,27,2026-09-27T12:22:00Z,2026-09-27T12:23:00Z,-23,-39,57798,2026-09-27T12:15:00Z,False,False,ORI,False,False,LKSDB-1,T_LKSDB-1
BOALF,2026-09-27,27,27,2026-09-27T12:22:00Z,2026-09-27T12:23:00Z,-23,-26,57799,2026-09-27T12:16:00Z,False,False,ORI,False,False,LKSDB-1,T_LKSDB-1
BOALF,2026-09-27,27,27,2026-09-27T12:20:00Z,2026-09-27T12:22:00Z,-23,-23,57798,2026-09-27T12:15:00Z,False,False,ORI,False,False,LKSDB-1,T_LKSDB-1
BOALF,2026-09-27,27,27,2026-09-27T12:19:00Z,2026-09-27T12:20:00Z,-39,-23,57798,2026-09-27T12:15:00Z,False,False,ORI,False,False,LKSDB-1,T_LKSDB-1
BOALF,2026-09-27,27,27,2026-09-27T12:03:00Z,2026-09-27T12:04:00Z,-28,-39,57797,2026-09-27T11:55:00Z,False,False,ORI,False,False,LKSDB-1,T_LKSDB-1
BOALF,2026-09-27,27,27,2026-09-27T12:01:00Z,2026-09-27T12:03:00Z,-28,-28,57797,2026-09-27T11:55:00Z,False,False,ORI,False,False,LKSDB-1,T_LKSDB-1
BOALF,2026-09-27,27,27,2026-09-27T12:00:00Z,2026-09-27T12:01:00Z,-6,-28,57797,2026-09-27T11:55:00Z,False,False,ORI,False,False,LKSDB-1,T_LKSDB-1
BOALF,2026-09-27,26,26,2026-09-27T11:56:00Z,2026-09-27T11:57:00Z,0,-39,57796,2026-09-27T11:47:00Z,False,False,ORI,False,False,LKSDB-1,T_LKSDB-1
BOALF,2026-09-27,26,26,2026-09-27T11:51:00Z,2026-09-27T11:56:00Z,0,0,57796,2026-09-27T11:47:00Z,False,False,ORI,False,False,LKSDB-1,T_LKSDB-1
BOALF,2026-09-27,26,26,2026-09-27T11:50:00Z,2026-09-27T11:51:00Z,-39,0,57796,2026-09-27T11:47:00Z,False,False,ORI,False,False,LKSDB-1,T_LKSDB-1
BOALF,2026-09-27,25,26,2026-09-27T11:29:00Z,2026-09-27T11:30:00Z,0,-39,57795,2026-09-27T10:58:00Z,False,False,ORI,False,False,LKSDB-1,T_LKSDB-1
BOALF,2026-09-27,25,25,2026-09-27T11:13:00Z,2026-09-27T11:29:00Z,0,0,57795,2026-09-27T10:58:00Z,False,False,ORI,False,False,LKSDB-1,T_LKSDB-1
BOALF,2026-09-27,25,25,2026-09-27T11:13:00Z,2026-09-27T11:14:00Z,0,-39,57794,2026-09-27T10:37:00Z,False,False,ORI,False,False,LKSDB-1,T_LKSDB-1
BOALF,2026-09-27,24,25,2026-09-27T10:57:00Z,2026-09-27T11:13:00Z,0,0,57794,2026-09-27T10:37:00Z,False,False,ORI,False,False,LKSDB-1,T_LKSDB-1
BOALF,2026-09-27,24,24,2026-09-27T10:57:00Z,2026-09-27T10:58:00Z,0,-39,57793,2026-09-27T10:31:00Z,False,False,ORI,False,False,LKSDB-1,T_LKSDB-1
BOALF,2026-09-27,24,24,2026-09-27T10:53:00Z,2026-09-27T10:57:00Z,0,0,57793,2026-09-27T10:31:00Z,False,False,ORI,False,False,LKSDB-1,T_LKSDB-1
BOALF,2026-09-27,24,24,2026-09-27T10:53:00Z,2026-09-27T10:54:00Z,0,-39,57792,2026-09-27T10:27:00Z,False,False,ORI,False,False,LKSDB-1,T_LKSDB-1
BOALF,2026-09-27,24,24,2026-09-27T10:47:00Z,2026-09-27T10:53:00Z,0,0,57792,2026-09-27T10:27:00Z,False,False,ORI,False,False,LKSDB-1,T_LKSDB-1
BOALF,2026-09-27,24,24,2026-09-27T10:47:00Z,2026-09-27T10:48:00Z,0,-39,57791,2026-09-27T10:21:00Z,False,False,ORI,False,False,LKSDB-1,T_LKSDB-1
BOALF,2026-09-27,24,24,2026-09-27T10:43:00Z,2026-09-27T10:47:00Z,0,0,57791,2026-09-27T10:21:00Z,False,False,ORI,False,False,LKSDB-1,T_LKSDB-1
BOALF,2026-09-27,24,24,2026-09-27T10:43:00Z,2026-09-27T10:44:00Z,0,-39,57790,2026-09-27T10:16:00Z,False,False,ORI,False,False,LKSDB-1,T_LKSDB-1
BOALF,2026-09-27,24,24,2026-09-27T10:38:00Z,2026-09-27T10:43:00Z,0,0,57790,2026-09-27T10:16:00Z,False,False,ORI,False,False,LKSDB-1,T_LKSDB-1
BOALF,2026-09-27,24,24,2026-09-27T10:38:00Z,2026-09-27T10:39:00Z,0,-39,57789,2026-09-27T10:11:00Z,False,False,ORI,False,False,LKSDB-1,T_LKSDB-1
BOALF,2026-09-27,24,24,2026-09-27T10:34:00Z,2026-09-27T10:38:00Z,0,0,57789,2026-09-27T10:11:00Z,False,False,ORI,False,False,LKSDB-1,T_LKSDB-1
BOALF,2026-09-27,24,24,2026-09-27T10:34:00Z,2026-09-27T10:35:00Z,0,-39,57788,2026-09-27T10:03:00Z,False,False,ORI,False,False,LKSDB-1,T_LKSDB-1
BOALF,2026-09-27,23,24,2026-09-27T10:18:00Z,2026-09-27T10:34:00Z,0,0,57788,2026-09-27T10:03:00Z,False,False,ORI,False,False,LKSDB-1,T_LKSDB-1
BOALF,2026-09-27,23,23,2026-09-27T10:18:00Z,2026-09-27T10:19:00Z,0,-39,57787,2026-09-27T09:52:00Z,False,False,ORI,False,False,LKSDB-1,T_LKSDB-1
BOALF,2026-09-27,23,23,2026-09-27T10:13:00Z,2026-09-27T10:14:00Z,0,-39,57786,2026-09-27T09:51:00Z,False,False,ORI,False,False,LKSDB-1,T_LKSDB-1
BOALF,2026-09-27,23,23,2026-09-27T10:10:00Z,2026-09-27T10:11:00Z,-19,-39,57784,2026-09-27T09:46:00Z,False,False,ORI,False,False,LKSDB-1,T_LKSDB-1
BOALF,2026-09-27,23,23,2026-09-27T10:07:00Z,2026-09-27T10:18:00Z,0,0,57787,2026-09-27T09:52:00Z,False,False,ORI,False,False,LKSDB-1,T_LKSDB-1
BOALF,2026-09-27,23,23,2026-09-27T10:07:00Z,2026-09-27T10:13:00Z,0,0,57786,2026-09-27T09:51:00Z,False,False,ORI,False,False,LKSDB-1,T_LKSDB-1
BOALF,2026-09-27,23,23,2026-09-27T10:07:00Z,2026-09-27T10:08:00Z,0,-19,57785,2026-09-27T09:49:00Z,False,False,ORI,False,False,LKSDB-1,T_LKSDB-1
BOALF,2026-09-27,23,23,2026-09-27T10:05:00Z,2026-09-27T10:10:00Z,-19,-19,57784,2026-09-27T09:46:00Z,False,False,ORI,False,False,LKSDB-1,T_LKSDB-1
BOALF,2026-09-27,23,23,2026-09-27T10:04:00Z,2026-09-27T10:05:00Z,-39,-19,57784,2026-09-27T09:46:00Z,False,False,ORI,False,False,LKSDB-1,T_LKSDB-1
BOALF,2026-09-27,23,23,2026-09-27T10:00:00Z,2026-09-27T10:07:00Z,0,0,57785,2026-09-27T09:49:00Z,False,False,ORI,False,False,LKSDB-1,T_LKSDB-1
BOALF,2026-09-27,23,23,2026-09-27T10:00:00Z,2026-09-27T10:01:00Z,0,-39,57783,2026-09-27T09:39:00Z,False,False,ORI,False,False,LKSDB-1,T_LKSDB-1
BOALF,2026-09-27,22,23,2026-09-27T09:57:00Z,2026-09-27T10:00:00Z,0,0,57783,2026-09-27T09:39:00Z,False,False,ORI,False,False,LKSDB-1,T_LKSDB-1
BOALF,2026-09-27,22,22,2026-09-27T09:57:00Z,2026-09-27T09:58:00Z,0,-5,57782,2026-09-27T09:36:00Z,False,False,ORI,False,False,LKSDB-1,T_LKSDB-1
BOALF,2026-09-27,22,22,2026-09-27T09:52:00Z,2026-09-27T09:57:00Z,0,0,57782,2026-09-27T09:36:00Z,False,False,ORI,False,False,LKSDB-1,T_LKSDB-1
BOALF,2026-09-27,22,22,2026-09-27T09:52:00Z,2026-09-27T09:53:00Z,0,-5,57781,2026-09-27T09:17:00Z,False,False,ORI,False,False,LKSDB-1,T_LKSDB-1
BOALF,2026-09-27,22,22,2026-09-27T09:43:00Z,2026-09-27T09:52:00Z,0,0,57781,2026-09-27T09:17:00Z,False,False,ORI,False,False,LKSDB-1,T_LKSDB-1
BOALF,2026-09-27,22,22,2026-09-27T09:43:00Z,2026-09-27T09:44:00Z,0,-5,57780,2026-09-27T09:07:00Z,False,False,ORI,False,False,LKSDB-1,T_LKSDB-1
BOALF,2026-09-27,21,22,2026-09-27T09:26:00Z,2026-09-27T09:43:00Z,0,0,57780,2026-09-27T09:07:00Z,False,False,ORI,False,False,LKSDB-1,T_LKSDB-1
BOALF,2026-09-27,21,21,2026-09-27T09:26:00Z,2026-09-27T09:27:00Z,0,-5,57779,2026-09-27T09:03:00Z,False,False,ORI,False,False,LKSDB-1,T_LKSDB-1
BOALF,2026-09-27,21,21,2026-09-27T09:24:00Z,2026-09-27T09:26:00Z,0,0,57779,2026-09-27T09:03:00Z,False,False,ORI,False,False,LKSDB-1,T_LKSDB-1
BOALF,2026-09-27,21,21,2026-09-27T09:24:00Z,2026-09-27T09:25:00Z,0,-5,57778,2026-09-27T09:01:00Z,False,False,ORI,False,False,LKSDB-1,T_LKSDB-1
BOALF,2026-09-27,21,21,2026-09-27T09:21:00Z,2026-09-27T09:24:00Z,0,0,57778,2026-09-27T09:01:00Z,False,False,ORI,False,False,LKSDB-1,T_LKSDB-1
BOALF,2026-09-27,21,21,2026-09-27T09:21:00Z,2026-09-27T09:22:00Z,0,-5,57777,2026-09-27T08:57:00Z,False,False,ORI,False,False,LKSDB-1,T_LKSDB-1
BOALF,2026-09-27,21,21,2026-09-27T09:18:00Z,2026-09-27T09:21:00Z,0,0,57777,2026-09-27T08:57:00Z,False,False,ORI,False,False,LKSDB-1,T_LKSDB-1
BOALF,2026-09-27,21,21,2026-09-27T09:18:00Z,2026-09-27T09:19:00Z,0,-5,57776,2026-09-27T08:52:00Z,False,False,ORI,False,False,LKSDB-1,T_LKSDB-1
BOALF,2026-09-27,21,21,2026-09-27T09:00:00Z,2026-09-27T09:18:00Z,0,0,57776,2026-09-27T08:52:00Z,False,False,ORI,False,False,LKSDB-1,T_LKSDB-1
BOALF,2026-09-27,15,15,2026-09-27T06:17:00Z,2026-09-27T06:18:00Z,18,0,57775,2026-09-27T06:11:00Z,False,False,ORI,False,False,LKSDB-1,T_LKSDB-1
BOALF,2026-09-27,15,15,2026-09-27T06:13:00Z,2026-09-27T06:17:00Z,18,18,57775,2026-09-27T06:11:00Z,False,False,ORI,False,False,LKSDB-1,T_LKSDB-1
BOALF,2026-09-27,15,15,2026-09-27T06:13:00Z,2026-09-27T06:14:00Z,18,0,57774,2026-09-27T05:42:00Z,False,False,ORI,False,False,LKSDB-1,T_LKSDB-1
BOALF,2026-09-27,14,15,2026-09-27T05:43:00Z,2026-09-27T06:13:00Z,18,18,57774,2026-09-27T05:42:00Z,False,False,ORI,False,False,LKSDB-1,T_LKSDB-1
BOALF,2026-09-27,14,14,2026-09-27T05:42:00Z,2026-09-27T05:43:00Z,0,18,57774,2026-09-27T05:42:00Z,False,False,ORI,False,False,LKSDB-1,T_LKSDB-1
BOALF,2026-09-27,7,7,2026-09-27T02:11:00Z,2026-09-27T02:12:00Z,38,0,57773,2026-09-27T02:04:00Z,False,False,ORI,False,False,LKSDB-1,T_LKSDB-1
BOALF,2026-09-27,7,7,2026-09-27T02:06:00Z,2026-09-27T02:11:00Z,38,38,57773,2026-09-27T02:04:00Z,False,False,ORI,False,False,LKSDB-1,T_LKSDB-1
BOALF,2026-09-27,7,7,2026-09-27T02:05:00Z,2026-09-27T02:06:00Z,0,38,57773,2026-09-27T02:04:00Z,False,False,ORI,False,False,LKSDB-1,T_LKSDB-1
BOALF,2026-09-26,35,35,2026-09-26T16:19:00Z,2026-09-26T16:20:00Z,0,5,57772,2026-09-26T16:03:00Z,False,False,ORI,False,False,LKSDB-1,T_LKSDB-1
BOALF,2026-09-26,35,35,2026-09-26T16:08:00Z,2026-09-26T16:19:00Z,0,0,57772,2026-09-26T16:03:00Z,False,False,ORI,False,False,LKSDB-1,T_LKSDB-1
BOALF,2026-09-26,35,35,2026-09-26T16:07:00Z,2026-09-26T16:08:00Z,5,0,57772,2026-09-26T16:03:00Z,False,False,ORI,False,False,LKSDB-1,T_LKSDB-1
BOALF,2026-09-26,32,32,2026-09-26T14:49:00Z,2026-09-26T14:50:00Z,-62,0,57771,2026-09-26T14:43:00Z,False,False,ORI,False,False,LKSDB-1,T_LKSDB-1
BOALF,2026-09-26,32,32,2026-09-26T14:48:00Z,2026-09-26T14:49:00Z,-62,0,57770,2026-09-26T14:29:00Z,False,False,ORI,False,False,LKSDB-1,T_LKSDB-1
BOALF,2026-09-26,32,32,2026-09-26T14:48:00Z,2026-09-26T14:49:00Z,-62,-62,57771,2026-09-26T14:43:00Z,False,False,ORI,False,False,LKSDB-1,T_LKSDB-1
BOALF,2026-09-26,32,32,2026-09-26T14:41:00Z,2026-09-26T14:48:00Z,-62,-62,57770,2026-09-26T14:29:00Z,False,False,ORI,False,False,LKSDB-1,T_LKSDB-1
BOALF,2026-09-26,32,32,2026-09-26T14:41:00Z,2026-09-26T14:42:00Z,-62,0,57768,2026-09-26T14:22:00Z,False,False,ORI,False,False,LKSDB-1,T_LKSDB-1
BOALF,2026-09-26,32,32,2026-09-26T14:34:00Z,2026-09-26T14:41:00Z,-62,-62,57768,2026-09-26T14:22:00Z,False,False,ORI,False,False,LKSDB-1,T_LKSDB-1
BOALF,2026-09-26,32,32,2026-09-26T14:33:00Z,2026-09-26T14:34:00Z,-38,0,57767,2026-09-26T14:21:00Z,False,False,ORI,False,False,LKSDB-1,T_LKSDB-1
BOALF,2026-09-26,32,32,2026-09-26T14:33:00Z,2026-09-26T14:34:00Z,-38,-62,57768,2026-09-26T14:22:00Z,False,False,ORI,False,False,LKSDB-1,T_LKSDB-1
BOALF,2026-09-26,32,32,2026-09-26T14:33:00Z,2026-09-26T14:34:00Z,-62,-62,57769,2026-09-26T14:23:00Z,False,False,ORI,False,False,LKSDB-1,T_LKSDB-1
BOALF,2026-09-26,32,32,2026-09-26T14:32:00Z,2026-09-26T14:33:00Z,-38,-62,57769,2026-09-26T14:23:00Z,False,False,ORI,False,False,LKSDB-1,T_LKSDB-1
BOALF,2026-09-26,32,32,2026-09-26T14:30:00Z,2026-09-26T14:33:00Z,-38,-38,57767,2026-09-26T14:21:00Z,False,False,ORI,False,False,LKSDB-1,T_LKSDB-1
BOALF,2026-09-26,31,32,2026-09-26T14:29:00Z,2026-09-26T14:30:00Z,-62,-38,57767,2026-09-26T14:21:00Z,False,False,ORI,False,False,LKSDB-1,T_LKSDB-1
BOALF,2026-09-26,31,31,2026-09-26T14:25:00Z,2026-09-26T14:26:00Z,-78,-62,57766,2026-09-26T14:20:00Z,False,False,ORI,False,False,LKSDB-1,T_LKSDB-1
BOALF,2026-09-26,31,31,2026-09-26T14:23:00Z,2026-09-26T14:25:00Z,-78,-78,57766,2026-09-26T14:20:00Z,False,False,ORI,False,False,LKSDB-1,T_LKSDB-1
BOALF,2026-09-26,31,31,2026-09-26T14:22:00Z,2026-09-26T14:23:00Z,-80,-62,57765,2026-09-26T14:19:00Z,False,False,ORI,False,False,LKSDB-1,T_LKSDB-1
BOALF,2026-09-26,31,31,2026-09-26T14:22:00Z,2026-09-26T14:23:00Z,-80,-78,57766,2026-09-26T14:20:00Z,False,False,ORI,False,False,LKSDB-1,T_LKSDB-1
BOALF,2026-09-26,31,31,2026-09-26T14:21:00Z,2026-09-26T14:22:00Z,-80,-62,57764,2026-09-26T14:13:00Z,False,False,ORI,False,False,LKSDB-1,T_LKSDB-1
BOALF,2026-09-26,31,31,2026-09-26T14:21:00Z,2026-09-26T14:22:00Z,-80,-80,57765,2026-09-26T14:19:00Z,False,False,ORI,False,False,LKSDB-1,T_LKSDB-1
BOALF,2026-09-26,31,31,2026-09-26T14:16:00Z,2026-09-26T14:21:00Z,-80,-80,57764,2026-09-26T14:13:00Z,False,False,ORI,False,False,LKSDB-1,T_LKSDB-1
BOALF,2026-09-26,31,31,2026-09-26T14:15:00Z,2026-09-26T14:16:00Z,-62,-80,57764,2026-09-26T14:13:00Z,False,False,ORI,False,False,LKSDB-1,T_LKSDB-1
BOALF,2026-09-26,30,30,2026-09-26T13:56:00Z,2026-09-26T13:57:00Z,-28,-2,57763,2026-09-26T13:44:00Z,False,False,ORI,False,False,LKSDB-1,T_LKSDB-1
BOALF,2026-09-26,30,30,2026-09-26T13:54:00Z,2026-09-26T13:56:00Z,-28,-28,57763,2026-09-26T13:44:00Z,False,False,ORI,False,False,LKSDB-1,T_LKSDB-1
BOALF,2026-09-26,30,30,2026-09-26T13:53:00Z,2026-09-26T13:54:00Z,-34,-2,57762,2026-09-26T13:43:00Z,False,False,ORI,False,False,LKSDB-1,T_LKSDB-1
BOALF,2026-09-26,30,30,2026-09-26T13:53:00Z,2026-09-26T13:54:00Z,-34,-28,57763,2026-09-26T13:44:00Z,False,False,ORI,False,False,LKSDB-1,T_LKSDB-1
BOALF,2026-09-26,30,30,2026-09-26T13:48:00Z,2026-09-26T13:53:00Z,-34,-34,57762,2026-09-26T13:43:00Z,False,False,ORI,False,False,LKSDB-1,T_LKSDB-1
BOALF,2026-09-26,30,30,2026-09-26T13:47:00Z,2026-09-26T13:48:00Z,-41,-2,57761,2026-09-26T13:42:00Z,False,False,ORI,False,False,LKSDB-1,T_LKSDB-1
BOALF,2026-09-26,30,30,2026-09-26T13:47:00Z,2026-09-26T13:48:00Z,-41,-34,57762,2026-09-26T13:43:00Z,False,False,ORI,False,False,LKSDB-1,T_LKSDB-1
BOALF,2026-09-26,30,30,2026-09-26T13:45:00Z,2026-09-26T13:47:00Z,-41,-41,57761,2026-09-26T13:42:00Z,False,False,ORI,False,False,LKSDB-1,T_LKSDB-1
BOALF,2026-09-26,30,30,2026-09-26T13:44:00Z,2026-09-26T13:45:00Z,-5,-2,57760,2026-09-26T13:30:00Z,False,False,ORI,False,False,LKSDB-1,T_LKSDB-1
BOALF,2026-09-26,30,30,2026-09-26T13:44:00Z,2026-09-26T13:45:00Z,-5,-41,57761,2026-09-26T13:42:00Z,False,False,ORI,False,False,LKSDB-1,T_LKSDB-1
BOALF,2026-09-26,30,30,2026-09-26T13:38:00Z,2026-09-26T13:44:00Z,-5,-5,57760,2026-09-26T13:30:00Z,False,False,ORI,False,False,LKSDB-1,T_LKSDB-1
BOALF,2026-09-26,30,30,2026-09-26T13:37:00Z,2026-09-26T13:38:00Z,-7,-2,57759,2026-09-26T13:29:00Z,False,False,ORI,False,False,LKSDB-1,T_LKSDB-1
BOALF,2026-09-26,30,30,2026-09-26T13:37:00Z,2026-09-26T13:38:00Z,-7,-5,57760,2026-09-26T13:30:00Z,False,False,ORI,False,False,LKSDB-1,T_LKSDB-1
BOALF,2026-09-26,30,30,2026-09-26T13:35:00Z,2026-09-26T13:37:00Z,-7,-7,57759,2026-09-26T13:29:00Z,False,False,ORI,False,False,LKSDB-1,T_LKSDB-1
BOALF,2026-09-26,30,30,2026-09-26T13:34:00Z,2026-09-26T13:35:00Z,-43,-2,57758,2026-09-26T13:24:00Z,False,False,ORI,False,False,LKSDB-1,T_LKSDB-1
BOALF,2026-09-26,30,30,2026-09-26T13:34:00Z,2026-09-26T13:35:00Z,-43,-7,57759,2026-09-26T13:29:00Z,False,False,ORI,False,False,LKSDB-1,T_LKSDB-1
BOALF,2026-09-26,30,30,2026-09-26T13:32:00Z,2026-09-26T13:34:00Z,-43,-43,57758,2026-09-26T13:24:00Z,False,False,ORI,False,False,LKSDB-1,T_LKSDB-1
BOALF,2026-09-26,30,30,2026-09-26T13:31:00Z,2026-09-26T13:32:00Z,-62,-2,57757,2026-09-26T13:23:00Z,False,False,ORI,False,False,LKSDB-1,T_LKSDB-1
BOALF,2026-09-26,30,30,2026-09-26T13:31:00Z,2026-09-26T13:32:00Z,-62,-43,57758,2026-09-26T13:24:00Z,False,False,ORI,False,False,LKSDB-1,T_LKSDB-1
BOALF,2026-09-26,29,30,2026-09-26T13:29:00Z,2026-09-26T13:31:00Z,-62,-62,57757,2026-09-26T13:23:00Z,False,False,ORI,False,False,LKSDB-1,T_LKSDB-1
BOALF,2026-09-26,29,29,2026-09-26T13:28:00Z,2026-09-26T13:29:00Z,-71,-13,57756,2026-09-26T13:22:00Z,False,False,ORI,False,False,LKSDB-1,T_LKSDB-1
BOALF,2026-09-26,29,29,2026-09-26T13:28:00Z,2026-09-26T13:29:00Z,-71,-62,57757,2026-09-26T13:23:00Z,False,False,ORI,False,False,LKSDB-1,T_LKSDB-1
BOALF,2026-09-26,29,29,2026-09-26T13:26:00Z,2026-09-26T13:28:00Z,-71,-71,57756,2026-09-26T13:22:00Z,False,False,ORI,False,False,LKSDB-1,T_LKSDB-1
BOALF,2026-09-26,29,29,2026-09-26T13:25:00Z,2026-09-26T13:26:00Z,-23,-13,57755,2026-09-26T13:21:00Z,False,False,ORI,False,False,LKSDB-1,T_LKSDB-1
BOALF,2026-09-26,29,29,2026-09-26T13:25:00Z,2026-09-26T13:26:00Z,-23,-71,57756,2026-09-26T13:22:00Z,False,False,ORI,False,False,LKSDB-1,T_LKSDB-1
BOALF,2026-09-26,29,29,2026-09-26T13:23:00Z,2026-09-26T13:25:00Z,-23,-23,57755,2026-09-26T13:21:00Z,False,False,ORI,False,False,LKSDB-1,T_LKSDB-1
BOALF,2026-09-26,29,29,2026-09-26T13:22:00Z,2026-09-26T13:23:00Z,-13,-23,57755,2026-09-26T13:21:00Z,False,False,ORI,False,False,LKSDB-1,T_LKSDB-1
BOALF,2026-09-26,27,27,2026-09-26T12:00:00Z,2026-09-26T12:01:00Z,-41,-74,57752,2026-09-26T11:46:00Z,False,False,ORI,False,False,LKSDB-1,T_LKSDB-1
BOALF,2026-09-26,26,27,2026-09-26T11:59:00Z,2026-09-26T12:00:00Z,-41,-41,57752,2026-09-26T11:46:00Z,False,False,ORI,False,False,LKSDB-1,T_LKSDB-1
BOALF,2026-09-26,26,26,2026-09-26T11:57:00Z,2026-09-26T11:58:00Z,-62,-41,57753,2026-09-26T11:50:00Z,False,False,ORI,False,False,LKSDB-1,T_LKSDB-1
BOALF,2026-09-26,26,26,2026-09-26T11:57:00Z,2026-09-26T11:58:00Z,-74,-41,57754,2026-09-26T11:51:00Z,False,False,ORI,False,False,LKSDB-1,T_LKSDB-1
BOALF,2026-09-26,26,26,2026-09-26T11:53:00Z,2026-09-26T11:57:00Z,-62,-62,57753,2026-09-26T11:50:00Z,False,False,ORI,False,False,LKSDB-1,T_LKSDB-1
BOALF,2026-09-26,26,26,2026-09-26T11:53:00Z,2026-09-26T11:57:00Z,-74,-74,57754,2026-09-26T11:51:00Z,False,False,ORI,False,False,LKSDB-1,T_LKSDB-1
BOALF,2026-09-26,26,26,2026-09-26T11:52:00Z,2026-09-26T11:53:00Z,-41,-62,57753,2026-09-26T11:50:00Z,False,False,ORI,False,False,LKSDB-1,T_LKSDB-1
BOALF,2026-09-26,26,26,2026-09-26T11:52:00Z,2026-09-26T11:53:00Z,-41,-74,57754,2026-09-26T11:51:00Z,False,False,ORI,False,False,LKSDB-1,T_LKSDB-1
BOALF,2026-09-26,26,26,2026-09-26T11:35:00Z,2026-09-26T11:36:00Z,-43,-41,57751,2026-09-26T11:33:00Z,False,False,ORI,False,False,LKSDB-1,T_LKSDB-1
BOALF,2026-09-26,26,26,2026-09-26T11:34:00Z,2026-09-26T11:35:00Z,-43,-41,57750,2026-09-26T11:26:00Z,False,False,ORI,False,False,LKSDB-1,T_LKSDB-1
BOALF,2026-09-26,26,26,2026-09-26T11:34:00Z,2026-09-26T11:35:00Z,-43,-43,57751,2026-09-26T11:33:00Z,False,False,ORI,False,False,LKSDB-1,T_LKSDB-1
BOALF,2026-09-26,26,26,2026-09-26T11:30:00Z,2026-09-26T11:34:00Z,-43,-43,57750,2026-09-26T11:26:00Z,False,False,ORI,False,False,LKSDB-1,T_LKSDB-1
BOALF,2026-09-26,26,26,2026-09-26T11:30:00Z,2026-09-26T11:31:00Z,-41,-41,57749,2026-09-26T11:12:00Z,False,False,ORI,False,False,LKSDB-1,T_LKSDB-1
BOALF,2026-09-26,25,26,2026-09-26T11:29:00Z,2026-09-26T11:30:00Z,-9,-41,57749,2026-09-26T11:12:00Z,False,False,ORI,False,False,LKSDB-1,T_LKSDB-1
BOALF,2026-09-26,25,26,2026-09-26T11:29:00Z,2026-09-26T11:30:00Z,-9,-43,57750,2026-09-26T11:26:00Z,False,False,ORI,False,False,LKSDB-1,T_LKSDB-1
BOALF,2026-09-26,15,16,2026-09-26T06:29:00Z,2026-09-26T06:30:00Z,10,0,57748,2026-09-26T06:08:00Z,False,False,ORI,False,False,LKSDB-1,T_LKSDB-1
BOALF,2026-09-26,15,15,2026-09-26T06:23:00Z,2026-09-26T06:29:00Z,10,10,57748,2026-09-26T06:08:00Z,False,False,ORI,False,False,LKSDB-1,T_LKSDB-1
BOALF,2026-09-26,15,15,2026-09-26T06:23:00Z,2026-09-26T06:24:00Z,10,0,57747,2026-09-26T06:02:00Z,False,False,ORI,False,False,LKSDB-1,T_LKSDB-1
BOALF,2026-09-26,15,15,2026-09-26T06:15:00Z,2026-09-26T06:23:00Z,10,10,57747,2026-09-26T06:02:00Z,False,False,ORI,False,False,LKSDB-1,T_LKSDB-1
BOALF,2026-09-26,15,15,2026-09-26T06:15:00Z,2026-09-26T06:16:00Z,10,0,57746,2026-09-26T05:54:00Z,False,False,ORI,False,False,LKSDB-1,T_LKSDB-1
BOALF,2026-09-26,15,15,2026-09-26T06:08:00Z,2026-09-26T06:15:00Z,10,10,57746,2026-09-26T05:54:00Z,False,False,ORI,False,False,LKSDB-1,T_LKSDB-1
BOALF,2026-09-26,15,15,2026-09-26T06:08:00Z,2026-09-26T06:09:00Z,10,0,57745,2026-09-26T05:50:00Z,False,False,ORI,False,False,LKSDB-1,T_LKSDB-1
BOALF,2026-09-26,15,15,2026-09-26T06:00:00Z,2026-09-26T06:08:00Z,10,10,57745,2026-09-26T05:50:00Z,False,False,ORI,False,False,LKSDB-1,T_LKSDB-1
BOALF,2026-09-26,14,15,2026-09-26T05:59:00Z,2026-09-26T06:00:00Z,0,10,57745,2026-09-26T05:50:00Z,False,False,ORI,False,False,LKSDB-1,T_LKSDB-1
BOALF,2026-09-26,14,14,2026-09-26T05:42:00Z,2026-09-26T05:43:00Z,17,0,57744,2026-09-26T05:25:00Z,False,False,ORI,False,False,LKSDB-1,T_LKSDB-1
BOALF,2026-09-26,14,14,2026-09-26T05:36:00Z,2026-09-26T05:42:00Z,17,17,57744,2026-09-26T05:25:00Z,False,False,ORI,False,False,LKSDB-1,T_LKSDB-1
BOALF,2026-09-26,14,14,2026-09-26T05:36:00Z,2026-09-26T05:37:00Z,17,0,57743,2026-09-26T05:23:00Z,False,False,ORI,False,False,LKSDB-1,T_LKSDB-1
BOALF,2026-09-26,14,14,2026-09-26T05:30:00Z,2026-09-26T05:36:00Z,17,17,57743,2026-09-26T05:23:00Z,False,False,ORI,False,False,LKSDB-1,T_LKSDB-1
BOALF,2026-09-26,13,14,2026-09-26T05:29:00Z,2026-09-26T05:30:00Z,0,17,57743,2026-09-26T05:23:00Z,False,False,ORI,False,False,LKSDB-1,T_LKSDB-1
BOALF,2026-09-26,7,7,2026-09-26T02:12:00Z,2026-09-26T02:13:00Z,37,0,57742,2026-09-26T02:05:00Z,False,False,ORI,False,False,LKSDB-1,T_LKSDB-1
BOALF,2026-09-26,7,7,2026-09-26T02:11:00Z,2026-09-26T02:12:00Z,24,0,57741,2026-09-26T02:04:00Z,False,False,ORI,False,False,LKSDB-1,T_LKSDB-1
BOALF,2026-09-26,7,7,2026-09-26T02:09:00Z,2026-09-26T02:12:00Z,37,37,57742,2026-09-26T02:05:00Z,False,False,ORI,False,False,LKSDB-1,T_LKSDB-1
BOALF,2026-09-26,7,7,2026-09-26T02:08:00Z,2026-09-26T02:09:00Z,24,37,57742,2026-09-26T02:05:00Z,False,False,ORI,False,False,LKSDB-1,T_LKSDB-1
BOALF,2026-09-26,7,7,2026-09-26T02:06:00Z,2026-09-26T02:11:00Z,24,24,57741,2026-09-26T02:04:00Z,False,False,ORI,False,False,LKSDB-1,T_LKSDB-1
BOALF,2026-09-26,7,7,2026-09-26T02:05:00Z,2026-09-26T02:06:00Z,0,24,57741,2026-09-26T02:04:00Z,False,False,ORI,False,False,LKSDB-1,T_LKSDB-1
BOALF,2026-09-25,47,48,2026-09-25T22:29:00Z,2026-09-25T22:30:00Z,1,0,57738,2026-09-25T22:09:00Z,False,False,ORI,False,False,LKSDB-1,T_LKSDB-1
BOALF,2026-09-25,47,47,2026-09-25T22:27:00Z,2026-09-25T22:29:00Z,1,1,57738,2026-09-25T22:09:00Z,False,False,ORI,False,False,LKSDB-1,T_LKSDB-1
BOALF,2026-09-25,47,47,2026-09-25T22:26:00Z,2026-09-25T22:27:00Z,0,1,57738,2026-09-25T22:09:00Z,False,False,ORI,False,False,LKSDB-1,T_LKSDB-1
BOALF,2026-09-25,47,47,2026-09-25T22:25:00Z,2026-09-25T22:27:00Z,1,1,57739,2026-09-25T22:13:00Z,False,False,ORI,False,False,LKSDB-1,T_LKSDB-1
BOALF,2026-09-25,47,47,2026-09-25T22:24:00Z,2026-09-25T22:25:00Z,0,1,57739,2026-09-25T22:13:00Z,False,False,ORI,False,False,LKSDB-1,T_LKSDB-1
BOALF,2026-09-25,47,47,2026-09-25T22:24:00Z,2026-09-25T22:25:00Z,1,1,57740,2026-09-25T22:16:00Z,False,False,ORI,False,False,LKSDB-1,T_LKSDB-1
BOALF,2026-09-25,47,47,2026-09-25T22:23:00Z,2026-09-25T22:24:00Z,0,1,57740,2026-09-25T22:16:00Z,False,False,ORI,False,False,LKSDB-1,T_LKSDB-1
BOALF,2026-09-25,43,43,2026-09-25T20:12:00Z,2026-09-25T20:13:00Z,85,0,57737,2026-09-25T20:02:00Z,False,False,ORI,False,False,LKSDB-1,T_LKSDB-1
BOALF,2026-09-25,43,43,2026-09-25T20:09:00Z,2026-09-25T20:12:00Z,85,85,57737,2026-09-25T20:02:00Z,False,False,ORI,False,False,LKSDB-1,T_LKSDB-1
BOALF,2026-09-25,43,43,2026-09-25T20:09:00Z,2026-09-25T20:10:00Z,5,0,57735,2026-09-25T19:58:00Z,False,False,ORI,False,False,LKSDB-1,T_LKSDB-1
BOALF,2026-09-25,43,43,2026-09-25T20:09:00Z,2026-09-25T20:10:00Z,85,0,57736,2026-09-25T20:00:00Z,False,False,ORI,False,False,LKSDB-1,T_LKSDB-1
BOALF,2026-09-25,43,43,2026-09-25T20:05:00Z,2026-09-25T20:09:00Z,5,5,57735,2026-09-25T19:58:00Z,False,False,ORI,False,False,LKSDB-1,T_LKSDB-1
BOALF,2026-09-25,43,43,2026-09-25T20:04:00Z,2026-09-25T20:09:00Z,85,85,57736,2026-09-25T20:00:00Z,False,False,ORI,False,False,LKSDB-1,T_LKSDB-1
BOALF,2026-09-25,43,43,2026-09-25T20:04:00Z,2026-09-25T20:05:00Z,85,0,57734,2026-09-25T19:57:00Z,False,False,ORI,False,False,LKSDB-1,T_LKSDB-1
BOALF,2026-09-25,43,43,2026-09-25T20:04:00Z,2026-09-25T20:05:00Z,85,5,57735,2026-09-25T19:58:00Z,False,False,ORI,False,False,LKSDB-1,T_LKSDB-1
BOALF,2026-09-25,43,43,2026-09-25T20:03:00Z,2026-09-25T20:04:00Z,85,0,57733,2026-09-25T19:46:00Z,False,False,ORI,False,False,LKSDB-1,T_LKSDB-1
BOALF,2026-09-25,43,43,2026-09-25T20:03:00Z,2026-09-25T20:04:00Z,85,85,57734,2026-09-25T19:57:00Z,False,False,ORI,False,False,LKSDB-1,T_LKSDB-1
BOALF,2026-09-25,43,43,2026-09-25T20:00:00Z,2026-09-25T20:03:00Z,85,85,57733,2026-09-25T19:46:00Z,False,False,ORI,False,False,LKSDB-1,T_LKSDB-1
BOALF,2026-09-25,42,43,2026-09-25T19:59:00Z,2026-09-25T20:00:00Z,0,85,57733,2026-09-25T19:46:00Z,False,False,ORI,False,False,LKSDB-1,T_LKSDB-1
BOALF,2026-09-25,42,42,2026-09-25T19:35:00Z,2026-09-25T19:36:00Z,5,0,57732,2026-09-25T19:27:00Z,False,False,ORI,False,False,LKSDB-1,T_LKSDB-1
BOALF,2026-09-25,42,42,2026-09-25T19:31:00Z,2026-09-25T19:35:00Z,5,5,57732,2026-09-25T19:27:00Z,False,False,ORI,False,False,LKSDB-1,T_LKSDB-1
BOALF,2026-09-25,42,42,2026-09-25T19:30:00Z,2026-09-25T19:31:00Z,0,5,57732,2026-09-25T19:27:00Z,False,False,ORI,False,False,LKSDB-1,T_LKSDB-1
BOALF,2026-09-25,41,41,2026-09-25T19:16:00Z,2026-09-25T19:17:00Z,35,0,57731,2026-09-25T19:09:00Z,False,False,ORI,False,False,LKSDB-1,T_LKSDB-1
BOALF,2026-09-25,41,41,2026-09-25T19:14:00Z,2026-09-25T19:16:00Z,35,35,57731,2026-09-25T19:09:00Z,False,False,ORI,False,False,LKSDB-1,T_LKSDB-1
BOALF,2026-09-25,41,41,2026-09-25T19:13:00Z,2026-09-25T19:14:00Z,0,35,57731,2026-09-25T19:09:00Z,False,False,ORI,False,False,LKSDB-1,T_LKSDB-1
BOALF,2026-09-25,39,39,2026-09-25T18:15:00Z,2026-09-25T18:16:00Z,64,97,57730,2026-09-25T17:55:00Z,False,False,ORI,False,False,LKSDB-1,T_LKSDB-1
BOALF,2026-09-25,39,39,2026-09-25T18:11:00Z,2026-09-25T18:15:00Z,64,64,57730,2026-09-25T17:55:00Z,False,False,ORI,False,False,LKSDB-1,T_LKSDB-1
BOALF,2026-09-25,39,39,2026-09-25T18:10:00Z,2026-09-25T18:11:00Z,0,97,57729,2026-09-25T17:54:00Z,False,False,ORI,False,False,LKSDB-1,T_LKSDB-1
BOALF,2026-09-25,39,39,2026-09-25T18:10:00Z,2026-09-25T18:11:00Z,0,64,57730,2026-09-25T17:55:00Z,False,False,ORI,False,False,LKSDB-1,T_LKSDB-1
BOALF,2026-09-25,39,39,2026-09-25T18:03:00Z,2026-09-25T18:04:00Z,91,97,57728,2026-09-25T17:52:00Z,False,False,ORI,False,False,LKSDB-1,T_LKSDB-1
BOALF,2026-09-25,39,39,2026-09-25T18:01:00Z,2026-09-25T18:10:00Z,0,0,57729,2026-09-25T17:54:00Z,False,False,ORI,False,False,LKSDB-1,T_LKSDB-1
BOALF,2026-09-25,39,39,2026-09-25T18:01:00Z,2026-09-25T18:03:00Z,91,91,57728,2026-09-25T17:52:00Z,False,False,ORI,False,False,LKSDB-1,T_LKSDB-1
BOALF,2026-09-25,39,39,2026-09-25T18:00:00Z,2026-09-25T18:01:00Z,1,91,57728,2026-09-25T17:52:00Z,False,False,ORI,False,False,LKSDB-1,T_LKSDB-1
BOALF,2026-09-25,39,39,2026-09-25T18:00:00Z,2026-09-25T18:01:00Z,1,0,57729,2026-09-25T17:54:00Z,False,False,ORI,False,False,LKSDB-1,T_LKSDB-1
BOALF,2026-09-25,38,38,2026-09-25T17:50:00Z,2026-09-25T17:51:00Z,0,1,57727,2026-09-25T17:43:00Z,False,False,ORI,False,False,LKSDB-1,T_LKSDB-1
BOALF,2026-09-25,38,38,2026-09-25T17:47:00Z,2026-09-25T17:50:00Z,0,0,57727,2026-09-25T17:43:00Z,False,False,ORI,False,False,LKSDB-1,T_LKSDB-1
BOALF,2026-09-25,38,38,2026-09-25T17:47:00Z,2026-09-25T17:48:00Z,0,1,57726,2026-09-25T17:41:00Z,False,False,ORI,False,False,LKSDB-1,T_LKSDB-1
BOALF,2026-09-25,38,38,2026-09-25T17:43:00Z,2026-09-25T17:47:00Z,0,0,57726,2026-09-25T17:41:00Z,False,False,ORI,False,False,LKSDB-1,T_LKSDB-1
BOALF,2026-09-25,38,38,2026-09-25T17:42:00Z,2026-09-25T17:43:00Z,1,0,57726,2026-09-25T17:41:00Z,False,False,ORI,False,False,LKSDB-1,T_LKSDB-1
BOALF,2026-09-25,38,38,2026-09-25T17:37:00Z,2026-09-25T17:38:00Z,70,1,57725,2026-09-25T17:19:00Z,False,False,ORI,False,False,LKSDB-1,T_LKSDB-1
BOALF,2026-09-25,38,38,2026-09-25T17:30:00Z,2026-09-25T17:37:00Z,70,70,57725,2026-09-25T17:19:00Z,False,False,ORI,False,False,LKSDB-1,T_LKSDB-1
BOALF,2026-09-25,37,37,2026-09-25T17:04:00Z,2026-09-25T17:05:00Z,0,70,57724,2026-09-25T16:57:00Z,False,False,ORI,False,False,LKSDB-1,T_LKSDB-1
BOALF,2026-09-25,37,37,2026-09-25T17:00:00Z,2026-09-25T17:04:00Z,0,0,57724,2026-09-25T16:57:00Z,False,False,ORI,False,False,LKSDB-1,T_LKSDB-1
BOALF,2026-09-25,36,37,2026-09-25T16:59:00Z,2026-09-25T17:00:00Z,70,0,57724,2026-09-25T16:57:00Z,False,False,ORI,False,False,LKSDB-1,T_LKSDB-1
BOALF,2026-09-25,36,36,2026-09-25T16:54:00Z,2026-09-25T16:55:00Z,11,70,57722,2026-09-25T16:38:00Z,False,False,ORI,False,False,LKSDB-1,T_LKSDB-1
BOALF,2026-09-25,36,36,2026-09-25T16:54:00Z,2026-09-25T16:55:00Z,0,70,57723,2026-09-25T16:41:00Z,False,False,ORI,False,False,LKSDB-1,T_LKSDB-1
BOALF,2026-09-25,36,36,2026-09-25T16:52:00Z,2026-09-25T16:54:00Z,11,11,57722,2026-09-25T16:38:00Z,False,False,ORI,False,False,LKSDB-1,T_LKSDB-1
BOALF,2026-09-25,36,36,2026-09-25T16:51:00Z,2026-09-25T16:54:00Z,0,0,57723,2026-09-25T16:41:00Z,False,False,ORI,False,False,LKSDB-1,T_LKSDB-1
BOALF,2026-09-25,36,36,2026-09-25T16:51:00Z,2026-09-25T16:52:00Z,0,70,57721,2026-09-25T16:37:00Z,False,False,ORI,False,False,LKSDB-1,T_LKSDB-1
BOALF,2026-09-25,36,36,2026-09-25T16:51:00Z,2026-09-25T16:52:00Z,0,11,57722,2026-09-25T16:38:00Z,False,False,ORI,False,False,LKSDB-1,T_LKSDB-1
BOALF,2026-09-25,36,36,2026-09-25T16:41:00Z,2026-09-25T16:51:00Z,0,0,57721,2026-09-25T16:37:00Z,False,False,ORI,False,False,LKSDB-1,T_LKSDB-1
BOALF,2026-09-25,36,36,2026-09-25T16:41:00Z,2026-09-25T16:42:00Z,0,70,57719,2026-09-25T16:20:00Z,False,False,ORI,False,False,LKSDB-1,T_LKSDB-1
BOALF,2026-09-25,36,36,2026-09-25T16:31:00Z,2026-09-25T16:41:00Z,0,0,57719,2026-09-25T16:20:00Z,False,False,ORI,False,False,LKSDB-1,T_LKSDB-1
BOALF,2026-09-25,36,36,2026-09-25T16:30:00Z,2026-09-25T16:31:00Z,70,0,57719,2026-09-25T16:20:00Z,False,False,ORI,False,False,LKSDB-1,T_LKSDB-1
BOALF,2026-09-25,36,36,2026-09-25T16:30:00Z,2026-09-25T16:31:00Z,0,0,57720,2026-09-25T16:28:00Z,False,False,ORI,False,False,LKSDB-1,T_LKSDB-1
BOALF,2026-09-25,35,36,2026-09-25T16:29:00Z,2026-09-25T16:30:00Z,70,0,57720,2026-09-25T16:28:00Z,False,False,ORI,False,False,LKSDB-1,T_LKSDB-1
BOALF,2026-09-25,30,30,2026-09-25T13:49:00Z,2026-09-25T13:50:00Z,-74,-70,57718,2026-09-25T13:42:00Z,False,False,ORI,False,False,LKSDB-1,T_LKSDB-1
BOALF,2026-09-25,30,30,2026-09-25T13:45:00Z,2026-09-25T13:49:00Z,-74,-74,57718,2026-09-25T13:42:00Z,False,False,ORI,False,False,LKSDB-1,T_LKSDB-1
BOALF,2026-09-25,30,30,2026-09-25T13:45:00Z,2026-09-25T13:46:00Z,-74,-70,57717,2026-09-25T13:38:00Z,False,False,ORI,False,False,LKSDB-1,T_LKSDB-1
BOALF,2026-09-25,30,30,2026-09-25T13:40:00Z,2026-09-25T13:45:00Z,-74,-74,57717,2026-09-25T13:38:00Z,False,False,ORI,False,False,LKSDB-1,T_LKSDB-1
BOALF,2026-09-25,30,30,2026-09-25T13:39:00Z,2026-09-25T13:40:00Z,-70,-74,57717,2026-09-25T13:38:00Z,False,False,ORI,False,False,LKSDB-1,T_LKSDB-1
BOALF,2026-09-25,29,29,2026-09-25T13:25:00Z,2026-09-25T13:26:00Z,-9,-74,57715,2026-09-25T13:16:00Z,False,False,ORI,False,False,LKSDB-1,T_LKSDB-1
BOALF,2026-09-25,29,29,2026-09-25T13:21:00Z,2026-09-25T13:22:00Z,0,-9,57716,2026-09-25T13:17:00Z,False,False,ORI,False,False,LKSDB-1,T_LKSDB-1
BOALF,2026-09-25,29,29,2026-09-25T13:20:00Z,2026-09-25T13:25:00Z,-9,-9,57715,2026-09-25T13:16:00Z,False,False,ORI,False,False,LKSDB-1,T_LKSDB-1
BOALF,2026-09-25,29,29,2026-09-25T13:19:00Z,2026-09-25T13:21:00Z,0,0,57716,2026-09-25T13:17:00Z,False,False,ORI,False,False,LKSDB-1,T_LKSDB-1
BOALF,2026-09-25,29,29,2026-09-25T13:19:00Z,2026-09-25T13:20:00Z,-74,-9,57715,2026-09-25T13:16:00Z,False,False,ORI,False,False,LKSDB-1,T_LKSDB-1
BOALF,2026-09-25,29,29,2026-09-25T13:18:00Z,2026-09-25T13:19:00Z,-74,0,57716,2026-09-25T13:17:00Z,False,False,ORI,False,False,LKSDB-1,T_LKSDB-1
BOALF,2026-09-25,29,29,2026-09-25T13:08:00Z,2026-09-25T13:09:00Z,-21,-74,57714,2026-09-25T12:49:00Z,False,False,ORI,False,False,LKSDB-1,T_LKSDB-1
BOALF,2026-09-25,29,29,2026-09-25T13:05:00Z,2026-09-25T13:08:00Z,-21,-21,57714,2026-09-25T12:49:00Z,False,False,ORI,False,False,LKSDB-1,T_LKSDB-1
BOALF,2026-09-25,29,29,2026-09-25T13:04:00Z,2026-09-25T13:05:00Z,0,-74,57713,2026-09-25T12:48:00Z,False,False,ORI,False,False,LKSDB-1,T_LKSDB-1
BOALF,2026-09-25,29,29,2026-09-25T13:04:00Z,2026-09-25T13:05:00Z,0,-21,57714,2026-09-25T12:49:00Z,False,False,ORI,False,False,LKSDB-1,T_LKSDB-1
BOALF,2026-09-25,29,29,2026-09-25T13:01:00Z,2026-09-25T13:04:00Z,0,0,57713,2026-09-25T12:48:00Z,False,False,ORI,False,False,LKSDB-1,T_LKSDB-1
BOALF,2026-09-25,29,29,2026-09-25T13:00:00Z,2026-09-25T13:01:00Z,-74,0,57713,2026-09-25T12:48:00Z,False,False,ORI,False,False,LKSDB-1,T_LKSDB-1
BOALF,2026-09-25,28,28,2026-09-25T12:35:00Z,2026-09-25T12:36:00Z,-33,-74,57712,2026-09-25T12:30:00Z,False,False,ORI,False,False,LKSDB-1,T_LKSDB-1
BOALF,2026-09-25,28,28,2026-09-25T12:33:00Z,2026-09-25T12:35:00Z,-33,-33,57712,2026-09-25T12:30:00Z,False,False,ORI,False,False,LKSDB-1,T_LKSDB-1
BOALF,2026-09-25,28,28,2026-09-25T12:32:00Z,2026-09-25T12:33:00Z,-74,-33,57712,2026-09-25T12:30:00Z,False,False,ORI,False,False,LKSDB-1,T_LKSDB-1
BOALF,2026-09-25,26,26,2026-09-25T11:39:00Z,2026-09-25T11:40:00Z,0,-33,57711,2026-09-25T11:19:00Z,False,False,ORI,False,False,LKSDB-1,T_LKSDB-1
BOALF,2026-09-25,26,26,2026-09-25T11:30:00Z,2026-09-25T11:39:00Z,0,0,57711,2026-09-25T11:19:00Z,False,False,ORI,False,False,LKSDB-1,T_LKSDB-1
BOALF,2026-09-25,24,24,2026-09-25T10:52:00Z,2026-09-25T10:53:00Z,0,-50,57710,2026-09-25T10:25:00Z,False,False,ORI,False,False,LKSDB-1,T_LKSDB-1
BOALF,2026-09-25,24,24,2026-09-25T10:49:00Z,2026-09-25T10:52:00Z,0,0,57710,2026-09-25T10:25:00Z,False,False,ORI,False,False,LKSDB-1,T_LKSDB-1
BOALF,2026-09-25,24,24,2026-09-25T10:49:00Z,2026-09-25T10:50:00Z,0,-50,57709,2026-09-25T10:18:00Z,False,False,ORI,False,False,LKSDB-1,T_LKSDB-1
BOALF,2026-09-25,24,24,2026-09-25T10:34:00Z,2026-09-25T10:49:00Z,0,0,57709,2026-09-25T10:18:00Z,False,False,ORI,False,False,LKSDB-1,T_LKSDB-1
BOALF,2026-09-25,24,24,2026-09-25T10:34:00Z,2026-09-25T10:35:00Z,0,-50,57708,2026-09-25T10:07:00Z,False,False,ORI,False,False,LKSDB-1,T_LKSDB-1
BOALF,2026-09-25,24,24,2026-09-25T10:33:00Z,2026-09-25T10:34:00Z,0,-50,57707,2026-09-25T09:57:00Z,False,False,ORI,False,False,LKSDB-1,T_LKSDB-1
BOALF,2026-09-25,24,24,2026-09-25T10:33:00Z,2026-09-25T10:34:00Z,0,0,57708,2026-09-25T10:07:00Z,False,False,ORI,False,False,LKSDB-1,T_LKSDB-1
BOALF,2026-09-25,24,24,2026-09-25T10:30:00Z,2026-09-25T10:33:00Z,0,0,57707,2026-09-25T09:57:00Z,False,False,ORI,False,False,LKSDB-1,T_LKSDB-1
BOALF,2026-09-25,22,23,2026-09-25T09:56:00Z,2026-09-25T10:00:00Z,0,0,57706,2026-09-25T09:53:00Z,False,False,ORI,False,False,LKSDB-1,T_LKSDB-1
BOALF,2026-09-25,22,22,2026-09-25T09:55:00Z,2026-09-25T09:56:00Z,-25,0,57706,2026-09-25T09:53:00Z,False,False,ORI,False,False,LKSDB-1,T_LKSDB-1
BOALF,2026-09-25,22,22,2026-09-25T09:52:00Z,2026-09-25T09:53:00Z,0,-25,57705,2026-09-25T09:16:00Z,False,False,ORI,False,False,LKSDB-1,T_LKSDB-1
BOALF,2026-09-25,22,22,2026-09-25T09:30:00Z,2026-09-25T09:52:00Z,0,0,57705,2026-09-25T09:16:00Z,False,False,ORI,False,False,LKSDB-1,T_LKSDB-1
BOALF,2026-09-25,19,19,2026-09-25T08:07:00Z,2026-09-25T08:08:00Z,28,0,57704,2026-09-25T07:37:00Z,False,False,ORI,False,False,LKSDB-1,T_LKSDB-1
BOALF,2026-09-25,19,19,2026-09-25T08:01:00Z,2026-09-25T08:07:00Z,28,28,57704,2026-09-25T07:37:00Z,False,False,ORI,False,False,LKSDB-1,T_LKSDB-1
BOALF,2026-09-25,19,19,2026-09-25T08:00:00Z,2026-09-25T08:01:00Z,0,28,57704,2026-09-25T07:37:00Z,False,False,ORI,False,False,LKSDB-1,T_LKSDB-1
BOALF,2026-09-25,18,18,2026-09-25T07:31:00Z,2026-09-25T07:32:00Z,3,0,57703,2026-09-25T07:26:00Z,False,False,ORI,False,False,LKSDB-1,T_LKSDB-1
BOALF,2026-09-25,17,18,2026-09-25T07:29:00Z,2026-09-25T07:31:00Z,3,3,57703,2026-09-25T07:26:00Z,False,False,ORI,False,False,LKSDB-1,T_LKSDB-1
BOALF,2026-09-25,17,17,2026-09-25T07:28:00Z,2026-09-25T07:29:00Z,0,3,57703,2026-09-25T07:26:00Z,False,False,ORI,False,False,LKSDB-1,T_LKSDB-1
BOALF,2026-09-25,17,17,2026-09-25T07:04:00Z,2026-09-25T07:05:00Z,5,0,57702,2026-09-25T06:59:00Z,False,False,ORI,False,False,LKSDB-1,T_LKSDB-1
BOALF,2026-09-25,17,17,2026-09-25T07:02:00Z,2026-09-25T07:04:00Z,5,5,57702,2026-09-25T06:59:00Z,False,False,ORI,False,False,LKSDB-1,T_LKSDB-1
BOALF,2026-09-25,17,17,2026-09-25T07:01:00Z,2026-09-25T07:02:00Z,0,5,57702,2026-09-25T06:59:00Z,False,False,ORI,False,False,LKSDB-1,T_LKSDB-1
BOALF,2026-09-25,16,17,2026-09-25T06:59:00Z,2026-09-25T07:00:00Z,0,0,57701,2026-09-25T06:40:00Z,False,False,ORI,False,False,LKSDB-1,T_LKSDB-1
BOALF,2026-09-25,16,16,2026-09-25T06:58:00Z,2026-09-25T06:59:00Z,99,0,57701,2026-09-25T06:40:00Z,False,False,ORI,False,False,LKSDB-1,T_LKSDB-1
BOALF,2026-09-25,14,14,2026-09-25T05:40:00Z,2026-09-25T05:41:00Z,41,50,57700,2026-09-25T05:16:00Z,False,False,ORI,False,False,LKSDB-1,T_LKSDB-1
BOALF,2026-09-25,14,14,2026-09-25T05:38:00Z,2026-09-25T05:40:00Z,41,41,57700,2026-09-25T05:16:00Z,False,False,ORI,False,False,LKSDB-1,T_LKSDB-1
BOALF,2026-09-25,14,14,2026-09-25T05:37:00Z,2026-09-25T05:38:00Z,2,50,57699,2026-09-25T05:15:00Z,False,False,ORI,False,False,LKSDB-1,T_LKSDB-1
BOALF,2026-09-25,14,14,2026-09-25T05:37:00Z,2026-09-25T05:38:00Z,2,41,57700,2026-09-25T05:16:00Z,False,False,ORI,False,False,LKSDB-1,T_LKSDB-1
BOALF,2026-09-25,14,14,2026-09-25T05:31:00Z,2026-09-25T05:37:00Z,2,2,57699,2026-09-25T05:15:00Z,False,False,ORI,False,False,LKSDB-1,T_LKSDB-1
BOALF,2026-09-25,14,14,2026-09-25T05:30:00Z,2026-09-25T05:31:00Z,0,2,57699,2026-09-25T05:15:00Z,False,False,ORI,False,False,LKSDB-1,T_LKSDB-1
BOALF,2026-09-25,5,5,2026-09-25T01:00:00Z,2026-09-25T01:01:00Z,-58,-40,57697,2026-09-25T00:52:00Z,False,False,ORI,False,False,LKSDB-1,T_LKSDB-1
BOALF,2026-09-25,5,5,2026-09-25T01:00:00Z,2026-09-25T01:01:00Z,-74,-40,57698,2026-09-25T00:54:00Z,False,False,ORI,False,False,LKSDB-1,T_LKSDB-1
BOALF,2026-09-25,4,5,2026-09-25T00:58:00Z,2026-09-25T01:00:00Z,-58,-58,57697,2026-09-25T00:52:00Z,False,False,ORI,False,False,LKSDB-1,T_LKSDB-1
BOALF,2026-09-25,4,5,2026-09-25T00:58:00Z,2026-09-25T01:00:00Z,-74,-74,57698,2026-09-25T00:54:00Z,False,False,ORI,False,False,LKSDB-1,T_LKSDB-1
BOALF,2026-09-25,4,4,2026-09-25T00:57:00Z,2026-09-25T00:58:00Z,-45,-58,57697,2026-09-25T00:52:00Z,False,False,ORI,False,False,LKSDB-1,T_LKSDB-1
BOALF,2026-09-25,4,4,2026-09-25T00:57:00Z,2026-09-25T00:58:00Z,-45,-74,57698,2026-09-25T00:54:00Z,False,False,ORI,False,False,LKSDB-1,T_LKSDB-1
BOALF,2026-09-25,4,4,2026-09-25T00:30:00Z,2026-09-25T00:31:00Z,-27,-45,57696,2026-09-25T00:12:00Z,False,False,ORI,False,False,LKSDB-1,T_LKSDB-1
BOALF,2026-09-25,3,4,2026-09-25T00:29:00Z,2026-09-25T00:30:00Z,-27,-27,57696,2026-09-25T00:12:00Z,False,False,ORI,False,False,LKSDB-1,T_LKSDB-1
BOALF,2026-09-24,45,45,2026-09-24T21:00:00Z,2026-09-24T21:01:00Z,-99,0,57695,2026-09-24T20:47:00Z,False,False,ORI,False,False,LKSDB-1,T_LKSDB-1
BOALF,2026-09-24,44,45,2026-09-24T20:49:00Z,2026-09-24T21:00:00Z,-99,-99,57695,2026-09-24T20:47:00Z,False,False,ORI,False,False,LKSDB-1,T_LKSDB-1
BOALF,2026-09-24,44,44,2026-09-24T20:48:00Z,2026-09-24T20:49:00Z,-12,0,57694,2026-09-24T20:44:00Z,False,False,ORI,False,False,LKSDB-1,T_LKSDB-1
BOALF,2026-09-24,44,44,2026-09-24T20:48:00Z,2026-09-24T20:49:00Z,-12,-99,57695,2026-09-24T20:47:00Z,False,False,ORI,False,False,LKSDB-1,T_LKSDB-1
BOALF,2026-09-24,44,44,2026-09-24T20:46:00Z,2026-09-24T20:48:00Z,-12,-12,57694,2026-09-24T20:44:00Z,False,False,ORI,False,False,LKSDB-1,T_LKSDB-1
BOALF,2026-09-24,44,44,2026-09-24T20:45:00Z,2026-09-24T20:46:00Z,0,-12,57694,2026-09-24T20:44:00Z,False,False,ORI,False,False,LKSDB-1,T_LKSDB-1
BOALF,2026-09-24,43,43,2026-09-24T20:14:00Z,2026-09-24T20:15:00Z,12,20,57692,2026-09-24T20:02:00Z,False,False,ORI,False,False,LKSDB-1,T_LKSDB-1
BOALF,2026-09-24,43,43,2026-09-24T20:14:00Z,2026-09-24T20:15:00Z,0,20,57693,2026-09-24T20:05:00Z,False,False,ORI,False,False,LKSDB-1,T_LKSDB-1
BOALF,2026-09-24,43,43,2026-09-24T20:12:00Z,2026-09-24T20:14:00Z,12,12,57692,2026-09-24T20:02:00Z,False,False,ORI,False,False,LKSDB-1,T_LKSDB-1
BOALF,2026-09-24,43,43,2026-09-24T20:11:00Z,2026-09-24T20:14:00Z,0,0,57693,2026-09-24T20:05:00Z,False,False,ORI,False,False,LKSDB-1,T_LKSDB-1
BOALF,2026-09-24,43,43,2026-09-24T20:11:00Z,2026-09-24T20:12:00Z,0,20,57691,2026-09-24T20:01:00Z,False,False,ORI,False,False,LKSDB-1,T_LKSDB-1
BOALF,2026-09-24,43,43,2026-09-24T20:11:00Z,2026-09-24T20:12:00Z,0,12,57692,2026-09-24T20:02:00Z,False,False,ORI,False,False,LKSDB-1,T_LKSDB-1
BOALF,2026-09-24,43,43,2026-09-24T20:06:00Z,2026-09-24T20:11:00Z,0,0,57691,2026-09-24T20:01:00Z,False,False,ORI,False,False,LKSDB-1,T_LKSDB-1
BOALF,2026-09-24,43,43,2026-09-24T20:05:00Z,2026-09-24T20:06:00Z,20,0,57691,2026-09-24T20:01:00Z,False,False,ORI,False,False,LKSDB-1,T_LKSDB-1
BOALF,2026-09-24,40,41,2026-09-24T18:47:00Z,2026-09-24T19:00:00Z,0,0,57690,2026-09-24T18:37:00Z,False,False,ORI,False,False,LKSDB-1,T_LKSDB-1
BOALF,2026-09-24,40,40,2026-09-24T18:46:00Z,2026-09-24T18:47:00Z,8,31,57689,2026-09-24T18:36:00Z,False,False,ORI,False,False,LKSDB-1,T_LKSDB-1
BOALF,2026-09-24,40,40,2026-09-24T18:46:00Z,2026-09-24T18:47:00Z,8,0,57690,2026-09-24T18:37:00Z,False,False,ORI,False,False,LKSDB-1,T_LKSDB-1
BOALF,2026-09-24,40,40,2026-09-24T18:43:00Z,2026-09-24T18:46:00Z,8,8,57689,2026-09-24T18:36:00Z,False,False,ORI,False,False,LKSDB-1,T_LKSDB-1
BOALF,2026-09-24,40,40,2026-09-24T18:42:00Z,2026-09-24T18:43:00Z,31,8,57689,2026-09-24T18:36:00Z,False,False,ORI,False,False,LKSDB-1,T_LKSDB-1
BOALF,2026-09-24,40,40,2026-09-24T18:39:00Z,2026-09-24T18:40:00Z,2,31,57688,2026-09-24T18:32:00Z,False,False,ORI,False,False,LKSDB-1,T_LKSDB-1
BOALF,2026-09-24,40,40,2026-09-24T18:36:00Z,2026-09-24T18:39:00Z,2,2,57688,2026-09-24T18:32:00Z,False,False,ORI,False,False,LKSDB-1,T_LKSDB-1
BOALF,2026-09-24,40,40,2026-09-24T18:35:00Z,2026-09-24T18:36:00Z,31,2,57688,2026-09-24T18:32:00Z,False,False,ORI,False,False,LKSDB-1,T_LKSDB-1
BOALF,2026-09-24,38,38,2026-09-24T17:44:00Z,2026-09-24T17:45:00Z,0,69,57687,2026-09-24T17:27:00Z,False,False,ORI,False,False,LKSDB-1,T_LKSDB-1
BOALF,2026-09-24,38,38,2026-09-24T17:42:00Z,2026-09-24T17:44:00Z,0,0,57687,2026-09-24T17:27:00Z,False,False,ORI,False,False,LKSDB-1,T_LKSDB-1
BOALF,2026-09-24,38,38,2026-09-24T17:41:00Z,2026-09-24T17:42:00Z,4,69,57686,2026-09-24T17:26:00Z,False,False,ORI,False,False,LKSDB-1,T_LKSDB-1
BOALF,2026-09-24,38,38,2026-09-24T17:41:00Z,2026-09-24T17:42:00Z,4,0,57687,2026-09-24T17:27:00Z,False,False,ORI,False,False,LKSDB-1,T_LKSDB-1
BOALF,2026-09-24,38,38,2026-09-24T17:36:00Z,2026-09-24T17:41:00Z,4,4,57686,2026-09-24T17:26:00Z,False,False,ORI,False,False,LKSDB-1,T_LKSDB-1
BOALF,2026-09-24,38,38,2026-09-24T17:35:00Z,2026-09-24T17:36:00Z,69,4,57686,2026-09-24T17:26:00Z,False,False,ORI,False,False,LKSDB-1,T_LKSDB-1
BOALF,2026-09-24,37,37,2026-09-24T17:23:00Z,2026-09-24T17:24:00Z,0,99,57685,2026-09-24T17:10:00Z,False,False,ORI,False,False,LKSDB-1,T_LKSDB-1
BOALF,2026-09-24,37,37,2026-09-24T17:21:00Z,2026-09-24T17:23:00Z,0,0,57685,2026-09-24T17:10:00Z,False,False,ORI,False,False,LKSDB-1,T_LKSDB-1
BOALF,2026-09-24,37,37,2026-09-24T17:20:00Z,2026-09-24T17:21:00Z,99,0,57685,2026-09-24T17:10:00Z,False,False,ORI,False,False,LKSDB-1,T_LKSDB-1
BOALF,2026-09-24,37,37,2026-09-24T17:14:00Z,2026-09-24T17:15:00Z,0,99,57684,2026-09-24T17:05:00Z,False,False,ORI,False,False,LKSDB-1,T_LKSDB-1
BOALF,2026-09-24,37,37,2026-09-24T17:11:00Z,2026-09-24T17:14:00Z,0,0,57684,2026-09-24T17:05:00Z,False,False,ORI,False,False,LKSDB-1,T_LKSDB-1
BOALF,2026-09-24,37,37,2026-09-24T17:10:00Z,2026-09-24T17:11:00Z,97,99,57683,2026-09-24T16:53:00Z,False,False,ORI,False,False,LKSDB-1,T_LKSDB-1
BOALF,2026-09-24,37,37,2026-09-24T17:10:00Z,2026-09-24T17:11:00Z,97,0,57684,2026-09-24T17:05:00Z,False,False,ORI,False,False,LKSDB-1,T_LKSDB-1
BOALF,2026-09-24,37,37,2026-09-24T17:07:00Z,2026-09-24T17:10:00Z,97,97,57683,2026-09-24T16:53:00Z,False,False,ORI,False,False,LKSDB-1,T_LKSDB-1
BOALF,2026-09-24,37,37,2026-09-24T17:06:00Z,2026-09-24T17:07:00Z,99,97,57683,2026-09-24T16:53:00Z,False,False,ORI,False,False,LKSDB-1,T_LKSDB-1
BOALF,2026-09-24,36,36,2026-09-24T16:40:00Z,2026-09-24T16:41:00Z,22,50,57682,2026-09-24T16:34:00Z,False,False,ORI,False,False,LKSDB-1,T_LKSDB-1
BOALF,2026-09-24,36,36,2026-09-24T16:36:00Z,2026-09-24T16:40:00Z,22,22,57682,2026-09-24T16:34:00Z,False,False,ORI,False,False,LKSDB-1,T_LKSDB-1
BOALF,2026-09-24,36,36,2026-09-24T16:35:00Z,2026-09-24T16:36:00Z,50,22,57682,2026-09-24T16:34:00Z,False,False,ORI,False,False,LKSDB-1,T_LKSDB-1
BOALF,2026-09-24,35,35,2026-09-24T16:02:00Z,2026-09-24T16:03:00Z,0,50,57681,2026-09-24T15:52:00Z,False,False,ORI,False,False,LKSDB-1,T_LKSDB-1
BOALF,2026-09-24,35,35,2026-09-24T16:00:00Z,2026-09-24T16:02:00Z,0,0,57681,2026-09-24T15:52:00Z,False,False,ORI,False,False,LKSDB-1,T_LKSDB-1
BOALF,2026-09-24,30,30,2026-09-24T13:30:00Z,2026-09-24T13:31:00Z,-15,-64,57680,2026-09-24T13:18:00Z,False,False,ORI,False,False,LKSDB-1,T_LKSDB-1
BOALF,2026-09-24,29,30,2026-09-24T13:27:00Z,2026-09-24T13:30:00Z,-15,-15,57680,2026-09-24T13:18:00Z,False,False,ORI,False,False,LKSDB-1,T_LKSDB-1
BOALF,2026-09-24,29,29,2026-09-24T13:26:00Z,2026-09-24T13:27:00Z,0,-87,57679,2026-09-24T13:17:00Z,False,False,ORI,False,False,LKSDB-1,T_LKSDB-1
BOALF,2026-09-24,29,29,2026-09-24T13:26:00Z,2026-09-24T13:27:00Z,0,-15,57680,2026-09-24T13:18:00Z,False,False,ORI,False,False,LKSDB-1,T_LKSDB-1
BOALF,2026-09-24,29,29,2026-09-24T13:21:00Z,2026-09-24T13:26:00Z,0,0,57679,2026-09-24T13:17:00Z,False,False,ORI,False,False,LKSDB-1,T_LKSDB-1
BOALF,2026-09-24,29,29,2026-09-24T13:21:00Z,2026-09-24T13:22:00Z,0,-87,57678,2026-09-24T13:14:00Z,False,False,ORI,False,False,LKSDB-1,T_LKSDB-1
BOALF,2026-09-24,29,29,2026-09-24T13:19:00Z,2026-09-24T13:21:00Z,0,0,57678,2026-09-24T13:14:00Z,False,False,ORI,False,False,LKSDB-1,T_LKSDB-1
BOALF,2026-09-24,29,29,2026-09-24T13:18:00Z,2026-09-24T13:19:00Z,-87,0,57678,2026-09-24T13:14:00Z,False,False,ORI,False,False,LKSDB-1,T_LKSDB-1
BOALF,2026-09-24,29,29,2026-09-24T13:13:00Z,2026-09-24T13:14:00Z,0,-87,57677,2026-09-24T13:08:00Z,False,False,ORI,False,False,LKSDB-1,T_LKSDB-1
BOALF,2026-09-24,29,29,2026-09-24T13:10:00Z,2026-09-24T13:13:00Z,0,0,57677,2026-09-24T13:08:00Z,False,False,ORI,False,False,LKSDB-1,T_LKSDB-1
BOALF,2026-09-24,29,29,2026-09-24T13:10:00Z,2026-09-24T13:11:00Z,0,-87,57676,2026-09-24T13:02:00Z,False,False,ORI,False,False,LKSDB-1,T_LKSDB-1
BOALF,2026-09-24,29,29,2026-09-24T13:06:00Z,2026-09-24T13:10:00Z,0,0,57676,2026-09-24T13:02:00Z,False,False,ORI,False,False,LKSDB-1,T_LKSDB-1
BOALF,2026-09-24,29,29,2026-09-24T13:05:00Z,2026-09-24T13:06:00Z,-87,0,57676,2026-09-24T13:02:00Z,False,False,ORI,False,False,LKSDB-1,T_LKSDB-1
BOALF,2026-09-24,28,29,2026-09-24T12:59:00Z,2026-09-24T13:00:00Z,0,-87,57675,2026-09-24T12:48:00Z,False,False,ORI,False,False,LKSDB-1,T_LKSDB-1
BOALF,2026-09-24,28,28,2026-09-24T12:56:00Z,2026-09-24T12:59:00Z,0,0,57675,2026-09-24T12:48:00Z,False,False,ORI,False,False,LKSDB-1,T_LKSDB-1
BOALF,2026-09-24,28,28,2026-09-24T12:55:00Z,2026-09-24T12:56:00Z,-87,0,57675,2026-09-24T12:48:00Z,False,False,ORI,False,False,LKSDB-1,T_LKSDB-1
BOALF,2026-09-24,28,28,2026-09-24T12:51:00Z,2026-09-24T12:52:00Z,0,-87,57674,2026-09-24T12:29:00Z,False,False,ORI,False,False,LKSDB-1,T_LKSDB-1
BOALF,2026-09-24,28,28,2026-09-24T12:49:00Z,2026-09-24T12:51:00Z,0,0,57674,2026-09-24T12:29:00Z,False,False,ORI,False,False,LKSDB-1,T_LKSDB-1
BOALF,2026-09-24,28,28,2026-09-24T12:48:00Z,2026-09-24T12:49:00Z,9,0,57673,2026-09-24T12:28:00Z,False,False,ORI,False,False,LKSDB-1,T_LKSDB-1
BOALF,2026-09-24,28,28,2026-09-24T12:45:00Z,2026-09-24T12:48:00Z,9,9,57673,2026-09-24T12:28:00Z,False,False,ORI,False,False,LKSDB-1,T_LKSDB-1
BOALF,2026-09-24,28,28,2026-09-24T12:45:00Z,2026-09-24T12:46:00Z,0,-87,57672,2026-09-24T12:27:00Z,False,False,ORI,False,False,LKSDB-1,T_LKSDB-1
BOALF,2026-09-24,28,28,2026-09-24T12:44:00Z,2026-09-24T12:45:00Z,49,0,57672,2026-09-24T12:27:00Z,False,False,ORI,False,False,LKSDB-1,T_LKSDB-1
BOALF,2026-09-24,28,28,2026-09-24T12:44:00Z,2026-09-24T12:45:00Z,49,9,57673,2026-09-24T12:28:00Z,False,False,ORI,False,False,LKSDB-1,T_LKSDB-1
BOALF,2026-09-24,28,28,2026-09-24T12:41:00Z,2026-09-24T12:44:00Z,49,49,57672,2026-09-24T12:27:00Z,False,False,ORI,False,False,LKSDB-1,T_LKSDB-1
BOALF,2026-09-24,28,28,2026-09-24T12:40:00Z,2026-09-24T12:41:00Z,12,0,57671,2026-09-24T12:26:00Z,False,False,ORI,False,False,LKSDB-1,T_LKSDB-1
BOALF,2026-09-24,28,28,2026-09-24T12:40:00Z,2026-09-24T12:41:00Z,12,49,57672,2026-09-24T12:27:00Z,False,False,ORI,False,False,LKSDB-1,T_LKSDB-1
BOALF,2026-09-24,28,28,2026-09-24T12:39:00Z,2026-09-24T12:40:00Z,-7,-87,57668,2026-09-24T12:15:00Z,False,False,ORI,False,False,LKSDB-1,T_LKSDB-1
BOALF,2026-09-24,28,28,2026-09-24T12:39:00Z,2026-09-24T12:40:00Z,12,0,57670,2026-09-24T12:24:00Z,False,False,ORI,False,False,LKSDB-1,T_LKSDB-1
BOALF,2026-09-24,28,28,2026-09-24T12:39:00Z,2026-09-24T12:40:00Z,12,12,57671,2026-09-24T12:26:00Z,False,False,ORI,False,False,LKSDB-1,T_LKSDB-1
BOALF,2026-09-24,28,28,2026-09-24T12:37:00Z,2026-09-24T12:39:00Z,-7,-7,57668,2026-09-24T12:15:00Z,False,False,ORI,False,False,LKSDB-1,T_LKSDB-1
BOALF,2026-09-24,28,28,2026-09-24T12:37:00Z,2026-09-24T12:39:00Z,12,12,57670,2026-09-24T12:24:00Z,False,False,ORI,False,False,LKSDB-1,T_LKSDB-1
BOALF,2026-09-24,28,28,2026-09-24T12:37:00Z,2026-09-24T12:38:00Z,0,-7,57669,2026-09-24T12:23:00Z,False,False,ORI,False,False,LKSDB-1,T_LKSDB-1
BOALF,2026-09-24,28,28,2026-09-24T12:36:00Z,2026-09-24T12:37:00Z,0,-87,57667,2026-09-24T12:14:00Z,False,False,ORI,False,False,LKSDB-1,T_LKSDB-1
BOALF,2026-09-24,28,28,2026-09-24T12:36:00Z,2026-09-24T12:37:00Z,0,-7,57668,2026-09-24T12:15:00Z,False,False,ORI,False,False,LKSDB-1,T_LKSDB-1
BOALF,2026-09-24,28,28,2026-09-24T12:36:00Z,2026-09-24T12:37:00Z,97,0,57669,2026-09-24T12:23:00Z,False,False,ORI,False,False,LKSDB-1,T_LKSDB-1
BOALF,2026-09-24,28,28,2026-09-24T12:36:00Z,2026-09-24T12:37:00Z,97,12,57670,2026-09-24T12:24:00Z,False,False,ORI,False,False,LKSDB-1,T_LKSDB-1
BOALF,2026-09-24,28,28,2026-09-24T12:35:00Z,2026-09-24T12:36:00Z,78,0,57667,2026-09-24T12:14:00Z,False,False,ORI,False,False,LKSDB-1,T_LKSDB-1
BOALF,2026-09-24,28,28,2026-09-24T12:31:00Z,2026-09-24T12:36:00Z,97,97,57669,2026-09-24T12:23:00Z,False,False,ORI,False,False,LKSDB-1,T_LKSDB-1
BOALF,2026-09-24,28,28,2026-09-24T12:31:00Z,2026-09-24T12:35:00Z,78,78,57667,2026-09-24T12:14:00Z,False,False,ORI,False,False,LKSDB-1,T_LKSDB-1
BOALF,2026-09-24,28,28,2026-09-24T12:30:00Z,2026-09-24T12:31:00Z,0,78,57667,2026-09-24T12:14:00Z,False,False,ORI,False,False,LKSDB-1,T_LKSDB-1
BOALF,2026-09-24,28,28,2026-09-24T12:30:00Z,2026-09-24T12:31:00Z,0,97,57669,2026-09-24T12:23:00Z,False,False,ORI,False,False,LKSDB-1,T_LKSDB-1
BOALF,2026-09-24,27,28,2026-09-24T12:29:00Z,2026-09-24T12:30:00Z,-87,0,57667,2026-09-24T12:14:00Z,False,False,ORI,False,False,LKSDB-1,T_LKSDB-1
BOALF,2026-09-24,25,25,2026-09-24T11:13:00Z,2026-09-24T11:14:00Z,-68,0,57666,2026-09-24T11:04:00Z,False,False,ORI,False,False,LKSDB-1,T_LKSDB-1
BOALF,2026-09-24,25,25,2026-09-24T11:10:00Z,2026-09-24T11:13:00Z,-68,-68,57666,2026-09-24T11:04:00Z,False,False,ORI,False,False,LKSDB-1,T_LKSDB-1
BOALF,2026-09-24,25,25,2026-09-24T11:09:00Z,2026-09-24T11:10:00Z,0,-68,57666,2026-09-24T11:04:00Z,False,False,ORI,False,False,LKSDB-1,T_LKSDB-1
BOALF,2026-09-24,24,24,2026-09-24T10:55:00Z,2026-09-24T10:56:00Z,-31,0,57665,2026-09-24T10:37:00Z,False,False,ORI,False,False,LKSDB-1,T_LKSDB-1
BOALF,2026-09-24,24,24,2026-09-24T10:49:00Z,2026-09-24T10:55:00Z,-31,-31,57665,2026-09-24T10:37:00Z,False,False,ORI,False,False,LKSDB-1,T_LKSDB-1
BOALF,2026-09-24,24,24,2026-09-24T10:48:00Z,2026-09-24T10:49:00Z,0,-31,57665,2026-09-24T10:37:00Z,False,False,ORI,False,False,LKSDB-1,T_LKSDB-1
BOALF,2026-09-24,24,24,2026-09-24T10:44:00Z,2026-09-24T10:45:00Z,-99,0,57664,2026-09-24T10:31:00Z,False,False,ORI,False,False,LKSDB-1,T_LKSDB-1
BOALF,2026-09-24,24,24,2026-09-24T10:43:00Z,2026-09-24T10:44:00Z,-99,0,57663,2026-09-24T10:27:00Z,False,False,ORI,False,False,LKSDB-1,T_LKSDB-1
BOALF,2026-09-24,24,24,2026-09-24T10:43:00Z,2026-09-24T10:44:00Z,-99,-99,57664,2026-09-24T10:31:00Z,False,False,ORI,False,False,LKSDB-1,T_LKSDB-1
BOALF,2026-09-24,24,24,2026-09-24T10:35:00Z,2026-09-24T10:43:00Z,-99,-99,57663,2026-09-24T10:27:00Z,False,False,ORI,False,False,LKSDB-1,T_LKSDB-1
BOALF,2026-09-24,24,24,2026-09-24T10:34:00Z,2026-09-24T10:35:00Z,-61,0,57662,2026-09-24T10:26:00Z,False,False,ORI,False,False,LKSDB-1,T_LKSDB-1
BOALF,2026-09-24,24,24,2026-09-24T10:34:00Z,2026-09-24T10:35:00Z,-61,-99,57663,2026-09-24T10:27:00Z,False,False,ORI,False,False,LKSDB-1,T_LKSDB-1
BOALF,2026-09-24,24,24,2026-09-24T10:32:00Z,2026-09-24T10:34:00Z,-61,-61,57662,2026-09-24T10:26:00Z,False,False,ORI,False,False,LKSDB-1,T_LKSDB-1
BOALF,2026-09-24,24,24,2026-09-24T10:31:00Z,2026-09-24T10:32:00Z,0,-61,57662,2026-09-24T10:26:00Z,False,False,ORI,False,False,LKSDB-1,T_LKSDB-1
BOALF,2026-09-24,17,18,2026-09-24T07:29:00Z,2026-09-24T07:30:00Z,46,46,57661,2026-09-24T07:11:00Z,False,False,ORI,False,False,LKSDB-1,T_LKSDB-1
BOALF,2026-09-24,17,17,2026-09-24T07:28:00Z,2026-09-24T07:29:00Z,99,46,57661,2026-09-24T07:11:00Z,False,False,ORI,False,False,LKSDB-1,T_LKSDB-1
BOALF,2026-09-24,15,15,2026-09-24T06:00:00Z,2026-09-24T06:01:00Z,0,99,57660,2026-09-24T05:42:00Z,False,False,ORI,False,False,LKSDB-1,T_LKSDB-1
BOALF,2026-09-24,14,15,2026-09-24T05:48:00Z,2026-09-24T06:00:00Z,0,0,57660,2026-09-24T05:42:00Z,False,False,ORI,False,False,LKSDB-1,T_LKSDB-1
BOALF,2026-09-24,14,14,2026-09-24T05:48:00Z,2026-09-24T05:49:00Z,0,8,57658,2026-09-24T05:27:00Z,False,False,ORI,False,False,LKSDB-1,T_LKSDB-1
BOALF,2026-09-24,14,14,2026-09-24T05:45:00Z,2026-09-24T05:48:00Z,0,0,57658,2026-09-24T05:27:00Z,False,False,ORI,False,False,LKSDB-1,T_LKSDB-1
BOALF,2026-09-24,14,14,2026-09-24T05:44:00Z,2026-09-24T05:45:00Z,0,8,57657,2026-09-24T05:21:00Z,False,False,ORI,False,False,LKSDB-1,T_LKSDB-1
BOALF,2026-09-24,14,14,2026-09-24T05:35:00Z,2026-09-24T05:44:00Z,0,0,57657,2026-09-24T05:21:00Z,False,False,ORI,False,False,LKSDB-1,T_LKSDB-1
BOALF,2026-09-24,14,14,2026-09-24T05:35:00Z,2026-09-24T05:36:00Z,-8,0,57659,2026-09-24T05:28:00Z,False,False,ORI,False,False,LKSDB-1,T_LKSDB-1
BOALF,2026-09-24,14,14,2026-09-24T05:30:00Z,2026-09-24T05:35:00Z,-8,-8,57659,2026-09-24T05:28:00Z,False,False,ORI,False,False,LKSDB-1,T_LKSDB-1
BOALF,2026-09-24,13,14,2026-09-24T05:29:00Z,2026-09-24T05:30:00Z,8,0,57659,2026-09-24T05:28:00Z,False,False,ORI,False,False,LKSDB-1,T_LKSDB-1
BOALF,2026-09-24,13,13,2026-09-24T05:12:00Z,2026-09-24T05:13:00Z,0,8,57656,2026-09-24T05:06:00Z,False,False,ORI,False,False,LKSDB-1,T_LKSDB-1
BOALF,2026-09-24,13,13,2026-09-24T05:11:00Z,2026-09-24T05:12:00Z,0,8,57655,2026-09-24T04:56:00Z,False,False,ORI,False,False,LKSDB-1,T_LKSDB-1
BOALF,2026-09-24,13,13,2026-09-24T05:11:00Z,2026-09-24T05:12:00Z,0,0,57656,2026-09-24T05:06:00Z,False,False,ORI,False,False,LKSDB-1,T_LKSDB-1
BOALF,2026-09-24,13,13,2026-09-24T05:09:00Z,2026-09-24T05:11:00Z,0,0,57655,2026-09-24T04:56:00Z,False,False,ORI,False,False,LKSDB-1,T_LKSDB-1
BOALF,2026-09-24,13,13,2026-09-24T05:08:00Z,2026-09-24T05:09:00Z,7,8,57654,2026-09-24T04:55:00Z,False,False,ORI,False,False,LKSDB-1,T_LKSDB-1
BOALF,2026-09-24,13,13,2026-09-24T05:08:00Z,2026-09-24T05:09:00Z,7,0,57655,2026-09-24T04:56:00Z,False,False,ORI,False,False,LKSDB-1,T_LKSDB-1
BOALF,2026-09-24,13,13,2026-09-24T05:03:00Z,2026-09-24T05:08:00Z,7,7,57654,2026-09-24T04:55:00Z,False,False,ORI,False,False,LKSDB-1,T_LKSDB-1
BOALF,2026-09-24,13,13,2026-09-24T05:02:00Z,2026-09-24T05:03:00Z,0,8,57653,2026-09-24T04:54:00Z,False,False,ORI,False,False,LKSDB-1,T_LKSDB-1
BOALF,2026-09-24,13,13,2026-09-24T05:02:00Z,2026-09-24T05:03:00Z,0,7,57654,2026-09-24T04:55:00Z,False,False,ORI,False,False,LKSDB-1,T_LKSDB-1
BOALF,2026-09-24,13,13,2026-09-24T05:00:00Z,2026-09-24T05:02:00Z,0,0,57653,2026-09-24T04:54:00Z,False,False,ORI,False,False,LKSDB-1,T_LKSDB-1
BOALF,2026-09-24,11,11,2026-09-24T04:25:00Z,2026-09-24T04:26:00Z,-7,0,57651,2026-09-24T04:20:00Z,False,False,ORI,False,False,LKSDB-1,T_LKSDB-1
BOALF,2026-09-24,11,11,2026-09-24T04:24:00Z,2026-09-24T04:25:00Z,-7,0,57650,2026-09-24T03:49:00Z,False,False,ORI,False,False,LKSDB-1,T_LKSDB-1
BOALF,2026-09-24,11,11,2026-09-24T04:24:00Z,2026-09-24T04:25:00Z,-7,-7,57651,2026-09-24T04:20:00Z,False,False,ORI,False,False,LKSDB-1,T_LKSDB-1
BOALF,2026-09-24,11,11,2026-09-24T04:00:00Z,2026-09-24T04:24:00Z,-7,-7,57650,2026-09-24T03:49:00Z,False,False,ORI,False,False,LKSDB-1,T_LKSDB-1
BOALF,2026-09-24,10,11,2026-09-24T03:59:00Z,2026-09-24T04:00:00Z,0,-7,57650,2026-09-24T03:49:00Z,False,False,ORI,False,False,LKSDB-1,T_LKSDB-1
BOALF,2026-09-24,9,9,2026-09-24T03:04:00Z,2026-09-24T03:05:00Z,-7,0,57649,2026-09-24T02:50:00Z,False,False,ORI,False,False,LKSDB-1,T_LKSDB-1
BOALF,2026-09-24,9,9,2026-09-24T03:00:00Z,2026-09-24T03:04:00Z,-7,-7,57649,2026-09-24T02:50:00Z,False,False,ORI,False,False,LKSDB-1,T_LKSDB-1
BOALF,2026-09-24,8,9,2026-09-24T02:59:00Z,2026-09-24T03:00:00Z,0,-7,57649,2026-09-24T02:50:00Z,False,False,ORI,False,False,LKSDB-1,T_LKSDB-1
BOALF,2026-09-24,2,2,2026-09-23T23:32:00Z,2026-09-23T23:33:00Z,-7,0,57648,2026-09-23T23:10:00Z,False,False,ORI,False,False,LKSDB-1,T_LKSDB-1
BOALF,2026-09-24,1,2,2026-09-23T23:15:00Z,2026-09-23T23:32:00Z,-7,-7,57648,2026-09-23T23:10:00Z,False,False,ORI,False,False,LKSDB-1,T_LKSDB-1
BOALF,2026-09-24,1,1,2026-09-23T23:14:00Z,2026-09-23T23:15:00Z,0,-7,57648,2026-09-23T23:10:00Z,False,False,ORI,False,False,LKSDB-1,T_LKSDB-1
BOALF,2026-09-23,48,48,2026-09-23T22:47:00Z,2026-09-23T22:48:00Z,-17,0,57647,2026-09-23T22:33:00Z,False,False,ORI,False,False,LKSDB-1,T_LKSDB-1
BOALF,2026-09-23,48,48,2026-09-23T22:40:00Z,2026-09-23T22:47:00Z,-17,-17,57647,2026-09-23T22:33:00Z,False,False,ORI,False,False,LKSDB-1,T_LKSDB-1
BOALF,2026-09-23,48,48,2026-09-23T22:40:00Z,2026-09-23T22:41:00Z,-17,0,57646,2026-09-23T22:26:00Z,False,False,ORI,False,False,LKSDB-1,T_LKSDB-1
BOALF,2026-09-23,48,48,2026-09-23T22:30:00Z,2026-09-23T22:40:00Z,-17,-17,57646,2026-09-23T22:26:00Z,False,False,ORI,False,False,LKSDB-1,T_LKSDB-1
BOALF,2026-09-23,47,48,2026-09-23T22:29:00Z,2026-09-23T22:30:00Z,0,-17,57646,2026-09-23T22:26:00Z,False,False,ORI,False,False,LKSDB-1,T_LKSDB-1
BOALF,2026-09-23,47,47,2026-09-23T22:01:00Z,2026-09-23T22:02:00Z,-6,0,57645,2026-09-23T21:54:00Z,False,False,ORI,False,False,LKSDB-1,T_LKSDB-1
BOALF,2026-09-23,47,47,2026-09-23T22:00:00Z,2026-09-23T22:01:00Z,-6,0,57644,2026-09-23T21:47:00Z,False,False,ORI,False,False,LKSDB-1,T_LKSDB-1
BOALF,2026-09-23,47,47,2026-09-23T22:00:00Z,2026-09-23T22:01:00Z,-6,-6,57645,2026-09-23T21:54:00Z,False,False,ORI,False,False,LKSDB-1,T_LKSDB-1
BOALF,2026-09-23,46,47,2026-09-23T21:51:00Z,2026-09-23T22:00:00Z,-6,-6,57644,2026-09-23T21:47:00Z,False,False,ORI,False,False,LKSDB-1,T_LKSDB-1
BOALF,2026-09-23,46,46,2026-09-23T21:50:00Z,2026-09-23T21:51:00Z,0,-6,57644,2026-09-23T21:47:00Z,False,False,ORI,False,False,LKSDB-1,T_LKSDB-1
BOALF,2026-09-23,46,46,2026-09-23T21:37:00Z,2026-09-23T21:38:00Z,-74,0,57643,2026-09-23T21:19:00Z,False,False,ORI,False,False,LKSDB-1,T_LKSDB-1
BOALF,2026-09-23,45,46,2026-09-23T21:28:00Z,2026-09-23T21:37:00Z,-74,-74,57643,2026-09-23T21:19:00Z,False,False,ORI,False,False,LKSDB-1,T_LKSDB-1
BOALF,2026-09-23,45,45,2026-09-23T21:28:00Z,2026-09-23T21:29:00Z,-74,0,57642,2026-09-23T21:16:00Z,False,False,ORI,False,False,LKSDB-1,T_LKSDB-1
BOALF,2026-09-23,45,45,2026-09-23T21:22:00Z,2026-09-23T21:28:00Z,-74,-74,57642,2026-09-23T21:16:00Z,False,False,ORI,False,False,LKSDB-1,T_LKSDB-1
BOALF,2026-09-23,45,45,2026-09-23T21:21:00Z,2026-09-23T21:22:00Z,0,-74,57642,2026-09-23T21:16:00Z,False,False,ORI,False,False,LKSDB-1,T_LKSDB-1
BOALF,2026-09-23,45,45,2026-09-23T21:18:00Z,2026-09-23T21:19:00Z,-74,0,57641,2026-09-23T21:04:00Z,False,False,ORI,False,False,LKSDB-1,T_LKSDB-1
BOALF,2026-09-23,45,45,2026-09-23T21:08:00Z,2026-09-23T21:18:00Z,-74,-74,57641,2026-09-23T21:04:00Z,False,False,ORI,False,False,LKSDB-1,T_LKSDB-1
BOALF,2026-09-23,45,45,2026-09-23T21:07:00Z,2026-09-23T21:08:00Z,0,-74,57641,2026-09-23T21:04:00Z,False,False,ORI,False,False,LKSDB-1,T_LKSDB-1
BOALF,2026-09-23,45,45,2026-09-23T21:02:00Z,2026-09-23T21:03:00Z,-39,0,57640,2026-09-23T20:36:00Z,False,False,ORI,False,False,LKSDB-1,T_LKSDB-1
BOALF,2026-09-23,45,45,2026-09-23T21:00:00Z,2026-09-23T21:02:00Z,-39,-39,57640,2026-09-23T20:36:00Z,False,False,ORI,False,False,LKSDB-1,T_LKSDB-1
BOALF,2026-09-23,44,45,2026-09-23T20:59:00Z,2026-09-23T21:00:00Z,-74,0,57639,2026-09-23T20:35:00Z,False,False,ORI,False,False,LKSDB-1,T_LKSDB-1
BOALF,2026-09-23,44,45,2026-09-23T20:59:00Z,2026-09-23T21:00:00Z,-74,-39,57640,2026-09-23T20:36:00Z,False,False,ORI,False,False,LKSDB-1,T_LKSDB-1
BOALF,2026-09-23,44,44,2026-09-23T20:45:00Z,2026-09-23T20:59:00Z,-74,-74,57639,2026-09-23T20:35:00Z,False,False,ORI,False,False,LKSDB-1,T_LKSDB-1
BOALF,2026-09-23,44,44,2026-09-23T20:45:00Z,2026-09-23T20:46:00Z,-74,0,57638,2026-09-23T20:24:00Z,False,False,ORI,False,False,LKSDB-1,T_LKSDB-1
BOALF,2026-09-23,44,44,2026-09-23T20:42:00Z,2026-09-23T20:43:00Z,-71,0,57636,2026-09-23T20:21:00Z,False,False,ORI,False,False,LKSDB-1,T_LKSDB-1
BOALF,2026-09-23,44,44,2026-09-23T20:32:00Z,2026-09-23T20:42:00Z,-71,-71,57636,2026-09-23T20:21:00Z,False,False,ORI,False,False,LKSDB-1,T_LKSDB-1
BOALF,2026-09-23,44,44,2026-09-23T20:31:00Z,2026-09-23T20:32:00Z,0,-71,57636,2026-09-23T20:21:00Z,False,False,ORI,False,False,LKSDB-1,T_LKSDB-1
BOALF,2026-09-23,44,44,2026-09-23T20:30:00Z,2026-09-23T20:45:00Z,-74,-74,57638,2026-09-23T20:24:00Z,False,False,ORI,False,False,LKSDB-1,T_LKSDB-1
BOALF,2026-09-23,43,44,2026-09-23T20:29:00Z,2026-09-23T20:30:00Z,-72,0,57637,2026-09-23T20:23:00Z,False,False,ORI,False,False,LKSDB-1,T_LKSDB-1
BOALF,2026-09-23,43,44,2026-09-23T20:29:00Z,2026-09-23T20:30:00Z,-72,-74,57638,2026-09-23T20:24:00Z,False,False,ORI,False,False,LKSDB-1,T_LKSDB-1
BOALF,2026-09-23,43,43,2026-09-23T20:28:00Z,2026-09-23T20:29:00Z,-72,0,57634,2026-09-23T20:09:00Z,False,False,ORI,False,False,LKSDB-1,T_LKSDB-1
BOALF,2026-09-23,43,43,2026-09-23T20:28:00Z,2026-09-23T20:29:00Z,-72,-72,57637,2026-09-23T20:23:00Z,False,False,ORI,False,False,LKSDB-1,T_LKSDB-1
BOALF,2026-09-23,43,43,2026-09-23T20:23:00Z,2026-09-23T20:24:00Z,-74,-72,57635,2026-09-23T20:12:00Z,False,False,ORI,False,False,LKSDB-1,T_LKSDB-1
BOALF,2026-09-23,43,43,2026-09-23T20:19:00Z,2026-09-23T20:20:00Z,-71,0,57633,2026-09-23T20:06:00Z,False,False,ORI,False,False,LKSDB-1,T_LKSDB-1
BOALF,2026-09-23,43,43,2026-09-23T20:17:00Z,2026-09-23T20:28:00Z,-72,-72,57634,2026-09-23T20:09:00Z,False,False,ORI,False,False,LKSDB-1,T_LKSDB-1
BOALF,2026-09-23,43,43,2026-09-23T20:17:00Z,2026-09-23T20:23:00Z,-74,-74,57635,2026-09-23T20:12:00Z,False,False,ORI,False,False,LKSDB-1,T_LKSDB-1
BOALF,2026-09-23,43,43,2026-09-23T20:16:00Z,2026-09-23T20:17:00Z,-71,-72,57634,2026-09-23T20:09:00Z,False,False,ORI,False,False,LKSDB-1,T_LKSDB-1
BOALF,2026-09-23,43,43,2026-09-23T20:16:00Z,2026-09-23T20:17:00Z,-71,-74,57635,2026-09-23T20:12:00Z,False,False,ORI,False,False,LKSDB-1,T_LKSDB-1
BOALF,2026-09-23,43,43,2026-09-23T20:14:00Z,2026-09-23T20:19:00Z,-71,-71,57633,2026-09-23T20:06:00Z,False,False,ORI,False,False,LKSDB-1,T_LKSDB-1
BOALF,2026-09-23,43,43,2026-09-23T20:13:00Z,2026-09-23T20:14:00Z,-60,0,57632,2026-09-23T19:56:00Z,False,False,ORI,False,False,LKSDB-1,T_LKSDB-1
BOALF,2026-09-23,43,43,2026-09-23T20:13:00Z,2026-09-23T20:14:00Z,-60,-71,57633,2026-09-23T20:06:00Z,False,False,ORI,False,False,LKSDB-1,T_LKSDB-1
BOALF,2026-09-23,43,43,2026-09-23T20:11:00Z,2026-09-23T20:13:00Z,-60,-60,57632,2026-09-23T19:56:00Z,False,False,ORI,False,False,LKSDB-1,T_LKSDB-1
BOALF,2026-09-23,43,43,2026-09-23T20:10:00Z,2026-09-23T20:11:00Z,-74,0,57631,2026-09-23T19:55:00Z,False,False,ORI,False,False,LKSDB-1,T_LKSDB-1
BOALF,2026-09-23,43,43,2026-09-23T20:10:00Z,2026-09-23T20:11:00Z,-74,-60,57632,2026-09-23T19:56:00Z,False,False,ORI,False,False,LKSDB-1,T_LKSDB-1
BOALF,2026-09-23,43,43,2026-09-23T20:02:00Z,2026-09-23T20:10:00Z,-74,-74,57631,2026-09-23T19:55:00Z,False,False,ORI,False,False,LKSDB-1,T_LKSDB-1
BOALF,2026-09-23,43,43,2026-09-23T20:02:00Z,2026-09-23T20:03:00Z,-74,0,57629,2026-09-23T19:32:00Z,False,False,ORI,False,False,LKSDB-1,T_LKSDB-1
BOALF,2026-09-23,43,43,2026-09-23T20:00:00Z,2026-09-23T20:02:00Z,-74,-74,57629,2026-09-23T19:32:00Z,False,False,ORI,False,False,LKSDB-1,T_LKSDB-1
BOALF,2026-09-23,42,43,2026-09-23T19:59:00Z,2026-09-23T20:00:00Z,0,-74,57629,2026-09-23T19:32:00Z,False,False,ORI,False,False,LKSDB-1,T_LKSDB-1
BOALF,2026-09-23,42,43,2026-09-23T19:56:00Z,2026-09-23T20:00:00Z,-74,-74,57630,2026-09-23T19:52:00Z,False,False,ORI,False,False,LKSDB-1,T_LKSDB-1
BOALF,2026-09-23,42,42,2026-09-23T19:55:00Z,2026-09-23T19:56:00Z,0,-74,57630,2026-09-23T19:52:00Z,False,False,ORI,False,False,LKSDB-1,T_LKSDB-1
BOALF,2026-09-23,42,43,2026-09-23T19:45:00Z,2026-09-23T20:00:00Z,0,0,57628,2026-09-23T19:30:00Z,False,False,ORI,False,False,LKSDB-1,T_LKSDB-1
BOALF,2026-09-23,42,42,2026-09-23T19:45:00Z,2026-09-23T19:46:00Z,0,75,57627,2026-09-23T19:26:00Z,False,False,ORI,False,False,LKSDB-1,T_LKSDB-1
BOALF,2026-09-23,42,42,2026-09-23T19:42:00Z,2026-09-23T19:43:00Z,35,75,57626,2026-09-23T19:25:00Z,False,False,ORI,False,False,LKSDB-1,T_LKSDB-1
BOALF,2026-09-23,42,42,2026-09-23T19:39:00Z,2026-09-23T19:42:00Z,35,35,57626,2026-09-23T19:25:00Z,False,False,ORI,False,False,LKSDB-1,T_LKSDB-1
BOALF,2026-09-23,42,42,2026-09-23T19:38:00Z,2026-09-23T19:45:00Z,0,0,57627,2026-09-23T19:26:00Z,False,False,ORI,False,False,LKSDB-1,T_LKSDB-1
BOALF,2026-09-23,42,42,2026-09-23T19:38:00Z,2026-09-23T19:39:00Z,0,75,57625,2026-09-23T19:24:00Z,False,False,ORI,False,False,LKSDB-1,T_LKSDB-1
BOALF,2026-09-23,42,42,2026-09-23T19:38:00Z,2026-09-23T19:39:00Z,0,35,57626,2026-09-23T19:25:00Z,False,False,ORI,False,False,LKSDB-1,T_LKSDB-1
BOALF,2026-09-23,42,42,2026-09-23T19:34:00Z,2026-09-23T19:38:00Z,0,0,57625,2026-09-23T19:24:00Z,False,False,ORI,False,False,LKSDB-1,T_LKSDB-1
BOALF,2026-09-23,42,42,2026-09-23T19:34:00Z,2026-09-23T19:35:00Z,0,75,57624,2026-09-23T19:10:00Z,False,False,ORI,False,False,LKSDB-1,T_LKSDB-1
BOALF,2026-09-23,42,42,2026-09-23T19:30:00Z,2026-09-23T19:34:00Z,0,0,57624,2026-09-23T19:10:00Z,False,False,ORI,False,False,LKSDB-1,T_LKSDB-1
BOALF,2026-09-23,41,42,2026-09-23T19:29:00Z,2026-09-23T19:30:00Z,58,75,57623,2026-09-23T19:09:00Z,False,False,ORI,False,False,LKSDB-1,T_LKSDB-1
BOALF,2026-09-23,41,42,2026-09-23T19:29:00Z,2026-09-23T19:30:00Z,58,0,57624,2026-09-23T19:10:00Z,False,False,ORI,False,False,LKSDB-1,T_LKSDB-1
BOALF,2026-09-23,41,41,2026-09-23T19:27:00Z,2026-09-23T19:29:00Z,58,58,57623,2026-09-23T19:09:00Z,False,False,ORI,False,False,LKSDB-1,T_LKSDB-1
BOALF,2026-09-23,41,41,2026-09-23T19:26:00Z,2026-09-23T19:27:00Z,63,75,57622,2026-09-23T19:08:00Z,False,False,ORI,False,False,LKSDB-1,T_LKSDB-1
BOALF,2026-09-23,41,41,2026-09-23T19:26:00Z,2026-09-23T19:27:00Z,63,58,57623,2026-09-23T19:09:00Z,False,False,ORI,False,False,LKSDB-1,T_LKSDB-1
BOALF,2026-09-23,41,41,2026-09-23T19:23:00Z,2026-09-23T19:26:00Z,63,63,57622,2026-09-23T19:08:00Z,False,False,ORI,False,False,LKSDB-1,T_LKSDB-1
BOALF,2026-09-23,41,41,2026-09-23T19:22:00Z,2026-09-23T19:23:00Z,75,63,57622,2026-09-23T19:08:00Z,False,False,ORI,False,False,LKSDB-1,T_LKSDB-1
BOALF,2026-09-23,41,41,2026-09-23T19:16:00Z,2026-09-23T19:17:00Z,0,75,57621,2026-09-23T19:07:00Z,False,False,ORI,False,False,LKSDB-1,T_LKSDB-1
BOALF,2026-09-23,41,41,2026-09-23T19:11:00Z,2026-09-23T19:16:00Z,0,0,57621,2026-09-23T19:07:00Z,False,False,ORI,False,False,LKSDB-1,T_LKSDB-1
BOALF,2026-09-23,41,41,2026-09-23T19:10:00Z,2026-09-23T19:11:00Z,75,0,57621,2026-09-23T19:07:00Z,False,False,ORI,False,False,LKSDB-1,T_LKSDB-1
BOALF,2026-09-23,40,41,2026-09-23T18:59:00Z,2026-09-23T19:00:00Z,40,75,57620,2026-09-23T18:45:00Z,False,False,ORI,False,False,LKSDB-1,T_LKSDB-1
BOALF,2026-09-23,40,40,2026-09-23T18:49:00Z,2026-09-23T18:59:00Z,40,40,57620,2026-09-23T18:45:00Z,False,False,ORI,False,False,LKSDB-1,T_LKSDB-1
BOALF,2026-09-23,40,40,2026-09-23T18:48:00Z,2026-09-23T18:49:00Z,54,75,57619,2026-09-23T18:43:00Z,False,False,ORI,False,False,LKSDB-1,T_LKSDB-1
BOALF,2026-09-23,40,40,2026-09-23T18:48:00Z,2026-09-23T18:49:00Z,54,40,57620,2026-09-23T18:45:00Z,False,False,ORI,False,False,LKSDB-1,T_LKSDB-1
BOALF,2026-09-23,40,40,2026-09-23T18:46:00Z,2026-09-23T18:48:00Z,54,54,57619,2026-09-23T18:43:00Z,False,False,ORI,False,False,LKSDB-1,T_LKSDB-1
BOALF,2026-09-23,40,40,2026-09-23T18:45:00Z,2026-09-23T18:46:00Z,75,54,57619,2026-09-23T18:43:00Z,False,False,ORI,False,False,LKSDB-1,T_LKSDB-1
BOALF,2026-09-23,40,40,2026-09-23T18:42:00Z,2026-09-23T18:43:00Z,0,75,57618,2026-09-23T18:38:00Z,False,False,ORI,False,False,LKSDB-1,T_LKSDB-1
BOALF,2026-09-23,40,40,2026-09-23T18:40:00Z,2026-09-23T18:42:00Z,0,0,57618,2026-09-23T18:38:00Z,False,False,ORI,False,False,LKSDB-1,T_LKSDB-1
BOALF,2026-09-23,40,40,2026-09-23T18:39:00Z,2026-09-23T18:40:00Z,75,0,57618,2026-09-23T18:38:00Z,False,False,ORI,False,False,LKSDB-1,T_LKSDB-1
BOALF,2026-09-23,39,39,2026-09-23T18:12:00Z,2026-09-23T18:13:00Z,7,75,57617,2026-09-23T18:07:00Z,False,False,ORI,False,False,LKSDB-1,T_LKSDB-1
BOALF,2026-09-23,39,39,2026-09-23T18:09:00Z,2026-09-23T18:12:00Z,7,7,57617,2026-09-23T18:07:00Z,False,False,ORI,False,False,LKSDB-1,T_LKSDB-1
BOALF,2026-09-23,39,39,2026-09-23T18:08:00Z,2026-09-23T18:09:00Z,75,7,57617,2026-09-23T18:07:00Z,False,False,ORI,False,False,LKSDB-1,T_LKSDB-1
BOALF,2026-09-23,39,39,2026-09-23T18:02:00Z,2026-09-23T18:03:00Z,-24,0,57616,2026-09-23T17:42:00Z,False,False,ORI,False,False,LKSDB-1,T_LKSDB-1
BOALF,2026-09-23,38,39,2026-09-23T17:59:00Z,2026-09-23T18:02:00Z,-24,-24,57616,2026-09-23T17:42:00Z,False,False,ORI,False,False,LKSDB-1,T_LKSDB-1
BOALF,2026-09-23,38,38,2026-09-23T17:58:00Z,2026-09-23T17:59:00Z,0,75,57615,2026-09-23T17:32:00Z,False,False,ORI,False,False,LKSDB-1,T_LKSDB-1
BOALF,2026-09-23,38,38,2026-09-23T17:58:00Z,2026-09-23T17:59:00Z,0,-24,57616,2026-09-23T17:42:00Z,False,False,ORI,False,False,LKSDB-1,T_LKSDB-1
BOALF,2026-09-23,38,38,2026-09-23T17:52:00Z,2026-09-23T17:58:00Z,0,0,57615,2026-09-23T17:32:00Z,False,False,ORI,False,False,LKSDB-1,T_LKSDB-1
BOALF,2026-09-23,38,38,2026-09-23T17:52:00Z,2026-09-23T17:53:00Z,0,75,57614,2026-09-23T17:27:00Z,False,False,ORI,False,False,LKSDB-1,T_LKSDB-1
BOALF,2026-09-23,38,38,2026-09-23T17:36:00Z,2026-09-23T17:52:00Z,0,0,57614,2026-09-23T17:27:00Z,False,False,ORI,False,False,LKSDB-1,T_LKSDB-1
BOALF,2026-09-23,38,38,2026-09-23T17:35:00Z,2026-09-23T17:36:00Z,18,75,57613,2026-09-23T17:26:00Z,False,False,ORI,False,False,LKSDB-1,T_LKSDB-1
BOALF,2026-09-23,38,38,2026-09-23T17:35:00Z,2026-09-23T17:36:00Z,18,0,57614,2026-09-23T17:27:00Z,False,False,ORI,False,False,LKSDB-1,T_LKSDB-1
BOALF,2026-09-23,38,38,2026-09-23T17:33:00Z,2026-09-23T17:35:00Z,18,18,57613,2026-09-23T17:26:00Z,False,False,ORI,False,False,LKSDB-1,T_LKSDB-1
BOALF,2026-09-23,38,38,2026-09-23T17:32:00Z,2026-09-23T17:33:00Z,75,18,57613,2026-09-23T17:26:00Z,False,False,ORI,False,False,LKSDB-1,T_LKSDB-1
BOALF,2026-09-23,37,38,2026-09-23T17:29:00Z,2026-09-23T17:30:00Z,-24,0,57612,2026-09-23T17:17:00Z,False,False,ORI,False,False,LKSDB-1,T_LKSDB-1
BOALF,2026-09-23,37,37,2026-09-23T17:23:00Z,2026-09-23T17:29:00Z,-24,-24,57612,2026-09-23T17:17:00Z,False,False,ORI,False,False,LKSDB-1,T_LKSDB-1
BOALF,2026-09-23,37,37,2026-09-23T17:22:00Z,2026-09-23T17:23:00Z,0,75,57611,2026-09-23T17:16:00Z,False,False,ORI,False,False,LKSDB-1,T_LKSDB-1
BOALF,2026-09-23,37,37,2026-09-23T17:22:00Z,2026-09-23T17:23:00Z,0,-24,57612,2026-09-23T17:17:00Z,False,False,ORI,False,False,LKSDB-1,T_LKSDB-1
BOALF,2026-09-23,37,37,2026-09-23T17:20:00Z,2026-09-23T17:22:00Z,0,0,57611,2026-09-23T17:16:00Z,False,False,ORI,False,False,LKSDB-1,T_LKSDB-1
BOALF,2026-09-23,37,37,2026-09-23T17:20:00Z,2026-09-23T17:21:00Z,0,75,57610,2026-09-23T17:13:00Z,False,False,ORI,False,False,LKSDB-1,T_LKSDB-1
BOALF,2026-09-23,37,37,2026-09-23T17:18:00Z,2026-09-23T17:20:00Z,0,0,57610,2026-09-23T17:13:00Z,False,False,ORI,False,False,LKSDB-1,T_LKSDB-1
BOALF,2026-09-23,37,37,2026-09-23T17:17:00Z,2026-09-23T17:18:00Z,75,0,57610,2026-09-23T17:13:00Z,False,False,ORI,False,False,LKSDB-1,T_LKSDB-1
BOALF,2026-09-23,37,37,2026-09-23T17:12:00Z,2026-09-23T17:13:00Z,0,75,57609,2026-09-23T17:05:00Z,False,False,ORI,False,False,LKSDB-1,T_LKSDB-1
BOALF,2026-09-23,37,37,2026-09-23T17:08:00Z,2026-09-23T17:12:00Z,0,0,57609,2026-09-23T17:05:00Z,False,False,ORI,False,False,LKSDB-1,T_LKSDB-1
BOALF,2026-09-23,37,37,2026-09-23T17:08:00Z,2026-09-23T17:09:00Z,0,75,57608,2026-09-23T16:59:00Z,False,False,ORI,False,False,LKSDB-1,T_LKSDB-1
BOALF,2026-09-23,37,37,2026-09-23T17:06:00Z,2026-09-23T17:08:00Z,0,0,57608,2026-09-23T16:59:00Z,False,False,ORI,False,False,LKSDB-1,T_LKSDB-1
BOALF,2026-09-23,37,37,2026-09-23T17:05:00Z,2026-09-23T17:06:00Z,75,0,57608,2026-09-23T16:59:00Z,False,False,ORI,False,False,LKSDB-1,T_LKSDB-1
BOALF,2026-09-23,37,37,2026-09-23T17:00:00Z,2026-09-23T17:01:00Z,0,75,57607,2026-09-23T16:51:00Z,False,False,ORI,False,False,LKSDB-1,T_LKSDB-1
BOALF,2026-09-23,36,37,2026-09-23T16:54:00Z,2026-09-23T17:00:00Z,0,0,57607,2026-09-23T16:51:00Z,False,False,ORI,False,False,LKSDB-1,T_LKSDB-1
BOALF,2026-09-23,36,36,2026-09-23T16:54:00Z,2026-09-23T16:55:00Z,55,75,57606,2026-09-23T16:39:00Z,False,False,ORI,False,False,LKSDB-1,T_LKSDB-1
BOALF,2026-09-23,36,36,2026-09-23T16:53:00Z,2026-09-23T16:54:00Z,55,0,57607,2026-09-23T16:51:00Z,False,False,ORI,False,False,LKSDB-1,T_LKSDB-1
BOALF,2026-09-23,36,36,2026-09-23T16:51:00Z,2026-09-23T16:54:00Z,55,55,57606,2026-09-23T16:39:00Z,False,False,ORI,False,False,LKSDB-1,T_LKSDB-1
BOALF,2026-09-23,36,36,2026-09-23T16:50:00Z,2026-09-23T16:51:00Z,7,75,57605,2026-09-23T16:38:00Z,False,False,ORI,False,False,LKSDB-1,T_LKSDB-1
BOALF,2026-09-23,36,36,2026-09-23T16:50:00Z,2026-09-23T16:51:00Z,7,55,57606,2026-09-23T16:39:00Z,False,False,ORI,False,False,LKSDB-1,T_LKSDB-1
BOALF,2026-09-23,36,36,2026-09-23T16:48:00Z,2026-09-23T16:50:00Z,7,7,57605,2026-09-23T16:38:00Z,False,False,ORI,False,False,LKSDB-1,T_LKSDB-1
BOALF,2026-09-23,36,36,2026-09-23T16:47:00Z,2026-09-23T16:48:00Z,75,7,57605,2026-09-23T16:38:00Z,False,False,ORI,False,False,LKSDB-1,T_LKSDB-1
BOALF,2026-09-23,36,36,2026-09-23T16:44:00Z,2026-09-23T16:45:00Z,-8,0,57604,2026-09-23T16:36:00Z,False,False,ORI,False,False,LKSDB-1,T_LKSDB-1
BOALF,2026-09-23,36,36,2026-09-23T16:43:00Z,2026-09-23T16:44:00Z,0,75,57601,2026-09-23T16:19:00Z,False,False,ORI,False,False,LKSDB-1,T_LKSDB-1
BOALF,2026-09-23,36,36,2026-09-23T16:39:00Z,2026-09-23T16:44:00Z,-8,-8,57604,2026-09-23T16:36:00Z,False,False,ORI,False,False,LKSDB-1,T_LKSDB-1
BOALF,2026-09-23,36,36,2026-09-23T16:39:00Z,2026-09-23T16:40:00Z,-8,0,57603,2026-09-23T16:33:00Z,False,False,ORI,False,False,LKSDB-1,T_LKSDB-1
BOALF,2026-09-23,36,36,2026-09-23T16:38:00Z,2026-09-23T16:39:00Z,-8,0,57602,2026-09-23T16:31:00Z,False,False,ORI,False,False,LKSDB-1,T_LKSDB-1
BOALF,2026-09-23,36,36,2026-09-23T16:38:00Z,2026-09-23T16:39:00Z,-8,-8,57603,2026-09-23T16:33:00Z,False,False,ORI,False,False,LKSDB-1,T_LKSDB-1
BOALF,2026-09-23,36,36,2026-09-23T16:33:00Z,2026-09-23T16:38:00Z,-8,-8,57602,2026-09-23T16:31:00Z,False,False,ORI,False,False,LKSDB-1,T_LKSDB-1
BOALF,2026-09-23,36,36,2026-09-23T16:32:00Z,2026-09-23T16:33:00Z,0,-8,57602,2026-09-23T16:31:00Z,False,False,ORI,False,False,LKSDB-1,T_LKSDB-1
BOALF,2026-09-23,36,36,2026-09-23T16:30:00Z,2026-09-23T16:31:00Z,3,75,57600,2026-09-23T16:16:00Z,False,False,ORI,False,False,LKSDB-1,T_LKSDB-1
BOALF,2026-09-23,35,36,2026-09-23T16:24:00Z,2026-09-23T16:43:00Z,0,0,57601,2026-09-23T16:19:00Z,False,False,ORI,False,False,LKSDB-1,T_LKSDB-1
BOALF,2026-09-23,35,36,2026-09-23T16:24:00Z,2026-09-23T16:30:00Z,3,3,57600,2026-09-23T16:16:00Z,False,False,ORI,False,False,LKSDB-1,T_LKSDB-1
BOALF,2026-09-23,35,35,2026-09-23T16:23:00Z,2026-09-23T16:24:00Z,75,3,57600,2026-09-23T16:16:00Z,False,False,ORI,False,False,LKSDB-1,T_LKSDB-1
BOALF,2026-09-23,35,35,2026-09-23T16:23:00Z,2026-09-23T16:24:00Z,75,0,57601,2026-09-23T16:19:00Z,False,False,ORI,False,False,LKSDB-1,T_LKSDB-1
BOALF,2026-09-23,35,35,2026-09-23T16:20:00Z,2026-09-23T16:21:00Z,0,75,57599,2026-09-23T15:51:00Z,False,False,ORI,False,False,LKSDB-1,T_LKSDB-1
BOALF,2026-09-23,35,35,2026-09-23T16:00:00Z,2026-09-23T16:20:00Z,0,0,57599,2026-09-23T15:51:00Z,False,False,ORI,False,False,LKSDB-1,T_LKSDB-1
BOALF,2026-09-23,30,30,2026-09-23T13:55:00Z,2026-09-23T13:56:00Z,-34,0,57597,2026-09-23T13:45:00Z,False,False,ORI,False,False,LKSDB-1,T_LKSDB-1
BOALF,2026-09-23,30,30,2026-09-23T13:55:00Z,2026-09-23T13:56:00Z,0,0,57598,2026-09-23T13:49:00Z,False,False,ORI,False,False,LKSDB-1,T_LKSDB-1
BOALF,2026-09-23,30,30,2026-09-23T13:54:00Z,2026-09-23T13:55:00Z,-34,0,57596,2026-09-23T13:38:00Z,False,False,ORI,False,False,LKSDB-1,T_LKSDB-1
BOALF,2026-09-23,30,30,2026-09-23T13:54:00Z,2026-09-23T13:55:00Z,-34,-34,57597,2026-09-23T13:45:00Z,False,False,ORI,False,False,LKSDB-1,T_LKSDB-1
BOALF,2026-09-23,30,30,2026-09-23T13:54:00Z,2026-09-23T13:55:00Z,-34,0,57598,2026-09-23T13:49:00Z,False,False,ORI,False,False,LKSDB-1,T_LKSDB-1
BOALF,2026-09-23,30,30,2026-09-23T13:51:00Z,2026-09-23T13:54:00Z,-34,-34,57596,2026-09-23T13:38:00Z,False,False,ORI,False,False,LKSDB-1,T_LKSDB-1
BOALF,2026-09-23,30,30,2026-09-23T13:51:00Z,2026-09-23T13:52:00Z,-34,0,57595,2026-09-23T13:32:00Z,False,False,ORI,False,False,LKSDB-1,T_LKSDB-1
BOALF,2026-09-23,30,30,2026-09-23T13:42:00Z,2026-09-23T13:51:00Z,-34,-34,57595,2026-09-23T13:32:00Z,False,False,ORI,False,False,LKSDB-1,T_LKSDB-1
BOALF,2026-09-23,30,30,2026-09-23T13:42:00Z,2026-09-23T13:43:00Z,-34,0,57594,2026-09-23T13:27:00Z,False,False,ORI,False,False,LKSDB-1,T_LKSDB-1
BOALF,2026-09-23,30,30,2026-09-23T13:37:00Z,2026-09-23T13:42:00Z,-34,-34,57594,2026-09-23T13:27:00Z,False,False,ORI,False,False,LKSDB-1,T_LKSDB-1
BOALF,2026-09-23,30,30,2026-09-23T13:37:00Z,2026-09-23T13:38:00Z,-34,0,57593,2026-09-23T13:25:00Z,False,False,ORI,False,False,LKSDB-1,T_LKSDB-1
BOALF,2026-09-23,30,30,2026-09-23T13:31:00Z,2026-09-23T13:37:00Z,-34,-34,57593,2026-09-23T13:25:00Z,False,False,ORI,False,False,LKSDB-1,T_LKSDB-1
BOALF,2026-09-23,30,30,2026-09-23T13:31:00Z,2026-09-23T13:32:00Z,-34,0,57590,2026-09-23T13:18:00Z,False,False,ORI,False,False,LKSDB-1,T_LKSDB-1
BOALF,2026-09-23,29,30,2026-09-23T13:29:00Z,2026-09-23T13:30:00Z,-36,-34,57592,2026-09-23T13:23:00Z,False,False,ORI,False,False,LKSDB-1,T_LKSDB-1
BOALF,2026-09-23,29,29,2026-09-23T13:26:00Z,2026-09-23T13:29:00Z,-36,-36,57592,2026-09-23T13:23:00Z,False,False,ORI,False,False,LKSDB-1,T_LKSDB-1
BOALF,2026-09-23,29,29,2026-09-23T13:26:00Z,2026-09-23T13:27:00Z,-36,-34,57591,2026-09-23T13:19:00Z,False,False,ORI,False,False,LKSDB-1,T_LKSDB-1
BOALF,2026-09-23,29,29,2026-09-23T13:24:00Z,2026-09-23T13:26:00Z,-36,-36,57591,2026-09-23T13:19:00Z,False,False,ORI,False,False,LKSDB-1,T_LKSDB-1
BOALF,2026-09-23,29,29,2026-09-23T13:23:00Z,2026-09-23T13:24:00Z,-34,-36,57591,2026-09-23T13:19:00Z,False,False,ORI,False,False,LKSDB-1,T_LKSDB-1
BOALF,2026-09-23,29,30,2026-09-23T13:21:00Z,2026-09-23T13:31:00Z,-34,-34,57590,2026-09-23T13:18:00Z,False,False,ORI,False,False,LKSDB-1,T_LKSDB-1
BOALF,2026-09-23,29,29,2026-09-23T13:20:00Z,2026-09-23T13:21:00Z,0,-34,57590,2026-09-23T13:18:00Z,False,False,ORI,False,False,LKSDB-1,T_LKSDB-1
BOALF,2026-09-23,29,29,2026-09-23T13:15:00Z,2026-09-23T13:16:00Z,-9,0,57589,2026-09-23T12:34:00Z,False,False,ORI,False,False,LKSDB-1,T_LKSDB-1
BOALF,2026-09-23,29,29,2026-09-23T13:12:00Z,2026-09-23T13:15:00Z,-9,-9,57589,2026-09-23T12:34:00Z,False,False,ORI,False,False,LKSDB-1,T_LKSDB-1
BOALF,2026-09-23,29,29,2026-09-23T13:11:00Z,2026-09-23T13:12:00Z,0,-9,57589,2026-09-23T12:34:00Z,False,False,ORI,False,False,LKSDB-1,T_LKSDB-1
BOALF,2026-09-23,28,29,2026-09-23T12:59:00Z,2026-09-23T13:00:00Z,-18,0,57587,2026-09-23T12:27:00Z,False,False,ORI,False,False,LKSDB-1,T_LKSDB-1
BOALF,2026-09-23,28,28,2026-09-23T12:45:00Z,2026-09-23T12:46:00Z,-44,-18,57588,2026-09-23T12:31:00Z,False,False,ORI,False,False,LKSDB-1,T_LKSDB-1
BOALF,2026-09-23,28,28,2026-09-23T12:44:00Z,2026-09-23T12:59:00Z,-18,-18,57587,2026-09-23T12:27:00Z,False,False,ORI,False,False,LKSDB-1,T_LKSDB-1
BOALF,2026-09-23,28,28,2026-09-23T12:43:00Z,2026-09-23T12:45:00Z,-44,-44,57588,2026-09-23T12:31:00Z,False,False,ORI,False,False,LKSDB-1,T_LKSDB-1
BOALF,2026-09-23,28,28,2026-09-23T12:43:00Z,2026-09-23T12:44:00Z,-8,-18,57587,2026-09-23T12:27:00Z,False,False,ORI,False,False,LKSDB-1,T_LKSDB-1
BOALF,2026-09-23,28,28,2026-09-23T12:42:00Z,2026-09-23T12:43:00Z,-8,-44,57588,2026-09-23T12:31:00Z,False,False,ORI,False,False,LKSDB-1,T_LKSDB-1
BOALF,2026-09-23,28,28,2026-09-23T12:32:00Z,2026-09-23T12:33:00Z,0,-8,57586,2026-09-23T12:16:00Z,False,False,ORI,False,False,LKSDB-1,T_LKSDB-1
BOALF,2026-09-23,28,28,2026-09-23T12:30:00Z,2026-09-23T12:32:00Z,0,0,57586,2026-09-23T12:16:00Z,False,False,ORI,False,False,LKSDB-1,T_LKSDB-1
BOALF,2026-09-23,26,26,2026-09-23T11:44:00Z,2026-09-23T11:45:00Z,-34,0,57585,2026-09-23T11:36:00Z,False,False,ORI,False,False,LKSDB-1,T_LKSDB-1
BOALF,2026-09-23,26,26,2026-09-23T11:42:00Z,2026-09-23T11:44:00Z,-34,-34,57585,2026-09-23T11:36:00Z,False,False,ORI,False,False,LKSDB-1,T_LKSDB-1
BOALF,2026-09-23,26,26,2026-09-23T11:41:00Z,2026-09-23T11:42:00Z,0,-34,57585,2026-09-23T11:36:00Z,False,False,ORI,False,False,LKSDB-1,T_LKSDB-1
BOALF,2026-09-23,26,26,2026-09-23T11:38:00Z,2026-09-23T11:39:00Z,-11,0,57584,2026-09-23T11:33:00Z,False,False,ORI,False,False,LKSDB-1,T_LKSDB-1
BOALF,2026-09-23,26,26,2026-09-23T11:36:00Z,2026-09-23T11:38:00Z,-11,-11,57584,2026-09-23T11:33:00Z,False,False,ORI,False,False,LKSDB-1,T_LKSDB-1
BOALF,2026-09-23,26,26,2026-09-23T11:35:00Z,2026-09-23T11:36:00Z,0,-11,57584,2026-09-23T11:33:00Z,False,False,ORI,False,False,LKSDB-1,T_LKSDB-1
BOALF,2026-09-23,25,25,2026-09-23T11:12:00Z,2026-09-23T11:13:00Z,-74,0,57583,2026-09-23T10:37:00Z,False,False,ORI,False,False,LKSDB-1,T_LKSDB-1
BOALF,2026-09-23,25,25,2026-09-23T11:02:00Z,2026-09-23T11:12:00Z,-74,-74,57583,2026-09-23T10:37:00Z,False,False,ORI,False,False,LKSDB-1,T_LKSDB-1
BOALF,2026-09-23,25,25,2026-09-23T11:01:00Z,2026-09-23T11:02:00Z,-54,0,57582,2026-09-23T10:36:00Z,False,False,ORI,False,False,LKSDB-1,T_LKSDB-1
BOALF,2026-09-23,25,25,2026-09-23T11:01:00Z,2026-09-23T11:02:00Z,-54,-74,57583,2026-09-23T10:37:00Z,False,False,ORI,False,False,LKSDB-1,T_LKSDB-1
BOALF,2026-09-23,24,25,2026-09-23T10:59:00Z,2026-09-23T11:01:00Z,-54,-54,57582,2026-09-23T10:36:00Z,False,False,ORI,False,False,LKSDB-1,T_LKSDB-1
BOALF,2026-09-23,24,24,2026-09-23T10:58:00Z,2026-09-23T10:59:00Z,0,-54,57582,2026-09-23T10:36:00Z,False,False,ORI,False,False,LKSDB-1,T_LKSDB-1
BOALF,2026-09-23,24,24,2026-09-23T10:30:00Z,2026-09-23T10:31:00Z,-12,0,57581,2026-09-23T10:10:00Z,False,False,ORI,False,False,LKSDB-1,T_LKSDB-1
BOALF,2026-09-23,23,24,2026-09-23T10:28:00Z,2026-09-23T10:30:00Z,-12,-12,57581,2026-09-23T10:10:00Z,False,False,ORI,False,False,LKSDB-1,T_LKSDB-1
BOALF,2026-09-23,23,23,2026-09-23T10:27:00Z,2026-09-23T10:28:00Z,0,-12,57581,2026-09-23T10:10:00Z,False,False,ORI,False,False,LKSDB-1,T_LKSDB-1
BOALF,2026-09-23,23,23,2026-09-23T10:04:00Z,2026-09-23T10:05:00Z,-10,0,57380,2026-09-23T09:09:00Z,False,False,ORI,False,False,LKSDB-1,T_LKSDB-1
BOALF,2026-09-23,23,23,2026-09-23T10:02:00Z,2026-09-23T10:04:00Z,-10,-10,57380,2026-09-23T09:09:00Z,False,False,ORI,False,False,LKSDB-1,T_LKSDB-1
BOALF,2026-09-23,23,23,2026-09-23T10:02:00Z,2026-09-23T10:03:00Z,-10,0,57379,2026-09-23T09:06:00Z,False,False,ORI,False,False,LKSDB-1,T_LKSDB-1
BOALF,2026-09-23,22,23,2026-09-23T09:48:00Z,2026-09-23T10:02:00Z,-10,-10,57379,2026-09-23T09:06:00Z,False,False,ORI,False,False,LKSDB-1,T_LKSDB-1
BOALF,2026-09-23,22,22,2026-09-23T09:48:00Z,2026-09-23T09:49:00Z,-10,0,57378,2026-09-23T09:04:00Z,False,False,ORI,False,False,LKSDB-1,T_LKSDB-1
BOALF,2026-09-23,21,22,2026-09-23T09:25:00Z,2026-09-23T09:48:00Z,-10,-10,57378,2026-09-23T09:04:00Z,False,False,ORI,False,False,LKSDB-1,T_LKSDB-1
BOALF,2026-09-23,21,21,2026-09-23T09:24:00Z,2026-09-23T09:25:00Z,-7,0,57377,2026-09-23T09:03:00Z,False,False,ORI,False,False,LKSDB-1,T_LKSDB-1
BOALF,2026-09-23,21,21,2026-09-23T09:24:00Z,2026-09-23T09:25:00Z,-7,-10,57378,2026-09-23T09:04:00Z,False,False,ORI,False,False,LKSDB-1,T_LKSDB-1
BOALF,2026-09-23,21,21,2026-09-23T09:22:00Z,2026-09-23T09:24:00Z,-7,-7,57377,2026-09-23T09:03:00Z,False,False,ORI,False,False,LKSDB-1,T_LKSDB-1
BOALF,2026-09-23,21,21,2026-09-23T09:21:00Z,2026-09-23T09:22:00Z,-10,0,57376,2026-09-23T09:02:00Z,False,False,ORI,False,False,LKSDB-1,T_LKSDB-1
BOALF,2026-09-23,21,21,2026-09-23T09:21:00Z,2026-09-23T09:22:00Z,-10,-7,57377,2026-09-23T09:03:00Z,False,False,ORI,False,False,LKSDB-1,T_LKSDB-1
BOALF,2026-09-23,21,21,2026-09-23T09:19:00Z,2026-09-23T09:21:00Z,-10,-10,57376,2026-09-23T09:02:00Z,False,False,ORI,False,False,LKSDB-1,T_LKSDB-1
BOALF,2026-09-23,21,21,2026-09-23T09:19:00Z,2026-09-23T09:20:00Z,-10,0,57369,2026-09-23T08:43:00Z,False,False,ORI,False,False,LKSDB-1,T_LKSDB-1
BOALF,2026-09-23,21,21,2026-09-23T09:17:00Z,2026-09-23T09:19:00Z,-10,-10,57369,2026-09-23T08:43:00Z,False,False,ORI,False,False,LKSDB-1,T_LKSDB-1
BOALF,2026-09-23,21,21,2026-09-23T09:16:00Z,2026-09-23T09:17:00Z,0,-10,57369,2026-09-23T08:43:00Z,False,False,ORI,False,False,LKSDB-1,T_LKSDB-1
BOALF,2026-09-23,21,21,2026-09-23T09:15:00Z,2026-09-23T09:17:00Z,-10,-10,57371,2026-09-23T08:46:00Z,False,False,ORI,False,False,LKSDB-1,T_LKSDB-1
BOALF,2026-09-23,21,21,2026-09-23T09:14:00Z,2026-09-23T09:15:00Z,-3,0,57370,2026-09-23T08:45:00Z,False,False,ORI,False,False,LKSDB-1,T_LKSDB-1
BOALF,2026-09-23,21,21,2026-09-23T09:14:00Z,2026-09-23T09:15:00Z,-3,-10,57371,2026-09-23T08:46:00Z,False,False,ORI,False,False,LKSDB-1,T_LKSDB-1
BOALF,2026-09-23,21,21,2026-09-23T09:13:00Z,2026-09-23T09:15:00Z,-10,-10,57375,2026-09-23T08:58:00Z,False,False,ORI,False,False,LKSDB-1,T_LKSDB-1
BOALF,2026-09-23,21,21,2026-09-23T09:12:00Z,2026-09-23T09:13:00Z,-7,-3,57374,2026-09-23T08:57:00Z,False,False,ORI,False,False,LKSDB-1,T_LKSDB-1
BOALF,2026-09-23,21,21,2026-09-23T09:12:00Z,2026-09-23T09:13:00Z,-7,-10,57375,2026-09-23T08:58:00Z,False,False,ORI,False,False,LKSDB-1,T_LKSDB-1
BOALF,2026-09-23,21,21,2026-09-23T09:11:00Z,2026-09-23T09:12:00Z,-4,-3,57372,2026-09-23T08:47:00Z,False,False,ORI,False,False,LKSDB-1,T_LKSDB-1
BOALF,2026-09-23,21,21,2026-09-23T09:10:00Z,2026-09-23T09:12:00Z,-7,-7,57374,2026-09-23T08:57:00Z,False,False,ORI,False,False,LKSDB-1,T_LKSDB-1
BOALF,2026-09-23,21,21,2026-09-23T09:09:00Z,2026-09-23T09:10:00Z,-10,-4,57373,2026-09-23T08:56:00Z,False,False,ORI,False,False,LKSDB-1,T_LKSDB-1
BOALF,2026-09-23,21,21,2026-09-23T09:09:00Z,2026-09-23T09:10:00Z,-10,-7,57374,2026-09-23T08:57:00Z,False,False,ORI,False,False,LKSDB-1,T_LKSDB-1
BOALF,2026-09-23,21,21,2026-09-23T09:07:00Z,2026-09-23T09:14:00Z,-3,-3,57370,2026-09-23T08:45:00Z,False,False,ORI,False,False,LKSDB-1,T_LKSDB-1
BOALF,2026-09-23,21,21,2026-09-23T09:07:00Z,2026-09-23T09:11:00Z,-4,-4,57372,2026-09-23T08:47:00Z,False,False,ORI,False,False,LKSDB-1,T_LKSDB-1
BOALF,2026-09-23,21,21,2026-09-23T09:06:00Z,2026-09-23T09:07:00Z,0,-3,57370,2026-09-23T08:45:00Z,False,False,ORI,False,False,LKSDB-1,T_LKSDB-1
BOALF,2026-09-23,21,21,2026-09-23T09:06:00Z,2026-09-23T09:07:00Z,0,-4,57372,2026-09-23T08:47:00Z,False,False,ORI,False,False,LKSDB-1,T_LKSDB-1
BOALF,2026-09-23,21,21,2026-09-23T09:04:00Z,2026-09-23T09:09:00Z,-10,-10,57373,2026-09-23T08:56:00Z,False,False,ORI,False,False,LKSDB-1,T_LKSDB-1
BOALF,2026-09-23,21,21,2026-09-23T09:03:00Z,2026-09-23T09:04:00Z,0,-10,57373,2026-09-23T08:56:00Z,False,False,ORI,False,False,LKSDB-1,T_LKSDB-1
BOALF,2026-09-23,20,21,2026-09-23T08:54:00Z,2026-09-23T09:00:00Z,0,0,57368,2026-09-23T08:39:00Z,False,False,ORI,False,False,LKSDB-1,T_LKSDB-1
BOALF,2026-09-23,20,20,2026-09-23T08:54:00Z,2026-09-23T08:55:00Z,0,67,57367,2026-09-23T08:28:00Z,False,False,ORI,False,False,LKSDB-1,T_LKSDB-1
BOALF,2026-09-23,20,20,2026-09-23T08:47:00Z,2026-09-23T08:54:00Z,0,0,57367,2026-09-23T08:28:00Z,False,False,ORI,False,False,LKSDB-1,T_LKSDB-1
BOALF,2026-09-23,20,20,2026-09-23T08:47:00Z,2026-09-23T08:48:00Z,0,67,57366,2026-09-23T08:20:00Z,False,False,ORI,False,False,LKSDB-1,T_LKSDB-1
BOALF,2026-09-23,20,20,2026-09-23T08:45:00Z,2026-09-23T08:47:00Z,0,0,57366,2026-09-23T08:20:00Z,False,False,ORI,False,False,LKSDB-1,T_LKSDB-1
BOALF,2026-09-23,20,20,2026-09-23T08:45:00Z,2026-09-23T08:46:00Z,0,67,57365,2026-09-23T08:16:00Z,False,False,ORI,False,False,LKSDB-1,T_LKSDB-1
BOALF,2026-09-23,20,20,2026-09-23T08:39:00Z,2026-09-23T08:45:00Z,0,0,57365,2026-09-23T08:16:00Z,False,False,ORI,False,False,LKSDB-1,T_LKSDB-1
BOALF,2026-09-23,20,20,2026-09-23T08:39:00Z,2026-09-23T08:40:00Z,0,67,57364,2026-09-23T08:14:00Z,False,False,ORI,False,False,LKSDB-1,T_LKSDB-1
BOALF,2026-09-23,20,20,2026-09-23T08:34:00Z,2026-09-23T08:39:00Z,0,0,57364,2026-09-23T08:14:00Z,False,False,ORI,False,False,LKSDB-1,T_LKSDB-1
BOALF,2026-09-23,20,20,2026-09-23T08:34:00Z,2026-09-23T08:35:00Z,0,67,57363,2026-09-23T08:08:00Z,False,False,ORI,False,False,LKSDB-1,T_LKSDB-1
BOALF,2026-09-23,20,20,2026-09-23T08:30:00Z,2026-09-23T08:34:00Z,0,0,57363,2026-09-23T08:08:00Z,False,False,ORI,False,False,LKSDB-1,T_LKSDB-1
BOALF,2026-09-23,18,19,2026-09-23T07:59:00Z,2026-09-23T08:00:00Z,0,0,57362,2026-09-23T07:39:00Z,False,False,ORI,False,False,LKSDB-1,T_LKSDB-1
BOALF,2026-09-23,18,18,2026-09-23T07:58:00Z,2026-09-23T07:59:00Z,75,0,57362,2026-09-23T07:39:00Z,False,False,ORI,False,False,LKSDB-1,T_LKSDB-1
BOALF,2026-09-23,18,18,2026-09-23T07:32:00Z,2026-09-23T07:33:00Z,-3,0,57361,2026-09-23T07:17:00Z,False,False,ORI,False,False,LKSDB-1,T_LKSDB-1
BOALF,2026-09-23,18,18,2026-09-23T07:30:00Z,2026-09-23T07:32:00Z,-3,-3,57361,2026-09-23T07:17:00Z,False,False,ORI,False,False,LKSDB-1,T_LKSDB-1
BOALF,2026-09-23,17,18,2026-09-23T07:29:00Z,2026-09-23T07:30:00Z,0,71,57360,2026-09-23T07:16:00Z,False,False,ORI,False,False,LKSDB-1,T_LKSDB-1
BOALF,2026-09-23,17,18,2026-09-23T07:29:00Z,2026-09-23T07:30:00Z,0,-3,57361,2026-09-23T07:17:00Z,False,False,ORI,False,False,LKSDB-1,T_LKSDB-1
BOALF,2026-09-23,17,17,2026-09-23T07:25:00Z,2026-09-23T07:29:00Z,0,0,57360,2026-09-23T07:16:00Z,False,False,ORI,False,False,LKSDB-1,T_LKSDB-1
BOALF,2026-09-23,17,17,2026-09-23T07:25:00Z,2026-09-23T07:26:00Z,0,75,57359,2026-09-23T07:07:00Z,False,False,ORI,False,False,LKSDB-1,T_LKSDB-1
BOALF,2026-09-23,17,17,2026-09-23T07:21:00Z,2026-09-23T07:22:00Z,74,75,57358,2026-09-23T07:05:00Z,False,False,ORI,False,False,LKSDB-1,T_LKSDB-1
BOALF,2026-09-23,17,17,2026-09-23T07:10:00Z,2026-09-23T07:25:00Z,0,0,57359,2026-09-23T07:07:00Z,False,False,ORI,False,False,LKSDB-1,T_LKSDB-1
BOALF,2026-09-23,17,17,2026-09-23T07:09:00Z,2026-09-23T07:21:00Z,74,74,57358,2026-09-23T07:05:00Z,False,False,ORI,False,False,LKSDB-1,T_LKSDB-1
BOALF,2026-09-23,17,17,2026-09-23T07:09:00Z,2026-09-23T07:10:00Z,74,75,57356,2026-09-23T06:55:00Z,False,False,ORI,False,False,LKSDB-1,T_LKSDB-1
BOALF,2026-09-23,17,17,2026-09-23T07:09:00Z,2026-09-23T07:10:00Z,74,0,57359,2026-09-23T07:07:00Z,False,False,ORI,False,False,LKSDB-1,T_LKSDB-1
BOALF,2026-09-23,17,17,2026-09-23T07:08:00Z,2026-09-23T07:09:00Z,74,75,57355,2026-09-23T06:53:00Z,False,False,ORI,False,False,LKSDB-1,T_LKSDB-1
BOALF,2026-09-23,17,17,2026-09-23T07:08:00Z,2026-09-23T07:09:00Z,74,74,57356,2026-09-23T06:55:00Z,False,False,ORI,False,False,LKSDB-1,T_LKSDB-1
BOALF,2026-09-23,17,17,2026-09-23T07:06:00Z,2026-09-23T07:08:00Z,74,74,57355,2026-09-23T06:53:00Z,False,False,ORI,False,False,LKSDB-1,T_LKSDB-1
BOALF,2026-09-23,17,17,2026-09-23T07:05:00Z,2026-09-23T07:06:00Z,75,74,57355,2026-09-23T06:53:00Z,False,False,ORI,False,False,LKSDB-1,T_LKSDB-1
BOALF,2026-09-23,17,17,2026-09-23T07:00:00Z,2026-09-23T07:01:00Z,0,75,57357,2026-09-23T06:56:00Z,False,False,ORI,False,False,LKSDB-1,T_LKSDB-1
BOALF,2026-09-23,16,17,2026-09-23T06:57:00Z,2026-09-23T07:00:00Z,53,53,57353,2026-09-23T06:40:00Z,False,False,ORI,False,False,LKSDB-1,T_LKSDB-1
BOALF,2026-09-23,16,17,2026-09-23T06:57:00Z,2026-09-23T07:00:00Z,0,0,57357,2026-09-23T06:56:00Z,False,False,ORI,False,False,LKSDB-1,T_LKSDB-1
BOALF,2026-09-23,16,16,2026-09-23T06:57:00Z,2026-09-23T06:58:00Z,0,53,57354,2026-09-23T06:49:00Z,False,False,ORI,False,False,LKSDB-1,T_LKSDB-1
BOALF,2026-09-23,16,16,2026-09-23T06:56:00Z,2026-09-23T06:57:00Z,0,75,57352,2026-09-23T06:39:00Z,False,False,ORI,False,False,LKSDB-1,T_LKSDB-1
BOALF,2026-09-23,16,16,2026-09-23T06:56:00Z,2026-09-23T06:57:00Z,0,53,57353,2026-09-23T06:40:00Z,False,False,ORI,False,False,LKSDB-1,T_LKSDB-1
BOALF,2026-09-23,16,16,2026-09-23T06:56:00Z,2026-09-23T06:57:00Z,0,0,57354,2026-09-23T06:49:00Z,False,False,ORI,False,False,LKSDB-1,T_LKSDB-1
BOALF,2026-09-23,16,16,2026-09-23T06:48:00Z,2026-09-23T06:56:00Z,0,0,57352,2026-09-23T06:39:00Z,False,False,ORI,False,False,LKSDB-1,T_LKSDB-1
BOALF,2026-09-23,16,16,2026-09-23T06:48:00Z,2026-09-23T06:49:00Z,0,75,57351,2026-09-23T06:29:00Z,False,False,ORI,False,False,LKSDB-1,T_LKSDB-1
BOALF,2026-09-23,16,16,2026-09-23T06:47:00Z,2026-09-23T06:48:00Z,0,75,57350,2026-09-23T06:22:00Z,False,False,ORI,False,False,LKSDB-1,T_LKSDB-1
BOALF,2026-09-23,16,16,2026-09-23T06:47:00Z,2026-09-23T06:48:00Z,0,0,57351,2026-09-23T06:29:00Z,False,False,ORI,False,False,LKSDB-1,T_LKSDB-1
BOALF,2026-09-23,15,16,2026-09-23T06:28:00Z,2026-09-23T06:47:00Z,0,0,57350,2026-09-23T06:22:00Z,False,False,ORI,False,False,LKSDB-1,T_LKSDB-1
BOALF,2026-09-23,15,15,2026-09-23T06:28:00Z,2026-09-23T06:29:00Z,0,75,57348,2026-09-23T06:11:00Z,False,False,ORI,False,False,LKSDB-1,T_LKSDB-1
BOALF,2026-09-23,15,15,2026-09-23T06:26:00Z,2026-09-23T06:28:00Z,0,0,57348,2026-09-23T06:11:00Z,False,False,ORI,False,False,LKSDB-1,T_LKSDB-1
BOALF,2026-09-23,15,15,2026-09-23T06:25:00Z,2026-09-23T06:26:00Z,15,75,57347,2026-09-23T06:10:00Z,False,False,ORI,False,False,LKSDB-1,T_LKSDB-1
BOALF,2026-09-23,15,15,2026-09-23T06:25:00Z,2026-09-23T06:26:00Z,15,0,57348,2026-09-23T06:11:00Z,False,False,ORI,False,False,LKSDB-1,T_LKSDB-1
BOALF,2026-09-23,15,15,2026-09-23T06:23:00Z,2026-09-23T06:25:00Z,15,15,57347,2026-09-23T06:10:00Z,False,False,ORI,False,False,LKSDB-1,T_LKSDB-1
BOALF,2026-09-23,15,15,2026-09-23T06:22:00Z,2026-09-23T06:26:00Z,0,0,57349,2026-09-23T06:15:00Z,False,False,ORI,False,False,LKSDB-1,T_LKSDB-1
BOALF,2026-09-23,15,15,2026-09-23T06:22:00Z,2026-09-23T06:23:00Z,0,75,57346,2026-09-23T05:43:00Z,False,False,ORI,False,False,LKSDB-1,T_LKSDB-1
BOALF,2026-09-23,15,15,2026-09-23T06:22:00Z,2026-09-23T06:23:00Z,0,15,57347,2026-09-23T06:10:00Z,False,False,ORI,False,False,LKSDB-1,T_LKSDB-1
BOALF,2026-09-23,15,15,2026-09-23T06:00:00Z,2026-09-23T06:22:00Z,0,0,57346,2026-09-23T05:43:00Z,False,False,ORI,False,False,LKSDB-1,T_LKSDB-1
BOALF,2026-09-23,15,15,2026-09-23T06:00:00Z,2026-09-23T06:01:00Z,0,75,57345,2026-09-23T05:26:00Z,False,False,ORI,False,False,LKSDB-1,T_LKSDB-1
BOALF,2026-09-23,14,15,2026-09-23T05:57:00Z,2026-09-23T06:00:00Z,0,0,57345,2026-09-23T05:26:00Z,False,False,ORI,False,False,LKSDB-1,T_LKSDB-1
BOALF,2026-09-23,14,14,2026-09-23T05:56:00Z,2026-09-23T05:57:00Z,12,75,57344,2026-09-23T05:25:00Z,False,False,ORI,False,False,LKSDB-1,T_LKSDB-1
BOALF,2026-09-23,14,14,2026-09-23T05:56:00Z,2026-09-23T05:57:00Z,12,0,57345,2026-09-23T05:26:00Z,False,False,ORI,False,False,LKSDB-1,T_LKSDB-1
BOALF,2026-09-23,14,14,2026-09-23T05:51:00Z,2026-09-23T05:56:00Z,12,12,57344,2026-09-23T05:25:00Z,False,False,ORI,False,False,LKSDB-1,T_LKSDB-1
BOALF,2026-09-23,14,14,2026-09-23T05:50:00Z,2026-09-23T05:51:00Z,0,75,57343,2026-09-23T05:24:00Z,False,False,ORI,False,False,LKSDB-1,T_LKSDB-1
BOALF,2026-09-23,14,14,2026-09-23T05:50:00Z,2026-09-23T05:51:00Z,0,12,57344,2026-09-23T05:25:00Z,False,False,ORI,False,False,LKSDB-1,T_LKSDB-1
BOALF,2026-09-23,14,14,2026-09-23T05:35:00Z,2026-09-23T05:50:00Z,0,0,57343,2026-09-23T05:24:00Z,False,False,ORI,False,False,LKSDB-1,T_LKSDB-1
BOALF,2026-09-23,14,14,2026-09-23T05:35:00Z,2026-09-23T05:36:00Z,0,75,57342,2026-09-23T05:09:00Z,False,False,ORI,False,False,LKSDB-1,T_LKSDB-1
BOALF,2026-09-23,14,14,2026-09-23T05:30:00Z,2026-09-23T05:35:00Z,0,0,57342,2026-09-23T05:09:00Z,False,False,ORI,False,False,LKSDB-1,T_LKSDB-1
BOALF,2026-09-23,11,11,2026-09-23T04:02:00Z,2026-09-23T04:03:00Z,-10,0,57341,2026-09-23T03:42:00Z,False,False,ORI,False,False,LKSDB-1,T_LKSDB-1
BOALF,2026-09-23,11,11,2026-09-23T04:00:00Z,2026-09-23T04:02:00Z,-10,-10,57341,2026-09-23T03:42:00Z,False,False,ORI,False,False,LKSDB-1,T_LKSDB-1
BOALF,2026-09-23,10,11,2026-09-23T03:59:00Z,2026-09-23T04:00:00Z,0,-10,57341,2026-09-23T03:42:00Z,False,False,ORI,False,False,LKSDB-1,T_LKSDB-1
BOALF,2026-09-23,8,8,2026-09-23T02:54:00Z,2026-09-23T02:55:00Z,-74,-67,57340,2026-09-23T02:41:00Z,False,False,ORI,False,False,LKSDB-1,T_LKSDB-1
BOALF,2026-09-23,8,8,2026-09-23T02:50:00Z,2026-09-23T02:54:00Z,-74,-74,57340,2026-09-23T02:41:00Z,False,False,ORI,False,False,LKSDB-1,T_LKSDB-1
BOALF,2026-09-23,8,8,2026-09-23T02:50:00Z,2026-09-23T02:51:00Z,-74,-67,57339,2026-09-23T02:37:00Z,False,False,ORI,False,False,LKSDB-1,T_LKSDB-1
BOALF,2026-09-23,8,8,2026-09-23T02:44:00Z,2026-09-23T02:50:00Z,-74,-74,57339,2026-09-23T02:37:00Z,False,False,ORI,False,False,LKSDB-1,T_LKSDB-1
BOALF,2026-09-23,8,8,2026-09-23T02:43:00Z,2026-09-23T02:44:00Z,-67,-74,57339,2026-09-23T02:37:00Z,False,False,ORI,False,False,LKSDB-1,T_LKSDB-1
BOALF,2026-09-23,8,8,2026-09-23T02:40:00Z,2026-09-23T02:41:00Z,-74,-67,57338,2026-09-23T02:27:00Z,False,False,ORI,False,False,LKSDB-1,T_LKSDB-1
BOALF,2026-09-23,8,8,2026-09-23T02:33:00Z,2026-09-23T02:40:00Z,-74,-74,57338,2026-09-23T02:27:00Z,False,False,ORI,False,False,LKSDB-1,T_LKSDB-1
BOALF,2026-09-23,8,8,2026-09-23T02:32:00Z,2026-09-23T02:33:00Z,-69,-67,57336,2026-09-23T02:20:00Z,False,False,ORI,False,False,LKSDB-1,T_LKSDB-1
BOALF,2026-09-23,8,8,2026-09-23T02:32:00Z,2026-09-23T02:33:00Z,-69,-74,57338,2026-09-23T02:27:00Z,False,False,ORI,False,False,LKSDB-1,T_LKSDB-1
BOALF,2026-09-23,8,8,2026-09-23T02:30:00Z,2026-09-23T02:32:00Z,-69,-69,57336,2026-09-23T02:20:00Z,False,False,ORI,False,False,LKSDB-1,T_LKSDB-1
BOALF,2026-09-23,7,8,2026-09-23T02:29:00Z,2026-09-23T02:30:00Z,-61,-69,57336,2026-09-23T02:20:00Z,False,False,ORI,False,False,LKSDB-1,T_LKSDB-1
BOALF,2026-09-23,7,8,2026-09-23T02:29:00Z,2026-09-23T02:30:00Z,-74,-69,57337,2026-09-23T02:22:00Z,False,False,ORI,False,False,LKSDB-1,T_LKSDB-1
BOALF,2026-09-23,7,7,2026-09-23T02:26:00Z,2026-09-23T02:29:00Z,-74,-74,57337,2026-09-23T02:22:00Z,False,False,ORI,False,False,LKSDB-1,T_LKSDB-1
BOALF,2026-09-23,7,7,2026-09-23T02:26:00Z,2026-09-23T02:27:00Z,-74,-61,57335,2026-09-23T02:13:00Z,False,False,ORI,False,False,LKSDB-1,T_LKSDB-1
BOALF,2026-09-23,7,7,2026-09-23T02:21:00Z,2026-09-23T02:26:00Z,-74,-74,57335,2026-09-23T02:13:00Z,False,False,ORI,False,False,LKSDB-1,T_LKSDB-1
BOALF,2026-09-23,7,7,2026-09-23T02:21:00Z,2026-09-23T02:22:00Z,-74,-61,57334,2026-09-23T02:09:00Z,False,False,ORI,False,False,LKSDB-1,T_LKSDB-1
BOALF,2026-09-23,7,7,2026-09-23T02:14:00Z,2026-09-23T02:21:00Z,-74,-74,57334,2026-09-23T02:09:00Z,False,False,ORI,False,False,LKSDB-1,T_LKSDB-1
BOALF,2026-09-23,7,7,2026-09-23T02:13:00Z,2026-09-23T02:14:00Z,0,-61,57331,2026-09-23T01:52:00Z,False,False,ORI,False,False,LKSDB-1,T_LKSDB-1
BOALF,2026-09-23,7,7,2026-09-23T02:13:00Z,2026-09-23T02:14:00Z,0,-74,57334,2026-09-23T02:09:00Z,False,False,ORI,False,False,LKSDB-1,T_LKSDB-1
BOALF,2026-09-23,7,7,2026-09-23T02:09:00Z,2026-09-23T02:10:00Z,-65,0,57333,2026-09-23T02:02:00Z,False,False,ORI,False,False,LKSDB-1,T_LKSDB-1
BOALF,2026-09-23,7,7,2026-09-23T02:05:00Z,2026-09-23T02:09:00Z,-65,-65,57333,2026-09-23T02:02:00Z,False,False,ORI,False,False,LKSDB-1,T_LKSDB-1
BOALF,2026-09-23,7,7,2026-09-23T02:05:00Z,2026-09-23T02:06:00Z,-65,0,57332,2026-09-23T02:01:00Z,False,False,ORI,False,False,LKSDB-1,T_LKSDB-1
BOALF,2026-09-23,7,7,2026-09-23T02:03:00Z,2026-09-23T02:05:00Z,-65,-65,57332,2026-09-23T02:01:00Z,False,False,ORI,False,False,LKSDB-1,T_LKSDB-1
BOALF,2026-09-23,7,7,2026-09-23T02:02:00Z,2026-09-23T02:03:00Z,0,-65,57332,2026-09-23T02:01:00Z,False,False,ORI,False,False,LKSDB-1,T_LKSDB-1
BOALF,2026-09-23,6,7,2026-09-23T01:58:00Z,2026-09-23T02:13:00Z,0,0,57331,2026-09-23T01:52:00Z,False,False,ORI,False,False,LKSDB-1,T_LKSDB-1
BOALF,2026-09-23,6,7,2026-09-23T01:58:00Z,2026-09-23T02:00:00Z,-61,-61,57330,2026-09-23T01:47:00Z,False,False,ORI,False,False,LKSDB-1,T_LKSDB-1
BOALF,2026-09-23,6,6,2026-09-23T01:57:00Z,2026-09-23T01:58:00Z,-65,-61,57330,2026-09-23T01:47:00Z,False,False,ORI,False,False,LKSDB-1,T_LKSDB-1
BOALF,2026-09-23,6,6,2026-09-23T01:57:00Z,2026-09-23T01:58:00Z,-65,0,57331,2026-09-23T01:52:00Z,False,False,ORI,False,False,LKSDB-1,T_LKSDB-1
BOALF,2026-09-23,6,6,2026-09-23T01:52:00Z,2026-09-23T01:53:00Z,-74,-65,57329,2026-09-23T01:31:00Z,False,False,ORI,False,False,LKSDB-1,T_LKSDB-1
BOALF,2026-09-23,6,6,2026-09-23T01:39:00Z,2026-09-23T01:52:00Z,-74,-74,57329,2026-09-23T01:31:00Z,False,False,ORI,False,False,LKSDB-1,T_LKSDB-1
BOALF,2026-09-23,6,6,2026-09-23T01:38:00Z,2026-09-23T01:39:00Z,-65,-74,57329,2026-09-23T01:31:00Z,False,False,ORI,False,False,LKSDB-1,T_LKSDB-1
BOALF,2026-09-23,5,5,2026-09-23T01:09:00Z,2026-09-23T01:10:00Z,-61,-65,57328,2026-09-23T00:53:00Z,False,False,ORI,False,False,LKSDB-1,T_LKSDB-1
BOALF,2026-09-23,5,5,2026-09-23T01:03:00Z,2026-09-23T01:09:00Z,-61,-61,57328,2026-09-23T00:53:00Z,False,False,ORI,False,False,LKSDB-1,T_LKSDB-1
BOALF,2026-09-23,5,5,2026-09-23T01:02:00Z,2026-09-23T01:03:00Z,-50,-65,57327,2026-09-23T00:52:00Z,False,False,ORI,False,False,LKSDB-1,T_LKSDB-1
BOALF,2026-09-23,5,5,2026-09-23T01:02:00Z,2026-09-23T01:03:00Z,-50,-61,57328,2026-09-23T00:53:00Z,False,False,ORI,False,False,LKSDB-1,T_LKSDB-1
BOALF,2026-09-23,5,5,2026-09-23T01:00:00Z,2026-09-23T01:02:00Z,-50,-50,57327,2026-09-23T00:52:00Z,False,False,ORI,False,False,LKSDB-1,T_LKSDB-1
BOALF,2026-09-22,44,44,2026-09-22T20:50:00Z,2026-09-22T20:51:00Z,2,22,57325,2026-09-22T20:31:00Z,False,False,ORI,False,False,LKSDB-1,T_LKSDB-1
BOALF,2026-09-22,44,44,2026-09-22T20:46:00Z,2026-09-22T20:50:00Z,2,2,57325,2026-09-22T20:31:00Z,False,False,ORI,False,False,LKSDB-1,T_LKSDB-1
BOALF,2026-09-22,44,44,2026-09-22T20:46:00Z,2026-09-22T20:47:00Z,0,2,57326,2026-09-22T20:42:00Z,False,False,ORI,False,False,LKSDB-1,T_LKSDB-1
BOALF,2026-09-22,44,44,2026-09-22T20:45:00Z,2026-09-22T20:46:00Z,0,22,57324,2026-09-22T20:30:00Z,False,False,ORI,False,False,LKSDB-1,T_LKSDB-1
BOALF,2026-09-22,44,44,2026-09-22T20:45:00Z,2026-09-22T20:46:00Z,0,2,57325,2026-09-22T20:31:00Z,False,False,ORI,False,False,LKSDB-1,T_LKSDB-1
BOALF,2026-09-22,44,44,2026-09-22T20:45:00Z,2026-09-22T20:46:00Z,0,0,57326,2026-09-22T20:42:00Z,False,False,ORI,False,False,LKSDB-1,T_LKSDB-1
BOALF,2026-09-22,44,44,2026-09-22T20:36:00Z,2026-09-22T20:45:00Z,0,0,57324,2026-09-22T20:30:00Z,False,False,ORI,False,False,LKSDB-1,T_LKSDB-1
BOALF,2026-09-22,44,44,2026-09-22T20:35:00Z,2026-09-22T20:36:00Z,12,22,57323,2026-09-22T20:29:00Z,False,False,ORI,False,False,LKSDB-1,T_LKSDB-1
BOALF,2026-09-22,44,44,2026-09-22T20:35:00Z,2026-09-22T20:36:00Z,12,0,57324,2026-09-22T20:30:00Z,False,False,ORI,False,False,LKSDB-1,T_LKSDB-1
BOALF,2026-09-22,44,44,2026-09-22T20:34:00Z,2026-09-22T20:35:00Z,12,22,57321,2026-09-22T20:21:00Z,False,False,ORI,False,False,LKSDB-1,T_LKSDB-1
BOALF,2026-09-22,44,44,2026-09-22T20:34:00Z,2026-09-22T20:35:00Z,12,12,57323,2026-09-22T20:29:00Z,False,False,ORI,False,False,LKSDB-1,T_LKSDB-1
BOALF,2026-09-22,44,44,2026-09-22T20:30:00Z,2026-09-22T20:34:00Z,12,12,57321,2026-09-22T20:21:00Z,False,False,ORI,False,False,LKSDB-1,T_LKSDB-1
BOALF,2026-09-22,44,44,2026-09-22T20:30:00Z,2026-09-22T20:31:00Z,2,12,57322,2026-09-22T20:26:00Z,False,False,ORI,False,False,LKSDB-1,T_LKSDB-1
BOALF,2026-09-22,43,44,2026-09-22T20:29:00Z,2026-09-22T20:30:00Z,40,12,57321,2026-09-22T20:21:00Z,False,False,ORI,False,False,LKSDB-1,T_LKSDB-1
BOALF,2026-09-22,43,44,2026-09-22T20:28:00Z,2026-09-22T20:30:00Z,2,2,57322,2026-09-22T20:26:00Z,False,False,ORI,False,False,LKSDB-1,T_LKSDB-1
BOALF,2026-09-22,43,43,2026-09-22T20:27:00Z,2026-09-22T20:28:00Z,40,2,57322,2026-09-22T20:26:00Z,False,False,ORI,False,False,LKSDB-1,T_LKSDB-1
BOALF,2026-09-22,43,43,2026-09-22T20:15:00Z,2026-09-22T20:16:00Z,99,40,57320,2026-09-22T20:02:00Z,False,False,ORI,False,False,LKSDB-1,T_LKSDB-1
BOALF,2026-09-22,43,43,2026-09-22T20:05:00Z,2026-09-22T20:15:00Z,99,99,57320,2026-09-22T20:02:00Z,False,False,ORI,False,False,LKSDB-1,T_LKSDB-1
BOALF,2026-09-22,43,43,2026-09-22T20:04:00Z,2026-09-22T20:05:00Z,40,99,57320,2026-09-22T20:02:00Z,False,False,ORI,False,False,LKSDB-1,T_LKSDB-1
BOALF,2026-09-22,37,37,2026-09-22T17:28:00Z,2026-09-22T17:29:00Z,0,49,57318,2026-09-22T17:12:00Z,False,False,ORI,False,False,LKSDB-1,T_LKSDB-1
BOALF,2026-09-22,37,37,2026-09-22T17:26:00Z,2026-09-22T17:28:00Z,0,0,57318,2026-09-22T17:12:00Z,False,False,ORI,False,False,LKSDB-1,T_LKSDB-1
BOALF,2026-09-22,37,37,2026-09-22T17:25:00Z,2026-09-22T17:26:00Z,39,49,57317,2026-09-22T17:11:00Z,False,False,ORI,False,False,LKSDB-1,T_LKSDB-1
BOALF,2026-09-22,37,37,2026-09-22T17:25:00Z,2026-09-22T17:26:00Z,39,0,57318,2026-09-22T17:12:00Z,False,False,ORI,False,False,LKSDB-1,T_LKSDB-1
BOALF,2026-09-22,37,37,2026-09-22T17:25:00Z,2026-09-22T17:26:00Z,32,0,57319,2026-09-22T17:16:00Z,False,False,ORI,False,False,LKSDB-1,T_LKSDB-1
BOALF,2026-09-22,37,37,2026-09-22T17:21:00Z,2026-09-22T17:25:00Z,39,39,57317,2026-09-22T17:11:00Z,False,False,ORI,False,False,LKSDB-1,T_LKSDB-1
BOALF,2026-09-22,37,37,2026-09-22T17:21:00Z,2026-09-22T17:25:00Z,32,32,57319,2026-09-22T17:16:00Z,False,False,ORI,False,False,LKSDB-1,T_LKSDB-1
BOALF,2026-09-22,37,37,2026-09-22T17:20:00Z,2026-09-22T17:21:00Z,0,49,57316,2026-09-22T17:10:00Z,False,False,ORI,False,False,LKSDB-1,T_LKSDB-1
BOALF,2026-09-22,37,37,2026-09-22T17:20:00Z,2026-09-22T17:21:00Z,0,39,57317,2026-09-22T17:11:00Z,False,False,ORI,False,False,LKSDB-1,T_LKSDB-1
BOALF,2026-09-22,37,37,2026-09-22T17:20:00Z,2026-09-22T17:21:00Z,0,32,57319,2026-09-22T17:16:00Z,False,False,ORI,False,False,LKSDB-1,T_LKSDB-1
BOALF,2026-09-22,37,37,2026-09-22T17:18:00Z,2026-09-22T17:20:00Z,0,0,57316,2026-09-22T17:10:00Z,False,False,ORI,False,False,LKSDB-1,T_LKSDB-1
BOALF,2026-09-22,37,37,2026-09-22T17:18:00Z,2026-09-22T17:19:00Z,0,49,57314,2026-09-22T16:50:00Z,False,False,ORI,False,False,LKSDB-1,T_LKSDB-1
BOALF,2026-09-22,37,37,2026-09-22T17:10:00Z,2026-09-22T17:11:00Z,-71,0,57315,2026-09-22T16:52:00Z,False,False,ORI,False,False,LKSDB-1,T_LKSDB-1
BOALF,2026-09-22,37,37,2026-09-22T17:09:00Z,2026-09-22T17:18:00Z,0,0,57314,2026-09-22T16:50:00Z,False,False,ORI,False,False,LKSDB-1,T_LKSDB-1
BOALF,2026-09-22,37,37,2026-09-22T17:09:00Z,2026-09-22T17:10:00Z,0,49,57310,2026-09-22T16:36:00Z,False,False,ORI,False,False,LKSDB-1,T_LKSDB-1
BOALF,2026-09-22,37,37,2026-09-22T17:04:00Z,2026-09-22T17:10:00Z,-71,-71,57315,2026-09-22T16:52:00Z,False,False,ORI,False,False,LKSDB-1,T_LKSDB-1
BOALF,2026-09-22,37,37,2026-09-22T17:03:00Z,2026-09-22T17:04:00Z,-19,0,57313,2026-09-22T16:49:00Z,False,False,ORI,False,False,LKSDB-1,T_LKSDB-1
BOALF,2026-09-22,37,37,2026-09-22T17:03:00Z,2026-09-22T17:04:00Z,-19,-71,57315,2026-09-22T16:52:00Z,False,False,ORI,False,False,LKSDB-1,T_LKSDB-1
BOALF,2026-09-22,37,37,2026-09-22T17:01:00Z,2026-09-22T17:09:00Z,0,0,57310,2026-09-22T16:36:00Z,False,False,ORI,False,False,LKSDB-1,T_LKSDB-1
BOALF,2026-09-22,37,37,2026-09-22T17:01:00Z,2026-09-22T17:03:00Z,-19,-19,57313,2026-09-22T16:49:00Z,False,False,ORI,False,False,LKSDB-1,T_LKSDB-1
BOALF,2026-09-22,37,37,2026-09-22T17:00:00Z,2026-09-22T17:01:00Z,49,0,57310,2026-09-22T16:36:00Z,False,False,ORI,False,False,LKSDB-1,T_LKSDB-1
BOALF,2026-09-22,37,37,2026-09-22T17:00:00Z,2026-09-22T17:01:00Z,49,0,57313,2026-09-22T16:49:00Z,False,False,ORI,False,False,LKSDB-1,T_LKSDB-1
BOALF,2026-09-22,36,36,2026-09-22T16:57:00Z,2026-09-22T16:58:00Z,-42,0,57312,2026-09-22T16:38:00Z,False,False,ORI,False,False,LKSDB-1,T_LKSDB-1
BOALF,2026-09-22,36,36,2026-09-22T16:55:00Z,2026-09-22T16:57:00Z,-42,-42,57312,2026-09-22T16:38:00Z,False,False,ORI,False,False,LKSDB-1,T_LKSDB-1
BOALF,2026-09-22,36,36,2026-09-22T16:54:00Z,2026-09-22T16:55:00Z,0,49,57311,2026-09-22T16:37:00Z,False,False,ORI,False,False,LKSDB-1,T_LKSDB-1
BOALF,2026-09-22,36,36,2026-09-22T16:54:00Z,2026-09-22T16:55:00Z,0,-42,57312,2026-09-22T16:38:00Z,False,False,ORI,False,False,LKSDB-1,T_LKSDB-1
BOALF,2026-09-22,36,36,2026-09-22T16:50:00Z,2026-09-22T16:54:00Z,0,0,57311,2026-09-22T16:37:00Z,False,False,ORI,False,False,LKSDB-1,T_LKSDB-1
BOALF,2026-09-22,36,36,2026-09-22T16:49:00Z,2026-09-22T16:50:00Z,49,0,57311,2026-09-22T16:37:00Z,False,False,ORI,False,False,LKSDB-1,T_LKSDB-1
BOALF,2026-09-22,36,36,2026-09-22T16:39:00Z,2026-09-22T16:40:00Z,35,49,57309,2026-09-22T16:35:00Z,False,False,ORI,False,False,LKSDB-1,T_LKSDB-1
BOALF,2026-09-22,36,36,2026-09-22T16:37:00Z,2026-09-22T16:39:00Z,35,35,57309,2026-09-22T16:35:00Z,False,False,ORI,False,False,LKSDB-1,T_LKSDB-1
BOALF,2026-09-22,36,36,2026-09-22T16:36:00Z,2026-09-22T16:37:00Z,49,35,57309,2026-09-22T16:35:00Z,False,False,ORI,False,False,LKSDB-1,T_LKSDB-1
BOALF,2026-09-22,35,35,2026-09-22T16:08:00Z,2026-09-22T16:09:00Z,0,49,57308,2026-09-22T16:02:00Z,False,False,ORI,False,False,LKSDB-1,T_LKSDB-1
BOALF,2026-09-22,35,35,2026-09-22T16:06:00Z,2026-09-22T16:08:00Z,0,0,57308,2026-09-22T16:02:00Z,False,False,ORI,False,False,LKSDB-1,T_LKSDB-1
BOALF,2026-09-22,35,35,2026-09-22T16:05:00Z,2026-09-22T16:06:00Z,49,0,57308,2026-09-22T16:02:00Z,False,False,ORI,False,False,LKSDB-1,T_LKSDB-1
BOALF,2026-09-22,29,29,2026-09-22T13:13:00Z,2026-09-22T13:14:00Z,-11,-45,57307,2026-09-22T13:05:00Z,False,False,ORI,False,False,LKSDB-1,T_LKSDB-1
BOALF,2026-09-22,29,29,2026-09-22T13:11:00Z,2026-09-22T13:13:00Z,-11,-11,57307,2026-09-22T13:05:00Z,False,False,ORI,False,False,LKSDB-1,T_LKSDB-1
BOALF,2026-09-22,29,29,2026-09-22T13:10:00Z,2026-09-22T13:11:00Z,-45,-11,57307,2026-09-22T13:05:00Z,False,False,ORI,False,False,LKSDB-1,T_LKSDB-1
BOALF,2026-09-22,29,29,2026-09-22T13:03:00Z,2026-09-22T13:04:00Z,-69,-45,57306,2026-09-22T12:56:00Z,False,False,ORI,False,False,LKSDB-1,T_LKSDB-1
BOALF,2026-09-22,28,29,2026-09-22T12:58:00Z,2026-09-22T13:03:00Z,-69,-69,57306,2026-09-22T12:56:00Z,False,False,ORI,False,False,LKSDB-1,T_LKSDB-1
BOALF,2026-09-22,28,28,2026-09-22T12:57:00Z,2026-09-22T12:58:00Z,-45,-69,57306,2026-09-22T12:56:00Z,False,False,ORI,False,False,LKSDB-1,T_LKSDB-1
BOALF,2026-09-22,26,27,2026-09-22T11:59:00Z,2026-09-22T12:00:00Z,-84,-60,57305,2026-09-22T11:52:00Z,False,False,ORI,False,False,LKSDB-1,T_LKSDB-1
BOALF,2026-09-22,26,26,2026-09-22T11:56:00Z,2026-09-22T11:59:00Z,-84,-84,57305,2026-09-22T11:52:00Z,False,False,ORI,False,False,LKSDB-1,T_LKSDB-1
BOALF,2026-09-22,26,26,2026-09-22T11:55:00Z,2026-09-22T11:56:00Z,-60,-84,57305,2026-09-22T11:52:00Z,False,False,ORI,False,False,LKSDB-1,T_LKSDB-1
BOALF,2026-09-22,24,25,2026-09-22T10:59:00Z,2026-09-22T11:00:00Z,-79,-24,57304,2026-09-22T10:51:00Z,False,False,ORI,False,False,LKSDB-1,T_LKSDB-1
BOALF,2026-09-22,24,24,2026-09-22T10:57:00Z,2026-09-22T10:59:00Z,-79,-79,57304,2026-09-22T10:51:00Z,False,False,ORI,False,False,LKSDB-1,T_LKSDB-1
BOALF,2026-09-22,24,24,2026-09-22T10:56:00Z,2026-09-22T10:57:00Z,-24,-79,57304,2026-09-22T10:51:00Z,False,False,ORI,False,False,LKSDB-1,T_LKSDB-1
BOALF,2026-09-22,24,24,2026-09-22T10:35:00Z,2026-09-22T10:36:00Z,-98,-24,57303,2026-09-22T10:25:00Z,False,False,ORI,False,False,LKSDB-1,T_LKSDB-1
BOALF,2026-09-22,24,24,2026-09-22T10:30:00Z,2026-09-22T10:35:00Z,-98,-98,57303,2026-09-22T10:25:00Z,False,False,ORI,False,False,LKSDB-1,T_LKSDB-1
BOALF,2026-09-22,23,24,2026-09-22T10:29:00Z,2026-09-22T10:30:00Z,-24,-98,57303,2026-09-22T10:25:00Z,False,False,ORI,False,False,LKSDB-1,T_LKSDB-1
BOALF,2026-09-22,20,21,2026-09-22T08:59:00Z,2026-09-22T09:00:00Z,34,0,57302,2026-09-22T08:46:00Z,False,False,ORI,False,False,LKSDB-1,T_LKSDB-1
BOALF,2026-09-22,20,20,2026-09-22T08:55:00Z,2026-09-22T08:59:00Z,34,34,57302,2026-09-22T08:46:00Z,False,False,ORI,False,False,LKSDB-1,T_LKSDB-1
BOALF,2026-09-22,20,20,2026-09-22T08:54:00Z,2026-09-22T08:55:00Z,0,34,57302,2026-09-22T08:46:00Z,False,False,ORI,False,False,LKSDB-1,T_LKSDB-1
BOALF,2026-09-22,20,20,2026-09-22T08:51:00Z,2026-09-22T08:52:00Z,99,0,57301,2026-09-22T08:39:00Z,False,False,ORI,False,False,LKSDB-1,T_LKSDB-1
BOALF,2026-09-22,20,20,2026-09-22T08:43:00Z,2026-09-22T08:51:00Z,99,99,57301,2026-09-22T08:39:00Z,False,False,ORI,False,False,LKSDB-1,T_LKSDB-1
BOALF,2026-09-22,20,20,2026-09-22T08:43:00Z,2026-09-22T08:44:00Z,99,0,57300,2026-09-22T08:32:00Z,False,False,ORI,False,False,LKSDB-1,T_LKSDB-1
BOALF,2026-09-22,20,20,2026-09-22T08:37:00Z,2026-09-22T08:43:00Z,99,99,57300,2026-09-22T08:32:00Z,False,False,ORI,False,False,LKSDB-1,T_LKSDB-1
BOALF,2026-09-22,20,20,2026-09-22T08:37:00Z,2026-09-22T08:38:00Z,99,0,57299,2026-09-22T08:26:00Z,False,False,ORI,False,False,LKSDB-1,T_LKSDB-1
BOALF,2026-09-22,20,20,2026-09-22T08:30:00Z,2026-09-22T08:37:00Z,99,99,57299,2026-09-22T08:26:00Z,False,False,ORI,False,False,LKSDB-1,T_LKSDB-1
BOALF,2026-09-22,19,20,2026-09-22T08:29:00Z,2026-09-22T08:30:00Z,0,99,57299,2026-09-22T08:26:00Z,False,False,ORI,False,False,LKSDB-1,T_LKSDB-1
BOALF,2026-09-22,17,17,2026-09-22T07:25:00Z,2026-09-22T07:26:00Z,74,0,57298,2026-09-22T07:17:00Z,False,False,ORI,False,False,LKSDB-1,T_LKSDB-1
BOALF,2026-09-22,17,17,2026-09-22T07:20:00Z,2026-09-22T07:25:00Z,74,74,57298,2026-09-22T07:17:00Z,False,False,ORI,False,False,LKSDB-1,T_LKSDB-1
BOALF,2026-09-22,17,17,2026-09-22T07:19:00Z,2026-09-22T07:20:00Z,0,74,57298,2026-09-22T07:17:00Z,False,False,ORI,False,False,LKSDB-1,T_LKSDB-1
BOALF,2026-09-22,17,17,2026-09-22T07:03:00Z,2026-09-22T07:04:00Z,99,0,57297,2026-09-22T06:53:00Z,False,False,ORI,False,False,LKSDB-1,T_LKSDB-1
BOALF,2026-09-22,17,17,2026-09-22T07:01:00Z,2026-09-22T07:03:00Z,99,99,57297,2026-09-22T06:53:00Z,False,False,ORI,False,False,LKSDB-1,T_LKSDB-1
BOALF,2026-09-22,17,17,2026-09-22T07:00:00Z,2026-09-22T07:01:00Z,0,99,57297,2026-09-22T06:53:00Z,False,False,ORI,False,False,LKSDB-1,T_LKSDB-1
BOALF,2026-09-22,16,16,2026-09-22T06:30:00Z,2026-09-22T06:31:00Z,39,0,57296,2026-09-22T06:23:00Z,False,False,ORI,False,False,LKSDB-1,T_LKSDB-1
BOALF,2026-09-22,15,16,2026-09-22T06:26:00Z,2026-09-22T06:30:00Z,39,39,57296,2026-09-22T06:23:00Z,False,False,ORI,False,False,LKSDB-1,T_LKSDB-1
BOALF,2026-09-22,15,15,2026-09-22T06:25:00Z,2026-09-22T06:26:00Z,0,39,57296,2026-09-22T06:23:00Z,False,False,ORI,False,False,LKSDB-1,T_LKSDB-1
BOALF,2026-09-22,14,14,2026-09-22T05:57:00Z,2026-09-22T05:58:00Z,50,0,57295,2026-09-22T05:51:00Z,False,False,ORI,False,False,LKSDB-1,T_LKSDB-1
BOALF,2026-09-22,14,14,2026-09-22T05:53:00Z,2026-09-22T05:57:00Z,50,50,57295,2026-09-22T05:51:00Z,False,False,ORI,False,False,LKSDB-1,T_LKSDB-1
BOALF,2026-09-22,14,14,2026-09-22T05:52:00Z,2026-09-22T05:53:00Z,0,50,57295,2026-09-22T05:51:00Z,False,False,ORI,False,False,LKSDB-1,T_LKSDB-1
BOALF,2026-09-22,14,14,2026-09-22T05:33:00Z,2026-09-22T05:34:00Z,-1,0,57294,2026-09-22T05:31:00Z,False,False,ORI,False,False,LKSDB-1,T_LKSDB-1
BOALF,2026-09-22,14,14,2026-09-22T05:32:00Z,2026-09-22T05:33:00Z,-1,0,57292,2026-09-22T05:17:00Z,False,False,ORI,False,False,LKSDB-1,T_LKSDB-1
BOALF,2026-09-22,14,14,2026-09-22T05:32:00Z,2026-09-22T05:33:00Z,-1,0,57293,2026-09-22T05:17:00Z,False,False,ORI,False,False,LKSDB-1,T_LKSDB-1
BOALF,2026-09-22,14,14,2026-09-22T05:32:00Z,2026-09-22T05:33:00Z,-1,-1,57294,2026-09-22T05:31:00Z,False,False,ORI,False,False,LKSDB-1,T_LKSDB-1
BOALF,2026-09-22,14,14,2026-09-22T05:30:00Z,2026-09-22T05:32:00Z,-1,-1,57292,2026-09-22T05:17:00Z,False,False,ORI,False,False,LKSDB-1,T_LKSDB-1
BOALF,2026-09-22,14,14,2026-09-22T05:30:00Z,2026-09-22T05:32:00Z,-1,-1,57293,2026-09-22T05:17:00Z,False,False,ORI,False,False,LKSDB-1,T_LKSDB-1
BOALF,2026-09-22,13,14,2026-09-22T05:29:00Z,2026-09-22T05:30:00Z,-25,-1,57292,2026-09-22T05:17:00Z,False,False,ORI,False,False,LKSDB-1,T_LKSDB-1
BOALF,2026-09-22,13,14,2026-09-22T05:29:00Z,2026-09-22T05:30:00Z,-25,-1,57293,2026-09-22T05:17:00Z,False,False,ORI,False,False,LKSDB-1,T_LKSDB-1
BOALF,2026-09-22,11,11,2026-09-22T04:24:00Z,2026-09-22T04:25:00Z,0,-25,57291,2026-09-22T04:13:00Z,False,False,ORI,False,False,LKSDB-1,T_LKSDB-1
BOALF,2026-09-22,11,11,2026-09-22T04:18:00Z,2026-09-22T04:24:00Z,0,0,57291,2026-09-22T04:13:00Z,False,False,ORI,False,False,LKSDB-1,T_LKSDB-1
BOALF,2026-09-22,11,11,2026-09-22T04:18:00Z,2026-09-22T04:19:00Z,0,-25,57290,2026-09-22T04:08:00Z,False,False,ORI,False,False,LKSDB-1,T_LKSDB-1
BOALF,2026-09-22,11,11,2026-09-22T04:12:00Z,2026-09-22T04:18:00Z,0,0,57290,2026-09-22T04:08:00Z,False,False,ORI,False,False,LKSDB-1,T_LKSDB-1
BOALF,2026-09-22,11,11,2026-09-22T04:12:00Z,2026-09-22T04:13:00Z,0,-25,57289,2026-09-22T04:04:00Z,False,False,ORI,False,False,LKSDB-1,T_LKSDB-1
BOALF,2026-09-22,11,11,2026-09-22T04:06:00Z,2026-09-22T04:12:00Z,0,0,57289,2026-09-22T04:04:00Z,False,False,ORI,False,False,LKSDB-1,T_LKSDB-1
BOALF,2026-09-22,11,11,2026-09-22T04:06:00Z,2026-09-22T04:07:00Z,0,-25,57288,2026-09-22T03:53:00Z,False,False,ORI,False,False,LKSDB-1,T_LKSDB-1
BOALF,2026-09-22,11,11,2026-09-22T04:00:00Z,2026-09-22T04:06:00Z,0,0,57288,2026-09-22T03:53:00Z,False,False,ORI,False,False,LKSDB-1,T_LKSDB-1
BOALF,2026-09-22,11,11,2026-09-22T04:00:00Z,2026-09-22T04:01:00Z,0,-25,57287,2026-09-22T03:46:00Z,False,False,ORI,False,False,LKSDB-1,T_LKSDB-1
BOALF,2026-09-22,10,11,2026-09-22T03:57:00Z,2026-09-22T04:00:00Z,0,0,57287,2026-09-22T03:46:00Z,False,False,ORI,False,False,LKSDB-1,T_LKSDB-1
BOALF,2026-09-22,10,10,2026-09-22T03:56:00Z,2026-09-22T03:57:00Z,-25,0,57287,2026-09-22T03:46:00Z,False,False,ORI,False,False,LKSDB-1,T_LKSDB-1
BOALF,2026-09-22,10,10,2026-09-22T03:49:00Z,2026-09-22T03:50:00Z,0,-25,57286,2026-09-22T03:34:00Z,False,False,ORI,False,False,LKSDB-1,T_LKSDB-1
BOALF,2026-09-22,10,10,2026-09-22T03:39:00Z,2026-09-22T03:49:00Z,0,0,57286,2026-09-22T03:34:00Z,False,False,ORI,False,False,LKSDB-1,T_LKSDB-1
BOALF,2026-09-22,10,10,2026-09-22T03:39:00Z,2026-09-22T03:40:00Z,0,-25,57285,2026-09-22T03:20:00Z,False,False,ORI,False,False,LKSDB-1,T_LKSDB-1
BOALF,2026-09-22,10,10,2026-09-22T03:33:00Z,2026-09-22T03:39:00Z,0,0,57285,2026-09-22T03:20:00Z,False,False,ORI,False,False,LKSDB-1,T_LKSDB-1
BOALF,2026-09-22,10,10,2026-09-22T03:33:00Z,2026-09-22T03:34:00Z,0,-25,57284,2026-09-22T03:17:00Z,False,False,ORI,False,False,LKSDB-1,T_LKSDB-1
BOALF,2026-09-22,9,10,2026-09-22T03:23:00Z,2026-09-22T03:33:00Z,0,0,57284,2026-09-22T03:17:00Z,False,False,ORI,False,False,LKSDB-1,T_LKSDB-1
BOALF,2026-09-22,9,9,2026-09-22T03:23:00Z,2026-09-22T03:24:00Z,0,-25,57283,2026-09-22T03:15:00Z,False,False,ORI,False,False,LKSDB-1,T_LKSDB-1
BOALF,2026-09-22,9,9,2026-09-22T03:17:00Z,2026-09-22T03:23:00Z,0,0,57283,2026-09-22T03:15:00Z,False,False,ORI,False,False,LKSDB-1,T_LKSDB-1
BOALF,2026-09-22,9,9,2026-09-22T03:17:00Z,2026-09-22T03:18:00Z,0,-25,57282,2026-09-22T03:04:00Z,False,False,ORI,False,False,LKSDB-1,T_LKSDB-1
BOALF,2026-09-22,9,9,2026-09-22T03:10:00Z,2026-09-22T03:17:00Z,0,0,57282,2026-09-22T03:04:00Z,False,False,ORI,False,False,LKSDB-1,T_LKSDB-1
BOALF,2026-09-22,9,9,2026-09-22T03:10:00Z,2026-09-22T03:11:00Z,0,-25,57281,2026-09-22T02:56:00Z,False,False,ORI,False,False,LKSDB-1,T_LKSDB-1
BOALF,2026-09-22,9,9,2026-09-22T03:03:00Z,2026-09-22T03:10:00Z,0,0,57281,2026-09-22T02:56:00Z,False,False,ORI,False,False,LKSDB-1,T_LKSDB-1
BOALF,2026-09-22,9,9,2026-09-22T03:02:00Z,2026-09-22T03:03:00Z,-25,0,57281,2026-09-22T02:56:00Z,False,False,ORI,False,False,LKSDB-1,T_LKSDB-1
BOALF,2026-09-22,8,9,2026-09-22T02:59:00Z,2026-09-22T03:00:00Z,0,-25,57280,2026-09-22T02:51:00Z,False,False,ORI,False,False,LKSDB-1,T_LKSDB-1
BOALF,2026-09-22,8,8,2026-09-22T02:54:00Z,2026-09-22T02:59:00Z,0,0,57280,2026-09-22T02:51:00Z,False,False,ORI,False,False,LKSDB-1,T_LKSDB-1
BOALF,2026-09-22,8,8,2026-09-22T02:54:00Z,2026-09-22T02:55:00Z,0,-25,57279,2026-09-22T02:47:00Z,False,False,ORI,False,False,LKSDB-1,T_LKSDB-1
BOALF,2026-09-22,8,8,2026-09-22T02:53:00Z,2026-09-22T02:54:00Z,0,-25,57278,2026-09-22T02:40:00Z,False,False,ORI,False,False,LKSDB-1,T_LKSDB-1
BOALF,2026-09-22,8,8,2026-09-22T02:53:00Z,2026-09-22T02:54:00Z,0,0,57279,2026-09-22T02:47:00Z,False,False,ORI,False,False,LKSDB-1,T_LKSDB-1
BOALF,2026-09-22,8,8,2026-09-22T02:45:00Z,2026-09-22T02:53:00Z,0,0,57278,2026-09-22T02:40:00Z,False,False,ORI,False,False,LKSDB-1,T_LKSDB-1
BOALF,2026-09-22,8,8,2026-09-22T02:45:00Z,2026-09-22T02:46:00Z,0,-25,57277,2026-09-22T02:33:00Z,False,False,ORI,False,False,LKSDB-1,T_LKSDB-1
BOALF,2026-09-22,8,8,2026-09-22T02:35:00Z,2026-09-22T02:45:00Z,0,0,57277,2026-09-22T02:33:00Z,False,False,ORI,False,False,LKSDB-1,T_LKSDB-1
BOALF,2026-09-22,8,8,2026-09-22T02:34:00Z,2026-09-22T02:35:00Z,-25,0,57277,2026-09-22T02:33:00Z,False,False,ORI,False,False,LKSDB-1,T_LKSDB-1
BOALF,2026-09-22,7,7,2026-09-22T02:14:00Z,2026-09-22T02:15:00Z,0,-25,57276,2026-09-22T02:05:00Z,False,False,ORI,False,False,LKSDB-1,T_LKSDB-1
BOALF,2026-09-22,7,7,2026-09-22T02:12:00Z,2026-09-22T02:14:00Z,0,0,57276,2026-09-22T02:05:00Z,False,False,ORI,False,False,LKSDB-1,T_LKSDB-1
BOALF,2026-09-22,7,7,2026-09-22T02:11:00Z,2026-09-22T02:12:00Z,-25,0,57276,2026-09-22T02:05:00Z,False,False,ORI,False,False,LKSDB-1,T_LKSDB-1
BOALF,2026-09-22,7,7,2026-09-22T02:08:00Z,2026-09-22T02:09:00Z,0,-25,57275,2026-09-22T01:57:00Z,False,False,ORI,False,False,LKSDB-1,T_LKSDB-1
BOALF,2026-09-22,7,7,2026-09-22T02:03:00Z,2026-09-22T02:08:00Z,0,0,57275,2026-09-22T01:57:00Z,False,False,ORI,False,False,LKSDB-1,T_LKSDB-1
BOALF,2026-09-22,7,7,2026-09-22T02:02:00Z,2026-09-22T02:03:00Z,-25,0,57275,2026-09-22T01:57:00Z,False,False,ORI,False,False,LKSDB-1,T_LKSDB-1
BOALF,2026-09-22,6,7,2026-09-22T01:59:00Z,2026-09-22T02:00:00Z,0,-25,57274,2026-09-22T01:44:00Z,False,False,ORI,False,False,LKSDB-1,T_LKSDB-1
BOALF,2026-09-22,6,6,2026-09-22T01:47:00Z,2026-09-22T01:59:00Z,0,0,57274,2026-09-22T01:44:00Z,False,False,ORI,False,False,LKSDB-1,T_LKSDB-1
BOALF,2026-09-22,6,6,2026-09-22T01:47:00Z,2026-09-22T01:48:00Z,0,-90,57273,2026-09-22T01:33:00Z,False,False,ORI,False,False,LKSDB-1,T_LKSDB-1
BOALF,2026-09-22,6,6,2026-09-22T01:40:00Z,2026-09-22T01:47:00Z,0,0,57273,2026-09-22T01:33:00Z,False,False,ORI,False,False,LKSDB-1,T_LKSDB-1
BOALF,2026-09-22,6,6,2026-09-22T01:40:00Z,2026-09-22T01:41:00Z,0,-90,57271,2026-09-22T01:23:00Z,False,False,ORI,False,False,LKSDB-1,T_LKSDB-1
BOALF,2026-09-22,6,6,2026-09-22T01:36:00Z,2026-09-22T01:40:00Z,0,0,57271,2026-09-22T01:23:00Z,False,False,ORI,False,False,LKSDB-1,T_LKSDB-1
BOALF,2026-09-22,6,6,2026-09-22T01:36:00Z,2026-09-22T01:37:00Z,0,-90,57270,2026-09-22T01:18:00Z,False,False,ORI,False,False,LKSDB-1,T_LKSDB-1
BOALF,2026-09-22,6,6,2026-09-22T01:35:00Z,2026-09-22T01:36:00Z,-99,0,57272,2026-09-22T01:31:00Z,False,False,ORI,False,False,LKSDB-1,T_LKSDB-1
BOALF,2026-09-22,6,6,2026-09-22T01:33:00Z,2026-09-22T01:35:00Z,-99,-99,57272,2026-09-22T01:31:00Z,False,False,ORI,False,False,LKSDB-1,T_LKSDB-1
BOALF,2026-09-22,6,6,2026-09-22T01:32:00Z,2026-09-22T01:33:00Z,0,-99,57272,2026-09-22T01:31:00Z,False,False,ORI,False,False,LKSDB-1,T_LKSDB-1
BOALF,2026-09-22,6,6,2026-09-22T01:30:00Z,2026-09-22T01:31:00Z,-45,-90,57269,2026-09-22T01:16:00Z,False,False,ORI,False,False,LKSDB-1,T_LKSDB-1
BOALF,2026-09-22,5,6,2026-09-22T01:28:00Z,2026-09-22T01:30:00Z,-45,-45,57269,2026-09-22T01:16:00Z,False,False,ORI,False,False,LKSDB-1,T_LKSDB-1
BOALF,2026-09-22,5,6,2026-09-22T01:27:00Z,2026-09-22T01:36:00Z,0,0,57270,2026-09-22T01:18:00Z,False,False,ORI,False,False,LKSDB-1,T_LKSDB-1
BOALF,2026-09-22,5,5,2026-09-22T01:27:00Z,2026-09-22T01:28:00Z,0,-68,57268,2026-09-22T01:15:00Z,False,False,ORI,False,False,LKSDB-1,T_LKSDB-1
BOALF,2026-09-22,5,5,2026-09-22T01:27:00Z,2026-09-22T01:28:00Z,0,-45,57269,2026-09-22T01:16:00Z,False,False,ORI,False,False,LKSDB-1,T_LKSDB-1
BOALF,2026-09-22,5,5,2026-09-22T01:19:00Z,2026-09-22T01:27:00Z,0,0,57268,2026-09-22T01:15:00Z,False,False,ORI,False,False,LKSDB-1,T_LKSDB-1
BOALF,2026-09-22,5,5,2026-09-22T01:19:00Z,2026-09-22T01:20:00Z,0,-68,57267,2026-09-22T01:05:00Z,False,False,ORI,False,False,LKSDB-1,T_LKSDB-1
BOALF,2026-09-22,5,5,2026-09-22T01:09:00Z,2026-09-22T01:19:00Z,0,0,57267,2026-09-22T01:05:00Z,False,False,ORI,False,False,LKSDB-1,T_LKSDB-1
BOALF,2026-09-22,5,5,2026-09-22T01:09:00Z,2026-09-22T01:10:00Z,0,-68,57266,2026-09-22T00:57:00Z,False,False,ORI,False,False,LKSDB-1,T_LKSDB-1
BOALF,2026-09-22,4,5,2026-09-22T00:59:00Z,2026-09-22T01:09:00Z,0,0,57266,2026-09-22T00:57:00Z,False,False,ORI,False,False,LKSDB-1,T_LKSDB-1
BOALF,2026-09-22,4,5,2026-09-22T00:59:00Z,2026-09-22T01:00:00Z,0,-68,57265,2026-09-22T00:48:00Z,False,False,ORI,False,False,LKSDB-1,T_LKSDB-1
BOALF,2026-09-22,4,4,2026-09-22T00:55:00Z,2026-09-22T00:59:00Z,0,0,57265,2026-09-22T00:48:00Z,False,False,ORI,False,False,LKSDB-1,T_LKSDB-1
BOALF,2026-09-22,4,4,2026-09-22T00:54:00Z,2026-09-22T00:55:00Z,-1,-68,57264,2026-09-22T00:47:00Z,False,False,ORI,False,False,LKSDB-1,T_LKSDB-1
BOALF,2026-09-22,4,4,2026-09-22T00:54:00Z,2026-09-22T00:55:00Z,-1,0,57265,2026-09-22T00:48:00Z,False,False,ORI,False,False,LKSDB-1,T_LKSDB-1
BOALF,2026-09-22,4,4,2026-09-22T00:52:00Z,2026-09-22T00:54:00Z,-1,-1,57264,2026-09-22T00:47:00Z,False,False,ORI,False,False,LKSDB-1,T_LKSDB-1
BOALF,2026-09-22,4,4,2026-09-22T00:51:00Z,2026-09-22T00:52:00Z,-54,-68,57263,2026-09-22T00:46:00Z,False,False,ORI,False,False,LKSDB-1,T_LKSDB-1
BOALF,2026-09-22,4,4,2026-09-22T00:51:00Z,2026-09-22T00:52:00Z,-54,-1,57264,2026-09-22T00:47:00Z,False,False,ORI,False,False,LKSDB-1,T_LKSDB-1
BOALF,2026-09-22,4,4,2026-09-22T00:49:00Z,2026-09-22T00:51:00Z,-54,-54,57263,2026-09-22T00:46:00Z,False,False,ORI,False,False,LKSDB-1,T_LKSDB-1
BOALF,2026-09-22,4,4,2026-09-22T00:49:00Z,2026-09-22T00:50:00Z,-54,-68,57262,2026-09-22T00:42:00Z,False,False,ORI,False,False,LKSDB-1,T_LKSDB-1
BOALF,2026-09-22,4,4,2026-09-22T00:47:00Z,2026-09-22T00:49:00Z,-54,-54,57262,2026-09-22T00:42:00Z,False,False,ORI,False,False,LKSDB-1,T_LKSDB-1
BOALF,2026-09-22,4,4,2026-09-22T00:46:00Z,2026-09-22T00:47:00Z,-68,-54,57262,2026-09-22T00:42:00Z,False,False,ORI,False,False,LKSDB-1,T_LKSDB-1
BOALF,2026-09-22,4,4,2026-09-22T00:41:00Z,2026-09-22T00:42:00Z,-47,-68,57261,2026-09-22T00:37:00Z,False,False,ORI,False,False,LKSDB-1,T_LKSDB-1
BOALF,2026-09-22,4,4,2026-09-22T00:39:00Z,2026-09-22T00:41:00Z,-47,-47,57261,2026-09-22T00:37:00Z,False,False,ORI,False,False,LKSDB-1,T_LKSDB-1
BOALF,2026-09-22,4,4,2026-09-22T00:38:00Z,2026-09-22T00:39:00Z,-68,-47,57261,2026-09-22T00:37:00Z,False,False,ORI,False,False,LKSDB-1,T_LKSDB-1
BOALF,2026-09-22,3,4,2026-09-22T00:29:00Z,2026-09-22T00:30:00Z,-1,-68,57260,2026-09-22T00:15:00Z,False,False,ORI,False,False,LKSDB-1,T_LKSDB-1
BOALF,2026-09-22,3,3,2026-09-22T00:26:00Z,2026-09-22T00:29:00Z,-1,-1,57260,2026-09-22T00:15:00Z,False,False,ORI,False,False,LKSDB-1,T_LKSDB-1
BOALF,2026-09-22,3,3,2026-09-22T00:25:00Z,2026-09-22T00:26:00Z,-9,-99,57259,2026-09-22T00:14:00Z,False,False,ORI,False,False,LKSDB-1,T_LKSDB-1
BOALF,2026-09-22,3,3,2026-09-22T00:25:00Z,2026-09-22T00:26:00Z,-9,-1,57260,2026-09-22T00:15:00Z,False,False,ORI,False,False,LKSDB-1,T_LKSDB-1
BOALF,2026-09-22,3,3,2026-09-22T00:22:00Z,2026-09-22T00:25:00Z,-9,-9,57259,2026-09-22T00:14:00Z,False,False,ORI,False,False,LKSDB-1,T_LKSDB-1
BOALF,2026-09-22,3,3,2026-09-22T00:21:00Z,2026-09-22T00:22:00Z,0,-99,57258,2026-09-22T00:13:00Z,False,False,ORI,False,False,LKSDB-1,T_LKSDB-1
BOALF,2026-09-22,3,3,2026-09-22T00:21:00Z,2026-09-22T00:22:00Z,0,-9,57259,2026-09-22T00:14:00Z,False,False,ORI,False,False,LKSDB-1,T_LKSDB-1
BOALF,2026-09-22,3,3,2026-09-22T00:20:00Z,2026-09-22T00:21:00Z,0,-99,57257,2026-09-22T00:06:00Z,False,False,ORI,False,False,LKSDB-1,T_LKSDB-1
BOALF,2026-09-22,3,3,2026-09-22T00:20:00Z,2026-09-22T00:21:00Z,0,0,57258,2026-09-22T00:13:00Z,False,False,ORI,False,False,LKSDB-1,T_LKSDB-1
BOALF,2026-09-22,3,3,2026-09-22T00:10:00Z,2026-09-22T00:20:00Z,0,0,57257,2026-09-22T00:06:00Z,False,False,ORI,False,False,LKSDB-1,T_LKSDB-1
BOALF,2026-09-22,3,3,2026-09-22T00:10:00Z,2026-09-22T00:11:00Z,0,-99,57256,2026-09-21T23:56:00Z,False,False,ORI,False,False,LKSDB-1,T_LKSDB-1
BOALF,2026-09-22,3,3,2026-09-22T00:00:00Z,2026-09-22T00:10:00Z,0,0,57256,2026-09-21T23:56:00Z,False,False,ORI,False,False,LKSDB-1,T_LKSDB-1
BOALF,2026-09-21,46,46,2026-09-21T21:36:00Z,2026-09-21T21:37:00Z,4,0,57255,2026-09-21T21:16:00Z,False,False,ORI,False,False,LKSDB-1,T_LKSDB-1
BOALF,2026-09-21,45,46,2026-09-21T21:25:00Z,2026-09-21T21:36:00Z,4,4,57255,2026-09-21T21:16:00Z,False,False,ORI,False,False,LKSDB-1,T_LKSDB-1
BOALF,2026-09-21,45,45,2026-09-21T21:25:00Z,2026-09-21T21:26:00Z,4,0,57254,2026-09-21T21:10:00Z,False,False,ORI,False,False,LKSDB-1,T_LKSDB-1
BOALF,2026-09-21,45,45,2026-09-21T21:15:00Z,2026-09-21T21:25:00Z,4,4,57254,2026-09-21T21:10:00Z,False,False,ORI,False,False,LKSDB-1,T_LKSDB-1
BOALF,2026-09-21,45,45,2026-09-21T21:15:00Z,2026-09-21T21:16:00Z,4,0,57252,2026-09-21T21:05:00Z,False,False,ORI,False,False,LKSDB-1,T_LKSDB-1
BOALF,2026-09-21,45,45,2026-09-21T21:13:00Z,2026-09-21T21:15:00Z,4,4,57252,2026-09-21T21:05:00Z,False,False,ORI,False,False,LKSDB-1,T_LKSDB-1
BOALF,2026-09-21,45,45,2026-09-21T21:12:00Z,2026-09-21T21:13:00Z,0,4,57252,2026-09-21T21:05:00Z,False,False,ORI,False,False,LKSDB-1,T_LKSDB-1
BOALF,2026-09-21,45,45,2026-09-21T21:09:00Z,2026-09-21T21:13:00Z,4,4,57253,2026-09-21T21:07:00Z,False,False,ORI,False,False,LKSDB-1,T_LKSDB-1
BOALF,2026-09-21,45,45,2026-09-21T21:09:00Z,2026-09-21T21:10:00Z,4,0,57251,2026-09-21T21:02:00Z,False,False,ORI,False,False,LKSDB-1,T_LKSDB-1
BOALF,2026-09-21,45,45,2026-09-21T21:04:00Z,2026-09-21T21:09:00Z,4,4,57251,2026-09-21T21:02:00Z,False,False,ORI,False,False,LKSDB-1,T_LKSDB-1
BOALF,2026-09-21,45,45,2026-09-21T21:03:00Z,2026-09-21T21:04:00Z,0,4,57251,2026-09-21T21:02:00Z,False,False,ORI,False,False,LKSDB-1,T_LKSDB-1
BOALF,2026-09-21,44,44,2026-09-21T20:55:00Z,2026-09-21T20:56:00Z,-55,0,57250,2026-09-21T20:51:00Z,False,False,ORI,False,False,LKSDB-1,T_LKSDB-1
BOALF,2026-09-21,44,44,2026-09-21T20:53:00Z,2026-09-21T20:55:00Z,-55,-55,57250,2026-09-21T20:51:00Z,False,False,ORI,False,False,LKSDB-1,T_LKSDB-1
BOALF,2026-09-21,44,44,2026-09-21T20:52:00Z,2026-09-21T20:53:00Z,0,-55,57250,2026-09-21T20:51:00Z,False,False,ORI,False,False,LKSDB-1,T_LKSDB-1
BOALF,2026-09-21,42,42,2026-09-21T19:53:00Z,2026-09-21T19:54:00Z,12,9,57249,2026-09-21T19:41:00Z,False,False,ORI,False,False,LKSDB-1,T_LKSDB-1
BOALF,2026-09-21,42,42,2026-09-21T19:51:00Z,2026-09-21T19:53:00Z,12,12,57249,2026-09-21T19:41:00Z,False,False,ORI,False,False,LKSDB-1,T_LKSDB-1
BOALF,2026-09-21,42,42,2026-09-21T19:50:00Z,2026-09-21T19:51:00Z,27,9,57248,2026-09-21T19:40:00Z,False,False,ORI,False,False,LKSDB-1,T_LKSDB-1
BOALF,2026-09-21,42,42,2026-09-21T19:50:00Z,2026-09-21T19:51:00Z,27,12,57249,2026-09-21T19:41:00Z,False,False,ORI,False,False,LKSDB-1,T_LKSDB-1
BOALF,2026-09-21,42,42,2026-09-21T19:48:00Z,2026-09-21T19:50:00Z,27,27,57248,2026-09-21T19:40:00Z,False,False,ORI,False,False,LKSDB-1,T_LKSDB-1
BOALF,2026-09-21,42,42,2026-09-21T19:48:00Z,2026-09-21T19:49:00Z,27,9,57247,2026-09-21T19:33:00Z,False,False,ORI,False,False,LKSDB-1,T_LKSDB-1
BOALF,2026-09-21,42,42,2026-09-21T19:45:00Z,2026-09-21T19:48:00Z,27,27,57247,2026-09-21T19:33:00Z,False,False,ORI,False,False,LKSDB-1,T_LKSDB-1
BOALF,2026-09-21,42,42,2026-09-21T19:45:00Z,2026-09-21T19:46:00Z,27,9,57245,2026-09-21T19:19:00Z,False,False,ORI,False,False,LKSDB-1,T_LKSDB-1
BOALF,2026-09-21,42,42,2026-09-21T19:35:00Z,2026-09-21T19:45:00Z,27,27,57245,2026-09-21T19:19:00Z,False,False,ORI,False,False,LKSDB-1,T_LKSDB-1
BOALF,2026-09-21,42,42,2026-09-21T19:34:00Z,2026-09-21T19:35:00Z,9,27,57245,2026-09-21T19:19:00Z,False,False,ORI,False,False,LKSDB-1,T_LKSDB-1
BOALF,2026-09-21,42,42,2026-09-21T19:34:00Z,2026-09-21T19:35:00Z,24,27,57246,2026-09-21T19:21:00Z,False,False,ORI,False,False,LKSDB-1,T_LKSDB-1
BOALF,2026-09-21,42,42,2026-09-21T19:30:00Z,2026-09-21T19:34:00Z,24,24,57246,2026-09-21T19:21:00Z,False,False,ORI,False,False,LKSDB-1,T_LKSDB-1
BOALF,2026-09-21,41,42,2026-09-21T19:29:00Z,2026-09-21T19:30:00Z,14,24,57246,2026-09-21T19:21:00Z,False,False,ORI,False,False,LKSDB-1,T_LKSDB-1
BOALF,2026-09-21,37,37,2026-09-21T17:09:00Z,2026-09-21T17:10:00Z,0,70,57244,2026-09-21T17:01:00Z,False,False,ORI,False,False,LKSDB-1,T_LKSDB-1
BOALF,2026-09-21,37,37,2026-09-21T17:07:00Z,2026-09-21T17:09:00Z,0,0,57244,2026-09-21T17:01:00Z,False,False,ORI,False,False,LKSDB-1,T_LKSDB-1
BOALF,2026-09-21,37,37,2026-09-21T17:06:00Z,2026-09-21T17:07:00Z,70,0,57244,2026-09-21T17:01:00Z,False,False,ORI,False,False,LKSDB-1,T_LKSDB-1
BOALF,2026-09-21,37,37,2026-09-21T17:02:00Z,2026-09-21T17:03:00Z,0,70,57243,2026-09-21T16:53:00Z,False,False,ORI,False,False,LKSDB-1,T_LKSDB-1
BOALF,2026-09-21,36,37,2026-09-21T16:57:00Z,2026-09-21T17:02:00Z,0,0,57243,2026-09-21T16:53:00Z,False,False,ORI,False,False,LKSDB-1,T_LKSDB-1
BOALF,2026-09-21,36,36,2026-09-21T16:57:00Z,2026-09-21T16:58:00Z,0,30,57242,2026-09-21T16:48:00Z,False,False,ORI,False,False,LKSDB-1,T_LKSDB-1
BOALF,2026-09-21,36,36,2026-09-21T16:55:00Z,2026-09-21T16:57:00Z,0,0,57242,2026-09-21T16:48:00Z,False,False,ORI,False,False,LKSDB-1,T_LKSDB-1
BOALF,2026-09-21,36,36,2026-09-21T16:54:00Z,2026-09-21T16:55:00Z,30,0,57242,2026-09-21T16:48:00Z,False,False,ORI,False,False,LKSDB-1,T_LKSDB-1
BOALF,2026-09-21,36,36,2026-09-21T16:50:00Z,2026-09-21T16:51:00Z,0,30,57241,2026-09-21T16:35:00Z,False,False,ORI,False,False,LKSDB-1,T_LKSDB-1
BOALF,2026-09-21,36,36,2026-09-21T16:40:00Z,2026-09-21T16:50:00Z,0,0,57241,2026-09-21T16:35:00Z,False,False,ORI,False,False,LKSDB-1,T_LKSDB-1
BOALF,2026-09-21,36,36,2026-09-21T16:40:00Z,2026-09-21T16:41:00Z,0,30,57240,2026-09-21T16:32:00Z,False,False,ORI,False,False,LKSDB-1,T_LKSDB-1
BOALF,2026-09-21,36,36,2026-09-21T16:36:00Z,2026-09-21T16:40:00Z,0,0,57240,2026-09-21T16:32:00Z,False,False,ORI,False,False,LKSDB-1,T_LKSDB-1
BOALF,2026-09-21,36,36,2026-09-21T16:35:00Z,2026-09-21T16:36:00Z,30,0,57240,2026-09-21T16:32:00Z,False,False,ORI,False,False,LKSDB-1,T_LKSDB-1
BOALF,2026-09-21,34,34,2026-09-21T15:51:00Z,2026-09-21T15:52:00Z,-3,0,57239,2026-09-21T15:32:00Z,False,False,ORI,False,False,LKSDB-1,T_LKSDB-1
BOALF,2026-09-21,34,34,2026-09-21T15:41:00Z,2026-09-21T15:51:00Z,-3,-3,57239,2026-09-21T15:32:00Z,False,False,ORI,False,False,LKSDB-1,T_LKSDB-1
BOALF,2026-09-21,34,34,2026-09-21T15:41:00Z,2026-09-21T15:42:00Z,-3,0,57238,2026-09-21T15:20:00Z,False,False,ORI,False,False,LKSDB-1,T_LKSDB-1
BOALF,2026-09-21,34,34,2026-09-21T15:32:00Z,2026-09-21T15:41:00Z,-3,-3,57238,2026-09-21T15:20:00Z,False,False,ORI,False,False,LKSDB-1,T_LKSDB-1
BOALF,2026-09-21,34,34,2026-09-21T15:31:00Z,2026-09-21T15:32:00Z,0,-3,57238,2026-09-21T15:20:00Z,False,False,ORI,False,False,LKSDB-1,T_LKSDB-1
BOALF,2026-09-21,33,33,2026-09-21T15:11:00Z,2026-09-21T15:12:00Z,-34,0,57237,2026-09-21T15:06:00Z,False,False,ORI,False,False,LKSDB-1,T_LKSDB-1
BOALF,2026-09-21,33,33,2026-09-21T15:10:00Z,2026-09-21T15:11:00Z,-34,0,57236,2026-09-21T14:36:00Z,False,False,ORI,False,False,LKSDB-1,T_LKSDB-1
BOALF,2026-09-21,33,33,2026-09-21T15:10:00Z,2026-09-21T15:11:00Z,-34,-34,57237,2026-09-21T15:06:00Z,False,False,ORI,False,False,LKSDB-1,T_LKSDB-1
BOALF,2026-09-21,32,33,2026-09-21T14:45:00Z,2026-09-21T15:10:00Z,-34,-34,57236,2026-09-21T14:36:00Z,False,False,ORI,False,False,LKSDB-1,T_LKSDB-1
BOALF,2026-09-21,32,32,2026-09-21T14:44:00Z,2026-09-21T14:45:00Z,0,-34,57236,2026-09-21T14:36:00Z,False,False,ORI,False,False,LKSDB-1,T_LKSDB-1
BOALF,2026-09-21,30,30,2026-09-21T13:37:00Z,2026-09-21T13:38:00Z,-39,-31,57234,2026-09-21T13:30:00Z,False,False,ORI,False,False,LKSDB-1,T_LKSDB-1
BOALF,2026-09-21,30,30,2026-09-21T13:32:00Z,2026-09-21T13:37:00Z,-39,-39,57234,2026-09-21T13:30:00Z,False,False,ORI,False,False,LKSDB-1,T_LKSDB-1
BOALF,2026-09-21,30,30,2026-09-21T13:31:00Z,2026-09-21T13:32:00Z,-31,-39,57234,2026-09-21T13:30:00Z,False,False,ORI,False,False,LKSDB-1,T_LKSDB-1
BOALF,2026-09-21,28,28,2026-09-21T12:58:00Z,2026-09-21T12:59:00Z,-32,-31,57233,2026-09-21T12:52:00Z,False,False,ORI,False,False,LKSDB-1,T_LKSDB-1
BOALF,2026-09-21,28,28,2026-09-21T12:56:00Z,2026-09-21T12:58:00Z,-32,-32,57233,2026-09-21T12:52:00Z,False,False,ORI,False,False,LKSDB-1,T_LKSDB-1
BOALF,2026-09-21,28,28,2026-09-21T12:55:00Z,2026-09-21T12:56:00Z,-31,-32,57233,2026-09-21T12:52:00Z,False,False,ORI,False,False,LKSDB-1,T_LKSDB-1
BOALF,2026-09-21,26,27,2026-09-21T11:59:00Z,2026-09-21T12:00:00Z,-39,-31,57232,2026-09-21T11:52:00Z,False,False,ORI,False,False,LKSDB-1,T_LKSDB-1
BOALF,2026-09-21,26,26,2026-09-21T11:55:00Z,2026-09-21T11:59:00Z,-39,-39,57232,2026-09-21T11:52:00Z,False,False,ORI,False,False,LKSDB-1,T_LKSDB-1
BOALF,2026-09-21,26,26,2026-09-21T11:54:00Z,2026-09-21T11:55:00Z,-31,-39,57232,2026-09-21T11:52:00Z,False,False,ORI,False,False,LKSDB-1,T_LKSDB-1
BOALF,2026-09-21,26,26,2026-09-21T11:35:00Z,2026-09-21T11:36:00Z,-39,-31,57231,2026-09-21T11:27:00Z,False,False,ORI,False,False,LKSDB-1,T_LKSDB-1
BOALF,2026-09-21,26,26,2026-09-21T11:34:00Z,2026-09-21T11:35:00Z,-30,-31,57230,2026-09-21T11:26:00Z,False,False,ORI,False,False,LKSDB-1,T_LKSDB-1
BOALF,2026-09-21,26,26,2026-09-21T11:32:00Z,2026-09-21T11:34:00Z,-30,-30,57230,2026-09-21T11:26:00Z,False,False,ORI,False,False,LKSDB-1,T_LKSDB-1
BOALF,2026-09-21,26,26,2026-09-21T11:31:00Z,2026-09-21T11:32:00Z,-31,-30,57230,2026-09-21T11:26:00Z,False,False,ORI,False,False,LKSDB-1,T_LKSDB-1
BOALF,2026-09-21,26,26,2026-09-21T11:30:00Z,2026-09-21T11:35:00Z,-39,-39,57231,2026-09-21T11:27:00Z,False,False,ORI,False,False,LKSDB-1,T_LKSDB-1
BOALF,2026-09-21,25,26,2026-09-21T11:29:00Z,2026-09-21T11:30:00Z,-31,-39,57231,2026-09-21T11:27:00Z,False,False,ORI,False,False,LKSDB-1,T_LKSDB-1
BOALF,2026-09-21,25,25,2026-09-21T11:17:00Z,2026-09-21T11:18:00Z,-12,-31,57229,2026-09-21T11:02:00Z,False,False,ORI,False,False,LKSDB-1,T_LKSDB-1
BOALF,2026-09-21,25,25,2026-09-21T11:14:00Z,2026-09-21T11:17:00Z,-12,-12,57229,2026-09-21T11:02:00Z,False,False,ORI,False,False,LKSDB-1,T_LKSDB-1
BOALF,2026-09-21,25,25,2026-09-21T11:13:00Z,2026-09-21T11:14:00Z,0,-31,57228,2026-09-21T11:01:00Z,False,False,ORI,False,False,LKSDB-1,T_LKSDB-1
BOALF,2026-09-21,25,25,2026-09-21T11:13:00Z,2026-09-21T11:14:00Z,0,-12,57229,2026-09-21T11:02:00Z,False,False,ORI,False,False,LKSDB-1,T_LKSDB-1
BOALF,2026-09-21,25,25,2026-09-21T11:11:00Z,2026-09-21T11:13:00Z,0,0,57228,2026-09-21T11:01:00Z,False,False,ORI,False,False,LKSDB-1,T_LKSDB-1
BOALF,2026-09-21,25,25,2026-09-21T11:11:00Z,2026-09-21T11:12:00Z,0,-31,57227,2026-09-21T10:54:00Z,False,False,ORI,False,False,LKSDB-1,T_LKSDB-1
BOALF,2026-09-21,25,25,2026-09-21T11:01:00Z,2026-09-21T11:11:00Z,0,0,57227,2026-09-21T10:54:00Z,False,False,ORI,False,False,LKSDB-1,T_LKSDB-1
BOALF,2026-09-21,25,25,2026-09-21T11:00:00Z,2026-09-21T11:01:00Z,-39,-31,57225,2026-09-21T10:46:00Z,False,False,ORI,False,False,LKSDB-1,T_LKSDB-1
BOALF,2026-09-21,25,25,2026-09-21T11:00:00Z,2026-09-21T11:01:00Z,-39,0,57227,2026-09-21T10:54:00Z,False,False,ORI,False,False,LKSDB-1,T_LKSDB-1
BOALF,2026-09-21,24,25,2026-09-21T10:58:00Z,2026-09-21T11:00:00Z,-39,-39,57225,2026-09-21T10:46:00Z,False,False,ORI,False,False,LKSDB-1,T_LKSDB-1
BOALF,2026-09-21,24,24,2026-09-21T10:57:00Z,2026-09-21T10:58:00Z,-31,-39,57225,2026-09-21T10:46:00Z,False,False,ORI,False,False,LKSDB-1,T_LKSDB-1
BOALF,2026-09-21,24,24,2026-09-21T10:54:00Z,2026-09-21T10:55:00Z,-34,-31,57226,2026-09-21T10:50:00Z,False,False,ORI,False,False,LKSDB-1,T_LKSDB-1
BOALF,2026-09-21,24,24,2026-09-21T10:52:00Z,2026-09-21T10:54:00Z,-34,-34,57226,2026-09-21T10:50:00Z,False,False,ORI,False,False,LKSDB-1,T_LKSDB-1
BOALF,2026-09-21,24,24,2026-09-21T10:51:00Z,2026-09-21T10:52:00Z,-31,-34,57226,2026-09-21T10:50:00Z,False,False,ORI,False,False,LKSDB-1,T_LKSDB-1
BOALF,2026-09-21,18,19,2026-09-21T07:59:00Z,2026-09-21T08:00:00Z,0,11,57224,2026-09-21T07:47:00Z,False,False,ORI,False,False,LKSDB-1,T_LKSDB-1
BOALF,2026-09-21,18,18,2026-09-21T07:55:00Z,2026-09-21T07:59:00Z,0,0,57224,2026-09-21T07:47:00Z,False,False,ORI,False,False,LKSDB-1,T_LKSDB-1
BOALF,2026-09-21,18,18,2026-09-21T07:54:00Z,2026-09-21T07:55:00Z,45,0,57224,2026-09-21T07:47:00Z,False,False,ORI,False,False,LKSDB-1,T_LKSDB-1
BOALF,2026-09-21,18,18,2026-09-21T07:51:00Z,2026-09-21T07:52:00Z,0,45,57222,2026-09-21T07:38:00Z,False,False,ORI,False,False,LKSDB-1,T_LKSDB-1
BOALF,2026-09-21,18,18,2026-09-21T07:44:00Z,2026-09-21T07:51:00Z,0,0,57222,2026-09-21T07:38:00Z,False,False,ORI,False,False,LKSDB-1,T_LKSDB-1
BOALF,2026-09-21,18,18,2026-09-21T07:43:00Z,2026-09-21T07:44:00Z,45,0,57222,2026-09-21T07:38:00Z,False,False,ORI,False,False,LKSDB-1,T_LKSDB-1
BOALF,2026-09-21,18,18,2026-09-21T07:42:00Z,2026-09-21T07:44:00Z,0,0,57223,2026-09-21T07:40:00Z,False,False,ORI,False,False,LKSDB-1,T_LKSDB-1
BOALF,2026-09-21,18,18,2026-09-21T07:41:00Z,2026-09-21T07:42:00Z,45,0,57223,2026-09-21T07:40:00Z,False,False,ORI,False,False,LKSDB-1,T_LKSDB-1
BOALF,2026-09-21,17,17,2026-09-21T07:16:00Z,2026-09-21T07:17:00Z,0,45,57221,2026-09-21T07:09:00Z,False,False,ORI,False,False,LKSDB-1,T_LKSDB-1
BOALF,2026-09-21,17,17,2026-09-21T07:13:00Z,2026-09-21T07:16:00Z,0,0,57221,2026-09-21T07:09:00Z,False,False,ORI,False,False,LKSDB-1,T_LKSDB-1
BOALF,2026-09-21,17,17,2026-09-21T07:12:00Z,2026-09-21T07:13:00Z,45,0,57221,2026-09-21T07:09:00Z,False,False,ORI,False,False,LKSDB-1,T_LKSDB-1
BOALF,2026-09-21,17,17,2026-09-21T07:02:00Z,2026-09-21T07:03:00Z,0,45,57220,2026-09-21T06:51:00Z,False,False,ORI,False,False,LKSDB-1,T_LKSDB-1
BOALF,2026-09-21,17,17,2026-09-21T07:00:00Z,2026-09-21T07:02:00Z,0,0,57220,2026-09-21T06:51:00Z,False,False,ORI,False,False,LKSDB-1,T_LKSDB-1
BOALF,2026-09-21,16,17,2026-09-21T06:59:00Z,2026-09-21T07:00:00Z,45,0,57220,2026-09-21T06:51:00Z,False,False,ORI,False,False,LKSDB-1,T_LKSDB-1
BOALF,2026-09-21,16,16,2026-09-21T06:33:00Z,2026-09-21T06:34:00Z,0,45,57219,2026-09-21T06:26:00Z,False,False,ORI,False,False,LKSDB-1,T_LKSDB-1
BOALF,2026-09-21,16,16,2026-09-21T06:31:00Z,2026-09-21T06:33:00Z,0,0,57219,2026-09-21T06:26:00Z,False,False,ORI,False,False,LKSDB-1,T_LKSDB-1
BOALF,2026-09-21,16,16,2026-09-21T06:30:00Z,2026-09-21T06:31:00Z,45,0,57219,2026-09-21T06:26:00Z,False,False,ORI,False,False,LKSDB-1,T_LKSDB-1
BOALF,2026-09-21,15,15,2026-09-21T06:14:00Z,2026-09-21T06:15:00Z,0,45,57218,2026-09-21T06:02:00Z,False,False,ORI,False,False,LKSDB-1,T_LKSDB-1
BOALF,2026-09-21,15,15,2026-09-21T06:10:00Z,2026-09-21T06:14:00Z,0,0,57218,2026-09-21T06:02:00Z,False,False,ORI,False,False,LKSDB-1,T_LKSDB-1
BOALF,2026-09-21,15,15,2026-09-21T06:10:00Z,2026-09-21T06:11:00Z,0,45,57217,2026-09-21T06:00:00Z,False,False,ORI,False,False,LKSDB-1,T_LKSDB-1
BOALF,2026-09-21,15,15,2026-09-21T06:06:00Z,2026-09-21T06:10:00Z,0,0,57217,2026-09-21T06:00:00Z,False,False,ORI,False,False,LKSDB-1,T_LKSDB-1
BOALF,2026-09-21,15,15,2026-09-21T06:06:00Z,2026-09-21T06:07:00Z,0,45,57216,2026-09-21T05:46:00Z,False,False,ORI,False,False,LKSDB-1,T_LKSDB-1
BOALF,2026-09-21,15,15,2026-09-21T06:04:00Z,2026-09-21T06:06:00Z,0,0,57216,2026-09-21T05:46:00Z,False,False,ORI,False,False,LKSDB-1,T_LKSDB-1
BOALF,2026-09-21,15,15,2026-09-21T06:04:00Z,2026-09-21T06:05:00Z,0,45,57215,2026-09-21T05:42:00Z,False,False,ORI,False,False,LKSDB-1,T_LKSDB-1
BOALF,2026-09-21,15,15,2026-09-21T06:01:00Z,2026-09-21T06:04:00Z,0,0,57215,2026-09-21T05:42:00Z,False,False,ORI,False,False,LKSDB-1,T_LKSDB-1
BOALF,2026-09-21,15,15,2026-09-21T06:00:00Z,2026-09-21T06:01:00Z,45,0,57215,2026-09-21T05:42:00Z,False,False,ORI,False,False,LKSDB-1,T_LKSDB-1
BOALF,2026-09-21,13,13,2026-09-21T05:15:00Z,2026-09-21T05:16:00Z,38,45,57214,2026-09-21T04:59:00Z,False,False,ORI,False,False,LKSDB-1,T_LKSDB-1
BOALF,2026-09-21,13,13,2026-09-21T05:12:00Z,2026-09-21T05:15:00Z,38,38,57214,2026-09-21T04:59:00Z,False,False,ORI,False,False,LKSDB-1,T_LKSDB-1
BOALF,2026-09-21,13,13,2026-09-21T05:11:00Z,2026-09-21T05:12:00Z,0,45,57213,2026-09-21T04:58:00Z,False,False,ORI,False,False,LKSDB-1,T_LKSDB-1
BOALF,2026-09-21,13,13,2026-09-21T05:11:00Z,2026-09-21T05:12:00Z,0,38,57214,2026-09-21T04:59:00Z,False,False,ORI,False,False,LKSDB-1,T_LKSDB-1
BOALF,2026-09-21,13,13,2026-09-21T05:10:00Z,2026-09-21T05:11:00Z,1,45,57212,2026-09-21T04:55:00Z,False,False,ORI,False,False,LKSDB-1,T_LKSDB-1
BOALF,2026-09-21,13,13,2026-09-21T05:07:00Z,2026-09-21T05:10:00Z,1,1,57212,2026-09-21T04:55:00Z,False,False,ORI,False,False,LKSDB-1,T_LKSDB-1
BOALF,2026-09-21,13,13,2026-09-21T05:06:00Z,2026-09-21T05:11:00Z,0,0,57213,2026-09-21T04:58:00Z,False,False,ORI,False,False,LKSDB-1,T_LKSDB-1
BOALF,2026-09-21,13,13,2026-09-21T05:06:00Z,2026-09-21T05:07:00Z,0,45,57211,2026-09-21T04:54:00Z,False,False,ORI,False,False,LKSDB-1,T_LKSDB-1
BOALF,2026-09-21,13,13,2026-09-21T05:06:00Z,2026-09-21T05:07:00Z,0,1,57212,2026-09-21T04:55:00Z,False,False,ORI,False,False,LKSDB-1,T_LKSDB-1
BOALF,2026-09-21,13,13,2026-09-21T05:05:00Z,2026-09-21T05:06:00Z,0,45,57210,2026-09-21T04:48:00Z,False,False,ORI,False,False,LKSDB-1,T_LKSDB-1
BOALF,2026-09-21,13,13,2026-09-21T05:05:00Z,2026-09-21T05:06:00Z,0,0,57211,2026-09-21T04:54:00Z,False,False,ORI,False,False,LKSDB-1,T_LKSDB-1
BOALF,2026-09-21,13,13,2026-09-21T05:00:00Z,2026-09-21T05:05:00Z,0,0,57210,2026-09-21T04:48:00Z,False,False,ORI,False,False,LKSDB-1,T_LKSDB-1
BOALF,2026-09-21,8,8,2026-09-21T02:32:00Z,2026-09-21T02:33:00Z,-25,0,57209,2026-09-21T02:25:00Z,False,False,ORI,False,False,LKSDB-1,T_LKSDB-1
BOALF,2026-09-21,7,8,2026-09-21T02:28:00Z,2026-09-21T02:32:00Z,-25,-25,57209,2026-09-21T02:25:00Z,False,False,ORI,False,False,LKSDB-1,T_LKSDB-1
BOALF,2026-09-21,7,7,2026-09-21T02:27:00Z,2026-09-21T02:28:00Z,0,-25,57209,2026-09-21T02:25:00Z,False,False,ORI,False,False,LKSDB-1,T_LKSDB-1
BOALF,2026-09-21,7,7,2026-09-21T02:00:00Z,2026-09-21T02:01:00Z,-8,0,57207,2026-09-21T01:44:00Z,False,False,ORI,False,False,LKSDB-1,T_LKSDB-1
BOALF,2026-09-21,7,7,2026-09-21T02:00:00Z,2026-09-21T02:01:00Z,-21,0,57208,2026-09-21T01:52:00Z,False,False,ORI,False,False,LKSDB-1,T_LKSDB-1
BOALF,2026-09-21,6,7,2026-09-21T01:58:00Z,2026-09-21T02:00:00Z,-8,-8,57207,2026-09-21T01:44:00Z,False,False,ORI,False,False,LKSDB-1,T_LKSDB-1
BOALF,2026-09-21,6,7,2026-09-21T01:58:00Z,2026-09-21T02:00:00Z,-21,-21,57208,2026-09-21T01:52:00Z,False,False,ORI,False,False,LKSDB-1,T_LKSDB-1
BOALF,2026-09-21,6,6,2026-09-21T01:57:00Z,2026-09-21T01:58:00Z,0,-8,57207,2026-09-21T01:44:00Z,False,False,ORI,False,False,LKSDB-1,T_LKSDB-1
BOALF,2026-09-21,6,6,2026-09-21T01:57:00Z,2026-09-21T01:58:00Z,0,-21,57208,2026-09-21T01:52:00Z,False,False,ORI,False,False,LKSDB-1,T_LKSDB-1
BOALF,2026-09-21,6,6,2026-09-21T01:44:00Z,2026-09-21T01:45:00Z,-11,0,57206,2026-09-21T01:31:00Z,False,False,ORI,False,False,LKSDB-1,T_LKSDB-1
BOALF,2026-09-21,6,6,2026-09-21T01:41:00Z,2026-09-21T01:44:00Z,-11,-11,57206,2026-09-21T01:31:00Z,False,False,ORI,False,False,LKSDB-1,T_LKSDB-1
BOALF,2026-09-21,6,6,2026-09-21T01:40:00Z,2026-09-21T01:41:00Z,-34,0,57205,2026-09-21T01:30:00Z,False,False,ORI,False,False,LKSDB-1,T_LKSDB-1
BOALF,2026-09-21,6,6,2026-09-21T01:40:00Z,2026-09-21T01:41:00Z,-34,-11,57206,2026-09-21T01:31:00Z,False,False,ORI,False,False,LKSDB-1,T_LKSDB-1
BOALF,2026-09-21,6,6,2026-09-21T01:38:00Z,2026-09-21T01:40:00Z,-34,-34,57205,2026-09-21T01:30:00Z,False,False,ORI,False,False,LKSDB-1,T_LKSDB-1
BOALF,2026-09-21,6,6,2026-09-21T01:37:00Z,2026-09-21T01:38:00Z,0,-34,57205,2026-09-21T01:30:00Z,False,False,ORI,False,False,LKSDB-1,T_LKSDB-1
BOALF,2026-09-21,6,6,2026-09-21T01:34:00Z,2026-09-21T01:35:00Z,-25,0,57204,2026-09-21T01:26:00Z,False,False,ORI,False,False,LKSDB-1,T_LKSDB-1
BOALF,2026-09-21,6,6,2026-09-21T01:32:00Z,2026-09-21T01:34:00Z,-25,-25,57204,2026-09-21T01:26:00Z,False,False,ORI,False,False,LKSDB-1,T_LKSDB-1
BOALF,2026-09-21,6,6,2026-09-21T01:32:00Z,2026-09-21T01:33:00Z,-25,0,57203,2026-09-21T01:17:00Z,False,False,ORI,False,False,LKSDB-1,T_LKSDB-1
BOALF,2026-09-21,5,6,2026-09-21T01:29:00Z,2026-09-21T01:32:00Z,-25,-25,57203,2026-09-21T01:17:00Z,False,False,ORI,False,False,LKSDB-1,T_LKSDB-1
BOALF,2026-09-21,5,5,2026-09-21T01:28:00Z,2026-09-21T01:29:00Z,0,-25,57203,2026-09-21T01:17:00Z,False,False,ORI,False,False,LKSDB-1,T_LKSDB-1
BOALF,2026-09-21,5,5,2026-09-21T01:19:00Z,2026-09-21T01:20:00Z,-48,0,57202,2026-09-21T01:03:00Z,False,False,ORI,False,False,LKSDB-1,T_LKSDB-1
BOALF,2026-09-21,5,5,2026-09-21T01:15:00Z,2026-09-21T01:19:00Z,-48,-48,57202,2026-09-21T01:03:00Z,False,False,ORI,False,False,LKSDB-1,T_LKSDB-1
BOALF,2026-09-21,5,5,2026-09-21T01:14:00Z,2026-09-21T01:15:00Z,-99,0,57201,2026-09-21T01:02:00Z,False,False,ORI,False,False,LKSDB-1,T_LKSDB-1
BOALF,2026-09-21,5,5,2026-09-21T01:14:00Z,2026-09-21T01:15:00Z,-99,-48,57202,2026-09-21T01:03:00Z,False,False,ORI,False,False,LKSDB-1,T_LKSDB-1
BOALF,2026-09-21,5,5,2026-09-21T01:09:00Z,2026-09-21T01:14:00Z,-99,-99,57201,2026-09-21T01:02:00Z,False,False,ORI,False,False,LKSDB-1,T_LKSDB-1
BOALF,2026-09-21,5,5,2026-09-21T01:09:00Z,2026-09-21T01:10:00Z,-99,0,57200,2026-09-21T01:01:00Z,False,False,ORI,False,False,LKSDB-1,T_LKSDB-1
BOALF,2026-09-21,5,5,2026-09-21T01:04:00Z,2026-09-21T01:09:00Z,-99,-99,57200,2026-09-21T01:01:00Z,False,False,ORI,False,False,LKSDB-1,T_LKSDB-1
BOALF,2026-09-21,5,5,2026-09-21T01:03:00Z,2026-09-21T01:04:00Z,0,-99,57200,2026-09-21T01:01:00Z,False,False,ORI,False,False,LKSDB-1,T_LKSDB-1
BOALF,2026-09-21,5,5,2026-09-21T01:00:00Z,2026-09-21T01:01:00Z,-75,0,57199,2026-09-21T00:47:00Z,False,False,ORI,False,False,LKSDB-1,T_LKSDB-1
BOALF,2026-09-21,4,5,2026-09-21T00:58:00Z,2026-09-21T01:00:00Z,-75,-75,57199,2026-09-21T00:47:00Z,False,False,ORI,False,False,LKSDB-1,T_LKSDB-1
BOALF,2026-09-21,4,4,2026-09-21T00:57:00Z,2026-09-21T00:58:00Z,-99,0,57198,2026-09-21T00:46:00Z,False,False,ORI,False,False,LKSDB-1,T_LKSDB-1
BOALF,2026-09-21,4,4,2026-09-21T00:57:00Z,2026-09-21T00:58:00Z,-99,-75,57199,2026-09-21T00:47:00Z,False,False,ORI,False,False,LKSDB-1,T_LKSDB-1
BOALF,2026-09-21,4,4,2026-09-21T00:54:00Z,2026-09-21T00:57:00Z,-99,-99,57198,2026-09-21T00:46:00Z,False,False,ORI,False,False,LKSDB-1,T_LKSDB-1
BOALF,2026-09-21,4,4,2026-09-21T00:54:00Z,2026-09-21T00:55:00Z,-99,0,57196,2026-09-21T00:39:00Z,False,False,ORI,False,False,LKSDB-1,T_LKSDB-1
BOALF,2026-09-21,4,4,2026-09-21T00:51:00Z,2026-09-21T00:54:00Z,-99,-99,57196,2026-09-21T00:39:00Z,False,False,ORI,False,False,LKSDB-1,T_LKSDB-1
BOALF,2026-09-21,4,4,2026-09-21T00:50:00Z,2026-09-21T00:51:00Z,-76,0,57195,2026-09-21T00:38:00Z,False,False,ORI,False,False,LKSDB-1,T_LKSDB-1
BOALF,2026-09-21,4,4,2026-09-21T00:50:00Z,2026-09-21T00:51:00Z,-76,-99,57196,2026-09-21T00:39:00Z,False,False,ORI,False,False,LKSDB-1,T_LKSDB-1
BOALF,2026-09-21,4,4,2026-09-21T00:50:00Z,2026-09-21T00:51:00Z,-78,-99,57197,2026-09-21T00:42:00Z,False,False,ORI,False,False,LKSDB-1,T_LKSDB-1
BOALF,2026-09-21,4,4,2026-09-21T00:48:00Z,2026-09-21T00:50:00Z,-76,-76,57195,2026-09-21T00:38:00Z,False,False,ORI,False,False,LKSDB-1,T_LKSDB-1
BOALF,2026-09-21,4,4,2026-09-21T00:48:00Z,2026-09-21T00:49:00Z,-76,0,57194,2026-09-21T00:33:00Z,False,False,ORI,False,False,LKSDB-1,T_LKSDB-1
BOALF,2026-09-21,4,4,2026-09-21T00:47:00Z,2026-09-21T00:50:00Z,-78,-78,57197,2026-09-21T00:42:00Z,False,False,ORI,False,False,LKSDB-1,T_LKSDB-1
BOALF,2026-09-21,4,4,2026-09-21T00:46:00Z,2026-09-21T00:48:00Z,-76,-76,57194,2026-09-21T00:33:00Z,False,False,ORI,False,False,LKSDB-1,T_LKSDB-1
BOALF,2026-09-21,4,4,2026-09-21T00:46:00Z,2026-09-21T00:47:00Z,-76,-78,57197,2026-09-21T00:42:00Z,False,False,ORI,False,False,LKSDB-1,T_LKSDB-1
BOALF,2026-09-21,4,4,2026-09-21T00:45:00Z,2026-09-21T00:46:00Z,-18,0,57193,2026-09-21T00:32:00Z,False,False,ORI,False,False,LKSDB-1,T_LKSDB-1
BOALF,2026-09-21,4,4,2026-09-21T00:45:00Z,2026-09-21T00:46:00Z,-18,-76,57194,2026-09-21T00:33:00Z,False,False,ORI,False,False,LKSDB-1,T_LKSDB-1
BOALF,2026-09-21,4,4,2026-09-21T00:41:00Z,2026-09-21T00:45:00Z,-18,-18,57193,2026-09-21T00:32:00Z,False,False,ORI,False,False,LKSDB-1,T_LKSDB-1
BOALF,2026-09-21,4,4,2026-09-21T00:40:00Z,2026-09-21T00:41:00Z,0,-18,57193,2026-09-21T00:32:00Z,False,False,ORI,False,False,LKSDB-1,T_LKSDB-1
BOALF,2026-09-21,4,4,2026-09-21T00:32:00Z,2026-09-21T00:33:00Z,-44,0,57192,2026-09-21T00:27:00Z,False,False,ORI,False,False,LKSDB-1,T_LKSDB-1
BOALF,2026-09-21,4,4,2026-09-21T00:30:00Z,2026-09-21T00:32:00Z,-44,-44,57192,2026-09-21T00:27:00Z,False,False,ORI,False,False,LKSDB-1,T_LKSDB-1
BOALF,2026-09-21,3,4,2026-09-21T00:29:00Z,2026-09-21T00:30:00Z,0,-44,57192,2026-09-21T00:27:00Z,False,False,ORI,False,False,LKSDB-1,T_LKSDB-1
BOALF,2026-09-21,3,3,2026-09-21T00:00:00Z,2026-09-21T00:01:00Z,-10,0,57191,2026-09-20T23:43:00Z,False,False,ORI,False,False,LKSDB-1,T_LKSDB-1
BOALF,2026-09-21,2,3,2026-09-20T23:58:00Z,2026-09-21T00:00:00Z,-10,-10,57191,2026-09-20T23:43:00Z,False,False,ORI,False,False,LKSDB-1,T_LKSDB-1
BOALF,2026-09-21,2,2,2026-09-20T23:57:00Z,2026-09-20T23:58:00Z,0,-10,57191,2026-09-20T23:43:00Z,False,False,ORI,False,False,LKSDB-1,T_LKSDB-1
BOALF,2026-09-21,1,1,2026-09-20T23:26:00Z,2026-09-20T23:27:00Z,-34,0,57190,2026-09-20T23:16:00Z,False,False,ORI,False,False,LKSDB-1,T_LKSDB-1
BOALF,2026-09-21,1,1,2026-09-20T23:24:00Z,2026-09-20T23:26:00Z,-34,-34,57190,2026-09-20T23:16:00Z,False,False,ORI,False,False,LKSDB-1,T_LKSDB-1
BOALF,2026-09-21,1,1,2026-09-20T23:23:00Z,2026-09-20T23:24:00Z,0,-34,57190,2026-09-20T23:16:00Z,False,False,ORI,False,False,LKSDB-1,T_LKSDB-1
BOALF,2026-09-20,46,46,2026-09-20T21:30:00Z,2026-09-20T21:31:00Z,-99,0,57189,2026-09-20T21:20:00Z,False,False,ORI,False,False,LKSDB-1,T_LKSDB-1
BOALF,2026-09-20,45,46,2026-09-20T21:28:00Z,2026-09-20T21:30:00Z,-99,-99,57189,2026-09-20T21:20:00Z,False,False,ORI,False,False,LKSDB-1,T_LKSDB-1
BOALF,2026-09-20,45,45,2026-09-20T21:27:00Z,2026-09-20T21:28:00Z,0,-99,57189,2026-09-20T21:20:00Z,False,False,ORI,False,False,LKSDB-1,T_LKSDB-1
BOALF,2026-09-20,41,41,2026-09-20T19:21:00Z,2026-09-20T19:22:00Z,75,54,57188,2026-09-20T19:04:00Z,False,False,ORI,False,False,LKSDB-1,T_LKSDB-1
BOALF,2026-09-20,41,41,2026-09-20T19:19:00Z,2026-09-20T19:21:00Z,75,75,57188,2026-09-20T19:04:00Z,False,False,ORI,False,False,LKSDB-1,T_LKSDB-1
BOALF,2026-09-20,41,41,2026-09-20T19:18:00Z,2026-09-20T19:19:00Z,87,54,57187,2026-09-20T19:03:00Z,False,False,ORI,False,False,LKSDB-1,T_LKSDB-1
BOALF,2026-09-20,41,41,2026-09-20T19:18:00Z,2026-09-20T19:19:00Z,87,75,57188,2026-09-20T19:04:00Z,False,False,ORI,False,False,LKSDB-1,T_LKSDB-1
BOALF,2026-09-20,41,41,2026-09-20T19:16:00Z,2026-09-20T19:18:00Z,87,87,57187,2026-09-20T19:03:00Z,False,False,ORI,False,False,LKSDB-1,T_LKSDB-1
BOALF,2026-09-20,41,41,2026-09-20T19:15:00Z,2026-09-20T19:16:00Z,99,54,57186,2026-09-20T19:02:00Z,False,False,ORI,False,False,LKSDB-1,T_LKSDB-1
BOALF,2026-09-20,41,41,2026-09-20T19:15:00Z,2026-09-20T19:16:00Z,99,87,57187,2026-09-20T19:03:00Z,False,False,ORI,False,False,LKSDB-1,T_LKSDB-1
BOALF,2026-09-20,41,41,2026-09-20T19:12:00Z,2026-09-20T19:15:00Z,99,99,57186,2026-09-20T19:02:00Z,False,False,ORI,False,False,LKSDB-1,T_LKSDB-1
BOALF,2026-09-20,41,41,2026-09-20T19:12:00Z,2026-09-20T19:13:00Z,99,54,57185,2026-09-20T18:55:00Z,False,False,ORI,False,False,LKSDB-1,T_LKSDB-1
BOALF,2026-09-20,41,41,2026-09-20T19:10:00Z,2026-09-20T19:12:00Z,99,99,57185,2026-09-20T18:55:00Z,False,False,ORI,False,False,LKSDB-1,T_LKSDB-1
BOALF,2026-09-20,41,41,2026-09-20T19:10:00Z,2026-09-20T19:11:00Z,99,54,57184,2026-09-20T18:54:00Z,False,False,ORI,False,False,LKSDB-1,T_LKSDB-1
BOALF,2026-09-20,41,41,2026-09-20T19:08:00Z,2026-09-20T19:10:00Z,99,99,57184,2026-09-20T18:54:00Z,False,False,ORI,False,False,LKSDB-1,T_LKSDB-1
BOALF,2026-09-20,41,41,2026-09-20T19:08:00Z,2026-09-20T19:09:00Z,99,54,57183,2026-09-20T18:52:00Z,False,False,ORI,False,False,LKSDB-1,T_LKSDB-1
BOALF,2026-09-20,41,41,2026-09-20T19:01:00Z,2026-09-20T19:08:00Z,99,99,57183,2026-09-20T18:52:00Z,False,False,ORI,False,False,LKSDB-1,T_LKSDB-1
BOALF,2026-09-20,41,41,2026-09-20T19:01:00Z,2026-09-20T19:02:00Z,99,54,57182,2026-09-20T18:45:00Z,False,False,ORI,False,False,LKSDB-1,T_LKSDB-1
BOALF,2026-09-20,40,41,2026-09-20T18:59:00Z,2026-09-20T19:01:00Z,99,99,57182,2026-09-20T18:45:00Z,False,False,ORI,False,False,LKSDB-1,T_LKSDB-1
BOALF,2026-09-20,40,41,2026-09-20T18:59:00Z,2026-09-20T19:00:00Z,99,54,57180,2026-09-20T18:42:00Z,False,False,ORI,False,False,LKSDB-1,T_LKSDB-1
BOALF,2026-09-20,40,40,2026-09-20T18:54:00Z,2026-09-20T18:59:00Z,99,99,57180,2026-09-20T18:42:00Z,False,False,ORI,False,False,LKSDB-1,T_LKSDB-1
BOALF,2026-09-20,40,40,2026-09-20T18:53:00Z,2026-09-20T18:54:00Z,80,54,57179,2026-09-20T18:36:00Z,False,False,ORI,False,False,LKSDB-1,T_LKSDB-1
BOALF,2026-09-20,40,40,2026-09-20T18:53:00Z,2026-09-20T18:54:00Z,80,99,57180,2026-09-20T18:42:00Z,False,False,ORI,False,False,LKSDB-1,T_LKSDB-1
BOALF,2026-09-20,40,40,2026-09-20T18:51:00Z,2026-09-20T18:53:00Z,80,80,57179,2026-09-20T18:36:00Z,False,False,ORI,False,False,LKSDB-1,T_LKSDB-1
BOALF,2026-09-20,40,40,2026-09-20T18:50:00Z,2026-09-20T18:51:00Z,54,80,57179,2026-09-20T18:36:00Z,False,False,ORI,False,False,LKSDB-1,T_LKSDB-1
BOALF,2026-09-20,40,40,2026-09-20T18:48:00Z,2026-09-20T18:54:00Z,99,99,57181,2026-09-20T18:44:00Z,False,False,ORI,False,False,LKSDB-1,T_LKSDB-1
BOALF,2026-09-20,40,40,2026-09-20T18:47:00Z,2026-09-20T18:48:00Z,54,99,57181,2026-09-20T18:44:00Z,False,False,ORI,False,False,LKSDB-1,T_LKSDB-1
BOALF,2026-09-20,39,39,2026-09-20T18:02:00Z,2026-09-20T18:03:00Z,48,54,57178,2026-09-20T17:44:00Z,False,False,ORI,False,False,LKSDB-1,T_LKSDB-1
BOALF,2026-09-20,39,39,2026-09-20T18:00:00Z,2026-09-20T18:02:00Z,48,48,57178,2026-09-20T17:44:00Z,False,False,ORI,False,False,LKSDB-1,T_LKSDB-1
BOALF,2026-09-20,32,32,2026-09-20T14:35:00Z,2026-09-20T14:36:00Z,-70,0,57177,2026-09-20T14:25:00Z,False,False,ORI,False,False,LKSDB-1,T_LKSDB-1
BOALF,2026-09-20,32,32,2026-09-20T14:31:00Z,2026-09-20T14:35:00Z,-70,-70,57177,2026-09-20T14:25:00Z,False,False,ORI,False,False,LKSDB-1,T_LKSDB-1
BOALF,2026-09-20,32,32,2026-09-20T14:30:00Z,2026-09-20T14:31:00Z,-8,-70,57177,2026-09-20T14:25:00Z,False,False,ORI,False,False,LKSDB-1,T_LKSDB-1
BOALF,2026-09-20,31,32,2026-09-20T14:28:00Z,2026-09-20T14:30:00Z,-8,-8,57174,2026-09-20T14:08:00Z,False,False,ORI,False,False,LKSDB-1,T_LKSDB-1
BOALF,2026-09-20,31,31,2026-09-20T14:27:00Z,2026-09-20T14:28:00Z,-70,-8,57174,2026-09-20T14:08:00Z,False,False,ORI,False,False,LKSDB-1,T_LKSDB-1
BOALF,2026-09-20,31,31,2026-09-20T14:27:00Z,2026-09-20T14:28:00Z,-42,-8,57176,2026-09-20T14:13:00Z,False,False,ORI,False,False,LKSDB-1,T_LKSDB-1
BOALF,2026-09-20,31,31,2026-09-20T14:25:00Z,2026-09-20T14:27:00Z,-42,-42,57176,2026-09-20T14:13:00Z,False,False,ORI,False,False,LKSDB-1,T_LKSDB-1
BOALF,2026-09-20,31,31,2026-09-20T14:24:00Z,2026-09-20T14:25:00Z,0,-70,57175,2026-09-20T14:10:00Z,False,False,ORI,False,False,LKSDB-1,T_LKSDB-1
BOALF,2026-09-20,31,31,2026-09-20T14:24:00Z,2026-09-20T14:25:00Z,0,-42,57176,2026-09-20T14:13:00Z,False,False,ORI,False,False,LKSDB-1,T_LKSDB-1
BOALF,2026-09-20,31,31,2026-09-20T14:23:00Z,2026-09-20T14:24:00Z,0,-70,57173,2026-09-20T14:05:00Z,False,False,ORI,False,False,LKSDB-1,T_LKSDB-1
BOALF,2026-09-20,31,31,2026-09-20T14:23:00Z,2026-09-20T14:24:00Z,0,0,57175,2026-09-20T14:10:00Z,False,False,ORI,False,False,LKSDB-1,T_LKSDB-1
BOALF,2026-09-20,31,31,2026-09-20T14:08:00Z,2026-09-20T14:23:00Z,0,0,57173,2026-09-20T14:05:00Z,False,False,ORI,False,False,LKSDB-1,T_LKSDB-1
BOALF,2026-09-20,31,31,2026-09-20T14:07:00Z,2026-09-20T14:08:00Z,-70,0,57173,2026-09-20T14:05:00Z,False,False,ORI,False,False,LKSDB-1,T_LKSDB-1
BOALF,2026-09-20,22,22,2026-09-20T09:35:00Z,2026-09-20T09:36:00Z,15,0,57172,2026-09-20T09:26:00Z,False,False,ORI,False,False,LKSDB-1,T_LKSDB-1
BOALF,2026-09-20,22,22,2026-09-20T09:31:00Z,2026-09-20T09:35:00Z,15,15,57172,2026-09-20T09:26:00Z,False,False,ORI,False,False,LKSDB-1,T_LKSDB-1
BOALF,2026-09-20,22,22,2026-09-20T09:30:00Z,2026-09-20T09:31:00Z,0,15,57172,2026-09-20T09:26:00Z,False,False,ORI,False,False,LKSDB-1,T_LKSDB-1
BOALF,2026-09-20,20,21,2026-09-20T08:56:00Z,2026-09-20T09:00:00Z,0,0,57170,2026-09-20T08:47:00Z,False,False,ORI,False,False,LKSDB-1,T_LKSDB-1
BOALF,2026-09-20,20,20,2026-09-20T08:56:00Z,2026-09-20T08:57:00Z,0,-75,57169,2026-09-20T08:45:00Z,False,False,ORI,False,False,LKSDB-1,T_LKSDB-1
BOALF,2026-09-20,20,20,2026-09-20T08:54:00Z,2026-09-20T08:55:00Z,1,0,57171,2026-09-20T08:50:00Z,False,False,ORI,False,False,LKSDB-1,T_LKSDB-1
BOALF,2026-09-20,20,20,2026-09-20T08:53:00Z,2026-09-20T08:56:00Z,0,0,57169,2026-09-20T08:45:00Z,False,False,ORI,False,False,LKSDB-1,T_LKSDB-1
BOALF,2026-09-20,20,20,2026-09-20T08:53:00Z,2026-09-20T08:54:00Z,0,-75,57166,2026-09-20T08:36:00Z,False,False,ORI,False,False,LKSDB-1,T_LKSDB-1
BOALF,2026-09-20,20,20,2026-09-20T08:52:00Z,2026-09-20T08:54:00Z,1,1,57171,2026-09-20T08:50:00Z,False,False,ORI,False,False,LKSDB-1,T_LKSDB-1
BOALF,2026-09-20,20,20,2026-09-20T08:51:00Z,2026-09-20T08:52:00Z,0,1,57171,2026-09-20T08:50:00Z,False,False,ORI,False,False,LKSDB-1,T_LKSDB-1
BOALF,2026-09-20,20,20,2026-09-20T08:49:00Z,2026-09-20T08:50:00Z,-9,-75,57165,2026-09-20T08:32:00Z,False,False,ORI,False,False,LKSDB-1,T_LKSDB-1
BOALF,2026-09-20,20,20,2026-09-20T08:46:00Z,2026-09-20T08:47:00Z,1,0,57168,2026-09-20T08:43:00Z,False,False,ORI,False,False,LKSDB-1,T_LKSDB-1
BOALF,2026-09-20,20,20,2026-09-20T08:45:00Z,2026-09-20T08:49:00Z,-9,-9,57165,2026-09-20T08:32:00Z,False,False,ORI,False,False,LKSDB-1,T_LKSDB-1
BOALF,2026-09-20,20,20,2026-09-20T08:45:00Z,2026-09-20T08:46:00Z,1,0,57167,2026-09-20T08:39:00Z,False,False,ORI,False,False,LKSDB-1,T_LKSDB-1
BOALF,2026-09-20,20,20,2026-09-20T08:45:00Z,2026-09-20T08:46:00Z,1,1,57168,2026-09-20T08:43:00Z,False,False,ORI,False,False,LKSDB-1,T_LKSDB-1
BOALF,2026-09-20,20,20,2026-09-20T08:44:00Z,2026-09-20T08:45:00Z,-75,-9,57165,2026-09-20T08:32:00Z,False,False,ORI,False,False,LKSDB-1,T_LKSDB-1
BOALF,2026-09-20,20,20,2026-09-20T08:42:00Z,2026-09-20T08:45:00Z,1,1,57167,2026-09-20T08:39:00Z,False,False,ORI,False,False,LKSDB-1,T_LKSDB-1
BOALF,2026-09-20,20,20,2026-09-20T08:41:00Z,2026-09-20T08:53:00Z,0,0,57166,2026-09-20T08:36:00Z,False,False,ORI,False,False,LKSDB-1,T_LKSDB-1
BOALF,2026-09-20,20,20,2026-09-20T08:41:00Z,2026-09-20T08:42:00Z,0,-75,57162,2026-09-20T08:22:00Z,False,False,ORI,False,False,LKSDB-1,T_LKSDB-1
BOALF,2026-09-20,20,20,2026-09-20T08:41:00Z,2026-09-20T08:42:00Z,0,1,57167,2026-09-20T08:39:00Z,False,False,ORI,False,False,LKSDB-1,T_LKSDB-1
BOALF,2026-09-20,20,20,2026-09-20T08:36:00Z,2026-09-20T08:37:00Z,1,0,57164,2026-09-20T08:29:00Z,False,False,ORI,False,False,LKSDB-1,T_LKSDB-1
BOALF,2026-09-20,20,20,2026-09-20T08:34:00Z,2026-09-20T08:41:00Z,0,0,57162,2026-09-20T08:22:00Z,False,False,ORI,False,False,LKSDB-1,T_LKSDB-1
BOALF,2026-09-20,20,20,2026-09-20T08:34:00Z,2026-09-20T08:36:00Z,1,1,57164,2026-09-20T08:29:00Z,False,False,ORI,False,False,LKSDB-1,T_LKSDB-1
BOALF,2026-09-20,20,20,2026-09-20T08:33:00Z,2026-09-20T08:34:00Z,-75,0,57162,2026-09-20T08:22:00Z,False,False,ORI,False,False,LKSDB-1,T_LKSDB-1
BOALF,2026-09-20,20,20,2026-09-20T08:33:00Z,2026-09-20T08:34:00Z,0,1,57164,2026-09-20T08:29:00Z,False,False,ORI,False,False,LKSDB-1,T_LKSDB-1
BOALF,2026-09-20,19,20,2026-09-20T08:29:00Z,2026-09-20T08:34:00Z,0,0,57163,2026-09-20T08:23:00Z,False,False,ORI,False,False,LKSDB-1,T_LKSDB-1
BOALF,2026-09-20,19,20,2026-09-20T08:29:00Z,2026-09-20T08:30:00Z,0,-71,57161,2026-09-20T08:20:00Z,False,False,ORI,False,False,LKSDB-1,T_LKSDB-1
BOALF,2026-09-20,19,19,2026-09-20T08:24:00Z,2026-09-20T08:29:00Z,0,0,57161,2026-09-20T08:20:00Z,False,False,ORI,False,False,LKSDB-1,T_LKSDB-1
BOALF,2026-09-20,19,19,2026-09-20T08:24:00Z,2026-09-20T08:25:00Z,-67,-75,57159,2026-09-20T08:07:00Z,False,False,ORI,False,False,LKSDB-1,T_LKSDB-1
BOALF,2026-09-20,19,19,2026-09-20T08:24:00Z,2026-09-20T08:25:00Z,0,-75,57160,2026-09-20T08:16:00Z,False,False,ORI,False,False,LKSDB-1,T_LKSDB-1
BOALF,2026-09-20,19,19,2026-09-20T08:22:00Z,2026-09-20T08:24:00Z,-67,-67,57159,2026-09-20T08:07:00Z,False,False,ORI,False,False,LKSDB-1,T_LKSDB-1
BOALF,2026-09-20,19,19,2026-09-20T08:22:00Z,2026-09-20T08:24:00Z,0,0,57160,2026-09-20T08:16:00Z,False,False,ORI,False,False,LKSDB-1,T_LKSDB-1
BOALF,2026-09-20,19,19,2026-09-20T08:21:00Z,2026-09-20T08:22:00Z,-75,-67,57159,2026-09-20T08:07:00Z,False,False,ORI,False,False,LKSDB-1,T_LKSDB-1
BOALF,2026-09-20,19,19,2026-09-20T08:21:00Z,2026-09-20T08:22:00Z,-75,0,57160,2026-09-20T08:16:00Z,False,False,ORI,False,False,LKSDB-1,T_LKSDB-1
BOALF,2026-09-20,19,19,2026-09-20T08:18:00Z,2026-09-20T08:19:00Z,0,-75,57158,2026-09-20T08:04:00Z,False,False,ORI,False,False,LKSDB-1,T_LKSDB-1
BOALF,2026-09-20,19,19,2026-09-20T08:15:00Z,2026-09-20T08:18:00Z,0,0,57158,2026-09-20T08:04:00Z,False,False,ORI,False,False,LKSDB-1,T_LKSDB-1
BOALF,2026-09-20,19,19,2026-09-20T08:15:00Z,2026-09-20T08:16:00Z,0,-75,57157,2026-09-20T08:00:00Z,False,False,ORI,False,False,LKSDB-1,T_LKSDB-1
BOALF,2026-09-20,19,19,2026-09-20T08:13:00Z,2026-09-20T08:15:00Z,0,0,57157,2026-09-20T08:00:00Z,False,False,ORI,False,False,LKSDB-1,T_LKSDB-1
BOALF,2026-09-20,19,19,2026-09-20T08:13:00Z,2026-09-20T08:14:00Z,0,-75,57156,2026-09-20T07:57:00Z,False,False,ORI,False,False,LKSDB-1,T_LKSDB-1
BOALF,2026-09-20,19,19,2026-09-20T08:11:00Z,2026-09-20T08:13:00Z,0,0,57156,2026-09-20T07:57:00Z,False,False,ORI,False,False,LKSDB-1,T_LKSDB-1
BOALF,2026-09-20,19,19,2026-09-20T08:11:00Z,2026-09-20T08:12:00Z,0,-75,57155,2026-09-20T07:56:00Z,False,False,ORI,False,False,LKSDB-1,T_LKSDB-1
BOALF,2026-09-20,19,19,2026-09-20T08:06:00Z,2026-09-20T08:11:00Z,0,0,57155,2026-09-20T07:56:00Z,False,False,ORI,False,False,LKSDB-1,T_LKSDB-1
BOALF,2026-09-20,19,19,2026-09-20T08:06:00Z,2026-09-20T08:07:00Z,0,-75,57154,2026-09-20T07:52:00Z,False,False,ORI,False,False,LKSDB-1,T_LKSDB-1
BOALF,2026-09-20,19,19,2026-09-20T08:05:00Z,2026-09-20T08:06:00Z,34,0,57154,2026-09-20T07:52:00Z,False,False,ORI,False,False,LKSDB-1,T_LKSDB-1
BOALF,2026-09-20,18,18,2026-09-20T07:57:00Z,2026-09-20T07:58:00Z,24,0,57153,2026-09-20T07:47:00Z,False,False,ORI,False,False,LKSDB-1,T_LKSDB-1
BOALF,2026-09-20,18,19,2026-09-20T07:56:00Z,2026-09-20T08:05:00Z,34,34,57154,2026-09-20T07:52:00Z,False,False,ORI,False,False,LKSDB-1,T_LKSDB-1
BOALF,2026-09-20,18,18,2026-09-20T07:55:00Z,2026-09-20T07:56:00Z,24,34,57154,2026-09-20T07:52:00Z,False,False,ORI,False,False,LKSDB-1,T_LKSDB-1
BOALF,2026-09-20,18,18,2026-09-20T07:52:00Z,2026-09-20T07:57:00Z,24,24,57153,2026-09-20T07:47:00Z,False,False,ORI,False,False,LKSDB-1,T_LKSDB-1
BOALF,2026-09-20,18,18,2026-09-20T07:52:00Z,2026-09-20T07:53:00Z,24,0,57150,2026-09-20T07:42:00Z,False,False,ORI,False,False,LKSDB-1,T_LKSDB-1
BOALF,2026-09-20,18,18,2026-09-20T07:51:00Z,2026-09-20T07:52:00Z,24,0,57149,2026-09-20T07:38:00Z,False,False,ORI,False,False,LKSDB-1,T_LKSDB-1
BOALF,2026-09-20,18,18,2026-09-20T07:51:00Z,2026-09-20T07:52:00Z,24,24,57150,2026-09-20T07:42:00Z,False,False,ORI,False,False,LKSDB-1,T_LKSDB-1
BOALF,2026-09-20,18,18,2026-09-20T07:51:00Z,2026-09-20T07:52:00Z,34,24,57151,2026-09-20T07:43:00Z,False,False,ORI,False,False,LKSDB-1,T_LKSDB-1
BOALF,2026-09-20,18,18,2026-09-20T07:49:00Z,2026-09-20T07:51:00Z,34,34,57151,2026-09-20T07:43:00Z,False,False,ORI,False,False,LKSDB-1,T_LKSDB-1
BOALF,2026-09-20,18,18,2026-09-20T07:48:00Z,2026-09-20T07:51:00Z,24,24,57149,2026-09-20T07:38:00Z,False,False,ORI,False,False,LKSDB-1,T_LKSDB-1
BOALF,2026-09-20,18,18,2026-09-20T07:48:00Z,2026-09-20T07:49:00Z,24,0,57147,2026-09-20T07:32:00Z,False,False,ORI,False,False,LKSDB-1,T_LKSDB-1
BOALF,2026-09-20,18,18,2026-09-20T07:48:00Z,2026-09-20T07:49:00Z,24,34,57151,2026-09-20T07:43:00Z,False,False,ORI,False,False,LKSDB-1,T_LKSDB-1
BOALF,2026-09-20,18,18,2026-09-20T07:48:00Z,2026-09-20T07:49:00Z,34,34,57152,2026-09-20T07:44:00Z,False,False,ORI,False,False,LKSDB-1,T_LKSDB-1
BOALF,2026-09-20,18,18,2026-09-20T07:47:00Z,2026-09-20T07:48:00Z,24,34,57152,2026-09-20T07:44:00Z,False,False,ORI,False,False,LKSDB-1,T_LKSDB-1
BOALF,2026-09-20,18,18,2026-09-20T07:43:00Z,2026-09-20T07:44:00Z,34,24,57148,2026-09-20T07:35:00Z,False,False,ORI,False,False,LKSDB-1,T_LKSDB-1
BOALF,2026-09-20,18,18,2026-09-20T07:40:00Z,2026-09-20T07:41:00Z,5,0,57146,2026-09-20T07:27:00Z,False,False,ORI,False,False,LKSDB-1,T_LKSDB-1
BOALF,2026-09-20,18,18,2026-09-20T07:39:00Z,2026-09-20T07:43:00Z,34,34,57148,2026-09-20T07:35:00Z,False,False,ORI,False,False,LKSDB-1,T_LKSDB-1
BOALF,2026-09-20,18,18,2026-09-20T07:38:00Z,2026-09-20T07:48:00Z,24,24,57147,2026-09-20T07:32:00Z,False,False,ORI,False,False,LKSDB-1,T_LKSDB-1
BOALF,2026-09-20,18,18,2026-09-20T07:38:00Z,2026-09-20T07:39:00Z,24,34,57148,2026-09-20T07:35:00Z,False,False,ORI,False,False,LKSDB-1,T_LKSDB-1
BOALF,2026-09-20,18,18,2026-09-20T07:37:00Z,2026-09-20T07:38:00Z,5,24,57147,2026-09-20T07:32:00Z,False,False,ORI,False,False,LKSDB-1,T_LKSDB-1
BOALF,2026-09-20,18,18,2026-09-20T07:34:00Z,2026-09-20T07:40:00Z,5,5,57146,2026-09-20T07:27:00Z,False,False,ORI,False,False,LKSDB-1,T_LKSDB-1
BOALF,2026-09-20,18,18,2026-09-20T07:33:00Z,2026-09-20T07:34:00Z,-75,0,57146,2026-09-20T07:27:00Z,False,False,ORI,False,False,LKSDB-1,T_LKSDB-1
BOALF,2026-09-20,18,18,2026-09-20T07:30:00Z,2026-09-20T07:31:00Z,0,-75,57145,2026-09-20T07:21:00Z,False,False,ORI,False,False,LKSDB-1,T_LKSDB-1
BOALF,2026-09-20,17,18,2026-09-20T07:28:00Z,2026-09-20T07:30:00Z,0,0,57145,2026-09-20T07:21:00Z,False,False,ORI,False,False,LKSDB-1,T_LKSDB-1
BOALF,2026-09-20,17,17,2026-09-20T07:28:00Z,2026-09-20T07:29:00Z,0,-75,57144,2026-09-20T07:20:00Z,False,False,ORI,False,False,LKSDB-1,T_LKSDB-1
BOALF,2026-09-20,17,17,2026-09-20T07:27:00Z,2026-09-20T07:28:00Z,55,0,57144,2026-09-20T07:20:00Z,False,False,ORI,False,False,LKSDB-1,T_LKSDB-1
BOALF,2026-09-20,17,17,2026-09-20T07:25:00Z,2026-09-20T07:27:00Z,55,55,57144,2026-09-20T07:20:00Z,False,False,ORI,False,False,LKSDB-1,T_LKSDB-1
BOALF,2026-09-20,17,17,2026-09-20T07:24:00Z,2026-09-20T07:25:00Z,0,-75,57142,2026-09-20T07:15:00Z,False,False,ORI,False,False,LKSDB-1,T_LKSDB-1
BOALF,2026-09-20,17,17,2026-09-20T07:24:00Z,2026-09-20T07:25:00Z,0,55,57144,2026-09-20T07:20:00Z,False,False,ORI,False,False,LKSDB-1,T_LKSDB-1
BOALF,2026-09-20,17,17,2026-09-20T07:22:00Z,2026-09-20T07:24:00Z,0,0,57142,2026-09-20T07:15:00Z,False,False,ORI,False,False,LKSDB-1,T_LKSDB-1
BOALF,2026-09-20,17,17,2026-09-20T07:22:00Z,2026-09-20T07:23:00Z,0,-75,57141,2026-09-20T07:12:00Z,False,False,ORI,False,False,LKSDB-1,T_LKSDB-1
BOALF,2026-09-20,17,17,2026-09-20T07:22:00Z,2026-09-20T07:23:00Z,55,0,57143,2026-09-20T07:17:00Z,False,False,ORI,False,False,LKSDB-1,T_LKSDB-1
BOALF,2026-09-20,17,17,2026-09-20T07:21:00Z,2026-09-20T07:22:00Z,55,0,57141,2026-09-20T07:12:00Z,False,False,ORI,False,False,LKSDB-1,T_LKSDB-1
BOALF,2026-09-20,17,17,2026-09-20T07:21:00Z,2026-09-20T07:22:00Z,55,55,57143,2026-09-20T07:17:00Z,False,False,ORI,False,False,LKSDB-1,T_LKSDB-1
BOALF,2026-09-20,17,17,2026-09-20T07:17:00Z,2026-09-20T07:18:00Z,0,-75,57140,2026-09-20T07:10:00Z,False,False,ORI,False,False,LKSDB-1,T_LKSDB-1
BOALF,2026-09-20,17,17,2026-09-20T07:16:00Z,2026-09-20T07:21:00Z,55,55,57141,2026-09-20T07:12:00Z,False,False,ORI,False,False,LKSDB-1,T_LKSDB-1
BOALF,2026-09-20,17,17,2026-09-20T07:16:00Z,2026-09-20T07:17:00Z,55,0,57140,2026-09-20T07:10:00Z,False,False,ORI,False,False,LKSDB-1,T_LKSDB-1
BOALF,2026-09-20,17,17,2026-09-20T07:14:00Z,2026-09-20T07:16:00Z,55,55,57140,2026-09-20T07:10:00Z,False,False,ORI,False,False,LKSDB-1,T_LKSDB-1
BOALF,2026-09-20,17,17,2026-09-20T07:13:00Z,2026-09-20T07:14:00Z,24,0,57139,2026-09-20T07:08:00Z,False,False,ORI,False,False,LKSDB-1,T_LKSDB-1
BOALF,2026-09-20,17,17,2026-09-20T07:13:00Z,2026-09-20T07:14:00Z,24,55,57140,2026-09-20T07:10:00Z,False,False,ORI,False,False,LKSDB-1,T_LKSDB-1
BOALF,2026-09-20,17,17,2026-09-20T07:11:00Z,2026-09-20T07:13:00Z,24,24,57139,2026-09-20T07:08:00Z,False,False,ORI,False,False,LKSDB-1,T_LKSDB-1
BOALF,2026-09-20,17,17,2026-09-20T07:11:00Z,2026-09-20T07:12:00Z,0,-75,57137,2026-09-20T07:03:00Z,False,False,ORI,False,False,LKSDB-1,T_LKSDB-1
BOALF,2026-09-20,17,17,2026-09-20T07:11:00Z,2026-09-20T07:12:00Z,24,0,57138,2026-09-20T07:06:00Z,False,False,ORI,False,False,LKSDB-1,T_LKSDB-1
BOALF,2026-09-20,17,17,2026-09-20T07:09:00Z,2026-09-20T07:11:00Z,0,0,57137,2026-09-20T07:03:00Z,False,False,ORI,False,False,LKSDB-1,T_LKSDB-1
BOALF,2026-09-20,17,17,2026-09-20T07:09:00Z,2026-09-20T07:11:00Z,24,24,57138,2026-09-20T07:06:00Z,False,False,ORI,False,False,LKSDB-1,T_LKSDB-1
BOALF,2026-09-20,17,17,2026-09-20T07:08:00Z,2026-09-20T07:09:00Z,-75,0,57137,2026-09-20T07:03:00Z,False,False,ORI,False,False,LKSDB-1,T_LKSDB-1
BOALF,2026-09-20,17,17,2026-09-20T07:08:00Z,2026-09-20T07:09:00Z,-75,0,57138,2026-09-20T07:06:00Z,False,False,ORI,False,False,LKSDB-1,T_LKSDB-1
BOALF,2026-09-20,17,17,2026-09-20T07:03:00Z,2026-09-20T07:04:00Z,0,-75,57136,2026-09-20T06:53:00Z,False,False,ORI,False,False,LKSDB-1,T_LKSDB-1
BOALF,2026-09-20,17,17,2026-09-20T07:02:00Z,2026-09-20T07:03:00Z,42,0,57136,2026-09-20T06:53:00Z,False,False,ORI,False,False,LKSDB-1,T_LKSDB-1
BOALF,2026-09-20,17,17,2026-09-20T07:00:00Z,2026-09-20T07:02:00Z,42,42,57136,2026-09-20T06:53:00Z,False,False,ORI,False,False,LKSDB-1,T_LKSDB-1
BOALF,2026-09-20,16,17,2026-09-20T06:59:00Z,2026-09-20T07:00:00Z,0,42,57136,2026-09-20T06:53:00Z,False,False,ORI,False,False,LKSDB-1,T_LKSDB-1
BOALF,2026-09-20,16,16,2026-09-20T06:56:00Z,2026-09-20T06:57:00Z,-66,-75,57133,2026-09-20T06:46:00Z,False,False,ORI,False,False,LKSDB-1,T_LKSDB-1
BOALF,2026-09-20,16,17,2026-09-20T06:55:00Z,2026-09-20T07:00:00Z,0,0,57134,2026-09-20T06:48:00Z,False,False,ORI,False,False,LKSDB-1,T_LKSDB-1
BOALF,2026-09-20,16,16,2026-09-20T06:54:00Z,2026-09-20T06:56:00Z,-66,-66,57133,2026-09-20T06:46:00Z,False,False,ORI,False,False,LKSDB-1,T_LKSDB-1
BOALF,2026-09-20,16,16,2026-09-20T06:54:00Z,2026-09-20T06:55:00Z,-66,0,57134,2026-09-20T06:48:00Z,False,False,ORI,False,False,LKSDB-1,T_LKSDB-1
BOALF,2026-09-20,16,16,2026-09-20T06:54:00Z,2026-09-20T06:55:00Z,0,0,57135,2026-09-20T06:51:00Z,False,False,ORI,False,False,LKSDB-1,T_LKSDB-1
BOALF,2026-09-20,16,16,2026-09-20T06:53:00Z,2026-09-20T06:54:00Z,-75,-66,57133,2026-09-20T06:46:00Z,False,False,ORI,False,False,LKSDB-1,T_LKSDB-1
BOALF,2026-09-20,16,16,2026-09-20T06:53:00Z,2026-09-20T06:54:00Z,-75,0,57135,2026-09-20T06:51:00Z,False,False,ORI,False,False,LKSDB-1,T_LKSDB-1
BOALF,2026-09-20,16,16,2026-09-20T06:50:00Z,2026-09-20T06:51:00Z,0,-75,57132,2026-09-20T06:35:00Z,False,False,ORI,False,False,LKSDB-1,T_LKSDB-1
BOALF,2026-09-20,16,16,2026-09-20T06:38:00Z,2026-09-20T06:50:00Z,0,0,57132,2026-09-20T06:35:00Z,False,False,ORI,False,False,LKSDB-1,T_LKSDB-1
BOALF,2026-09-20,16,16,2026-09-20T06:37:00Z,2026-09-20T06:38:00Z,-26,-75,57130,2026-09-20T06:26:00Z,False,False,ORI,False,False,LKSDB-1,T_LKSDB-1
BOALF,2026-09-20,16,16,2026-09-20T06:37:00Z,2026-09-20T06:38:00Z,-10,-75,57131,2026-09-20T06:28:00Z,False,False,ORI,False,False,LKSDB-1,T_LKSDB-1
BOALF,2026-09-20,16,16,2026-09-20T06:37:00Z,2026-09-20T06:38:00Z,-10,0,57132,2026-09-20T06:35:00Z,False,False,ORI,False,False,LKSDB-1,T_LKSDB-1
BOALF,2026-09-20,16,16,2026-09-20T06:35:00Z,2026-09-20T06:36:00Z,-73,-75,57127,2026-09-20T06:15:00Z,False,False,ORI,False,False,LKSDB-1,T_LKSDB-1
BOALF,2026-09-20,16,16,2026-09-20T06:35:00Z,2026-09-20T06:36:00Z,-69,-75,57128,2026-09-20T06:18:00Z,False,False,ORI,False,False,LKSDB-1,T_LKSDB-1
BOALF,2026-09-20,16,16,2026-09-20T06:35:00Z,2026-09-20T06:36:00Z,-68,-75,57129,2026-09-20T06:21:00Z,False,False,ORI,False,False,LKSDB-1,T_LKSDB-1
BOALF,2026-09-20,16,16,2026-09-20T06:34:00Z,2026-09-20T06:37:00Z,-10,-10,57131,2026-09-20T06:28:00Z,False,False,ORI,False,False,LKSDB-1,T_LKSDB-1
BOALF,2026-09-20,16,16,2026-09-20T06:33:00Z,2026-09-20T06:35:00Z,-73,-73,57127,2026-09-20T06:15:00Z,False,False,ORI,False,False,LKSDB-1,T_LKSDB-1
BOALF,2026-09-20,16,16,2026-09-20T06:33:00Z,2026-09-20T06:34:00Z,-26,-10,57131,2026-09-20T06:28:00Z,False,False,ORI,False,False,LKSDB-1,T_LKSDB-1
BOALF,2026-09-20,16,16,2026-09-20T06:32:00Z,2026-09-20T06:35:00Z,-69,-69,57128,2026-09-20T06:18:00Z,False,False,ORI,False,False,LKSDB-1,T_LKSDB-1
BOALF,2026-09-20,16,16,2026-09-20T06:32:00Z,2026-09-20T06:33:00Z,-75,-73,57127,2026-09-20T06:15:00Z,False,False,ORI,False,False,LKSDB-1,T_LKSDB-1
BOALF,2026-09-20,16,16,2026-09-20T06:31:00Z,2026-09-20T06:37:00Z,-26,-26,57130,2026-09-20T06:26:00Z,False,False,ORI,False,False,LKSDB-1,T_LKSDB-1
BOALF,2026-09-20,16,16,2026-09-20T06:31:00Z,2026-09-20T06:35:00Z,-68,-68,57129,2026-09-20T06:21:00Z,False,False,ORI,False,False,LKSDB-1,T_LKSDB-1
BOALF,2026-09-20,16,16,2026-09-20T06:31:00Z,2026-09-20T06:32:00Z,-75,-69,57128,2026-09-20T06:18:00Z,False,False,ORI,False,False,LKSDB-1,T_LKSDB-1
BOALF,2026-09-20,16,16,2026-09-20T06:30:00Z,2026-09-20T06:31:00Z,-75,-68,57129,2026-09-20T06:21:00Z,False,False,ORI,False,False,LKSDB-1,T_LKSDB-1
BOALF,2026-09-20,16,16,2026-09-20T06:30:00Z,2026-09-20T06:31:00Z,-75,-26,57130,2026-09-20T06:26:00Z,False,False,ORI,False,False,LKSDB-1,T_LKSDB-1
BOALF,2026-09-20,15,15,2026-09-20T06:22:00Z,2026-09-20T06:23:00Z,-5,-75,57126,2026-09-20T06:13:00Z,False,False,ORI,False,False,LKSDB-1,T_LKSDB-1
BOALF,2026-09-20,15,15,2026-09-20T06:20:00Z,2026-09-20T06:22:00Z,-5,-5,57126,2026-09-20T06:13:00Z,False,False,ORI,False,False,LKSDB-1,T_LKSDB-1
BOALF,2026-09-20,15,15,2026-09-20T06:19:00Z,2026-09-20T06:20:00Z,-75,-5,57126,2026-09-20T06:13:00Z,False,False,ORI,False,False,LKSDB-1,T_LKSDB-1
BOALF,2026-09-20,15,15,2026-09-20T06:14:00Z,2026-09-20T06:15:00Z,0,-75,57125,2026-09-20T06:06:00Z,False,False,ORI,False,False,LKSDB-1,T_LKSDB-1
BOALF,2026-09-20,15,15,2026-09-20T06:08:00Z,2026-09-20T06:14:00Z,0,0,57125,2026-09-20T06:06:00Z,False,False,ORI,False,False,LKSDB-1,T_LKSDB-1
BOALF,2026-09-20,15,15,2026-09-20T06:08:00Z,2026-09-20T06:09:00Z,0,-75,57124,2026-09-20T05:59:00Z,False,False,ORI,False,False,LKSDB-1,T_LKSDB-1
BOALF,2026-09-20,15,15,2026-09-20T06:05:00Z,2026-09-20T06:08:00Z,0,0,57124,2026-09-20T05:59:00Z,False,False,ORI,False,False,LKSDB-1,T_LKSDB-1
BOALF,2026-09-20,15,15,2026-09-20T06:04:00Z,2026-09-20T06:05:00Z,-75,0,57124,2026-09-20T05:59:00Z,False,False,ORI,False,False,LKSDB-1,T_LKSDB-1
BOALF,2026-09-20,15,15,2026-09-20T06:00:00Z,2026-09-20T06:01:00Z,0,-75,57120,2026-09-20T05:29:00Z,False,False,ORI,False,False,LKSDB-1,T_LKSDB-1
BOALF,2026-09-20,14,14,2026-09-20T05:56:00Z,2026-09-20T05:57:00Z,27,0,57123,2026-09-20T05:36:00Z,False,False,ORI,False,False,LKSDB-1,T_LKSDB-1
BOALF,2026-09-20,14,14,2026-09-20T05:50:00Z,2026-09-20T05:56:00Z,27,27,57123,2026-09-20T05:36:00Z,False,False,ORI,False,False,LKSDB-1,T_LKSDB-1
BOALF,2026-09-20,14,14,2026-09-20T05:50:00Z,2026-09-20T05:51:00Z,27,0,57122,2026-09-20T05:34:00Z,False,False,ORI,False,False,LKSDB-1,T_LKSDB-1
BOALF,2026-09-20,14,14,2026-09-20T05:45:00Z,2026-09-20T05:50:00Z,27,27,57122,2026-09-20T05:34:00Z,False,False,ORI,False,False,LKSDB-1,T_LKSDB-1
BOALF,2026-09-20,14,14,2026-09-20T05:45:00Z,2026-09-20T05:46:00Z,27,0,57121,2026-09-20T05:32:00Z,False,False,ORI,False,False,LKSDB-1,T_LKSDB-1
BOALF,2026-09-20,14,15,2026-09-20T05:44:00Z,2026-09-20T06:00:00Z,0,0,57120,2026-09-20T05:29:00Z,False,False,ORI,False,False,LKSDB-1,T_LKSDB-1
BOALF,2026-09-20,14,14,2026-09-20T05:44:00Z,2026-09-20T05:45:00Z,0,-99,57119,2026-09-20T05:25:00Z,False,False,ORI,False,False,LKSDB-1,T_LKSDB-1
BOALF,2026-09-20,14,14,2026-09-20T05:43:00Z,2026-09-20T05:45:00Z,27,27,57121,2026-09-20T05:32:00Z,False,False,ORI,False,False,LKSDB-1,T_LKSDB-1
BOALF,2026-09-20,14,14,2026-09-20T05:43:00Z,2026-09-20T05:44:00Z,0,-99,57117,2026-09-20T05:06:00Z,False,False,ORI,False,False,LKSDB-1,T_LKSDB-1
BOALF,2026-09-20,14,14,2026-09-20T05:43:00Z,2026-09-20T05:44:00Z,27,0,57119,2026-09-20T05:25:00Z,False,False,ORI,False,False,LKSDB-1,T_LKSDB-1
BOALF,2026-09-20,14,14,2026-09-20T05:41:00Z,2026-09-20T05:43:00Z,0,0,57117,2026-09-20T05:06:00Z,False,False,ORI,False,False,LKSDB-1,T_LKSDB-1
BOALF,2026-09-20,14,14,2026-09-20T05:41:00Z,2026-09-20T05:42:00Z,0,-99,57116,2026-09-20T05:05:00Z,False,False,ORI,False,False,LKSDB-1,T_LKSDB-1
BOALF,2026-09-20,14,14,2026-09-20T05:40:00Z,2026-09-20T05:41:00Z,19,0,57116,2026-09-20T05:05:00Z,False,False,ORI,False,False,LKSDB-1,T_LKSDB-1
BOALF,2026-09-20,14,14,2026-09-20T05:36:00Z,2026-09-20T05:40:00Z,19,19,57116,2026-09-20T05:05:00Z,False,False,ORI,False,False,LKSDB-1,T_LKSDB-1
BOALF,2026-09-20,14,14,2026-09-20T05:36:00Z,2026-09-20T05:37:00Z,0,-99,57115,2026-09-20T05:04:00Z,False,False,ORI,False,False,LKSDB-1,T_LKSDB-1
BOALF,2026-09-20,14,14,2026-09-20T05:35:00Z,2026-09-20T05:36:00Z,4,0,57115,2026-09-20T05:04:00Z,False,False,ORI,False,False,LKSDB-1,T_LKSDB-1
BOALF,2026-09-20,14,14,2026-09-20T05:35:00Z,2026-09-20T05:36:00Z,4,19,57116,2026-09-20T05:05:00Z,False,False,ORI,False,False,LKSDB-1,T_LKSDB-1
BOALF,2026-09-20,14,14,2026-09-20T05:31:00Z,2026-09-20T05:35:00Z,4,4,57115,2026-09-20T05:04:00Z,False,False,ORI,False,False,LKSDB-1,T_LKSDB-1
BOALF,2026-09-20,14,14,2026-09-20T05:31:00Z,2026-09-20T05:32:00Z,0,-99,57114,2026-09-20T05:03:00Z,False,False,ORI,False,False,LKSDB-1,T_LKSDB-1
BOALF,2026-09-20,14,14,2026-09-20T05:30:00Z,2026-09-20T05:43:00Z,27,27,57119,2026-09-20T05:25:00Z,False,False,ORI,False,False,LKSDB-1,T_LKSDB-1
BOALF,2026-09-20,14,14,2026-09-20T05:30:00Z,2026-09-20T05:31:00Z,19,0,57114,2026-09-20T05:03:00Z,False,False,ORI,False,False,LKSDB-1,T_LKSDB-1
BOALF,2026-09-20,14,14,2026-09-20T05:30:00Z,2026-09-20T05:31:00Z,19,4,57115,2026-09-20T05:04:00Z,False,False,ORI,False,False,LKSDB-1,T_LKSDB-1
BOALF,2026-09-20,14,14,2026-09-20T05:30:00Z,2026-09-20T05:31:00Z,27,4,57118,2026-09-20T05:23:00Z,False,False,ORI,False,False,LKSDB-1,T_LKSDB-1
BOALF,2026-09-20,13,14,2026-09-20T05:27:00Z,2026-09-20T05:30:00Z,27,27,57118,2026-09-20T05:23:00Z,False,False,ORI,False,False,LKSDB-1,T_LKSDB-1
BOALF,2026-09-20,13,14,2026-09-20T05:26:00Z,2026-09-20T05:30:00Z,19,19,57114,2026-09-20T05:03:00Z,False,False,ORI,False,False,LKSDB-1,T_LKSDB-1
BOALF,2026-09-20,13,13,2026-09-20T05:26:00Z,2026-09-20T05:27:00Z,0,-99,57113,2026-09-20T05:02:00Z,False,False,ORI,False,False,LKSDB-1,T_LKSDB-1
BOALF,2026-09-20,13,13,2026-09-20T05:26:00Z,2026-09-20T05:27:00Z,19,27,57118,2026-09-20T05:23:00Z,False,False,ORI,False,False,LKSDB-1,T_LKSDB-1
BOALF,2026-09-20,13,13,2026-09-20T05:25:00Z,2026-09-20T05:26:00Z,1,0,57113,2026-09-20T05:02:00Z,False,False,ORI,False,False,LKSDB-1,T_LKSDB-1
BOALF,2026-09-20,13,13,2026-09-20T05:25:00Z,2026-09-20T05:26:00Z,1,19,57114,2026-09-20T05:03:00Z,False,False,ORI,False,False,LKSDB-1,T_LKSDB-1
BOALF,2026-09-20,13,13,2026-09-20T05:23:00Z,2026-09-20T05:25:00Z,1,1,57113,2026-09-20T05:02:00Z,False,False,ORI,False,False,LKSDB-1,T_LKSDB-1
BOALF,2026-09-20,13,13,2026-09-20T05:22:00Z,2026-09-20T05:23:00Z,0,-99,57112,2026-09-20T05:01:00Z,False,False,ORI,False,False,LKSDB-1,T_LKSDB-1
BOALF,2026-09-20,13,13,2026-09-20T05:22:00Z,2026-09-20T05:23:00Z,0,1,57113,2026-09-20T05:02:00Z,False,False,ORI,False,False,LKSDB-1,T_LKSDB-1
BOALF,2026-09-20,13,13,2026-09-20T05:19:00Z,2026-09-20T05:22:00Z,0,0,57112,2026-09-20T05:01:00Z,False,False,ORI,False,False,LKSDB-1,T_LKSDB-1
BOALF,2026-09-20,13,13,2026-09-20T05:19:00Z,2026-09-20T05:20:00Z,0,-99,57111,2026-09-20T04:57:00Z,False,False,ORI,False,False,LKSDB-1,T_LKSDB-1
BOALF,2026-09-20,13,13,2026-09-20T05:09:00Z,2026-09-20T05:19:00Z,0,0,57111,2026-09-20T04:57:00Z,False,False,ORI,False,False,LKSDB-1,T_LKSDB-1
BOALF,2026-09-20,13,13,2026-09-20T05:09:00Z,2026-09-20T05:10:00Z,0,-99,57110,2026-09-20T04:56:00Z,False,False,ORI,False,False,LKSDB-1,T_LKSDB-1
BOALF,2026-09-20,13,13,2026-09-20T05:03:00Z,2026-09-20T05:09:00Z,0,0,57110,2026-09-20T04:56:00Z,False,False,ORI,False,False,LKSDB-1,T_LKSDB-1
BOALF,2026-09-20,13,13,2026-09-20T05:02:00Z,2026-09-20T05:03:00Z,-97,-99,57109,2026-09-20T04:55:00Z,False,False,ORI,False,False,LKSDB-1,T_LKSDB-1
BOALF,2026-09-20,13,13,2026-09-20T05:02:00Z,2026-09-20T05:03:00Z,-97,0,57110,2026-09-20T04:56:00Z,False,False,ORI,False,False,LKSDB-1,T_LKSDB-1
BOALF,2026-09-20,13,13,2026-09-20T05:00:00Z,2026-09-20T05:02:00Z,-97,-97,57109,2026-09-20T04:55:00Z,False,False,ORI,False,False,LKSDB-1,T_LKSDB-1
BOALF,2026-09-20,12,13,2026-09-20T04:59:00Z,2026-09-20T05:00:00Z,-1,-99,57107,2026-09-20T04:38:00Z,False,False,ORI,False,False,LKSDB-1,T_LKSDB-1
BOALF,2026-09-20,12,13,2026-09-20T04:59:00Z,2026-09-20T05:00:00Z,0,-99,57108,2026-09-20T04:48:00Z,False,False,ORI,False,False,LKSDB-1,T_LKSDB-1
BOALF,2026-09-20,12,13,2026-09-20T04:59:00Z,2026-09-20T05:00:00Z,0,-97,57109,2026-09-20T04:55:00Z,False,False,ORI,False,False,LKSDB-1,T_LKSDB-1
BOALF,2026-09-20,12,12,2026-09-20T04:55:00Z,2026-09-20T04:59:00Z,-1,-1,57107,2026-09-20T04:38:00Z,False,False,ORI,False,False,LKSDB-1,T_LKSDB-1
BOALF,2026-09-20,12,12,2026-09-20T04:54:00Z,2026-09-20T04:59:00Z,0,0,57108,2026-09-20T04:48:00Z,False,False,ORI,False,False,LKSDB-1,T_LKSDB-1
BOALF,2026-09-20,12,12,2026-09-20T04:54:00Z,2026-09-20T04:55:00Z,0,-99,57106,2026-09-20T04:37:00Z,False,False,ORI,False,False,LKSDB-1,T_LKSDB-1
BOALF,2026-09-20,12,12,2026-09-20T04:54:00Z,2026-09-20T04:55:00Z,0,-1,57107,2026-09-20T04:38:00Z,False,False,ORI,False,False,LKSDB-1,T_LKSDB-1
BOALF,2026-09-20,12,12,2026-09-20T04:45:00Z,2026-09-20T04:46:00Z,-1,-99,57105,2026-09-20T04:24:00Z,False,False,ORI,False,False,LKSDB-1,T_LKSDB-1
BOALF,2026-09-20,12,12,2026-09-20T04:44:00Z,2026-09-20T04:54:00Z,0,0,57106,2026-09-20T04:37:00Z,False,False,ORI,False,False,LKSDB-1,T_LKSDB-1
BOALF,2026-09-20,12,12,2026-09-20T04:43:00Z,2026-09-20T04:44:00Z,-1,0,57106,2026-09-20T04:37:00Z,False,False,ORI,False,False,LKSDB-1,T_LKSDB-1
BOALF,2026-09-20,12,12,2026-09-20T04:41:00Z,2026-09-20T04:45:00Z,-1,-1,57105,2026-09-20T04:24:00Z,False,False,ORI,False,False,LKSDB-1,T_LKSDB-1
BOALF,2026-09-20,12,12,2026-09-20T04:40:00Z,2026-09-20T04:41:00Z,-5,-99,57104,2026-09-20T04:23:00Z,False,False,ORI,False,False,LKSDB-1,T_LKSDB-1
BOALF,2026-09-20,12,12,2026-09-20T04:40:00Z,2026-09-20T04:41:00Z,-5,-1,57105,2026-09-20T04:24:00Z,False,False,ORI,False,False,LKSDB-1,T_LKSDB-1
BOALF,2026-09-20,12,12,2026-09-20T04:38:00Z,2026-09-20T04:40:00Z,-5,-5,57104,2026-09-20T04:23:00Z,False,False,ORI,False,False,LKSDB-1,T_LKSDB-1
BOALF,2026-09-20,12,12,2026-09-20T04:37:00Z,2026-09-20T04:38:00Z,-40,-99,57103,2026-09-20T04:22:00Z,False,False,ORI,False,False,LKSDB-1,T_LKSDB-1
BOALF,2026-09-20,12,12,2026-09-20T04:37:00Z,2026-09-20T04:38:00Z,-40,-5,57104,2026-09-20T04:23:00Z,False,False,ORI,False,False,LKSDB-1,T_LKSDB-1
BOALF,2026-09-20,12,12,2026-09-20T04:35:00Z,2026-09-20T04:37:00Z,-40,-40,57103,2026-09-20T04:22:00Z,False,False,ORI,False,False,LKSDB-1,T_LKSDB-1
BOALF,2026-09-20,12,12,2026-09-20T04:34:00Z,2026-09-20T04:35:00Z,-59,-99,57102,2026-09-20T04:21:00Z,False,False,ORI,False,False,LKSDB-1,T_LKSDB-1
BOALF,2026-09-20,12,12,2026-09-20T04:34:00Z,2026-09-20T04:35:00Z,-59,-40,57103,2026-09-20T04:22:00Z,False,False,ORI,False,False,LKSDB-1,T_LKSDB-1
BOALF,2026-09-20,12,12,2026-09-20T04:32:00Z,2026-09-20T04:34:00Z,-59,-59,57102,2026-09-20T04:21:00Z,False,False,ORI,False,False,LKSDB-1,T_LKSDB-1
BOALF,2026-09-20,12,12,2026-09-20T04:31:00Z,2026-09-20T04:32:00Z,-84,-99,57101,2026-09-20T04:20:00Z,False,False,ORI,False,False,LKSDB-1,T_LKSDB-1
BOALF,2026-09-20,12,12,2026-09-20T04:31:00Z,2026-09-20T04:32:00Z,-84,-59,57102,2026-09-20T04:21:00Z,False,False,ORI,False,False,LKSDB-1,T_LKSDB-1
BOALF,2026-09-20,12,12,2026-09-20T04:30:00Z,2026-09-20T04:31:00Z,-84,-84,57101,2026-09-20T04:20:00Z,False,False,ORI,False,False,LKSDB-1,T_LKSDB-1
BOALF,2026-09-20,11,12,2026-09-20T04:27:00Z,2026-09-20T04:30:00Z,-84,-84,57100,2026-09-20T04:07:00Z,False,False,ORI,False,False,LKSDB-1,T_LKSDB-1
BOALF,2026-09-20,11,11,2026-09-20T04:26:00Z,2026-09-20T04:27:00Z,0,-99,57099,2026-09-20T03:54:00Z,False,False,ORI,False,False,LKSDB-1,T_LKSDB-1
BOALF,2026-09-20,11,11,2026-09-20T04:26:00Z,2026-09-20T04:27:00Z,0,-84,57100,2026-09-20T04:07:00Z,False,False,ORI,False,False,LKSDB-1,T_LKSDB-1
BOALF,2026-09-20,11,11,2026-09-20T04:24:00Z,2026-09-20T04:26:00Z,0,0,57099,2026-09-20T03:54:00Z,False,False,ORI,False,False,LKSDB-1,T_LKSDB-1
BOALF,2026-09-20,11,11,2026-09-20T04:24:00Z,2026-09-20T04:25:00Z,0,-99,57097,2026-09-20T03:41:00Z,False,False,ORI,False,False,LKSDB-1,T_LKSDB-1
BOALF,2026-09-20,11,11,2026-09-20T04:16:00Z,2026-09-20T04:24:00Z,0,0,57097,2026-09-20T03:41:00Z,False,False,ORI,False,False,LKSDB-1,T_LKSDB-1
BOALF,2026-09-20,11,11,2026-09-20T04:16:00Z,2026-09-20T04:17:00Z,0,-99,57096,2026-09-20T03:40:00Z,False,False,ORI,False,False,LKSDB-1,T_LKSDB-1
BOALF,2026-09-20,11,11,2026-09-20T04:15:00Z,2026-09-20T04:16:00Z,34,0,57096,2026-09-20T03:40:00Z,False,False,ORI,False,False,LKSDB-1,T_LKSDB-1
BOALF,2026-09-20,11,11,2026-09-20T04:01:00Z,2026-09-20T04:15:00Z,34,34,57096,2026-09-20T03:40:00Z,False,False,ORI,False,False,LKSDB-1,T_LKSDB-1
BOALF,2026-09-20,11,11,2026-09-20T04:00:00Z,2026-09-20T04:01:00Z,0,-99,57095,2026-09-20T03:39:00Z,False,False,ORI,False,False,LKSDB-1,T_LKSDB-1
BOALF,2026-09-20,11,11,2026-09-20T04:00:00Z,2026-09-20T04:01:00Z,0,34,57096,2026-09-20T03:40:00Z,False,False,ORI,False,False,LKSDB-1,T_LKSDB-1
BOALF,2026-09-20,11,11,2026-09-20T04:00:00Z,2026-09-20T04:01:00Z,34,34,57098,2026-09-20T03:43:00Z,False,False,ORI,False,False,LKSDB-1,T_LKSDB-1
BOALF,2026-09-20,10,11,2026-09-20T03:59:00Z,2026-09-20T04:00:00Z,0,-99,57091,2026-09-20T03:20:00Z,False,False,ORI,False,False,LKSDB-1,T_LKSDB-1
BOALF,2026-09-20,10,11,2026-09-20T03:59:00Z,2026-09-20T04:00:00Z,0,0,57095,2026-09-20T03:39:00Z,False,False,ORI,False,False,LKSDB-1,T_LKSDB-1
BOALF,2026-09-20,10,11,2026-09-20T03:59:00Z,2026-09-20T04:00:00Z,0,34,57098,2026-09-20T03:43:00Z,False,False,ORI,False,False,LKSDB-1,T_LKSDB-1
BOALF,2026-09-20,10,10,2026-09-20T03:49:00Z,2026-09-20T03:50:00Z,34,0,57093,2026-09-20T03:28:00Z,False,False,ORI,False,False,LKSDB-1,T_LKSDB-1
BOALF,2026-09-20,10,10,2026-09-20T03:46:00Z,2026-09-20T03:49:00Z,34,34,57093,2026-09-20T03:28:00Z,False,False,ORI,False,False,LKSDB-1,T_LKSDB-1
BOALF,2026-09-20,10,10,2026-09-20T03:45:00Z,2026-09-20T03:46:00Z,29,0,57092,2026-09-20T03:27:00Z,False,False,ORI,False,False,LKSDB-1,T_LKSDB-1
BOALF,2026-09-20,10,10,2026-09-20T03:45:00Z,2026-09-20T03:46:00Z,29,34,57093,2026-09-20T03:28:00Z,False,False,ORI,False,False,LKSDB-1,T_LKSDB-1
BOALF,2026-09-20,10,10,2026-09-20T03:43:00Z,2026-09-20T03:59:00Z,0,0,57091,2026-09-20T03:20:00Z,False,False,ORI,False,False,LKSDB-1,T_LKSDB-1
BOALF,2026-09-20,10,10,2026-09-20T03:43:00Z,2026-09-20T03:45:00Z,29,29,57092,2026-09-20T03:27:00Z,False,False,ORI,False,False,LKSDB-1,T_LKSDB-1
BOALF,2026-09-20,10,10,2026-09-20T03:43:00Z,2026-09-20T03:44:00Z,0,-99,57090,2026-09-20T03:19:00Z,False,False,ORI,False,False,LKSDB-1,T_LKSDB-1
BOALF,2026-09-20,10,10,2026-09-20T03:42:00Z,2026-09-20T03:43:00Z,31,0,57090,2026-09-20T03:19:00Z,False,False,ORI,False,False,LKSDB-1,T_LKSDB-1
BOALF,2026-09-20,10,10,2026-09-20T03:42:00Z,2026-09-20T03:43:00Z,31,29,57092,2026-09-20T03:27:00Z,False,False,ORI,False,False,LKSDB-1,T_LKSDB-1
BOALF,2026-09-20,10,10,2026-09-20T03:41:00Z,2026-09-20T03:42:00Z,-30,-99,57088,2026-09-20T03:11:00Z,False,False,ORI,False,False,LKSDB-1,T_LKSDB-1
BOALF,2026-09-20,10,10,2026-09-20T03:40:00Z,2026-09-20T03:42:00Z,31,31,57090,2026-09-20T03:19:00Z,False,False,ORI,False,False,LKSDB-1,T_LKSDB-1
BOALF,2026-09-20,10,10,2026-09-20T03:39:00Z,2026-09-20T03:41:00Z,-30,-30,57088,2026-09-20T03:11:00Z,False,False,ORI,False,False,LKSDB-1,T_LKSDB-1
BOALF,2026-09-20,10,10,2026-09-20T03:39:00Z,2026-09-20T03:40:00Z,9,0,57089,2026-09-20T03:18:00Z,False,False,ORI,False,False,LKSDB-1,T_LKSDB-1
BOALF,2026-09-20,10,10,2026-09-20T03:39:00Z,2026-09-20T03:40:00Z,9,31,57090,2026-09-20T03:19:00Z,False,False,ORI,False,False,LKSDB-1,T_LKSDB-1
BOALF,2026-09-20,10,10,2026-09-20T03:38:00Z,2026-09-20T03:39:00Z,0,-99,57087,2026-09-20T03:10:00Z,False,False,ORI,False,False,LKSDB-1,T_LKSDB-1
BOALF,2026-09-20,10,10,2026-09-20T03:38:00Z,2026-09-20T03:39:00Z,0,-30,57088,2026-09-20T03:11:00Z,False,False,ORI,False,False,LKSDB-1,T_LKSDB-1
BOALF,2026-09-20,10,10,2026-09-20T03:31:00Z,2026-09-20T03:39:00Z,9,9,57089,2026-09-20T03:18:00Z,False,False,ORI,False,False,LKSDB-1,T_LKSDB-1
BOALF,2026-09-20,10,10,2026-09-20T03:30:00Z,2026-09-20T03:38:00Z,0,0,57087,2026-09-20T03:10:00Z,False,False,ORI,False,False,LKSDB-1,T_LKSDB-1
BOALF,2026-09-20,10,10,2026-09-20T03:30:00Z,2026-09-20T03:31:00Z,0,9,57089,2026-09-20T03:18:00Z,False,False,ORI,False,False,LKSDB-1,T_LKSDB-1
BOALF,2026-09-20,9,9,2026-09-20T03:27:00Z,2026-09-20T03:28:00Z,13,0,57086,2026-09-20T03:07:00Z,False,False,ORI,False,False,LKSDB-1,T_LKSDB-1
BOALF,2026-09-20,9,9,2026-09-20T03:23:00Z,2026-09-20T03:27:00Z,13,13,57086,2026-09-20T03:07:00Z,False,False,ORI,False,False,LKSDB-1,T_LKSDB-1
BOALF,2026-09-20,9,9,2026-09-20T03:22:00Z,2026-09-20T03:23:00Z,23,0,57085,2026-09-20T03:06:00Z,False,False,ORI,False,False,LKSDB-1,T_LKSDB-1
BOALF,2026-09-20,9,9,2026-09-20T03:22:00Z,2026-09-20T03:23:00Z,23,13,57086,2026-09-20T03:07:00Z,False,False,ORI,False,False,LKSDB-1,T_LKSDB-1
BOALF,2026-09-20,9,9,2026-09-20T03:20:00Z,2026-09-20T03:22:00Z,23,23,57085,2026-09-20T03:06:00Z,False,False,ORI,False,False,LKSDB-1,T_LKSDB-1
BOALF,2026-09-20,9,9,2026-09-20T03:19:00Z,2026-09-20T03:20:00Z,5,0,57084,2026-09-20T03:05:00Z,False,False,ORI,False,False,LKSDB-1,T_LKSDB-1
BOALF,2026-09-20,9,9,2026-09-20T03:19:00Z,2026-09-20T03:20:00Z,5,23,57085,2026-09-20T03:06:00Z,False,False,ORI,False,False,LKSDB-1,T_LKSDB-1
BOALF,2026-09-20,9,10,2026-09-20T03:17:00Z,2026-09-20T03:30:00Z,0,0,57082,2026-09-20T03:03:00Z,False,False,ORI,False,False,LKSDB-1,T_LKSDB-1
BOALF,2026-09-20,9,9,2026-09-20T03:17:00Z,2026-09-20T03:18:00Z,0,-99,57080,2026-09-20T02:58:00Z,False,False,ORI,False,False,LKSDB-1,T_LKSDB-1
BOALF,2026-09-20,9,9,2026-09-20T03:11:00Z,2026-09-20T03:19:00Z,5,5,57084,2026-09-20T03:05:00Z,False,False,ORI,False,False,LKSDB-1,T_LKSDB-1
BOALF,2026-09-20,9,9,2026-09-20T03:10:00Z,2026-09-20T03:17:00Z,0,0,57080,2026-09-20T02:58:00Z,False,False,ORI,False,False,LKSDB-1,T_LKSDB-1
BOALF,2026-09-20,9,9,2026-09-20T03:10:00Z,2026-09-20T03:11:00Z,0,-99,57079,2026-09-20T02:47:00Z,False,False,ORI,False,False,LKSDB-1,T_LKSDB-1
BOALF,2026-09-20,9,9,2026-09-20T03:10:00Z,2026-09-20T03:11:00Z,6,0,57083,2026-09-20T03:04:00Z,False,False,ORI,False,False,LKSDB-1,T_LKSDB-1
BOALF,2026-09-20,9,9,2026-09-20T03:10:00Z,2026-09-20T03:11:00Z,6,5,57084,2026-09-20T03:05:00Z,False,False,ORI,False,False,LKSDB-1,T_LKSDB-1
BOALF,2026-09-20,9,9,2026-09-20T03:09:00Z,2026-09-20T03:10:00Z,6,0,57081,2026-09-20T03:02:00Z,False,False,ORI,False,False,LKSDB-1,T_LKSDB-1
BOALF,2026-09-20,9,9,2026-09-20T03:09:00Z,2026-09-20T03:10:00Z,6,6,57083,2026-09-20T03:04:00Z,False,False,ORI,False,False,LKSDB-1,T_LKSDB-1
BOALF,2026-09-20,9,9,2026-09-20T03:07:00Z,2026-09-20T03:09:00Z,6,6,57081,2026-09-20T03:02:00Z,False,False,ORI,False,False,LKSDB-1,T_LKSDB-1
BOALF,2026-09-20,9,9,2026-09-20T03:06:00Z,2026-09-20T03:07:00Z,0,6,57081,2026-09-20T03:02:00Z,False,False,ORI,False,False,LKSDB-1,T_LKSDB-1
BOALF,2026-09-20,9,9,2026-09-20T03:00:00Z,2026-09-20T03:10:00Z,0,0,57079,2026-09-20T02:47:00Z,False,False,ORI,False,False,LKSDB-1,T_LKSDB-1
BOALF,2026-09-20,8,9,2026-09-20T02:55:00Z,2026-09-20T03:00:00Z,0,0,57078,2026-09-20T02:29:00Z,False,False,ORI,False,False,LKSDB-1,T_LKSDB-1
BOALF,2026-09-20,8,8,2026-09-20T02:55:00Z,2026-09-20T02:56:00Z,0,-99,57077,2026-09-20T02:22:00Z,False,False,ORI,False,False,LKSDB-1,T_LKSDB-1
BOALF,2026-09-20,8,8,2026-09-20T02:32:00Z,2026-09-20T02:55:00Z,0,0,57077,2026-09-20T02:22:00Z,False,False,ORI,False,False,LKSDB-1,T_LKSDB-1
BOALF,2026-09-20,8,8,2026-09-20T02:32:00Z,2026-09-20T02:33:00Z,0,-99,57076,2026-09-20T02:15:00Z,False,False,ORI,False,False,LKSDB-1,T_LKSDB-1
BOALF,2026-09-20,8,8,2026-09-20T02:30:00Z,2026-09-20T02:32:00Z,0,0,57076,2026-09-20T02:15:00Z,False,False,ORI,False,False,LKSDB-1,T_LKSDB-1
BOALF,2026-09-20,7,7,2026-09-20T02:24:00Z,2026-09-20T02:25:00Z,-90,-99,57074,2026-09-20T02:11:00Z,False,False,ORI,False,False,LKSDB-1,T_LKSDB-1
BOALF,2026-09-20,7,7,2026-09-20T02:22:00Z,2026-09-20T02:24:00Z,-90,-90,57074,2026-09-20T02:11:00Z,False,False,ORI,False,False,LKSDB-1,T_LKSDB-1
BOALF,2026-09-20,7,7,2026-09-20T02:21:00Z,2026-09-20T02:22:00Z,-40,-99,57073,2026-09-20T02:10:00Z,False,False,ORI,False,False,LKSDB-1,T_LKSDB-1
BOALF,2026-09-20,7,7,2026-09-20T02:21:00Z,2026-09-20T02:22:00Z,-40,-90,57074,2026-09-20T02:11:00Z,False,False,ORI,False,False,LKSDB-1,T_LKSDB-1
BOALF,2026-09-20,7,8,2026-09-20T02:19:00Z,2026-09-20T02:30:00Z,0,0,57075,2026-09-20T02:12:00Z,False,False,ORI,False,False,LKSDB-1,T_LKSDB-1
BOALF,2026-09-20,7,7,2026-09-20T02:19:00Z,2026-09-20T02:21:00Z,-40,-40,57073,2026-09-20T02:10:00Z,False,False,ORI,False,False,LKSDB-1,T_LKSDB-1
BOALF,2026-09-20,7,7,2026-09-20T02:18:00Z,2026-09-20T02:19:00Z,-9,-99,57072,2026-09-20T02:09:00Z,False,False,ORI,False,False,LKSDB-1,T_LKSDB-1
BOALF,2026-09-20,7,7,2026-09-20T02:18:00Z,2026-09-20T02:19:00Z,-9,-40,57073,2026-09-20T02:10:00Z,False,False,ORI,False,False,LKSDB-1,T_LKSDB-1
BOALF,2026-09-20,7,7,2026-09-20T02:18:00Z,2026-09-20T02:19:00Z,-9,0,57075,2026-09-20T02:12:00Z,False,False,ORI,False,False,LKSDB-1,T_LKSDB-1
BOALF,2026-09-20,7,7,2026-09-20T02:16:00Z,2026-09-20T02:18:00Z,-9,-9,57072,2026-09-20T02:09:00Z,False,False,ORI,False,False,LKSDB-1,T_LKSDB-1
BOALF,2026-09-20,7,7,2026-09-20T02:15:00Z,2026-09-20T02:16:00Z,0,-99,57071,2026-09-20T02:08:00Z,False,False,ORI,False,False,LKSDB-1,T_LKSDB-1
BOALF,2026-09-20,7,7,2026-09-20T02:15:00Z,2026-09-20T02:16:00Z,0,-9,57072,2026-09-20T02:09:00Z,False,False,ORI,False,False,LKSDB-1,T_LKSDB-1
BOALF,2026-09-20,7,7,2026-09-20T02:13:00Z,2026-09-20T02:15:00Z,0,0,57071,2026-09-20T02:08:00Z,False,False,ORI,False,False,LKSDB-1,T_LKSDB-1
BOALF,2026-09-20,7,7,2026-09-20T02:13:00Z,2026-09-20T02:14:00Z,-2,-99,57070,2026-09-20T02:01:00Z,False,False,ORI,False,False,LKSDB-1,T_LKSDB-1
BOALF,2026-09-20,7,7,2026-09-20T02:12:00Z,2026-09-20T02:13:00Z,-2,0,57071,2026-09-20T02:08:00Z,False,False,ORI,False,False,LKSDB-1,T_LKSDB-1
BOALF,2026-09-20,7,7,2026-09-20T02:06:00Z,2026-09-20T02:13:00Z,-2,-2,57070,2026-09-20T02:01:00Z,False,False,ORI,False,False,LKSDB-1,T_LKSDB-1
BOALF,2026-09-20,7,7,2026-09-20T02:05:00Z,2026-09-20T02:06:00Z,-99,-2,57070,2026-09-20T02:01:00Z,False,False,ORI,False,False,LKSDB-1,T_LKSDB-1
BOALF,2026-09-20,6,7,2026-09-20T01:50:00Z,2026-09-20T02:00:00Z,0,0,57069,2026-09-20T01:18:00Z,False,False,ORI,False,False,LKSDB-1,T_LKSDB-1
BOALF,2026-09-20,6,6,2026-09-20T01:50:00Z,2026-09-20T01:51:00Z,0,-25,57068,2026-09-20T01:07:00Z,False,False,ORI,False,False,LKSDB-1,T_LKSDB-1
BOALF,2026-09-20,6,6,2026-09-20T01:30:00Z,2026-09-20T01:50:00Z,0,0,57068,2026-09-20T01:07:00Z,False,False,ORI,False,False,LKSDB-1,T_LKSDB-1
BOALF,2026-09-20,5,6,2026-09-20T01:26:00Z,2026-09-20T01:30:00Z,0,0,57067,2026-09-20T00:58:00Z,False,False,ORI,False,False,LKSDB-1,T_LKSDB-1
BOALF,2026-09-20,5,5,2026-09-20T01:26:00Z,2026-09-20T01:27:00Z,0,-10,57066,2026-09-20T00:47:00Z,False,False,ORI,False,False,LKSDB-1,T_LKSDB-1
BOALF,2026-09-20,5,5,2026-09-20T01:21:00Z,2026-09-20T01:26:00Z,0,0,57066,2026-09-20T00:47:00Z,False,False,ORI,False,False,LKSDB-1,T_LKSDB-1
BOALF,2026-09-20,5,5,2026-09-20T01:21:00Z,2026-09-20T01:22:00Z,0,-10,57065,2026-09-20T00:44:00Z,False,False,ORI,False,False,LKSDB-1,T_LKSDB-1
BOALF,2026-09-20,5,5,2026-09-20T01:16:00Z,2026-09-20T01:21:00Z,0,0,57065,2026-09-20T00:44:00Z,False,False,ORI,False,False,LKSDB-1,T_LKSDB-1
BOALF,2026-09-20,5,5,2026-09-20T01:16:00Z,2026-09-20T01:17:00Z,0,-10,57064,2026-09-20T00:34:00Z,False,False,ORI,False,False,LKSDB-1,T_LKSDB-1
BOALF,2026-09-20,5,5,2026-09-20T01:11:00Z,2026-09-20T01:16:00Z,0,0,57064,2026-09-20T00:34:00Z,False,False,ORI,False,False,LKSDB-1,T_LKSDB-1
BOALF,2026-09-20,5,5,2026-09-20T01:11:00Z,2026-09-20T01:12:00Z,0,-10,57063,2026-09-20T00:29:00Z,False,False,ORI,False,False,LKSDB-1,T_LKSDB-1
BOALF,2026-09-20,5,5,2026-09-20T01:00:00Z,2026-09-20T01:11:00Z,0,0,57063,2026-09-20T00:29:00Z,False,False,ORI,False,False,LKSDB-1,T_LKSDB-1
BOALF,2026-09-20,4,5,2026-09-20T00:55:00Z,2026-09-20T01:00:00Z,0,0,57062,2026-09-20T00:23:00Z,False,False,ORI,False,False,LKSDB-1,T_LKSDB-1
BOALF,2026-09-20,4,4,2026-09-20T00:55:00Z,2026-09-20T00:56:00Z,0,-10,57061,2026-09-20T00:11:00Z,False,False,ORI,False,False,LKSDB-1,T_LKSDB-1
BOALF,2026-09-20,4,4,2026-09-20T00:53:00Z,2026-09-20T00:55:00Z,0,0,57061,2026-09-20T00:11:00Z,False,False,ORI,False,False,LKSDB-1,T_LKSDB-1
BOALF,2026-09-20,4,4,2026-09-20T00:52:00Z,2026-09-20T00:53:00Z,30,0,57060,2026-09-20T00:10:00Z,False,False,ORI,False,False,LKSDB-1,T_LKSDB-1
BOALF,2026-09-20,4,4,2026-09-20T00:43:00Z,2026-09-20T00:44:00Z,0,-10,57059,2026-09-20T00:07:00Z,False,False,ORI,False,False,LKSDB-1,T_LKSDB-1
BOALF,2026-09-20,4,4,2026-09-20T00:31:00Z,2026-09-20T00:43:00Z,0,0,57059,2026-09-20T00:07:00Z,False,False,ORI,False,False,LKSDB-1,T_LKSDB-1
BOALF,2026-09-20,4,4,2026-09-20T00:30:00Z,2026-09-20T00:52:00Z,30,30,57060,2026-09-20T00:10:00Z,False,False,ORI,False,False,LKSDB-1,T_LKSDB-1
BOALF,2026-09-20,4,4,2026-09-20T00:30:00Z,2026-09-20T00:31:00Z,30,0,57058,2026-09-20T00:06:00Z,False,False,ORI,False,False,LKSDB-1,T_LKSDB-1
BOALF,2026-09-20,3,4,2026-09-20T00:26:00Z,2026-09-20T00:30:00Z,30,30,57058,2026-09-20T00:06:00Z,False,False,ORI,False,False,LKSDB-1,T_LKSDB-1
BOALF,2026-09-20,3,3,2026-09-20T00:26:00Z,2026-09-20T00:27:00Z,30,0,57057,2026-09-19T23:40:00Z,False,False,ORI,False,False,LKSDB-1,T_LKSDB-1
BOALF,2026-09-20,3,3,2026-09-20T00:06:00Z,2026-09-20T00:26:00Z,30,30,57057,2026-09-19T23:40:00Z,False,False,ORI,False,False,LKSDB-1,T_LKSDB-1
BOALF,2026-09-20,3,3,2026-09-20T00:06:00Z,2026-09-20T00:07:00Z,30,0,57056,2026-09-19T23:32:00Z,False,False,ORI,False,False,LKSDB-1,T_LKSDB-1
BOALF,2026-09-20,2,3,2026-09-19T23:53:00Z,2026-09-20T00:06:00Z,30,30,57056,2026-09-19T23:32:00Z,False,False,ORI,False,False,LKSDB-1,T_LKSDB-1
BOALF,2026-09-20,2,2,2026-09-19T23:53:00Z,2026-09-19T23:54:00Z,30,0,57055,2026-09-19T23:20:00Z,False,False,ORI,False,False,LKSDB-1,T_LKSDB-1
BOALF,2026-09-20,2,2,2026-09-19T23:44:00Z,2026-09-19T23:53:00Z,30,30,57055,2026-09-19T23:20:00Z,False,False,ORI,False,False,LKSDB-1,T_LKSDB-1
BOALF,2026-09-20,2,2,2026-09-19T23:44:00Z,2026-09-19T23:45:00Z,30,0,57054,2026-09-19T23:10:00Z,False,False,ORI,False,False,LKSDB-1,T_LKSDB-1
BOALF,2026-09-20,2,2,2026-09-19T23:41:00Z,2026-09-19T23:44:00Z,30,30,57054,2026-09-19T23:10:00Z,False,False,ORI,False,False,LKSDB-1,T_LKSDB-1
BOALF,2026-09-20,2,2,2026-09-19T23:41:00Z,2026-09-19T23:42:00Z,30,0,57053,2026-09-19T23:04:00Z,False,False,ORI,False,False,LKSDB-1,T_LKSDB-1
BOALF,2026-09-20,1,2,2026-09-19T23:26:00Z,2026-09-19T23:41:00Z,30,30,57053,2026-09-19T23:04:00Z,False,False,ORI,False,False,LKSDB-1,T_LKSDB-1
BOALF,2026-09-20,1,1,2026-09-19T23:26:00Z,2026-09-19T23:27:00Z,30,0,57052,2026-09-19T22:53:00Z,False,False,ORI,False,False,LKSDB-1,T_LKSDB-1
BOALF,2026-09-20,1,1,2026-09-19T23:19:00Z,2026-09-19T23:26:00Z,30,30,57052,2026-09-19T22:53:00Z,False,False,ORI,False,False,LKSDB-1,T_LKSDB-1
BOALF,2026-09-20,1,1,2026-09-19T23:19:00Z,2026-09-19T23:20:00Z,30,0,57051,2026-09-19T22:41:00Z,False,False,ORI,False,False,LKSDB-1,T_LKSDB-1
BOALF,2026-09-20,1,1,2026-09-19T23:09:00Z,2026-09-19T23:19:00Z,30,30,57051,2026-09-19T22:41:00Z,False,False,ORI,False,False,LKSDB-1,T_LKSDB-1
BOALF,2026-09-20,1,1,2026-09-19T23:09:00Z,2026-09-19T23:10:00Z,30,0,57050,2026-09-19T22:37:00Z,False,False,ORI,False,False,LKSDB-1,T_LKSDB-1
BOALF,2026-09-19,48,1,2026-09-19T22:57:00Z,2026-09-19T23:09:00Z,30,30,57050,2026-09-19T22:37:00Z,False,False,ORI,False,False,LKSDB-1,T_LKSDB-1
BOALF,2026-09-19,48,48,2026-09-19T22:57:00Z,2026-09-19T22:58:00Z,30,0,57049,2026-09-19T22:24:00Z,False,False,ORI,False,False,LKSDB-1,T_LKSDB-1
BOALF,2026-09-19,48,48,2026-09-19T22:43:00Z,2026-09-19T22:57:00Z,30,30,57049,2026-09-19T22:24:00Z,False,False,ORI,False,False,LKSDB-1,T_LKSDB-1
BOALF,2026-09-19,48,48,2026-09-19T22:43:00Z,2026-09-19T22:44:00Z,30,0,57047,2026-09-19T22:13:00Z,False,False,ORI,False,False,LKSDB-1,T_LKSDB-1
BOALF,2026-09-19,48,48,2026-09-19T22:31:00Z,2026-09-19T22:43:00Z,30,30,57047,2026-09-19T22:13:00Z,False,False,ORI,False,False,LKSDB-1,T_LKSDB-1
BOALF,2026-09-19,48,48,2026-09-19T22:30:00Z,2026-09-19T22:31:00Z,0,30,57047,2026-09-19T22:13:00Z,False,False,ORI,False,False,LKSDB-1,T_LKSDB-1
BOALF,2026-09-19,48,48,2026-09-19T22:30:00Z,2026-09-19T22:31:00Z,30,30,57048,2026-09-19T22:23:00Z,False,False,ORI,False,False,LKSDB-1,T_LKSDB-1
BOALF,2026-09-19,47,48,2026-09-19T22:29:00Z,2026-09-19T22:30:00Z,0,30,57048,2026-09-19T22:23:00Z,False,False,ORI,False,False,LKSDB-1,T_LKSDB-1
BOALF,2026-09-19,46,46,2026-09-19T21:55:00Z,2026-09-19T21:56:00Z,-19,0,57046,2026-09-19T21:36:00Z,False,False,ORI,False,False,LKSDB-1,T_LKSDB-1
BOALF,2026-09-19,46,46,2026-09-19T21:50:00Z,2026-09-19T21:55:00Z,-19,-19,57046,2026-09-19T21:36:00Z,False,False,ORI,False,False,LKSDB-1,T_LKSDB-1
BOALF,2026-09-19,46,46,2026-09-19T21:49:00Z,2026-09-19T21:50:00Z,0,-19,57046,2026-09-19T21:36:00Z,False,False,ORI,False,False,LKSDB-1,T_LKSDB-1
BOALF,2026-09-19,45,45,2026-09-19T21:04:00Z,2026-09-19T21:05:00Z,17,7,57044,2026-09-19T21:00:00Z,False,False,ORI,False,False,LKSDB-1,T_LKSDB-1
BOALF,2026-09-19,45,45,2026-09-19T21:02:00Z,2026-09-19T21:04:00Z,17,17,57044,2026-09-19T21:00:00Z,False,False,ORI,False,False,LKSDB-1,T_LKSDB-1
BOALF,2026-09-19,45,45,2026-09-19T21:01:00Z,2026-09-19T21:02:00Z,7,17,57044,2026-09-19T21:00:00Z,False,False,ORI,False,False,LKSDB-1,T_LKSDB-1
BOALF,2026-09-19,41,41,2026-09-19T19:05:00Z,2026-09-19T19:06:00Z,30,0,57043,2026-09-19T19:01:00Z,False,False,ORI,False,False,LKSDB-1,T_LKSDB-1
BOALF,2026-09-19,41,41,2026-09-19T19:03:00Z,2026-09-19T19:05:00Z,30,30,57043,2026-09-19T19:01:00Z,False,False,ORI,False,False,LKSDB-1,T_LKSDB-1
BOALF,2026-09-19,41,41,2026-09-19T19:02:00Z,2026-09-19T19:03:00Z,0,30,57043,2026-09-19T19:01:00Z,False,False,ORI,False,False,LKSDB-1,T_LKSDB-1
BOALF,2026-09-19,40,40,2026-09-19T18:58:00Z,2026-09-19T18:59:00Z,0,30,57042,2026-09-19T18:51:00Z,False,False,ORI,False,False,LKSDB-1,T_LKSDB-1
BOALF,2026-09-19,40,40,2026-09-19T18:55:00Z,2026-09-19T18:58:00Z,0,0,57042,2026-09-19T18:51:00Z,False,False,ORI,False,False,LKSDB-1,T_LKSDB-1
BOALF,2026-09-19,40,40,2026-09-19T18:54:00Z,2026-09-19T18:55:00Z,30,0,57042,2026-09-19T18:51:00Z,False,False,ORI,False,False,LKSDB-1,T_LKSDB-1
BOALF,2026-09-19,39,39,2026-09-19T18:18:00Z,2026-09-19T18:19:00Z,99,72,57041,2026-09-19T18:01:00Z,False,False,ORI,False,False,LKSDB-1,T_LKSDB-1
BOALF,2026-09-19,39,39,2026-09-19T18:16:00Z,2026-09-19T18:18:00Z,99,99,57041,2026-09-19T18:01:00Z,False,False,ORI,False,False,LKSDB-1,T_LKSDB-1
BOALF,2026-09-19,39,39,2026-09-19T18:15:00Z,2026-09-19T18:16:00Z,72,99,57041,2026-09-19T18:01:00Z,False,False,ORI,False,False,LKSDB-1,T_LKSDB-1
BOALF,2026-09-19,39,39,2026-09-19T18:07:00Z,2026-09-19T18:08:00Z,99,72,57040,2026-09-19T17:45:00Z,False,False,ORI,False,False,LKSDB-1,T_LKSDB-1
BOALF,2026-09-19,38,39,2026-09-19T17:51:00Z,2026-09-19T18:07:00Z,99,99,57040,2026-09-19T17:45:00Z,False,False,ORI,False,False,LKSDB-1,T_LKSDB-1
BOALF,2026-09-19,38,38,2026-09-19T17:51:00Z,2026-09-19T17:52:00Z,99,72,57039,2026-09-19T17:26:00Z,False,False,ORI,False,False,LKSDB-1,T_LKSDB-1
BOALF,2026-09-19,38,38,2026-09-19T17:48:00Z,2026-09-19T17:51:00Z,99,99,57039,2026-09-19T17:26:00Z,False,False,ORI,False,False,LKSDB-1,T_LKSDB-1
BOALF,2026-09-19,38,38,2026-09-19T17:48:00Z,2026-09-19T17:49:00Z,99,72,57038,2026-09-19T17:22:00Z,False,False,ORI,False,False,LKSDB-1,T_LKSDB-1
BOALF,2026-09-19,38,38,2026-09-19T17:30:00Z,2026-09-19T17:48:00Z,99,99,57038,2026-09-19T17:22:00Z,False,False,ORI,False,False,LKSDB-1,T_LKSDB-1
BOALF,2026-09-19,37,38,2026-09-19T17:29:00Z,2026-09-19T17:30:00Z,72,99,57038,2026-09-19T17:22:00Z,False,False,ORI,False,False,LKSDB-1,T_LKSDB-1
BOALF,2026-09-19,37,37,2026-09-19T17:19:00Z,2026-09-19T17:20:00Z,5,72,57037,2026-09-19T17:12:00Z,False,False,ORI,False,False,LKSDB-1,T_LKSDB-1
BOALF,2026-09-19,37,37,2026-09-19T17:14:00Z,2026-09-19T17:19:00Z,5,5,57037,2026-09-19T17:12:00Z,False,False,ORI,False,False,LKSDB-1,T_LKSDB-1
BOALF,2026-09-19,37,37,2026-09-19T17:13:00Z,2026-09-19T17:14:00Z,72,5,57037,2026-09-19T17:12:00Z,False,False,ORI,False,False,LKSDB-1,T_LKSDB-1
BOALF,2026-09-19,37,37,2026-09-19T17:07:00Z,2026-09-19T17:08:00Z,62,72,57036,2026-09-19T17:00:00Z,False,False,ORI,False,False,LKSDB-1,T_LKSDB-1
BOALF,2026-09-19,37,37,2026-09-19T17:04:00Z,2026-09-19T17:07:00Z,62,62,57036,2026-09-19T17:00:00Z,False,False,ORI,False,False,LKSDB-1,T_LKSDB-1
BOALF,2026-09-19,37,37,2026-09-19T17:03:00Z,2026-09-19T17:04:00Z,72,62,57036,2026-09-19T17:00:00Z,False,False,ORI,False,False,LKSDB-1,T_LKSDB-1
BOALF,2026-09-19,36,37,2026-09-19T16:59:00Z,2026-09-19T17:00:00Z,99,0,57034,2026-09-19T16:43:00Z,False,False,ORI,False,False,LKSDB-1,T_LKSDB-1
BOALF,2026-09-19,36,37,2026-09-19T16:59:00Z,2026-09-19T17:00:00Z,0,0,57035,2026-09-19T16:57:00Z,False,False,ORI,False,False,LKSDB-1,T_LKSDB-1
BOALF,2026-09-19,36,36,2026-09-19T16:58:00Z,2026-09-19T16:59:00Z,99,0,57035,2026-09-19T16:57:00Z,False,False,ORI,False,False,LKSDB-1,T_LKSDB-1
BOALF,2026-09-19,36,36,2026-09-19T16:50:00Z,2026-09-19T16:59:00Z,99,99,57034,2026-09-19T16:43:00Z,False,False,ORI,False,False,LKSDB-1,T_LKSDB-1
BOALF,2026-09-19,36,36,2026-09-19T16:49:00Z,2026-09-19T16:50:00Z,0,99,57034,2026-09-19T16:43:00Z,False,False,ORI,False,False,LKSDB-1,T_LKSDB-1
BOALF,2026-09-19,34,34,2026-09-19T15:54:00Z,2026-09-19T15:55:00Z,-69,-70,57032,2026-09-19T15:32:00Z,False,False,ORI,False,False,LKSDB-1,T_LKSDB-1
BOALF,2026-09-19,34,34,2026-09-19T15:45:00Z,2026-09-19T15:54:00Z,-69,-69,57032,2026-09-19T15:32:00Z,False,False,ORI,False,False,LKSDB-1,T_LKSDB-1
BOALF,2026-09-19,34,34,2026-09-19T15:44:00Z,2026-09-19T15:45:00Z,-70,-69,57032,2026-09-19T15:32:00Z,False,False,ORI,False,False,LKSDB-1,T_LKSDB-1
BOALF,2026-09-19,34,34,2026-09-19T15:41:00Z,2026-09-19T15:42:00Z,-67,-70,57031,2026-09-19T15:20:00Z,False,False,ORI,False,False,LKSDB-1,T_LKSDB-1
BOALF,2026-09-19,34,34,2026-09-19T15:36:00Z,2026-09-19T15:41:00Z,-67,-67,57031,2026-09-19T15:20:00Z,False,False,ORI,False,False,LKSDB-1,T_LKSDB-1
BOALF,2026-09-19,34,34,2026-09-19T15:35:00Z,2026-09-19T15:36:00Z,-70,-67,57031,2026-09-19T15:20:00Z,False,False,ORI,False,False,LKSDB-1,T_LKSDB-1
BOALF,2026-09-19,33,33,2026-09-19T15:21:00Z,2026-09-19T15:22:00Z,13,0,57030,2026-09-19T15:14:00Z,False,False,ORI,False,False,LKSDB-1,T_LKSDB-1
BOALF,2026-09-19,33,33,2026-09-19T15:19:00Z,2026-09-19T15:21:00Z,13,13,57030,2026-09-19T15:14:00Z,False,False,ORI,False,False,LKSDB-1,T_LKSDB-1
BOALF,2026-09-19,33,33,2026-09-19T15:18:00Z,2026-09-19T15:19:00Z,0,13,57030,2026-09-19T15:14:00Z,False,False,ORI,False,False,LKSDB-1,T_LKSDB-1
BOALF,2026-09-19,33,33,2026-09-19T15:07:00Z,2026-09-19T15:08:00Z,18,0,57029,2026-09-19T14:50:00Z,False,False,ORI,False,False,LKSDB-1,T_LKSDB-1
BOALF,2026-09-19,33,33,2026-09-19T15:04:00Z,2026-09-19T15:07:00Z,18,18,57029,2026-09-19T14:50:00Z,False,False,ORI,False,False,LKSDB-1,T_LKSDB-1
BOALF,2026-09-19,33,33,2026-09-19T15:03:00Z,2026-09-19T15:04:00Z,0,18,57029,2026-09-19T14:50:00Z,False,False,ORI,False,False,LKSDB-1,T_LKSDB-1
BOALF,2026-09-19,33,33,2026-09-19T15:00:00Z,2026-09-19T15:01:00Z,99,0,57028,2026-09-19T14:42:00Z,False,False,ORI,False,False,LKSDB-1,T_LKSDB-1
BOALF,2026-09-19,32,33,2026-09-19T14:53:00Z,2026-09-19T15:00:00Z,99,99,57028,2026-09-19T14:42:00Z,False,False,ORI,False,False,LKSDB-1,T_LKSDB-1
BOALF,2026-09-19,32,32,2026-09-19T14:53:00Z,2026-09-19T14:54:00Z,99,0,57027,2026-09-19T14:31:00Z,False,False,ORI,False,False,LKSDB-1,T_LKSDB-1
BOALF,2026-09-19,32,32,2026-09-19T14:48:00Z,2026-09-19T14:53:00Z,99,99,57027,2026-09-19T14:31:00Z,False,False,ORI,False,False,LKSDB-1,T_LKSDB-1
BOALF,2026-09-19,32,32,2026-09-19T14:48:00Z,2026-09-19T14:49:00Z,99,0,57026,2026-09-19T14:26:00Z,False,False,ORI,False,False,LKSDB-1,T_LKSDB-1
BOALF,2026-09-19,32,32,2026-09-19T14:30:00Z,2026-09-19T14:48:00Z,99,99,57026,2026-09-19T14:26:00Z,False,False,ORI,False,False,LKSDB-1,T_LKSDB-1
BOALF,2026-09-19,32,32,2026-09-19T14:30:00Z,2026-09-19T14:31:00Z,99,0,57025,2026-09-19T14:21:00Z,False,False,ORI,False,False,LKSDB-1,T_LKSDB-1
BOALF,2026-09-19,31,32,2026-09-19T14:29:00Z,2026-09-19T14:30:00Z,99,0,57024,2026-09-19T14:06:00Z,False,False,ORI,False,False,LKSDB-1,T_LKSDB-1
BOALF,2026-09-19,31,32,2026-09-19T14:29:00Z,2026-09-19T14:30:00Z,99,99,57025,2026-09-19T14:21:00Z,False,False,ORI,False,False,LKSDB-1,T_LKSDB-1
BOALF,2026-09-19,31,31,2026-09-19T14:12:00Z,2026-09-19T14:29:00Z,99,99,57024,2026-09-19T14:06:00Z,False,False,ORI,False,False,LKSDB-1,T_LKSDB-1
BOALF,2026-09-19,31,31,2026-09-19T14:11:00Z,2026-09-19T14:12:00Z,0,99,57024,2026-09-19T14:06:00Z,False,False,ORI,False,False,LKSDB-1,T_LKSDB-1
BOALF,2026-09-19,31,31,2026-09-19T14:07:00Z,2026-09-19T14:08:00Z,9,0,57021,2026-09-19T13:47:00Z,False,False,ORI,False,False,LKSDB-1,T_LKSDB-1
BOALF,2026-09-19,31,31,2026-09-19T14:07:00Z,2026-09-19T14:08:00Z,41,0,57023,2026-09-19T14:00:00Z,False,False,ORI,False,False,LKSDB-1,T_LKSDB-1
BOALF,2026-09-19,31,31,2026-09-19T14:04:00Z,2026-09-19T14:07:00Z,9,9,57021,2026-09-19T13:47:00Z,False,False,ORI,False,False,LKSDB-1,T_LKSDB-1
BOALF,2026-09-19,31,31,2026-09-19T14:03:00Z,2026-09-19T14:04:00Z,15,0,57020,2026-09-19T13:46:00Z,False,False,ORI,False,False,LKSDB-1,T_LKSDB-1
BOALF,2026-09-19,31,31,2026-09-19T14:03:00Z,2026-09-19T14:04:00Z,15,9,57021,2026-09-19T13:47:00Z,False,False,ORI,False,False,LKSDB-1,T_LKSDB-1
BOALF,2026-09-19,31,31,2026-09-19T14:03:00Z,2026-09-19T14:04:00Z,19,9,57022,2026-09-19T13:48:00Z,False,False,ORI,False,False,LKSDB-1,T_LKSDB-1
BOALF,2026-09-19,31,31,2026-09-19T14:02:00Z,2026-09-19T14:07:00Z,41,41,57023,2026-09-19T14:00:00Z,False,False,ORI,False,False,LKSDB-1,T_LKSDB-1
BOALF,2026-09-19,31,31,2026-09-19T14:01:00Z,2026-09-19T14:03:00Z,15,15,57020,2026-09-19T13:46:00Z,False,False,ORI,False,False,LKSDB-1,T_LKSDB-1
BOALF,2026-09-19,31,31,2026-09-19T14:01:00Z,2026-09-19T14:03:00Z,19,19,57022,2026-09-19T13:48:00Z,False,False,ORI,False,False,LKSDB-1,T_LKSDB-1
BOALF,2026-09-19,31,31,2026-09-19T14:01:00Z,2026-09-19T14:02:00Z,19,41,57023,2026-09-19T14:00:00Z,False,False,ORI,False,False,LKSDB-1,T_LKSDB-1
BOALF,2026-09-19,31,31,2026-09-19T14:00:00Z,2026-09-19T14:01:00Z,0,15,57020,2026-09-19T13:46:00Z,False,False,ORI,False,False,LKSDB-1,T_LKSDB-1
BOALF,2026-09-19,31,31,2026-09-19T14:00:00Z,2026-09-19T14:01:00Z,0,19,57022,2026-09-19T13:48:00Z,False,False,ORI,False,False,LKSDB-1,T_LKSDB-1
BOALF,2026-09-19,28,28,2026-09-19T12:41:00Z,2026-09-19T12:42:00Z,23,0,57018,2026-09-19T12:31:00Z,False,False,ORI,False,False,LKSDB-1,T_LKSDB-1
BOALF,2026-09-19,28,28,2026-09-19T12:41:00Z,2026-09-19T12:42:00Z,70,0,57019,2026-09-19T12:35:00Z,False,False,ORI,False,False,LKSDB-1,T_LKSDB-1
BOALF,2026-09-19,28,28,2026-09-19T12:39:00Z,2026-09-19T12:41:00Z,23,23,57018,2026-09-19T12:31:00Z,False,False,ORI,False,False,LKSDB-1,T_LKSDB-1
BOALF,2026-09-19,28,28,2026-09-19T12:39:00Z,2026-09-19T12:41:00Z,70,70,57019,2026-09-19T12:35:00Z,False,False,ORI,False,False,LKSDB-1,T_LKSDB-1
BOALF,2026-09-19,28,28,2026-09-19T12:38:00Z,2026-09-19T12:39:00Z,0,23,57018,2026-09-19T12:31:00Z,False,False,ORI,False,False,LKSDB-1,T_LKSDB-1
BOALF,2026-09-19,28,28,2026-09-19T12:38:00Z,2026-09-19T12:39:00Z,0,70,57019,2026-09-19T12:35:00Z,False,False,ORI,False,False,LKSDB-1,T_LKSDB-1
BOALF,2026-09-19,27,27,2026-09-19T12:15:00Z,2026-09-19T12:16:00Z,56,0,57016,2026-09-19T11:52:00Z,False,False,ORI,False,False,LKSDB-1,T_LKSDB-1
BOALF,2026-09-19,27,27,2026-09-19T12:13:00Z,2026-09-19T12:15:00Z,56,56,57016,2026-09-19T11:52:00Z,False,False,ORI,False,False,LKSDB-1,T_LKSDB-1
BOALF,2026-09-19,27,27,2026-09-19T12:12:00Z,2026-09-19T12:13:00Z,99,0,57015,2026-09-19T11:51:00Z,False,False,ORI,False,False,LKSDB-1,T_LKSDB-1
BOALF,2026-09-19,27,27,2026-09-19T12:12:00Z,2026-09-19T12:13:00Z,99,56,57016,2026-09-19T11:52:00Z,False,False,ORI,False,False,LKSDB-1,T_LKSDB-1
BOALF,2026-09-19,27,27,2026-09-19T12:09:00Z,2026-09-19T12:10:00Z,67,99,57017,2026-09-19T11:58:00Z,False,False,ORI,False,False,LKSDB-1,T_LKSDB-1
BOALF,2026-09-19,27,27,2026-09-19T12:06:00Z,2026-09-19T12:09:00Z,67,67,57017,2026-09-19T11:58:00Z,False,False,ORI,False,False,LKSDB-1,T_LKSDB-1
BOALF,2026-09-19,27,27,2026-09-19T12:05:00Z,2026-09-19T12:06:00Z,99,67,57017,2026-09-19T11:58:00Z,False,False,ORI,False,False,LKSDB-1,T_LKSDB-1
BOALF,2026-09-19,27,27,2026-09-19T12:01:00Z,2026-09-19T12:12:00Z,99,99,57015,2026-09-19T11:51:00Z,False,False,ORI,False,False,LKSDB-1,T_LKSDB-1
BOALF,2026-09-19,27,27,2026-09-19T12:00:00Z,2026-09-19T12:01:00Z,0,99,57015,2026-09-19T11:51:00Z,False,False,ORI,False,False,LKSDB-1,T_LKSDB-1
BOALF,2026-09-19,26,27,2026-09-19T11:53:00Z,2026-09-19T12:00:00Z,0,0,57014,2026-09-19T11:29:00Z,False,False,ORI,False,False,LKSDB-1,T_LKSDB-1
BOALF,2026-09-19,26,26,2026-09-19T11:52:00Z,2026-09-19T11:53:00Z,-2,-30,57013,2026-09-19T11:28:00Z,False,False,ORI,False,False,LKSDB-1,T_LKSDB-1
BOALF,2026-09-19,26,26,2026-09-19T11:52:00Z,2026-09-19T11:53:00Z,-2,0,57014,2026-09-19T11:29:00Z,False,False,ORI,False,False,LKSDB-1,T_LKSDB-1
BOALF,2026-09-19,26,26,2026-09-19T11:45:00Z,2026-09-19T11:52:00Z,-2,-2,57013,2026-09-19T11:28:00Z,False,False,ORI,False,False,LKSDB-1,T_LKSDB-1
BOALF,2026-09-19,26,26,2026-09-19T11:44:00Z,2026-09-19T11:45:00Z,0,-30,57012,2026-09-19T11:27:00Z,False,False,ORI,False,False,LKSDB-1,T_LKSDB-1
BOALF,2026-09-19,26,26,2026-09-19T11:44:00Z,2026-09-19T11:45:00Z,0,-2,57013,2026-09-19T11:28:00Z,False,False,ORI,False,False,LKSDB-1,T_LKSDB-1
BOALF,2026-09-19,26,26,2026-09-19T11:38:00Z,2026-09-19T11:44:00Z,0,0,57012,2026-09-19T11:27:00Z,False,False,ORI,False,False,LKSDB-1,T_LKSDB-1
BOALF,2026-09-19,26,26,2026-09-19T11:37:00Z,2026-09-19T11:38:00Z,-18,-30,57011,2026-09-19T11:26:00Z,False,False,ORI,False,False,LKSDB-1,T_LKSDB-1
BOALF,2026-09-19,26,26,2026-09-19T11:37:00Z,2026-09-19T11:38:00Z,-18,0,57012,2026-09-19T11:27:00Z,False,False,ORI,False,False,LKSDB-1,T_LKSDB-1
BOALF,2026-09-19,26,26,2026-09-19T11:35:00Z,2026-09-19T11:37:00Z,-18,-18,57011,2026-09-19T11:26:00Z,False,False,ORI,False,False,LKSDB-1,T_LKSDB-1
BOALF,2026-09-19,26,26,2026-09-19T11:34:00Z,2026-09-19T11:35:00Z,-3,-30,57009,2026-09-19T11:11:00Z,False,False,ORI,False,False,LKSDB-1,T_LKSDB-1
BOALF,2026-09-19,26,26,2026-09-19T11:34:00Z,2026-09-19T11:35:00Z,-3,-18,57011,2026-09-19T11:26:00Z,False,False,ORI,False,False,LKSDB-1,T_LKSDB-1
BOALF,2026-09-19,25,26,2026-09-19T11:29:00Z,2026-09-19T11:30:00Z,0,-3,57010,2026-09-19T11:17:00Z,False,False,ORI,False,False,LKSDB-1,T_LKSDB-1
BOALF,2026-09-19,25,26,2026-09-19T11:24:00Z,2026-09-19T11:34:00Z,-3,-3,57009,2026-09-19T11:11:00Z,False,False,ORI,False,False,LKSDB-1,T_LKSDB-1
BOALF,2026-09-19,25,25,2026-09-19T11:23:00Z,2026-09-19T11:29:00Z,0,0,57010,2026-09-19T11:17:00Z,False,False,ORI,False,False,LKSDB-1,T_LKSDB-1
BOALF,2026-09-19,25,25,2026-09-19T11:23:00Z,2026-09-19T11:24:00Z,-5,-40,57008,2026-09-19T11:10:00Z,False,False,ORI,False,False,LKSDB-1,T_LKSDB-1
BOALF,2026-09-19,25,25,2026-09-19T11:23:00Z,2026-09-19T11:24:00Z,-5,-3,57009,2026-09-19T11:11:00Z,False,False,ORI,False,False,LKSDB-1,T_LKSDB-1
BOALF,2026-09-19,25,25,2026-09-19T11:22:00Z,2026-09-19T11:23:00Z,-5,0,57010,2026-09-19T11:17:00Z,False,False,ORI,False,False,LKSDB-1,T_LKSDB-1
BOALF,2026-09-19,25,25,2026-09-19T11:21:00Z,2026-09-19T11:22:00Z,-9,-40,57006,2026-09-19T10:59:00Z,False,False,ORI,False,False,LKSDB-1,T_LKSDB-1
BOALF,2026-09-19,25,25,2026-09-19T11:13:00Z,2026-09-19T11:23:00Z,-5,-5,57008,2026-09-19T11:10:00Z,False,False,ORI,False,False,LKSDB-1,T_LKSDB-1
BOALF,2026-09-19,25,25,2026-09-19T11:12:00Z,2026-09-19T11:13:00Z,0,-9,57007,2026-09-19T11:00:00Z,False,False,ORI,False,False,LKSDB-1,T_LKSDB-1
BOALF,2026-09-19,25,25,2026-09-19T11:12:00Z,2026-09-19T11:13:00Z,0,-5,57008,2026-09-19T11:10:00Z,False,False,ORI,False,False,LKSDB-1,T_LKSDB-1
BOALF,2026-09-19,25,25,2026-09-19T11:08:00Z,2026-09-19T11:21:00Z,-9,-9,57006,2026-09-19T10:59:00Z,False,False,ORI,False,False,LKSDB-1,T_LKSDB-1
BOALF,2026-09-19,25,25,2026-09-19T11:07:00Z,2026-09-19T11:12:00Z,0,0,57007,2026-09-19T11:00:00Z,False,False,ORI,False,False,LKSDB-1,T_LKSDB-1
BOALF,2026-09-19,25,25,2026-09-19T11:07:00Z,2026-09-19T11:08:00Z,-40,-9,57006,2026-09-19T10:59:00Z,False,False,ORI,False,False,LKSDB-1,T_LKSDB-1
BOALF,2026-09-19,25,25,2026-09-19T11:06:00Z,2026-09-19T11:07:00Z,-40,0,57007,2026-09-19T11:00:00Z,False,False,ORI,False,False,LKSDB-1,T_LKSDB-1
BOALF,2026-09-19,25,25,2026-09-19T11:02:00Z,2026-09-19T11:03:00Z,-5,-40,57005,2026-09-19T10:55:00Z,False,False,ORI,False,False,LKSDB-1,T_LKSDB-1
BOALF,2026-09-19,25,25,2026-09-19T11:01:00Z,2026-09-19T11:02:00Z,-5,-40,57004,2026-09-19T10:50:00Z,False,False,ORI,False,False,LKSDB-1,T_LKSDB-1
BOALF,2026-09-19,25,25,2026-09-19T11:01:00Z,2026-09-19T11:02:00Z,-5,-5,57005,2026-09-19T10:55:00Z,False,False,ORI,False,False,LKSDB-1,T_LKSDB-1
BOALF,2026-09-19,25,25,2026-09-19T11:00:00Z,2026-09-19T11:01:00Z,-5,-5,57004,2026-09-19T10:50:00Z,False,False,ORI,False,False,LKSDB-1,T_LKSDB-1
BOALF,2026-09-19,18,18,2026-09-19T07:40:00Z,2026-09-19T07:41:00Z,2,0,57003,2026-09-19T07:17:00Z,False,False,ORI,False,False,LKSDB-1,T_LKSDB-1
BOALF,2026-09-19,18,18,2026-09-19T07:38:00Z,2026-09-19T07:40:00Z,2,2,57003,2026-09-19T07:17:00Z,False,False,ORI,False,False,LKSDB-1,T_LKSDB-1
BOALF,2026-09-19,18,18,2026-09-19T07:37:00Z,2026-09-19T07:38:00Z,0,2,57003,2026-09-19T07:17:00Z,False,False,ORI,False,False,LKSDB-1,T_LKSDB-1
BOALF,2026-09-19,16,16,2026-09-19T06:43:00Z,2026-09-19T06:44:00Z,33,0,57002,2026-09-19T06:26:00Z,False,False,ORI,False,False,LKSDB-1,T_LKSDB-1
BOALF,2026-09-19,16,16,2026-09-19T06:42:00Z,2026-09-19T06:43:00Z,33,0,57001,2026-09-19T06:17:00Z,False,False,ORI,False,False,LKSDB-1,T_LKSDB-1
BOALF,2026-09-19,16,16,2026-09-19T06:42:00Z,2026-09-19T06:43:00Z,33,33,57002,2026-09-19T06:26:00Z,False,False,ORI,False,False,LKSDB-1,T_LKSDB-1
BOALF,2026-09-19,16,16,2026-09-19T06:36:00Z,2026-09-19T06:42:00Z,33,33,57001,2026-09-19T06:17:00Z,False,False,ORI,False,False,LKSDB-1,T_LKSDB-1
BOALF,2026-09-19,16,16,2026-09-19T06:36:00Z,2026-09-19T06:37:00Z,33,0,57000,2026-09-19T06:13:00Z,False,False,ORI,False,False,LKSDB-1,T_LKSDB-1
BOALF,2026-09-19,16,16,2026-09-19T06:30:00Z,2026-09-19T06:36:00Z,33,33,57000,2026-09-19T06:13:00Z,False,False,ORI,False,False,LKSDB-1,T_LKSDB-1
BOALF,2026-09-19,16,16,2026-09-19T06:30:00Z,2026-09-19T06:31:00Z,33,0,56999,2026-09-19T06:06:00Z,False,False,ORI,False,False,LKSDB-1,T_LKSDB-1
BOALF,2026-09-19,15,16,2026-09-19T06:11:00Z,2026-09-19T06:30:00Z,33,33,56999,2026-09-19T06:06:00Z,False,False,ORI,False,False,LKSDB-1,T_LKSDB-1
BOALF,2026-09-19,15,15,2026-09-19T06:11:00Z,2026-09-19T06:12:00Z,33,0,56998,2026-09-19T06:04:00Z,False,False,ORI,False,False,LKSDB-1,T_LKSDB-1
BOALF,2026-09-19,15,15,2026-09-19T06:08:00Z,2026-09-19T06:11:00Z,33,33,56998,2026-09-19T06:04:00Z,False,False,ORI,False,False,LKSDB-1,T_LKSDB-1
BOALF,2026-09-19,15,15,2026-09-19T06:07:00Z,2026-09-19T06:08:00Z,0,33,56998,2026-09-19T06:04:00Z,False,False,ORI,False,False,LKSDB-1,T_LKSDB-1
BOALF,2026-09-19,15,15,2026-09-19T06:03:00Z,2026-09-19T06:04:00Z,47,0,56997,2026-09-19T05:52:00Z,False,False,ORI,False,False,LKSDB-1,T_LKSDB-1
BOALF,2026-09-19,15,15,2026-09-19T06:02:00Z,2026-09-19T06:03:00Z,12,0,56996,2026-09-19T05:50:00Z,False,False,ORI,False,False,LKSDB-1,T_LKSDB-1
BOALF,2026-09-19,15,15,2026-09-19T06:00:00Z,2026-09-19T06:02:00Z,12,12,56996,2026-09-19T05:50:00Z,False,False,ORI,False,False,LKSDB-1,T_LKSDB-1
BOALF,2026-09-19,14,15,2026-09-19T05:59:00Z,2026-09-19T06:00:00Z,0,12,56996,2026-09-19T05:50:00Z,False,False,ORI,False,False,LKSDB-1,T_LKSDB-1
BOALF,2026-09-19,14,15,2026-09-19T05:57:00Z,2026-09-19T06:00:00Z,0,0,56995,2026-09-19T05:49:00Z,False,False,ORI,False,False,LKSDB-1,T_LKSDB-1
BOALF,2026-09-19,14,15,2026-09-19T05:56:00Z,2026-09-19T06:03:00Z,47,47,56997,2026-09-19T05:52:00Z,False,False,ORI,False,False,LKSDB-1,T_LKSDB-1
BOALF,2026-09-19,14,14,2026-09-19T05:56:00Z,2026-09-19T05:57:00Z,47,0,56994,2026-09-19T05:48:00Z,False,False,ORI,False,False,LKSDB-1,T_LKSDB-1
BOALF,2026-09-19,14,14,2026-09-19T05:55:00Z,2026-09-19T05:56:00Z,47,0,56993,2026-09-19T05:45:00Z,False,False,ORI,False,False,LKSDB-1,T_LKSDB-1
BOALF,2026-09-19,14,14,2026-09-19T05:55:00Z,2026-09-19T05:56:00Z,47,47,56994,2026-09-19T05:48:00Z,False,False,ORI,False,False,LKSDB-1,T_LKSDB-1
BOALF,2026-09-19,14,14,2026-09-19T05:54:00Z,2026-09-19T05:55:00Z,47,0,56992,2026-09-19T05:43:00Z,False,False,ORI,False,False,LKSDB-1,T_LKSDB-1
BOALF,2026-09-19,14,14,2026-09-19T05:54:00Z,2026-09-19T05:55:00Z,47,47,56993,2026-09-19T05:45:00Z,False,False,ORI,False,False,LKSDB-1,T_LKSDB-1
BOALF,2026-09-19,14,14,2026-09-19T05:53:00Z,2026-09-19T05:54:00Z,47,0,56991,2026-09-19T05:40:00Z,False,False,ORI,False,False,LKSDB-1,T_LKSDB-1
BOALF,2026-09-19,14,14,2026-09-19T05:53:00Z,2026-09-19T05:54:00Z,47,47,56992,2026-09-19T05:43:00Z,False,False,ORI,False,False,LKSDB-1,T_LKSDB-1
BOALF,2026-09-19,14,14,2026-09-19T05:49:00Z,2026-09-19T05:53:00Z,47,47,56991,2026-09-19T05:40:00Z,False,False,ORI,False,False,LKSDB-1,T_LKSDB-1
BOALF,2026-09-19,14,14,2026-09-19T05:49:00Z,2026-09-19T05:50:00Z,47,0,56990,2026-09-19T05:38:00Z,False,False,ORI,False,False,LKSDB-1,T_LKSDB-1
BOALF,2026-09-19,14,14,2026-09-19T05:46:00Z,2026-09-19T05:47:00Z,0,-1,56986,2026-09-19T05:11:00Z,False,False,ORI,False,False,LKSDB-1,T_LKSDB-1
BOALF,2026-09-19,14,14,2026-09-19T05:44:00Z,2026-09-19T05:46:00Z,0,0,56986,2026-09-19T05:11:00Z,False,False,ORI,False,False,LKSDB-1,T_LKSDB-1
BOALF,2026-09-19,14,14,2026-09-19T05:43:00Z,2026-09-19T05:49:00Z,47,47,56990,2026-09-19T05:38:00Z,False,False,ORI,False,False,LKSDB-1,T_LKSDB-1
BOALF,2026-09-19,14,14,2026-09-19T05:43:00Z,2026-09-19T05:44:00Z,-1,0,56986,2026-09-19T05:11:00Z,False,False,ORI,False,False,LKSDB-1,T_LKSDB-1
BOALF,2026-09-19,14,14,2026-09-19T05:43:00Z,2026-09-19T05:44:00Z,47,0,56989,2026-09-19T05:36:00Z,False,False,ORI,False,False,LKSDB-1,T_LKSDB-1
BOALF,2026-09-19,14,14,2026-09-19T05:39:00Z,2026-09-19T05:44:00Z,0,0,56988,2026-09-19T05:20:00Z,False,False,ORI,False,False,LKSDB-1,T_LKSDB-1
BOALF,2026-09-19,14,14,2026-09-19T05:39:00Z,2026-09-19T05:40:00Z,0,-1,56987,2026-09-19T05:17:00Z,False,False,ORI,False,False,LKSDB-1,T_LKSDB-1
BOALF,2026-09-19,14,14,2026-09-19T05:38:00Z,2026-09-19T05:43:00Z,47,47,56989,2026-09-19T05:36:00Z,False,False,ORI,False,False,LKSDB-1,T_LKSDB-1
BOALF,2026-09-19,14,14,2026-09-19T05:38:00Z,2026-09-19T05:39:00Z,0,-1,56985,2026-09-19T05:06:00Z,False,False,ORI,False,False,LKSDB-1,T_LKSDB-1
BOALF,2026-09-19,14,14,2026-09-19T05:38:00Z,2026-09-19T05:39:00Z,0,0,56987,2026-09-19T05:17:00Z,False,False,ORI,False,False,LKSDB-1,T_LKSDB-1
BOALF,2026-09-19,14,14,2026-09-19T05:37:00Z,2026-09-19T05:38:00Z,0,47,56989,2026-09-19T05:36:00Z,False,False,ORI,False,False,LKSDB-1,T_LKSDB-1
BOALF,2026-09-19,13,14,2026-09-19T05:29:00Z,2026-09-19T05:38:00Z,0,0,56985,2026-09-19T05:06:00Z,False,False,ORI,False,False,LKSDB-1,T_LKSDB-1
BOALF,2026-09-19,13,14,2026-09-19T05:29:00Z,2026-09-19T05:30:00Z,0,-1,56984,2026-09-19T05:01:00Z,False,False,ORI,False,False,LKSDB-1,T_LKSDB-1
BOALF,2026-09-19,13,13,2026-09-19T05:17:00Z,2026-09-19T05:29:00Z,0,0,56984,2026-09-19T05:01:00Z,False,False,ORI,False,False,LKSDB-1,T_LKSDB-1
BOALF,2026-09-19,13,13,2026-09-19T05:17:00Z,2026-09-19T05:18:00Z,0,-21,56982,2026-09-19T04:52:00Z,False,False,ORI,False,False,LKSDB-1,T_LKSDB-1
BOALF,2026-09-19,13,13,2026-09-19T05:11:00Z,2026-09-19T05:17:00Z,0,0,56982,2026-09-19T04:52:00Z,False,False,ORI,False,False,LKSDB-1,T_LKSDB-1
BOALF,2026-09-19,13,13,2026-09-19T05:11:00Z,2026-09-19T05:12:00Z,0,-21,56980,2026-09-19T04:43:00Z,False,False,ORI,False,False,LKSDB-1,T_LKSDB-1
BOALF,2026-09-19,12,13,2026-09-19T04:59:00Z,2026-09-19T05:00:00Z,14,0,56983,2026-09-19T04:56:00Z,False,False,ORI,False,False,LKSDB-1,T_LKSDB-1
BOALF,2026-09-19,12,13,2026-09-19T04:58:00Z,2026-09-19T05:11:00Z,0,0,56980,2026-09-19T04:43:00Z,False,False,ORI,False,False,LKSDB-1,T_LKSDB-1
BOALF,2026-09-19,12,12,2026-09-19T04:58:00Z,2026-09-19T04:59:00Z,14,0,56981,2026-09-19T04:47:00Z,False,False,ORI,False,False,LKSDB-1,T_LKSDB-1
BOALF,2026-09-19,12,12,2026-09-19T04:58:00Z,2026-09-19T04:59:00Z,14,14,56983,2026-09-19T04:56:00Z,False,False,ORI,False,False,LKSDB-1,T_LKSDB-1
BOALF,2026-09-19,12,12,2026-09-19T04:57:00Z,2026-09-19T04:58:00Z,14,0,56979,2026-09-19T04:23:00Z,False,False,ORI,False,False,LKSDB-1,T_LKSDB-1
BOALF,2026-09-19,12,12,2026-09-19T04:57:00Z,2026-09-19T04:58:00Z,14,14,56981,2026-09-19T04:47:00Z,False,False,ORI,False,False,LKSDB-1,T_LKSDB-1
BOALF,2026-09-19,12,12,2026-09-19T04:55:00Z,2026-09-19T04:57:00Z,14,14,56979,2026-09-19T04:23:00Z,False,False,ORI,False,False,LKSDB-1,T_LKSDB-1
BOALF,2026-09-19,12,12,2026-09-19T04:54:00Z,2026-09-19T04:55:00Z,0,-25,56978,2026-09-19T04:22:00Z,False,False,ORI,False,False,LKSDB-1,T_LKSDB-1
BOALF,2026-09-19,12,12,2026-09-19T04:54:00Z,2026-09-19T04:55:00Z,0,14,56979,2026-09-19T04:23:00Z,False,False,ORI,False,False,LKSDB-1,T_LKSDB-1
BOALF,2026-09-19,12,12,2026-09-19T04:42:00Z,2026-09-19T04:54:00Z,0,0,56978,2026-09-19T04:22:00Z,False,False,ORI,False,False,LKSDB-1,T_LKSDB-1
BOALF,2026-09-19,12,12,2026-09-19T04:42:00Z,2026-09-19T04:43:00Z,0,-25,56977,2026-09-19T04:09:00Z,False,False,ORI,False,False,LKSDB-1,T_LKSDB-1
BOALF,2026-09-19,12,12,2026-09-19T04:34:00Z,2026-09-19T04:35:00Z,-10,-25,56976,2026-09-19T04:04:00Z,False,False,ORI,False,False,LKSDB-1,T_LKSDB-1
BOALF,2026-09-19,12,12,2026-09-19T04:32:00Z,2026-09-19T04:34:00Z,-10,-10,56976,2026-09-19T04:04:00Z,False,False,ORI,False,False,LKSDB-1,T_LKSDB-1
BOALF,2026-09-19,12,12,2026-09-19T04:31:00Z,2026-09-19T04:42:00Z,0,0,56977,2026-09-19T04:09:00Z,False,False,ORI,False,False,LKSDB-1,T_LKSDB-1
BOALF,2026-09-19,12,12,2026-09-19T04:31:00Z,2026-09-19T04:32:00Z,0,-25,56975,2026-09-19T04:03:00Z,False,False,ORI,False,False,LKSDB-1,T_LKSDB-1
BOALF,2026-09-19,12,12,2026-09-19T04:31:00Z,2026-09-19T04:32:00Z,0,-10,56976,2026-09-19T04:04:00Z,False,False,ORI,False,False,LKSDB-1,T_LKSDB-1
BOALF,2026-09-19,11,12,2026-09-19T04:17:00Z,2026-09-19T04:31:00Z,0,0,56975,2026-09-19T04:03:00Z,False,False,ORI,False,False,LKSDB-1,T_LKSDB-1
BOALF,2026-09-19,11,11,2026-09-19T04:17:00Z,2026-09-19T04:18:00Z,0,-9,56974,2026-09-19T03:53:00Z,False,False,ORI,False,False,LKSDB-1,T_LKSDB-1
BOALF,2026-09-19,11,11,2026-09-19T04:00:00Z,2026-09-19T04:17:00Z,0,0,56974,2026-09-19T03:53:00Z,False,False,ORI,False,False,LKSDB-1,T_LKSDB-1
BOALF,2026-09-19,10,11,2026-09-19T03:59:00Z,2026-09-19T04:00:00Z,11,0,56973,2026-09-19T03:48:00Z,False,False,ORI,False,False,LKSDB-1,T_LKSDB-1
BOALF,2026-09-19,10,10,2026-09-19T03:57:00Z,2026-09-19T03:59:00Z,11,11,56973,2026-09-19T03:48:00Z,False,False,ORI,False,False,LKSDB-1,T_LKSDB-1
BOALF,2026-09-19,10,10,2026-09-19T03:57:00Z,2026-09-19T03:58:00Z,11,0,56972,2026-09-19T03:36:00Z,False,False,ORI,False,False,LKSDB-1,T_LKSDB-1
BOALF,2026-09-19,10,11,2026-09-19T03:55:00Z,2026-09-19T04:00:00Z,0,0,56971,2026-09-19T03:30:00Z,False,False,ORI,False,False,LKSDB-1,T_LKSDB-1
BOALF,2026-09-19,10,10,2026-09-19T03:55:00Z,2026-09-19T03:57:00Z,11,11,56972,2026-09-19T03:36:00Z,False,False,ORI,False,False,LKSDB-1,T_LKSDB-1
BOALF,2026-09-19,10,10,2026-09-19T03:55:00Z,2026-09-19T03:56:00Z,0,-25,56970,2026-09-19T03:20:00Z,False,False,ORI,False,False,LKSDB-1,T_LKSDB-1
BOALF,2026-09-19,10,10,2026-09-19T03:54:00Z,2026-09-19T03:55:00Z,0,11,56972,2026-09-19T03:36:00Z,False,False,ORI,False,False,LKSDB-1,T_LKSDB-1
BOALF,2026-09-19,10,10,2026-09-19T03:40:00Z,2026-09-19T03:55:00Z,0,0,56970,2026-09-19T03:20:00Z,False,False,ORI,False,False,LKSDB-1,T_LKSDB-1
BOALF,2026-09-19,10,10,2026-09-19T03:40:00Z,2026-09-19T03:41:00Z,0,-25,56969,2026-09-19T03:06:00Z,False,False,ORI,False,False,LKSDB-1,T_LKSDB-1
BOALF,2026-09-19,10,10,2026-09-19T03:31:00Z,2026-09-19T03:40:00Z,0,0,56969,2026-09-19T03:06:00Z,False,False,ORI,False,False,LKSDB-1,T_LKSDB-1
BOALF,2026-09-19,10,10,2026-09-19T03:30:00Z,2026-09-19T03:31:00Z,15,0,56968,2026-09-19T03:05:00Z,False,False,ORI,False,False,LKSDB-1,T_LKSDB-1
BOALF,2026-09-19,9,10,2026-09-19T03:27:00Z,2026-09-19T03:30:00Z,15,15,56968,2026-09-19T03:05:00Z,False,False,ORI,False,False,LKSDB-1,T_LKSDB-1
BOALF,2026-09-19,9,9,2026-09-19T03:27:00Z,2026-09-19T03:28:00Z,15,0,56967,2026-09-19T02:57:00Z,False,False,ORI,False,False,LKSDB-1,T_LKSDB-1
BOALF,2026-09-19,9,9,2026-09-19T03:10:00Z,2026-09-19T03:27:00Z,15,15,56967,2026-09-19T02:57:00Z,False,False,ORI,False,False,LKSDB-1,T_LKSDB-1
BOALF,2026-09-19,9,9,2026-09-19T03:10:00Z,2026-09-19T03:11:00Z,15,0,56966,2026-09-19T02:48:00Z,False,False,ORI,False,False,LKSDB-1,T_LKSDB-1
BOALF,2026-09-19,9,9,2026-09-19T03:02:00Z,2026-09-19T03:10:00Z,15,15,56966,2026-09-19T02:48:00Z,False,False,ORI,False,False,LKSDB-1,T_LKSDB-1
BOALF,2026-09-19,9,9,2026-09-19T03:02:00Z,2026-09-19T03:03:00Z,15,0,56965,2026-09-19T02:40:00Z,False,False,ORI,False,False,LKSDB-1,T_LKSDB-1
BOALF,2026-09-19,9,9,2026-09-19T03:00:00Z,2026-09-19T03:02:00Z,15,15,56965,2026-09-19T02:40:00Z,False,False,ORI,False,False,LKSDB-1,T_LKSDB-1
BOALF,2026-09-19,8,9,2026-09-19T02:59:00Z,2026-09-19T03:00:00Z,0,15,56965,2026-09-19T02:40:00Z,False,False,ORI,False,False,LKSDB-1,T_LKSDB-1
BOALF,2026-09-19,8,9,2026-09-19T02:55:00Z,2026-09-19T03:00:00Z,0,0,56964,2026-09-19T02:39:00Z,False,False,ORI,False,False,LKSDB-1,T_LKSDB-1
BOALF,2026-09-19,8,8,2026-09-19T02:55:00Z,2026-09-19T02:56:00Z,0,-15,56960,2026-09-19T02:19:00Z,False,False,ORI,False,False,LKSDB-1,T_LKSDB-1
BOALF,2026-09-19,8,8,2026-09-19T02:41:00Z,2026-09-19T02:55:00Z,0,0,56960,2026-09-19T02:19:00Z,False,False,ORI,False,False,LKSDB-1,T_LKSDB-1
BOALF,2026-09-19,8,8,2026-09-19T02:41:00Z,2026-09-19T02:42:00Z,0,-15,56959,2026-09-19T02:08:00Z,False,False,ORI,False,False,LKSDB-1,T_LKSDB-1
BOALF,2026-09-19,8,8,2026-09-19T02:40:00Z,2026-09-19T02:41:00Z,15,0,56963,2026-09-19T02:33:00Z,False,False,ORI,False,False,LKSDB-1,T_LKSDB-1
BOALF,2026-09-19,8,8,2026-09-19T02:38:00Z,2026-09-19T02:40:00Z,15,15,56963,2026-09-19T02:33:00Z,False,False,ORI,False,False,LKSDB-1,T_LKSDB-1
BOALF,2026-09-19,8,8,2026-09-19T02:37:00Z,2026-09-19T02:38:00Z,3,0,56962,2026-09-19T02:32:00Z,False,False,ORI,False,False,LKSDB-1,T_LKSDB-1
BOALF,2026-09-19,8,8,2026-09-19T02:37:00Z,2026-09-19T02:38:00Z,3,15,56963,2026-09-19T02:33:00Z,False,False,ORI,False,False,LKSDB-1,T_LKSDB-1
BOALF,2026-09-19,8,8,2026-09-19T02:35:00Z,2026-09-19T02:37:00Z,3,3,56962,2026-09-19T02:32:00Z,False,False,ORI,False,False,LKSDB-1,T_LKSDB-1
BOALF,2026-09-19,8,8,2026-09-19T02:35:00Z,2026-09-19T02:36:00Z,3,0,56961,2026-09-19T02:30:00Z,False,False,ORI,False,False,LKSDB-1,T_LKSDB-1
BOALF,2026-09-19,8,8,2026-09-19T02:32:00Z,2026-09-19T02:35:00Z,3,3,56961,2026-09-19T02:30:00Z,False,False,ORI,False,False,LKSDB-1,T_LKSDB-1
BOALF,2026-09-19,8,8,2026-09-19T02:31:00Z,2026-09-19T02:32:00Z,0,3,56961,2026-09-19T02:30:00Z,False,False,ORI,False,False,LKSDB-1,T_LKSDB-1
BOALF,2026-09-19,7,8,2026-09-19T02:23:00Z,2026-09-19T02:41:00Z,0,0,56959,2026-09-19T02:08:00Z,False,False,ORI,False,False,LKSDB-1,T_LKSDB-1
BOALF,2026-09-19,7,7,2026-09-19T02:23:00Z,2026-09-19T02:24:00Z,0,-25,56958,2026-09-19T01:59:00Z,False,False,ORI,False,False,LKSDB-1,T_LKSDB-1
BOALF,2026-09-19,7,7,2026-09-19T02:04:00Z,2026-09-19T02:23:00Z,0,0,56958,2026-09-19T01:59:00Z,False,False,ORI,False,False,LKSDB-1,T_LKSDB-1
BOALF,2026-09-19,7,7,2026-09-19T02:04:00Z,2026-09-19T02:05:00Z,0,-25,56957,2026-09-19T01:49:00Z,False,False,ORI,False,False,LKSDB-1,T_LKSDB-1
BOALF,2026-09-19,7,7,2026-09-19T02:00:00Z,2026-09-19T02:04:00Z,0,0,56957,2026-09-19T01:49:00Z,False,False,ORI,False,False,LKSDB-1,T_LKSDB-1
BOALF,2026-09-19,6,6,2026-09-19T01:46:00Z,2026-09-19T01:47:00Z,5,0,56955,2026-09-19T01:28:00Z,False,False,ORI,False,False,LKSDB-1,T_LKSDB-1
BOALF,2026-09-19,6,6,2026-09-19T01:44:00Z,2026-09-19T01:45:00Z,2,0,56953,2026-09-19T01:15:00Z,False,False,ORI,False,False,LKSDB-1,T_LKSDB-1
BOALF,2026-09-19,6,6,2026-09-19T01:40:00Z,2026-09-19T01:41:00Z,3,2,56954,2026-09-19T01:19:00Z,False,False,ORI,False,False,LKSDB-1,T_LKSDB-1
BOALF,2026-09-19,6,6,2026-09-19T01:39:00Z,2026-09-19T01:46:00Z,5,5,56955,2026-09-19T01:28:00Z,False,False,ORI,False,False,LKSDB-1,T_LKSDB-1
BOALF,2026-09-19,6,6,2026-09-19T01:38:00Z,2026-09-19T01:39:00Z,3,5,56955,2026-09-19T01:28:00Z,False,False,ORI,False,False,LKSDB-1,T_LKSDB-1
BOALF,2026-09-19,6,6,2026-09-19T01:31:00Z,2026-09-19T01:44:00Z,2,2,56953,2026-09-19T01:15:00Z,False,False,ORI,False,False,LKSDB-1,T_LKSDB-1
BOALF,2026-09-19,6,6,2026-09-19T01:31:00Z,2026-09-19T01:39:00Z,5,5,56956,2026-09-19T01:29:00Z,False,False,ORI,False,False,LKSDB-1,T_LKSDB-1
BOALF,2026-09-19,6,6,2026-09-19T01:31:00Z,2026-09-19T01:32:00Z,2,0,56952,2026-09-19T01:06:00Z,False,False,ORI,False,False,LKSDB-1,T_LKSDB-1
BOALF,2026-09-19,6,6,2026-09-19T01:30:00Z,2026-09-19T01:31:00Z,3,5,56956,2026-09-19T01:29:00Z,False,False,ORI,False,False,LKSDB-1,T_LKSDB-1
BOALF,2026-09-19,5,6,2026-09-19T01:26:00Z,2026-09-19T01:40:00Z,3,3,56954,2026-09-19T01:19:00Z,False,False,ORI,False,False,LKSDB-1,T_LKSDB-1
BOALF,2026-09-19,5,5,2026-09-19T01:25:00Z,2026-09-19T01:26:00Z,2,3,56954,2026-09-19T01:19:00Z,False,False,ORI,False,False,LKSDB-1,T_LKSDB-1
BOALF,2026-09-19,5,6,2026-09-19T01:16:00Z,2026-09-19T01:31:00Z,2,2,56952,2026-09-19T01:06:00Z,False,False,ORI,False,False,LKSDB-1,T_LKSDB-1
BOALF,2026-09-19,5,5,2026-09-19T01:16:00Z,2026-09-19T01:17:00Z,2,0,56950,2026-09-19T00:36:00Z,False,False,ORI,False,False,LKSDB-1,T_LKSDB-1
BOALF,2026-09-19,5,5,2026-09-19T01:00:00Z,2026-09-19T01:16:00Z,2,2,56950,2026-09-19T00:36:00Z,False,False,ORI,False,False,LKSDB-1,T_LKSDB-1
BOALF,2026-09-19,4,5,2026-09-19T00:59:00Z,2026-09-19T01:00:00Z,0,2,56950,2026-09-19T00:36:00Z,False,False,ORI,False,False,LKSDB-1,T_LKSDB-1
BOALF,2026-09-19,4,5,2026-09-19T00:59:00Z,2026-09-19T01:00:00Z,2,2,56951,2026-09-19T00:49:00Z,False,False,ORI,False,False,LKSDB-1,T_LKSDB-1
BOALF,2026-09-19,4,4,2026-09-19T00:58:00Z,2026-09-19T00:59:00Z,0,2,56951,2026-09-19T00:49:00Z,False,False,ORI,False,False,LKSDB-1,T_LKSDB-1
BOALF,2026-09-19,4,5,2026-09-19T00:48:00Z,2026-09-19T01:00:00Z,0,0,56949,2026-09-19T00:35:00Z,False,False,ORI,False,False,LKSDB-1,T_LKSDB-1
BOALF,2026-09-19,4,4,2026-09-19T00:48:00Z,2026-09-19T00:49:00Z,0,-9,56948,2026-09-19T00:31:00Z,False,False,ORI,False,False,LKSDB-1,T_LKSDB-1
BOALF,2026-09-19,4,4,2026-09-19T00:47:00Z,2026-09-19T00:48:00Z,0,-9,56947,2026-09-19T00:13:00Z,False,False,ORI,False,False,LKSDB-1,T_LKSDB-1
BOALF,2026-09-19,4,4,2026-09-19T00:47:00Z,2026-09-19T00:48:00Z,0,0,56948,2026-09-19T00:31:00Z,False,False,ORI,False,False,LKSDB-1,T_LKSDB-1
BOALF,2026-09-19,4,4,2026-09-19T00:32:00Z,2026-09-19T00:47:00Z,0,0,56947,2026-09-19T00:13:00Z,False,False,ORI,False,False,LKSDB-1,T_LKSDB-1
BOALF,2026-09-19,4,4,2026-09-19T00:31:00Z,2026-09-19T00:32:00Z,5,0,56942,2026-09-18T23:59:00Z,False,False,ORI,False,False,LKSDB-1,T_LKSDB-1
BOALF,2026-09-19,4,4,2026-09-19T00:31:00Z,2026-09-19T00:32:00Z,8,0,56946,2026-09-19T00:12:00Z,False,False,ORI,False,False,LKSDB-1,T_LKSDB-1
BOALF,2026-09-19,3,4,2026-09-19T00:28:00Z,2026-09-19T00:31:00Z,8,8,56946,2026-09-19T00:12:00Z,False,False,ORI,False,False,LKSDB-1,T_LKSDB-1
BOALF,2026-09-19,3,3,2026-09-19T00:27:00Z,2026-09-19T00:28:00Z,7,5,56945,2026-09-19T00:11:00Z,False,False,ORI,False,False,LKSDB-1,T_LKSDB-1
BOALF,2026-09-19,3,3,2026-09-19T00:27:00Z,2026-09-19T00:28:00Z,7,8,56946,2026-09-19T00:12:00Z,False,False,ORI,False,False,LKSDB-1,T_LKSDB-1
BOALF,2026-09-19,3,3,2026-09-19T00:23:00Z,2026-09-19T00:27:00Z,7,7,56945,2026-09-19T00:11:00Z,False,False,ORI,False,False,LKSDB-1,T_LKSDB-1
BOALF,2026-09-19,3,3,2026-09-19T00:22:00Z,2026-09-19T00:23:00Z,5,7,56945,2026-09-19T00:11:00Z,False,False,ORI,False,False,LKSDB-1,T_LKSDB-1
BOALF,2026-09-19,3,3,2026-09-19T00:18:00Z,2026-09-19T00:19:00Z,0,-1,56941,2026-09-18T23:41:00Z,False,False,ORI,False,False,LKSDB-1,T_LKSDB-1
BOALF,2026-09-19,3,3,2026-09-19T00:16:00Z,2026-09-19T00:17:00Z,8,5,56943,2026-09-19T00:03:00Z,False,False,ORI,False,False,LKSDB-1,T_LKSDB-1
BOALF,2026-09-19,3,3,2026-09-19T00:11:00Z,2026-09-19T00:16:00Z,8,8,56943,2026-09-19T00:03:00Z,False,False,ORI,False,False,LKSDB-1,T_LKSDB-1
BOALF,2026-09-19,3,3,2026-09-19T00:10:00Z,2026-09-19T00:11:00Z,5,8,56943,2026-09-19T00:03:00Z,False,False,ORI,False,False,LKSDB-1,T_LKSDB-1
BOALF,2026-09-19,3,3,2026-09-19T00:08:00Z,2026-09-19T00:11:00Z,8,8,56944,2026-09-19T00:06:00Z,False,False,ORI,False,False,LKSDB-1,T_LKSDB-1
BOALF,2026-09-19,3,3,2026-09-19T00:07:00Z,2026-09-19T00:08:00Z,5,8,56944,2026-09-19T00:06:00Z,False,False,ORI,False,False,LKSDB-1,T_LKSDB-1
BOALF,2026-09-19,3,4,2026-09-19T00:05:00Z,2026-09-19T00:31:00Z,5,5,56942,2026-09-18T23:59:00Z,False,False,ORI,False,False,LKSDB-1,T_LKSDB-1
BOALF,2026-09-19,3,3,2026-09-19T00:04:00Z,2026-09-19T00:05:00Z,0,5,56942,2026-09-18T23:59:00Z,False,False,ORI,False,False,LKSDB-1,T_LKSDB-1
BOALF,2026-09-19,3,3,2026-09-19T00:00:00Z,2026-09-19T00:18:00Z,0,0,56941,2026-09-18T23:41:00Z,False,False,ORI,False,False,LKSDB-1,T_LKSDB-1
BOALF,2026-09-19,2,3,2026-09-18T23:54:00Z,2026-09-19T00:00:00Z,0,0,56940,2026-09-18T23:36:00Z,False,False,ORI,False,False,LKSDB-1,T_LKSDB-1
BOALF,2026-09-19,2,2,2026-09-18T23:54:00Z,2026-09-18T23:55:00Z,0,-1,56939,2026-09-18T23:28:00Z,False,False,ORI,False,False,LKSDB-1,T_LKSDB-1
BOALF,2026-09-19,2,2,2026-09-18T23:42:00Z,2026-09-18T23:54:00Z,0,0,56939,2026-09-18T23:28:00Z,False,False,ORI,False,False,LKSDB-1,T_LKSDB-1
BOALF,2026-09-19,2,2,2026-09-18T23:42:00Z,2026-09-18T23:43:00Z,0,-1,56938,2026-09-18T23:18:00Z,False,False,ORI,False,False,LKSDB-1,T_LKSDB-1
BOALF,2026-09-19,2,2,2026-09-18T23:39:00Z,2026-09-18T23:42:00Z,0,0,56938,2026-09-18T23:18:00Z,False,False,ORI,False,False,LKSDB-1,T_LKSDB-1
BOALF,2026-09-19,2,2,2026-09-18T23:39:00Z,2026-09-18T23:40:00Z,0,-1,56937,2026-09-18T23:02:00Z,False,False,ORI,False,False,LKSDB-1,T_LKSDB-1
BOALF,2026-09-19,1,2,2026-09-18T23:26:00Z,2026-09-18T23:39:00Z,0,0,56937,2026-09-18T23:02:00Z,False,False,ORI,False,False,LKSDB-1,T_LKSDB-1
BOALF,2026-09-19,1,1,2026-09-18T23:26:00Z,2026-09-18T23:27:00Z,0,-1,56936,2026-09-18T22:46:00Z,False,False,ORI,False,False,LKSDB-1,T_LKSDB-1
BOALF,2026-09-19,1,1,2026-09-18T23:14:00Z,2026-09-18T23:26:00Z,0,0,56936,2026-09-18T22:46:00Z,False,False,ORI,False,False,LKSDB-1,T_LKSDB-1
BOALF,2026-09-19,1,1,2026-09-18T23:14:00Z,2026-09-18T23:15:00Z,0,-1,56935,2026-09-18T22:41:00Z,False,False,ORI,False,False,LKSDB-1,T_LKSDB-1
BOALF,2026-09-18,48,1,2026-09-18T22:57:00Z,2026-09-18T23:14:00Z,0,0,56935,2026-09-18T22:41:00Z,False,False,ORI,False,False,LKSDB-1,T_LKSDB-1
BOALF,2026-09-18,48,48,2026-09-18T22:57:00Z,2026-09-18T22:58:00Z,0,-1,56934,2026-09-18T22:35:00Z,False,False,ORI,False,False,LKSDB-1,T_LKSDB-1
BOALF,2026-09-18,48,48,2026-09-18T22:52:00Z,2026-09-18T22:57:00Z,0,0,56934,2026-09-18T22:35:00Z,False,False,ORI,False,False,LKSDB-1,T_LKSDB-1
BOALF,2026-09-18,48,48,2026-09-18T22:52:00Z,2026-09-18T22:53:00Z,0,-1,56933,2026-09-18T22:29:00Z,False,False,ORI,False,False,LKSDB-1,T_LKSDB-1
BOALF,2026-09-18,48,48,2026-09-18T22:49:00Z,2026-09-18T22:52:00Z,0,0,56933,2026-09-18T22:29:00Z,False,False,ORI,False,False,LKSDB-1,T_LKSDB-1
BOALF,2026-09-18,48,48,2026-09-18T22:49:00Z,2026-09-18T22:50:00Z,0,-1,56932,2026-09-18T22:25:00Z,False,False,ORI,False,False,LKSDB-1,T_LKSDB-1
BOALF,2026-09-18,48,48,2026-09-18T22:44:00Z,2026-09-18T22:49:00Z,0,0,56932,2026-09-18T22:25:00Z,False,False,ORI,False,False,LKSDB-1,T_LKSDB-1
BOALF,2026-09-18,48,48,2026-09-18T22:43:00Z,2026-09-18T22:44:00Z,-1,0,56932,2026-09-18T22:25:00Z,False,False,ORI,False,False,LKSDB-1,T_LKSDB-1
BOALF,2026-09-18,47,47,2026-09-18T22:23:00Z,2026-09-18T22:24:00Z,15,0,56930,2026-09-18T22:01:00Z,False,False,ORI,False,False,LKSDB-1,T_LKSDB-1
BOALF,2026-09-18,47,47,2026-09-18T22:11:00Z,2026-09-18T22:23:00Z,15,15,56930,2026-09-18T22:01:00Z,False,False,ORI,False,False,LKSDB-1,T_LKSDB-1
BOALF,2026-09-18,47,47,2026-09-18T22:11:00Z,2026-09-18T22:12:00Z,15,0,56929,2026-09-18T21:55:00Z,False,False,ORI,False,False,LKSDB-1,T_LKSDB-1
BOALF,2026-09-18,47,47,2026-09-18T22:08:00Z,2026-09-18T22:11:00Z,15,15,56929,2026-09-18T21:55:00Z,False,False,ORI,False,False,LKSDB-1,T_LKSDB-1
BOALF,2026-09-18,47,47,2026-09-18T22:08:00Z,2026-09-18T22:09:00Z,15,0,56928,2026-09-18T21:53:00Z,False,False,ORI,False,False,LKSDB-1,T_LKSDB-1
BOALF,2026-09-18,47,47,2026-09-18T22:02:00Z,2026-09-18T22:08:00Z,15,15,56928,2026-09-18T21:53:00Z,False,False,ORI,False,False,LKSDB-1,T_LKSDB-1
BOALF,2026-09-18,47,47,2026-09-18T22:01:00Z,2026-09-18T22:02:00Z,11,0,56925,2026-09-18T21:32:00Z,False,False,ORI,False,False,LKSDB-1,T_LKSDB-1
BOALF,2026-09-18,47,47,2026-09-18T22:01:00Z,2026-09-18T22:02:00Z,11,15,56928,2026-09-18T21:53:00Z,False,False,ORI,False,False,LKSDB-1,T_LKSDB-1
BOALF,2026-09-18,46,47,2026-09-18T21:58:00Z,2026-09-18T22:01:00Z,11,11,56925,2026-09-18T21:32:00Z,False,False,ORI,False,False,LKSDB-1,T_LKSDB-1
BOALF,2026-09-18,46,46,2026-09-18T21:57:00Z,2026-09-18T21:58:00Z,0,11,56925,2026-09-18T21:32:00Z,False,False,ORI,False,False,LKSDB-1,T_LKSDB-1
BOALF,2026-09-18,46,46,2026-09-18T21:57:00Z,2026-09-18T21:58:00Z,11,11,56926,2026-09-18T21:35:00Z,False,False,ORI,False,False,LKSDB-1,T_LKSDB-1
BOALF,2026-09-18,46,46,2026-09-18T21:56:00Z,2026-09-18T21:57:00Z,0,11,56926,2026-09-18T21:35:00Z,False,False,ORI,False,False,LKSDB-1,T_LKSDB-1
BOALF,2026-09-18,46,46,2026-09-18T21:56:00Z,2026-09-18T21:57:00Z,15,11,56927,2026-09-18T21:52:00Z,False,False,ORI,False,False,LKSDB-1,T_LKSDB-1
BOALF,2026-09-18,46,46,2026-09-18T21:54:00Z,2026-09-18T21:56:00Z,15,15,56927,2026-09-18T21:52:00Z,False,False,ORI,False,False,LKSDB-1,T_LKSDB-1
BOALF,2026-09-18,46,46,2026-09-18T21:53:00Z,2026-09-18T21:54:00Z,0,15,56927,2026-09-18T21:52:00Z,False,False,ORI,False,False,LKSDB-1,T_LKSDB-1
BOALF,2026-09-18,46,46,2026-09-18T21:35:00Z,2026-09-18T21:36:00Z,9,0,56924,2026-09-18T21:30:00Z,False,False,ORI,False,False,LKSDB-1,T_LKSDB-1
BOALF,2026-09-18,46,46,2026-09-18T21:33:00Z,2026-09-18T21:34:00Z,1,0,56923,2026-09-18T21:28:00Z,False,False,ORI,False,False,LKSDB-1,T_LKSDB-1
BOALF,2026-09-18,46,46,2026-09-18T21:32:00Z,2026-09-18T21:35:00Z,9,9,56924,2026-09-18T21:30:00Z,False,False,ORI,False,False,LKSDB-1,T_LKSDB-1
BOALF,2026-09-18,46,46,2026-09-18T21:31:00Z,2026-09-18T21:33:00Z,1,1,56923,2026-09-18T21:28:00Z,False,False,ORI,False,False,LKSDB-1,T_LKSDB-1
BOALF,2026-09-18,46,46,2026-09-18T21:31:00Z,2026-09-18T21:32:00Z,1,9,56924,2026-09-18T21:30:00Z,False,False,ORI,False,False,LKSDB-1,T_LKSDB-1
BOALF,2026-09-18,46,46,2026-09-18T21:30:00Z,2026-09-18T21:31:00Z,0,1,56923,2026-09-18T21:28:00Z,False,False,ORI,False,False,LKSDB-1,T_LKSDB-1
BOALF,2026-09-18,45,45,2026-09-18T21:27:00Z,2026-09-18T21:28:00Z,35,0,56922,2026-09-18T21:16:00Z,False,False,ORI,False,False,LKSDB-1,T_LKSDB-1
BOALF,2026-09-18,45,45,2026-09-18T21:25:00Z,2026-09-18T21:27:00Z,35,35,56922,2026-09-18T21:16:00Z,False,False,ORI,False,False,LKSDB-1,T_LKSDB-1
BOALF,2026-09-18,45,45,2026-09-18T21:24:00Z,2026-09-18T21:25:00Z,49,0,56921,2026-09-18T21:15:00Z,False,False,ORI,False,False,LKSDB-1,T_LKSDB-1
BOALF,2026-09-18,45,45,2026-09-18T21:24:00Z,2026-09-18T21:25:00Z,49,35,56922,2026-09-18T21:16:00Z,False,False,ORI,False,False,LKSDB-1,T_LKSDB-1
BOALF,2026-09-18,45,45,2026-09-18T21:20:00Z,2026-09-18T21:24:00Z,49,49,56921,2026-09-18T21:15:00Z,False,False,ORI,False,False,LKSDB-1,T_LKSDB-1
BOALF,2026-09-18,45,45,2026-09-18T21:20:00Z,2026-09-18T21:21:00Z,49,0,56920,2026-09-18T21:13:00Z,False,False,ORI,False,False,LKSDB-1,T_LKSDB-1
BOALF,2026-09-18,45,45,2026-09-18T21:17:00Z,2026-09-18T21:20:00Z,49,49,56920,2026-09-18T21:13:00Z,False,False,ORI,False,False,LKSDB-1,T_LKSDB-1
BOALF,2026-09-18,45,45,2026-09-18T21:17:00Z,2026-09-18T21:18:00Z,49,0,56919,2026-09-18T20:58:00Z,False,False,ORI,False,False,LKSDB-1,T_LKSDB-1
BOALF,2026-09-18,45,45,2026-09-18T21:10:00Z,2026-09-18T21:17:00Z,49,49,56919,2026-09-18T20:58:00Z,False,False,ORI,False,False,LKSDB-1,T_LKSDB-1
BOALF,2026-09-18,45,45,2026-09-18T21:10:00Z,2026-09-18T21:11:00Z,49,0,56918,2026-09-18T20:44:00Z,False,False,ORI,False,False,LKSDB-1,T_LKSDB-1
BOALF,2026-09-18,44,45,2026-09-18T20:59:00Z,2026-09-18T21:10:00Z,49,49,56918,2026-09-18T20:44:00Z,False,False,ORI,False,False,LKSDB-1,T_LKSDB-1
BOALF,2026-09-18,44,45,2026-09-18T20:59:00Z,2026-09-18T21:00:00Z,49,0,56917,2026-09-18T20:39:00Z,False,False,ORI,False,False,LKSDB-1,T_LKSDB-1
BOALF,2026-09-18,44,44,2026-09-18T20:45:00Z,2026-09-18T20:59:00Z,49,49,56917,2026-09-18T20:39:00Z,False,False,ORI,False,False,LKSDB-1,T_LKSDB-1
BOALF,2026-09-18,44,44,2026-09-18T20:44:00Z,2026-09-18T20:45:00Z,26,49,56917,2026-09-18T20:39:00Z,False,False,ORI,False,False,LKSDB-1,T_LKSDB-1
BOALF,2026-09-18,44,44,2026-09-18T20:34:00Z,2026-09-18T20:35:00Z,49,26,56916,2026-09-18T20:23:00Z,False,False,ORI,False,False,LKSDB-1,T_LKSDB-1
BOALF,2026-09-18,44,44,2026-09-18T20:32:00Z,2026-09-18T20:34:00Z,49,49,56916,2026-09-18T20:23:00Z,False,False,ORI,False,False,LKSDB-1,T_LKSDB-1
BOALF,2026-09-18,44,44,2026-09-18T20:31:00Z,2026-09-18T20:32:00Z,26,49,56916,2026-09-18T20:23:00Z,False,False,ORI,False,False,LKSDB-1,T_LKSDB-1
BOALF,2026-09-18,39,39,2026-09-18T18:20:00Z,2026-09-18T18:21:00Z,0,76,56914,2026-09-18T17:47:00Z,False,False,ORI,False,False,LKSDB-1,T_LKSDB-1
BOALF,2026-09-18,39,39,2026-09-18T18:01:00Z,2026-09-18T18:20:00Z,0,0,56914,2026-09-18T17:47:00Z,False,False,ORI,False,False,LKSDB-1,T_LKSDB-1
BOALF,2026-09-18,39,39,2026-09-18T18:00:00Z,2026-09-18T18:01:00Z,5,76,56913,2026-09-18T17:46:00Z,False,False,ORI,False,False,LKSDB-1,T_LKSDB-1
BOALF,2026-09-18,39,39,2026-09-18T18:00:00Z,2026-09-18T18:01:00Z,5,0,56914,2026-09-18T17:47:00Z,False,False,ORI,False,False,LKSDB-1,T_LKSDB-1
BOALF,2026-09-18,38,39,2026-09-18T17:55:00Z,2026-09-18T18:00:00Z,5,5,56913,2026-09-18T17:46:00Z,False,False,ORI,False,False,LKSDB-1,T_LKSDB-1
BOALF,2026-09-18,38,38,2026-09-18T17:54:00Z,2026-09-18T17:55:00Z,69,70,56912,2026-09-18T17:45:00Z,False,False,ORI,False,False,LKSDB-1,T_LKSDB-1
BOALF,2026-09-18,38,38,2026-09-18T17:54:00Z,2026-09-18T17:55:00Z,69,5,56913,2026-09-18T17:46:00Z,False,False,ORI,False,False,LKSDB-1,T_LKSDB-1
BOALF,2026-09-18,38,38,2026-09-18T17:52:00Z,2026-09-18T17:55:00Z,5,5,56915,2026-09-18T17:50:00Z,False,False,ORI,False,False,LKSDB-1,T_LKSDB-1
BOALF,2026-09-18,38,38,2026-09-18T17:52:00Z,2026-09-18T17:54:00Z,69,69,56912,2026-09-18T17:45:00Z,False,False,ORI,False,False,LKSDB-1,T_LKSDB-1
BOALF,2026-09-18,38,38,2026-09-18T17:51:00Z,2026-09-18T17:52:00Z,70,69,56912,2026-09-18T17:45:00Z,False,False,ORI,False,False,LKSDB-1,T_LKSDB-1
BOALF,2026-09-18,38,38,2026-09-18T17:51:00Z,2026-09-18T17:52:00Z,70,5,56915,2026-09-18T17:50:00Z,False,False,ORI,False,False,LKSDB-1,T_LKSDB-1
BOALF,2026-09-18,37,37,2026-09-18T17:03:00Z,2026-09-18T17:04:00Z,2,70,56911,2026-09-18T16:45:00Z,False,False,ORI,False,False,LKSDB-1,T_LKSDB-1
BOALF,2026-09-18,37,37,2026-09-18T17:01:00Z,2026-09-18T17:03:00Z,2,2,56911,2026-09-18T16:45:00Z,False,False,ORI,False,False,LKSDB-1,T_LKSDB-1
BOALF,2026-09-18,37,37,2026-09-18T17:00:00Z,2026-09-18T17:01:00Z,23,2,56911,2026-09-18T16:45:00Z,False,False,ORI,False,False,LKSDB-1,T_LKSDB-1
BOALF,2026-09-18,33,33,2026-09-18T15:26:00Z,2026-09-18T15:27:00Z,-28,0,56910,2026-09-18T15:21:00Z,False,False,ORI,False,False,LKSDB-1,T_LKSDB-1
BOALF,2026-09-18,33,33,2026-09-18T15:24:00Z,2026-09-18T15:26:00Z,-28,-28,56910,2026-09-18T15:21:00Z,False,False,ORI,False,False,LKSDB-1,T_LKSDB-1
BOALF,2026-09-18,33,33,2026-09-18T15:24:00Z,2026-09-18T15:25:00Z,-28,0,56909,2026-09-18T14:50:00Z,False,False,ORI,False,False,LKSDB-1,T_LKSDB-1
BOALF,2026-09-18,32,33,2026-09-18T14:56:00Z,2026-09-18T15:24:00Z,-28,-28,56909,2026-09-18T14:50:00Z,False,False,ORI,False,False,LKSDB-1,T_LKSDB-1
BOALF,2026-09-18,32,32,2026-09-18T14:55:00Z,2026-09-18T14:56:00Z,0,-28,56909,2026-09-18T14:50:00Z,False,False,ORI,False,False,LKSDB-1,T_LKSDB-1
BOALF,2026-09-18,32,32,2026-09-18T14:45:00Z,2026-09-18T14:46:00Z,-12,0,56908,2026-09-18T14:35:00Z,False,False,ORI,False,False,LKSDB-1,T_LKSDB-1
BOALF,2026-09-18,32,32,2026-09-18T14:43:00Z,2026-09-18T14:45:00Z,-12,-12,56908,2026-09-18T14:35:00Z,False,False,ORI,False,False,LKSDB-1,T_LKSDB-1
BOALF,2026-09-18,32,32,2026-09-18T14:42:00Z,2026-09-18T14:43:00Z,-3,0,56907,2026-09-18T14:34:00Z,False,False,ORI,False,False,LKSDB-1,T_LKSDB-1
BOALF,2026-09-18,32,32,2026-09-18T14:42:00Z,2026-09-18T14:43:00Z,-3,-12,56908,2026-09-18T14:35:00Z,False,False,ORI,False,False,LKSDB-1,T_LKSDB-1
BOALF,2026-09-18,32,32,2026-09-18T14:40:00Z,2026-09-18T14:42:00Z,-3,-3,56907,2026-09-18T14:34:00Z,False,False,ORI,False,False,LKSDB-1,T_LKSDB-1
BOALF,2026-09-18,32,32,2026-09-18T14:39:00Z,2026-09-18T14:40:00Z,-16,0,56906,2026-09-18T14:33:00Z,False,False,ORI,False,False,LKSDB-1,T_LKSDB-1
BOALF,2026-09-18,32,32,2026-09-18T14:39:00Z,2026-09-18T14:40:00Z,-16,-3,56907,2026-09-18T14:34:00Z,False,False,ORI,False,False,LKSDB-1,T_LKSDB-1
BOALF,2026-09-18,32,32,2026-09-18T14:37:00Z,2026-09-18T14:39:00Z,-16,-16,56906,2026-09-18T14:33:00Z,False,False,ORI,False,False,LKSDB-1,T_LKSDB-1
BOALF,2026-09-18,32,32,2026-09-18T14:36:00Z,2026-09-18T14:37:00Z,0,-16,56906,2026-09-18T14:33:00Z,False,False,ORI,False,False,LKSDB-1,T_LKSDB-1
BOALF,2026-09-18,27,27,2026-09-18T12:02:00Z,2026-09-18T12:03:00Z,0,-80,56905,2026-09-18T11:47:00Z,False,False,ORI,False,False,LKSDB-1,T_LKSDB-1
BOALF,2026-09-18,27,27,2026-09-18T12:00:00Z,2026-09-18T12:02:00Z,0,0,56905,2026-09-18T11:47:00Z,False,False,ORI,False,False,LKSDB-1,T_LKSDB-1
BOALF,2026-09-18,27,27,2026-09-18T12:00:00Z,2026-09-18T12:01:00Z,0,-80,56904,2026-09-18T11:40:00Z,False,False,ORI,False,False,LKSDB-1,T_LKSDB-1
BOALF,2026-09-18,26,27,2026-09-18T11:59:00Z,2026-09-18T12:00:00Z,-72,-80,56902,2026-09-18T11:33:00Z,False,False,ORI,False,False,LKSDB-1,T_LKSDB-1
BOALF,2026-09-18,26,27,2026-09-18T11:59:00Z,2026-09-18T12:00:00Z,-49,-80,56903,2026-09-18T11:37:00Z,False,False,ORI,False,False,LKSDB-1,T_LKSDB-1
BOALF,2026-09-18,26,26,2026-09-18T11:56:00Z,2026-09-18T11:59:00Z,-72,-72,56902,2026-09-18T11:33:00Z,False,False,ORI,False,False,LKSDB-1,T_LKSDB-1
BOALF,2026-09-18,26,26,2026-09-18T11:56:00Z,2026-09-18T11:59:00Z,-49,-49,56903,2026-09-18T11:37:00Z,False,False,ORI,False,False,LKSDB-1,T_LKSDB-1
BOALF,2026-09-18,26,26,2026-09-18T11:55:00Z,2026-09-18T11:56:00Z,-80,-72,56902,2026-09-18T11:33:00Z,False,False,ORI,False,False,LKSDB-1,T_LKSDB-1
BOALF,2026-09-18,26,26,2026-09-18T11:55:00Z,2026-09-18T11:56:00Z,-80,-49,56903,2026-09-18T11:37:00Z,False,False,ORI,False,False,LKSDB-1,T_LKSDB-1
BOALF,2026-09-18,26,27,2026-09-18T11:51:00Z,2026-09-18T12:00:00Z,0,0,56904,2026-09-18T11:40:00Z,False,False,ORI,False,False,LKSDB-1,T_LKSDB-1
BOALF,2026-09-18,26,26,2026-09-18T11:51:00Z,2026-09-18T11:52:00Z,0,-80,56901,2026-09-18T11:30:00Z,False,False,ORI,False,False,LKSDB-1,T_LKSDB-1
BOALF,2026-09-18,26,26,2026-09-18T11:47:00Z,2026-09-18T11:48:00Z,-1,-80,56900,2026-09-18T11:28:00Z,False,False,ORI,False,False,LKSDB-1,T_LKSDB-1
BOALF,2026-09-18,26,26,2026-09-18T11:45:00Z,2026-09-18T11:47:00Z,-1,-1,56900,2026-09-18T11:28:00Z,False,False,ORI,False,False,LKSDB-1,T_LKSDB-1
BOALF,2026-09-18,26,26,2026-09-18T11:44:00Z,2026-09-18T11:45:00Z,-80,-1,56900,2026-09-18T11:28:00Z,False,False,ORI,False,False,LKSDB-1,T_LKSDB-1
BOALF,2026-09-18,26,26,2026-09-18T11:42:00Z,2026-09-18T11:51:00Z,0,0,56901,2026-09-18T11:30:00Z,False,False,ORI,False,False,LKSDB-1,T_LKSDB-1
BOALF,2026-09-18,26,26,2026-09-18T11:41:00Z,2026-09-18T11:42:00Z,8,0,56899,2026-09-18T11:16:00Z,False,False,ORI,False,False,LKSDB-1,T_LKSDB-1
BOALF,2026-09-18,25,26,2026-09-18T11:29:00Z,2026-09-18T11:41:00Z,8,8,56899,2026-09-18T11:16:00Z,False,False,ORI,False,False,LKSDB-1,T_LKSDB-1
BOALF,2026-09-18,25,26,2026-09-18T11:29:00Z,2026-09-18T11:30:00Z,0,-80,56896,2026-09-18T11:07:00Z,False,False,ORI,False,False,LKSDB-1,T_LKSDB-1
BOALF,2026-09-18,25,26,2026-09-18T11:29:00Z,2026-09-18T11:30:00Z,8,0,56898,2026-09-18T11:12:00Z,False,False,ORI,False,False,LKSDB-1,T_LKSDB-1
BOALF,2026-09-18,25,25,2026-09-18T11:21:00Z,2026-09-18T11:29:00Z,8,8,56898,2026-09-18T11:12:00Z,False,False,ORI,False,False,LKSDB-1,T_LKSDB-1
BOALF,2026-09-18,25,25,2026-09-18T11:21:00Z,2026-09-18T11:22:00Z,8,0,56897,2026-09-18T11:09:00Z,False,False,ORI,False,False,LKSDB-1,T_LKSDB-1
BOALF,2026-09-18,25,25,2026-09-18T11:20:00Z,2026-09-18T11:29:00Z,0,0,56896,2026-09-18T11:07:00Z,False,False,ORI,False,False,LKSDB-1,T_LKSDB-1
BOALF,2026-09-18,25,25,2026-09-18T11:20:00Z,2026-09-18T11:21:00Z,0,-80,56892,2026-09-18T10:55:00Z,False,False,ORI,False,False,LKSDB-1,T_LKSDB-1
BOALF,2026-09-18,25,25,2026-09-18T11:19:00Z,2026-09-18T11:20:00Z,0,-80,56891,2026-09-18T10:49:00Z,False,False,ORI,False,False,LKSDB-1,T_LKSDB-1
BOALF,2026-09-18,25,25,2026-09-18T11:19:00Z,2026-09-18T11:20:00Z,0,0,56892,2026-09-18T10:55:00Z,False,False,ORI,False,False,LKSDB-1,T_LKSDB-1
BOALF,2026-09-18,25,25,2026-09-18T11:16:00Z,2026-09-18T11:21:00Z,8,8,56897,2026-09-18T11:09:00Z,False,False,ORI,False,False,LKSDB-1,T_LKSDB-1
BOALF,2026-09-18,25,25,2026-09-18T11:16:00Z,2026-09-18T11:17:00Z,-4,-80,56890,2026-09-18T10:46:00Z,False,False,ORI,False,False,LKSDB-1,T_LKSDB-1
BOALF,2026-09-18,25,25,2026-09-18T11:16:00Z,2026-09-18T11:17:00Z,6,0,56893,2026-09-18T10:56:00Z,False,False,ORI,False,False,LKSDB-1,T_LKSDB-1
BOALF,2026-09-18,25,25,2026-09-18T11:16:00Z,2026-09-18T11:17:00Z,8,0,56895,2026-09-18T11:05:00Z,False,False,ORI,False,False,LKSDB-1,T_LKSDB-1
BOALF,2026-09-18,25,25,2026-09-18T11:15:00Z,2026-09-18T11:16:00Z,8,6,56894,2026-09-18T10:57:00Z,False,False,ORI,False,False,LKSDB-1,T_LKSDB-1
BOALF,2026-09-18,25,25,2026-09-18T11:15:00Z,2026-09-18T11:16:00Z,8,8,56895,2026-09-18T11:05:00Z,False,False,ORI,False,False,LKSDB-1,T_LKSDB-1
BOALF,2026-09-18,25,25,2026-09-18T11:01:00Z,2026-09-18T11:15:00Z,8,8,56894,2026-09-18T10:57:00Z,False,False,ORI,False,False,LKSDB-1,T_LKSDB-1
BOALF,2026-09-18,25,25,2026-09-18T11:00:00Z,2026-09-18T11:16:00Z,6,6,56893,2026-09-18T10:56:00Z,False,False,ORI,False,False,LKSDB-1,T_LKSDB-1
BOALF,2026-09-18,25,25,2026-09-18T11:00:00Z,2026-09-18T11:01:00Z,6,8,56894,2026-09-18T10:57:00Z,False,False,ORI,False,False,LKSDB-1,T_LKSDB-1
BOALF,2026-09-18,24,25,2026-09-18T10:59:00Z,2026-09-18T11:19:00Z,0,0,56891,2026-09-18T10:49:00Z,False,False,ORI,False,False,LKSDB-1,T_LKSDB-1
BOALF,2026-09-18,24,25,2026-09-18T10:59:00Z,2026-09-18T11:16:00Z,-4,-4,56890,2026-09-18T10:46:00Z,False,False,ORI,False,False,LKSDB-1,T_LKSDB-1
BOALF,2026-09-18,24,25,2026-09-18T10:59:00Z,2026-09-18T11:00:00Z,0,6,56893,2026-09-18T10:56:00Z,False,False,ORI,False,False,LKSDB-1,T_LKSDB-1
BOALF,2026-09-18,24,24,2026-09-18T10:58:00Z,2026-09-18T10:59:00Z,-22,-4,56890,2026-09-18T10:46:00Z,False,False,ORI,False,False,LKSDB-1,T_LKSDB-1
BOALF,2026-09-18,24,24,2026-09-18T10:58:00Z,2026-09-18T10:59:00Z,-22,0,56891,2026-09-18T10:49:00Z,False,False,ORI,False,False,LKSDB-1,T_LKSDB-1
BOALF,2026-09-18,24,24,2026-09-18T10:54:00Z,2026-09-18T10:55:00Z,10,0,56889,2026-09-18T10:31:00Z,False,False,ORI,False,False,LKSDB-1,T_LKSDB-1
BOALF,2026-09-18,24,24,2026-09-18T10:51:00Z,2026-09-18T10:52:00Z,0,-22,56886,2026-09-18T10:24:00Z,False,False,ORI,False,False,LKSDB-1,T_LKSDB-1
BOALF,2026-09-18,24,24,2026-09-18T10:50:00Z,2026-09-18T10:54:00Z,10,10,56889,2026-09-18T10:31:00Z,False,False,ORI,False,False,LKSDB-1,T_LKSDB-1
BOALF,2026-09-18,24,24,2026-09-18T10:49:00Z,2026-09-18T10:50:00Z,0,10,56889,2026-09-18T10:31:00Z,False,False,ORI,False,False,LKSDB-1,T_LKSDB-1
BOALF,2026-09-18,24,24,2026-09-18T10:47:00Z,2026-09-18T10:51:00Z,0,0,56886,2026-09-18T10:24:00Z,False,False,ORI,False,False,LKSDB-1,T_LKSDB-1
BOALF,2026-09-18,24,24,2026-09-18T10:47:00Z,2026-09-18T10:48:00Z,0,-22,56885,2026-09-18T10:22:00Z,False,False,ORI,False,False,LKSDB-1,T_LKSDB-1
BOALF,2026-09-18,24,24,2026-09-18T10:37:00Z,2026-09-18T10:38:00Z,10,0,56888,2026-09-18T10:29:00Z,False,False,ORI,False,False,LKSDB-1,T_LKSDB-1
BOALF,2026-09-18,24,24,2026-09-18T10:36:00Z,2026-09-18T10:37:00Z,10,0,56887,2026-09-18T10:26:00Z,False,False,ORI,False,False,LKSDB-1,T_LKSDB-1
BOALF,2026-09-18,24,24,2026-09-18T10:36:00Z,2026-09-18T10:37:00Z,10,10,56888,2026-09-18T10:29:00Z,False,False,ORI,False,False,LKSDB-1,T_LKSDB-1
BOALF,2026-09-18,24,24,2026-09-18T10:32:00Z,2026-09-18T10:36:00Z,10,10,56887,2026-09-18T10:26:00Z,False,False,ORI,False,False,LKSDB-1,T_LKSDB-1
BOALF,2026-09-18,24,24,2026-09-18T10:31:00Z,2026-09-18T10:32:00Z,0,10,56887,2026-09-18T10:26:00Z,False,False,ORI,False,False,LKSDB-1,T_LKSDB-1
BOALF,2026-09-18,24,24,2026-09-18T10:30:00Z,2026-09-18T10:47:00Z,0,0,56885,2026-09-18T10:22:00Z,False,False,ORI,False,False,LKSDB-1,T_LKSDB-1
BOALF,2026-09-18,24,24,2026-09-18T10:30:00Z,2026-09-18T10:31:00Z,0,-22,56884,2026-09-18T10:00:00Z,False,False,ORI,False,False,LKSDB-1,T_LKSDB-1
BOALF,2026-09-18,23,24,2026-09-18T10:27:00Z,2026-09-18T10:30:00Z,0,0,56884,2026-09-18T10:00:00Z,False,False,ORI,False,False,LKSDB-1,T_LKSDB-1
BOALF,2026-09-18,23,23,2026-09-18T10:27:00Z,2026-09-18T10:28:00Z,0,-12,56883,2026-09-18T09:51:00Z,False,False,ORI,False,False,LKSDB-1,T_LKSDB-1
BOALF,2026-09-18,23,23,2026-09-18T10:20:00Z,2026-09-18T10:27:00Z,0,0,56883,2026-09-18T09:51:00Z,False,False,ORI,False,False,LKSDB-1,T_LKSDB-1
BOALF,2026-09-18,23,23,2026-09-18T10:20:00Z,2026-09-18T10:21:00Z,0,-12,56882,2026-09-18T09:47:00Z,False,False,ORI,False,False,LKSDB-1,T_LKSDB-1
BOALF,2026-09-18,23,23,2026-09-18T10:12:00Z,2026-09-18T10:20:00Z,0,0,56882,2026-09-18T09:47:00Z,False,False,ORI,False,False,LKSDB-1,T_LKSDB-1
BOALF,2026-09-18,23,23,2026-09-18T10:12:00Z,2026-09-18T10:13:00Z,0,-12,56881,2026-09-18T09:41:00Z,False,False,ORI,False,False,LKSDB-1,T_LKSDB-1
BOALF,2026-09-18,23,23,2026-09-18T10:04:00Z,2026-09-18T10:12:00Z,0,0,56881,2026-09-18T09:41:00Z,False,False,ORI,False,False,LKSDB-1,T_LKSDB-1
BOALF,2026-09-18,23,23,2026-09-18T10:04:00Z,2026-09-18T10:05:00Z,0,-12,56880,2026-09-18T09:39:00Z,False,False,ORI,False,False,LKSDB-1,T_LKSDB-1
BOALF,2026-09-18,23,23,2026-09-18T10:01:00Z,2026-09-18T10:04:00Z,0,0,56880,2026-09-18T09:39:00Z,False,False,ORI,False,False,LKSDB-1,T_LKSDB-1
BOALF,2026-09-18,23,23,2026-09-18T10:01:00Z,2026-09-18T10:02:00Z,0,-12,56879,2026-09-18T09:35:00Z,False,False,ORI,False,False,LKSDB-1,T_LKSDB-1
BOALF,2026-09-18,23,23,2026-09-18T10:00:00Z,2026-09-18T10:01:00Z,0,0,56879,2026-09-18T09:35:00Z,False,False,ORI,False,False,LKSDB-1,T_LKSDB-1
BOALF,2026-09-18,20,20,2026-09-18T08:47:00Z,2026-09-18T08:48:00Z,66,1,56878,2026-09-18T08:31:00Z,False,False,ORI,False,False,LKSDB-1,T_LKSDB-1
BOALF,2026-09-18,20,20,2026-09-18T08:43:00Z,2026-09-18T08:47:00Z,66,66,56878,2026-09-18T08:31:00Z,False,False,ORI,False,False,LKSDB-1,T_LKSDB-1
BOALF,2026-09-18,20,20,2026-09-18T08:43:00Z,2026-09-18T08:44:00Z,66,1,56877,2026-09-18T08:18:00Z,False,False,ORI,False,False,LKSDB-1,T_LKSDB-1
BOALF,2026-09-18,20,20,2026-09-18T08:31:00Z,2026-09-18T08:43:00Z,66,66,56877,2026-09-18T08:18:00Z,False,False,ORI,False,False,LKSDB-1,T_LKSDB-1
BOALF,2026-09-18,20,20,2026-09-18T08:30:00Z,2026-09-18T08:31:00Z,0,66,56877,2026-09-18T08:18:00Z,False,False,ORI,False,False,LKSDB-1,T_LKSDB-1
BOALF,2026-09-18,19,19,2026-09-18T08:21:00Z,2026-09-18T08:22:00Z,67,66,56876,2026-09-18T08:14:00Z,False,False,ORI,False,False,LKSDB-1,T_LKSDB-1
BOALF,2026-09-18,19,19,2026-09-18T08:17:00Z,2026-09-18T08:21:00Z,67,67,56876,2026-09-18T08:14:00Z,False,False,ORI,False,False,LKSDB-1,T_LKSDB-1
BOALF,2026-09-18,19,19,2026-09-18T08:16:00Z,2026-09-18T08:17:00Z,66,67,56876,2026-09-18T08:14:00Z,False,False,ORI,False,False,LKSDB-1,T_LKSDB-1
BOALF,2026-09-18,19,19,2026-09-18T08:13:00Z,2026-09-18T08:14:00Z,74,66,56875,2026-09-18T08:09:00Z,False,False,ORI,False,False,LKSDB-1,T_LKSDB-1
BOALF,2026-09-18,19,19,2026-09-18T08:12:00Z,2026-09-18T08:13:00Z,74,66,56874,2026-09-18T08:07:00Z,False,False,ORI,False,False,LKSDB-1,T_LKSDB-1
BOALF,2026-09-18,19,19,2026-09-18T08:12:00Z,2026-09-18T08:13:00Z,74,74,56875,2026-09-18T08:09:00Z,False,False,ORI,False,False,LKSDB-1,T_LKSDB-1
BOALF,2026-09-18,19,19,2026-09-18T08:10:00Z,2026-09-18T08:12:00Z,74,74,56874,2026-09-18T08:07:00Z,False,False,ORI,False,False,LKSDB-1,T_LKSDB-1
BOALF,2026-09-18,19,19,2026-09-18T08:09:00Z,2026-09-18T08:10:00Z,66,74,56874,2026-09-18T08:07:00Z,False,False,ORI,False,False,LKSDB-1,T_LKSDB-1
BOALF,2026-09-18,19,19,2026-09-18T08:00:00Z,2026-09-18T08:01:00Z,13,66,56873,2026-09-18T07:51:00Z,False,False,ORI,False,False,LKSDB-1,T_LKSDB-1
BOALF,2026-09-18,18,19,2026-09-18T07:58:00Z,2026-09-18T08:00:00Z,13,13,56873,2026-09-18T07:51:00Z,False,False,ORI,False,False,LKSDB-1,T_LKSDB-1
BOALF,2026-09-18,18,18,2026-09-18T07:57:00Z,2026-09-18T07:58:00Z,74,13,56873,2026-09-18T07:51:00Z,False,False,ORI,False,False,LKSDB-1,T_LKSDB-1
BOALF,2026-09-18,18,18,2026-09-18T07:54:00Z,2026-09-18T07:55:00Z,0,74,56872,2026-09-18T07:49:00Z,False,False,ORI,False,False,LKSDB-1,T_LKSDB-1
BOALF,2026-09-18,18,18,2026-09-18T07:52:00Z,2026-09-18T07:54:00Z,0,0,56872,2026-09-18T07:49:00Z,False,False,ORI,False,False,LKSDB-1,T_LKSDB-1
BOALF,2026-09-18,18,18,2026-09-18T07:51:00Z,2026-09-18T07:52:00Z,74,0,56872,2026-09-18T07:49:00Z,False,False,ORI,False,False,LKSDB-1,T_LKSDB-1
BOALF,2026-09-18,17,17,2026-09-18T07:00:00Z,2026-09-18T07:01:00Z,-5,0,56871,2026-09-18T06:39:00Z,False,False,ORI,False,False,LKSDB-1,T_LKSDB-1
BOALF,2026-09-18,16,16,2026-09-18T06:55:00Z,2026-09-18T06:56:00Z,-1,0,56870,2026-09-18T06:32:00Z,False,False,ORI,False,False,LKSDB-1,T_LKSDB-1
BOALF,2026-09-18,16,16,2026-09-18T06:53:00Z,2026-09-18T06:55:00Z,-1,-1,56870,2026-09-18T06:32:00Z,False,False,ORI,False,False,LKSDB-1,T_LKSDB-1
BOALF,2026-09-18,16,17,2026-09-18T06:52:00Z,2026-09-18T07:00:00Z,-5,-5,56871,2026-09-18T06:39:00Z,False,False,ORI,False,False,LKSDB-1,T_LKSDB-1
BOALF,2026-09-18,16,16,2026-09-18T06:52:00Z,2026-09-18T06:53:00Z,-5,0,56869,2026-09-18T06:31:00Z,False,False,ORI,False,False,LKSDB-1,T_LKSDB-1
BOALF,2026-09-18,16,16,2026-09-18T06:52:00Z,2026-09-18T06:53:00Z,-5,-1,56870,2026-09-18T06:32:00Z,False,False,ORI,False,False,LKSDB-1,T_LKSDB-1
BOALF,2026-09-18,16,16,2026-09-18T06:49:00Z,2026-09-18T06:52:00Z,-5,-5,56869,2026-09-18T06:31:00Z,False,False,ORI,False,False,LKSDB-1,T_LKSDB-1
BOALF,2026-09-18,16,16,2026-09-18T06:49:00Z,2026-09-18T06:50:00Z,0,74,56867,2026-09-18T06:28:00Z,False,False,ORI,False,False,LKSDB-1,T_LKSDB-1
BOALF,2026-09-18,16,16,2026-09-18T06:49:00Z,2026-09-18T06:50:00Z,-5,0,56868,2026-09-18T06:29:00Z,False,False,ORI,False,False,LKSDB-1,T_LKSDB-1
BOALF,2026-09-18,16,16,2026-09-18T06:47:00Z,2026-09-18T06:49:00Z,0,0,56867,2026-09-18T06:28:00Z,False,False,ORI,False,False,LKSDB-1,T_LKSDB-1
BOALF,2026-09-18,16,16,2026-09-18T06:46:00Z,2026-09-18T06:49:00Z,-5,-5,56868,2026-09-18T06:29:00Z,False,False,ORI,False,False,LKSDB-1,T_LKSDB-1
BOALF,2026-09-18,16,16,2026-09-18T06:46:00Z,2026-09-18T06:47:00Z,0,74,56865,2026-09-18T06:25:00Z,False,False,ORI,False,False,LKSDB-1,T_LKSDB-1
BOALF,2026-09-18,16,16,2026-09-18T06:46:00Z,2026-09-18T06:47:00Z,-5,0,56866,2026-09-18T06:27:00Z,False,False,ORI,False,False,LKSDB-1,T_LKSDB-1
BOALF,2026-09-18,16,16,2026-09-18T06:43:00Z,2026-09-18T06:46:00Z,0,0,56865,2026-09-18T06:25:00Z,False,False,ORI,False,False,LKSDB-1,T_LKSDB-1
BOALF,2026-09-18,16,16,2026-09-18T06:42:00Z,2026-09-18T06:46:00Z,-5,-5,56866,2026-09-18T06:27:00Z,False,False,ORI,False,False,LKSDB-1,T_LKSDB-1
BOALF,2026-09-18,16,16,2026-09-18T06:42:00Z,2026-09-18T06:43:00Z,-5,0,56864,2026-09-18T06:24:00Z,False,False,ORI,False,False,LKSDB-1,T_LKSDB-1
BOALF,2026-09-18,16,16,2026-09-18T06:34:00Z,2026-09-18T06:35:00Z,0,74,56859,2026-09-18T06:12:00Z,False,False,ORI,False,False,LKSDB-1,T_LKSDB-1
BOALF,2026-09-18,16,16,2026-09-18T06:32:00Z,2026-09-18T06:42:00Z,-5,-5,56864,2026-09-18T06:24:00Z,False,False,ORI,False,False,LKSDB-1,T_LKSDB-1
BOALF,2026-09-18,16,16,2026-09-18T06:32:00Z,2026-09-18T06:34:00Z,0,0,56859,2026-09-18T06:12:00Z,False,False,ORI,False,False,LKSDB-1,T_LKSDB-1
BOALF,2026-09-18,16,16,2026-09-18T06:32:00Z,2026-09-18T06:33:00Z,-5,0,56863,2026-09-18T06:22:00Z,False,False,ORI,False,False,LKSDB-1,T_LKSDB-1
BOALF,2026-09-18,16,16,2026-09-18T06:31:00Z,2026-09-18T06:32:00Z,-2,0,56860,2026-09-18T06:13:00Z,False,False,ORI,False,False,LKSDB-1,T_LKSDB-1
BOALF,2026-09-18,16,16,2026-09-18T06:30:00Z,2026-09-18T06:32:00Z,-5,-5,56863,2026-09-18T06:22:00Z,False,False,ORI,False,False,LKSDB-1,T_LKSDB-1
BOALF,2026-09-18,15,16,2026-09-18T06:29:00Z,2026-09-18T06:30:00Z,-3,-2,56862,2026-09-18T06:21:00Z,False,False,ORI,False,False,LKSDB-1,T_LKSDB-1
BOALF,2026-09-18,15,16,2026-09-18T06:29:00Z,2026-09-18T06:30:00Z,-3,-5,56863,2026-09-18T06:22:00Z,False,False,ORI,False,False,LKSDB-1,T_LKSDB-1
BOALF,2026-09-18,15,16,2026-09-18T06:28:00Z,2026-09-18T06:31:00Z,-2,-2,56860,2026-09-18T06:13:00Z,False,False,ORI,False,False,LKSDB-1,T_LKSDB-1
BOALF,2026-09-18,15,15,2026-09-18T06:27:00Z,2026-09-18T06:28:00Z,0,35,56858,2026-09-18T06:11:00Z,False,False,ORI,False,False,LKSDB-1,T_LKSDB-1
BOALF,2026-09-18,15,15,2026-09-18T06:27:00Z,2026-09-18T06:28:00Z,0,-2,56860,2026-09-18T06:13:00Z,False,False,ORI,False,False,LKSDB-1,T_LKSDB-1
BOALF,2026-09-18,15,15,2026-09-18T06:26:00Z,2026-09-18T06:29:00Z,-3,-3,56862,2026-09-18T06:21:00Z,False,False,ORI,False,False,LKSDB-1,T_LKSDB-1
BOALF,2026-09-18,15,15,2026-09-18T06:25:00Z,2026-09-18T06:26:00Z,-1,0,56861,2026-09-18T06:20:00Z,False,False,ORI,False,False,LKSDB-1,T_LKSDB-1
BOALF,2026-09-18,15,15,2026-09-18T06:25:00Z,2026-09-18T06:26:00Z,-1,-3,56862,2026-09-18T06:21:00Z,False,False,ORI,False,False,LKSDB-1,T_LKSDB-1
BOALF,2026-09-18,15,15,2026-09-18T06:23:00Z,2026-09-18T06:27:00Z,0,0,56858,2026-09-18T06:11:00Z,False,False,ORI,False,False,LKSDB-1,T_LKSDB-1
BOALF,2026-09-18,15,15,2026-09-18T06:23:00Z,2026-09-18T06:25:00Z,-1,-1,56861,2026-09-18T06:20:00Z,False,False,ORI,False,False,LKSDB-1,T_LKSDB-1
BOALF,2026-09-18,15,15,2026-09-18T06:22:00Z,2026-09-18T06:23:00Z,-5,0,56857,2026-09-18T05:57:00Z,False,False,ORI,False,False,LKSDB-1,T_LKSDB-1
BOALF,2026-09-18,15,15,2026-09-18T06:22:00Z,2026-09-18T06:23:00Z,-5,-1,56861,2026-09-18T06:20:00Z,False,False,ORI,False,False,LKSDB-1,T_LKSDB-1
BOALF,2026-09-18,15,15,2026-09-18T06:19:00Z,2026-09-18T06:22:00Z,-5,-5,56857,2026-09-18T05:57:00Z,False,False,ORI,False,False,LKSDB-1,T_LKSDB-1
BOALF,2026-09-18,15,15,2026-09-18T06:18:00Z,2026-09-18T06:19:00Z,0,35,56855,2026-09-18T05:52:00Z,False,False,ORI,False,False,LKSDB-1,T_LKSDB-1
BOALF,2026-09-18,15,15,2026-09-18T06:18:00Z,2026-09-18T06:19:00Z,-6,0,56856,2026-09-18T05:56:00Z,False,False,ORI,False,False,LKSDB-1,T_LKSDB-1
BOALF,2026-09-18,15,15,2026-09-18T06:18:00Z,2026-09-18T06:19:00Z,-6,-5,56857,2026-09-18T05:57:00Z,False,False,ORI,False,False,LKSDB-1,T_LKSDB-1
BOALF,2026-09-18,15,15,2026-09-18T06:09:00Z,2026-09-18T06:18:00Z,0,0,56855,2026-09-18T05:52:00Z,False,False,ORI,False,False,LKSDB-1,T_LKSDB-1
BOALF,2026-09-18,15,15,2026-09-18T06:08:00Z,2026-09-18T06:18:00Z,-6,-6,56856,2026-09-18T05:56:00Z,False,False,ORI,False,False,LKSDB-1,T_LKSDB-1
BOALF,2026-09-18,15,15,2026-09-18T06:08:00Z,2026-09-18T06:09:00Z,-6,0,56854,2026-09-18T05:51:00Z,False,False,ORI,False,False,LKSDB-1,T_LKSDB-1
BOALF,2026-09-18,15,15,2026-09-18T06:01:00Z,2026-09-18T06:08:00Z,-6,-6,56854,2026-09-18T05:51:00Z,False,False,ORI,False,False,LKSDB-1,T_LKSDB-1
BOALF,2026-09-18,15,15,2026-09-18T06:00:00Z,2026-09-18T06:01:00Z,0,-6,56854,2026-09-18T05:51:00Z,False,False,ORI,False,False,LKSDB-1,T_LKSDB-1
BOALF,2026-09-18,14,14,2026-09-18T05:46:00Z,2026-09-18T05:47:00Z,-25,0,56853,2026-09-18T05:36:00Z,False,False,ORI,False,False,LKSDB-1,T_LKSDB-1
BOALF,2026-09-18,14,14,2026-09-18T05:45:00Z,2026-09-18T05:46:00Z,-25,0,56852,2026-09-18T05:27:00Z,False,False,ORI,False,False,LKSDB-1,T_LKSDB-1
BOALF,2026-09-18,14,14,2026-09-18T05:45:00Z,2026-09-18T05:46:00Z,-25,-25,56853,2026-09-18T05:36:00Z,False,False,ORI,False,False,LKSDB-1,T_LKSDB-1
BOALF,2026-09-18,14,14,2026-09-18T05:33:00Z,2026-09-18T05:45:00Z,-25,-25,56852,2026-09-18T05:27:00Z,False,False,ORI,False,False,LKSDB-1,T_LKSDB-1
BOALF,2026-09-18,14,14,2026-09-18T05:32:00Z,2026-09-18T05:33:00Z,0,-25,56852,2026-09-18T05:27:00Z,False,False,ORI,False,False,LKSDB-1,T_LKSDB-1
BOALF,2026-09-18,13,13,2026-09-18T05:15:00Z,2026-09-18T05:16:00Z,-8,-25,56850,2026-09-18T04:50:00Z,False,False,ORI,False,False,LKSDB-1,T_LKSDB-1
BOALF,2026-09-18,13,13,2026-09-18T05:04:00Z,2026-09-18T05:15:00Z,-8,-8,56850,2026-09-18T04:50:00Z,False,False,ORI,False,False,LKSDB-1,T_LKSDB-1
BOALF,2026-09-18,13,13,2026-09-18T05:03:00Z,2026-09-18T05:04:00Z,-25,-8,56850,2026-09-18T04:50:00Z,False,False,ORI,False,False,LKSDB-1,T_LKSDB-1
BOALF,2026-09-18,13,13,2026-09-18T05:03:00Z,2026-09-18T05:04:00Z,-24,-8,56851,2026-09-18T04:56:00Z,False,False,ORI,False,False,LKSDB-1,T_LKSDB-1
BOALF,2026-09-18,13,13,2026-09-18T05:01:00Z,2026-09-18T05:03:00Z,-24,-24,56851,2026-09-18T04:56:00Z,False,False,ORI,False,False,LKSDB-1,T_LKSDB-1
BOALF,2026-09-18,13,13,2026-09-18T05:00:00Z,2026-09-18T05:01:00Z,0,-24,56851,2026-09-18T04:56:00Z,False,False,ORI,False,False,LKSDB-1,T_LKSDB-1
BOALF,2026-09-18,12,13,2026-09-18T04:58:00Z,2026-09-18T05:00:00Z,0,0,56849,2026-09-18T04:36:00Z,False,False,ORI,False,False,LKSDB-1,T_LKSDB-1
BOALF,2026-09-18,12,12,2026-09-18T04:58:00Z,2026-09-18T04:59:00Z,0,-25,56848,2026-09-18T04:32:00Z,False,False,ORI,False,False,LKSDB-1,T_LKSDB-1
BOALF,2026-09-18,12,12,2026-09-18T04:54:00Z,2026-09-18T04:58:00Z,0,0,56848,2026-09-18T04:32:00Z,False,False,ORI,False,False,LKSDB-1,T_LKSDB-1
BOALF,2026-09-18,12,12,2026-09-18T04:54:00Z,2026-09-18T04:55:00Z,0,-25,56847,2026-09-18T04:27:00Z,False,False,ORI,False,False,LKSDB-1,T_LKSDB-1
BOALF,2026-09-18,12,12,2026-09-18T04:53:00Z,2026-09-18T04:54:00Z,0,-25,56846,2026-09-18T04:21:00Z,False,False,ORI,False,False,LKSDB-1,T_LKSDB-1
BOALF,2026-09-18,12,12,2026-09-18T04:53:00Z,2026-09-18T04:54:00Z,0,0,56847,2026-09-18T04:27:00Z,False,False,ORI,False,False,LKSDB-1,T_LKSDB-1
BOALF,2026-09-18,12,12,2026-09-18T04:43:00Z,2026-09-18T04:53:00Z,0,0,56846,2026-09-18T04:21:00Z,False,False,ORI,False,False,LKSDB-1,T_LKSDB-1
BOALF,2026-09-18,12,12,2026-09-18T04:43:00Z,2026-09-18T04:44:00Z,0,-25,56845,2026-09-18T04:14:00Z,False,False,ORI,False,False,LKSDB-1,T_LKSDB-1
BOALF,2026-09-18,12,12,2026-09-18T04:35:00Z,2026-09-18T04:43:00Z,0,0,56845,2026-09-18T04:14:00Z,False,False,ORI,False,False,LKSDB-1,T_LKSDB-1
BOALF,2026-09-18,12,12,2026-09-18T04:35:00Z,2026-09-18T04:36:00Z,0,-25,56844,2026-09-18T04:08:00Z,False,False,ORI,False,False,LKSDB-1,T_LKSDB-1
BOALF,2026-09-18,12,12,2026-09-18T04:30:00Z,2026-09-18T04:35:00Z,0,0,56844,2026-09-18T04:08:00Z,False,False,ORI,False,False,LKSDB-1,T_LKSDB-1
BOALF,2026-09-18,11,12,2026-09-18T04:21:00Z,2026-09-18T04:30:00Z,0,0,56843,2026-09-18T04:06:00Z,False,False,ORI,False,False,LKSDB-1,T_LKSDB-1
BOALF,2026-09-18,11,11,2026-09-18T04:21:00Z,2026-09-18T04:22:00Z,0,-25,56842,2026-09-18T03:56:00Z,False,False,ORI,False,False,LKSDB-1,T_LKSDB-1
BOALF,2026-09-18,11,11,2026-09-18T04:14:00Z,2026-09-18T04:21:00Z,0,0,56842,2026-09-18T03:56:00Z,False,False,ORI,False,False,LKSDB-1,T_LKSDB-1
BOALF,2026-09-18,11,11,2026-09-18T04:14:00Z,2026-09-18T04:15:00Z,0,-25,56841,2026-09-18T03:48:00Z,False,False,ORI,False,False,LKSDB-1,T_LKSDB-1
BOALF,2026-09-18,11,11,2026-09-18T04:03:00Z,2026-09-18T04:14:00Z,0,0,56841,2026-09-18T03:48:00Z,False,False,ORI,False,False,LKSDB-1,T_LKSDB-1
BOALF,2026-09-18,11,11,2026-09-18T04:03:00Z,2026-09-18T04:04:00Z,0,-25,56840,2026-09-18T03:39:00Z,False,False,ORI,False,False,LKSDB-1,T_LKSDB-1
BOALF,2026-09-18,11,11,2026-09-18T04:01:00Z,2026-09-18T04:03:00Z,0,0,56840,2026-09-18T03:39:00Z,False,False,ORI,False,False,LKSDB-1,T_LKSDB-1
BOALF,2026-09-18,11,11,2026-09-18T04:00:00Z,2026-09-18T04:01:00Z,-25,0,56840,2026-09-18T03:39:00Z,False,False,ORI,False,False,LKSDB-1,T_LKSDB-1
BOALF,2026-09-18,8,9,2026-09-18T02:59:00Z,2026-09-18T03:00:00Z,-15,-25,56839,2026-09-18T02:45:00Z,False,False,ORI,False,False,LKSDB-1,T_LKSDB-1
BOALF,2026-09-18,8,8,2026-09-18T02:57:00Z,2026-09-18T02:59:00Z,-15,-15,56839,2026-09-18T02:45:00Z,False,False,ORI,False,False,LKSDB-1,T_LKSDB-1
BOALF,2026-09-18,8,8,2026-09-18T02:57:00Z,2026-09-18T02:58:00Z,-15,-25,56838,2026-09-18T02:32:00Z,False,False,ORI,False,False,LKSDB-1,T_LKSDB-1
BOALF,2026-09-18,8,8,2026-09-18T02:55:00Z,2026-09-18T02:57:00Z,-15,-15,56838,2026-09-18T02:32:00Z,False,False,ORI,False,False,LKSDB-1,T_LKSDB-1
BOALF,2026-09-18,8,8,2026-09-18T02:54:00Z,2026-09-18T02:55:00Z,-25,-15,56838,2026-09-18T02:32:00Z,False,False,ORI,False,False,LKSDB-1,T_LKSDB-1
BOALF,2026-09-18,8,8,2026-09-18T02:44:00Z,2026-09-18T02:45:00Z,0,-25,56837,2026-09-18T02:23:00Z,False,False,ORI,False,False,LKSDB-1,T_LKSDB-1
BOALF,2026-09-18,8,8,2026-09-18T02:41:00Z,2026-09-18T02:44:00Z,0,0,56837,2026-09-18T02:23:00Z,False,False,ORI,False,False,LKSDB-1,T_LKSDB-1
BOALF,2026-09-18,8,8,2026-09-18T02:41:00Z,2026-09-18T02:42:00Z,0,-25,56836,2026-09-18T02:19:00Z,False,False,ORI,False,False,LKSDB-1,T_LKSDB-1
BOALF,2026-09-18,8,8,2026-09-18T02:36:00Z,2026-09-18T02:41:00Z,0,0,56836,2026-09-18T02:19:00Z,False,False,ORI,False,False,LKSDB-1,T_LKSDB-1
BOALF,2026-09-18,8,8,2026-09-18T02:35:00Z,2026-09-18T02:36:00Z,-13,-25,56835,2026-09-18T02:18:00Z,False,False,ORI,False,False,LKSDB-1,T_LKSDB-1
BOALF,2026-09-18,8,8,2026-09-18T02:35:00Z,2026-09-18T02:36:00Z,-13,0,56836,2026-09-18T02:19:00Z,False,False,ORI,False,False,LKSDB-1,T_LKSDB-1
BOALF,2026-09-18,8,8,2026-09-18T02:32:00Z,2026-09-18T02:35:00Z,-13,-13,56835,2026-09-18T02:18:00Z,False,False,ORI,False,False,LKSDB-1,T_LKSDB-1
BOALF,2026-09-18,8,8,2026-09-18T02:31:00Z,2026-09-18T02:32:00Z,0,-25,56834,2026-09-18T02:17:00Z,False,False,ORI,False,False,LKSDB-1,T_LKSDB-1
BOALF,2026-09-18,8,8,2026-09-18T02:31:00Z,2026-09-18T02:32:00Z,0,-13,56835,2026-09-18T02:18:00Z,False,False,ORI,False,False,LKSDB-1,T_LKSDB-1
BOALF,2026-09-18,7,8,2026-09-18T02:29:00Z,2026-09-18T02:31:00Z,0,0,56834,2026-09-18T02:17:00Z,False,False,ORI,False,False,LKSDB-1,T_LKSDB-1
BOALF,2026-09-18,7,8,2026-09-18T02:29:00Z,2026-09-18T02:30:00Z,0,-25,56833,2026-09-18T02:13:00Z,False,False,ORI,False,False,LKSDB-1,T_LKSDB-1
BOALF,2026-09-18,7,7,2026-09-18T02:28:00Z,2026-09-18T02:29:00Z,0,-25,56832,2026-09-18T02:03:00Z,False,False,ORI,False,False,LKSDB-1,T_LKSDB-1
BOALF,2026-09-18,7,7,2026-09-18T02:28:00Z,2026-09-18T02:29:00Z,0,0,56833,2026-09-18T02:13:00Z,False,False,ORI,False,False,LKSDB-1,T_LKSDB-1
BOALF,2026-09-18,7,7,2026-09-18T02:26:00Z,2026-09-18T02:28:00Z,0,0,56832,2026-09-18T02:03:00Z,False,False,ORI,False,False,LKSDB-1,T_LKSDB-1
BOALF,2026-09-18,7,7,2026-09-18T02:26:00Z,2026-09-18T02:27:00Z,0,-25,56831,2026-09-18T01:59:00Z,False,False,ORI,False,False,LKSDB-1,T_LKSDB-1
BOALF,2026-09-18,7,7,2026-09-18T02:05:00Z,2026-09-18T02:26:00Z,0,0,56831,2026-09-18T01:59:00Z,False,False,ORI,False,False,LKSDB-1,T_LKSDB-1
BOALF,2026-09-18,7,7,2026-09-18T02:05:00Z,2026-09-18T02:06:00Z,0,-25,56830,2026-09-18T01:39:00Z,False,False,ORI,False,False,LKSDB-1,T_LKSDB-1
BOALF,2026-09-18,7,7,2026-09-18T02:00:00Z,2026-09-18T02:05:00Z,0,0,56830,2026-09-18T01:39:00Z,False,False,ORI,False,False,LKSDB-1,T_LKSDB-1
BOALF,2026-09-18,6,7,2026-09-18T01:59:00Z,2026-09-18T02:00:00Z,6,0,56829,2026-09-18T01:38:00Z,False,False,ORI,False,False,LKSDB-1,T_LKSDB-1
BOALF,2026-09-18,6,6,2026-09-18T01:56:00Z,2026-09-18T01:59:00Z,6,6,56829,2026-09-18T01:38:00Z,False,False,ORI,False,False,LKSDB-1,T_LKSDB-1
BOALF,2026-09-18,6,6,2026-09-18T01:55:00Z,2026-09-18T01:56:00Z,-8,-99,56828,2026-09-18T01:37:00Z,False,False,ORI,False,False,LKSDB-1,T_LKSDB-1
BOALF,2026-09-18,6,6,2026-09-18T01:55:00Z,2026-09-18T01:56:00Z,-8,0,56829,2026-09-18T01:38:00Z,False,False,ORI,False,False,LKSDB-1,T_LKSDB-1
BOALF,2026-09-18,6,6,2026-09-18T01:53:00Z,2026-09-18T01:55:00Z,-8,-8,56828,2026-09-18T01:37:00Z,False,False,ORI,False,False,LKSDB-1,T_LKSDB-1
BOALF,2026-09-18,6,6,2026-09-18T01:52:00Z,2026-09-18T01:53:00Z,-21,-99,56826,2026-09-18T01:34:00Z,False,False,ORI,False,False,LKSDB-1,T_LKSDB-1
BOALF,2026-09-18,6,6,2026-09-18T01:52:00Z,2026-09-18T01:53:00Z,0,-8,56828,2026-09-18T01:37:00Z,False,False,ORI,False,False,LKSDB-1,T_LKSDB-1
BOALF,2026-09-18,6,6,2026-09-18T01:51:00Z,2026-09-18T01:52:00Z,6,0,56827,2026-09-18T01:36:00Z,False,False,ORI,False,False,LKSDB-1,T_LKSDB-1
BOALF,2026-09-18,6,6,2026-09-18T01:50:00Z,2026-09-18T01:52:00Z,-21,-21,56826,2026-09-18T01:34:00Z,False,False,ORI,False,False,LKSDB-1,T_LKSDB-1
BOALF,2026-09-18,6,6,2026-09-18T01:49:00Z,2026-09-18T01:50:00Z,-37,-99,56824,2026-09-18T01:24:00Z,False,False,ORI,False,False,LKSDB-1,T_LKSDB-1
BOALF,2026-09-18,6,6,2026-09-18T01:49:00Z,2026-09-18T01:50:00Z,0,-21,56826,2026-09-18T01:34:00Z,False,False,ORI,False,False,LKSDB-1,T_LKSDB-1
BOALF,2026-09-18,6,6,2026-09-18T01:48:00Z,2026-09-18T01:51:00Z,6,6,56827,2026-09-18T01:36:00Z,False,False,ORI,False,False,LKSDB-1,T_LKSDB-1
BOALF,2026-09-18,6,6,2026-09-18T01:48:00Z,2026-09-18T01:49:00Z,6,0,56825,2026-09-18T01:33:00Z,False,False,ORI,False,False,LKSDB-1,T_LKSDB-1
BOALF,2026-09-18,6,6,2026-09-18T01:44:00Z,2026-09-18T01:49:00Z,-37,-37,56824,2026-09-18T01:24:00Z,False,False,ORI,False,False,LKSDB-1,T_LKSDB-1
BOALF,2026-09-18,6,6,2026-09-18T01:43:00Z,2026-09-18T01:44:00Z,0,-99,56823,2026-09-18T01:23:00Z,False,False,ORI,False,False,LKSDB-1,T_LKSDB-1
BOALF,2026-09-18,6,6,2026-09-18T01:43:00Z,2026-09-18T01:44:00Z,0,-37,56824,2026-09-18T01:24:00Z,False,False,ORI,False,False,LKSDB-1,T_LKSDB-1
BOALF,2026-09-18,6,6,2026-09-18T01:42:00Z,2026-09-18T01:43:00Z,1,0,56823,2026-09-18T01:23:00Z,False,False,ORI,False,False,LKSDB-1,T_LKSDB-1
BOALF,2026-09-18,6,6,2026-09-18T01:41:00Z,2026-09-18T01:42:00Z,-4,-99,56821,2026-09-18T01:18:00Z,False,False,ORI,False,False,LKSDB-1,T_LKSDB-1
BOALF,2026-09-18,6,6,2026-09-18T01:40:00Z,2026-09-18T01:42:00Z,1,1,56823,2026-09-18T01:23:00Z,False,False,ORI,False,False,LKSDB-1,T_LKSDB-1
BOALF,2026-09-18,6,6,2026-09-18T01:40:00Z,2026-09-18T01:41:00Z,-4,-4,56821,2026-09-18T01:18:00Z,False,False,ORI,False,False,LKSDB-1,T_LKSDB-1
BOALF,2026-09-18,6,6,2026-09-18T01:39:00Z,2026-09-18T01:48:00Z,6,6,56825,2026-09-18T01:33:00Z,False,False,ORI,False,False,LKSDB-1,T_LKSDB-1
BOALF,2026-09-18,6,6,2026-09-18T01:39:00Z,2026-09-18T01:40:00Z,0,-99,56820,2026-09-18T01:17:00Z,False,False,ORI,False,False,LKSDB-1,T_LKSDB-1
BOALF,2026-09-18,6,6,2026-09-18T01:39:00Z,2026-09-18T01:40:00Z,0,-4,56821,2026-09-18T01:18:00Z,False,False,ORI,False,False,LKSDB-1,T_LKSDB-1
BOALF,2026-09-18,6,6,2026-09-18T01:39:00Z,2026-09-18T01:40:00Z,6,0,56822,2026-09-18T01:22:00Z,False,False,ORI,False,False,LKSDB-1,T_LKSDB-1
BOALF,2026-09-18,6,6,2026-09-18T01:39:00Z,2026-09-18T01:40:00Z,6,1,56823,2026-09-18T01:23:00Z,False,False,ORI,False,False,LKSDB-1,T_LKSDB-1
BOALF,2026-09-18,6,6,2026-09-18T01:38:00Z,2026-09-18T01:39:00Z,6,0,56820,2026-09-18T01:17:00Z,False,False,ORI,False,False,LKSDB-1,T_LKSDB-1
BOALF,2026-09-18,6,6,2026-09-18T01:38:00Z,2026-09-18T01:39:00Z,6,6,56822,2026-09-18T01:22:00Z,False,False,ORI,False,False,LKSDB-1,T_LKSDB-1
BOALF,2026-09-18,6,6,2026-09-18T01:31:00Z,2026-09-18T01:32:00Z,0,-99,56819,2026-09-18T01:06:00Z,False,False,ORI,False,False,LKSDB-1,T_LKSDB-1
BOALF,2026-09-18,6,6,2026-09-18T01:30:00Z,2026-09-18T01:38:00Z,6,6,56820,2026-09-18T01:17:00Z,False,False,ORI,False,False,LKSDB-1,T_LKSDB-1
BOALF,2026-09-18,5,6,2026-09-18T01:29:00Z,2026-09-18T01:30:00Z,0,6,56820,2026-09-18T01:17:00Z,False,False,ORI,False,False,LKSDB-1,T_LKSDB-1
BOALF,2026-09-18,5,6,2026-09-18T01:23:00Z,2026-09-18T01:31:00Z,0,0,56819,2026-09-18T01:06:00Z,False,False,ORI,False,False,LKSDB-1,T_LKSDB-1
BOALF,2026-09-18,5,5,2026-09-18T01:23:00Z,2026-09-18T01:24:00Z,0,-59,56818,2026-09-18T00:59:00Z,False,False,ORI,False,False,LKSDB-1,T_LKSDB-1
BOALF,2026-09-18,5,5,2026-09-18T01:06:00Z,2026-09-18T01:23:00Z,0,0,56818,2026-09-18T00:59:00Z,False,False,ORI,False,False,LKSDB-1,T_LKSDB-1
BOALF,2026-09-18,5,5,2026-09-18T01:05:00Z,2026-09-18T01:06:00Z,-59,0,56818,2026-09-18T00:59:00Z,False,False,ORI,False,False,LKSDB-1,T_LKSDB-1
BOALF,2026-09-18,5,5,2026-09-18T01:00:00Z,2026-09-18T01:01:00Z,0,-59,56816,2026-09-18T00:37:00Z,False,False,ORI,False,False,LKSDB-1,T_LKSDB-1
BOALF,2026-09-18,4,5,2026-09-18T00:55:00Z,2026-09-18T01:00:00Z,0,0,56816,2026-09-18T00:37:00Z,False,False,ORI,False,False,LKSDB-1,T_LKSDB-1
BOALF,2026-09-18,4,4,2026-09-18T00:55:00Z,2026-09-18T00:56:00Z,0,-60,56815,2026-09-18T00:33:00Z,False,False,ORI,False,False,LKSDB-1,T_LKSDB-1
BOALF,2026-09-18,4,4,2026-09-18T00:53:00Z,2026-09-18T00:55:00Z,0,0,56815,2026-09-18T00:33:00Z,False,False,ORI,False,False,LKSDB-1,T_LKSDB-1
BOALF,2026-09-18,4,4,2026-09-18T00:53:00Z,2026-09-18T00:54:00Z,39,0,56817,2026-09-18T00:48:00Z,False,False,ORI,False,False,LKSDB-1,T_LKSDB-1
BOALF,2026-09-18,4,4,2026-09-18T00:52:00Z,2026-09-18T00:53:00Z,39,0,56814,2026-09-18T00:32:00Z,False,False,ORI,False,False,LKSDB-1,T_LKSDB-1
BOALF,2026-09-18,4,4,2026-09-18T00:52:00Z,2026-09-18T00:53:00Z,39,39,56817,2026-09-18T00:48:00Z,False,False,ORI,False,False,LKSDB-1,T_LKSDB-1
BOALF,2026-09-18,4,4,2026-09-18T00:46:00Z,2026-09-18T00:52:00Z,39,39,56814,2026-09-18T00:32:00Z,False,False,ORI,False,False,LKSDB-1,T_LKSDB-1
BOALF,2026-09-18,4,4,2026-09-18T00:46:00Z,2026-09-18T00:47:00Z,39,0,56813,2026-09-18T00:28:00Z,False,False,ORI,False,False,LKSDB-1,T_LKSDB-1
BOALF,2026-09-18,4,4,2026-09-18T00:42:00Z,2026-09-18T00:46:00Z,39,39,56813,2026-09-18T00:28:00Z,False,False,ORI,False,False,LKSDB-1,T_LKSDB-1
BOALF,2026-09-18,4,4,2026-09-18T00:42:00Z,2026-09-18T00:43:00Z,39,0,56811,2026-09-18T00:19:00Z,False,False,ORI,False,False,LKSDB-1,T_LKSDB-1
BOALF,2026-09-18,4,4,2026-09-18T00:31:00Z,2026-09-18T00:42:00Z,39,39,56811,2026-09-18T00:19:00Z,False,False,ORI,False,False,LKSDB-1,T_LKSDB-1
BOALF,2026-09-18,4,4,2026-09-18T00:30:00Z,2026-09-18T00:31:00Z,10,0,56810,2026-09-18T00:18:00Z,False,False,ORI,False,False,LKSDB-1,T_LKSDB-1
BOALF,2026-09-18,4,4,2026-09-18T00:30:00Z,2026-09-18T00:31:00Z,10,39,56811,2026-09-18T00:19:00Z,False,False,ORI,False,False,LKSDB-1,T_LKSDB-1
BOALF,2026-09-18,3,4,2026-09-18T00:28:00Z,2026-09-18T00:30:00Z,10,10,56810,2026-09-18T00:18:00Z,False,False,ORI,False,False,LKSDB-1,T_LKSDB-1
BOALF,2026-09-18,3,3,2026-09-18T00:28:00Z,2026-09-18T00:29:00Z,0,-79,56809,2026-09-18T00:17:00Z,False,False,ORI,False,False,LKSDB-1,T_LKSDB-1
BOALF,2026-09-18,3,4,2026-09-18T00:27:00Z,2026-09-18T00:31:00Z,39,39,56812,2026-09-18T00:22:00Z,False,False,ORI,False,False,LKSDB-1,T_LKSDB-1
BOALF,2026-09-18,3,3,2026-09-18T00:27:00Z,2026-09-18T00:28:00Z,39,0,56809,2026-09-18T00:17:00Z,False,False,ORI,False,False,LKSDB-1,T_LKSDB-1
BOALF,2026-09-18,3,3,2026-09-18T00:27:00Z,2026-09-18T00:28:00Z,39,10,56810,2026-09-18T00:18:00Z,False,False,ORI,False,False,LKSDB-1,T_LKSDB-1
BOALF,2026-09-18,3,3,2026-09-18T00:26:00Z,2026-09-18T00:27:00Z,20,0,56808,2026-09-18T00:08:00Z,False,False,ORI,False,False,LKSDB-1,T_LKSDB-1
BOALF,2026-09-18,3,3,2026-09-18T00:24:00Z,2026-09-18T00:26:00Z,20,20,56808,2026-09-18T00:08:00Z,False,False,ORI,False,False,LKSDB-1,T_LKSDB-1
BOALF,2026-09-18,3,3,2026-09-18T00:24:00Z,2026-09-18T00:25:00Z,0,-79,56807,2026-09-18T00:07:00Z,False,False,ORI,False,False,LKSDB-1,T_LKSDB-1
BOALF,2026-09-18,3,3,2026-09-18T00:23:00Z,2026-09-18T00:24:00Z,24,0,56807,2026-09-18T00:07:00Z,False,False,ORI,False,False,LKSDB-1,T_LKSDB-1
BOALF,2026-09-18,3,3,2026-09-18T00:23:00Z,2026-09-18T00:24:00Z,24,20,56808,2026-09-18T00:08:00Z,False,False,ORI,False,False,LKSDB-1,T_LKSDB-1
BOALF,2026-09-18,3,3,2026-09-18T00:22:00Z,2026-09-18T00:23:00Z,0,-79,56806,2026-09-17T23:58:00Z,False,False,ORI,False,False,LKSDB-1,T_LKSDB-1
BOALF,2026-09-18,3,3,2026-09-18T00:20:00Z,2026-09-18T00:27:00Z,39,39,56809,2026-09-18T00:17:00Z,False,False,ORI,False,False,LKSDB-1,T_LKSDB-1
BOALF,2026-09-18,3,3,2026-09-18T00:19:00Z,2026-09-18T00:20:00Z,24,39,56809,2026-09-18T00:17:00Z,False,False,ORI,False,False,LKSDB-1,T_LKSDB-1
BOALF,2026-09-18,3,3,2026-09-18T00:17:00Z,2026-09-18T00:22:00Z,0,0,56806,2026-09-17T23:58:00Z,False,False,ORI,False,False,LKSDB-1,T_LKSDB-1
BOALF,2026-09-18,3,3,2026-09-18T00:16:00Z,2026-09-18T00:17:00Z,19,0,56805,2026-09-17T23:57:00Z,False,False,ORI,False,False,LKSDB-1,T_LKSDB-1
BOALF,2026-09-18,3,3,2026-09-18T00:15:00Z,2026-09-18T00:23:00Z,24,24,56807,2026-09-18T00:07:00Z,False,False,ORI,False,False,LKSDB-1,T_LKSDB-1
BOALF,2026-09-18,3,3,2026-09-18T00:14:00Z,2026-09-18T00:16:00Z,19,19,56805,2026-09-17T23:57:00Z,False,False,ORI,False,False,LKSDB-1,T_LKSDB-1
BOALF,2026-09-18,3,3,2026-09-18T00:14:00Z,2026-09-18T00:15:00Z,19,24,56807,2026-09-18T00:07:00Z,False,False,ORI,False,False,LKSDB-1,T_LKSDB-1
BOALF,2026-09-18,3,3,2026-09-18T00:13:00Z,2026-09-18T00:14:00Z,-79,0,56805,2026-09-17T23:57:00Z,False,False,ORI,False,False,LKSDB-1,T_LKSDB-1
BOALF,2026-09-18,2,2,2026-09-17T23:46:00Z,2026-09-17T23:47:00Z,0,-99,56802,2026-09-17T23:24:00Z,False,False,ORI,False,False,LKSDB-1,T_LKSDB-1
BOALF,2026-09-18,2,2,2026-09-17T23:43:00Z,2026-09-17T23:46:00Z,0,0,56802,2026-09-17T23:24:00Z,False,False,ORI,False,False,LKSDB-1,T_LKSDB-1
BOALF,2026-09-18,2,2,2026-09-17T23:43:00Z,2026-09-17T23:44:00Z,0,-99,56801,2026-09-17T23:23:00Z,False,False,ORI,False,False,LKSDB-1,T_LKSDB-1
BOALF,2026-09-18,2,2,2026-09-17T23:42:00Z,2026-09-17T23:43:00Z,9,0,56801,2026-09-17T23:23:00Z,False,False,ORI,False,False,LKSDB-1,T_LKSDB-1
BOALF,2026-09-18,2,2,2026-09-17T23:30:00Z,2026-09-17T23:42:00Z,9,9,56801,2026-09-17T23:23:00Z,False,False,ORI,False,False,LKSDB-1,T_LKSDB-1
BOALF,2026-09-18,1,2,2026-09-17T23:29:00Z,2026-09-17T23:30:00Z,6,0,56798,2026-09-17T23:17:00Z,False,False,ORI,False,False,LKSDB-1,T_LKSDB-1
BOALF,2026-09-18,1,2,2026-09-17T23:29:00Z,2026-09-17T23:30:00Z,8,0,56800,2026-09-17T23:22:00Z,False,False,ORI,False,False,LKSDB-1,T_LKSDB-1
BOALF,2026-09-18,1,2,2026-09-17T23:29:00Z,2026-09-17T23:30:00Z,8,9,56801,2026-09-17T23:23:00Z,False,False,ORI,False,False,LKSDB-1,T_LKSDB-1
BOALF,2026-09-18,1,1,2026-09-17T23:27:00Z,2026-09-17T23:29:00Z,8,8,56800,2026-09-17T23:22:00Z,False,False,ORI,False,False,LKSDB-1,T_LKSDB-1
BOALF,2026-09-18,1,1,2026-09-17T23:26:00Z,2026-09-17T23:27:00Z,9,6,56799,2026-09-17T23:21:00Z,False,False,ORI,False,False,LKSDB-1,T_LKSDB-1
BOALF,2026-09-18,1,1,2026-09-17T23:26:00Z,2026-09-17T23:27:00Z,9,8,56800,2026-09-17T23:22:00Z,False,False,ORI,False,False,LKSDB-1,T_LKSDB-1
BOALF,2026-09-18,1,1,2026-09-17T23:24:00Z,2026-09-17T23:26:00Z,9,9,56799,2026-09-17T23:21:00Z,False,False,ORI,False,False,LKSDB-1,T_LKSDB-1
BOALF,2026-09-18,1,1,2026-09-17T23:23:00Z,2026-09-17T23:24:00Z,6,9,56799,2026-09-17T23:21:00Z,False,False,ORI,False,False,LKSDB-1,T_LKSDB-1
BOALF,2026-09-18,1,1,2026-09-17T23:20:00Z,2026-09-17T23:29:00Z,6,6,56798,2026-09-17T23:17:00Z,False,False,ORI,False,False,LKSDB-1,T_LKSDB-1
BOALF,2026-09-18,1,1,2026-09-17T23:19:00Z,2026-09-17T23:20:00Z,0,6,56798,2026-09-17T23:17:00Z,False,False,ORI,False,False,LKSDB-1,T_LKSDB-1
BOALF,2026-09-18,1,1,2026-09-17T23:18:00Z,2026-09-17T23:19:00Z,-99,0,56798,2026-09-17T23:17:00Z,False,False,ORI,False,False,LKSDB-1,T_LKSDB-1
BOALF,2026-09-18,1,1,2026-09-17T23:15:00Z,2026-09-17T23:16:00Z,0,-99,56796,2026-09-17T22:52:00Z,False,False,ORI,False,False,LKSDB-1,T_LKSDB-1
BOALF,2026-09-18,1,1,2026-09-17T23:13:00Z,2026-09-17T23:14:00Z,8,0,56797,2026-09-17T23:03:00Z,False,False,ORI,False,False,LKSDB-1,T_LKSDB-1
BOALF,2026-09-18,1,1,2026-09-17T23:08:00Z,2026-09-17T23:15:00Z,0,0,56796,2026-09-17T22:52:00Z,False,False,ORI,False,False,LKSDB-1,T_LKSDB-1
BOALF,2026-09-18,1,1,2026-09-17T23:08:00Z,2026-09-17T23:09:00Z,0,-99,56795,2026-09-17T22:43:00Z,False,False,ORI,False,False,LKSDB-1,T_LKSDB-1
BOALF,2026-09-18,1,1,2026-09-17T23:07:00Z,2026-09-17T23:13:00Z,8,8,56797,2026-09-17T23:03:00Z,False,False,ORI,False,False,LKSDB-1,T_LKSDB-1
BOALF,2026-09-18,1,1,2026-09-17T23:06:00Z,2026-09-17T23:07:00Z,0,8,56797,2026-09-17T23:03:00Z,False,False,ORI,False,False,LKSDB-1,T_LKSDB-1
BOALF,2026-09-18,1,1,2026-09-17T23:00:00Z,2026-09-17T23:08:00Z,0,0,56795,2026-09-17T22:43:00Z,False,False,ORI,False,False,LKSDB-1,T_LKSDB-1
BOALF,2026-09-17,48,48,2026-09-17T22:58:00Z,2026-09-17T22:59:00Z,63,0,56794,2026-09-17T22:36:00Z,False,False,ORI,False,False,LKSDB-1,T_LKSDB-1
BOALF,2026-09-17,48,48,2026-09-17T22:54:00Z,2026-09-17T22:58:00Z,63,63,56794,2026-09-17T22:36:00Z,False,False,ORI,False,False,LKSDB-1,T_LKSDB-1
BOALF,2026-09-17,48,48,2026-09-17T22:53:00Z,2026-09-17T22:54:00Z,64,0,56793,2026-09-17T22:35:00Z,False,False,ORI,False,False,LKSDB-1,T_LKSDB-1
BOALF,2026-09-17,48,48,2026-09-17T22:53:00Z,2026-09-17T22:54:00Z,64,63,56794,2026-09-17T22:36:00Z,False,False,ORI,False,False,LKSDB-1,T_LKSDB-1
BOALF,2026-09-17,48,48,2026-09-17T22:50:00Z,2026-09-17T22:53:00Z,64,64,56793,2026-09-17T22:35:00Z,False,False,ORI,False,False,LKSDB-1,T_LKSDB-1
BOALF,2026-09-17,48,48,2026-09-17T22:49:00Z,2026-09-17T22:50:00Z,99,0,56792,2026-09-17T22:23:00Z,False,False,ORI,False,False,LKSDB-1,T_LKSDB-1
BOALF,2026-09-17,48,48,2026-09-17T22:49:00Z,2026-09-17T22:50:00Z,99,64,56793,2026-09-17T22:35:00Z,False,False,ORI,False,False,LKSDB-1,T_LKSDB-1
BOALF,2026-09-17,48,48,2026-09-17T22:38:00Z,2026-09-17T22:49:00Z,99,99,56792,2026-09-17T22:23:00Z,False,False,ORI,False,False,LKSDB-1,T_LKSDB-1
BOALF,2026-09-17,48,48,2026-09-17T22:38:00Z,2026-09-17T22:39:00Z,99,0,56791,2026-09-17T22:14:00Z,False,False,ORI,False,False,LKSDB-1,T_LKSDB-1
BOALF,2026-09-17,48,48,2026-09-17T22:36:00Z,2026-09-17T22:38:00Z,99,99,56791,2026-09-17T22:14:00Z,False,False,ORI,False,False,LKSDB-1,T_LKSDB-1
BOALF,2026-09-17,48,48,2026-09-17T22:36:00Z,2026-09-17T22:37:00Z,99,0,56790,2026-09-17T22:11:00Z,False,False,ORI,False,False,LKSDB-1,T_LKSDB-1
BOALF,2026-09-17,48,48,2026-09-17T22:33:00Z,2026-09-17T22:36:00Z,99,99,56790,2026-09-17T22:11:00Z,False,False,ORI,False,False,LKSDB-1,T_LKSDB-1
BOALF,2026-09-17,48,48,2026-09-17T22:33:00Z,2026-09-17T22:34:00Z,99,0,56789,2026-09-17T22:05:00Z,False,False,ORI,False,False,LKSDB-1,T_LKSDB-1
BOALF,2026-09-17,47,48,2026-09-17T22:29:00Z,2026-09-17T22:33:00Z,99,99,56789,2026-09-17T22:05:00Z,False,False,ORI,False,False,LKSDB-1,T_LKSDB-1
BOALF,2026-09-17,47,48,2026-09-17T22:29:00Z,2026-09-17T22:30:00Z,99,0,56788,2026-09-17T21:59:00Z,False,False,ORI,False,False,LKSDB-1,T_LKSDB-1
BOALF,2026-09-17,47,47,2026-09-17T22:13:00Z,2026-09-17T22:29:00Z,99,99,56788,2026-09-17T21:59:00Z,False,False,ORI,False,False,LKSDB-1,T_LKSDB-1
BOALF,2026-09-17,47,47,2026-09-17T22:13:00Z,2026-09-17T22:14:00Z,99,0,56787,2026-09-17T21:49:00Z,False,False,ORI,False,False,LKSDB-1,T_LKSDB-1
BOALF,2026-09-17,47,47,2026-09-17T22:12:00Z,2026-09-17T22:13:00Z,99,0,56786,2026-09-17T21:46:00Z,False,False,ORI,False,False,LKSDB-1,T_LKSDB-1
BOALF,2026-09-17,47,47,2026-09-17T22:12:00Z,2026-09-17T22:13:00Z,99,99,56787,2026-09-17T21:49:00Z,False,False,ORI,False,False,LKSDB-1,T_LKSDB-1
BOALF,2026-09-17,47,47,2026-09-17T22:05:00Z,2026-09-17T22:06:00Z,96,0,56785,2026-09-17T21:41:00Z,False,False,ORI,False,False,LKSDB-1,T_LKSDB-1
BOALF,2026-09-17,46,47,2026-09-17T21:56:00Z,2026-09-17T22:12:00Z,99,99,56786,2026-09-17T21:46:00Z,False,False,ORI,False,False,LKSDB-1,T_LKSDB-1
BOALF,2026-09-17,46,46,2026-09-17T21:55:00Z,2026-09-17T21:56:00Z,96,99,56786,2026-09-17T21:46:00Z,False,False,ORI,False,False,LKSDB-1,T_LKSDB-1
BOALF,2026-09-17,46,47,2026-09-17T21:51:00Z,2026-09-17T22:05:00Z,96,96,56785,2026-09-17T21:41:00Z,False,False,ORI,False,False,LKSDB-1,T_LKSDB-1
BOALF,2026-09-17,46,46,2026-09-17T21:50:00Z,2026-09-17T21:51:00Z,30,0,56784,2026-09-17T21:38:00Z,False,False,ORI,False,False,LKSDB-1,T_LKSDB-1
BOALF,2026-09-17,46,46,2026-09-17T21:50:00Z,2026-09-17T21:51:00Z,30,96,56785,2026-09-17T21:41:00Z,False,False,ORI,False,False,LKSDB-1,T_LKSDB-1
BOALF,2026-09-17,46,46,2026-09-17T21:48:00Z,2026-09-17T21:50:00Z,30,30,56784,2026-09-17T21:38:00Z,False,False,ORI,False,False,LKSDB-1,T_LKSDB-1
BOALF,2026-09-17,46,46,2026-09-17T21:47:00Z,2026-09-17T21:48:00Z,0,30,56784,2026-09-17T21:38:00Z,False,False,ORI,False,False,LKSDB-1,T_LKSDB-1
BOALF,2026-09-17,43,44,2026-09-17T20:29:00Z,2026-09-17T20:30:00Z,45,0,56783,2026-09-17T20:14:00Z,False,False,ORI,False,False,LKSDB-1,T_LKSDB-1
BOALF,2026-09-17,43,43,2026-09-17T20:20:00Z,2026-09-17T20:29:00Z,45,45,56783,2026-09-17T20:14:00Z,False,False,ORI,False,False,LKSDB-1,T_LKSDB-1
BOALF,2026-09-17,43,43,2026-09-17T20:19:00Z,2026-09-17T20:20:00Z,65,45,56783,2026-09-17T20:14:00Z,False,False,ORI,False,False,LKSDB-1,T_LKSDB-1
BOALF,2026-09-17,43,43,2026-09-17T20:15:00Z,2026-09-17T20:16:00Z,64,65,56782,2026-09-17T20:01:00Z,False,False,ORI,False,False,LKSDB-1,T_LKSDB-1
BOALF,2026-09-17,43,43,2026-09-17T20:13:00Z,2026-09-17T20:15:00Z,64,64,56782,2026-09-17T20:01:00Z,False,False,ORI,False,False,LKSDB-1,T_LKSDB-1
BOALF,2026-09-17,43,43,2026-09-17T20:12:00Z,2026-09-17T20:13:00Z,65,64,56782,2026-09-17T20:01:00Z,False,False,ORI,False,False,LKSDB-1,T_LKSDB-1
BOALF,2026-09-17,42,43,2026-09-17T19:59:00Z,2026-09-17T20:00:00Z,5,0,56781,2026-09-17T19:43:00Z,False,False,ORI,False,False,LKSDB-1,T_LKSDB-1
BOALF,2026-09-17,42,42,2026-09-17T19:58:00Z,2026-09-17T19:59:00Z,5,5,56781,2026-09-17T19:43:00Z,False,False,ORI,False,False,LKSDB-1,T_LKSDB-1
BOALF,2026-09-17,42,42,2026-09-17T19:57:00Z,2026-09-17T19:58:00Z,0,94,56780,2026-09-17T19:42:00Z,False,False,ORI,False,False,LKSDB-1,T_LKSDB-1
BOALF,2026-09-17,42,42,2026-09-17T19:57:00Z,2026-09-17T19:58:00Z,0,5,56781,2026-09-17T19:43:00Z,False,False,ORI,False,False,LKSDB-1,T_LKSDB-1
BOALF,2026-09-17,42,42,2026-09-17T19:51:00Z,2026-09-17T19:57:00Z,0,0,56780,2026-09-17T19:42:00Z,False,False,ORI,False,False,LKSDB-1,T_LKSDB-1
BOALF,2026-09-17,42,42,2026-09-17T19:51:00Z,2026-09-17T19:52:00Z,0,94,56777,2026-09-17T19:30:00Z,False,False,ORI,False,False,LKSDB-1,T_LKSDB-1
BOALF,2026-09-17,42,42,2026-09-17T19:44:00Z,2026-09-17T19:45:00Z,-25,0,56779,2026-09-17T19:36:00Z,False,False,ORI,False,False,LKSDB-1,T_LKSDB-1
BOALF,2026-09-17,42,42,2026-09-17T19:42:00Z,2026-09-17T19:51:00Z,0,0,56777,2026-09-17T19:30:00Z,False,False,ORI,False,False,LKSDB-1,T_LKSDB-1
BOALF,2026-09-17,42,42,2026-09-17T19:42:00Z,2026-09-17T19:44:00Z,-25,-25,56779,2026-09-17T19:36:00Z,False,False,ORI,False,False,LKSDB-1,T_LKSDB-1
BOALF,2026-09-17,42,42,2026-09-17T19:42:00Z,2026-09-17T19:43:00Z,0,94,56774,2026-09-17T19:17:00Z,False,False,ORI,False,False,LKSDB-1,T_LKSDB-1
BOALF,2026-09-17,42,42,2026-09-17T19:41:00Z,2026-09-17T19:42:00Z,-16,0,56778,2026-09-17T19:35:00Z,False,False,ORI,False,False,LKSDB-1,T_LKSDB-1
BOALF,2026-09-17,42,42,2026-09-17T19:41:00Z,2026-09-17T19:42:00Z,-16,-25,56779,2026-09-17T19:36:00Z,False,False,ORI,False,False,LKSDB-1,T_LKSDB-1
BOALF,2026-09-17,42,42,2026-09-17T19:39:00Z,2026-09-17T19:41:00Z,-16,-16,56778,2026-09-17T19:35:00Z,False,False,ORI,False,False,LKSDB-1,T_LKSDB-1
BOALF,2026-09-17,42,42,2026-09-17T19:38:00Z,2026-09-17T19:39:00Z,0,-16,56778,2026-09-17T19:35:00Z,False,False,ORI,False,False,LKSDB-1,T_LKSDB-1
BOALF,2026-09-17,42,42,2026-09-17T19:34:00Z,2026-09-17T19:42:00Z,0,0,56774,2026-09-17T19:17:00Z,False,False,ORI,False,False,LKSDB-1,T_LKSDB-1
BOALF,2026-09-17,42,42,2026-09-17T19:34:00Z,2026-09-17T19:35:00Z,0,94,56773,2026-09-17T19:13:00Z,False,False,ORI,False,False,LKSDB-1,T_LKSDB-1
BOALF,2026-09-17,42,42,2026-09-17T19:32:00Z,2026-09-17T19:33:00Z,-13,0,56776,2026-09-17T19:22:00Z,False,False,ORI,False,False,LKSDB-1,T_LKSDB-1
BOALF,2026-09-17,42,42,2026-09-17T19:30:00Z,2026-09-17T19:34:00Z,0,0,56773,2026-09-17T19:13:00Z,False,False,ORI,False,False,LKSDB-1,T_LKSDB-1
BOALF,2026-09-17,42,42,2026-09-17T19:30:00Z,2026-09-17T19:32:00Z,-13,-13,56776,2026-09-17T19:22:00Z,False,False,ORI,False,False,LKSDB-1,T_LKSDB-1
BOALF,2026-09-17,41,42,2026-09-17T19:29:00Z,2026-09-17T19:30:00Z,67,0,56775,2026-09-17T19:21:00Z,False,False,ORI,False,False,LKSDB-1,T_LKSDB-1
BOALF,2026-09-17,41,42,2026-09-17T19:29:00Z,2026-09-17T19:30:00Z,67,0,56776,2026-09-17T19:22:00Z,False,False,ORI,False,False,LKSDB-1,T_LKSDB-1
BOALF,2026-09-17,41,41,2026-09-17T19:25:00Z,2026-09-17T19:29:00Z,67,67,56775,2026-09-17T19:21:00Z,False,False,ORI,False,False,LKSDB-1,T_LKSDB-1
BOALF,2026-09-17,41,41,2026-09-17T19:24:00Z,2026-09-17T19:25:00Z,99,67,56775,2026-09-17T19:21:00Z,False,False,ORI,False,False,LKSDB-1,T_LKSDB-1
BOALF,2026-09-17,41,41,2026-09-17T19:02:00Z,2026-09-17T19:03:00Z,0,99,56772,2026-09-17T18:59:00Z,False,False,ORI,False,False,LKSDB-1,T_LKSDB-1
BOALF,2026-09-17,41,41,2026-09-17T19:00:00Z,2026-09-17T19:02:00Z,0,0,56772,2026-09-17T18:59:00Z,False,False,ORI,False,False,LKSDB-1,T_LKSDB-1
BOALF,2026-09-17,41,41,2026-09-17T19:00:00Z,2026-09-17T19:01:00Z,62,99,56767,2026-09-17T18:21:00Z,False,False,ORI,False,False,LKSDB-1,T_LKSDB-1
BOALF,2026-09-17,41,41,2026-09-17T19:00:00Z,2026-09-17T19:01:00Z,54,99,56770,2026-09-17T18:45:00Z,False,False,ORI,False,False,LKSDB-1,T_LKSDB-1
BOALF,2026-09-17,41,41,2026-09-17T19:00:00Z,2026-09-17T19:01:00Z,0,99,56771,2026-09-17T18:48:00Z,False,False,ORI,False,False,LKSDB-1,T_LKSDB-1
BOALF,2026-09-17,40,41,2026-09-17T18:58:00Z,2026-09-17T19:00:00Z,62,62,56767,2026-09-17T18:21:00Z,False,False,ORI,False,False,LKSDB-1,T_LKSDB-1
BOALF,2026-09-17,40,41,2026-09-17T18:58:00Z,2026-09-17T19:00:00Z,54,54,56770,2026-09-17T18:45:00Z,False,False,ORI,False,False,LKSDB-1,T_LKSDB-1
BOALF,2026-09-17,40,41,2026-09-17T18:57:00Z,2026-09-17T19:00:00Z,0,0,56771,2026-09-17T18:48:00Z,False,False,ORI,False,False,LKSDB-1,T_LKSDB-1
BOALF,2026-09-17,40,40,2026-09-17T18:57:00Z,2026-09-17T18:58:00Z,0,99,56766,2026-09-17T18:20:00Z,False,False,ORI,False,False,LKSDB-1,T_LKSDB-1
BOALF,2026-09-17,40,40,2026-09-17T18:57:00Z,2026-09-17T18:58:00Z,0,62,56767,2026-09-17T18:21:00Z,False,False,ORI,False,False,LKSDB-1,T_LKSDB-1
BOALF,2026-09-17,40,40,2026-09-17T18:57:00Z,2026-09-17T18:58:00Z,0,54,56770,2026-09-17T18:45:00Z,False,False,ORI,False,False,LKSDB-1,T_LKSDB-1
BOALF,2026-09-17,40,40,2026-09-17T18:43:00Z,2026-09-17T18:44:00Z,-26,0,56768,2026-09-17T18:26:00Z,False,False,ORI,False,False,LKSDB-1,T_LKSDB-1
BOALF,2026-09-17,40,40,2026-09-17T18:41:00Z,2026-09-17T18:43:00Z,-26,-26,56768,2026-09-17T18:26:00Z,False,False,ORI,False,False,LKSDB-1,T_LKSDB-1
BOALF,2026-09-17,40,40,2026-09-17T18:40:00Z,2026-09-17T18:41:00Z,0,-26,56768,2026-09-17T18:26:00Z,False,False,ORI,False,False,LKSDB-1,T_LKSDB-1
BOALF,2026-09-17,40,40,2026-09-17T18:39:00Z,2026-09-17T18:57:00Z,0,0,56766,2026-09-17T18:20:00Z,False,False,ORI,False,False,LKSDB-1,T_LKSDB-1
BOALF,2026-09-17,40,40,2026-09-17T18:39:00Z,2026-09-17T18:40:00Z,0,99,56765,2026-09-17T18:04:00Z,False,False,ORI,False,False,LKSDB-1,T_LKSDB-1
BOALF,2026-09-17,40,40,2026-09-17T18:38:00Z,2026-09-17T18:39:00Z,-1,0,56769,2026-09-17T18:30:00Z,False,False,ORI,False,False,LKSDB-1,T_LKSDB-1
BOALF,2026-09-17,40,40,2026-09-17T18:36:00Z,2026-09-17T18:38:00Z,-1,-1,56769,2026-09-17T18:30:00Z,False,False,ORI,False,False,LKSDB-1,T_LKSDB-1
BOALF,2026-09-17,40,40,2026-09-17T18:35:00Z,2026-09-17T18:36:00Z,0,-1,56769,2026-09-17T18:30:00Z,False,False,ORI,False,False,LKSDB-1,T_LKSDB-1
BOALF,2026-09-17,40,40,2026-09-17T18:31:00Z,2026-09-17T18:39:00Z,0,0,56765,2026-09-17T18:04:00Z,False,False,ORI,False,False,LKSDB-1,T_LKSDB-1
BOALF,2026-09-17,40,40,2026-09-17T18:31:00Z,2026-09-17T18:32:00Z,0,99,56764,2026-09-17T18:03:00Z,False,False,ORI,False,False,LKSDB-1,T_LKSDB-1
BOALF,2026-09-17,40,40,2026-09-17T18:30:00Z,2026-09-17T18:31:00Z,-26,0,56764,2026-09-17T18:03:00Z,False,False,ORI,False,False,LKSDB-1,T_LKSDB-1
BOALF,2026-09-17,39,40,2026-09-17T18:14:00Z,2026-09-17T18:30:00Z,-26,-26,56764,2026-09-17T18:03:00Z,False,False,ORI,False,False,LKSDB-1,T_LKSDB-1
BOALF,2026-09-17,39,39,2026-09-17T18:14:00Z,2026-09-17T18:15:00Z,-26,0,56763,2026-09-17T17:58:00Z,False,False,ORI,False,False,LKSDB-1,T_LKSDB-1
BOALF,2026-09-17,39,39,2026-09-17T18:10:00Z,2026-09-17T18:14:00Z,-26,-26,56763,2026-09-17T17:58:00Z,False,False,ORI,False,False,LKSDB-1,T_LKSDB-1
BOALF,2026-09-17,39,39,2026-09-17T18:10:00Z,2026-09-17T18:11:00Z,-26,0,56762,2026-09-17T17:46:00Z,False,False,ORI,False,False,LKSDB-1,T_LKSDB-1
BOALF,2026-09-17,39,39,2026-09-17T18:01:00Z,2026-09-17T18:10:00Z,-26,-26,56762,2026-09-17T17:46:00Z,False,False,ORI,False,False,LKSDB-1,T_LKSDB-1
BOALF,2026-09-17,39,39,2026-09-17T18:00:00Z,2026-09-17T18:01:00Z,0,-26,56762,2026-09-17T17:46:00Z,False,False,ORI,False,False,LKSDB-1,T_LKSDB-1
BOALF,2026-09-17,38,38,2026-09-17T17:56:00Z,2026-09-17T17:57:00Z,-70,0,56761,2026-09-17T17:45:00Z,False,False,ORI,False,False,LKSDB-1,T_LKSDB-1
BOALF,2026-09-17,38,38,2026-09-17T17:51:00Z,2026-09-17T17:56:00Z,-70,-70,56761,2026-09-17T17:45:00Z,False,False,ORI,False,False,LKSDB-1,T_LKSDB-1
BOALF,2026-09-17,38,38,2026-09-17T17:50:00Z,2026-09-17T17:51:00Z,0,-70,56761,2026-09-17T17:45:00Z,False,False,ORI,False,False,LKSDB-1,T_LKSDB-1
BOALF,2026-09-17,38,38,2026-09-17T17:47:00Z,2026-09-17T17:48:00Z,-56,0,56760,2026-09-17T17:21:00Z,False,False,ORI,False,False,LKSDB-1,T_LKSDB-1
BOALF,2026-09-17,38,38,2026-09-17T17:45:00Z,2026-09-17T17:47:00Z,-56,-56,56760,2026-09-17T17:21:00Z,False,False,ORI,False,False,LKSDB-1,T_LKSDB-1
BOALF,2026-09-17,38,38,2026-09-17T17:44:00Z,2026-09-17T17:45:00Z,-70,0,56759,2026-09-17T17:20:00Z,False,False,ORI,False,False,LKSDB-1,T_LKSDB-1
BOALF,2026-09-17,38,38,2026-09-17T17:44:00Z,2026-09-17T17:45:00Z,-70,-56,56760,2026-09-17T17:21:00Z,False,False,ORI,False,False,LKSDB-1,T_LKSDB-1
BOALF,2026-09-17,38,38,2026-09-17T17:30:00Z,2026-09-17T17:44:00Z,-70,-70,56759,2026-09-17T17:20:00Z,False,False,ORI,False,False,LKSDB-1,T_LKSDB-1
BOALF,2026-09-17,37,38,2026-09-17T17:29:00Z,2026-09-17T17:30:00Z,-48,0,56758,2026-09-17T17:19:00Z,False,False,ORI,False,False,LKSDB-1,T_LKSDB-1
BOALF,2026-09-17,37,38,2026-09-17T17:29:00Z,2026-09-17T17:30:00Z,-48,-70,56759,2026-09-17T17:20:00Z,False,False,ORI,False,False,LKSDB-1,T_LKSDB-1
BOALF,2026-09-17,37,37,2026-09-17T17:27:00Z,2026-09-17T17:29:00Z,-48,-48,56758,2026-09-17T17:19:00Z,False,False,ORI,False,False,LKSDB-1,T_LKSDB-1
BOALF,2026-09-17,37,37,2026-09-17T17:26:00Z,2026-09-17T17:27:00Z,-43,0,56757,2026-09-17T17:15:00Z,False,False,ORI,False,False,LKSDB-1,T_LKSDB-1
BOALF,2026-09-17,37,37,2026-09-17T17:26:00Z,2026-09-17T17:27:00Z,-43,-48,56758,2026-09-17T17:19:00Z,False,False,ORI,False,False,LKSDB-1,T_LKSDB-1
BOALF,2026-09-17,37,37,2026-09-17T17:24:00Z,2026-09-17T17:26:00Z,-43,-43,56757,2026-09-17T17:15:00Z,False,False,ORI,False,False,LKSDB-1,T_LKSDB-1
BOALF,2026-09-17,37,37,2026-09-17T17:23:00Z,2026-09-17T17:24:00Z,-70,0,56755,2026-09-17T17:09:00Z,False,False,ORI,False,False,LKSDB-1,T_LKSDB-1
BOALF,2026-09-17,37,37,2026-09-17T17:23:00Z,2026-09-17T17:24:00Z,-70,-43,56757,2026-09-17T17:15:00Z,False,False,ORI,False,False,LKSDB-1,T_LKSDB-1
BOALF,2026-09-17,37,37,2026-09-17T17:17:00Z,2026-09-17T17:23:00Z,-70,-70,56755,2026-09-17T17:09:00Z,False,False,ORI,False,False,LKSDB-1,T_LKSDB-1
BOALF,2026-09-17,37,37,2026-09-17T17:16:00Z,2026-09-17T17:17:00Z,-21,0,56754,2026-09-17T17:08:00Z,False,False,ORI,False,False,LKSDB-1,T_LKSDB-1
BOALF,2026-09-17,37,37,2026-09-17T17:16:00Z,2026-09-17T17:17:00Z,-21,-70,56755,2026-09-17T17:09:00Z,False,False,ORI,False,False,LKSDB-1,T_LKSDB-1
BOALF,2026-09-17,37,37,2026-09-17T17:14:00Z,2026-09-17T17:16:00Z,-21,-21,56754,2026-09-17T17:08:00Z,False,False,ORI,False,False,LKSDB-1,T_LKSDB-1
BOALF,2026-09-17,37,37,2026-09-17T17:13:00Z,2026-09-17T17:17:00Z,-70,-70,56756,2026-09-17T17:10:00Z,False,False,ORI,False,False,LKSDB-1,T_LKSDB-1
BOALF,2026-09-17,37,37,2026-09-17T17:13:00Z,2026-09-17T17:14:00Z,-70,0,56753,2026-09-17T17:06:00Z,False,False,ORI,False,False,LKSDB-1,T_LKSDB-1
BOALF,2026-09-17,37,37,2026-09-17T17:13:00Z,2026-09-17T17:14:00Z,-70,-21,56754,2026-09-17T17:08:00Z,False,False,ORI,False,False,LKSDB-1,T_LKSDB-1
BOALF,2026-09-17,37,37,2026-09-17T17:12:00Z,2026-09-17T17:13:00Z,-70,0,56752,2026-09-17T17:05:00Z,False,False,ORI,False,False,LKSDB-1,T_LKSDB-1
BOALF,2026-09-17,37,37,2026-09-17T17:12:00Z,2026-09-17T17:13:00Z,-70,-70,56753,2026-09-17T17:06:00Z,False,False,ORI,False,False,LKSDB-1,T_LKSDB-1
BOALF,2026-09-17,37,37,2026-09-17T17:07:00Z,2026-09-17T17:12:00Z,-70,-70,56752,2026-09-17T17:05:00Z,False,False,ORI,False,False,LKSDB-1,T_LKSDB-1
BOALF,2026-09-17,37,37,2026-09-17T17:06:00Z,2026-09-17T17:07:00Z,0,-70,56752,2026-09-17T17:05:00Z,False,False,ORI,False,False,LKSDB-1,T_LKSDB-1
BOALF,2026-09-17,37,37,2026-09-17T17:00:00Z,2026-09-17T17:01:00Z,70,0,56751,2026-09-17T16:24:00Z,False,False,ORI,False,False,LKSDB-1,T_LKSDB-1
BOALF,2026-09-17,36,37,2026-09-17T16:55:00Z,2026-09-17T17:00:00Z,70,70,56751,2026-09-17T16:24:00Z,False,False,ORI,False,False,LKSDB-1,T_LKSDB-1
BOALF,2026-09-17,36,36,2026-09-17T16:55:00Z,2026-09-17T16:56:00Z,70,0,56750,2026-09-17T16:15:00Z,False,False,ORI,False,False,LKSDB-1,T_LKSDB-1
BOALF,2026-09-17,36,36,2026-09-17T16:47:00Z,2026-09-17T16:55:00Z,70,70,56750,2026-09-17T16:15:00Z,False,False,ORI,False,False,LKSDB-1,T_LKSDB-1
BOALF,2026-09-17,36,36,2026-09-17T16:47:00Z,2026-09-17T16:48:00Z,70,0,56749,2026-09-17T16:07:00Z,False,False,ORI,False,False,LKSDB-1,T_LKSDB-1
BOALF,2026-09-17,36,36,2026-09-17T16:32:00Z,2026-09-17T16:47:00Z,70,70,56749,2026-09-17T16:07:00Z,False,False,ORI,False,False,LKSDB-1,T_LKSDB-1
BOALF,2026-09-17,36,36,2026-09-17T16:32:00Z,2026-09-17T16:33:00Z,70,0,56747,2026-09-17T16:02:00Z,False,False,ORI,False,False,LKSDB-1,T_LKSDB-1
BOALF,2026-09-17,35,36,2026-09-17T16:21:00Z,2026-09-17T16:32:00Z,70,70,56747,2026-09-17T16:02:00Z,False,False,ORI,False,False,LKSDB-1,T_LKSDB-1
BOALF,2026-09-17,35,35,2026-09-17T16:21:00Z,2026-09-17T16:22:00Z,70,0,56746,2026-09-17T16:01:00Z,False,False,ORI,False,False,LKSDB-1,T_LKSDB-1
BOALF,2026-09-17,35,35,2026-09-17T16:13:00Z,2026-09-17T16:21:00Z,70,70,56746,2026-09-17T16:01:00Z,False,False,ORI,False,False,LKSDB-1,T_LKSDB-1
BOALF,2026-09-17,35,35,2026-09-17T16:12:00Z,2026-09-17T16:13:00Z,66,0,56745,2026-09-17T16:00:00Z,False,False,ORI,False,False,LKSDB-1,T_LKSDB-1
BOALF,2026-09-17,35,35,2026-09-17T16:12:00Z,2026-09-17T16:13:00Z,66,70,56746,2026-09-17T16:01:00Z,False,False,ORI,False,False,LKSDB-1,T_LKSDB-1
BOALF,2026-09-17,35,35,2026-09-17T16:10:00Z,2026-09-17T16:12:00Z,66,66,56745,2026-09-17T16:00:00Z,False,False,ORI,False,False,LKSDB-1,T_LKSDB-1
BOALF,2026-09-17,35,35,2026-09-17T16:09:00Z,2026-09-17T16:10:00Z,24,0,56744,2026-09-17T15:59:00Z,False,False,ORI,False,False,LKSDB-1,T_LKSDB-1
BOALF,2026-09-17,35,35,2026-09-17T16:09:00Z,2026-09-17T16:10:00Z,24,66,56745,2026-09-17T16:00:00Z,False,False,ORI,False,False,LKSDB-1,T_LKSDB-1
BOALF,2026-09-17,35,35,2026-09-17T16:07:00Z,2026-09-17T16:09:00Z,24,24,56744,2026-09-17T15:59:00Z,False,False,ORI,False,False,LKSDB-1,T_LKSDB-1
BOALF,2026-09-17,35,35,2026-09-17T16:06:00Z,2026-09-17T16:07:00Z,0,24,56744,2026-09-17T15:59:00Z,False,False,ORI,False,False,LKSDB-1,T_LKSDB-1
BOALF,2026-09-17,35,35,2026-09-17T16:06:00Z,2026-09-17T16:07:00Z,24,24,56748,2026-09-17T16:04:00Z,False,False,ORI,False,False,LKSDB-1,T_LKSDB-1
BOALF,2026-09-17,35,35,2026-09-17T16:05:00Z,2026-09-17T16:06:00Z,0,24,56748,2026-09-17T16:04:00Z,False,False,ORI,False,False,LKSDB-1,T_LKSDB-1
BOALF,2026-09-17,35,35,2026-09-17T16:00:00Z,2026-09-17T16:01:00Z,70,0,56740,2026-09-17T15:36:00Z,False,False,ORI,False,False,LKSDB-1,T_LKSDB-1
BOALF,2026-09-17,34,35,2026-09-17T15:58:00Z,2026-09-17T16:00:00Z,70,70,56740,2026-09-17T15:36:00Z,False,False,ORI,False,False,LKSDB-1,T_LKSDB-1
BOALF,2026-09-17,34,34,2026-09-17T15:57:00Z,2026-09-17T15:58:00Z,29,0,56739,2026-09-17T15:35:00Z,False,False,ORI,False,False,LKSDB-1,T_LKSDB-1
BOALF,2026-09-17,34,34,2026-09-17T15:57:00Z,2026-09-17T15:58:00Z,29,70,56740,2026-09-17T15:36:00Z,False,False,ORI,False,False,LKSDB-1,T_LKSDB-1
BOALF,2026-09-17,34,34,2026-09-17T15:55:00Z,2026-09-17T15:57:00Z,29,29,56739,2026-09-17T15:35:00Z,False,False,ORI,False,False,LKSDB-1,T_LKSDB-1
BOALF,2026-09-17,34,34,2026-09-17T15:54:00Z,2026-09-17T15:58:00Z,70,70,56743,2026-09-17T15:49:00Z,False,False,ORI,False,False,LKSDB-1,T_LKSDB-1
BOALF,2026-09-17,34,34,2026-09-17T15:54:00Z,2026-09-17T15:55:00Z,70,0,56738,2026-09-17T15:34:00Z,False,False,ORI,False,False,LKSDB-1,T_LKSDB-1
BOALF,2026-09-17,34,34,2026-09-17T15:54:00Z,2026-09-17T15:55:00Z,70,29,56739,2026-09-17T15:35:00Z,False,False,ORI,False,False,LKSDB-1,T_LKSDB-1
BOALF,2026-09-17,34,34,2026-09-17T15:52:00Z,2026-09-17T15:54:00Z,70,70,56738,2026-09-17T15:34:00Z,False,False,ORI,False,False,LKSDB-1,T_LKSDB-1
BOALF,2026-09-17,34,34,2026-09-17T15:52:00Z,2026-09-17T15:53:00Z,25,0,56734,2026-09-17T15:26:00Z,False,False,ORI,False,False,LKSDB-1,T_LKSDB-1
BOALF,2026-09-17,34,34,2026-09-17T15:51:00Z,2026-09-17T15:52:00Z,59,25,56737,2026-09-17T15:33:00Z,False,False,ORI,False,False,LKSDB-1,T_LKSDB-1
BOALF,2026-09-17,34,34,2026-09-17T15:51:00Z,2026-09-17T15:52:00Z,59,70,56738,2026-09-17T15:34:00Z,False,False,ORI,False,False,LKSDB-1,T_LKSDB-1
BOALF,2026-09-17,34,34,2026-09-17T15:51:00Z,2026-09-17T15:52:00Z,61,70,56741,2026-09-17T15:44:00Z,False,False,ORI,False,False,LKSDB-1,T_LKSDB-1
BOALF,2026-09-17,34,34,2026-09-17T15:49:00Z,2026-09-17T15:52:00Z,70,70,56742,2026-09-17T15:45:00Z,False,False,ORI,False,False,LKSDB-1,T_LKSDB-1
BOALF,2026-09-17,34,34,2026-09-17T15:49:00Z,2026-09-17T15:51:00Z,59,59,56737,2026-09-17T15:33:00Z,False,False,ORI,False,False,LKSDB-1,T_LKSDB-1
BOALF,2026-09-17,34,34,2026-09-17T15:48:00Z,2026-09-17T15:51:00Z,61,61,56741,2026-09-17T15:44:00Z,False,False,ORI,False,False,LKSDB-1,T_LKSDB-1
BOALF,2026-09-17,34,34,2026-09-17T15:48:00Z,2026-09-17T15:49:00Z,26,25,56736,2026-09-17T15:32:00Z,False,False,ORI,False,False,LKSDB-1,T_LKSDB-1
BOALF,2026-09-17,34,34,2026-09-17T15:48:00Z,2026-09-17T15:49:00Z,26,59,56737,2026-09-17T15:33:00Z,False,False,ORI,False,False,LKSDB-1,T_LKSDB-1
BOALF,2026-09-17,34,34,2026-09-17T15:48:00Z,2026-09-17T15:49:00Z,61,70,56742,2026-09-17T15:45:00Z,False,False,ORI,False,False,LKSDB-1,T_LKSDB-1
BOALF,2026-09-17,34,34,2026-09-17T15:47:00Z,2026-09-17T15:48:00Z,26,61,56741,2026-09-17T15:44:00Z,False,False,ORI,False,False,LKSDB-1,T_LKSDB-1
BOALF,2026-09-17,34,34,2026-09-17T15:45:00Z,2026-09-17T15:52:00Z,25,25,56734,2026-09-17T15:26:00Z,False,False,ORI,False,False,LKSDB-1,T_LKSDB-1
BOALF,2026-09-17,34,34,2026-09-17T15:45:00Z,2026-09-17T15:48:00Z,26,26,56736,2026-09-17T15:32:00Z,False,False,ORI,False,False,LKSDB-1,T_LKSDB-1
BOALF,2026-09-17,34,34,2026-09-17T15:44:00Z,2026-09-17T15:45:00Z,39,0,56733,2026-09-17T15:25:00Z,False,False,ORI,False,False,LKSDB-1,T_LKSDB-1
BOALF,2026-09-17,34,34,2026-09-17T15:44:00Z,2026-09-17T15:45:00Z,39,25,56734,2026-09-17T15:26:00Z,False,False,ORI,False,False,LKSDB-1,T_LKSDB-1
BOALF,2026-09-17,34,34,2026-09-17T15:44:00Z,2026-09-17T15:45:00Z,41,25,56735,2026-09-17T15:31:00Z,False,False,ORI,False,False,LKSDB-1,T_LKSDB-1
BOALF,2026-09-17,34,34,2026-09-17T15:44:00Z,2026-09-17T15:45:00Z,41,26,56736,2026-09-17T15:32:00Z,False,False,ORI,False,False,LKSDB-1,T_LKSDB-1
BOALF,2026-09-17,34,34,2026-09-17T15:42:00Z,2026-09-17T15:44:00Z,39,39,56733,2026-09-17T15:25:00Z,False,False,ORI,False,False,LKSDB-1,T_LKSDB-1
BOALF,2026-09-17,34,34,2026-09-17T15:42:00Z,2026-09-17T15:44:00Z,41,41,56735,2026-09-17T15:31:00Z,False,False,ORI,False,False,LKSDB-1,T_LKSDB-1
BOALF,2026-09-17,34,34,2026-09-17T15:41:00Z,2026-09-17T15:42:00Z,59,0,56732,2026-09-17T15:24:00Z,False,False,ORI,False,False,LKSDB-1,T_LKSDB-1
BOALF,2026-09-17,34,34,2026-09-17T15:41:00Z,2026-09-17T15:42:00Z,59,39,56733,2026-09-17T15:25:00Z,False,False,ORI,False,False,LKSDB-1,T_LKSDB-1
BOALF,2026-09-17,34,34,2026-09-17T15:41:00Z,2026-09-17T15:42:00Z,59,41,56735,2026-09-17T15:31:00Z,False,False,ORI,False,False,LKSDB-1,T_LKSDB-1
BOALF,2026-09-17,34,34,2026-09-17T15:37:00Z,2026-09-17T15:41:00Z,59,59,56732,2026-09-17T15:24:00Z,False,False,ORI,False,False,LKSDB-1,T_LKSDB-1
BOALF,2026-09-17,34,34,2026-09-17T15:36:00Z,2026-09-17T15:37:00Z,62,0,56731,2026-09-17T15:23:00Z,False,False,ORI,False,False,LKSDB-1,T_LKSDB-1
BOALF,2026-09-17,34,34,2026-09-17T15:36:00Z,2026-09-17T15:37:00Z,62,59,56732,2026-09-17T15:24:00Z,False,False,ORI,False,False,LKSDB-1,T_LKSDB-1
BOALF,2026-09-17,34,34,2026-09-17T15:33:00Z,2026-09-17T15:34:00Z,31,0,56730,2026-09-17T15:18:00Z,False,False,ORI,False,False,LKSDB-1,T_LKSDB-1
BOALF,2026-09-17,34,34,2026-09-17T15:31:00Z,2026-09-17T15:36:00Z,62,62,56731,2026-09-17T15:23:00Z,False,False,ORI,False,False,LKSDB-1,T_LKSDB-1
BOALF,2026-09-17,34,34,2026-09-17T15:31:00Z,2026-09-17T15:33:00Z,31,31,56730,2026-09-17T15:18:00Z,False,False,ORI,False,False,LKSDB-1,T_LKSDB-1
BOALF,2026-09-17,34,34,2026-09-17T15:30:00Z,2026-09-17T15:31:00Z,70,0,56729,2026-09-17T15:17:00Z,False,False,ORI,False,False,LKSDB-1,T_LKSDB-1
BOALF,2026-09-17,34,34,2026-09-17T15:30:00Z,2026-09-17T15:31:00Z,70,31,56730,2026-09-17T15:18:00Z,False,False,ORI,False,False,LKSDB-1,T_LKSDB-1
BOALF,2026-09-17,34,34,2026-09-17T15:30:00Z,2026-09-17T15:31:00Z,70,62,56731,2026-09-17T15:23:00Z,False,False,ORI,False,False,LKSDB-1,T_LKSDB-1
BOALF,2026-09-17,33,34,2026-09-17T15:29:00Z,2026-09-17T15:30:00Z,18,0,56726,2026-09-17T15:10:00Z,False,False,ORI,False,False,LKSDB-1,T_LKSDB-1
BOALF,2026-09-17,33,33,2026-09-17T15:27:00Z,2026-09-17T15:29:00Z,18,18,56726,2026-09-17T15:10:00Z,False,False,ORI,False,False,LKSDB-1,T_LKSDB-1
BOALF,2026-09-17,33,33,2026-09-17T15:26:00Z,2026-09-17T15:27:00Z,0,18,56726,2026-09-17T15:10:00Z,False,False,ORI,False,False,LKSDB-1,T_LKSDB-1
BOALF,2026-09-17,33,34,2026-09-17T15:23:00Z,2026-09-17T15:30:00Z,70,70,56729,2026-09-17T15:17:00Z,False,False,ORI,False,False,LKSDB-1,T_LKSDB-1
BOALF,2026-09-17,33,33,2026-09-17T15:23:00Z,2026-09-17T15:24:00Z,70,0,56728,2026-09-17T15:16:00Z,False,False,ORI,False,False,LKSDB-1,T_LKSDB-1
BOALF,2026-09-17,33,33,2026-09-17T15:21:00Z,2026-09-17T15:22:00Z,8,0,56727,2026-09-17T15:15:00Z,False,False,ORI,False,False,LKSDB-1,T_LKSDB-1
BOALF,2026-09-17,33,33,2026-09-17T15:18:00Z,2026-09-17T15:23:00Z,70,70,56728,2026-09-17T15:16:00Z,False,False,ORI,False,False,LKSDB-1,T_LKSDB-1
BOALF,2026-09-17,33,33,2026-09-17T15:17:00Z,2026-09-17T15:21:00Z,8,8,56727,2026-09-17T15:15:00Z,False,False,ORI,False,False,LKSDB-1,T_LKSDB-1
BOALF,2026-09-17,33,33,2026-09-17T15:17:00Z,2026-09-17T15:18:00Z,8,70,56728,2026-09-17T15:16:00Z,False,False,ORI,False,False,LKSDB-1,T_LKSDB-1
BOALF,2026-09-17,33,33,2026-09-17T15:16:00Z,2026-09-17T15:17:00Z,0,8,56727,2026-09-17T15:15:00Z,False,False,ORI,False,False,LKSDB-1,T_LKSDB-1
BOALF,2026-09-17,32,32,2026-09-17T14:31:00Z,2026-09-17T14:32:00Z,-65,-70,56725,2026-09-17T14:26:00Z,False,False,ORI,False,False,LKSDB-1,T_LKSDB-1
BOALF,2026-09-17,32,32,2026-09-17T14:30:00Z,2026-09-17T14:31:00Z,-65,-65,56725,2026-09-17T14:26:00Z,False,False,ORI,False,False,LKSDB-1,T_LKSDB-1
BOALF,2026-09-17,31,31,2026-09-17T14:02:00Z,2026-09-17T14:03:00Z,-39,-70,56724,2026-09-17T13:29:00Z,False,False,ORI,False,False,LKSDB-1,T_LKSDB-1
BOALF,2026-09-17,31,31,2026-09-17T14:00:00Z,2026-09-17T14:02:00Z,-39,-39,56724,2026-09-17T13:29:00Z,False,False,ORI,False,False,LKSDB-1,T_LKSDB-1
BOALF,2026-09-17,29,30,2026-09-17T13:29:00Z,2026-09-17T13:30:00Z,-38,-39,56723,2026-09-17T13:24:00Z,False,False,ORI,False,False,LKSDB-1,T_LKSDB-1
BOALF,2026-09-17,29,29,2026-09-17T13:27:00Z,2026-09-17T13:29:00Z,-38,-38,56723,2026-09-17T13:24:00Z,False,False,ORI,False,False,LKSDB-1,T_LKSDB-1
BOALF,2026-09-17,29,29,2026-09-17T13:26:00Z,2026-09-17T13:27:00Z,-39,-38,56723,2026-09-17T13:24:00Z,False,False,ORI,False,False,LKSDB-1,T_LKSDB-1
BOALF,2026-09-17,29,29,2026-09-17T13:14:00Z,2026-09-17T13:15:00Z,-1,-39,56722,2026-09-17T13:10:00Z,False,False,ORI,False,False,LKSDB-1,T_LKSDB-1
BOALF,2026-09-17,29,29,2026-09-17T13:12:00Z,2026-09-17T13:14:00Z,-1,-1,56722,2026-09-17T13:10:00Z,False,False,ORI,False,False,LKSDB-1,T_LKSDB-1
BOALF,2026-09-17,29,29,2026-09-17T13:11:00Z,2026-09-17T13:12:00Z,-39,-1,56722,2026-09-17T13:10:00Z,False,False,ORI,False,False,LKSDB-1,T_LKSDB-1
BOALF,2026-09-17,28,28,2026-09-17T12:34:00Z,2026-09-17T12:35:00Z,0,-39,56721,2026-09-17T12:03:00Z,False,False,ORI,False,False,LKSDB-1,T_LKSDB-1
BOALF,2026-09-17,28,28,2026-09-17T12:31:00Z,2026-09-17T12:34:00Z,0,0,56721,2026-09-17T12:03:00Z,False,False,ORI,False,False,LKSDB-1,T_LKSDB-1
BOALF,2026-09-17,28,28,2026-09-17T12:30:00Z,2026-09-17T12:31:00Z,10,0,56720,2026-09-17T11:54:00Z,False,False,ORI,False,False,LKSDB-1,T_LKSDB-1
BOALF,2026-09-17,27,27,2026-09-17T12:04:00Z,2026-09-17T12:05:00Z,0,-39,56719,2026-09-17T11:33:00Z,False,False,ORI,False,False,LKSDB-1,T_LKSDB-1
BOALF,2026-09-17,27,28,2026-09-17T12:01:00Z,2026-09-17T12:30:00Z,10,10,56720,2026-09-17T11:54:00Z,False,False,ORI,False,False,LKSDB-1,T_LKSDB-1
BOALF,2026-09-17,27,27,2026-09-17T12:00:00Z,2026-09-17T12:01:00Z,0,10,56720,2026-09-17T11:54:00Z,False,False,ORI,False,False,LKSDB-1,T_LKSDB-1
BOALF,2026-09-17,26,26,2026-09-17T11:44:00Z,2026-09-17T11:45:00Z,-7,-39,56714,2026-09-17T11:13:00Z,False,False,ORI,False,False,LKSDB-1,T_LKSDB-1
BOALF,2026-09-17,26,27,2026-09-17T11:42:00Z,2026-09-17T12:04:00Z,0,0,56719,2026-09-17T11:33:00Z,False,False,ORI,False,False,LKSDB-1,T_LKSDB-1
BOALF,2026-09-17,26,26,2026-09-17T11:42:00Z,2026-09-17T11:44:00Z,-7,-7,56714,2026-09-17T11:13:00Z,False,False,ORI,False,False,LKSDB-1,T_LKSDB-1
BOALF,2026-09-17,26,26,2026-09-17T11:41:00Z,2026-09-17T11:42:00Z,0,-39,56713,2026-09-17T11:12:00Z,False,False,ORI,False,False,LKSDB-1,T_LKSDB-1
BOALF,2026-09-17,26,26,2026-09-17T11:41:00Z,2026-09-17T11:42:00Z,0,-7,56714,2026-09-17T11:13:00Z,False,False,ORI,False,False,LKSDB-1,T_LKSDB-1
BOALF,2026-09-17,26,26,2026-09-17T11:41:00Z,2026-09-17T11:42:00Z,1,0,56718,2026-09-17T11:32:00Z,False,False,ORI,False,False,LKSDB-1,T_LKSDB-1
BOALF,2026-09-17,26,26,2026-09-17T11:39:00Z,2026-09-17T11:41:00Z,1,1,56718,2026-09-17T11:32:00Z,False,False,ORI,False,False,LKSDB-1,T_LKSDB-1
BOALF,2026-09-17,26,26,2026-09-17T11:38:00Z,2026-09-17T11:39:00Z,13,0,56717,2026-09-17T11:31:00Z,False,False,ORI,False,False,LKSDB-1,T_LKSDB-1
BOALF,2026-09-17,26,26,2026-09-17T11:38:00Z,2026-09-17T11:39:00Z,13,1,56718,2026-09-17T11:32:00Z,False,False,ORI,False,False,LKSDB-1,T_LKSDB-1
BOALF,2026-09-17,26,26,2026-09-17T11:35:00Z,2026-09-17T11:38:00Z,13,13,56717,2026-09-17T11:31:00Z,False,False,ORI,False,False,LKSDB-1,T_LKSDB-1
BOALF,2026-09-17,26,26,2026-09-17T11:35:00Z,2026-09-17T11:36:00Z,13,0,56716,2026-09-17T11:24:00Z,False,False,ORI,False,False,LKSDB-1,T_LKSDB-1
BOALF,2026-09-17,26,26,2026-09-17T11:33:00Z,2026-09-17T11:35:00Z,13,13,56716,2026-09-17T11:24:00Z,False,False,ORI,False,False,LKSDB-1,T_LKSDB-1
BOALF,2026-09-17,26,26,2026-09-17T11:32:00Z,2026-09-17T11:33:00Z,0,13,56716,2026-09-17T11:24:00Z,False,False,ORI,False,False,LKSDB-1,T_LKSDB-1
BOALF,2026-09-17,26,26,2026-09-17T11:30:00Z,2026-09-17T11:41:00Z,0,0,56713,2026-09-17T11:12:00Z,False,False,ORI,False,False,LKSDB-1,T_LKSDB-1
BOALF,2026-09-17,25,26,2026-09-17T11:29:00Z,2026-09-17T11:30:00Z,21,0,56712,2026-09-17T11:11:00Z,False,False,ORI,False,False,LKSDB-1,T_LKSDB-1
BOALF,2026-09-17,25,25,2026-09-17T11:28:00Z,2026-09-17T11:29:00Z,0,-39,56708,2026-09-17T10:51:00Z,False,False,ORI,False,False,LKSDB-1,T_LKSDB-1
BOALF,2026-09-17,25,25,2026-09-17T11:27:00Z,2026-09-17T11:29:00Z,21,21,56712,2026-09-17T11:11:00Z,False,False,ORI,False,False,LKSDB-1,T_LKSDB-1
BOALF,2026-09-17,25,25,2026-09-17T11:26:00Z,2026-09-17T11:27:00Z,12,0,56711,2026-09-17T11:10:00Z,False,False,ORI,False,False,LKSDB-1,T_LKSDB-1
BOALF,2026-09-17,25,25,2026-09-17T11:26:00Z,2026-09-17T11:27:00Z,12,21,56712,2026-09-17T11:11:00Z,False,False,ORI,False,False,LKSDB-1,T_LKSDB-1
BOALF,2026-09-17,25,25,2026-09-17T11:24:00Z,2026-09-17T11:26:00Z,12,12,56711,2026-09-17T11:10:00Z,False,False,ORI,False,False,LKSDB-1,T_LKSDB-1
BOALF,2026-09-17,25,25,2026-09-17T11:23:00Z,2026-09-17T11:27:00Z,21,21,56715,2026-09-17T11:15:00Z,False,False,ORI,False,False,LKSDB-1,T_LKSDB-1
BOALF,2026-09-17,25,25,2026-09-17T11:23:00Z,2026-09-17T11:24:00Z,21,0,56710,2026-09-17T11:09:00Z,False,False,ORI,False,False,LKSDB-1,T_LKSDB-1
BOALF,2026-09-17,25,25,2026-09-17T11:23:00Z,2026-09-17T11:24:00Z,21,12,56711,2026-09-17T11:10:00Z,False,False,ORI,False,False,LKSDB-1,T_LKSDB-1
BOALF,2026-09-17,25,25,2026-09-17T11:15:00Z,2026-09-17T11:23:00Z,21,21,56710,2026-09-17T11:09:00Z,False,False,ORI,False,False,LKSDB-1,T_LKSDB-1
BOALF,2026-09-17,25,25,2026-09-17T11:14:00Z,2026-09-17T11:15:00Z,0,21,56710,2026-09-17T11:09:00Z,False,False,ORI,False,False,LKSDB-1,T_LKSDB-1
BOALF,2026-09-17,25,25,2026-09-17T11:10:00Z,2026-09-17T11:11:00Z,21,0,56709,2026-09-17T11:02:00Z,False,False,ORI,False,False,LKSDB-1,T_LKSDB-1
BOALF,2026-09-17,25,25,2026-09-17T11:06:00Z,2026-09-17T11:10:00Z,21,21,56709,2026-09-17T11:02:00Z,False,False,ORI,False,False,LKSDB-1,T_LKSDB-1
BOALF,2026-09-17,25,25,2026-09-17T11:05:00Z,2026-09-17T11:06:00Z,0,21,56709,2026-09-17T11:02:00Z,False,False,ORI,False,False,LKSDB-1,T_LKSDB-1
BOALF,2026-09-17,25,25,2026-09-17T11:00:00Z,2026-09-17T11:28:00Z,0,0,56708,2026-09-17T10:51:00Z,False,False,ORI,False,False,LKSDB-1,T_LKSDB-1
BOALF,2026-09-17,24,25,2026-09-17T10:59:00Z,2026-09-17T11:00:00Z,-39,0,56708,2026-09-17T10:51:00Z,False,False,ORI,False,False,LKSDB-1,T_LKSDB-1
BOALF,2026-09-17,24,24,2026-09-17T10:55:00Z,2026-09-17T10:56:00Z,-11,-39,56707,2026-09-17T10:48:00Z,False,False,ORI,False,False,LKSDB-1,T_LKSDB-1
BOALF,2026-09-17,24,24,2026-09-17T10:53:00Z,2026-09-17T10:55:00Z,-11,-11,56707,2026-09-17T10:48:00Z,False,False,ORI,False,False,LKSDB-1,T_LKSDB-1
BOALF,2026-09-17,24,24,2026-09-17T10:52:00Z,2026-09-17T10:53:00Z,-39,-11,56707,2026-09-17T10:48:00Z,False,False,ORI,False,False,LKSDB-1,T_LKSDB-1
BOALF,2026-09-17,24,24,2026-09-17T10:47:00Z,2026-09-17T10:48:00Z,0,-39,56706,2026-09-17T10:24:00Z,False,False,ORI,False,False,LKSDB-1,T_LKSDB-1
BOALF,2026-09-17,24,24,2026-09-17T10:30:00Z,2026-09-17T10:47:00Z,0,0,56706,2026-09-17T10:24:00Z,False,False,ORI,False,False,LKSDB-1,T_LKSDB-1
BOALF,2026-09-17,24,24,2026-09-17T10:30:00Z,2026-09-17T10:31:00Z,0,-39,56705,2026-09-17T10:14:00Z,False,False,ORI,False,False,LKSDB-1,T_LKSDB-1
BOALF,2026-09-17,23,24,2026-09-17T10:26:00Z,2026-09-17T10:30:00Z,0,0,56705,2026-09-17T10:14:00Z,False,False,ORI,False,False,LKSDB-1,T_LKSDB-1
BOALF,2026-09-17,23,23,2026-09-17T10:26:00Z,2026-09-17T10:27:00Z,0,-22,56704,2026-09-17T10:02:00Z,False,False,ORI,False,False,LKSDB-1,T_LKSDB-1
BOALF,2026-09-17,23,23,2026-09-17T10:15:00Z,2026-09-17T10:26:00Z,0,0,56704,2026-09-17T10:02:00Z,False,False,ORI,False,False,LKSDB-1,T_LKSDB-1
BOALF,2026-09-17,23,23,2026-09-17T10:15:00Z,2026-09-17T10:16:00Z,0,-22,56703,2026-09-17T09:55:00Z,False,False,ORI,False,False,LKSDB-1,T_LKSDB-1
BOALF,2026-09-17,23,23,2026-09-17T10:00:00Z,2026-09-17T10:15:00Z,0,0,56703,2026-09-17T09:55:00Z,False,False,ORI,False,False,LKSDB-1,T_LKSDB-1
BOALF,2026-09-17,22,22,2026-09-17T09:53:00Z,2026-09-17T09:54:00Z,0,-5,56702,2026-09-17T09:35:00Z,False,False,ORI,False,False,LKSDB-1,T_LKSDB-1
BOALF,2026-09-17,22,22,2026-09-17T09:44:00Z,2026-09-17T09:53:00Z,0,0,56702,2026-09-17T09:35:00Z,False,False,ORI,False,False,LKSDB-1,T_LKSDB-1
BOALF,2026-09-17,22,22,2026-09-17T09:44:00Z,2026-09-17T09:45:00Z,0,-5,56701,2026-09-17T09:25:00Z,False,False,ORI,False,False,LKSDB-1,T_LKSDB-1
BOALF,2026-09-17,22,22,2026-09-17T09:31:00Z,2026-09-17T09:44:00Z,0,0,56701,2026-09-17T09:25:00Z,False,False,ORI,False,False,LKSDB-1,T_LKSDB-1
BOALF,2026-09-17,22,22,2026-09-17T09:30:00Z,2026-09-17T09:31:00Z,-5,0,56701,2026-09-17T09:25:00Z,False,False,ORI,False,False,LKSDB-1,T_LKSDB-1
BOALF,2026-09-17,21,21,2026-09-17T09:10:00Z,2026-09-17T09:11:00Z,0,-5,56700,2026-09-17T09:04:00Z,False,False,ORI,False,False,LKSDB-1,T_LKSDB-1
BOALF,2026-09-17,21,21,2026-09-17T09:08:00Z,2026-09-17T09:10:00Z,0,0,56700,2026-09-17T09:04:00Z,False,False,ORI,False,False,LKSDB-1,T_LKSDB-1
BOALF,2026-09-17,21,21,2026-09-17T09:07:00Z,2026-09-17T09:08:00Z,-5,0,56700,2026-09-17T09:04:00Z,False,False,ORI,False,False,LKSDB-1,T_LKSDB-1
BOALF,2026-09-17,16,16,2026-09-17T06:41:00Z,2026-09-17T06:42:00Z,20,0,56699,2026-09-17T06:30:00Z,False,False,ORI,False,False,LKSDB-1,T_LKSDB-1
BOALF,2026-09-17,16,16,2026-09-17T06:38:00Z,2026-09-17T06:41:00Z,20,20,56699,2026-09-17T06:30:00Z,False,False,ORI,False,False,LKSDB-1,T_LKSDB-1
BOALF,2026-09-17,16,16,2026-09-17T06:38:00Z,2026-09-17T06:39:00Z,20,0,56698,2026-09-17T06:29:00Z,False,False,ORI,False,False,LKSDB-1,T_LKSDB-1
BOALF,2026-09-17,16,16,2026-09-17T06:34:00Z,2026-09-17T06:38:00Z,20,20,56698,2026-09-17T06:29:00Z,False,False,ORI,False,False,LKSDB-1,T_LKSDB-1
BOALF,2026-09-17,16,16,2026-09-17T06:33:00Z,2026-09-17T06:34:00Z,0,20,56698,2026-09-17T06:29:00Z,False,False,ORI,False,False,LKSDB-1,T_LKSDB-1
BOALF,2026-09-17,15,15,2026-09-17T06:27:00Z,2026-09-17T06:28:00Z,21,20,56697,2026-09-17T06:11:00Z,False,False,ORI,False,False,LKSDB-1,T_LKSDB-1
BOALF,2026-09-17,15,15,2026-09-17T06:17:00Z,2026-09-17T06:27:00Z,21,21,56697,2026-09-17T06:11:00Z,False,False,ORI,False,False,LKSDB-1,T_LKSDB-1
BOALF,2026-09-17,15,15,2026-09-17T06:16:00Z,2026-09-17T06:17:00Z,20,21,56697,2026-09-17T06:11:00Z,False,False,ORI,False,False,LKSDB-1,T_LKSDB-1
BOALF,2026-09-17,14,14,2026-09-17T05:56:00Z,2026-09-17T05:57:00Z,38,24,56696,2026-09-17T05:47:00Z,False,False,ORI,False,False,LKSDB-1,T_LKSDB-1
BOALF,2026-09-17,14,14,2026-09-17T05:52:00Z,2026-09-17T05:56:00Z,38,38,56696,2026-09-17T05:47:00Z,False,False,ORI,False,False,LKSDB-1,T_LKSDB-1
BOALF,2026-09-17,14,14,2026-09-17T05:51:00Z,2026-09-17T05:52:00Z,24,38,56696,2026-09-17T05:47:00Z,False,False,ORI,False,False,LKSDB-1,T_LKSDB-1
BOALF,2026-09-17,14,14,2026-09-17T05:48:00Z,2026-09-17T05:49:00Z,38,24,56695,2026-09-17T05:32:00Z,False,False,ORI,False,False,LKSDB-1,T_LKSDB-1
BOALF,2026-09-17,14,14,2026-09-17T05:45:00Z,2026-09-17T05:48:00Z,38,38,56695,2026-09-17T05:32:00Z,False,False,ORI,False,False,LKSDB-1,T_LKSDB-1
BOALF,2026-09-17,14,14,2026-09-17T05:45:00Z,2026-09-17T05:46:00Z,38,24,56694,2026-09-17T05:29:00Z,False,False,ORI,False,False,LKSDB-1,T_LKSDB-1
BOALF,2026-09-17,14,14,2026-09-17T05:36:00Z,2026-09-17T05:45:00Z,38,38,56694,2026-09-17T05:29:00Z,False,False,ORI,False,False,LKSDB-1,T_LKSDB-1
BOALF,2026-09-17,14,14,2026-09-17T05:35:00Z,2026-09-17T05:36:00Z,24,38,56694,2026-09-17T05:29:00Z,False,False,ORI,False,False,LKSDB-1,T_LKSDB-1
BOALF,2026-09-17,13,13,2026-09-17T05:08:00Z,2026-09-17T05:09:00Z,-25,0,56689,2026-09-17T04:53:00Z,False,False,ORI,False,False,LKSDB-1,T_LKSDB-1
BOALF,2026-09-17,13,13,2026-09-17T05:08:00Z,2026-09-17T05:09:00Z,0,0,56693,2026-09-17T04:57:00Z,False,False,ORI,False,False,LKSDB-1,T_LKSDB-1
BOALF,2026-09-17,13,13,2026-09-17T05:07:00Z,2026-09-17T05:08:00Z,-25,0,56693,2026-09-17T04:57:00Z,False,False,ORI,False,False,LKSDB-1,T_LKSDB-1
BOALF,2026-09-17,13,13,2026-09-17T05:04:00Z,2026-09-17T05:05:00Z,50,0,56692,2026-09-17T04:56:00Z,False,False,ORI,False,False,LKSDB-1,T_LKSDB-1
BOALF,2026-09-17,13,13,2026-09-17T05:02:00Z,2026-09-17T05:04:00Z,50,50,56692,2026-09-17T04:56:00Z,False,False,ORI,False,False,LKSDB-1,T_LKSDB-1
BOALF,2026-09-17,13,13,2026-09-17T05:02:00Z,2026-09-17T05:03:00Z,50,0,56690,2026-09-17T04:54:00Z,False,False,ORI,False,False,LKSDB-1,T_LKSDB-1
BOALF,2026-09-17,13,13,2026-09-17T05:00:00Z,2026-09-17T05:08:00Z,-25,-25,56689,2026-09-17T04:53:00Z,False,False,ORI,False,False,LKSDB-1,T_LKSDB-1
BOALF,2026-09-17,13,13,2026-09-17T05:00:00Z,2026-09-17T05:02:00Z,50,50,56690,2026-09-17T04:54:00Z,False,False,ORI,False,False,LKSDB-1,T_LKSDB-1
BOALF,2026-09-17,12,13,2026-09-17T04:59:00Z,2026-09-17T05:00:00Z,0,-25,56689,2026-09-17T04:53:00Z,False,False,ORI,False,False,LKSDB-1,T_LKSDB-1
BOALF,2026-09-17,12,13,2026-09-17T04:59:00Z,2026-09-17T05:00:00Z,0,50,56690,2026-09-17T04:54:00Z,False,False,ORI,False,False,LKSDB-1,T_LKSDB-1
BOALF,2026-09-17,12,13,2026-09-17T04:59:00Z,2026-09-17T05:00:00Z,50,50,56691,2026-09-17T04:55:00Z,False,False,ORI,False,False,LKSDB-1,T_LKSDB-1
BOALF,2026-09-17,12,12,2026-09-17T04:58:00Z,2026-09-17T04:59:00Z,0,50,56691,2026-09-17T04:55:00Z,False,False,ORI,False,False,LKSDB-1,T_LKSDB-1
BOALF,2026-09-17,12,12,2026-09-17T04:55:00Z,2026-09-17T04:56:00Z,50,0,56687,2026-09-17T04:47:00Z,False,False,ORI,False,False,LKSDB-1,T_LKSDB-1
BOALF,2026-09-17,12,12,2026-09-17T04:53:00Z,2026-09-17T04:55:00Z,50,50,56687,2026-09-17T04:47:00Z,False,False,ORI,False,False,LKSDB-1,T_LKSDB-1
BOALF,2026-09-17,12,12,2026-09-17T04:52:00Z,2026-09-17T04:53:00Z,0,50,56687,2026-09-17T04:47:00Z,False,False,ORI,False,False,LKSDB-1,T_LKSDB-1
BOALF,2026-09-17,12,12,2026-09-17T04:51:00Z,2026-09-17T04:53:00Z,50,50,56688,2026-09-17T04:48:00Z,False,False,ORI,False,False,LKSDB-1,T_LKSDB-1
BOALF,2026-09-17,12,12,2026-09-17T04:50:00Z,2026-09-17T04:51:00Z,0,50,56688,2026-09-17T04:48:00Z,False,False,ORI,False,False,LKSDB-1,T_LKSDB-1
BOALF,2026-09-17,12,12,2026-09-17T04:47:00Z,2026-09-17T04:48:00Z,16,0,56686,2026-09-17T04:36:00Z,False,False,ORI,False,False,LKSDB-1,T_LKSDB-1
BOALF,2026-09-17,12,12,2026-09-17T04:45:00Z,2026-09-17T04:47:00Z,16,16,56686,2026-09-17T04:36:00Z,False,False,ORI,False,False,LKSDB-1,T_LKSDB-1
BOALF,2026-09-17,12,12,2026-09-17T04:44:00Z,2026-09-17T04:45:00Z,35,0,56685,2026-09-17T04:35:00Z,False,False,ORI,False,False,LKSDB-1,T_LKSDB-1
BOALF,2026-09-17,12,12,2026-09-17T04:44:00Z,2026-09-17T04:45:00Z,35,16,56686,2026-09-17T04:36:00Z,False,False,ORI,False,False,LKSDB-1,T_LKSDB-1
BOALF,2026-09-17,12,12,2026-09-17T04:42:00Z,2026-09-17T04:44:00Z,35,35,56685,2026-09-17T04:35:00Z,False,False,ORI,False,False,LKSDB-1,T_LKSDB-1
BOALF,2026-09-17,12,12,2026-09-17T04:41:00Z,2026-09-17T04:42:00Z,50,0,56684,2026-09-17T04:34:00Z,False,False,ORI,False,False,LKSDB-1,T_LKSDB-1
BOALF,2026-09-17,12,12,2026-09-17T04:41:00Z,2026-09-17T04:42:00Z,50,35,56685,2026-09-17T04:35:00Z,False,False,ORI,False,False,LKSDB-1,T_LKSDB-1
BOALF,2026-09-17,12,12,2026-09-17T04:40:00Z,2026-09-17T04:41:00Z,50,0,56683,2026-09-17T04:23:00Z,False,False,ORI,False,False,LKSDB-1,T_LKSDB-1
BOALF,2026-09-17,12,12,2026-09-17T04:40:00Z,2026-09-17T04:41:00Z,50,50,56684,2026-09-17T04:34:00Z,False,False,ORI,False,False,LKSDB-1,T_LKSDB-1
BOALF,2026-09-17,12,12,2026-09-17T04:34:00Z,2026-09-17T04:40:00Z,50,50,56683,2026-09-17T04:23:00Z,False,False,ORI,False,False,LKSDB-1,T_LKSDB-1
BOALF,2026-09-17,12,12,2026-09-17T04:33:00Z,2026-09-17T04:34:00Z,0,50,56683,2026-09-17T04:23:00Z,False,False,ORI,False,False,LKSDB-1,T_LKSDB-1
BOALF,2026-09-17,10,11,2026-09-17T03:59:00Z,2026-09-17T04:00:00Z,12,0,56682,2026-09-17T03:45:00Z,False,False,ORI,False,False,LKSDB-1,T_LKSDB-1
BOALF,2026-09-17,10,10,2026-09-17T03:57:00Z,2026-09-17T03:59:00Z,12,12,56682,2026-09-17T03:45:00Z,False,False,ORI,False,False,LKSDB-1,T_LKSDB-1
BOALF,2026-09-17,10,10,2026-09-17T03:56:00Z,2026-09-17T03:57:00Z,0,12,56682,2026-09-17T03:45:00Z,False,False,ORI,False,False,LKSDB-1,T_LKSDB-1
BOALF,2026-09-17,10,10,2026-09-17T03:41:00Z,2026-09-17T03:42:00Z,50,0,56681,2026-09-17T03:17:00Z,False,False,ORI,False,False,LKSDB-1,T_LKSDB-1
BOALF,2026-09-17,10,10,2026-09-17T03:32:00Z,2026-09-17T03:41:00Z,50,50,56681,2026-09-17T03:17:00Z,False,False,ORI,False,False,LKSDB-1,T_LKSDB-1
BOALF,2026-09-17,10,10,2026-09-17T03:32:00Z,2026-09-17T03:33:00Z,50,0,56679,2026-09-17T03:10:00Z,False,False,ORI,False,False,LKSDB-1,T_LKSDB-1
BOALF,2026-09-17,9,10,2026-09-17T03:18:00Z,2026-09-17T03:32:00Z,50,50,56679,2026-09-17T03:10:00Z,False,False,ORI,False,False,LKSDB-1,T_LKSDB-1
BOALF,2026-09-17,9,9,2026-09-17T03:17:00Z,2026-09-17T03:18:00Z,0,50,56679,2026-09-17T03:10:00Z,False,False,ORI,False,False,LKSDB-1,T_LKSDB-1
BOALF,2026-09-17,9,9,2026-09-17T03:17:00Z,2026-09-17T03:18:00Z,50,50,56680,2026-09-17T03:13:00Z,False,False,ORI,False,False,LKSDB-1,T_LKSDB-1
BOALF,2026-09-17,9,9,2026-09-17T03:16:00Z,2026-09-17T03:17:00Z,0,50,56680,2026-09-17T03:13:00Z,False,False,ORI,False,False,LKSDB-1,T_LKSDB-1
BOALF,2026-09-17,9,9,2026-09-17T03:12:00Z,2026-09-17T03:13:00Z,50,0,56678,2026-09-17T02:57:00Z,False,False,ORI,False,False,LKSDB-1,T_LKSDB-1
BOALF,2026-09-17,9,9,2026-09-17T03:02:00Z,2026-09-17T03:12:00Z,50,50,56678,2026-09-17T02:57:00Z,False,False,ORI,False,False,LKSDB-1,T_LKSDB-1
BOALF,2026-09-17,9,9,2026-09-17T03:01:00Z,2026-09-17T03:02:00Z,0,50,56678,2026-09-17T02:57:00Z,False,False,ORI,False,False,LKSDB-1,T_LKSDB-1
BOALF,2026-09-17,8,9,2026-09-17T02:58:00Z,2026-09-17T03:00:00Z,0,0,56676,2026-09-17T02:42:00Z,False,False,ORI,False,False,LKSDB-1,T_LKSDB-1
BOALF,2026-09-17,8,8,2026-09-17T02:57:00Z,2026-09-17T02:58:00Z,-25,0,56676,2026-09-17T02:42:00Z,False,False,ORI,False,False,LKSDB-1,T_LKSDB-1
BOALF,2026-09-17,8,8,2026-09-17T02:55:00Z,2026-09-17T02:58:00Z,0,0,56677,2026-09-17T02:50:00Z,False,False,ORI,False,False,LKSDB-1,T_LKSDB-1
BOALF,2026-09-17,8,8,2026-09-17T02:54:00Z,2026-09-17T02:55:00Z,-25,0,56677,2026-09-17T02:50:00Z,False,False,ORI,False,False,LKSDB-1,T_LKSDB-1
BOALF,2026-09-17,8,8,2026-09-17T02:49:00Z,2026-09-17T02:50:00Z,-1,-25,56675,2026-09-17T02:26:00Z,False,False,ORI,False,False,LKSDB-1,T_LKSDB-1
BOALF,2026-09-17,8,8,2026-09-17T02:31:00Z,2026-09-17T02:49:00Z,-1,-1,56675,2026-09-17T02:26:00Z,False,False,ORI,False,False,LKSDB-1,T_LKSDB-1
BOALF,2026-09-17,8,8,2026-09-17T02:30:00Z,2026-09-17T02:31:00Z,-10,-1,56675,2026-09-17T02:26:00Z,False,False,ORI,False,False,LKSDB-1,T_LKSDB-1
BOALF,2026-09-17,7,7,2026-09-17T02:11:00Z,2026-09-17T02:12:00Z,-25,-10,56674,2026-09-17T01:55:00Z,False,False,ORI,False,False,LKSDB-1,T_LKSDB-1
BOALF,2026-09-17,7,7,2026-09-17T02:00:00Z,2026-09-17T02:11:00Z,-25,-25,56674,2026-09-17T01:55:00Z,False,False,ORI,False,False,LKSDB-1,T_LKSDB-1
BOALF,2026-09-17,6,7,2026-09-17T01:59:00Z,2026-09-17T02:00:00Z,-9,-25,56674,2026-09-17T01:55:00Z,False,False,ORI,False,False,LKSDB-1,T_LKSDB-1
BOALF,2026-09-17,6,6,2026-09-17T01:34:00Z,2026-09-17T01:35:00Z,0,-9,56673,2026-09-17T01:27:00Z,False,False,ORI,False,False,LKSDB-1,T_LKSDB-1
BOALF,2026-09-17,6,6,2026-09-17T01:32:00Z,2026-09-17T01:34:00Z,0,0,56673,2026-09-17T01:27:00Z,False,False,ORI,False,False,LKSDB-1,T_LKSDB-1
BOALF,2026-09-17,6,6,2026-09-17T01:31:00Z,2026-09-17T01:32:00Z,-9,0,56673,2026-09-17T01:27:00Z,False,False,ORI,False,False,LKSDB-1,T_LKSDB-1
BOALF,2026-09-17,5,5,2026-09-17T01:04:00Z,2026-09-17T01:05:00Z,8,0,56672,2026-09-17T00:47:00Z,False,False,ORI,False,False,LKSDB-1,T_LKSDB-1
BOALF,2026-09-17,4,5,2026-09-17T00:56:00Z,2026-09-17T01:04:00Z,8,8,56672,2026-09-17T00:47:00Z,False,False,ORI,False,False,LKSDB-1,T_LKSDB-1
BOALF,2026-09-17,4,4,2026-09-17T00:56:00Z,2026-09-17T00:57:00Z,8,0,56671,2026-09-17T00:45:00Z,False,False,ORI,False,False,LKSDB-1,T_LKSDB-1
BOALF,2026-09-17,4,4,2026-09-17T00:54:00Z,2026-09-17T00:56:00Z,8,8,56671,2026-09-17T00:45:00Z,False,False,ORI,False,False,LKSDB-1,T_LKSDB-1
BOALF,2026-09-17,4,4,2026-09-17T00:54:00Z,2026-09-17T00:55:00Z,8,0,56670,2026-09-17T00:39:00Z,False,False,ORI,False,False,LKSDB-1,T_LKSDB-1
BOALF,2026-09-17,4,4,2026-09-17T00:51:00Z,2026-09-17T00:54:00Z,8,8,56670,2026-09-17T00:39:00Z,False,False,ORI,False,False,LKSDB-1,T_LKSDB-1
BOALF,2026-09-17,4,4,2026-09-17T00:50:00Z,2026-09-17T00:51:00Z,0,-2,56669,2026-09-17T00:38:00Z,False,False,ORI,False,False,LKSDB-1,T_LKSDB-1
BOALF,2026-09-17,4,4,2026-09-17T00:50:00Z,2026-09-17T00:51:00Z,0,8,56670,2026-09-17T00:39:00Z,False,False,ORI,False,False,LKSDB-1,T_LKSDB-1
BOALF,2026-09-17,4,4,2026-09-17T00:46:00Z,2026-09-17T00:50:00Z,0,0,56669,2026-09-17T00:38:00Z,False,False,ORI,False,False,LKSDB-1,T_LKSDB-1
BOALF,2026-09-17,4,4,2026-09-17T00:45:00Z,2026-09-17T00:46:00Z,3,0,56668,2026-09-17T00:25:00Z,False,False,ORI,False,False,LKSDB-1,T_LKSDB-1
BOALF,2026-09-17,4,4,2026-09-17T00:40:00Z,2026-09-17T00:45:00Z,3,3,56668,2026-09-17T00:25:00Z,False,False,ORI,False,False,LKSDB-1,T_LKSDB-1
BOALF,2026-09-17,4,4,2026-09-17T00:40:00Z,2026-09-17T00:41:00Z,3,0,56667,2026-09-17T00:23:00Z,False,False,ORI,False,False,LKSDB-1,T_LKSDB-1
BOALF,2026-09-17,4,4,2026-09-17T00:35:00Z,2026-09-17T00:36:00Z,0,-2,56666,2026-09-17T00:20:00Z,False,False,ORI,False,False,LKSDB-1,T_LKSDB-1
BOALF,2026-09-17,4,4,2026-09-17T00:31:00Z,2026-09-17T00:40:00Z,3,3,56667,2026-09-17T00:23:00Z,False,False,ORI,False,False,LKSDB-1,T_LKSDB-1
BOALF,2026-09-17,4,4,2026-09-17T00:31:00Z,2026-09-17T00:35:00Z,0,0,56666,2026-09-17T00:20:00Z,False,False,ORI,False,False,LKSDB-1,T_LKSDB-1
BOALF,2026-09-17,4,4,2026-09-17T00:31:00Z,2026-09-17T00:32:00Z,0,-2,56665,2026-09-17T00:15:00Z,False,False,ORI,False,False,LKSDB-1,T_LKSDB-1
BOALF,2026-09-17,4,4,2026-09-17T00:30:00Z,2026-09-17T00:31:00Z,0,0,56665,2026-09-17T00:15:00Z,False,False,ORI,False,False,LKSDB-1,T_LKSDB-1
BOALF,2026-09-17,4,4,2026-09-17T00:30:00Z,2026-09-17T00:31:00Z,0,3,56667,2026-09-17T00:23:00Z,False,False,ORI,False,False,LKSDB-1,T_LKSDB-1
BOALF,2026-09-17,3,3,2026-09-17T00:23:00Z,2026-09-17T00:24:00Z,26,0,56663,2026-09-16T23:52:00Z,False,False,ORI,False,False,LKSDB-1,T_LKSDB-1
BOALF,2026-09-17,2,2,2026-09-16T23:56:00Z,2026-09-16T23:57:00Z,23,0,56662,2026-09-16T23:42:00Z,False,False,ORI,False,False,LKSDB-1,T_LKSDB-1
BOALF,2026-09-17,2,3,2026-09-16T23:55:00Z,2026-09-17T00:23:00Z,26,26,56663,2026-09-16T23:52:00Z,False,False,ORI,False,False,LKSDB-1,T_LKSDB-1
BOALF,2026-09-17,2,2,2026-09-16T23:54:00Z,2026-09-16T23:55:00Z,23,26,56663,2026-09-16T23:52:00Z,False,False,ORI,False,False,LKSDB-1,T_LKSDB-1
BOALF,2026-09-17,2,2,2026-09-16T23:50:00Z,2026-09-16T23:56:00Z,23,23,56662,2026-09-16T23:42:00Z,False,False,ORI,False,False,LKSDB-1,T_LKSDB-1
BOALF,2026-09-17,2,2,2026-09-16T23:49:00Z,2026-09-16T23:50:00Z,9,0,56661,2026-09-16T23:41:00Z,False,False,ORI,False,False,LKSDB-1,T_LKSDB-1
BOALF,2026-09-17,2,2,2026-09-16T23:49:00Z,2026-09-16T23:50:00Z,9,23,56662,2026-09-16T23:42:00Z,False,False,ORI,False,False,LKSDB-1,T_LKSDB-1
BOALF,2026-09-17,2,2,2026-09-16T23:47:00Z,2026-09-16T23:49:00Z,9,9,56661,2026-09-16T23:41:00Z,False,False,ORI,False,False,LKSDB-1,T_LKSDB-1
BOALF,2026-09-17,2,2,2026-09-16T23:46:00Z,2026-09-16T23:47:00Z,23,0,56660,2026-09-16T23:40:00Z,False,False,ORI,False,False,LKSDB-1,T_LKSDB-1
BOALF,2026-09-17,2,2,2026-09-16T23:46:00Z,2026-09-16T23:47:00Z,23,9,56661,2026-09-16T23:41:00Z,False,False,ORI,False,False,LKSDB-1,T_LKSDB-1
BOALF,2026-09-17,2,2,2026-09-16T23:44:00Z,2026-09-16T23:46:00Z,23,23,56660,2026-09-16T23:40:00Z,False,False,ORI,False,False,LKSDB-1,T_LKSDB-1
BOALF,2026-09-17,2,2,2026-09-16T23:43:00Z,2026-09-16T23:44:00Z,0,23,56660,2026-09-16T23:40:00Z,False,False,ORI,False,False,LKSDB-1,T_LKSDB-1
BOALF,2026-09-17,2,2,2026-09-16T23:38:00Z,2026-09-16T23:39:00Z,11,0,56659,2026-09-16T23:36:00Z,False,False,ORI,False,False,LKSDB-1,T_LKSDB-1
BOALF,2026-09-17,2,2,2026-09-16T23:37:00Z,2026-09-16T23:38:00Z,11,0,56657,2026-09-16T23:21:00Z,False,False,ORI,False,False,LKSDB-1,T_LKSDB-1
BOALF,2026-09-17,2,2,2026-09-16T23:37:00Z,2026-09-16T23:38:00Z,11,11,56659,2026-09-16T23:36:00Z,False,False,ORI,False,False,LKSDB-1,T_LKSDB-1
BOALF,2026-09-17,2,2,2026-09-16T23:35:00Z,2026-09-16T23:37:00Z,11,11,56657,2026-09-16T23:21:00Z,False,False,ORI,False,False,LKSDB-1,T_LKSDB-1
BOALF,2026-09-17,2,2,2026-09-16T23:34:00Z,2026-09-16T23:35:00Z,16,0,56656,2026-09-16T23:20:00Z,False,False,ORI,False,False,LKSDB-1,T_LKSDB-1
BOALF,2026-09-17,2,2,2026-09-16T23:34:00Z,2026-09-16T23:35:00Z,16,11,56657,2026-09-16T23:21:00Z,False,False,ORI,False,False,LKSDB-1,T_LKSDB-1
BOALF,2026-09-17,2,2,2026-09-16T23:31:00Z,2026-09-16T23:34:00Z,16,16,56656,2026-09-16T23:20:00Z,False,False,ORI,False,False,LKSDB-1,T_LKSDB-1
BOALF,2026-09-17,2,2,2026-09-16T23:30:00Z,2026-09-16T23:31:00Z,0,16,56656,2026-09-16T23:20:00Z,False,False,ORI,False,False,LKSDB-1,T_LKSDB-1
BOALF,2026-09-17,2,2,2026-09-16T23:30:00Z,2026-09-16T23:31:00Z,16,16,56658,2026-09-16T23:23:00Z,False,False,ORI,False,False,LKSDB-1,T_LKSDB-1
BOALF,2026-09-17,1,2,2026-09-16T23:29:00Z,2026-09-16T23:30:00Z,0,16,56658,2026-09-16T23:23:00Z,False,False,ORI,False,False,LKSDB-1,T_LKSDB-1
BOALF,2026-09-17,1,1,2026-09-16T23:25:00Z,2026-09-16T23:26:00Z,13,0,56655,2026-09-16T23:16:00Z,False,False,ORI,False,False,LKSDB-1,T_LKSDB-1
BOALF,2026-09-17,1,1,2026-09-16T23:21:00Z,2026-09-16T23:25:00Z,13,13,56655,2026-09-16T23:16:00Z,False,False,ORI,False,False,LKSDB-1,T_LKSDB-1
BOALF,2026-09-17,1,1,2026-09-16T23:20:00Z,2026-09-16T23:21:00Z,0,13,56655,2026-09-16T23:16:00Z,False,False,ORI,False,False,LKSDB-1,T_LKSDB-1
BOALF,2026-09-16,47,47,2026-09-16T22:00:00Z,2026-09-16T22:01:00Z,1,5,56654,2026-09-16T21:48:00Z,False,False,ORI,False,False,LKSDB-1,T_LKSDB-1
BOALF,2026-09-16,46,47,2026-09-16T21:59:00Z,2026-09-16T22:00:00Z,1,1,56654,2026-09-16T21:48:00Z,False,False,ORI,False,False,LKSDB-1,T_LKSDB-1
BOALF,2026-09-16,44,44,2026-09-16T20:56:00Z,2026-09-16T20:57:00Z,9,14,56653,2026-09-16T20:43:00Z,False,False,ORI,False,False,LKSDB-1,T_LKSDB-1
BOALF,2026-09-16,44,44,2026-09-16T20:53:00Z,2026-09-16T20:56:00Z,9,9,56653,2026-09-16T20:43:00Z,False,False,ORI,False,False,LKSDB-1,T_LKSDB-1
BOALF,2026-09-16,44,44,2026-09-16T20:52:00Z,2026-09-16T20:53:00Z,0,14,56652,2026-09-16T20:42:00Z,False,False,ORI,False,False,LKSDB-1,T_LKSDB-1
BOALF,2026-09-16,44,44,2026-09-16T20:52:00Z,2026-09-16T20:53:00Z,0,9,56653,2026-09-16T20:43:00Z,False,False,ORI,False,False,LKSDB-1,T_LKSDB-1
BOALF,2026-09-16,44,44,2026-09-16T20:47:00Z,2026-09-16T20:52:00Z,0,0,56652,2026-09-16T20:42:00Z,False,False,ORI,False,False,LKSDB-1,T_LKSDB-1
BOALF,2026-09-16,44,44,2026-09-16T20:46:00Z,2026-09-16T20:47:00Z,14,0,56652,2026-09-16T20:42:00Z,False,False,ORI,False,False,LKSDB-1,T_LKSDB-1
BOALF,2026-09-16,44,44,2026-09-16T20:34:00Z,2026-09-16T20:35:00Z,11,14,56651,2026-09-16T20:24:00Z,False,False,ORI,False,False,LKSDB-1,T_LKSDB-1
BOALF,2026-09-16,44,44,2026-09-16T20:31:00Z,2026-09-16T20:34:00Z,11,11,56651,2026-09-16T20:24:00Z,False,False,ORI,False,False,LKSDB-1,T_LKSDB-1
BOALF,2026-09-16,44,44,2026-09-16T20:30:00Z,2026-09-16T20:31:00Z,0,11,56651,2026-09-16T20:24:00Z,False,False,ORI,False,False,LKSDB-1,T_LKSDB-1
BOALF,2026-09-16,37,37,2026-09-16T17:13:00Z,2026-09-16T17:14:00Z,0,75,56650,2026-09-16T17:03:00Z,False,False,ORI,False,False,LKSDB-1,T_LKSDB-1
BOALF,2026-09-16,37,37,2026-09-16T17:11:00Z,2026-09-16T17:13:00Z,0,0,56650,2026-09-16T17:03:00Z,False,False,ORI,False,False,LKSDB-1,T_LKSDB-1
BOALF,2026-09-16,37,37,2026-09-16T17:10:00Z,2026-09-16T17:11:00Z,75,0,56650,2026-09-16T17:03:00Z,False,False,ORI,False,False,LKSDB-1,T_LKSDB-1
BOALF,2026-09-16,37,37,2026-09-16T17:02:00Z,2026-09-16T17:03:00Z,27,75,56649,2026-09-16T16:52:00Z,False,False,ORI,False,False,LKSDB-1,T_LKSDB-1
BOALF,2026-09-16,36,37,2026-09-16T16:59:00Z,2026-09-16T17:02:00Z,27,27,56649,2026-09-16T16:52:00Z,False,False,ORI,False,False,LKSDB-1,T_LKSDB-1
BOALF,2026-09-16,36,36,2026-09-16T16:58:00Z,2026-09-16T16:59:00Z,0,75,56648,2026-09-16T16:51:00Z,False,False,ORI,False,False,LKSDB-1,T_LKSDB-1
BOALF,2026-09-16,36,36,2026-09-16T16:58:00Z,2026-09-16T16:59:00Z,0,27,56649,2026-09-16T16:52:00Z,False,False,ORI,False,False,LKSDB-1,T_LKSDB-1
BOALF,2026-09-16,36,36,2026-09-16T16:57:00Z,2026-09-16T16:58:00Z,0,75,56647,2026-09-16T16:41:00Z,False,False,ORI,False,False,LKSDB-1,T_LKSDB-1
BOALF,2026-09-16,36,36,2026-09-16T16:57:00Z,2026-09-16T16:58:00Z,0,0,56648,2026-09-16T16:51:00Z,False,False,ORI,False,False,LKSDB-1,T_LKSDB-1
BOALF,2026-09-16,36,36,2026-09-16T16:49:00Z,2026-09-16T16:57:00Z,0,0,56647,2026-09-16T16:41:00Z,False,False,ORI,False,False,LKSDB-1,T_LKSDB-1
BOALF,2026-09-16,36,36,2026-09-16T16:49:00Z,2026-09-16T16:50:00Z,0,75,56646,2026-09-16T16:33:00Z,False,False,ORI,False,False,LKSDB-1,T_LKSDB-1
BOALF,2026-09-16,36,36,2026-09-16T16:42:00Z,2026-09-16T16:49:00Z,0,0,56646,2026-09-16T16:33:00Z,False,False,ORI,False,False,LKSDB-1,T_LKSDB-1
BOALF,2026-09-16,36,36,2026-09-16T16:42:00Z,2026-09-16T16:43:00Z,0,75,56645,2026-09-16T16:30:00Z,False,False,ORI,False,False,LKSDB-1,T_LKSDB-1
BOALF,2026-09-16,36,36,2026-09-16T16:41:00Z,2026-09-16T16:42:00Z,0,75,56644,2026-09-16T16:27:00Z,False,False,ORI,False,False,LKSDB-1,T_LKSDB-1
BOALF,2026-09-16,36,36,2026-09-16T16:41:00Z,2026-09-16T16:42:00Z,0,0,56645,2026-09-16T16:30:00Z,False,False,ORI,False,False,LKSDB-1,T_LKSDB-1
BOALF,2026-09-16,36,36,2026-09-16T16:30:00Z,2026-09-16T16:41:00Z,0,0,56644,2026-09-16T16:27:00Z,False,False,ORI,False,False,LKSDB-1,T_LKSDB-1
BOALF,2026-09-16,34,34,2026-09-16T15:53:00Z,2026-09-16T15:54:00Z,-1,0,56643,2026-09-16T15:41:00Z,False,False,ORI,False,False,LKSDB-1,T_LKSDB-1
BOALF,2026-09-16,34,34,2026-09-16T15:49:00Z,2026-09-16T15:53:00Z,-1,-1,56643,2026-09-16T15:41:00Z,False,False,ORI,False,False,LKSDB-1,T_LKSDB-1
BOALF,2026-09-16,34,34,2026-09-16T15:49:00Z,2026-09-16T15:50:00Z,-1,0,56642,2026-09-16T15:34:00Z,False,False,ORI,False,False,LKSDB-1,T_LKSDB-1
BOALF,2026-09-16,34,34,2026-09-16T15:45:00Z,2026-09-16T15:49:00Z,-1,-1,56642,2026-09-16T15:34:00Z,False,False,ORI,False,False,LKSDB-1,T_LKSDB-1
BOALF,2026-09-16,34,34,2026-09-16T15:45:00Z,2026-09-16T15:46:00Z,-1,0,56641,2026-09-16T15:33:00Z,False,False,ORI,False,False,LKSDB-1,T_LKSDB-1
BOALF,2026-09-16,34,34,2026-09-16T15:38:00Z,2026-09-16T15:45:00Z,-1,-1,56641,2026-09-16T15:33:00Z,False,False,ORI,False,False,LKSDB-1,T_LKSDB-1
BOALF,2026-09-16,34,34,2026-09-16T15:38:00Z,2026-09-16T15:39:00Z,-1,0,56640,2026-09-16T15:30:00Z,False,False,ORI,False,False,LKSDB-1,T_LKSDB-1
BOALF,2026-09-16,34,34,2026-09-16T15:33:00Z,2026-09-16T15:38:00Z,-1,-1,56640,2026-09-16T15:30:00Z,False,False,ORI,False,False,LKSDB-1,T_LKSDB-1
BOALF,2026-09-16,34,34,2026-09-16T15:32:00Z,2026-09-16T15:33:00Z,0,-1,56640,2026-09-16T15:30:00Z,False,False,ORI,False,False,LKSDB-1,T_LKSDB-1
BOALF,2026-09-16,33,33,2026-09-16T15:19:00Z,2026-09-16T15:20:00Z,-5,0,56639,2026-09-16T15:12:00Z,False,False,ORI,False,False,LKSDB-1,T_LKSDB-1
BOALF,2026-09-16,33,33,2026-09-16T15:17:00Z,2026-09-16T15:19:00Z,-5,-5,56639,2026-09-16T15:12:00Z,False,False,ORI,False,False,LKSDB-1,T_LKSDB-1
BOALF,2026-09-16,33,33,2026-09-16T15:17:00Z,2026-09-16T15:18:00Z,-5,0,56638,2026-09-16T15:01:00Z,False,False,ORI,False,False,LKSDB-1,T_LKSDB-1
BOALF,2026-09-16,33,33,2026-09-16T15:15:00Z,2026-09-16T15:17:00Z,-5,-5,56638,2026-09-16T15:01:00Z,False,False,ORI,False,False,LKSDB-1,T_LKSDB-1
BOALF,2026-09-16,33,33,2026-09-16T15:15:00Z,2026-09-16T15:16:00Z,-5,0,56637,2026-09-16T15:00:00Z,False,False,ORI,False,False,LKSDB-1,T_LKSDB-1
BOALF,2026-09-16,33,33,2026-09-16T15:05:00Z,2026-09-16T15:15:00Z,-5,-5,56637,2026-09-16T15:00:00Z,False,False,ORI,False,False,LKSDB-1,T_LKSDB-1
BOALF,2026-09-16,33,33,2026-09-16T15:04:00Z,2026-09-16T15:05:00Z,0,-5,56637,2026-09-16T15:00:00Z,False,False,ORI,False,False,LKSDB-1,T_LKSDB-1
BOALF,2026-09-16,32,32,2026-09-16T14:58:00Z,2026-09-16T14:59:00Z,-5,0,56636,2026-09-16T14:51:00Z,False,False,ORI,False,False,LKSDB-1,T_LKSDB-1
BOALF,2026-09-16,32,32,2026-09-16T14:52:00Z,2026-09-16T14:58:00Z,-5,-5,56636,2026-09-16T14:51:00Z,False,False,ORI,False,False,LKSDB-1,T_LKSDB-1
BOALF,2026-09-16,32,32,2026-09-16T14:52:00Z,2026-09-16T14:53:00Z,-5,0,56635,2026-09-16T14:46:00Z,False,False,ORI,False,False,LKSDB-1,T_LKSDB-1
BOALF,2026-09-16,32,32,2026-09-16T14:47:00Z,2026-09-16T14:52:00Z,-5,-5,56635,2026-09-16T14:46:00Z,False,False,ORI,False,False,LKSDB-1,T_LKSDB-1
BOALF,2026-09-16,32,32,2026-09-16T14:47:00Z,2026-09-16T14:48:00Z,-5,0,56634,2026-09-16T14:29:00Z,False,False,ORI,False,False,LKSDB-1,T_LKSDB-1
BOALF,2026-09-16,32,32,2026-09-16T14:40:00Z,2026-09-16T14:47:00Z,-5,-5,56634,2026-09-16T14:29:00Z,False,False,ORI,False,False,LKSDB-1,T_LKSDB-1
BOALF,2026-09-16,32,32,2026-09-16T14:40:00Z,2026-09-16T14:41:00Z,-5,0,56633,2026-09-16T14:24:00Z,False,False,ORI,False,False,LKSDB-1,T_LKSDB-1
BOALF,2026-09-16,32,32,2026-09-16T14:35:00Z,2026-09-16T14:36:00Z,-3,0,56632,2026-09-16T14:21:00Z,False,False,ORI,False,False,LKSDB-1,T_LKSDB-1
BOALF,2026-09-16,32,32,2026-09-16T14:31:00Z,2026-09-16T14:40:00Z,-5,-5,56633,2026-09-16T14:24:00Z,False,False,ORI,False,False,LKSDB-1,T_LKSDB-1
BOALF,2026-09-16,32,32,2026-09-16T14:31:00Z,2026-09-16T14:35:00Z,-3,-3,56632,2026-09-16T14:21:00Z,False,False,ORI,False,False,LKSDB-1,T_LKSDB-1
BOALF,2026-09-16,32,32,2026-09-16T14:30:00Z,2026-09-16T14:31:00Z,0,-3,56632,2026-09-16T14:21:00Z,False,False,ORI,False,False,LKSDB-1,T_LKSDB-1
BOALF,2026-09-16,32,32,2026-09-16T14:30:00Z,2026-09-16T14:31:00Z,0,-5,56633,2026-09-16T14:24:00Z,False,False,ORI,False,False,LKSDB-1,T_LKSDB-1
BOALF,2026-09-16,28,28,2026-09-16T12:53:00Z,2026-09-16T12:54:00Z,-55,-23,56631,2026-09-16T12:33:00Z,False,False,ORI,False,False,LKSDB-1,T_LKSDB-1
BOALF,2026-09-16,28,28,2026-09-16T12:44:00Z,2026-09-16T12:53:00Z,-55,-55,56631,2026-09-16T12:33:00Z,False,False,ORI,False,False,LKSDB-1,T_LKSDB-1
BOALF,2026-09-16,28,28,2026-09-16T12:44:00Z,2026-09-16T12:45:00Z,-55,-23,56629,2026-09-16T12:07:00Z,False,False,ORI,False,False,LKSDB-1,T_LKSDB-1
BOALF,2026-09-16,28,28,2026-09-16T12:30:00Z,2026-09-16T12:44:00Z,-55,-55,56629,2026-09-16T12:07:00Z,False,False,ORI,False,False,LKSDB-1,T_LKSDB-1
BOALF,2026-09-16,27,28,2026-09-16T12:29:00Z,2026-09-16T12:30:00Z,-7,-55,56629,2026-09-16T12:07:00Z,False,False,ORI,False,False,LKSDB-1,T_LKSDB-1
BOALF,2026-09-16,27,27,2026-09-16T12:16:00Z,2026-09-16T12:17:00Z,-54,-7,56630,2026-09-16T12:09:00Z,False,False,ORI,False,False,LKSDB-1,T_LKSDB-1
BOALF,2026-09-16,27,27,2026-09-16T12:14:00Z,2026-09-16T12:16:00Z,-54,-54,56630,2026-09-16T12:09:00Z,False,False,ORI,False,False,LKSDB-1,T_LKSDB-1
BOALF,2026-09-16,27,27,2026-09-16T12:13:00Z,2026-09-16T12:14:00Z,-7,-54,56630,2026-09-16T12:09:00Z,False,False,ORI,False,False,LKSDB-1,T_LKSDB-1
BOALF,2026-09-16,26,26,2026-09-16T11:30:00Z,2026-09-16T11:31:00Z,-28,-50,56628,2026-09-16T11:16:00Z,False,False,ORI,False,False,LKSDB-1,T_LKSDB-1
BOALF,2026-09-16,25,26,2026-09-16T11:24:00Z,2026-09-16T11:30:00Z,-28,-28,56628,2026-09-16T11:16:00Z,False,False,ORI,False,False,LKSDB-1,T_LKSDB-1
BOALF,2026-09-16,25,25,2026-09-16T11:23:00Z,2026-09-16T11:24:00Z,-52,-28,56628,2026-09-16T11:16:00Z,False,False,ORI,False,False,LKSDB-1,T_LKSDB-1
BOALF,2026-09-16,25,25,2026-09-16T11:20:00Z,2026-09-16T11:21:00Z,-12,-52,56627,2026-09-16T11:06:00Z,False,False,ORI,False,False,LKSDB-1,T_LKSDB-1
BOALF,2026-09-16,25,25,2026-09-16T11:11:00Z,2026-09-16T11:20:00Z,-12,-12,56627,2026-09-16T11:06:00Z,False,False,ORI,False,False,LKSDB-1,T_LKSDB-1
BOALF,2026-09-16,25,25,2026-09-16T11:10:00Z,2026-09-16T11:11:00Z,-52,-12,56627,2026-09-16T11:06:00Z,False,False,ORI,False,False,LKSDB-1,T_LKSDB-1
BOALF,2026-09-16,24,24,2026-09-16T10:47:00Z,2026-09-16T10:48:00Z,-75,-36,56626,2026-09-16T10:28:00Z,False,False,ORI,False,False,LKSDB-1,T_LKSDB-1
BOALF,2026-09-16,24,24,2026-09-16T10:37:00Z,2026-09-16T10:47:00Z,-75,-75,56626,2026-09-16T10:28:00Z,False,False,ORI,False,False,LKSDB-1,T_LKSDB-1
BOALF,2026-09-16,24,24,2026-09-16T10:36:00Z,2026-09-16T10:37:00Z,-71,-36,56625,2026-09-16T10:27:00Z,False,False,ORI,False,False,LKSDB-1,T_LKSDB-1
BOALF,2026-09-16,24,24,2026-09-16T10:36:00Z,2026-09-16T10:37:00Z,-71,-75,56626,2026-09-16T10:28:00Z,False,False,ORI,False,False,LKSDB-1,T_LKSDB-1
BOALF,2026-09-16,24,24,2026-09-16T10:34:00Z,2026-09-16T10:36:00Z,-71,-71,56625,2026-09-16T10:27:00Z,False,False,ORI,False,False,LKSDB-1,T_LKSDB-1
BOALF,2026-09-16,24,24,2026-09-16T10:33:00Z,2026-09-16T10:34:00Z,-75,-36,56624,2026-09-16T10:26:00Z,False,False,ORI,False,False,LKSDB-1,T_LKSDB-1
BOALF,2026-09-16,24,24,2026-09-16T10:33:00Z,2026-09-16T10:34:00Z,-75,-71,56625,2026-09-16T10:27:00Z,False,False,ORI,False,False,LKSDB-1,T_LKSDB-1
BOALF,2026-09-16,24,24,2026-09-16T10:31:00Z,2026-09-16T10:33:00Z,-75,-75,56624,2026-09-16T10:26:00Z,False,False,ORI,False,False,LKSDB-1,T_LKSDB-1
BOALF,2026-09-16,24,24,2026-09-16T10:31:00Z,2026-09-16T10:32:00Z,-75,-36,56622,2026-09-16T10:04:00Z,False,False,ORI,False,False,LKSDB-1,T_LKSDB-1
BOALF,2026-09-16,23,24,2026-09-16T10:29:00Z,2026-09-16T10:31:00Z,-75,-75,56622,2026-09-16T10:04:00Z,False,False,ORI,False,False,LKSDB-1,T_LKSDB-1
BOALF,2026-09-16,23,23,2026-09-16T10:28:00Z,2026-09-16T10:29:00Z,-74,-75,56622,2026-09-16T10:04:00Z,False,False,ORI,False,False,LKSDB-1,T_LKSDB-1
BOALF,2026-09-16,23,23,2026-09-16T10:22:00Z,2026-09-16T10:23:00Z,-75,-74,56621,2026-09-16T10:02:00Z,False,False,ORI,False,False,LKSDB-1,T_LKSDB-1
BOALF,2026-09-16,23,23,2026-09-16T10:19:00Z,2026-09-16T10:22:00Z,-75,-75,56621,2026-09-16T10:02:00Z,False,False,ORI,False,False,LKSDB-1,T_LKSDB-1
BOALF,2026-09-16,23,23,2026-09-16T10:18:00Z,2026-09-16T10:19:00Z,-74,-75,56621,2026-09-16T10:02:00Z,False,False,ORI,False,False,LKSDB-1,T_LKSDB-1
BOALF,2026-09-16,23,23,2026-09-16T10:18:00Z,2026-09-16T10:19:00Z,-75,-75,56623,2026-09-16T10:13:00Z,False,False,ORI,False,False,LKSDB-1,T_LKSDB-1
BOALF,2026-09-16,23,23,2026-09-16T10:17:00Z,2026-09-16T10:18:00Z,-74,-75,56623,2026-09-16T10:13:00Z,False,False,ORI,False,False,LKSDB-1,T_LKSDB-1
BOALF,2026-09-16,11,12,2026-09-16T04:29:00Z,2026-09-16T04:30:00Z,10,10,56619,2026-09-16T04:14:00Z,False,False,ORI,False,False,LKSDB-1,T_LKSDB-1
BOALF,2026-09-16,11,12,2026-09-16T04:29:00Z,2026-09-16T04:30:00Z,0,10,56620,2026-09-16T04:15:00Z,False,False,ORI,False,False,LKSDB-1,T_LKSDB-1
BOALF,2026-09-16,11,11,2026-09-16T04:28:00Z,2026-09-16T04:29:00Z,0,20,56618,2026-09-16T04:13:00Z,False,False,ORI,False,False,LKSDB-1,T_LKSDB-1
BOALF,2026-09-16,11,11,2026-09-16T04:28:00Z,2026-09-16T04:29:00Z,0,10,56619,2026-09-16T04:14:00Z,False,False,ORI,False,False,LKSDB-1,T_LKSDB-1
BOALF,2026-09-16,11,11,2026-09-16T04:28:00Z,2026-09-16T04:29:00Z,0,0,56620,2026-09-16T04:15:00Z,False,False,ORI,False,False,LKSDB-1,T_LKSDB-1
BOALF,2026-09-16,11,11,2026-09-16T04:22:00Z,2026-09-16T04:28:00Z,0,0,56618,2026-09-16T04:13:00Z,False,False,ORI,False,False,LKSDB-1,T_LKSDB-1
BOALF,2026-09-16,11,11,2026-09-16T04:22:00Z,2026-09-16T04:23:00Z,0,20,56617,2026-09-16T04:08:00Z,False,False,ORI,False,False,LKSDB-1,T_LKSDB-1
BOALF,2026-09-16,11,11,2026-09-16T04:19:00Z,2026-09-16T04:22:00Z,0,0,56617,2026-09-16T04:08:00Z,False,False,ORI,False,False,LKSDB-1,T_LKSDB-1
BOALF,2026-09-16,11,11,2026-09-16T04:19:00Z,2026-09-16T04:20:00Z,0,20,56616,2026-09-16T04:06:00Z,False,False,ORI,False,False,LKSDB-1,T_LKSDB-1
BOALF,2026-09-16,11,11,2026-09-16T04:11:00Z,2026-09-16T04:19:00Z,0,0,56616,2026-09-16T04:06:00Z,False,False,ORI,False,False,LKSDB-1,T_LKSDB-1
BOALF,2026-09-16,11,11,2026-09-16T04:11:00Z,2026-09-16T04:12:00Z,0,20,56615,2026-09-16T04:04:00Z,False,False,ORI,False,False,LKSDB-1,T_LKSDB-1
BOALF,2026-09-16,11,11,2026-09-16T04:08:00Z,2026-09-16T04:11:00Z,0,0,56615,2026-09-16T04:04:00Z,False,False,ORI,False,False,LKSDB-1,T_LKSDB-1
BOALF,2026-09-16,11,11,2026-09-16T04:08:00Z,2026-09-16T04:09:00Z,0,20,56614,2026-09-16T03:55:00Z,False,False,ORI,False,False,LKSDB-1,T_LKSDB-1
BOALF,2026-09-16,11,11,2026-09-16T04:03:00Z,2026-09-16T04:08:00Z,0,0,56614,2026-09-16T03:55:00Z,False,False,ORI,False,False,LKSDB-1,T_LKSDB-1
BOALF,2026-09-16,11,11,2026-09-16T04:03:00Z,2026-09-16T04:04:00Z,0,20,56613,2026-09-16T03:49:00Z,False,False,ORI,False,False,LKSDB-1,T_LKSDB-1
BOALF,2026-09-16,11,11,2026-09-16T04:00:00Z,2026-09-16T04:03:00Z,0,0,56613,2026-09-16T03:49:00Z,False,False,ORI,False,False,LKSDB-1,T_LKSDB-1
BOALF,2026-09-16,9,9,2026-09-16T03:07:00Z,2026-09-16T03:08:00Z,-24,0,56612,2026-09-16T02:51:00Z,False,False,ORI,False,False,LKSDB-1,T_LKSDB-1
BOALF,2026-09-16,9,9,2026-09-16T03:05:00Z,2026-09-16T03:07:00Z,-24,-24,56612,2026-09-16T02:51:00Z,False,False,ORI,False,False,LKSDB-1,T_LKSDB-1
BOALF,2026-09-16,9,9,2026-09-16T03:05:00Z,2026-09-16T03:06:00Z,-24,0,56611,2026-09-16T02:50:00Z,False,False,ORI,False,False,LKSDB-1,T_LKSDB-1
BOALF,2026-09-16,9,9,2026-09-16T03:03:00Z,2026-09-16T03:05:00Z,-24,-24,56611,2026-09-16T02:50:00Z,False,False,ORI,False,False,LKSDB-1,T_LKSDB-1
BOALF,2026-09-16,9,9,2026-09-16T03:02:00Z,2026-09-16T03:03:00Z,-21,0,56610,2026-09-16T02:49:00Z,False,False,ORI,False,False,LKSDB-1,T_LKSDB-1
BOALF,2026-09-16,9,9,2026-09-16T03:02:00Z,2026-09-16T03:03:00Z,-21,-24,56611,2026-09-16T02:50:00Z,False,False,ORI,False,False,LKSDB-1,T_LKSDB-1
BOALF,2026-09-16,9,9,2026-09-16T03:00:00Z,2026-09-16T03:02:00Z,-21,-21,56610,2026-09-16T02:49:00Z,False,False,ORI,False,False,LKSDB-1,T_LKSDB-1
BOALF,2026-09-16,8,9,2026-09-16T02:59:00Z,2026-09-16T03:00:00Z,-24,0,56609,2026-09-16T02:46:00Z,False,False,ORI,False,False,LKSDB-1,T_LKSDB-1
BOALF,2026-09-16,8,9,2026-09-16T02:59:00Z,2026-09-16T03:00:00Z,-24,-21,56610,2026-09-16T02:49:00Z,False,False,ORI,False,False,LKSDB-1,T_LKSDB-1
BOALF,2026-09-16,8,8,2026-09-16T02:56:00Z,2026-09-16T02:59:00Z,-24,-24,56609,2026-09-16T02:46:00Z,False,False,ORI,False,False,LKSDB-1,T_LKSDB-1
BOALF,2026-09-16,8,8,2026-09-16T02:55:00Z,2026-09-16T02:56:00Z,-25,-5,56608,2026-09-16T02:45:00Z,False,False,ORI,False,False,LKSDB-1,T_LKSDB-1
BOALF,2026-09-16,8,8,2026-09-16T02:55:00Z,2026-09-16T02:56:00Z,-25,-24,56609,2026-09-16T02:46:00Z,False,False,ORI,False,False,LKSDB-1,T_LKSDB-1
BOALF,2026-09-16,8,8,2026-09-16T02:52:00Z,2026-09-16T02:55:00Z,-25,-25,56608,2026-09-16T02:45:00Z,False,False,ORI,False,False,LKSDB-1,T_LKSDB-1
BOALF,2026-09-16,8,8,2026-09-16T02:52:00Z,2026-09-16T02:53:00Z,-25,-5,56607,2026-09-16T02:38:00Z,False,False,ORI,False,False,LKSDB-1,T_LKSDB-1
BOALF,2026-09-16,8,8,2026-09-16T02:43:00Z,2026-09-16T02:44:00Z,-8,-5,56605,2026-09-16T02:33:00Z,False,False,ORI,False,False,LKSDB-1,T_LKSDB-1
BOALF,2026-09-16,8,8,2026-09-16T02:43:00Z,2026-09-16T02:44:00Z,-13,-5,56606,2026-09-16T02:35:00Z,False,False,ORI,False,False,LKSDB-1,T_LKSDB-1
BOALF,2026-09-16,8,8,2026-09-16T02:41:00Z,2026-09-16T02:52:00Z,-25,-25,56607,2026-09-16T02:38:00Z,False,False,ORI,False,False,LKSDB-1,T_LKSDB-1
BOALF,2026-09-16,8,8,2026-09-16T02:41:00Z,2026-09-16T02:43:00Z,-8,-8,56605,2026-09-16T02:33:00Z,False,False,ORI,False,False,LKSDB-1,T_LKSDB-1
BOALF,2026-09-16,8,8,2026-09-16T02:41:00Z,2026-09-16T02:43:00Z,-13,-13,56606,2026-09-16T02:35:00Z,False,False,ORI,False,False,LKSDB-1,T_LKSDB-1
BOALF,2026-09-16,8,8,2026-09-16T02:40:00Z,2026-09-16T02:41:00Z,-20,-5,56604,2026-09-16T02:32:00Z,False,False,ORI,False,False,LKSDB-1,T_LKSDB-1
BOALF,2026-09-16,8,8,2026-09-16T02:40:00Z,2026-09-16T02:41:00Z,-20,-8,56605,2026-09-16T02:33:00Z,False,False,ORI,False,False,LKSDB-1,T_LKSDB-1
BOALF,2026-09-16,8,8,2026-09-16T02:40:00Z,2026-09-16T02:41:00Z,-20,-13,56606,2026-09-16T02:35:00Z,False,False,ORI,False,False,LKSDB-1,T_LKSDB-1
BOALF,2026-09-16,8,8,2026-09-16T02:40:00Z,2026-09-16T02:41:00Z,-20,-25,56607,2026-09-16T02:38:00Z,False,False,ORI,False,False,LKSDB-1,T_LKSDB-1
BOALF,2026-09-16,8,8,2026-09-16T02:36:00Z,2026-09-16T02:40:00Z,-20,-20,56604,2026-09-16T02:32:00Z,False,False,ORI,False,False,LKSDB-1,T_LKSDB-1
BOALF,2026-09-16,8,8,2026-09-16T02:35:00Z,2026-09-16T02:36:00Z,-5,-20,56604,2026-09-16T02:32:00Z,False,False,ORI,False,False,LKSDB-1,T_LKSDB-1
BOALF,2026-09-16,5,5,2026-09-16T01:02:00Z,2026-09-16T01:03:00Z,0,-74,56603,2026-09-16T00:56:00Z,False,False,ORI,False,False,LKSDB-1,T_LKSDB-1
BOALF,2026-09-16,5,5,2026-09-16T01:01:00Z,2026-09-16T01:02:00Z,0,-74,56602,2026-09-16T00:45:00Z,False,False,ORI,False,False,LKSDB-1,T_LKSDB-1
BOALF,2026-09-16,5,5,2026-09-16T01:01:00Z,2026-09-16T01:02:00Z,0,0,56603,2026-09-16T00:56:00Z,False,False,ORI,False,False,LKSDB-1,T_LKSDB-1
BOALF,2026-09-16,5,5,2026-09-16T01:00:00Z,2026-09-16T01:01:00Z,0,0,56602,2026-09-16T00:45:00Z,False,False,ORI,False,False,LKSDB-1,T_LKSDB-1
BOALF,2026-09-15,47,47,2026-09-15T22:00:00Z,2026-09-15T22:01:00Z,-75,0,56601,2026-09-15T21:50:00Z,False,False,ORI,False,False,LKSDB-1,T_LKSDB-1
BOALF,2026-09-15,46,47,2026-09-15T21:58:00Z,2026-09-15T22:00:00Z,-75,-75,56601,2026-09-15T21:50:00Z,False,False,ORI,False,False,LKSDB-1,T_LKSDB-1
BOALF,2026-09-15,46,46,2026-09-15T21:57:00Z,2026-09-15T21:58:00Z,0,-75,56601,2026-09-15T21:50:00Z,False,False,ORI,False,False,LKSDB-1,T_LKSDB-1
BOALF,2026-09-15,40,41,2026-09-15T18:58:00Z,2026-09-15T19:00:00Z,10,10,56600,2026-09-15T18:55:00Z,False,False,ORI,False,False,LKSDB-1,T_LKSDB-1
BOALF,2026-09-15,40,40,2026-09-15T18:57:00Z,2026-09-15T18:58:00Z,99,10,56600,2026-09-15T18:55:00Z,False,False,ORI,False,False,LKSDB-1,T_LKSDB-1
BOALF,2026-09-15,38,38,2026-09-15T17:47:00Z,2026-09-15T17:48:00Z,0,24,56599,2026-09-15T17:34:00Z,False,False,ORI,False,False,LKSDB-1,T_LKSDB-1
BOALF,2026-09-15,38,38,2026-09-15T17:41:00Z,2026-09-15T17:47:00Z,0,0,56599,2026-09-15T17:34:00Z,False,False,ORI,False,False,LKSDB-1,T_LKSDB-1
BOALF,2026-09-15,38,38,2026-09-15T17:41:00Z,2026-09-15T17:42:00Z,0,24,56598,2026-09-15T17:24:00Z,False,False,ORI,False,False,LKSDB-1,T_LKSDB-1
BOALF,2026-09-15,38,38,2026-09-15T17:34:00Z,2026-09-15T17:41:00Z,0,0,56598,2026-09-15T17:24:00Z,False,False,ORI,False,False,LKSDB-1,T_LKSDB-1
BOALF,2026-09-15,38,38,2026-09-15T17:33:00Z,2026-09-15T17:34:00Z,24,0,56598,2026-09-15T17:24:00Z,False,False,ORI,False,False,LKSDB-1,T_LKSDB-1
BOALF,2026-09-15,37,37,2026-09-15T17:15:00Z,2026-09-15T17:16:00Z,0,23,56597,2026-09-15T17:06:00Z,False,False,ORI,False,False,LKSDB-1,T_LKSDB-1
BOALF,2026-09-15,37,37,2026-09-15T17:12:00Z,2026-09-15T17:15:00Z,0,0,56597,2026-09-15T17:06:00Z,False,False,ORI,False,False,LKSDB-1,T_LKSDB-1
BOALF,2026-09-15,37,37,2026-09-15T17:12:00Z,2026-09-15T17:13:00Z,0,23,56596,2026-09-15T17:04:00Z,False,False,ORI,False,False,LKSDB-1,T_LKSDB-1
BOALF,2026-09-15,37,37,2026-09-15T17:10:00Z,2026-09-15T17:12:00Z,0,0,56596,2026-09-15T17:04:00Z,False,False,ORI,False,False,LKSDB-1,T_LKSDB-1
BOALF,2026-09-15,37,37,2026-09-15T17:10:00Z,2026-09-15T17:11:00Z,0,23,56594,2026-09-15T16:56:00Z,False,False,ORI,False,False,LKSDB-1,T_LKSDB-1
BOALF,2026-09-15,37,37,2026-09-15T17:03:00Z,2026-09-15T17:10:00Z,0,0,56594,2026-09-15T16:56:00Z,False,False,ORI,False,False,LKSDB-1,T_LKSDB-1
BOALF,2026-09-15,37,37,2026-09-15T17:02:00Z,2026-09-15T17:03:00Z,23,0,56594,2026-09-15T16:56:00Z,False,False,ORI,False,False,LKSDB-1,T_LKSDB-1
BOALF,2026-09-15,37,37,2026-09-15T17:02:00Z,2026-09-15T17:03:00Z,-97,0,56595,2026-09-15T16:58:00Z,False,False,ORI,False,False,LKSDB-1,T_LKSDB-1
BOALF,2026-09-15,37,37,2026-09-15T17:00:00Z,2026-09-15T17:02:00Z,-97,-97,56595,2026-09-15T16:58:00Z,False,False,ORI,False,False,LKSDB-1,T_LKSDB-1
BOALF,2026-09-15,36,37,2026-09-15T16:59:00Z,2026-09-15T17:00:00Z,0,-97,56595,2026-09-15T16:58:00Z,False,False,ORI,False,False,LKSDB-1,T_LKSDB-1
BOALF,2026-09-15,36,36,2026-09-15T16:54:00Z,2026-09-15T16:55:00Z,-99,0,56593,2026-09-15T16:41:00Z,False,False,ORI,False,False,LKSDB-1,T_LKSDB-1
BOALF,2026-09-15,36,36,2026-09-15T16:50:00Z,2026-09-15T16:54:00Z,-99,-99,56593,2026-09-15T16:41:00Z,False,False,ORI,False,False,LKSDB-1,T_LKSDB-1
BOALF,2026-09-15,36,36,2026-09-15T16:50:00Z,2026-09-15T16:51:00Z,-99,0,56592,2026-09-15T16:32:00Z,False,False,ORI,False,False,LKSDB-1,T_LKSDB-1
BOALF,2026-09-15,36,36,2026-09-15T16:43:00Z,2026-09-15T16:50:00Z,-99,-99,56592,2026-09-15T16:32:00Z,False,False,ORI,False,False,LKSDB-1,T_LKSDB-1
BOALF,2026-09-15,36,36,2026-09-15T16:43:00Z,2026-09-15T16:44:00Z,-99,0,56591,2026-09-15T16:29:00Z,False,False,ORI,False,False,LKSDB-1,T_LKSDB-1
BOALF,2026-09-15,36,36,2026-09-15T16:39:00Z,2026-09-15T16:40:00Z,-31,0,56590,2026-09-15T16:22:00Z,False,False,ORI,False,False,LKSDB-1,T_LKSDB-1
BOALF,2026-09-15,36,36,2026-09-15T16:33:00Z,2026-09-15T16:43:00Z,-99,-99,56591,2026-09-15T16:29:00Z,False,False,ORI,False,False,LKSDB-1,T_LKSDB-1
BOALF,2026-09-15,36,36,2026-09-15T16:32:00Z,2026-09-15T16:33:00Z,-31,-99,56591,2026-09-15T16:29:00Z,False,False,ORI,False,False,LKSDB-1,T_LKSDB-1
BOALF,2026-09-15,35,36,2026-09-15T16:29:00Z,2026-09-15T16:30:00Z,-13,0,56588,2026-09-15T16:14:00Z,False,False,ORI,False,False,LKSDB-1,T_LKSDB-1
BOALF,2026-09-15,35,36,2026-09-15T16:27:00Z,2026-09-15T16:39:00Z,-31,-31,56590,2026-09-15T16:22:00Z,False,False,ORI,False,False,LKSDB-1,T_LKSDB-1
BOALF,2026-09-15,35,35,2026-09-15T16:26:00Z,2026-09-15T16:29:00Z,-13,-13,56588,2026-09-15T16:14:00Z,False,False,ORI,False,False,LKSDB-1,T_LKSDB-1
BOALF,2026-09-15,35,35,2026-09-15T16:26:00Z,2026-09-15T16:27:00Z,-24,-13,56589,2026-09-15T16:16:00Z,False,False,ORI,False,False,LKSDB-1,T_LKSDB-1
BOALF,2026-09-15,35,35,2026-09-15T16:26:00Z,2026-09-15T16:27:00Z,-24,-31,56590,2026-09-15T16:22:00Z,False,False,ORI,False,False,LKSDB-1,T_LKSDB-1
BOALF,2026-09-15,35,35,2026-09-15T16:25:00Z,2026-09-15T16:26:00Z,0,-13,56588,2026-09-15T16:14:00Z,False,False,ORI,False,False,LKSDB-1,T_LKSDB-1
BOALF,2026-09-15,35,35,2026-09-15T16:19:00Z,2026-09-15T16:26:00Z,-24,-24,56589,2026-09-15T16:16:00Z,False,False,ORI,False,False,LKSDB-1,T_LKSDB-1
BOALF,2026-09-15,35,35,2026-09-15T16:18:00Z,2026-09-15T16:19:00Z,0,-24,56589,2026-09-15T16:16:00Z,False,False,ORI,False,False,LKSDB-1,T_LKSDB-1
BOALF,2026-09-15,35,35,2026-09-15T16:03:00Z,2026-09-15T16:04:00Z,-24,0,56587,2026-09-15T15:56:00Z,False,False,ORI,False,False,LKSDB-1,T_LKSDB-1
BOALF,2026-09-15,35,35,2026-09-15T16:01:00Z,2026-09-15T16:03:00Z,-24,-24,56587,2026-09-15T15:56:00Z,False,False,ORI,False,False,LKSDB-1,T_LKSDB-1
BOALF,2026-09-15,35,35,2026-09-15T16:00:00Z,2026-09-15T16:01:00Z,0,-24,56587,2026-09-15T15:56:00Z,False,False,ORI,False,False,LKSDB-1,T_LKSDB-1
BOALF,2026-09-15,12,13,2026-09-15T04:59:00Z,2026-09-15T05:00:00Z,-1,0,56586,2026-09-15T04:42:00Z,False,False,ORI,False,False,LKSDB-1,T_LKSDB-1
BOALF,2026-09-15,12,12,2026-09-15T04:58:00Z,2026-09-15T04:59:00Z,-1,0,56585,2026-09-15T04:35:00Z,False,False,ORI,False,False,LKSDB-1,T_LKSDB-1
BOALF,2026-09-15,12,12,2026-09-15T04:58:00Z,2026-09-15T04:59:00Z,-1,-1,56586,2026-09-15T04:42:00Z,False,False,ORI,False,False,LKSDB-1,T_LKSDB-1
BOALF,2026-09-15,12,12,2026-09-15T04:47:00Z,2026-09-15T04:58:00Z,-1,-1,56585,2026-09-15T04:35:00Z,False,False,ORI,False,False,LKSDB-1,T_LKSDB-1
BOALF,2026-09-15,12,12,2026-09-15T04:47:00Z,2026-09-15T04:48:00Z,-1,0,56584,2026-09-15T04:31:00Z,False,False,ORI,False,False,LKSDB-1,T_LKSDB-1
BOALF,2026-09-15,12,12,2026-09-15T04:42:00Z,2026-09-15T04:47:00Z,-1,-1,56584,2026-09-15T04:31:00Z,False,False,ORI,False,False,LKSDB-1,T_LKSDB-1
BOALF,2026-09-15,12,12,2026-09-15T04:42:00Z,2026-09-15T04:43:00Z,-1,0,56583,2026-09-15T04:30:00Z,False,False,ORI,False,False,LKSDB-1,T_LKSDB-1
BOALF,2026-09-15,12,12,2026-09-15T04:32:00Z,2026-09-15T04:42:00Z,-1,-1,56583,2026-09-15T04:30:00Z,False,False,ORI,False,False,LKSDB-1,T_LKSDB-1
BOALF,2026-09-15,12,12,2026-09-15T04:31:00Z,2026-09-15T04:32:00Z,0,-1,56583,2026-09-15T04:30:00Z,False,False,ORI,False,False,LKSDB-1,T_LKSDB-1
BOALF,2026-09-15,5,5,2026-09-15T01:01:00Z,2026-09-15T01:02:00Z,-74,0,56582,2026-09-15T00:37:00Z,False,False,ORI,False,False,LKSDB-1,T_LKSDB-1
BOALF,2026-09-15,4,5,2026-09-15T00:43:00Z,2026-09-15T01:01:00Z,-74,-74,56582,2026-09-15T00:37:00Z,False,False,ORI,False,False,LKSDB-1,T_LKSDB-1
BOALF,2026-09-15,4,4,2026-09-15T00:43:00Z,2026-09-15T00:44:00Z,-74,0,56581,2026-09-15T00:08:00Z,False,False,ORI,False,False,LKSDB-1,T_LKSDB-1
BOALF,2026-09-15,4,4,2026-09-15T00:41:00Z,2026-09-15T00:43:00Z,-74,-74,56581,2026-09-15T00:08:00Z,False,False,ORI,False,False,LKSDB-1,T_LKSDB-1
BOALF,2026-09-15,4,4,2026-09-15T00:41:00Z,2026-09-15T00:42:00Z,-74,0,56580,2026-09-15T00:05:00Z,False,False,ORI,False,False,LKSDB-1,T_LKSDB-1
BOALF,2026-09-15,4,4,2026-09-15T00:34:00Z,2026-09-15T00:41:00Z,-74,-74,56580,2026-09-15T00:05:00Z,False,False,ORI,False,False,LKSDB-1,T_LKSDB-1
BOALF,2026-09-15,4,4,2026-09-15T00:34:00Z,2026-09-15T00:35:00Z,-74,0,56579,2026-09-15T00:03:00Z,False,False,ORI,False,False,LKSDB-1,T_LKSDB-1
BOALF,2026-09-15,3,4,2026-09-15T00:26:00Z,2026-09-15T00:34:00Z,-74,-74,56579,2026-09-15T00:03:00Z,False,False,ORI,False,False,LKSDB-1,T_LKSDB-1
BOALF,2026-09-15,3,3,2026-09-15T00:26:00Z,2026-09-15T00:27:00Z,-74,0,56578,2026-09-14T23:50:00Z,False,False,ORI,False,False,LKSDB-1,T_LKSDB-1
BOALF,2026-09-15,3,3,2026-09-15T00:22:00Z,2026-09-15T00:26:00Z,-74,-74,56578,2026-09-14T23:50:00Z,False,False,ORI,False,False,LKSDB-1,T_LKSDB-1
BOALF,2026-09-15,3,3,2026-09-15T00:22:00Z,2026-09-15T00:23:00Z,-74,0,56577,2026-09-14T23:46:00Z,False,False,ORI,False,False,LKSDB-1,T_LKSDB-1
BOALF,2026-09-15,3,3,2026-09-15T00:10:00Z,2026-09-15T00:22:00Z,-74,-74,56577,2026-09-14T23:46:00Z,False,False,ORI,False,False,LKSDB-1,T_LKSDB-1
BOALF,2026-09-15,3,3,2026-09-15T00:10:00Z,2026-09-15T00:11:00Z,-74,0,56576,2026-09-14T23:34:00Z,False,False,ORI,False,False,LKSDB-1,T_LKSDB-1
BOALF,2026-09-15,2,3,2026-09-14T23:41:00Z,2026-09-15T00:10:00Z,-74,-74,56576,2026-09-14T23:34:00Z,False,False,ORI,False,False,LKSDB-1,T_LKSDB-1
BOALF,2026-09-15,2,2,2026-09-14T23:41:00Z,2026-09-14T23:42:00Z,-74,0,56575,2026-09-14T23:10:00Z,False,False,ORI,False,False,LKSDB-1,T_LKSDB-1
BOALF,2026-09-15,1,2,2026-09-14T23:28:00Z,2026-09-14T23:41:00Z,-74,-74,56575,2026-09-14T23:10:00Z,False,False,ORI,False,False,LKSDB-1,T_LKSDB-1
BOALF,2026-09-15,1,1,2026-09-14T23:27:00Z,2026-09-14T23:28:00Z,-69,0,56574,2026-09-14T23:09:00Z,False,False,ORI,False,False,LKSDB-1,T_LKSDB-1
BOALF,2026-09-15,1,1,2026-09-14T23:27:00Z,2026-09-14T23:28:00Z,-69,-74,56575,2026-09-14T23:10:00Z,False,False,ORI,False,False,LKSDB-1,T_LKSDB-1
BOALF,2026-09-15,1,1,2026-09-14T23:23:00Z,2026-09-14T23:24:00Z,-5,0,56570,2026-09-14T22:55:00Z,False,False,ORI,False,False,LKSDB-1,T_LKSDB-1
BOALF,2026-09-15,1,1,2026-09-14T23:22:00Z,2026-09-14T23:27:00Z,-69,-69,56574,2026-09-14T23:09:00Z,False,False,ORI,False,False,LKSDB-1,T_LKSDB-1
BOALF,2026-09-15,1,1,2026-09-14T23:21:00Z,2026-09-14T23:22:00Z,-65,-5,56573,2026-09-14T23:08:00Z,False,False,ORI,False,False,LKSDB-1,T_LKSDB-1
BOALF,2026-09-15,1,1,2026-09-14T23:21:00Z,2026-09-14T23:22:00Z,-65,-69,56574,2026-09-14T23:09:00Z,False,False,ORI,False,False,LKSDB-1,T_LKSDB-1
BOALF,2026-09-15,1,1,2026-09-14T23:20:00Z,2026-09-14T23:23:00Z,-5,-5,56570,2026-09-14T22:55:00Z,False,False,ORI,False,False,LKSDB-1,T_LKSDB-1
BOALF,2026-09-15,1,1,2026-09-14T23:19:00Z,2026-09-14T23:20:00Z,-29,0,56569,2026-09-14T22:54:00Z,False,False,ORI,False,False,LKSDB-1,T_LKSDB-1
BOALF,2026-09-15,1,1,2026-09-14T23:19:00Z,2026-09-14T23:20:00Z,-29,-5,56570,2026-09-14T22:55:00Z,False,False,ORI,False,False,LKSDB-1,T_LKSDB-1
BOALF,2026-09-15,1,1,2026-09-14T23:18:00Z,2026-09-14T23:21:00Z,-65,-65,56573,2026-09-14T23:08:00Z,False,False,ORI,False,False,LKSDB-1,T_LKSDB-1
BOALF,2026-09-15,1,1,2026-09-14T23:17:00Z,2026-09-14T23:18:00Z,-45,-29,56572,2026-09-14T23:07:00Z,False,False,ORI,False,False,LKSDB-1,T_LKSDB-1
BOALF,2026-09-15,1,1,2026-09-14T23:17:00Z,2026-09-14T23:18:00Z,-45,-65,56573,2026-09-14T23:08:00Z,False,False,ORI,False,False,LKSDB-1,T_LKSDB-1
BOALF,2026-09-15,1,1,2026-09-14T23:16:00Z,2026-09-14T23:19:00Z,-29,-29,56569,2026-09-14T22:54:00Z,False,False,ORI,False,False,LKSDB-1,T_LKSDB-1
BOALF,2026-09-15,1,1,2026-09-14T23:15:00Z,2026-09-14T23:17:00Z,-45,-45,56572,2026-09-14T23:07:00Z,False,False,ORI,False,False,LKSDB-1,T_LKSDB-1
BOALF,2026-09-15,1,1,2026-09-14T23:15:00Z,2026-09-14T23:16:00Z,-14,0,56568,2026-09-14T22:53:00Z,False,False,ORI,False,False,LKSDB-1,T_LKSDB-1
BOALF,2026-09-15,1,1,2026-09-14T23:15:00Z,2026-09-14T23:16:00Z,-14,-29,56569,2026-09-14T22:54:00Z,False,False,ORI,False,False,LKSDB-1,T_LKSDB-1
BOALF,2026-09-15,1,1,2026-09-14T23:14:00Z,2026-09-14T23:15:00Z,-15,-14,56571,2026-09-14T23:06:00Z,False,False,ORI,False,False,LKSDB-1,T_LKSDB-1
BOALF,2026-09-15,1,1,2026-09-14T23:14:00Z,2026-09-14T23:15:00Z,-15,-45,56572,2026-09-14T23:07:00Z,False,False,ORI,False,False,LKSDB-1,T_LKSDB-1
BOALF,2026-09-15,1,1,2026-09-14T23:13:00Z,2026-09-14T23:15:00Z,-14,-14,56568,2026-09-14T22:53:00Z,False,False,ORI,False,False,LKSDB-1,T_LKSDB-1
BOALF,2026-09-15,1,1,2026-09-14T23:12:00Z,2026-09-14T23:14:00Z,-15,-15,56571,2026-09-14T23:06:00Z,False,False,ORI,False,False,LKSDB-1,T_LKSDB-1
BOALF,2026-09-15,1,1,2026-09-14T23:12:00Z,2026-09-14T23:13:00Z,-15,0,56567,2026-09-14T22:52:00Z,False,False,ORI,False,False,LKSDB-1,T_LKSDB-1
BOALF,2026-09-15,1,1,2026-09-14T23:12:00Z,2026-09-14T23:13:00Z,-15,-14,56568,2026-09-14T22:53:00Z,False,False,ORI,False,False,LKSDB-1,T_LKSDB-1
BOALF,2026-09-15,1,1,2026-09-14T23:10:00Z,2026-09-14T23:12:00Z,-15,-15,56567,2026-09-14T22:52:00Z,False,False,ORI,False,False,LKSDB-1,T_LKSDB-1
BOALF,2026-09-15,1,1,2026-09-14T23:09:00Z,2026-09-14T23:10:00Z,-22,0,56566,2026-09-14T22:51:00Z,False,False,ORI,False,False,LKSDB-1,T_LKSDB-1
BOALF,2026-09-15,1,1,2026-09-14T23:09:00Z,2026-09-14T23:10:00Z,-22,-15,56567,2026-09-14T22:52:00Z,False,False,ORI,False,False,LKSDB-1,T_LKSDB-1
BOALF,2026-09-15,1,1,2026-09-14T23:06:00Z,2026-09-14T23:09:00Z,-22,-22,56566,2026-09-14T22:51:00Z,False,False,ORI,False,False,LKSDB-1,T_LKSDB-1
BOALF,2026-09-15,1,1,2026-09-14T23:05:00Z,2026-09-14T23:06:00Z,0,-22,56566,2026-09-14T22:51:00Z,False,False,ORI,False,False,LKSDB-1,T_LKSDB-1
BOALF,2026-09-14,48,48,2026-09-14T22:40:00Z,2026-09-14T22:41:00Z,-21,0,56565,2026-09-14T22:34:00Z,False,False,ORI,False,False,LKSDB-1,T_LKSDB-1
BOALF,2026-09-14,48,48,2026-09-14T22:37:00Z,2026-09-14T22:40:00Z,-21,-21,56565,2026-09-14T22:34:00Z,False,False,ORI,False,False,LKSDB-1,T_LKSDB-1
BOALF,2026-09-14,48,48,2026-09-14T22:36:00Z,2026-09-14T22:37:00Z,0,-21,56565,2026-09-14T22:34:00Z,False,False,ORI,False,False,LKSDB-1,T_LKSDB-1
BOALF,2026-09-14,48,48,2026-09-14T22:33:00Z,2026-09-14T22:34:00Z,-60,0,56563,2026-09-14T22:18:00Z,False,False,ORI,False,False,LKSDB-1,T_LKSDB-1
BOALF,2026-09-14,48,48,2026-09-14T22:31:00Z,2026-09-14T22:33:00Z,-60,-60,56563,2026-09-14T22:18:00Z,False,False,ORI,False,False,LKSDB-1,T_LKSDB-1
BOALF,2026-09-14,48,48,2026-09-14T22:31:00Z,2026-09-14T22:32:00Z,-75,-60,56564,2026-09-14T22:27:00Z,False,False,ORI,False,False,LKSDB-1,T_LKSDB-1
BOALF,2026-09-14,48,48,2026-09-14T22:30:00Z,2026-09-14T22:31:00Z,-75,0,56562,2026-09-14T22:17:00Z,False,False,ORI,False,False,LKSDB-1,T_LKSDB-1
BOALF,2026-09-14,48,48,2026-09-14T22:30:00Z,2026-09-14T22:31:00Z,-75,-60,56563,2026-09-14T22:18:00Z,False,False,ORI,False,False,LKSDB-1,T_LKSDB-1
BOALF,2026-09-14,48,48,2026-09-14T22:30:00Z,2026-09-14T22:31:00Z,-75,-75,56564,2026-09-14T22:27:00Z,False,False,ORI,False,False,LKSDB-1,T_LKSDB-1
BOALF,2026-09-14,47,48,2026-09-14T22:28:00Z,2026-09-14T22:30:00Z,-75,-75,56562,2026-09-14T22:17:00Z,False,False,ORI,False,False,LKSDB-1,T_LKSDB-1
BOALF,2026-09-14,47,47,2026-09-14T22:28:00Z,2026-09-14T22:29:00Z,-75,0,56561,2026-09-14T22:04:00Z,False,False,ORI,False,False,LKSDB-1,T_LKSDB-1
BOALF,2026-09-14,47,47,2026-09-14T22:26:00Z,2026-09-14T22:28:00Z,-75,-75,56561,2026-09-14T22:04:00Z,False,False,ORI,False,False,LKSDB-1,T_LKSDB-1
BOALF,2026-09-14,47,47,2026-09-14T22:25:00Z,2026-09-14T22:26:00Z,-45,0,56560,2026-09-14T22:00:00Z,False,False,ORI,False,False,LKSDB-1,T_LKSDB-1
BOALF,2026-09-14,47,47,2026-09-14T22:25:00Z,2026-09-14T22:26:00Z,-45,-75,56561,2026-09-14T22:04:00Z,False,False,ORI,False,False,LKSDB-1,T_LKSDB-1
BOALF,2026-09-14,47,47,2026-09-14T22:15:00Z,2026-09-14T22:25:00Z,-45,-45,56560,2026-09-14T22:00:00Z,False,False,ORI,False,False,LKSDB-1,T_LKSDB-1
BOALF,2026-09-14,47,47,2026-09-14T22:14:00Z,2026-09-14T22:15:00Z,-75,0,56559,2026-09-14T21:59:00Z,False,False,ORI,False,False,LKSDB-1,T_LKSDB-1
BOALF,2026-09-14,47,47,2026-09-14T22:14:00Z,2026-09-14T22:15:00Z,-75,-45,56560,2026-09-14T22:00:00Z,False,False,ORI,False,False,LKSDB-1,T_LKSDB-1
BOALF,2026-09-14,47,47,2026-09-14T22:09:00Z,2026-09-14T22:14:00Z,-75,-75,56559,2026-09-14T21:59:00Z,False,False,ORI,False,False,LKSDB-1,T_LKSDB-1
BOALF,2026-09-14,47,47,2026-09-14T22:08:00Z,2026-09-14T22:09:00Z,-73,0,56558,2026-09-14T21:58:00Z,False,False,ORI,False,False,LKSDB-1,T_LKSDB-1
BOALF,2026-09-14,47,47,2026-09-14T22:08:00Z,2026-09-14T22:09:00Z,-73,-75,56559,2026-09-14T21:59:00Z,False,False,ORI,False,False,LKSDB-1,T_LKSDB-1
BOALF,2026-09-14,47,47,2026-09-14T22:03:00Z,2026-09-14T22:08:00Z,-73,-73,56558,2026-09-14T21:58:00Z,False,False,ORI,False,False,LKSDB-1,T_LKSDB-1
BOALF,2026-09-14,47,47,2026-09-14T22:03:00Z,2026-09-14T22:04:00Z,-73,0,56556,2026-09-14T21:40:00Z,False,False,ORI,False,False,LKSDB-1,T_LKSDB-1
BOALF,2026-09-14,47,47,2026-09-14T22:01:00Z,2026-09-14T22:02:00Z,-60,0,56555,2026-09-14T21:36:00Z,False,False,ORI,False,False,LKSDB-1,T_LKSDB-1
BOALF,2026-09-14,47,47,2026-09-14T22:00:00Z,2026-09-14T22:03:00Z,-73,-73,56556,2026-09-14T21:40:00Z,False,False,ORI,False,False,LKSDB-1,T_LKSDB-1
BOALF,2026-09-14,46,47,2026-09-14T21:59:00Z,2026-09-14T22:01:00Z,-60,-60,56555,2026-09-14T21:36:00Z,False,False,ORI,False,False,LKSDB-1,T_LKSDB-1
BOALF,2026-09-14,46,47,2026-09-14T21:59:00Z,2026-09-14T22:00:00Z,-60,-73,56556,2026-09-14T21:40:00Z,False,False,ORI,False,False,LKSDB-1,T_LKSDB-1
BOALF,2026-09-14,46,46,2026-09-14T21:58:00Z,2026-09-14T21:59:00Z,0,-60,56555,2026-09-14T21:36:00Z,False,False,ORI,False,False,LKSDB-1,T_LKSDB-1
BOALF,2026-09-14,46,46,2026-09-14T21:53:00Z,2026-09-14T21:54:00Z,-4,0,56557,2026-09-14T21:46:00Z,False,False,ORI,False,False,LKSDB-1,T_LKSDB-1
BOALF,2026-09-14,46,46,2026-09-14T21:51:00Z,2026-09-14T21:53:00Z,-4,-4,56557,2026-09-14T21:46:00Z,False,False,ORI,False,False,LKSDB-1,T_LKSDB-1
BOALF,2026-09-14,46,46,2026-09-14T21:50:00Z,2026-09-14T21:51:00Z,0,-4,56557,2026-09-14T21:46:00Z,False,False,ORI,False,False,LKSDB-1,T_LKSDB-1
BOALF,2026-09-14,45,45,2026-09-14T21:27:00Z,2026-09-14T21:28:00Z,-99,0,56554,2026-09-14T21:20:00Z,False,False,ORI,False,False,LKSDB-1,T_LKSDB-1
BOALF,2026-09-14,45,45,2026-09-14T21:22:00Z,2026-09-14T21:27:00Z,-99,-99,56554,2026-09-14T21:20:00Z,False,False,ORI,False,False,LKSDB-1,T_LKSDB-1
BOALF,2026-09-14,45,45,2026-09-14T21:21:00Z,2026-09-14T21:22:00Z,0,-99,56554,2026-09-14T21:20:00Z,False,False,ORI,False,False,LKSDB-1,T_LKSDB-1
BOALF,2026-09-14,44,45,2026-09-14T20:59:00Z,2026-09-14T21:00:00Z,4,0,56553,2026-09-14T20:35:00Z,False,False,ORI,False,False,LKSDB-1,T_LKSDB-1
BOALF,2026-09-14,44,44,2026-09-14T20:57:00Z,2026-09-14T20:59:00Z,4,4,56553,2026-09-14T20:35:00Z,False,False,ORI,False,False,LKSDB-1,T_LKSDB-1
BOALF,2026-09-14,44,44,2026-09-14T20:56:00Z,2026-09-14T20:57:00Z,0,5,56552,2026-09-14T20:34:00Z,False,False,ORI,False,False,LKSDB-1,T_LKSDB-1
BOALF,2026-09-14,44,44,2026-09-14T20:56:00Z,2026-09-14T20:57:00Z,0,4,56553,2026-09-14T20:35:00Z,False,False,ORI,False,False,LKSDB-1,T_LKSDB-1
BOALF,2026-09-14,44,44,2026-09-14T20:49:00Z,2026-09-14T20:56:00Z,0,0,56552,2026-09-14T20:34:00Z,False,False,ORI,False,False,LKSDB-1,T_LKSDB-1
BOALF,2026-09-14,44,44,2026-09-14T20:48:00Z,2026-09-14T20:49:00Z,5,0,56552,2026-09-14T20:34:00Z,False,False,ORI,False,False,LKSDB-1,T_LKSDB-1
BOALF,2026-09-14,43,44,2026-09-14T20:28:00Z,2026-09-14T20:30:00Z,0,0,56551,2026-09-14T20:23:00Z,False,False,ORI,False,False,LKSDB-1,T_LKSDB-1
BOALF,2026-09-14,43,43,2026-09-14T20:27:00Z,2026-09-14T20:28:00Z,5,0,56551,2026-09-14T20:23:00Z,False,False,ORI,False,False,LKSDB-1,T_LKSDB-1
BOALF,2026-09-14,43,43,2026-09-14T20:01:00Z,2026-09-14T20:02:00Z,0,5,56550,2026-09-14T19:44:00Z,False,False,ORI,False,False,LKSDB-1,T_LKSDB-1
BOALF,2026-09-14,43,43,2026-09-14T20:00:00Z,2026-09-14T20:01:00Z,0,0,56550,2026-09-14T19:44:00Z,False,False,ORI,False,False,LKSDB-1,T_LKSDB-1
BOALF,2026-09-14,37,37,2026-09-14T17:24:00Z,2026-09-14T17:25:00Z,1,49,56549,2026-09-14T17:13:00Z,False,False,ORI,False,False,LKSDB-1,T_LKSDB-1
BOALF,2026-09-14,37,37,2026-09-14T17:22:00Z,2026-09-14T17:24:00Z,1,1,56549,2026-09-14T17:13:00Z,False,False,ORI,False,False,LKSDB-1,T_LKSDB-1
BOALF,2026-09-14,37,37,2026-09-14T17:21:00Z,2026-09-14T17:22:00Z,0,49,56548,2026-09-14T16:53:00Z,False,False,ORI,False,False,LKSDB-1,T_LKSDB-1
BOALF,2026-09-14,37,37,2026-09-14T17:21:00Z,2026-09-14T17:22:00Z,0,1,56549,2026-09-14T17:13:00Z,False,False,ORI,False,False,LKSDB-1,T_LKSDB-1
BOALF,2026-09-14,37,37,2026-09-14T17:12:00Z,2026-09-14T17:21:00Z,0,0,56548,2026-09-14T16:53:00Z,False,False,ORI,False,False,LKSDB-1,T_LKSDB-1
BOALF,2026-09-14,37,37,2026-09-14T17:12:00Z,2026-09-14T17:13:00Z,0,49,56547,2026-09-14T16:45:00Z,False,False,ORI,False,False,LKSDB-1,T_LKSDB-1
BOALF,2026-09-14,37,37,2026-09-14T17:06:00Z,2026-09-14T17:12:00Z,0,0,56547,2026-09-14T16:45:00Z,False,False,ORI,False,False,LKSDB-1,T_LKSDB-1
BOALF,2026-09-14,37,37,2026-09-14T17:06:00Z,2026-09-14T17:07:00Z,0,49,56546,2026-09-14T16:41:00Z,False,False,ORI,False,False,LKSDB-1,T_LKSDB-1
BOALF,2026-09-14,37,37,2026-09-14T17:02:00Z,2026-09-14T17:06:00Z,0,0,56546,2026-09-14T16:41:00Z,False,False,ORI,False,False,LKSDB-1,T_LKSDB-1
BOALF,2026-09-14,37,37,2026-09-14T17:02:00Z,2026-09-14T17:03:00Z,0,49,56545,2026-09-14T16:34:00Z,False,False,ORI,False,False,LKSDB-1,T_LKSDB-1
BOALF,2026-09-14,36,37,2026-09-14T16:59:00Z,2026-09-14T17:02:00Z,0,0,56545,2026-09-14T16:34:00Z,False,False,ORI,False,False,LKSDB-1,T_LKSDB-1
BOALF,2026-09-14,36,37,2026-09-14T16:59:00Z,2026-09-14T17:00:00Z,0,49,56544,2026-09-14T16:32:00Z,False,False,ORI,False,False,LKSDB-1,T_LKSDB-1
BOALF,2026-09-14,36,36,2026-09-14T16:47:00Z,2026-09-14T16:48:00Z,3,50,56543,2026-09-14T16:29:00Z,False,False,ORI,False,False,LKSDB-1,T_LKSDB-1
BOALF,2026-09-14,36,36,2026-09-14T16:45:00Z,2026-09-14T16:59:00Z,0,0,56544,2026-09-14T16:32:00Z,False,False,ORI,False,False,LKSDB-1,T_LKSDB-1
BOALF,2026-09-14,36,36,2026-09-14T16:45:00Z,2026-09-14T16:47:00Z,3,3,56543,2026-09-14T16:29:00Z,False,False,ORI,False,False,LKSDB-1,T_LKSDB-1
BOALF,2026-09-14,36,36,2026-09-14T16:44:00Z,2026-09-14T16:45:00Z,50,3,56543,2026-09-14T16:29:00Z,False,False,ORI,False,False,LKSDB-1,T_LKSDB-1
BOALF,2026-09-14,36,36,2026-09-14T16:44:00Z,2026-09-14T16:45:00Z,50,0,56544,2026-09-14T16:32:00Z,False,False,ORI,False,False,LKSDB-1,T_LKSDB-1
BOALF,2026-09-14,36,36,2026-09-14T16:41:00Z,2026-09-14T16:42:00Z,-26,0,56542,2026-09-14T16:14:00Z,False,False,ORI,False,False,LKSDB-1,T_LKSDB-1
BOALF,2026-09-14,35,36,2026-09-14T16:27:00Z,2026-09-14T16:41:00Z,-26,-26,56542,2026-09-14T16:14:00Z,False,False,ORI,False,False,LKSDB-1,T_LKSDB-1
BOALF,2026-09-14,35,35,2026-09-14T16:27:00Z,2026-09-14T16:28:00Z,-26,0,56540,2026-09-14T15:56:00Z,False,False,ORI,False,False,LKSDB-1,T_LKSDB-1
BOALF,2026-09-14,35,35,2026-09-14T16:16:00Z,2026-09-14T16:27:00Z,-26,-26,56540,2026-09-14T15:56:00Z,False,False,ORI,False,False,LKSDB-1,T_LKSDB-1
BOALF,2026-09-14,35,35,2026-09-14T16:15:00Z,2026-09-14T16:16:00Z,0,36,56539,2026-09-14T15:55:00Z,False,False,ORI,False,False,LKSDB-1,T_LKSDB-1
BOALF,2026-09-14,35,35,2026-09-14T16:15:00Z,2026-09-14T16:16:00Z,0,-26,56540,2026-09-14T15:56:00Z,False,False,ORI,False,False,LKSDB-1,T_LKSDB-1
BOALF,2026-09-14,35,35,2026-09-14T16:15:00Z,2026-09-14T16:16:00Z,-2,-26,56541,2026-09-14T15:59:00Z,False,False,ORI,False,False,LKSDB-1,T_LKSDB-1
BOALF,2026-09-14,35,35,2026-09-14T16:12:00Z,2026-09-14T16:15:00Z,-2,-2,56541,2026-09-14T15:59:00Z,False,False,ORI,False,False,LKSDB-1,T_LKSDB-1
BOALF,2026-09-14,35,35,2026-09-14T16:11:00Z,2026-09-14T16:12:00Z,0,-2,56541,2026-09-14T15:59:00Z,False,False,ORI,False,False,LKSDB-1,T_LKSDB-1
BOALF,2026-09-14,35,35,2026-09-14T16:09:00Z,2026-09-14T16:15:00Z,0,0,56539,2026-09-14T15:55:00Z,False,False,ORI,False,False,LKSDB-1,T_LKSDB-1
BOALF,2026-09-14,35,35,2026-09-14T16:09:00Z,2026-09-14T16:10:00Z,0,36,56537,2026-09-14T15:41:00Z,False,False,ORI,False,False,LKSDB-1,T_LKSDB-1
BOALF,2026-09-14,35,35,2026-09-14T16:03:00Z,2026-09-14T16:09:00Z,0,0,56537,2026-09-14T15:41:00Z,False,False,ORI,False,False,LKSDB-1,T_LKSDB-1
BOALF,2026-09-14,35,35,2026-09-14T16:01:00Z,2026-09-14T16:02:00Z,18,18,56538,2026-09-14T15:44:00Z,False,False,ORI,False,False,LKSDB-1,T_LKSDB-1
BOALF,2026-09-14,35,35,2026-09-14T16:00:00Z,2026-09-14T16:01:00Z,0,18,56538,2026-09-14T15:44:00Z,False,False,ORI,False,False,LKSDB-1,T_LKSDB-1
BOALF,2026-09-14,29,30,2026-09-14T13:29:00Z,2026-09-14T13:30:00Z,-39,-15,56536,2026-09-14T13:10:00Z,False,False,ORI,False,False,LKSDB-1,T_LKSDB-1
BOALF,2026-09-14,29,29,2026-09-14T13:20:00Z,2026-09-14T13:29:00Z,-39,-39,56536,2026-09-14T13:10:00Z,False,False,ORI,False,False,LKSDB-1,T_LKSDB-1
BOALF,2026-09-14,29,29,2026-09-14T13:20:00Z,2026-09-14T13:21:00Z,-39,-15,56535,2026-09-14T13:03:00Z,False,False,ORI,False,False,LKSDB-1,T_LKSDB-1
BOALF,2026-09-14,29,29,2026-09-14T13:19:00Z,2026-09-14T13:20:00Z,-39,-15,56534,2026-09-14T13:02:00Z,False,False,ORI,False,False,LKSDB-1,T_LKSDB-1
BOALF,2026-09-14,29,29,2026-09-14T13:19:00Z,2026-09-14T13:20:00Z,-39,-39,56535,2026-09-14T13:03:00Z,False,False,ORI,False,False,LKSDB-1,T_LKSDB-1
BOALF,2026-09-14,29,29,2026-09-14T13:11:00Z,2026-09-14T13:19:00Z,-39,-39,56534,2026-09-14T13:02:00Z,False,False,ORI,False,False,LKSDB-1,T_LKSDB-1
BOALF,2026-09-14,29,29,2026-09-14T13:10:00Z,2026-09-14T13:11:00Z,-22,-15,56533,2026-09-14T13:01:00Z,False,False,ORI,False,False,LKSDB-1,T_LKSDB-1
BOALF,2026-09-14,29,29,2026-09-14T13:10:00Z,2026-09-14T13:11:00Z,-22,-39,56534,2026-09-14T13:02:00Z,False,False,ORI,False,False,LKSDB-1,T_LKSDB-1
BOALF,2026-09-14,29,29,2026-09-14T13:08:00Z,2026-09-14T13:10:00Z,-22,-22,56533,2026-09-14T13:01:00Z,False,False,ORI,False,False,LKSDB-1,T_LKSDB-1
BOALF,2026-09-14,29,29,2026-09-14T13:07:00Z,2026-09-14T13:08:00Z,-15,-22,56533,2026-09-14T13:01:00Z,False,False,ORI,False,False,LKSDB-1,T_LKSDB-1
BOALF,2026-09-14,29,29,2026-09-14T13:04:00Z,2026-09-14T13:05:00Z,-39,-15,56532,2026-09-14T12:51:00Z,False,False,ORI,False,False,LKSDB-1,T_LKSDB-1
BOALF,2026-09-14,29,29,2026-09-14T13:00:00Z,2026-09-14T13:04:00Z,-39,-39,56532,2026-09-14T12:51:00Z,False,False,ORI,False,False,LKSDB-1,T_LKSDB-1
BOALF,2026-09-14,28,29,2026-09-14T12:59:00Z,2026-09-14T13:00:00Z,-15,-39,56532,2026-09-14T12:51:00Z,False,False,ORI,False,False,LKSDB-1,T_LKSDB-1
BOALF,2026-09-14,26,26,2026-09-14T11:56:00Z,2026-09-14T11:57:00Z,-31,0,56531,2026-09-14T11:48:00Z,False,False,ORI,False,False,LKSDB-1,T_LKSDB-1
BOALF,2026-09-14,26,26,2026-09-14T11:54:00Z,2026-09-14T11:56:00Z,-31,-31,56531,2026-09-14T11:48:00Z,False,False,ORI,False,False,LKSDB-1,T_LKSDB-1
BOALF,2026-09-14,26,26,2026-09-14T11:53:00Z,2026-09-14T11:54:00Z,-39,0,56530,2026-09-14T11:47:00Z,False,False,ORI,False,False,LKSDB-1,T_LKSDB-1
BOALF,2026-09-14,26,26,2026-09-14T11:53:00Z,2026-09-14T11:54:00Z,-39,-31,56531,2026-09-14T11:48:00Z,False,False,ORI,False,False,LKSDB-1,T_LKSDB-1
BOALF,2026-09-14,26,26,2026-09-14T11:50:00Z,2026-09-14T11:53:00Z,-39,-39,56530,2026-09-14T11:47:00Z,False,False,ORI,False,False,LKSDB-1,T_LKSDB-1
BOALF,2026-09-14,26,26,2026-09-14T11:49:00Z,2026-09-14T11:50:00Z,0,-39,56530,2026-09-14T11:47:00Z,False,False,ORI,False,False,LKSDB-1,T_LKSDB-1
BOALF,2026-09-14,26,26,2026-09-14T11:36:00Z,2026-09-14T11:37:00Z,-39,0,56529,2026-09-14T11:19:00Z,False,False,ORI,False,False,LKSDB-1,T_LKSDB-1
BOALF,2026-09-14,26,26,2026-09-14T11:31:00Z,2026-09-14T11:36:00Z,-39,-39,56529,2026-09-14T11:19:00Z,False,False,ORI,False,False,LKSDB-1,T_LKSDB-1
BOALF,2026-09-14,26,26,2026-09-14T11:31:00Z,2026-09-14T11:32:00Z,-39,0,56528,2026-09-14T11:16:00Z,False,False,ORI,False,False,LKSDB-1,T_LKSDB-1
BOALF,2026-09-14,25,26,2026-09-14T11:29:00Z,2026-09-14T11:31:00Z,-39,-39,56528,2026-09-14T11:16:00Z,False,False,ORI,False,False,LKSDB-1,T_LKSDB-1
BOALF,2026-09-14,25,26,2026-09-14T11:29:00Z,2026-09-14T11:30:00Z,-39,0,56527,2026-09-14T11:13:00Z,False,False,ORI,False,False,LKSDB-1,T_LKSDB-1
BOALF,2026-09-14,25,25,2026-09-14T11:21:00Z,2026-09-14T11:29:00Z,-39,-39,56527,2026-09-14T11:13:00Z,False,False,ORI,False,False,LKSDB-1,T_LKSDB-1
BOALF,2026-09-14,25,25,2026-09-14T11:21:00Z,2026-09-14T11:22:00Z,-39,0,56526,2026-09-14T11:06:00Z,False,False,ORI,False,False,LKSDB-1,T_LKSDB-1
BOALF,2026-09-14,25,25,2026-09-14T11:11:00Z,2026-09-14T11:21:00Z,-39,-39,56526,2026-09-14T11:06:00Z,False,False,ORI,False,False,LKSDB-1,T_LKSDB-1
BOALF,2026-09-14,25,25,2026-09-14T11:11:00Z,2026-09-14T11:12:00Z,-39,0,56525,2026-09-14T11:02:00Z,False,False,ORI,False,False,LKSDB-1,T_LKSDB-1
BOALF,2026-09-14,25,25,2026-09-14T11:10:00Z,2026-09-14T11:11:00Z,-39,0,56524,2026-09-14T10:50:00Z,False,False,ORI,False,False,LKSDB-1,T_LKSDB-1
BOALF,2026-09-14,25,25,2026-09-14T11:10:00Z,2026-09-14T11:11:00Z,-39,-39,56525,2026-09-14T11:02:00Z,False,False,ORI,False,False,LKSDB-1,T_LKSDB-1
BOALF,2026-09-14,25,25,2026-09-14T11:04:00Z,2026-09-14T11:10:00Z,-39,-39,56524,2026-09-14T10:50:00Z,False,False,ORI,False,False,LKSDB-1,T_LKSDB-1
BOALF,2026-09-14,25,25,2026-09-14T11:04:00Z,2026-09-14T11:05:00Z,-39,0,56523,2026-09-14T10:38:00Z,False,False,ORI,False,False,LKSDB-1,T_LKSDB-1
BOALF,2026-09-14,25,25,2026-09-14T11:00:00Z,2026-09-14T11:04:00Z,-39,-39,56523,2026-09-14T10:38:00Z,False,False,ORI,False,False,LKSDB-1,T_LKSDB-1
BOALF,2026-09-14,25,25,2026-09-14T11:00:00Z,2026-09-14T11:01:00Z,-39,0,56522,2026-09-14T10:34:00Z,False,False,ORI,False,False,LKSDB-1,T_LKSDB-1
BOALF,2026-09-14,24,25,2026-09-14T10:51:00Z,2026-09-14T11:00:00Z,-39,-39,56522,2026-09-14T10:34:00Z,False,False,ORI,False,False,LKSDB-1,T_LKSDB-1
BOALF,2026-09-14,24,24,2026-09-14T10:51:00Z,2026-09-14T10:52:00Z,-39,0,56521,2026-09-14T10:30:00Z,False,False,ORI,False,False,LKSDB-1,T_LKSDB-1
BOALF,2026-09-14,24,24,2026-09-14T10:46:00Z,2026-09-14T10:51:00Z,-39,-39,56521,2026-09-14T10:30:00Z,False,False,ORI,False,False,LKSDB-1,T_LKSDB-1
BOALF,2026-09-14,24,24,2026-09-14T10:46:00Z,2026-09-14T10:47:00Z,-39,0,56520,2026-09-14T10:27:00Z,False,False,ORI,False,False,LKSDB-1,T_LKSDB-1
BOALF,2026-09-14,24,24,2026-09-14T10:42:00Z,2026-09-14T10:46:00Z,-39,-39,56520,2026-09-14T10:27:00Z,False,False,ORI,False,False,LKSDB-1,T_LKSDB-1
BOALF,2026-09-14,24,24,2026-09-14T10:42:00Z,2026-09-14T10:43:00Z,-39,0,56519,2026-09-14T10:20:00Z,False,False,ORI,False,False,LKSDB-1,T_LKSDB-1
BOALF,2026-09-14,24,24,2026-09-14T10:31:00Z,2026-09-14T10:42:00Z,-39,-39,56519,2026-09-14T10:20:00Z,False,False,ORI,False,False,LKSDB-1,T_LKSDB-1
BOALF,2026-09-14,24,24,2026-09-14T10:30:00Z,2026-09-14T10:31:00Z,0,-39,56519,2026-09-14T10:20:00Z,False,False,ORI,False,False,LKSDB-1,T_LKSDB-1
BOALF,2026-09-14,23,23,2026-09-14T10:16:00Z,2026-09-14T10:17:00Z,-35,0,56518,2026-09-14T10:03:00Z,False,False,ORI,False,False,LKSDB-1,T_LKSDB-1
BOALF,2026-09-14,23,23,2026-09-14T10:14:00Z,2026-09-14T10:16:00Z,-35,-35,56518,2026-09-14T10:03:00Z,False,False,ORI,False,False,LKSDB-1,T_LKSDB-1
BOALF,2026-09-14,23,23,2026-09-14T10:13:00Z,2026-09-14T10:14:00Z,0,-35,56518,2026-09-14T10:03:00Z,False,False,ORI,False,False,LKSDB-1,T_LKSDB-1
BOALF,2026-09-14,14,15,2026-09-14T05:59:00Z,2026-09-14T06:00:00Z,0,75,56517,2026-09-14T05:37:00Z,False,False,ORI,False,False,LKSDB-1,T_LKSDB-1
BOALF,2026-09-14,14,14,2026-09-14T05:52:00Z,2026-09-14T05:59:00Z,0,0,56517,2026-09-14T05:37:00Z,False,False,ORI,False,False,LKSDB-1,T_LKSDB-1
BOALF,2026-09-14,14,14,2026-09-14T05:52:00Z,2026-09-14T05:53:00Z,0,75,56516,2026-09-14T05:21:00Z,False,False,ORI,False,False,LKSDB-1,T_LKSDB-1
BOALF,2026-09-14,14,14,2026-09-14T05:44:00Z,2026-09-14T05:52:00Z,0,0,56516,2026-09-14T05:21:00Z,False,False,ORI,False,False,LKSDB-1,T_LKSDB-1
BOALF,2026-09-14,14,14,2026-09-14T05:44:00Z,2026-09-14T05:45:00Z,0,75,56515,2026-09-14T05:14:00Z,False,False,ORI,False,False,LKSDB-1,T_LKSDB-1
BOALF,2026-09-14,14,14,2026-09-14T05:41:00Z,2026-09-14T05:44:00Z,0,0,56515,2026-09-14T05:14:00Z,False,False,ORI,False,False,LKSDB-1,T_LKSDB-1
BOALF,2026-09-14,14,14,2026-09-14T05:41:00Z,2026-09-14T05:42:00Z,0,75,56514,2026-09-14T05:09:00Z,False,False,ORI,False,False,LKSDB-1,T_LKSDB-1
BOALF,2026-09-14,14,14,2026-09-14T05:31:00Z,2026-09-14T05:41:00Z,0,0,56514,2026-09-14T05:09:00Z,False,False,ORI,False,False,LKSDB-1,T_LKSDB-1
BOALF,2026-09-14,14,14,2026-09-14T05:31:00Z,2026-09-14T05:32:00Z,0,75,56513,2026-09-14T05:00:00Z,False,False,ORI,False,False,LKSDB-1,T_LKSDB-1
BOALF,2026-09-14,13,14,2026-09-14T05:21:00Z,2026-09-14T05:31:00Z,0,0,56513,2026-09-14T05:00:00Z,False,False,ORI,False,False,LKSDB-1,T_LKSDB-1
BOALF,2026-09-14,13,13,2026-09-14T05:21:00Z,2026-09-14T05:22:00Z,0,75,56512,2026-09-14T04:50:00Z,False,False,ORI,False,False,LKSDB-1,T_LKSDB-1
BOALF,2026-09-14,13,13,2026-09-14T05:12:00Z,2026-09-14T05:21:00Z,0,0,56512,2026-09-14T04:50:00Z,False,False,ORI,False,False,LKSDB-1,T_LKSDB-1
BOALF,2026-09-14,13,13,2026-09-14T05:12:00Z,2026-09-14T05:13:00Z,0,75,56511,2026-09-14T04:40:00Z,False,False,ORI,False,False,LKSDB-1,T_LKSDB-1
BOALF,2026-09-14,13,13,2026-09-14T05:06:00Z,2026-09-14T05:12:00Z,0,0,56511,2026-09-14T04:40:00Z,False,False,ORI,False,False,LKSDB-1,T_LKSDB-1
BOALF,2026-09-14,13,13,2026-09-14T05:06:00Z,2026-09-14T05:07:00Z,0,75,56510,2026-09-14T04:34:00Z,False,False,ORI,False,False,LKSDB-1,T_LKSDB-1
BOALF,2026-09-14,13,13,2026-09-14T05:00:00Z,2026-09-14T05:06:00Z,0,0,56510,2026-09-14T04:34:00Z,False,False,ORI,False,False,LKSDB-1,T_LKSDB-1
BOALF,2026-09-14,6,6,2026-09-14T01:30:00Z,2026-09-14T01:31:00Z,-74,0,56509,2026-09-14T01:10:00Z,False,False,ORI,False,False,LKSDB-1,T_LKSDB-1
BOALF,2026-09-14,5,6,2026-09-14T01:29:00Z,2026-09-14T01:30:00Z,-74,0,56508,2026-09-14T01:00:00Z,False,False,ORI,False,False,LKSDB-1,T_LKSDB-1
BOALF,2026-09-14,5,6,2026-09-14T01:29:00Z,2026-09-14T01:30:00Z,-74,-74,56509,2026-09-14T01:10:00Z,False,False,ORI,False,False,LKSDB-1,T_LKSDB-1
BOALF,2026-09-14,5,5,2026-09-14T01:24:00Z,2026-09-14T01:29:00Z,-74,-74,56508,2026-09-14T01:00:00Z,False,False,ORI,False,False,LKSDB-1,T_LKSDB-1
BOALF,2026-09-14,5,5,2026-09-14T01:24:00Z,2026-09-14T01:25:00Z,-74,0,56507,2026-09-14T00:57:00Z,False,False,ORI,False,False,LKSDB-1,T_LKSDB-1
BOALF,2026-09-14,5,5,2026-09-14T01:12:00Z,2026-09-14T01:13:00Z,-63,0,56506,2026-09-14T00:45:00Z,False,False,ORI,False,False,LKSDB-1,T_LKSDB-1
BOALF,2026-09-14,5,5,2026-09-14T01:10:00Z,2026-09-14T01:12:00Z,-63,-63,56506,2026-09-14T00:45:00Z,False,False,ORI,False,False,LKSDB-1,T_LKSDB-1
BOALF,2026-09-14,5,5,2026-09-14T01:09:00Z,2026-09-14T01:10:00Z,-68,0,56505,2026-09-14T00:44:00Z,False,False,ORI,False,False,LKSDB-1,T_LKSDB-1
BOALF,2026-09-14,5,5,2026-09-14T01:09:00Z,2026-09-14T01:10:00Z,-68,-63,56506,2026-09-14T00:45:00Z,False,False,ORI,False,False,LKSDB-1,T_LKSDB-1
BOALF,2026-09-14,5,5,2026-09-14T01:07:00Z,2026-09-14T01:09:00Z,-68,-68,56505,2026-09-14T00:44:00Z,False,False,ORI,False,False,LKSDB-1,T_LKSDB-1
BOALF,2026-09-14,5,5,2026-09-14T01:06:00Z,2026-09-14T01:24:00Z,-74,-74,56507,2026-09-14T00:57:00Z,False,False,ORI,False,False,LKSDB-1,T_LKSDB-1
BOALF,2026-09-14,5,5,2026-09-14T01:06:00Z,2026-09-14T01:07:00Z,-74,0,56504,2026-09-14T00:43:00Z,False,False,ORI,False,False,LKSDB-1,T_LKSDB-1
BOALF,2026-09-14,5,5,2026-09-14T01:06:00Z,2026-09-14T01:07:00Z,-74,-68,56505,2026-09-14T00:44:00Z,False,False,ORI,False,False,LKSDB-1,T_LKSDB-1
BOALF,2026-09-14,5,5,2026-09-14T01:00:00Z,2026-09-14T01:06:00Z,-74,-74,56504,2026-09-14T00:43:00Z,False,False,ORI,False,False,LKSDB-1,T_LKSDB-1
BOALF,2026-09-14,4,5,2026-09-14T00:59:00Z,2026-09-14T01:00:00Z,-15,0,56503,2026-09-14T00:42:00Z,False,False,ORI,False,False,LKSDB-1,T_LKSDB-1
BOALF,2026-09-14,4,5,2026-09-14T00:59:00Z,2026-09-14T01:00:00Z,-15,-74,56504,2026-09-14T00:43:00Z,False,False,ORI,False,False,LKSDB-1,T_LKSDB-1
BOALF,2026-09-14,4,4,2026-09-14T00:57:00Z,2026-09-14T00:59:00Z,-15,-15,56503,2026-09-14T00:42:00Z,False,False,ORI,False,False,LKSDB-1,T_LKSDB-1
BOALF,2026-09-14,4,4,2026-09-14T00:56:00Z,2026-09-14T00:57:00Z,-74,0,56502,2026-09-14T00:30:00Z,False,False,ORI,False,False,LKSDB-1,T_LKSDB-1
BOALF,2026-09-14,4,4,2026-09-14T00:56:00Z,2026-09-14T00:57:00Z,-74,-15,56503,2026-09-14T00:42:00Z,False,False,ORI,False,False,LKSDB-1,T_LKSDB-1
BOALF,2026-09-14,4,4,2026-09-14T00:54:00Z,2026-09-14T00:56:00Z,-74,-74,56502,2026-09-14T00:30:00Z,False,False,ORI,False,False,LKSDB-1,T_LKSDB-1
BOALF,2026-09-14,4,4,2026-09-14T00:54:00Z,2026-09-14T00:55:00Z,-74,0,56501,2026-09-14T00:23:00Z,False,False,ORI,False,False,LKSDB-1,T_LKSDB-1
BOALF,2026-09-14,4,4,2026-09-14T00:52:00Z,2026-09-14T00:54:00Z,-74,-74,56501,2026-09-14T00:23:00Z,False,False,ORI,False,False,LKSDB-1,T_LKSDB-1
BOALF,2026-09-14,4,4,2026-09-14T00:52:00Z,2026-09-14T00:53:00Z,-74,0,56500,2026-09-14T00:19:00Z,False,False,ORI,False,False,LKSDB-1,T_LKSDB-1
BOALF,2026-09-14,4,4,2026-09-14T00:48:00Z,2026-09-14T00:52:00Z,-74,-74,56500,2026-09-14T00:19:00Z,False,False,ORI,False,False,LKSDB-1,T_LKSDB-1
BOALF,2026-09-14,4,4,2026-09-14T00:48:00Z,2026-09-14T00:49:00Z,-74,0,56499,2026-09-14T00:17:00Z,False,False,ORI,False,False,LKSDB-1,T_LKSDB-1
BOALF,2026-09-14,4,4,2026-09-14T00:38:00Z,2026-09-14T00:48:00Z,-74,-74,56499,2026-09-14T00:17:00Z,False,False,ORI,False,False,LKSDB-1,T_LKSDB-1
BOALF,2026-09-14,4,4,2026-09-14T00:38:00Z,2026-09-14T00:39:00Z,-74,0,56498,2026-09-14T00:07:00Z,False,False,ORI,False,False,LKSDB-1,T_LKSDB-1
BOALF,2026-09-14,3,4,2026-09-14T00:28:00Z,2026-09-14T00:38:00Z,-74,-74,56498,2026-09-14T00:07:00Z,False,False,ORI,False,False,LKSDB-1,T_LKSDB-1
BOALF,2026-09-14,3,3,2026-09-14T00:28:00Z,2026-09-14T00:29:00Z,-74,0,56497,2026-09-13T23:57:00Z,False,False,ORI,False,False,LKSDB-1,T_LKSDB-1
BOALF,2026-09-14,3,3,2026-09-14T00:25:00Z,2026-09-14T00:28:00Z,-74,-74,56497,2026-09-13T23:57:00Z,False,False,ORI,False,False,LKSDB-1,T_LKSDB-1
BOALF,2026-09-14,3,3,2026-09-14T00:25:00Z,2026-09-14T00:26:00Z,-74,0,56496,2026-09-13T23:54:00Z,False,False,ORI,False,False,LKSDB-1,T_LKSDB-1
BOALF,2026-09-14,3,3,2026-09-14T00:15:00Z,2026-09-14T00:25:00Z,-74,-74,56496,2026-09-13T23:54:00Z,False,False,ORI,False,False,LKSDB-1,T_LKSDB-1
BOALF,2026-09-14,3,3,2026-09-14T00:15:00Z,2026-09-14T00:16:00Z,-74,0,56495,2026-09-13T23:44:00Z,False,False,ORI,False,False,LKSDB-1,T_LKSDB-1
BOALF,2026-09-14,3,3,2026-09-14T00:02:00Z,2026-09-14T00:15:00Z,-74,-74,56495,2026-09-13T23:44:00Z,False,False,ORI,False,False,LKSDB-1,T_LKSDB-1
BOALF,2026-09-14,3,3,2026-09-14T00:02:00Z,2026-09-14T00:03:00Z,-74,0,56494,2026-09-13T23:35:00Z,False,False,ORI,False,False,LKSDB-1,T_LKSDB-1
BOALF,2026-09-14,3,3,2026-09-14T00:00:00Z,2026-09-14T00:02:00Z,-74,-74,56494,2026-09-13T23:35:00Z,False,False,ORI,False,False,LKSDB-1,T_LKSDB-1
BOALF,2026-09-14,2,3,2026-09-13T23:59:00Z,2026-09-14T00:00:00Z,-65,0,56493,2026-09-13T23:34:00Z,False,False,ORI,False,False,LKSDB-1,T_LKSDB-1
BOALF,2026-09-14,2,3,2026-09-13T23:59:00Z,2026-09-14T00:00:00Z,-65,-74,56494,2026-09-13T23:35:00Z,False,False,ORI,False,False,LKSDB-1,T_LKSDB-1
BOALF,2026-09-14,2,2,2026-09-13T23:53:00Z,2026-09-13T23:59:00Z,-65,-65,56493,2026-09-13T23:34:00Z,False,False,ORI,False,False,LKSDB-1,T_LKSDB-1
BOALF,2026-09-14,2,2,2026-09-13T23:52:00Z,2026-09-13T23:53:00Z,-51,0,56492,2026-09-13T23:33:00Z,False,False,ORI,False,False,LKSDB-1,T_LKSDB-1
BOALF,2026-09-14,2,2,2026-09-13T23:52:00Z,2026-09-13T23:53:00Z,-51,-65,56493,2026-09-13T23:34:00Z,False,False,ORI,False,False,LKSDB-1,T_LKSDB-1
BOALF,2026-09-14,2,2,2026-09-13T23:50:00Z,2026-09-13T23:52:00Z,-51,-51,56492,2026-09-13T23:33:00Z,False,False,ORI,False,False,LKSDB-1,T_LKSDB-1
BOALF,2026-09-14,2,2,2026-09-13T23:49:00Z,2026-09-13T23:50:00Z,-74,0,56491,2026-09-13T23:32:00Z,False,False,ORI,False,False,LKSDB-1,T_LKSDB-1
BOALF,2026-09-14,2,2,2026-09-13T23:49:00Z,2026-09-13T23:50:00Z,-74,-51,56492,2026-09-13T23:33:00Z,False,False,ORI,False,False,LKSDB-1,T_LKSDB-1
BOALF,2026-09-14,2,2,2026-09-13T23:47:00Z,2026-09-13T23:49:00Z,-74,-74,56491,2026-09-13T23:32:00Z,False,False,ORI,False,False,LKSDB-1,T_LKSDB-1
BOALF,2026-09-14,2,2,2026-09-13T23:46:00Z,2026-09-13T23:47:00Z,-32,0,56490,2026-09-13T23:31:00Z,False,False,ORI,False,False,LKSDB-1,T_LKSDB-1
BOALF,2026-09-14,2,2,2026-09-13T23:46:00Z,2026-09-13T23:47:00Z,-32,-74,56491,2026-09-13T23:32:00Z,False,False,ORI,False,False,LKSDB-1,T_LKSDB-1
BOALF,2026-09-14,2,2,2026-09-13T23:43:00Z,2026-09-13T23:46:00Z,-32,-32,56490,2026-09-13T23:31:00Z,False,False,ORI,False,False,LKSDB-1,T_LKSDB-1
BOALF,2026-09-14,2,2,2026-09-13T23:42:00Z,2026-09-13T23:43:00Z,0,-32,56490,2026-09-13T23:31:00Z,False,False,ORI,False,False,LKSDB-1,T_LKSDB-1
BOALF,2026-09-14,2,2,2026-09-13T23:32:00Z,2026-09-13T23:33:00Z,-66,0,56488,2026-09-13T23:14:00Z,False,False,ORI,False,False,LKSDB-1,T_LKSDB-1
BOALF,2026-09-14,2,2,2026-09-13T23:32:00Z,2026-09-13T23:33:00Z,-70,0,56489,2026-09-13T23:22:00Z,False,False,ORI,False,False,LKSDB-1,T_LKSDB-1
BOALF,2026-09-14,2,2,2026-09-13T23:30:00Z,2026-09-13T23:32:00Z,-70,-70,56489,2026-09-13T23:22:00Z,False,False,ORI,False,False,LKSDB-1,T_LKSDB-1
BOALF,2026-09-14,1,2,2026-09-13T23:29:00Z,2026-09-13T23:32:00Z,-66,-66,56488,2026-09-13T23:14:00Z,False,False,ORI,False,False,LKSDB-1,T_LKSDB-1
BOALF,2026-09-14,1,2,2026-09-13T23:29:00Z,2026-09-13T23:30:00Z,-66,-70,56489,2026-09-13T23:22:00Z,False,False,ORI,False,False,LKSDB-1,T_LKSDB-1
BOALF,2026-09-14,1,1,2026-09-13T23:28:00Z,2026-09-13T23:29:00Z,0,-66,56488,2026-09-13T23:14:00Z,False,False,ORI,False,False,LKSDB-1,T_LKSDB-1
BOALF,2026-09-13,47,48,2026-09-13T22:29:00Z,2026-09-13T22:30:00Z,-74,0,56487,2026-09-13T22:19:00Z,False,False,ORI,False,False,LKSDB-1,T_LKSDB-1
BOALF,2026-09-13,47,47,2026-09-13T22:23:00Z,2026-09-13T22:29:00Z,-74,-74,56487,2026-09-13T22:19:00Z,False,False,ORI,False,False,LKSDB-1,T_LKSDB-1
BOALF,2026-09-13,47,47,2026-09-13T22:22:00Z,2026-09-13T22:23:00Z,0,-74,56487,2026-09-13T22:19:00Z,False,False,ORI,False,False,LKSDB-1,T_LKSDB-1
BOALF,2026-09-13,47,47,2026-09-13T22:04:00Z,2026-09-13T22:05:00Z,-10,0,56486,2026-09-13T21:32:00Z,False,False,ORI,False,False,LKSDB-1,T_LKSDB-1
BOALF,2026-09-13,47,47,2026-09-13T22:00:00Z,2026-09-13T22:04:00Z,-10,-10,56486,2026-09-13T21:32:00Z,False,False,ORI,False,False,LKSDB-1,T_LKSDB-1
BOALF,2026-09-13,46,47,2026-09-13T21:59:00Z,2026-09-13T22:00:00Z,0,-10,56486,2026-09-13T21:32:00Z,False,False,ORI,False,False,LKSDB-1,T_LKSDB-1
BOALF,2026-09-13,45,45,2026-09-13T21:28:00Z,2026-09-13T21:29:00Z,-10,0,56485,2026-09-13T21:21:00Z,False,False,ORI,False,False,LKSDB-1,T_LKSDB-1
BOALF,2026-09-13,45,45,2026-09-13T21:26:00Z,2026-09-13T21:28:00Z,-10,-10,56485,2026-09-13T21:21:00Z,False,False,ORI,False,False,LKSDB-1,T_LKSDB-1
BOALF,2026-09-13,45,45,2026-09-13T21:25:00Z,2026-09-13T21:26:00Z,0,-10,56485,2026-09-13T21:21:00Z,False,False,ORI,False,False,LKSDB-1,T_LKSDB-1
BOALF,2026-09-13,44,44,2026-09-13T20:58:00Z,2026-09-13T20:59:00Z,-10,0,56484,2026-09-13T20:48:00Z,False,False,ORI,False,False,LKSDB-1,T_LKSDB-1
BOALF,2026-09-13,44,44,2026-09-13T20:52:00Z,2026-09-13T20:58:00Z,-10,-10,56484,2026-09-13T20:48:00Z,False,False,ORI,False,False,LKSDB-1,T_LKSDB-1
BOALF,2026-09-13,44,44,2026-09-13T20:52:00Z,2026-09-13T20:53:00Z,-10,0,56483,2026-09-13T20:21:00Z,False,False,ORI,False,False,LKSDB-1,T_LKSDB-1
BOALF,2026-09-13,44,44,2026-09-13T20:46:00Z,2026-09-13T20:52:00Z,-10,-10,56483,2026-09-13T20:21:00Z,False,False,ORI,False,False,LKSDB-1,T_LKSDB-1
BOALF,2026-09-13,44,44,2026-09-13T20:45:00Z,2026-09-13T20:46:00Z,0,-10,56483,2026-09-13T20:21:00Z,False,False,ORI,False,False,LKSDB-1,T_LKSDB-1
BOALF,2026-09-13,43,44,2026-09-13T20:29:00Z,2026-09-13T20:30:00Z,0,0,56482,2026-09-13T20:19:00Z,False,False,ORI,False,False,LKSDB-1,T_LKSDB-1
BOALF,2026-09-13,43,43,2026-09-13T20:28:00Z,2026-09-13T20:29:00Z,8,0,56482,2026-09-13T20:19:00Z,False,False,ORI,False,False,LKSDB-1,T_LKSDB-1
BOALF,2026-09-13,36,36,2026-09-13T16:34:00Z,2026-09-13T16:35:00Z,75,65,56481,2026-09-13T16:30:00Z,False,False,ORI,False,False,LKSDB-1,T_LKSDB-1
BOALF,2026-09-13,36,36,2026-09-13T16:32:00Z,2026-09-13T16:34:00Z,75,75,56481,2026-09-13T16:30:00Z,False,False,ORI,False,False,LKSDB-1,T_LKSDB-1
BOALF,2026-09-13,36,36,2026-09-13T16:31:00Z,2026-09-13T16:32:00Z,65,75,56481,2026-09-13T16:30:00Z,False,False,ORI,False,False,LKSDB-1,T_LKSDB-1
BOALF,2026-09-13,35,35,2026-09-13T16:21:00Z,2026-09-13T16:22:00Z,46,65,56480,2026-09-13T16:09:00Z,False,False,ORI,False,False,LKSDB-1,T_LKSDB-1
BOALF,2026-09-13,35,35,2026-09-13T16:18:00Z,2026-09-13T16:21:00Z,46,46,56480,2026-09-13T16:09:00Z,False,False,ORI,False,False,LKSDB-1,T_LKSDB-1
BOALF,2026-09-13,35,35,2026-09-13T16:17:00Z,2026-09-13T16:18:00Z,0,65,56479,2026-09-13T16:08:00Z,False,False,ORI,False,False,LKSDB-1,T_LKSDB-1
BOALF,2026-09-13,35,35,2026-09-13T16:17:00Z,2026-09-13T16:18:00Z,0,46,56480,2026-09-13T16:09:00Z,False,False,ORI,False,False,LKSDB-1,T_LKSDB-1
BOALF,2026-09-13,35,35,2026-09-13T16:16:00Z,2026-09-13T16:17:00Z,49,65,56477,2026-09-13T15:53:00Z,False,False,ORI,False,False,LKSDB-1,T_LKSDB-1
BOALF,2026-09-13,35,35,2026-09-13T16:16:00Z,2026-09-13T16:17:00Z,0,65,56478,2026-09-13T15:58:00Z,False,False,ORI,False,False,LKSDB-1,T_LKSDB-1
BOALF,2026-09-13,35,35,2026-09-13T16:16:00Z,2026-09-13T16:17:00Z,0,0,56479,2026-09-13T16:08:00Z,False,False,ORI,False,False,LKSDB-1,T_LKSDB-1
BOALF,2026-09-13,35,35,2026-09-13T16:14:00Z,2026-09-13T16:16:00Z,49,49,56477,2026-09-13T15:53:00Z,False,False,ORI,False,False,LKSDB-1,T_LKSDB-1
BOALF,2026-09-13,35,35,2026-09-13T16:13:00Z,2026-09-13T16:14:00Z,33,65,56476,2026-09-13T15:52:00Z,False,False,ORI,False,False,LKSDB-1,T_LKSDB-1
BOALF,2026-09-13,35,35,2026-09-13T16:13:00Z,2026-09-13T16:14:00Z,33,49,56477,2026-09-13T15:53:00Z,False,False,ORI,False,False,LKSDB-1,T_LKSDB-1
BOALF,2026-09-13,35,35,2026-09-13T16:11:00Z,2026-09-13T16:13:00Z,33,33,56476,2026-09-13T15:52:00Z,False,False,ORI,False,False,LKSDB-1,T_LKSDB-1
BOALF,2026-09-13,35,35,2026-09-13T16:10:00Z,2026-09-13T16:11:00Z,17,65,56475,2026-09-13T15:51:00Z,False,False,ORI,False,False,LKSDB-1,T_LKSDB-1
BOALF,2026-09-13,35,35,2026-09-13T16:10:00Z,2026-09-13T16:11:00Z,17,33,56476,2026-09-13T15:52:00Z,False,False,ORI,False,False,LKSDB-1,T_LKSDB-1
BOALF,2026-09-13,35,35,2026-09-13T16:08:00Z,2026-09-13T16:10:00Z,17,17,56475,2026-09-13T15:51:00Z,False,False,ORI,False,False,LKSDB-1,T_LKSDB-1
BOALF,2026-09-13,35,35,2026-09-13T16:07:00Z,2026-09-13T16:16:00Z,0,0,56478,2026-09-13T15:58:00Z,False,False,ORI,False,False,LKSDB-1,T_LKSDB-1
BOALF,2026-09-13,35,35,2026-09-13T16:07:00Z,2026-09-13T16:08:00Z,0,65,56474,2026-09-13T15:50:00Z,False,False,ORI,False,False,LKSDB-1,T_LKSDB-1
BOALF,2026-09-13,35,35,2026-09-13T16:07:00Z,2026-09-13T16:08:00Z,0,17,56475,2026-09-13T15:51:00Z,False,False,ORI,False,False,LKSDB-1,T_LKSDB-1
BOALF,2026-09-13,35,35,2026-09-13T16:01:00Z,2026-09-13T16:07:00Z,0,0,56474,2026-09-13T15:50:00Z,False,False,ORI,False,False,LKSDB-1,T_LKSDB-1
BOALF,2026-09-13,35,35,2026-09-13T16:00:00Z,2026-09-13T16:01:00Z,5,0,56474,2026-09-13T15:50:00Z,False,False,ORI,False,False,LKSDB-1,T_LKSDB-1
BOALF,2026-09-13,34,34,2026-09-13T15:57:00Z,2026-09-13T15:58:00Z,0,5,56473,2026-09-13T15:30:00Z,False,False,ORI,False,False,LKSDB-1,T_LKSDB-1
BOALF,2026-09-13,34,34,2026-09-13T15:38:00Z,2026-09-13T15:57:00Z,0,0,56473,2026-09-13T15:30:00Z,False,False,ORI,False,False,LKSDB-1,T_LKSDB-1
BOALF,2026-09-13,34,34,2026-09-13T15:38:00Z,2026-09-13T15:39:00Z,0,5,56472,2026-09-13T15:24:00Z,False,False,ORI,False,False,LKSDB-1,T_LKSDB-1
BOALF,2026-09-13,34,34,2026-09-13T15:32:00Z,2026-09-13T15:38:00Z,0,0,56472,2026-09-13T15:24:00Z,False,False,ORI,False,False,LKSDB-1,T_LKSDB-1
BOALF,2026-09-13,34,34,2026-09-13T15:32:00Z,2026-09-13T15:33:00Z,0,5,56471,2026-09-13T15:20:00Z,False,False,ORI,False,False,LKSDB-1,T_LKSDB-1
BOALF,2026-09-13,34,34,2026-09-13T15:30:00Z,2026-09-13T15:32:00Z,0,0,56471,2026-09-13T15:20:00Z,False,False,ORI,False,False,LKSDB-1,T_LKSDB-1
BOALF,2026-09-13,33,33,2026-09-13T15:14:00Z,2026-09-13T15:15:00Z,-1,0,56470,2026-09-13T14:49:00Z,False,False,ORI,False,False,LKSDB-1,T_LKSDB-1
BOALF,2026-09-13,33,33,2026-09-13T15:12:00Z,2026-09-13T15:14:00Z,-1,-1,56470,2026-09-13T14:49:00Z,False,False,ORI,False,False,LKSDB-1,T_LKSDB-1
BOALF,2026-09-13,33,33,2026-09-13T15:12:00Z,2026-09-13T15:13:00Z,-1,0,56469,2026-09-13T14:46:00Z,False,False,ORI,False,False,LKSDB-1,T_LKSDB-1
BOALF,2026-09-13,32,33,2026-09-13T14:59:00Z,2026-09-13T15:12:00Z,-1,-1,56469,2026-09-13T14:46:00Z,False,False,ORI,False,False,LKSDB-1,T_LKSDB-1
BOALF,2026-09-13,32,33,2026-09-13T14:59:00Z,2026-09-13T15:00:00Z,-1,0,56468,2026-09-13T14:42:00Z,False,False,ORI,False,False,LKSDB-1,T_LKSDB-1
BOALF,2026-09-13,32,32,2026-09-13T14:44:00Z,2026-09-13T14:59:00Z,-1,-1,56468,2026-09-13T14:42:00Z,False,False,ORI,False,False,LKSDB-1,T_LKSDB-1
BOALF,2026-09-13,32,32,2026-09-13T14:43:00Z,2026-09-13T14:44:00Z,0,-1,56468,2026-09-13T14:42:00Z,False,False,ORI,False,False,LKSDB-1,T_LKSDB-1
BOALF,2026-09-13,30,31,2026-09-13T13:54:00Z,2026-09-13T14:00:00Z,0,0,56467,2026-09-13T13:52:00Z,False,False,ORI,False,False,LKSDB-1,T_LKSDB-1
BOALF,2026-09-13,30,30,2026-09-13T13:53:00Z,2026-09-13T13:54:00Z,5,0,56467,2026-09-13T13:52:00Z,False,False,ORI,False,False,LKSDB-1,T_LKSDB-1
BOALF,2026-09-13,30,30,2026-09-13T13:43:00Z,2026-09-13T13:44:00Z,0,5,56466,2026-09-13T13:36:00Z,False,False,ORI,False,False,LKSDB-1,T_LKSDB-1
BOALF,2026-09-13,30,30,2026-09-13T13:38:00Z,2026-09-13T13:43:00Z,0,0,56466,2026-09-13T13:36:00Z,False,False,ORI,False,False,LKSDB-1,T_LKSDB-1
BOALF,2026-09-13,30,30,2026-09-13T13:37:00Z,2026-09-13T13:38:00Z,5,0,56466,2026-09-13T13:36:00Z,False,False,ORI,False,False,LKSDB-1,T_LKSDB-1
BOALF,2026-09-13,30,30,2026-09-13T13:33:00Z,2026-09-13T13:34:00Z,0,5,56465,2026-09-13T13:20:00Z,False,False,ORI,False,False,LKSDB-1,T_LKSDB-1
BOALF,2026-09-13,30,30,2026-09-13T13:30:00Z,2026-09-13T13:33:00Z,0,0,56465,2026-09-13T13:20:00Z,False,False,ORI,False,False,LKSDB-1,T_LKSDB-1
BOALF,2026-09-13,27,27,2026-09-13T12:00:00Z,2026-09-13T12:01:00Z,-9,0,56464,2026-09-13T11:42:00Z,False,False,ORI,False,False,LKSDB-1,T_LKSDB-1
BOALF,2026-09-13,26,27,2026-09-13T11:47:00Z,2026-09-13T12:00:00Z,-9,-9,56464,2026-09-13T11:42:00Z,False,False,ORI,False,False,LKSDB-1,T_LKSDB-1
BOALF,2026-09-13,26,26,2026-09-13T11:47:00Z,2026-09-13T11:48:00Z,-9,0,56463,2026-09-13T11:29:00Z,False,False,ORI,False,False,LKSDB-1,T_LKSDB-1
BOALF,2026-09-13,26,26,2026-09-13T11:32:00Z,2026-09-13T11:47:00Z,-9,-9,56463,2026-09-13T11:29:00Z,False,False,ORI,False,False,LKSDB-1,T_LKSDB-1
BOALF,2026-09-13,26,26,2026-09-13T11:31:00Z,2026-09-13T11:32:00Z,0,-9,56463,2026-09-13T11:29:00Z,False,False,ORI,False,False,LKSDB-1,T_LKSDB-1
BOALF,2026-09-13,23,23,2026-09-13T10:04:00Z,2026-09-13T10:05:00Z,-10,0,56462,2026-09-13T09:57:00Z,False,False,ORI,False,False,LKSDB-1,T_LKSDB-1
BOALF,2026-09-13,22,23,2026-09-13T09:59:00Z,2026-09-13T10:04:00Z,-10,-10,56462,2026-09-13T09:57:00Z,False,False,ORI,False,False,LKSDB-1,T_LKSDB-1
BOALF,2026-09-13,22,22,2026-09-13T09:58:00Z,2026-09-13T09:59:00Z,0,-10,56462,2026-09-13T09:57:00Z,False,False,ORI,False,False,LKSDB-1,T_LKSDB-1
BOALF,2026-09-13,21,21,2026-09-13T09:22:00Z,2026-09-13T09:23:00Z,-10,0,56456,2026-09-13T08:54:00Z,False,False,ORI,False,False,LKSDB-1,T_LKSDB-1
BOALF,2026-09-13,21,21,2026-09-13T09:20:00Z,2026-09-13T09:22:00Z,-10,-10,56456,2026-09-13T08:54:00Z,False,False,ORI,False,False,LKSDB-1,T_LKSDB-1
BOALF,2026-09-13,21,21,2026-09-13T09:19:00Z,2026-09-13T09:20:00Z,0,-10,56456,2026-09-13T08:54:00Z,False,False,ORI,False,False,LKSDB-1,T_LKSDB-1
BOALF,2026-09-13,21,21,2026-09-13T09:19:00Z,2026-09-13T09:20:00Z,-10,-10,56461,2026-09-13T09:09:00Z,False,False,ORI,False,False,LKSDB-1,T_LKSDB-1
BOALF,2026-09-13,21,21,2026-09-13T09:18:00Z,2026-09-13T09:19:00Z,-6,0,56460,2026-09-13T09:08:00Z,False,False,ORI,False,False,LKSDB-1,T_LKSDB-1
BOALF,2026-09-13,21,21,2026-09-13T09:18:00Z,2026-09-13T09:19:00Z,-6,-10,56461,2026-09-13T09:09:00Z,False,False,ORI,False,False,LKSDB-1,T_LKSDB-1
BOALF,2026-09-13,21,21,2026-09-13T09:16:00Z,2026-09-13T09:18:00Z,-6,-6,56460,2026-09-13T09:08:00Z,False,False,ORI,False,False,LKSDB-1,T_LKSDB-1
BOALF,2026-09-13,21,21,2026-09-13T09:16:00Z,2026-09-13T09:17:00Z,-6,0,56459,2026-09-13T08:58:00Z,False,False,ORI,False,False,LKSDB-1,T_LKSDB-1
BOALF,2026-09-13,21,21,2026-09-13T09:13:00Z,2026-09-13T09:16:00Z,-6,-6,56459,2026-09-13T08:58:00Z,False,False,ORI,False,False,LKSDB-1,T_LKSDB-1
BOALF,2026-09-13,21,21,2026-09-13T09:12:00Z,2026-09-13T09:13:00Z,-10,0,56458,2026-09-13T08:57:00Z,False,False,ORI,False,False,LKSDB-1,T_LKSDB-1
BOALF,2026-09-13,21,21,2026-09-13T09:12:00Z,2026-09-13T09:13:00Z,-10,-6,56459,2026-09-13T08:58:00Z,False,False,ORI,False,False,LKSDB-1,T_LKSDB-1
BOALF,2026-09-13,21,21,2026-09-13T09:05:00Z,2026-09-13T09:12:00Z,-10,-10,56458,2026-09-13T08:57:00Z,False,False,ORI,False,False,LKSDB-1,T_LKSDB-1
BOALF,2026-09-13,21,21,2026-09-13T09:04:00Z,2026-09-13T09:05:00Z,0,-10,56458,2026-09-13T08:57:00Z,False,False,ORI,False,False,LKSDB-1,T_LKSDB-1
BOALF,2026-09-13,20,21,2026-09-13T08:58:00Z,2026-09-13T09:00:00Z,0,0,56457,2026-09-13T08:56:00Z,False,False,ORI,False,False,LKSDB-1,T_LKSDB-1
BOALF,2026-09-13,20,20,2026-09-13T08:57:00Z,2026-09-13T08:58:00Z,8,0,56457,2026-09-13T08:56:00Z,False,False,ORI,False,False,LKSDB-1,T_LKSDB-1
BOALF,2026-09-13,19,19,2026-09-13T08:01:00Z,2026-09-13T08:02:00Z,0,8,56455,2026-09-13T07:55:00Z,False,False,ORI,False,False,LKSDB-1,T_LKSDB-1
BOALF,2026-09-13,19,19,2026-09-13T08:00:00Z,2026-09-13T08:01:00Z,0,0,56455,2026-09-13T07:55:00Z,False,False,ORI,False,False,LKSDB-1,T_LKSDB-1
BOALF,2026-09-13,9,10,2026-09-13T03:29:00Z,2026-09-13T03:30:00Z,-4,0,56454,2026-09-13T03:13:00Z,False,False,ORI,False,False,LKSDB-1,T_LKSDB-1
BOALF,2026-09-13,9,9,2026-09-13T03:17:00Z,2026-09-13T03:29:00Z,-4,-4,56454,2026-09-13T03:13:00Z,False,False,ORI,False,False,LKSDB-1,T_LKSDB-1
BOALF,2026-09-13,9,9,2026-09-13T03:16:00Z,2026-09-13T03:17:00Z,0,-4,56454,2026-09-13T03:13:00Z,False,False,ORI,False,False,LKSDB-1,T_LKSDB-1
BOALF,2026-09-13,7,7,2026-09-13T02:14:00Z,2026-09-13T02:15:00Z,-1,0,56453,2026-09-13T02:08:00Z,False,False,ORI,False,False,LKSDB-1,T_LKSDB-1
BOALF,2026-09-13,7,7,2026-09-13T02:12:00Z,2026-09-13T02:14:00Z,-1,-1,56453,2026-09-13T02:08:00Z,False,False,ORI,False,False,LKSDB-1,T_LKSDB-1
BOALF,2026-09-13,7,7,2026-09-13T02:11:00Z,2026-09-13T02:12:00Z,0,-1,56453,2026-09-13T02:08:00Z,False,False,ORI,False,False,LKSDB-1,T_LKSDB-1
BOALF,2026-09-13,5,5,2026-09-13T01:21:00Z,2026-09-13T01:22:00Z,-62,0,56452,2026-09-13T01:10:00Z,False,False,ORI,False,False,LKSDB-1,T_LKSDB-1
BOALF,2026-09-13,5,5,2026-09-13T01:16:00Z,2026-09-13T01:21:00Z,-62,-62,56452,2026-09-13T01:10:00Z,False,False,ORI,False,False,LKSDB-1,T_LKSDB-1
BOALF,2026-09-13,5,5,2026-09-13T01:16:00Z,2026-09-13T01:17:00Z,-62,0,56451,2026-09-13T01:07:00Z,False,False,ORI,False,False,LKSDB-1,T_LKSDB-1
BOALF,2026-09-13,5,5,2026-09-13T01:13:00Z,2026-09-13T01:16:00Z,-62,-62,56451,2026-09-13T01:07:00Z,False,False,ORI,False,False,LKSDB-1,T_LKSDB-1
BOALF,2026-09-13,5,5,2026-09-13T01:13:00Z,2026-09-13T01:14:00Z,-62,0,56450,2026-09-13T01:01:00Z,False,False,ORI,False,False,LKSDB-1,T_LKSDB-1
BOALF,2026-09-13,5,5,2026-09-13T01:05:00Z,2026-09-13T01:13:00Z,-62,-62,56450,2026-09-13T01:01:00Z,False,False,ORI,False,False,LKSDB-1,T_LKSDB-1
BOALF,2026-09-13,5,5,2026-09-13T01:05:00Z,2026-09-13T01:06:00Z,-62,0,56449,2026-09-13T00:56:00Z,False,False,ORI,False,False,LKSDB-1,T_LKSDB-1
BOALF,2026-09-13,4,5,2026-09-13T00:59:00Z,2026-09-13T01:05:00Z,-62,-62,56449,2026-09-13T00:56:00Z,False,False,ORI,False,False,LKSDB-1,T_LKSDB-1
BOALF,2026-09-13,4,5,2026-09-13T00:59:00Z,2026-09-13T01:00:00Z,-62,0,56448,2026-09-13T00:49:00Z,False,False,ORI,False,False,LKSDB-1,T_LKSDB-1
BOALF,2026-09-13,4,4,2026-09-13T00:53:00Z,2026-09-13T00:59:00Z,-62,-62,56448,2026-09-13T00:49:00Z,False,False,ORI,False,False,LKSDB-1,T_LKSDB-1
BOALF,2026-09-13,4,4,2026-09-13T00:52:00Z,2026-09-13T00:53:00Z,0,-62,56448,2026-09-13T00:49:00Z,False,False,ORI,False,False,LKSDB-1,T_LKSDB-1
BOALF,2026-09-13,4,4,2026-09-13T00:49:00Z,2026-09-13T00:50:00Z,-48,0,56447,2026-09-13T00:44:00Z,False,False,ORI,False,False,LKSDB-1,T_LKSDB-1
BOALF,2026-09-13,4,4,2026-09-13T00:47:00Z,2026-09-13T00:49:00Z,-48,-48,56447,2026-09-13T00:44:00Z,False,False,ORI,False,False,LKSDB-1,T_LKSDB-1
BOALF,2026-09-13,4,4,2026-09-13T00:46:00Z,2026-09-13T00:47:00Z,0,-48,56447,2026-09-13T00:44:00Z,False,False,ORI,False,False,LKSDB-1,T_LKSDB-1
BOALF,2026-09-13,4,4,2026-09-13T00:36:00Z,2026-09-13T00:37:00Z,-56,0,56446,2026-09-13T00:32:00Z,False,False,ORI,False,False,LKSDB-1,T_LKSDB-1
BOALF,2026-09-13,4,4,2026-09-13T00:35:00Z,2026-09-13T00:36:00Z,-56,0,56445,2026-09-13T00:28:00Z,False,False,ORI,False,False,LKSDB-1,T_LKSDB-1
BOALF,2026-09-13,4,4,2026-09-13T00:35:00Z,2026-09-13T00:36:00Z,-56,-56,56446,2026-09-13T00:32:00Z,False,False,ORI,False,False,LKSDB-1,T_LKSDB-1
BOALF,2026-09-13,4,4,2026-09-13T00:32:00Z,2026-09-13T00:33:00Z,-12,0,56444,2026-09-13T00:22:00Z,False,False,ORI,False,False,LKSDB-1,T_LKSDB-1
BOALF,2026-09-13,4,4,2026-09-13T00:31:00Z,2026-09-13T00:35:00Z,-56,-56,56445,2026-09-13T00:28:00Z,False,False,ORI,False,False,LKSDB-1,T_LKSDB-1
BOALF,2026-09-13,4,4,2026-09-13T00:30:00Z,2026-09-13T00:31:00Z,-12,-56,56445,2026-09-13T00:28:00Z,False,False,ORI,False,False,LKSDB-1,T_LKSDB-1
BOALF,2026-09-13,3,4,2026-09-13T00:28:00Z,2026-09-13T00:32:00Z,-12,-12,56444,2026-09-13T00:22:00Z,False,False,ORI,False,False,LKSDB-1,T_LKSDB-1
BOALF,2026-09-13,3,3,2026-09-13T00:27:00Z,2026-09-13T00:28:00Z,0,-12,56444,2026-09-13T00:22:00Z,False,False,ORI,False,False,LKSDB-1,T_LKSDB-1
BOALF,2026-09-13,3,3,2026-09-13T00:02:00Z,2026-09-13T00:03:00Z,-26,0,56443,2026-09-12T23:56:00Z,False,False,ORI,False,False,LKSDB-1,T_LKSDB-1
BOALF,2026-09-13,3,3,2026-09-13T00:00:00Z,2026-09-13T00:02:00Z,-26,-26,56443,2026-09-12T23:56:00Z,False,False,ORI,False,False,LKSDB-1,T_LKSDB-1
BOALF,2026-09-13,2,3,2026-09-12T23:59:00Z,2026-09-13T00:00:00Z,0,-26,56443,2026-09-12T23:56:00Z,False,False,ORI,False,False,LKSDB-1,T_LKSDB-1
BOALF,2026-09-13,2,2,2026-09-12T23:51:00Z,2026-09-12T23:52:00Z,-75,0,56442,2026-09-12T23:46:00Z,False,False,ORI,False,False,LKSDB-1,T_LKSDB-1
BOALF,2026-09-13,2,2,2026-09-12T23:48:00Z,2026-09-12T23:51:00Z,-75,-75,56442,2026-09-12T23:46:00Z,False,False,ORI,False,False,LKSDB-1,T_LKSDB-1
BOALF,2026-09-13,2,2,2026-09-12T23:48:00Z,2026-09-12T23:49:00Z,-75,0,56441,2026-09-12T23:40:00Z,False,False,ORI,False,False,LKSDB-1,T_LKSDB-1
BOALF,2026-09-13,2,2,2026-09-12T23:42:00Z,2026-09-12T23:48:00Z,-75,-75,56441,2026-09-12T23:40:00Z,False,False,ORI,False,False,LKSDB-1,T_LKSDB-1
BOALF,2026-09-13,2,2,2026-09-12T23:42:00Z,2026-09-12T23:43:00Z,-75,0,56440,2026-09-12T23:33:00Z,False,False,ORI,False,False,LKSDB-1,T_LKSDB-1
BOALF,2026-09-13,2,2,2026-09-12T23:36:00Z,2026-09-12T23:42:00Z,-75,-75,56440,2026-09-12T23:33:00Z,False,False,ORI,False,False,LKSDB-1,T_LKSDB-1
BOALF,2026-09-13,2,2,2026-09-12T23:36:00Z,2026-09-12T23:37:00Z,-75,0,56439,2026-09-12T23:17:00Z,False,False,ORI,False,False,LKSDB-1,T_LKSDB-1
BOALF,2026-09-13,2,2,2026-09-12T23:30:00Z,2026-09-12T23:36:00Z,-75,-75,56439,2026-09-12T23:17:00Z,False,False,ORI,False,False,LKSDB-1,T_LKSDB-1
BOALF,2026-09-13,2,2,2026-09-12T23:30:00Z,2026-09-12T23:31:00Z,-75,0,56438,2026-09-12T23:12:00Z,False,False,ORI,False,False,LKSDB-1,T_LKSDB-1
BOALF,2026-09-13,1,2,2026-09-12T23:20:00Z,2026-09-12T23:30:00Z,-75,-75,56438,2026-09-12T23:12:00Z,False,False,ORI,False,False,LKSDB-1,T_LKSDB-1
BOALF,2026-09-13,1,1,2026-09-12T23:20:00Z,2026-09-12T23:21:00Z,-75,0,56437,2026-09-12T23:01:00Z,False,False,ORI,False,False,LKSDB-1,T_LKSDB-1
BOALF,2026-09-13,1,1,2026-09-12T23:04:00Z,2026-09-12T23:20:00Z,-75,-75,56437,2026-09-12T23:01:00Z,False,False,ORI,False,False,LKSDB-1,T_LKSDB-1
BOALF,2026-09-13,1,1,2026-09-12T23:04:00Z,2026-09-12T23:05:00Z,-75,0,56436,2026-09-12T22:53:00Z,False,False,ORI,False,False,LKSDB-1,T_LKSDB-1
BOALF,2026-09-13,1,1,2026-09-12T23:00:00Z,2026-09-12T23:04:00Z,-75,-75,56436,2026-09-12T22:53:00Z,False,False,ORI,False,False,LKSDB-1,T_LKSDB-1
BOALF,2026-09-13,1,1,2026-09-12T23:00:00Z,2026-09-12T23:01:00Z,-75,0,56435,2026-09-12T22:44:00Z,False,False,ORI,False,False,LKSDB-1,T_LKSDB-1
BOALF,2026-09-12,48,1,2026-09-12T22:56:00Z,2026-09-12T23:00:00Z,-75,-75,56435,2026-09-12T22:44:00Z,False,False,ORI,False,False,LKSDB-1,T_LKSDB-1
BOALF,2026-09-12,48,48,2026-09-12T22:56:00Z,2026-09-12T22:57:00Z,-75,0,56434,2026-09-12T22:38:00Z,False,False,ORI,False,False,LKSDB-1,T_LKSDB-1
BOALF,2026-09-12,48,48,2026-09-12T22:52:00Z,2026-09-12T22:56:00Z,-75,-75,56434,2026-09-12T22:38:00Z,False,False,ORI,False,False,LKSDB-1,T_LKSDB-1
BOALF,2026-09-12,48,48,2026-09-12T22:52:00Z,2026-09-12T22:53:00Z,-75,0,56433,2026-09-12T22:33:00Z,False,False,ORI,False,False,LKSDB-1,T_LKSDB-1
BOALF,2026-09-12,48,48,2026-09-12T22:47:00Z,2026-09-12T22:52:00Z,-75,-75,56433,2026-09-12T22:33:00Z,False,False,ORI,False,False,LKSDB-1,T_LKSDB-1
BOALF,2026-09-12,48,48,2026-09-12T22:47:00Z,2026-09-12T22:48:00Z,-75,0,56432,2026-09-12T22:31:00Z,False,False,ORI,False,False,LKSDB-1,T_LKSDB-1
BOALF,2026-09-12,48,48,2026-09-12T22:43:00Z,2026-09-12T22:47:00Z,-75,-75,56432,2026-09-12T22:31:00Z,False,False,ORI,False,False,LKSDB-1,T_LKSDB-1
BOALF,2026-09-12,48,48,2026-09-12T22:43:00Z,2026-09-12T22:44:00Z,-75,0,56431,2026-09-12T22:29:00Z,False,False,ORI,False,False,LKSDB-1,T_LKSDB-1
BOALF,2026-09-12,48,48,2026-09-12T22:40:00Z,2026-09-12T22:43:00Z,-75,-75,56431,2026-09-12T22:29:00Z,False,False,ORI,False,False,LKSDB-1,T_LKSDB-1
BOALF,2026-09-12,48,48,2026-09-12T22:40:00Z,2026-09-12T22:41:00Z,-75,0,56430,2026-09-12T22:26:00Z,False,False,ORI,False,False,LKSDB-1,T_LKSDB-1
BOALF,2026-09-12,48,48,2026-09-12T22:36:00Z,2026-09-12T22:40:00Z,-75,-75,56430,2026-09-12T22:26:00Z,False,False,ORI,False,False,LKSDB-1,T_LKSDB-1
BOALF,2026-09-12,48,48,2026-09-12T22:36:00Z,2026-09-12T22:37:00Z,-75,0,56429,2026-09-12T22:23:00Z,False,False,ORI,False,False,LKSDB-1,T_LKSDB-1
BOALF,2026-09-12,48,48,2026-09-12T22:34:00Z,2026-09-12T22:36:00Z,-75,-75,56429,2026-09-12T22:23:00Z,False,False,ORI,False,False,LKSDB-1,T_LKSDB-1
BOALF,2026-09-12,48,48,2026-09-12T22:34:00Z,2026-09-12T22:35:00Z,-75,0,56428,2026-09-12T22:18:00Z,False,False,ORI,False,False,LKSDB-1,T_LKSDB-1
BOALF,2026-09-12,48,48,2026-09-12T22:32:00Z,2026-09-12T22:34:00Z,-75,-75,56428,2026-09-12T22:18:00Z,False,False,ORI,False,False,LKSDB-1,T_LKSDB-1
BOALF,2026-09-12,48,48,2026-09-12T22:32:00Z,2026-09-12T22:33:00Z,-75,0,56427,2026-09-12T22:09:00Z,False,False,ORI,False,False,LKSDB-1,T_LKSDB-1
BOALF,2026-09-12,47,48,2026-09-12T22:25:00Z,2026-09-12T22:32:00Z,-75,-75,56427,2026-09-12T22:09:00Z,False,False,ORI,False,False,LKSDB-1,T_LKSDB-1
BOALF,2026-09-12,47,47,2026-09-12T22:25:00Z,2026-09-12T22:26:00Z,-75,0,56426,2026-09-12T22:05:00Z,False,False,ORI,False,False,LKSDB-1,T_LKSDB-1
BOALF,2026-09-12,47,47,2026-09-12T22:21:00Z,2026-09-12T22:25:00Z,-75,-75,56426,2026-09-12T22:05:00Z,False,False,ORI,False,False,LKSDB-1,T_LKSDB-1
BOALF,2026-09-12,47,47,2026-09-12T22:21:00Z,2026-09-12T22:22:00Z,-75,0,56425,2026-09-12T22:01:00Z,False,False,ORI,False,False,LKSDB-1,T_LKSDB-1
BOALF,2026-09-12,47,47,2026-09-12T22:20:00Z,2026-09-12T22:21:00Z,-75,0,56424,2026-09-12T21:55:00Z,False,False,ORI,False,False,LKSDB-1,T_LKSDB-1
BOALF,2026-09-12,47,47,2026-09-12T22:20:00Z,2026-09-12T22:21:00Z,-75,-75,56425,2026-09-12T22:01:00Z,False,False,ORI,False,False,LKSDB-1,T_LKSDB-1
BOALF,2026-09-12,47,47,2026-09-12T22:12:00Z,2026-09-12T22:13:00Z,-73,0,56423,2026-09-12T21:53:00Z,False,False,ORI,False,False,LKSDB-1,T_LKSDB-1
BOALF,2026-09-12,47,47,2026-09-12T22:02:00Z,2026-09-12T22:03:00Z,-65,0,56422,2026-09-12T21:51:00Z,False,False,ORI,False,False,LKSDB-1,T_LKSDB-1
BOALF,2026-09-12,47,47,2026-09-12T22:01:00Z,2026-09-12T22:20:00Z,-75,-75,56424,2026-09-12T21:55:00Z,False,False,ORI,False,False,LKSDB-1,T_LKSDB-1
BOALF,2026-09-12,47,47,2026-09-12T22:01:00Z,2026-09-12T22:12:00Z,-73,-73,56423,2026-09-12T21:53:00Z,False,False,ORI,False,False,LKSDB-1,T_LKSDB-1
BOALF,2026-09-12,47,47,2026-09-12T22:00:00Z,2026-09-12T22:02:00Z,-65,-65,56422,2026-09-12T21:51:00Z,False,False,ORI,False,False,LKSDB-1,T_LKSDB-1
BOALF,2026-09-12,47,47,2026-09-12T22:00:00Z,2026-09-12T22:01:00Z,-35,0,56420,2026-09-12T21:37:00Z,False,False,ORI,False,False,LKSDB-1,T_LKSDB-1
BOALF,2026-09-12,47,47,2026-09-12T22:00:00Z,2026-09-12T22:01:00Z,-65,-73,56423,2026-09-12T21:53:00Z,False,False,ORI,False,False,LKSDB-1,T_LKSDB-1
BOALF,2026-09-12,47,47,2026-09-12T22:00:00Z,2026-09-12T22:01:00Z,-65,-75,56424,2026-09-12T21:55:00Z,False,False,ORI,False,False,LKSDB-1,T_LKSDB-1
BOALF,2026-09-12,46,47,2026-09-12T21:59:00Z,2026-09-12T22:00:00Z,-35,-35,56420,2026-09-12T21:37:00Z,False,False,ORI,False,False,LKSDB-1,T_LKSDB-1
BOALF,2026-09-12,46,47,2026-09-12T21:59:00Z,2026-09-12T22:00:00Z,-35,-65,56422,2026-09-12T21:51:00Z,False,False,ORI,False,False,LKSDB-1,T_LKSDB-1
BOALF,2026-09-12,46,46,2026-09-12T21:55:00Z,2026-09-12T21:56:00Z,-49,-35,56421,2026-09-12T21:41:00Z,False,False,ORI,False,False,LKSDB-1,T_LKSDB-1
BOALF,2026-09-12,46,46,2026-09-12T21:48:00Z,2026-09-12T21:55:00Z,-49,-49,56421,2026-09-12T21:41:00Z,False,False,ORI,False,False,LKSDB-1,T_LKSDB-1
BOALF,2026-09-12,46,46,2026-09-12T21:47:00Z,2026-09-12T21:48:00Z,-35,-49,56421,2026-09-12T21:41:00Z,False,False,ORI,False,False,LKSDB-1,T_LKSDB-1
BOALF,2026-09-12,40,40,2026-09-12T18:57:00Z,2026-09-12T18:58:00Z,17,0,56419,2026-09-12T18:47:00Z,False,False,ORI,False,False,LKSDB-1,T_LKSDB-1
BOALF,2026-09-12,40,40,2026-09-12T18:54:00Z,2026-09-12T18:57:00Z,17,17,56419,2026-09-12T18:47:00Z,False,False,ORI,False,False,LKSDB-1,T_LKSDB-1
BOALF,2026-09-12,40,40,2026-09-12T18:53:00Z,2026-09-12T18:54:00Z,0,17,56419,2026-09-12T18:47:00Z,False,False,ORI,False,False,LKSDB-1,T_LKSDB-1
BOALF,2026-09-12,39,39,2026-09-12T18:05:00Z,2026-09-12T18:06:00Z,20,0,56418,2026-09-12T18:00:00Z,False,False,ORI,False,False,LKSDB-1,T_LKSDB-1
BOALF,2026-09-12,39,39,2026-09-12T18:04:00Z,2026-09-12T18:05:00Z,1,0,56416,2026-09-12T17:57:00Z,False,False,ORI,False,False,LKSDB-1,T_LKSDB-1
BOALF,2026-09-12,39,39,2026-09-12T18:04:00Z,2026-09-12T18:05:00Z,20,0,56417,2026-09-12T17:59:00Z,False,False,ORI,False,False,LKSDB-1,T_LKSDB-1
BOALF,2026-09-12,39,39,2026-09-12T18:04:00Z,2026-09-12T18:05:00Z,20,20,56418,2026-09-12T18:00:00Z,False,False,ORI,False,False,LKSDB-1,T_LKSDB-1
BOALF,2026-09-12,39,39,2026-09-12T18:02:00Z,2026-09-12T18:04:00Z,1,1,56416,2026-09-12T17:57:00Z,False,False,ORI,False,False,LKSDB-1,T_LKSDB-1
BOALF,2026-09-12,39,39,2026-09-12T18:02:00Z,2026-09-12T18:04:00Z,20,20,56417,2026-09-12T17:59:00Z,False,False,ORI,False,False,LKSDB-1,T_LKSDB-1
BOALF,2026-09-12,39,39,2026-09-12T18:01:00Z,2026-09-12T18:02:00Z,0,1,56416,2026-09-12T17:57:00Z,False,False,ORI,False,False,LKSDB-1,T_LKSDB-1
BOALF,2026-09-12,39,39,2026-09-12T18:01:00Z,2026-09-12T18:02:00Z,0,20,56417,2026-09-12T17:59:00Z,False,False,ORI,False,False,LKSDB-1,T_LKSDB-1
BOALF,2026-09-12,38,38,2026-09-12T17:35:00Z,2026-09-12T17:36:00Z,99,0,56414,2026-09-12T17:30:00Z,False,False,ORI,False,False,LKSDB-1,T_LKSDB-1
BOALF,2026-09-12,38,38,2026-09-12T17:33:00Z,2026-09-12T17:35:00Z,99,99,56414,2026-09-12T17:30:00Z,False,False,ORI,False,False,LKSDB-1,T_LKSDB-1
BOALF,2026-09-12,38,38,2026-09-12T17:32:00Z,2026-09-12T17:33:00Z,0,99,56414,2026-09-12T17:30:00Z,False,False,ORI,False,False,LKSDB-1,T_LKSDB-1
BOALF,2026-09-12,37,38,2026-09-12T17:29:00Z,2026-09-12T17:30:00Z,99,0,56413,2026-09-12T16:57:00Z,False,False,ORI,False,False,LKSDB-1,T_LKSDB-1
BOALF,2026-09-12,37,37,2026-09-12T17:13:00Z,2026-09-12T17:29:00Z,99,99,56413,2026-09-12T16:57:00Z,False,False,ORI,False,False,LKSDB-1,T_LKSDB-1
BOALF,2026-09-12,37,37,2026-09-12T17:13:00Z,2026-09-12T17:14:00Z,99,0,56412,2026-09-12T16:37:00Z,False,False,ORI,False,False,LKSDB-1,T_LKSDB-1
BOALF,2026-09-12,37,37,2026-09-12T17:10:00Z,2026-09-12T17:13:00Z,99,99,56412,2026-09-12T16:37:00Z,False,False,ORI,False,False,LKSDB-1,T_LKSDB-1
BOALF,2026-09-12,37,37,2026-09-12T17:10:00Z,2026-09-12T17:11:00Z,99,0,56411,2026-09-12T16:34:00Z,False,False,ORI,False,False,LKSDB-1,T_LKSDB-1
BOALF,2026-09-12,37,37,2026-09-12T17:08:00Z,2026-09-12T17:10:00Z,99,99,56411,2026-09-12T16:34:00Z,False,False,ORI,False,False,LKSDB-1,T_LKSDB-1
BOALF,2026-09-12,37,37,2026-09-12T17:08:00Z,2026-09-12T17:09:00Z,99,0,56410,2026-09-12T16:32:00Z,False,False,ORI,False,False,LKSDB-1,T_LKSDB-1
BOALF,2026-09-12,36,37,2026-09-12T16:51:00Z,2026-09-12T17:08:00Z,99,99,56410,2026-09-12T16:32:00Z,False,False,ORI,False,False,LKSDB-1,T_LKSDB-1
BOALF,2026-09-12,36,36,2026-09-12T16:51:00Z,2026-09-12T16:52:00Z,99,0,56409,2026-09-12T16:16:00Z,False,False,ORI,False,False,LKSDB-1,T_LKSDB-1
BOALF,2026-09-12,36,36,2026-09-12T16:37:00Z,2026-09-12T16:51:00Z,99,99,56409,2026-09-12T16:16:00Z,False,False,ORI,False,False,LKSDB-1,T_LKSDB-1
BOALF,2026-09-12,36,36,2026-09-12T16:37:00Z,2026-09-12T16:38:00Z,99,0,56408,2026-09-12T16:11:00Z,False,False,ORI,False,False,LKSDB-1,T_LKSDB-1
BOALF,2026-09-12,35,35,2026-09-12T16:28:00Z,2026-09-12T16:29:00Z,22,0,56406,2026-09-12T16:05:00Z,False,False,ORI,False,False,LKSDB-1,T_LKSDB-1
BOALF,2026-09-12,35,35,2026-09-12T16:26:00Z,2026-09-12T16:28:00Z,22,22,56406,2026-09-12T16:05:00Z,False,False,ORI,False,False,LKSDB-1,T_LKSDB-1
BOALF,2026-09-12,35,36,2026-09-12T16:25:00Z,2026-09-12T16:37:00Z,99,99,56408,2026-09-12T16:11:00Z,False,False,ORI,False,False,LKSDB-1,T_LKSDB-1
BOALF,2026-09-12,35,35,2026-09-12T16:25:00Z,2026-09-12T16:26:00Z,99,0,56405,2026-09-12T16:04:00Z,False,False,ORI,False,False,LKSDB-1,T_LKSDB-1
BOALF,2026-09-12,35,35,2026-09-12T16:25:00Z,2026-09-12T16:26:00Z,99,22,56406,2026-09-12T16:05:00Z,False,False,ORI,False,False,LKSDB-1,T_LKSDB-1
BOALF,2026-09-12,35,35,2026-09-12T16:23:00Z,2026-09-12T16:25:00Z,99,99,56405,2026-09-12T16:04:00Z,False,False,ORI,False,False,LKSDB-1,T_LKSDB-1
BOALF,2026-09-12,35,35,2026-09-12T16:22:00Z,2026-09-12T16:23:00Z,20,0,56404,2026-09-12T16:03:00Z,False,False,ORI,False,False,LKSDB-1,T_LKSDB-1
BOALF,2026-09-12,35,35,2026-09-12T16:22:00Z,2026-09-12T16:23:00Z,20,99,56405,2026-09-12T16:04:00Z,False,False,ORI,False,False,LKSDB-1,T_LKSDB-1
BOALF,2026-09-12,35,35,2026-09-12T16:21:00Z,2026-09-12T16:22:00Z,20,0,56403,2026-09-12T15:55:00Z,False,False,ORI,False,False,LKSDB-1,T_LKSDB-1
BOALF,2026-09-12,35,35,2026-09-12T16:21:00Z,2026-09-12T16:22:00Z,20,20,56404,2026-09-12T16:03:00Z,False,False,ORI,False,False,LKSDB-1,T_LKSDB-1
BOALF,2026-09-12,35,35,2026-09-12T16:19:00Z,2026-09-12T16:21:00Z,20,20,56403,2026-09-12T15:55:00Z,False,False,ORI,False,False,LKSDB-1,T_LKSDB-1
BOALF,2026-09-12,35,35,2026-09-12T16:18:00Z,2026-09-12T16:19:00Z,40,0,56402,2026-09-12T15:54:00Z,False,False,ORI,False,False,LKSDB-1,T_LKSDB-1
BOALF,2026-09-12,35,35,2026-09-12T16:18:00Z,2026-09-12T16:19:00Z,40,20,56403,2026-09-12T15:55:00Z,False,False,ORI,False,False,LKSDB-1,T_LKSDB-1
BOALF,2026-09-12,35,35,2026-09-12T16:13:00Z,2026-09-12T16:18:00Z,40,40,56402,2026-09-12T15:54:00Z,False,False,ORI,False,False,LKSDB-1,T_LKSDB-1
BOALF,2026-09-12,35,35,2026-09-12T16:12:00Z,2026-09-12T16:13:00Z,59,0,56401,2026-09-12T15:53:00Z,False,False,ORI,False,False,LKSDB-1,T_LKSDB-1
BOALF,2026-09-12,35,35,2026-09-12T16:12:00Z,2026-09-12T16:13:00Z,59,40,56402,2026-09-12T15:54:00Z,False,False,ORI,False,False,LKSDB-1,T_LKSDB-1
BOALF,2026-09-12,35,35,2026-09-12T16:09:00Z,2026-09-12T16:23:00Z,99,99,56407,2026-09-12T16:06:00Z,False,False,ORI,False,False,LKSDB-1,T_LKSDB-1
BOALF,2026-09-12,35,35,2026-09-12T16:09:00Z,2026-09-12T16:12:00Z,59,59,56401,2026-09-12T15:53:00Z,False,False,ORI,False,False,LKSDB-1,T_LKSDB-1
BOALF,2026-09-12,35,35,2026-09-12T16:08:00Z,2026-09-12T16:09:00Z,70,0,56400,2026-09-12T15:52:00Z,False,False,ORI,False,False,LKSDB-1,T_LKSDB-1
BOALF,2026-09-12,35,35,2026-09-12T16:08:00Z,2026-09-12T16:09:00Z,70,59,56401,2026-09-12T15:53:00Z,False,False,ORI,False,False,LKSDB-1,T_LKSDB-1
BOALF,2026-09-12,35,35,2026-09-12T16:08:00Z,2026-09-12T16:09:00Z,70,99,56407,2026-09-12T16:06:00Z,False,False,ORI,False,False,LKSDB-1,T_LKSDB-1
BOALF,2026-09-12,35,35,2026-09-12T16:06:00Z,2026-09-12T16:08:00Z,70,70,56400,2026-09-12T15:52:00Z,False,False,ORI,False,False,LKSDB-1,T_LKSDB-1
BOALF,2026-09-12,35,35,2026-09-12T16:05:00Z,2026-09-12T16:06:00Z,89,0,56399,2026-09-12T15:51:00Z,False,False,ORI,False,False,LKSDB-1,T_LKSDB-1
BOALF,2026-09-12,35,35,2026-09-12T16:05:00Z,2026-09-12T16:06:00Z,89,70,56400,2026-09-12T15:52:00Z,False,False,ORI,False,False,LKSDB-1,T_LKSDB-1
BOALF,2026-09-12,35,35,2026-09-12T16:03:00Z,2026-09-12T16:05:00Z,89,89,56399,2026-09-12T15:51:00Z,False,False,ORI,False,False,LKSDB-1,T_LKSDB-1
BOALF,2026-09-12,35,35,2026-09-12T16:02:00Z,2026-09-12T16:03:00Z,99,0,56398,2026-09-12T15:42:00Z,False,False,ORI,False,False,LKSDB-1,T_LKSDB-1
BOALF,2026-09-12,35,35,2026-09-12T16:02:00Z,2026-09-12T16:03:00Z,99,89,56399,2026-09-12T15:51:00Z,False,False,ORI,False,False,LKSDB-1,T_LKSDB-1
BOALF,2026-09-12,35,35,2026-09-12T16:01:00Z,2026-09-12T16:02:00Z,99,0,56397,2026-09-12T15:40:00Z,False,False,ORI,False,False,LKSDB-1,T_LKSDB-1
BOALF,2026-09-12,35,35,2026-09-12T16:01:00Z,2026-09-12T16:02:00Z,99,99,56398,2026-09-12T15:42:00Z,False,False,ORI,False,False,LKSDB-1,T_LKSDB-1
BOALF,2026-09-12,34,34,2026-09-12T15:55:00Z,2026-09-12T15:56:00Z,66,0,56395,2026-09-12T15:26:00Z,False,False,ORI,False,False,LKSDB-1,T_LKSDB-1
BOALF,2026-09-12,34,34,2026-09-12T15:53:00Z,2026-09-12T15:55:00Z,66,66,56395,2026-09-12T15:26:00Z,False,False,ORI,False,False,LKSDB-1,T_LKSDB-1
BOALF,2026-09-12,34,34,2026-09-12T15:52:00Z,2026-09-12T15:53:00Z,9,0,56394,2026-09-12T15:25:00Z,False,False,ORI,False,False,LKSDB-1,T_LKSDB-1
BOALF,2026-09-12,34,34,2026-09-12T15:52:00Z,2026-09-12T15:53:00Z,9,66,56395,2026-09-12T15:26:00Z,False,False,ORI,False,False,LKSDB-1,T_LKSDB-1
BOALF,2026-09-12,34,35,2026-09-12T15:49:00Z,2026-09-12T16:01:00Z,99,99,56397,2026-09-12T15:40:00Z,False,False,ORI,False,False,LKSDB-1,T_LKSDB-1
BOALF,2026-09-12,34,34,2026-09-12T15:48:00Z,2026-09-12T15:49:00Z,9,99,56397,2026-09-12T15:40:00Z,False,False,ORI,False,False,LKSDB-1,T_LKSDB-1
BOALF,2026-09-12,34,34,2026-09-12T15:43:00Z,2026-09-12T15:44:00Z,99,9,56396,2026-09-12T15:36:00Z,False,False,ORI,False,False,LKSDB-1,T_LKSDB-1
BOALF,2026-09-12,34,34,2026-09-12T15:41:00Z,2026-09-12T15:43:00Z,99,99,56396,2026-09-12T15:36:00Z,False,False,ORI,False,False,LKSDB-1,T_LKSDB-1
BOALF,2026-09-12,34,34,2026-09-12T15:40:00Z,2026-09-12T15:41:00Z,9,99,56396,2026-09-12T15:36:00Z,False,False,ORI,False,False,LKSDB-1,T_LKSDB-1
BOALF,2026-09-12,34,34,2026-09-12T15:37:00Z,2026-09-12T15:52:00Z,9,9,56394,2026-09-12T15:25:00Z,False,False,ORI,False,False,LKSDB-1,T_LKSDB-1
BOALF,2026-09-12,34,34,2026-09-12T15:36:00Z,2026-09-12T15:37:00Z,46,0,56393,2026-09-12T15:24:00Z,False,False,ORI,False,False,LKSDB-1,T_LKSDB-1
BOALF,2026-09-12,34,34,2026-09-12T15:36:00Z,2026-09-12T15:37:00Z,46,9,56394,2026-09-12T15:25:00Z,False,False,ORI,False,False,LKSDB-1,T_LKSDB-1
BOALF,2026-09-12,34,34,2026-09-12T15:32:00Z,2026-09-12T15:36:00Z,46,46,56393,2026-09-12T15:24:00Z,False,False,ORI,False,False,LKSDB-1,T_LKSDB-1
BOALF,2026-09-12,34,34,2026-09-12T15:31:00Z,2026-09-12T15:32:00Z,0,46,56393,2026-09-12T15:24:00Z,False,False,ORI,False,False,LKSDB-1,T_LKSDB-1
BOALF,2026-09-12,31,31,2026-09-12T14:27:00Z,2026-09-12T14:28:00Z,-99,-71,56392,2026-09-12T13:56:00Z,False,False,ORI,False,False,LKSDB-1,T_LKSDB-1
BOALF,2026-09-12,31,31,2026-09-12T14:03:00Z,2026-09-12T14:27:00Z,-99,-99,56392,2026-09-12T13:56:00Z,False,False,ORI,False,False,LKSDB-1,T_LKSDB-1
BOALF,2026-09-12,31,31,2026-09-12T14:03:00Z,2026-09-12T14:04:00Z,-99,-71,56391,2026-09-12T13:51:00Z,False,False,ORI,False,False,LKSDB-1,T_LKSDB-1
BOALF,2026-09-12,31,31,2026-09-12T14:01:00Z,2026-09-12T14:03:00Z,-99,-99,56391,2026-09-12T13:51:00Z,False,False,ORI,False,False,LKSDB-1,T_LKSDB-1
BOALF,2026-09-12,31,31,2026-09-12T14:00:00Z,2026-09-12T14:01:00Z,0,-99,56391,2026-09-12T13:51:00Z,False,False,ORI,False,False,LKSDB-1,T_LKSDB-1
BOALF,2026-09-12,27,27,2026-09-12T12:17:00Z,2026-09-12T12:18:00Z,-63,-99,56388,2026-09-12T11:52:00Z,False,False,ORI,False,False,LKSDB-1,T_LKSDB-1
BOALF,2026-09-12,27,27,2026-09-12T12:15:00Z,2026-09-12T12:18:00Z,-99,-99,56390,2026-09-12T12:09:00Z,False,False,ORI,False,False,LKSDB-1,T_LKSDB-1
BOALF,2026-09-12,27,27,2026-09-12T12:15:00Z,2026-09-12T12:17:00Z,-63,-63,56388,2026-09-12T11:52:00Z,False,False,ORI,False,False,LKSDB-1,T_LKSDB-1
BOALF,2026-09-12,27,27,2026-09-12T12:14:00Z,2026-09-12T12:15:00Z,-27,-99,56387,2026-09-12T11:51:00Z,False,False,ORI,False,False,LKSDB-1,T_LKSDB-1
BOALF,2026-09-12,27,27,2026-09-12T12:14:00Z,2026-09-12T12:15:00Z,-27,-63,56388,2026-09-12T11:52:00Z,False,False,ORI,False,False,LKSDB-1,T_LKSDB-1
BOALF,2026-09-12,27,27,2026-09-12T12:14:00Z,2026-09-12T12:15:00Z,-27,-99,56390,2026-09-12T12:09:00Z,False,False,ORI,False,False,LKSDB-1,T_LKSDB-1
BOALF,2026-09-12,27,27,2026-09-12T12:12:00Z,2026-09-12T12:14:00Z,-27,-27,56387,2026-09-12T11:51:00Z,False,False,ORI,False,False,LKSDB-1,T_LKSDB-1
BOALF,2026-09-12,27,27,2026-09-12T12:11:00Z,2026-09-12T12:12:00Z,-9,-99,56386,2026-09-12T11:50:00Z,False,False,ORI,False,False,LKSDB-1,T_LKSDB-1
BOALF,2026-09-12,27,27,2026-09-12T12:11:00Z,2026-09-12T12:12:00Z,-9,-27,56387,2026-09-12T11:51:00Z,False,False,ORI,False,False,LKSDB-1,T_LKSDB-1
BOALF,2026-09-12,27,27,2026-09-12T12:09:00Z,2026-09-12T12:11:00Z,-9,-9,56386,2026-09-12T11:50:00Z,False,False,ORI,False,False,LKSDB-1,T_LKSDB-1
BOALF,2026-09-12,27,27,2026-09-12T12:08:00Z,2026-09-12T12:09:00Z,0,-99,56385,2026-09-12T11:49:00Z,False,False,ORI,False,False,LKSDB-1,T_LKSDB-1
BOALF,2026-09-12,27,27,2026-09-12T12:08:00Z,2026-09-12T12:09:00Z,0,-9,56386,2026-09-12T11:50:00Z,False,False,ORI,False,False,LKSDB-1,T_LKSDB-1
BOALF,2026-09-12,27,27,2026-09-12T12:07:00Z,2026-09-12T12:09:00Z,-9,-9,56389,2026-09-12T12:05:00Z,False,False,ORI,False,False,LKSDB-1,T_LKSDB-1
BOALF,2026-09-12,27,27,2026-09-12T12:06:00Z,2026-09-12T12:07:00Z,0,-9,56389,2026-09-12T12:05:00Z,False,False,ORI,False,False,LKSDB-1,T_LKSDB-1
BOALF,2026-09-12,27,27,2026-09-12T12:01:00Z,2026-09-12T12:08:00Z,0,0,56385,2026-09-12T11:49:00Z,False,False,ORI,False,False,LKSDB-1,T_LKSDB-1
BOALF,2026-09-12,27,27,2026-09-12T12:00:00Z,2026-09-12T12:01:00Z,-35,0,56385,2026-09-12T11:49:00Z,False,False,ORI,False,False,LKSDB-1,T_LKSDB-1
BOALF,2026-09-12,26,27,2026-09-12T11:57:00Z,2026-09-12T12:00:00Z,-35,-35,56384,2026-09-12T11:44:00Z,False,False,ORI,False,False,LKSDB-1,T_LKSDB-1
BOALF,2026-09-12,26,26,2026-09-12T11:56:00Z,2026-09-12T11:57:00Z,0,-99,56383,2026-09-12T11:21:00Z,False,False,ORI,False,False,LKSDB-1,T_LKSDB-1
BOALF,2026-09-12,26,26,2026-09-12T11:56:00Z,2026-09-12T11:57:00Z,0,-35,56384,2026-09-12T11:44:00Z,False,False,ORI,False,False,LKSDB-1,T_LKSDB-1
BOALF,2026-09-12,26,26,2026-09-12T11:49:00Z,2026-09-12T11:56:00Z,0,0,56383,2026-09-12T11:21:00Z,False,False,ORI,False,False,LKSDB-1,T_LKSDB-1
BOALF,2026-09-12,26,26,2026-09-12T11:49:00Z,2026-09-12T11:50:00Z,0,-99,56382,2026-09-12T11:13:00Z,False,False,ORI,False,False,LKSDB-1,T_LKSDB-1
BOALF,2026-09-12,26,26,2026-09-12T11:46:00Z,2026-09-12T11:49:00Z,0,0,56382,2026-09-12T11:13:00Z,False,False,ORI,False,False,LKSDB-1,T_LKSDB-1
BOALF,2026-09-12,26,26,2026-09-12T11:46:00Z,2026-09-12T11:47:00Z,0,-99,56381,2026-09-12T11:10:00Z,False,False,ORI,False,False,LKSDB-1,T_LKSDB-1
BOALF,2026-09-12,26,26,2026-09-12T11:42:00Z,2026-09-12T11:46:00Z,0,0,56381,2026-09-12T11:10:00Z,False,False,ORI,False,False,LKSDB-1,T_LKSDB-1
BOALF,2026-09-12,26,26,2026-09-12T11:42:00Z,2026-09-12T11:43:00Z,0,-99,56380,2026-09-12T11:07:00Z,False,False,ORI,False,False,LKSDB-1,T_LKSDB-1
BOALF,2026-09-12,25,26,2026-09-12T11:26:00Z,2026-09-12T11:42:00Z,0,0,56380,2026-09-12T11:07:00Z,False,False,ORI,False,False,LKSDB-1,T_LKSDB-1
BOALF,2026-09-12,25,25,2026-09-12T11:26:00Z,2026-09-12T11:27:00Z,0,-79,56379,2026-09-12T10:55:00Z,False,False,ORI,False,False,LKSDB-1,T_LKSDB-1
BOALF,2026-09-12,25,25,2026-09-12T11:23:00Z,2026-09-12T11:26:00Z,0,0,56379,2026-09-12T10:55:00Z,False,False,ORI,False,False,LKSDB-1,T_LKSDB-1
BOALF,2026-09-12,25,25,2026-09-12T11:23:00Z,2026-09-12T11:24:00Z,0,-79,56378,2026-09-12T10:53:00Z,False,False,ORI,False,False,LKSDB-1,T_LKSDB-1
BOALF,2026-09-12,25,25,2026-09-12T11:08:00Z,2026-09-12T11:23:00Z,0,0,56378,2026-09-12T10:53:00Z,False,False,ORI,False,False,LKSDB-1,T_LKSDB-1
BOALF,2026-09-12,25,25,2026-09-12T11:08:00Z,2026-09-12T11:09:00Z,0,-79,56377,2026-09-12T10:42:00Z,False,False,ORI,False,False,LKSDB-1,T_LKSDB-1
BOALF,2026-09-12,25,25,2026-09-12T11:02:00Z,2026-09-12T11:08:00Z,0,0,56377,2026-09-12T10:42:00Z,False,False,ORI,False,False,LKSDB-1,T_LKSDB-1
BOALF,2026-09-12,25,25,2026-09-12T11:02:00Z,2026-09-12T11:03:00Z,0,-79,56376,2026-09-12T10:32:00Z,False,False,ORI,False,False,LKSDB-1,T_LKSDB-1
BOALF,2026-09-12,24,25,2026-09-12T10:53:00Z,2026-09-12T11:02:00Z,0,0,56376,2026-09-12T10:32:00Z,False,False,ORI,False,False,LKSDB-1,T_LKSDB-1
BOALF,2026-09-12,24,24,2026-09-12T10:53:00Z,2026-09-12T10:54:00Z,0,-79,56375,2026-09-12T10:24:00Z,False,False,ORI,False,False,LKSDB-1,T_LKSDB-1
BOALF,2026-09-12,24,24,2026-09-12T10:43:00Z,2026-09-12T10:53:00Z,0,0,56375,2026-09-12T10:24:00Z,False,False,ORI,False,False,LKSDB-1,T_LKSDB-1
BOALF,2026-09-12,24,24,2026-09-12T10:43:00Z,2026-09-12T10:44:00Z,0,-79,56374,2026-09-12T10:16:00Z,False,False,ORI,False,False,LKSDB-1,T_LKSDB-1
BOALF,2026-09-12,24,24,2026-09-12T10:42:00Z,2026-09-12T10:43:00Z,0,-79,56373,2026-09-12T10:13:00Z,False,False,ORI,False,False,LKSDB-1,T_LKSDB-1
BOALF,2026-09-12,24,24,2026-09-12T10:42:00Z,2026-09-12T10:43:00Z,0,0,56374,2026-09-12T10:16:00Z,False,False,ORI,False,False,LKSDB-1,T_LKSDB-1
BOALF,2026-09-12,24,24,2026-09-12T10:38:00Z,2026-09-12T10:42:00Z,0,0,56373,2026-09-12T10:13:00Z,False,False,ORI,False,False,LKSDB-1,T_LKSDB-1
BOALF,2026-09-12,24,24,2026-09-12T10:38:00Z,2026-09-12T10:39:00Z,0,-79,56372,2026-09-12T10:08:00Z,False,False,ORI,False,False,LKSDB-1,T_LKSDB-1
BOALF,2026-09-12,23,24,2026-09-12T10:20:00Z,2026-09-12T10:38:00Z,0,0,56372,2026-09-12T10:08:00Z,False,False,ORI,False,False,LKSDB-1,T_LKSDB-1
BOALF,2026-09-12,23,23,2026-09-12T10:20:00Z,2026-09-12T10:21:00Z,0,-79,56371,2026-09-12T09:50:00Z,False,False,ORI,False,False,LKSDB-1,T_LKSDB-1
BOALF,2026-09-12,23,23,2026-09-12T10:01:00Z,2026-09-12T10:20:00Z,0,0,56371,2026-09-12T09:50:00Z,False,False,ORI,False,False,LKSDB-1,T_LKSDB-1
BOALF,2026-09-12,23,23,2026-09-12T10:01:00Z,2026-09-12T10:02:00Z,0,-79,56370,2026-09-12T09:31:00Z,False,False,ORI,False,False,LKSDB-1,T_LKSDB-1
BOALF,2026-09-12,23,23,2026-09-12T10:00:00Z,2026-09-12T10:01:00Z,0,0,56370,2026-09-12T09:31:00Z,False,False,ORI,False,False,LKSDB-1,T_LKSDB-1
BOALF,2026-09-12,17,17,2026-09-12T07:02:00Z,2026-09-12T07:03:00Z,19,12,56369,2026-09-12T06:37:00Z,False,False,ORI,False,False,LKSDB-1,T_LKSDB-1
BOALF,2026-09-12,16,17,2026-09-12T06:42:00Z,2026-09-12T07:02:00Z,19,19,56369,2026-09-12T06:37:00Z,False,False,ORI,False,False,LKSDB-1,T_LKSDB-1
BOALF,2026-09-12,16,16,2026-09-12T06:41:00Z,2026-09-12T06:42:00Z,12,19,56369,2026-09-12T06:37:00Z,False,False,ORI,False,False,LKSDB-1,T_LKSDB-1
BOALF,2026-09-12,16,16,2026-09-12T06:30:00Z,2026-09-12T06:31:00Z,12,12,56368,2026-09-12T06:03:00Z,False,False,ORI,False,False,LKSDB-1,T_LKSDB-1
BOALF,2026-09-12,15,16,2026-09-12T06:29:00Z,2026-09-12T06:30:00Z,0,12,56368,2026-09-12T06:03:00Z,False,False,ORI,False,False,LKSDB-1,T_LKSDB-1
BOALF,2026-09-12,15,15,2026-09-12T06:00:00Z,2026-09-12T06:01:00Z,23,0,56367,2026-09-12T05:50:00Z,False,False,ORI,False,False,LKSDB-1,T_LKSDB-1
BOALF,2026-09-12,14,15,2026-09-12T05:59:00Z,2026-09-12T06:00:00Z,21,0,56366,2026-09-12T05:47:00Z,False,False,ORI,False,False,LKSDB-1,T_LKSDB-1
BOALF,2026-09-12,14,15,2026-09-12T05:57:00Z,2026-09-12T06:00:00Z,23,23,56367,2026-09-12T05:50:00Z,False,False,ORI,False,False,LKSDB-1,T_LKSDB-1
BOALF,2026-09-12,14,14,2026-09-12T05:57:00Z,2026-09-12T05:59:00Z,21,21,56366,2026-09-12T05:47:00Z,False,False,ORI,False,False,LKSDB-1,T_LKSDB-1
BOALF,2026-09-12,14,14,2026-09-12T05:56:00Z,2026-09-12T05:57:00Z,0,21,56366,2026-09-12T05:47:00Z,False,False,ORI,False,False,LKSDB-1,T_LKSDB-1
BOALF,2026-09-12,14,14,2026-09-12T05:56:00Z,2026-09-12T05:57:00Z,0,23,56367,2026-09-12T05:50:00Z,False,False,ORI,False,False,LKSDB-1,T_LKSDB-1
BOALF,2026-09-12,14,14,2026-09-12T05:42:00Z,2026-09-12T05:43:00Z,-47,0,56365,2026-09-12T05:34:00Z,False,False,ORI,False,False,LKSDB-1,T_LKSDB-1
BOALF,2026-09-12,14,14,2026-09-12T05:39:00Z,2026-09-12T05:42:00Z,-47,-47,56365,2026-09-12T05:34:00Z,False,False,ORI,False,False,LKSDB-1,T_LKSDB-1
BOALF,2026-09-12,14,14,2026-09-12T05:38:00Z,2026-09-12T05:39:00Z,-99,0,56364,2026-09-12T05:33:00Z,False,False,ORI,False,False,LKSDB-1,T_LKSDB-1
BOALF,2026-09-12,14,14,2026-09-12T05:38:00Z,2026-09-12T05:39:00Z,-99,-47,56365,2026-09-12T05:34:00Z,False,False,ORI,False,False,LKSDB-1,T_LKSDB-1
BOALF,2026-09-12,14,14,2026-09-12T05:37:00Z,2026-09-12T05:38:00Z,-23,0,56362,2026-09-12T05:24:00Z,False,False,ORI,False,False,LKSDB-1,T_LKSDB-1
BOALF,2026-09-12,14,14,2026-09-12T05:37:00Z,2026-09-12T05:38:00Z,-99,0,56363,2026-09-12T05:28:00Z,False,False,ORI,False,False,LKSDB-1,T_LKSDB-1
BOALF,2026-09-12,14,14,2026-09-12T05:37:00Z,2026-09-12T05:38:00Z,-99,-99,56364,2026-09-12T05:33:00Z,False,False,ORI,False,False,LKSDB-1,T_LKSDB-1
BOALF,2026-09-12,14,14,2026-09-12T05:35:00Z,2026-09-12T05:37:00Z,-23,-23,56362,2026-09-12T05:24:00Z,False,False,ORI,False,False,LKSDB-1,T_LKSDB-1
BOALF,2026-09-12,14,14,2026-09-12T05:34:00Z,2026-09-12T05:35:00Z,-90,0,56361,2026-09-12T05:23:00Z,False,False,ORI,False,False,LKSDB-1,T_LKSDB-1
BOALF,2026-09-12,14,14,2026-09-12T05:34:00Z,2026-09-12T05:35:00Z,-90,-23,56362,2026-09-12T05:24:00Z,False,False,ORI,False,False,LKSDB-1,T_LKSDB-1
BOALF,2026-09-12,14,14,2026-09-12T05:32:00Z,2026-09-12T05:37:00Z,-99,-99,56363,2026-09-12T05:28:00Z,False,False,ORI,False,False,LKSDB-1,T_LKSDB-1
BOALF,2026-09-12,14,14,2026-09-12T05:31:00Z,2026-09-12T05:34:00Z,-90,-90,56361,2026-09-12T05:23:00Z,False,False,ORI,False,False,LKSDB-1,T_LKSDB-1
BOALF,2026-09-12,14,14,2026-09-12T05:31:00Z,2026-09-12T05:32:00Z,-90,-99,56363,2026-09-12T05:28:00Z,False,False,ORI,False,False,LKSDB-1,T_LKSDB-1
BOALF,2026-09-12,14,14,2026-09-12T05:30:00Z,2026-09-12T05:31:00Z,0,-90,56361,2026-09-12T05:23:00Z,False,False,ORI,False,False,LKSDB-1,T_LKSDB-1
BOALF,2026-09-12,5,5,2026-09-12T01:00:00Z,2026-09-12T01:01:00Z,4,4,56360,2026-09-12T00:47:00Z,False,False,ORI,False,False,LKSDB-1,T_LKSDB-1
BOALF,2026-09-12,4,5,2026-09-12T00:59:00Z,2026-09-12T01:00:00Z,6,4,56360,2026-09-12T00:47:00Z,False,False,ORI,False,False,LKSDB-1,T_LKSDB-1
BOALF,2026-09-12,4,4,2026-09-12T00:41:00Z,2026-09-12T00:42:00Z,12,6,56359,2026-09-12T00:15:00Z,False,False,ORI,False,False,LKSDB-1,T_LKSDB-1
BOALF,2026-09-12,4,4,2026-09-12T00:30:00Z,2026-09-12T00:41:00Z,12,12,56359,2026-09-12T00:15:00Z,False,False,ORI,False,False,LKSDB-1,T_LKSDB-1
BOALF,2026-09-12,4,4,2026-09-12T00:30:00Z,2026-09-12T00:31:00Z,12,6,56358,2026-09-12T00:11:00Z,False,False,ORI,False,False,LKSDB-1,T_LKSDB-1
BOALF,2026-09-12,3,4,2026-09-12T00:26:00Z,2026-09-12T00:30:00Z,12,12,56358,2026-09-12T00:11:00Z,False,False,ORI,False,False,LKSDB-1,T_LKSDB-1
BOALF,2026-09-12,3,3,2026-09-12T00:25:00Z,2026-09-12T00:26:00Z,7,12,56358,2026-09-12T00:11:00Z,False,False,ORI,False,False,LKSDB-1,T_LKSDB-1
BOALF,2026-09-12,2,2,2026-09-11T23:30:00Z,2026-09-11T23:31:00Z,3,3,56357,2026-09-11T23:26:00Z,False,False,ORI,False,False,LKSDB-1,T_LKSDB-1
BOALF,2026-09-12,1,2,2026-09-11T23:29:00Z,2026-09-11T23:30:00Z,40,3,56357,2026-09-11T23:26:00Z,False,False,ORI,False,False,LKSDB-1,T_LKSDB-1
BOALF,2026-09-11,46,47,2026-09-11T21:56:00Z,2026-09-11T22:00:00Z,0,0,56356,2026-09-11T21:40:00Z,False,False,ORI,False,False,LKSDB-1,T_LKSDB-1
BOALF,2026-09-11,46,46,2026-09-11T21:56:00Z,2026-09-11T21:57:00Z,0,99,56353,2026-09-11T21:29:00Z,False,False,ORI,False,False,LKSDB-1,T_LKSDB-1
BOALF,2026-09-11,46,46,2026-09-11T21:50:00Z,2026-09-11T21:51:00Z,9,99,56351,2026-09-11T21:26:00Z,False,False,ORI,False,False,LKSDB-1,T_LKSDB-1
BOALF,2026-09-11,46,46,2026-09-11T21:48:00Z,2026-09-11T21:56:00Z,0,0,56353,2026-09-11T21:29:00Z,False,False,ORI,False,False,LKSDB-1,T_LKSDB-1
BOALF,2026-09-11,46,46,2026-09-11T21:47:00Z,2026-09-11T21:48:00Z,6,9,56352,2026-09-11T21:28:00Z,False,False,ORI,False,False,LKSDB-1,T_LKSDB-1
BOALF,2026-09-11,46,46,2026-09-11T21:47:00Z,2026-09-11T21:48:00Z,6,0,56353,2026-09-11T21:29:00Z,False,False,ORI,False,False,LKSDB-1,T_LKSDB-1
BOALF,2026-09-11,46,46,2026-09-11T21:43:00Z,2026-09-11T21:48:00Z,0,0,56355,2026-09-11T21:34:00Z,False,False,ORI,False,False,LKSDB-1,T_LKSDB-1
BOALF,2026-09-11,46,46,2026-09-11T21:43:00Z,2026-09-11T21:44:00Z,0,6,56354,2026-09-11T21:30:00Z,False,False,ORI,False,False,LKSDB-1,T_LKSDB-1
BOALF,2026-09-11,46,46,2026-09-11T21:39:00Z,2026-09-11T21:43:00Z,0,0,56354,2026-09-11T21:30:00Z,False,False,ORI,False,False,LKSDB-1,T_LKSDB-1
BOALF,2026-09-11,46,46,2026-09-11T21:38:00Z,2026-09-11T21:39:00Z,6,0,56354,2026-09-11T21:30:00Z,False,False,ORI,False,False,LKSDB-1,T_LKSDB-1
BOALF,2026-09-11,46,46,2026-09-11T21:36:00Z,2026-09-11T21:47:00Z,6,6,56352,2026-09-11T21:28:00Z,False,False,ORI,False,False,LKSDB-1,T_LKSDB-1
BOALF,2026-09-11,46,46,2026-09-11T21:35:00Z,2026-09-11T21:50:00Z,9,9,56351,2026-09-11T21:26:00Z,False,False,ORI,False,False,LKSDB-1,T_LKSDB-1
BOALF,2026-09-11,46,46,2026-09-11T21:35:00Z,2026-09-11T21:36:00Z,9,6,56352,2026-09-11T21:28:00Z,False,False,ORI,False,False,LKSDB-1,T_LKSDB-1
BOALF,2026-09-11,46,46,2026-09-11T21:34:00Z,2026-09-11T21:35:00Z,18,99,56350,2026-09-11T21:25:00Z,False,False,ORI,False,False,LKSDB-1,T_LKSDB-1
BOALF,2026-09-11,46,46,2026-09-11T21:34:00Z,2026-09-11T21:35:00Z,18,9,56351,2026-09-11T21:26:00Z,False,False,ORI,False,False,LKSDB-1,T_LKSDB-1
BOALF,2026-09-11,46,46,2026-09-11T21:32:00Z,2026-09-11T21:34:00Z,18,18,56350,2026-09-11T21:25:00Z,False,False,ORI,False,False,LKSDB-1,T_LKSDB-1
BOALF,2026-09-11,46,46,2026-09-11T21:31:00Z,2026-09-11T21:32:00Z,0,99,56349,2026-09-11T21:24:00Z,False,False,ORI,False,False,LKSDB-1,T_LKSDB-1
BOALF,2026-09-11,46,46,2026-09-11T21:31:00Z,2026-09-11T21:32:00Z,0,18,56350,2026-09-11T21:25:00Z,False,False,ORI,False,False,LKSDB-1,T_LKSDB-1
BOALF,2026-09-11,46,46,2026-09-11T21:30:00Z,2026-09-11T21:31:00Z,0,0,56349,2026-09-11T21:24:00Z,False,False,ORI,False,False,LKSDB-1,T_LKSDB-1
BOALF,2026-09-11,45,46,2026-09-11T21:28:00Z,2026-09-11T21:30:00Z,0,0,56348,2026-09-11T21:12:00Z,False,False,ORI,False,False,LKSDB-1,T_LKSDB-1
BOALF,2026-09-11,45,45,2026-09-11T21:27:00Z,2026-09-11T21:28:00Z,54,0,56348,2026-09-11T21:12:00Z,False,False,ORI,False,False,LKSDB-1,T_LKSDB-1
BOALF,2026-09-11,45,45,2026-09-11T21:24:00Z,2026-09-11T21:25:00Z,0,54,56347,2026-09-11T21:02:00Z,False,False,ORI,False,False,LKSDB-1,T_LKSDB-1
BOALF,2026-09-11,45,45,2026-09-11T21:15:00Z,2026-09-11T21:24:00Z,0,0,56347,2026-09-11T21:02:00Z,False,False,ORI,False,False,LKSDB-1,T_LKSDB-1
BOALF,2026-09-11,45,45,2026-09-11T21:15:00Z,2026-09-11T21:16:00Z,0,54,56345,2026-09-11T20:51:00Z,False,False,ORI,False,False,LKSDB-1,T_LKSDB-1
BOALF,2026-09-11,45,45,2026-09-11T21:01:00Z,2026-09-11T21:15:00Z,0,0,56345,2026-09-11T20:51:00Z,False,False,ORI,False,False,LKSDB-1,T_LKSDB-1
BOALF,2026-09-11,45,45,2026-09-11T21:00:00Z,2026-09-11T21:01:00Z,-2,0,56346,2026-09-11T20:52:00Z,False,False,ORI,False,False,LKSDB-1,T_LKSDB-1
BOALF,2026-09-11,44,45,2026-09-11T20:55:00Z,2026-09-11T21:00:00Z,-2,-2,56346,2026-09-11T20:52:00Z,False,False,ORI,False,False,LKSDB-1,T_LKSDB-1
BOALF,2026-09-11,44,44,2026-09-11T20:55:00Z,2026-09-11T20:56:00Z,0,55,56343,2026-09-11T20:32:00Z,False,False,ORI,False,False,LKSDB-1,T_LKSDB-1
BOALF,2026-09-11,44,44,2026-09-11T20:54:00Z,2026-09-11T20:55:00Z,0,-2,56346,2026-09-11T20:52:00Z,False,False,ORI,False,False,LKSDB-1,T_LKSDB-1
BOALF,2026-09-11,44,44,2026-09-11T20:51:00Z,2026-09-11T20:55:00Z,0,0,56343,2026-09-11T20:32:00Z,False,False,ORI,False,False,LKSDB-1,T_LKSDB-1
BOALF,2026-09-11,44,44,2026-09-11T20:50:00Z,2026-09-11T20:51:00Z,52,55,56342,2026-09-11T20:31:00Z,False,False,ORI,False,False,LKSDB-1,T_LKSDB-1
BOALF,2026-09-11,44,44,2026-09-11T20:50:00Z,2026-09-11T20:51:00Z,52,0,56343,2026-09-11T20:32:00Z,False,False,ORI,False,False,LKSDB-1,T_LKSDB-1
BOALF,2026-09-11,44,44,2026-09-11T20:48:00Z,2026-09-11T20:50:00Z,52,52,56342,2026-09-11T20:31:00Z,False,False,ORI,False,False,LKSDB-1,T_LKSDB-1
BOALF,2026-09-11,44,44,2026-09-11T20:47:00Z,2026-09-11T20:51:00Z,0,0,56344,2026-09-11T20:33:00Z,False,False,ORI,False,False,LKSDB-1,T_LKSDB-1
BOALF,2026-09-11,44,44,2026-09-11T20:47:00Z,2026-09-11T20:48:00Z,0,55,56341,2026-09-11T20:30:00Z,False,False,ORI,False,False,LKSDB-1,T_LKSDB-1
BOALF,2026-09-11,44,44,2026-09-11T20:47:00Z,2026-09-11T20:48:00Z,0,52,56342,2026-09-11T20:31:00Z,False,False,ORI,False,False,LKSDB-1,T_LKSDB-1
BOALF,2026-09-11,44,44,2026-09-11T20:38:00Z,2026-09-11T20:47:00Z,0,0,56341,2026-09-11T20:30:00Z,False,False,ORI,False,False,LKSDB-1,T_LKSDB-1
BOALF,2026-09-11,44,44,2026-09-11T20:38:00Z,2026-09-11T20:39:00Z,0,55,56339,2026-09-11T20:13:00Z,False,False,ORI,False,False,LKSDB-1,T_LKSDB-1
BOALF,2026-09-11,44,44,2026-09-11T20:31:00Z,2026-09-11T20:32:00Z,-67,0,56340,2026-09-11T20:22:00Z,False,False,ORI,False,False,LKSDB-1,T_LKSDB-1
BOALF,2026-09-11,43,44,2026-09-11T20:29:00Z,2026-09-11T20:31:00Z,-67,-67,56340,2026-09-11T20:22:00Z,False,False,ORI,False,False,LKSDB-1,T_LKSDB-1
BOALF,2026-09-11,43,43,2026-09-11T20:28:00Z,2026-09-11T20:29:00Z,0,-67,56340,2026-09-11T20:22:00Z,False,False,ORI,False,False,LKSDB-1,T_LKSDB-1
BOALF,2026-09-11,43,44,2026-09-11T20:19:00Z,2026-09-11T20:38:00Z,0,0,56339,2026-09-11T20:13:00Z,False,False,ORI,False,False,LKSDB-1,T_LKSDB-1
BOALF,2026-09-11,43,43,2026-09-11T20:19:00Z,2026-09-11T20:20:00Z,0,99,56338,2026-09-11T20:01:00Z,False,False,ORI,False,False,LKSDB-1,T_LKSDB-1
BOALF,2026-09-11,43,43,2026-09-11T20:14:00Z,2026-09-11T20:15:00Z,26,99,56336,2026-09-11T19:59:00Z,False,False,ORI,False,False,LKSDB-1,T_LKSDB-1
BOALF,2026-09-11,43,43,2026-09-11T20:09:00Z,2026-09-11T20:19:00Z,0,0,56338,2026-09-11T20:01:00Z,False,False,ORI,False,False,LKSDB-1,T_LKSDB-1
BOALF,2026-09-11,43,43,2026-09-11T20:09:00Z,2026-09-11T20:14:00Z,26,26,56336,2026-09-11T19:59:00Z,False,False,ORI,False,False,LKSDB-1,T_LKSDB-1
BOALF,2026-09-11,43,43,2026-09-11T20:08:00Z,2026-09-11T20:09:00Z,99,26,56336,2026-09-11T19:59:00Z,False,False,ORI,False,False,LKSDB-1,T_LKSDB-1
BOALF,2026-09-11,43,43,2026-09-11T20:08:00Z,2026-09-11T20:09:00Z,65,26,56337,2026-09-11T20:00:00Z,False,False,ORI,False,False,LKSDB-1,T_LKSDB-1
BOALF,2026-09-11,43,43,2026-09-11T20:08:00Z,2026-09-11T20:09:00Z,65,0,56338,2026-09-11T20:01:00Z,False,False,ORI,False,False,LKSDB-1,T_LKSDB-1
BOALF,2026-09-11,43,43,2026-09-11T20:06:00Z,2026-09-11T20:08:00Z,65,65,56337,2026-09-11T20:00:00Z,False,False,ORI,False,False,LKSDB-1,T_LKSDB-1
BOALF,2026-09-11,43,43,2026-09-11T20:05:00Z,2026-09-11T20:06:00Z,0,99,56335,2026-09-11T19:57:00Z,False,False,ORI,False,False,LKSDB-1,T_LKSDB-1
BOALF,2026-09-11,43,43,2026-09-11T20:05:00Z,2026-09-11T20:06:00Z,0,65,56337,2026-09-11T20:00:00Z,False,False,ORI,False,False,LKSDB-1,T_LKSDB-1
BOALF,2026-09-11,43,43,2026-09-11T20:04:00Z,2026-09-11T20:05:00Z,6,99,56334,2026-09-11T19:48:00Z,False,False,ORI,False,False,LKSDB-1,T_LKSDB-1
BOALF,2026-09-11,43,43,2026-09-11T20:02:00Z,2026-09-11T20:04:00Z,6,6,56334,2026-09-11T19:48:00Z,False,False,ORI,False,False,LKSDB-1,T_LKSDB-1
BOALF,2026-09-11,43,43,2026-09-11T20:01:00Z,2026-09-11T20:05:00Z,0,0,56335,2026-09-11T19:57:00Z,False,False,ORI,False,False,LKSDB-1,T_LKSDB-1
BOALF,2026-09-11,43,43,2026-09-11T20:01:00Z,2026-09-11T20:02:00Z,1,99,56330,2026-09-11T19:44:00Z,False,False,ORI,False,False,LKSDB-1,T_LKSDB-1
BOALF,2026-09-11,43,43,2026-09-11T20:01:00Z,2026-09-11T20:02:00Z,0,99,56333,2026-09-11T19:47:00Z,False,False,ORI,False,False,LKSDB-1,T_LKSDB-1
BOALF,2026-09-11,43,43,2026-09-11T20:01:00Z,2026-09-11T20:02:00Z,0,6,56334,2026-09-11T19:48:00Z,False,False,ORI,False,False,LKSDB-1,T_LKSDB-1
BOALF,2026-09-11,42,43,2026-09-11T19:59:00Z,2026-09-11T20:01:00Z,1,1,56330,2026-09-11T19:44:00Z,False,False,ORI,False,False,LKSDB-1,T_LKSDB-1
BOALF,2026-09-11,42,43,2026-09-11T19:59:00Z,2026-09-11T20:01:00Z,0,0,56333,2026-09-11T19:47:00Z,False,False,ORI,False,False,LKSDB-1,T_LKSDB-1
BOALF,2026-09-11,42,42,2026-09-11T19:58:00Z,2026-09-11T19:59:00Z,88,99,56329,2026-09-11T19:43:00Z,False,False,ORI,False,False,LKSDB-1,T_LKSDB-1
BOALF,2026-09-11,42,42,2026-09-11T19:58:00Z,2026-09-11T19:59:00Z,88,1,56330,2026-09-11T19:44:00Z,False,False,ORI,False,False,LKSDB-1,T_LKSDB-1
BOALF,2026-09-11,42,42,2026-09-11T19:58:00Z,2026-09-11T19:59:00Z,86,1,56332,2026-09-11T19:46:00Z,False,False,ORI,False,False,LKSDB-1,T_LKSDB-1
BOALF,2026-09-11,42,42,2026-09-11T19:58:00Z,2026-09-11T19:59:00Z,86,0,56333,2026-09-11T19:47:00Z,False,False,ORI,False,False,LKSDB-1,T_LKSDB-1
BOALF,2026-09-11,42,42,2026-09-11T19:56:00Z,2026-09-11T19:58:00Z,88,88,56329,2026-09-11T19:43:00Z,False,False,ORI,False,False,LKSDB-1,T_LKSDB-1
BOALF,2026-09-11,42,42,2026-09-11T19:56:00Z,2026-09-11T19:58:00Z,86,86,56332,2026-09-11T19:46:00Z,False,False,ORI,False,False,LKSDB-1,T_LKSDB-1
BOALF,2026-09-11,42,42,2026-09-11T19:55:00Z,2026-09-11T19:56:00Z,9,99,56328,2026-09-11T19:42:00Z,False,False,ORI,False,False,LKSDB-1,T_LKSDB-1
BOALF,2026-09-11,42,42,2026-09-11T19:55:00Z,2026-09-11T19:56:00Z,9,88,56329,2026-09-11T19:43:00Z,False,False,ORI,False,False,LKSDB-1,T_LKSDB-1
BOALF,2026-09-11,42,42,2026-09-11T19:55:00Z,2026-09-11T19:56:00Z,0,88,56331,2026-09-11T19:45:00Z,False,False,ORI,False,False,LKSDB-1,T_LKSDB-1
BOALF,2026-09-11,42,42,2026-09-11T19:55:00Z,2026-09-11T19:56:00Z,0,86,56332,2026-09-11T19:46:00Z,False,False,ORI,False,False,LKSDB-1,T_LKSDB-1
BOALF,2026-09-11,42,42,2026-09-11T19:53:00Z,2026-09-11T19:55:00Z,9,9,56328,2026-09-11T19:42:00Z,False,False,ORI,False,False,LKSDB-1,T_LKSDB-1
BOALF,2026-09-11,42,42,2026-09-11T19:53:00Z,2026-09-11T19:54:00Z,9,99,56327,2026-09-11T19:37:00Z,False,False,ORI,False,False,LKSDB-1,T_LKSDB-1
BOALF,2026-09-11,42,42,2026-09-11T19:51:00Z,2026-09-11T19:52:00Z,37,99,56325,2026-09-11T19:34:00Z,False,False,ORI,False,False,LKSDB-1,T_LKSDB-1
BOALF,2026-09-11,42,42,2026-09-11T19:50:00Z,2026-09-11T19:55:00Z,0,0,56331,2026-09-11T19:45:00Z,False,False,ORI,False,False,LKSDB-1,T_LKSDB-1
BOALF,2026-09-11,42,42,2026-09-11T19:49:00Z,2026-09-11T19:50:00Z,9,0,56331,2026-09-11T19:45:00Z,False,False,ORI,False,False,LKSDB-1,T_LKSDB-1
BOALF,2026-09-11,42,42,2026-09-11T19:48:00Z,2026-09-11T19:49:00Z,52,99,56324,2026-09-11T19:32:00Z,False,False,ORI,False,False,LKSDB-1,T_LKSDB-1
BOALF,2026-09-11,42,42,2026-09-11T19:47:00Z,2026-09-11T19:53:00Z,9,9,56327,2026-09-11T19:37:00Z,False,False,ORI,False,False,LKSDB-1,T_LKSDB-1
BOALF,2026-09-11,42,42,2026-09-11T19:47:00Z,2026-09-11T19:48:00Z,52,99,56323,2026-09-11T19:26:00Z,False,False,ORI,False,False,LKSDB-1,T_LKSDB-1
BOALF,2026-09-11,42,42,2026-09-11T19:47:00Z,2026-09-11T19:48:00Z,52,52,56324,2026-09-11T19:32:00Z,False,False,ORI,False,False,LKSDB-1,T_LKSDB-1
BOALF,2026-09-11,42,42,2026-09-11T19:46:00Z,2026-09-11T19:47:00Z,13,37,56326,2026-09-11T19:36:00Z,False,False,ORI,False,False,LKSDB-1,T_LKSDB-1
BOALF,2026-09-11,42,42,2026-09-11T19:46:00Z,2026-09-11T19:47:00Z,13,9,56327,2026-09-11T19:37:00Z,False,False,ORI,False,False,LKSDB-1,T_LKSDB-1
BOALF,2026-09-11,42,42,2026-09-11T19:44:00Z,2026-09-11T19:46:00Z,13,13,56326,2026-09-11T19:36:00Z,False,False,ORI,False,False,LKSDB-1,T_LKSDB-1
BOALF,2026-09-11,42,42,2026-09-11T19:43:00Z,2026-09-11T19:47:00Z,52,52,56323,2026-09-11T19:26:00Z,False,False,ORI,False,False,LKSDB-1,T_LKSDB-1
BOALF,2026-09-11,42,42,2026-09-11T19:43:00Z,2026-09-11T19:44:00Z,37,13,56326,2026-09-11T19:36:00Z,False,False,ORI,False,False,LKSDB-1,T_LKSDB-1
BOALF,2026-09-11,42,42,2026-09-11T19:42:00Z,2026-09-11T19:43:00Z,54,99,56322,2026-09-11T19:25:00Z,False,False,ORI,False,False,LKSDB-1,T_LKSDB-1
BOALF,2026-09-11,42,42,2026-09-11T19:42:00Z,2026-09-11T19:43:00Z,54,52,56323,2026-09-11T19:26:00Z,False,False,ORI,False,False,LKSDB-1,T_LKSDB-1
BOALF,2026-09-11,42,42,2026-09-11T19:38:00Z,2026-09-11T19:51:00Z,37,37,56325,2026-09-11T19:34:00Z,False,False,ORI,False,False,LKSDB-1,T_LKSDB-1
BOALF,2026-09-11,42,42,2026-09-11T19:38:00Z,2026-09-11T19:42:00Z,54,54,56322,2026-09-11T19:25:00Z,False,False,ORI,False,False,LKSDB-1,T_LKSDB-1
BOALF,2026-09-11,42,42,2026-09-11T19:37:00Z,2026-09-11T19:38:00Z,43,99,56321,2026-09-11T19:24:00Z,False,False,ORI,False,False,LKSDB-1,T_LKSDB-1
BOALF,2026-09-11,42,42,2026-09-11T19:37:00Z,2026-09-11T19:38:00Z,43,54,56322,2026-09-11T19:25:00Z,False,False,ORI,False,False,LKSDB-1,T_LKSDB-1
BOALF,2026-09-11,42,42,2026-09-11T19:37:00Z,2026-09-11T19:38:00Z,43,37,56325,2026-09-11T19:34:00Z,False,False,ORI,False,False,LKSDB-1,T_LKSDB-1
BOALF,2026-09-11,42,42,2026-09-11T19:35:00Z,2026-09-11T19:37:00Z,43,43,56321,2026-09-11T19:24:00Z,False,False,ORI,False,False,LKSDB-1,T_LKSDB-1
BOALF,2026-09-11,42,42,2026-09-11T19:34:00Z,2026-09-11T19:35:00Z,99,43,56321,2026-09-11T19:24:00Z,False,False,ORI,False,False,LKSDB-1,T_LKSDB-1
BOALF,2026-09-11,40,41,2026-09-11T18:58:00Z,2026-09-11T19:00:00Z,20,20,56320,2026-09-11T18:43:00Z,False,False,ORI,False,False,LKSDB-1,T_LKSDB-1
BOALF,2026-09-11,40,40,2026-09-11T18:57:00Z,2026-09-11T18:58:00Z,0,99,56319,2026-09-11T18:42:00Z,False,False,ORI,False,False,LKSDB-1,T_LKSDB-1
BOALF,2026-09-11,40,40,2026-09-11T18:57:00Z,2026-09-11T18:58:00Z,0,20,56320,2026-09-11T18:43:00Z,False,False,ORI,False,False,LKSDB-1,T_LKSDB-1
BOALF,2026-09-11,40,40,2026-09-11T18:50:00Z,2026-09-11T18:57:00Z,0,0,56319,2026-09-11T18:42:00Z,False,False,ORI,False,False,LKSDB-1,T_LKSDB-1
BOALF,2026-09-11,40,40,2026-09-11T18:50:00Z,2026-09-11T18:51:00Z,0,99,56318,2026-09-11T18:39:00Z,False,False,ORI,False,False,LKSDB-1,T_LKSDB-1
BOALF,2026-09-11,40,40,2026-09-11T18:47:00Z,2026-09-11T18:50:00Z,0,0,56318,2026-09-11T18:39:00Z,False,False,ORI,False,False,LKSDB-1,T_LKSDB-1
BOALF,2026-09-11,40,40,2026-09-11T18:47:00Z,2026-09-11T18:48:00Z,0,99,56317,2026-09-11T18:37:00Z,False,False,ORI,False,False,LKSDB-1,T_LKSDB-1
BOALF,2026-09-11,40,40,2026-09-11T18:46:00Z,2026-09-11T18:47:00Z,0,99,56316,2026-09-11T18:33:00Z,False,False,ORI,False,False,LKSDB-1,T_LKSDB-1
BOALF,2026-09-11,40,40,2026-09-11T18:46:00Z,2026-09-11T18:47:00Z,0,0,56317,2026-09-11T18:37:00Z,False,False,ORI,False,False,LKSDB-1,T_LKSDB-1
BOALF,2026-09-11,40,40,2026-09-11T18:37:00Z,2026-09-11T18:46:00Z,0,0,56316,2026-09-11T18:33:00Z,False,False,ORI,False,False,LKSDB-1,T_LKSDB-1
BOALF,2026-09-11,40,40,2026-09-11T18:37:00Z,2026-09-11T18:38:00Z,1,99,56314,2026-09-11T18:25:00Z,False,False,ORI,False,False,LKSDB-1,T_LKSDB-1
BOALF,2026-09-11,40,40,2026-09-11T18:37:00Z,2026-09-11T18:38:00Z,0,99,56315,2026-09-11T18:27:00Z,False,False,ORI,False,False,LKSDB-1,T_LKSDB-1
BOALF,2026-09-11,40,40,2026-09-11T18:32:00Z,2026-09-11T18:33:00Z,50,99,56313,2026-09-11T18:23:00Z,False,False,ORI,False,False,LKSDB-1,T_LKSDB-1
BOALF,2026-09-11,40,40,2026-09-11T18:31:00Z,2026-09-11T18:32:00Z,76,99,56312,2026-09-11T18:18:00Z,False,False,ORI,False,False,LKSDB-1,T_LKSDB-1
BOALF,2026-09-11,40,40,2026-09-11T18:30:00Z,2026-09-11T18:37:00Z,0,0,56315,2026-09-11T18:27:00Z,False,False,ORI,False,False,LKSDB-1,T_LKSDB-1
BOALF,2026-09-11,40,40,2026-09-11T18:30:00Z,2026-09-11T18:32:00Z,50,50,56313,2026-09-11T18:23:00Z,False,False,ORI,False,False,LKSDB-1,T_LKSDB-1
BOALF,2026-09-11,40,40,2026-09-11T18:30:00Z,2026-09-11T18:31:00Z,76,76,56312,2026-09-11T18:18:00Z,False,False,ORI,False,False,LKSDB-1,T_LKSDB-1
BOALF,2026-09-11,39,40,2026-09-11T18:29:00Z,2026-09-11T18:30:00Z,76,50,56313,2026-09-11T18:23:00Z,False,False,ORI,False,False,LKSDB-1,T_LKSDB-1
BOALF,2026-09-11,39,40,2026-09-11T18:29:00Z,2026-09-11T18:30:00Z,1,0,56315,2026-09-11T18:27:00Z,False,False,ORI,False,False,LKSDB-1,T_LKSDB-1
BOALF,2026-09-11,39,40,2026-09-11T18:27:00Z,2026-09-11T18:37:00Z,1,1,56314,2026-09-11T18:25:00Z,False,False,ORI,False,False,LKSDB-1,T_LKSDB-1
BOALF,2026-09-11,39,39,2026-09-11T18:26:00Z,2026-09-11T18:27:00Z,76,1,56314,2026-09-11T18:25:00Z,False,False,ORI,False,False,LKSDB-1,T_LKSDB-1
BOALF,2026-09-11,39,39,2026-09-11T18:18:00Z,2026-09-11T18:19:00Z,0,76,56311,2026-09-11T18:13:00Z,False,False,ORI,False,False,LKSDB-1,T_LKSDB-1
BOALF,2026-09-11,39,39,2026-09-11T18:17:00Z,2026-09-11T18:18:00Z,0,76,56310,2026-09-11T17:59:00Z,False,False,ORI,False,False,LKSDB-1,T_LKSDB-1
BOALF,2026-09-11,39,39,2026-09-11T18:17:00Z,2026-09-11T18:18:00Z,0,0,56311,2026-09-11T18:13:00Z,False,False,ORI,False,False,LKSDB-1,T_LKSDB-1
BOALF,2026-09-11,39,39,2026-09-11T18:15:00Z,2026-09-11T18:17:00Z,0,0,56310,2026-09-11T17:59:00Z,False,False,ORI,False,False,LKSDB-1,T_LKSDB-1
BOALF,2026-09-11,39,39,2026-09-11T18:15:00Z,2026-09-11T18:16:00Z,0,76,56309,2026-09-11T17:50:00Z,False,False,ORI,False,False,LKSDB-1,T_LKSDB-1
BOALF,2026-09-11,39,39,2026-09-11T18:04:00Z,2026-09-11T18:15:00Z,0,0,56309,2026-09-11T17:50:00Z,False,False,ORI,False,False,LKSDB-1,T_LKSDB-1
BOALF,2026-09-11,39,39,2026-09-11T18:03:00Z,2026-09-11T18:04:00Z,55,76,56308,2026-09-11T17:49:00Z,False,False,ORI,False,False,LKSDB-1,T_LKSDB-1
BOALF,2026-09-11,39,39,2026-09-11T18:03:00Z,2026-09-11T18:04:00Z,55,0,56309,2026-09-11T17:50:00Z,False,False,ORI,False,False,LKSDB-1,T_LKSDB-1
BOALF,2026-09-11,39,39,2026-09-11T18:01:00Z,2026-09-11T18:03:00Z,55,55,56308,2026-09-11T17:49:00Z,False,False,ORI,False,False,LKSDB-1,T_LKSDB-1
BOALF,2026-09-11,39,39,2026-09-11T18:00:00Z,2026-09-11T18:01:00Z,0,76,56307,2026-09-11T17:46:00Z,False,False,ORI,False,False,LKSDB-1,T_LKSDB-1
BOALF,2026-09-11,39,39,2026-09-11T18:00:00Z,2026-09-11T18:01:00Z,0,55,56308,2026-09-11T17:49:00Z,False,False,ORI,False,False,LKSDB-1,T_LKSDB-1
BOALF,2026-09-11,38,39,2026-09-11T17:56:00Z,2026-09-11T18:00:00Z,0,0,56307,2026-09-11T17:46:00Z,False,False,ORI,False,False,LKSDB-1,T_LKSDB-1
BOALF,2026-09-11,38,38,2026-09-11T17:56:00Z,2026-09-11T17:57:00Z,0,40,56306,2026-09-11T17:42:00Z,False,False,ORI,False,False,LKSDB-1,T_LKSDB-1
BOALF,2026-09-11,38,38,2026-09-11T17:53:00Z,2026-09-11T17:56:00Z,0,0,56306,2026-09-11T17:42:00Z,False,False,ORI,False,False,LKSDB-1,T_LKSDB-1
BOALF,2026-09-11,38,38,2026-09-11T17:53:00Z,2026-09-11T17:54:00Z,0,40,56305,2026-09-11T17:38:00Z,False,False,ORI,False,False,LKSDB-1,T_LKSDB-1
BOALF,2026-09-11,38,38,2026-09-11T17:51:00Z,2026-09-11T17:53:00Z,0,0,56305,2026-09-11T17:38:00Z,False,False,ORI,False,False,LKSDB-1,T_LKSDB-1
BOALF,2026-09-11,38,38,2026-09-11T17:51:00Z,2026-09-11T17:52:00Z,0,40,56304,2026-09-11T17:33:00Z,False,False,ORI,False,False,LKSDB-1,T_LKSDB-1
BOALF,2026-09-11,38,38,2026-09-11T17:44:00Z,2026-09-11T17:51:00Z,0,0,56304,2026-09-11T17:33:00Z,False,False,ORI,False,False,LKSDB-1,T_LKSDB-1
BOALF,2026-09-11,38,38,2026-09-11T17:44:00Z,2026-09-11T17:45:00Z,0,40,56303,2026-09-11T17:27:00Z,False,False,ORI,False,False,LKSDB-1,T_LKSDB-1
BOALF,2026-09-11,38,38,2026-09-11T17:31:00Z,2026-09-11T17:44:00Z,0,0,56303,2026-09-11T17:27:00Z,False,False,ORI,False,False,LKSDB-1,T_LKSDB-1
BOALF,2026-09-11,38,38,2026-09-11T17:31:00Z,2026-09-11T17:32:00Z,0,40,56300,2026-09-11T17:15:00Z,False,False,ORI,False,False,LKSDB-1,T_LKSDB-1
BOALF,2026-09-11,38,38,2026-09-11T17:30:00Z,2026-09-11T17:31:00Z,0,0,56300,2026-09-11T17:15:00Z,False,False,ORI,False,False,LKSDB-1,T_LKSDB-1
BOALF,2026-09-11,38,38,2026-09-11T17:30:00Z,2026-09-11T17:31:00Z,-10,0,56302,2026-09-11T17:24:00Z,False,False,ORI,False,False,LKSDB-1,T_LKSDB-1
BOALF,2026-09-11,37,38,2026-09-11T17:29:00Z,2026-09-11T17:30:00Z,-10,0,56301,2026-09-11T17:21:00Z,False,False,ORI,False,False,LKSDB-1,T_LKSDB-1
BOALF,2026-09-11,37,38,2026-09-11T17:29:00Z,2026-09-11T17:30:00Z,-10,-10,56302,2026-09-11T17:24:00Z,False,False,ORI,False,False,LKSDB-1,T_LKSDB-1
BOALF,2026-09-11,37,37,2026-09-11T17:28:00Z,2026-09-11T17:29:00Z,-10,0,56299,2026-09-11T17:06:00Z,False,False,ORI,False,False,LKSDB-1,T_LKSDB-1
BOALF,2026-09-11,37,37,2026-09-11T17:28:00Z,2026-09-11T17:29:00Z,-10,-10,56301,2026-09-11T17:21:00Z,False,False,ORI,False,False,LKSDB-1,T_LKSDB-1
BOALF,2026-09-11,37,37,2026-09-11T17:22:00Z,2026-09-11T17:28:00Z,-10,-10,56299,2026-09-11T17:06:00Z,False,False,ORI,False,False,LKSDB-1,T_LKSDB-1
BOALF,2026-09-11,37,37,2026-09-11T17:21:00Z,2026-09-11T17:22:00Z,-7,0,56298,2026-09-11T17:05:00Z,False,False,ORI,False,False,LKSDB-1,T_LKSDB-1
BOALF,2026-09-11,37,37,2026-09-11T17:21:00Z,2026-09-11T17:22:00Z,-7,-10,56299,2026-09-11T17:06:00Z,False,False,ORI,False,False,LKSDB-1,T_LKSDB-1
BOALF,2026-09-11,37,37,2026-09-11T17:19:00Z,2026-09-11T17:21:00Z,-7,-7,56298,2026-09-11T17:05:00Z,False,False,ORI,False,False,LKSDB-1,T_LKSDB-1
BOALF,2026-09-11,37,37,2026-09-11T17:18:00Z,2026-09-11T17:19:00Z,-10,0,56297,2026-09-11T17:04:00Z,False,False,ORI,False,False,LKSDB-1,T_LKSDB-1
BOALF,2026-09-11,37,37,2026-09-11T17:18:00Z,2026-09-11T17:19:00Z,-10,-7,56298,2026-09-11T17:05:00Z,False,False,ORI,False,False,LKSDB-1,T_LKSDB-1
BOALF,2026-09-11,37,37,2026-09-11T17:16:00Z,2026-09-11T17:18:00Z,-10,-10,56297,2026-09-11T17:04:00Z,False,False,ORI,False,False,LKSDB-1,T_LKSDB-1
BOALF,2026-09-11,37,37,2026-09-11T17:16:00Z,2026-09-11T17:17:00Z,-10,0,56296,2026-09-11T16:56:00Z,False,False,ORI,False,False,LKSDB-1,T_LKSDB-1
BOALF,2026-09-11,37,37,2026-09-11T17:02:00Z,2026-09-11T17:16:00Z,-10,-10,56296,2026-09-11T16:56:00Z,False,False,ORI,False,False,LKSDB-1,T_LKSDB-1
BOALF,2026-09-11,37,37,2026-09-11T17:02:00Z,2026-09-11T17:03:00Z,-10,0,56294,2026-09-11T16:49:00Z,False,False,ORI,False,False,LKSDB-1,T_LKSDB-1
BOALF,2026-09-11,37,37,2026-09-11T17:00:00Z,2026-09-11T17:02:00Z,-10,-10,56294,2026-09-11T16:49:00Z,False,False,ORI,False,False,LKSDB-1,T_LKSDB-1
BOALF,2026-09-11,36,37,2026-09-11T16:59:00Z,2026-09-11T17:00:00Z,0,-10,56294,2026-09-11T16:49:00Z,False,False,ORI,False,False,LKSDB-1,T_LKSDB-1
BOALF,2026-09-11,36,37,2026-09-11T16:59:00Z,2026-09-11T17:00:00Z,-10,-10,56295,2026-09-11T16:55:00Z,False,False,ORI,False,False,LKSDB-1,T_LKSDB-1
BOALF,2026-09-11,36,36,2026-09-11T16:58:00Z,2026-09-11T16:59:00Z,0,-10,56295,2026-09-11T16:55:00Z,False,False,ORI,False,False,LKSDB-1,T_LKSDB-1
BOALF,2026-09-11,36,36,2026-09-11T16:53:00Z,2026-09-11T16:54:00Z,-10,0,56293,2026-09-11T16:38:00Z,False,False,ORI,False,False,LKSDB-1,T_LKSDB-1
BOALF,2026-09-11,36,36,2026-09-11T16:51:00Z,2026-09-11T16:53:00Z,-10,-10,56293,2026-09-11T16:38:00Z,False,False,ORI,False,False,LKSDB-1,T_LKSDB-1
BOALF,2026-09-11,36,36,2026-09-11T16:51:00Z,2026-09-11T16:52:00Z,-10,0,56292,2026-09-11T16:33:00Z,False,False,ORI,False,False,LKSDB-1,T_LKSDB-1
BOALF,2026-09-11,36,36,2026-09-11T16:42:00Z,2026-09-11T16:51:00Z,-10,-10,56292,2026-09-11T16:33:00Z,False,False,ORI,False,False,LKSDB-1,T_LKSDB-1
BOALF,2026-09-11,36,36,2026-09-11T16:42:00Z,2026-09-11T16:43:00Z,-10,0,56291,2026-09-11T16:31:00Z,False,False,ORI,False,False,LKSDB-1,T_LKSDB-1
BOALF,2026-09-11,36,36,2026-09-11T16:38:00Z,2026-09-11T16:42:00Z,-10,-10,56291,2026-09-11T16:31:00Z,False,False,ORI,False,False,LKSDB-1,T_LKSDB-1
BOALF,2026-09-11,36,36,2026-09-11T16:37:00Z,2026-09-11T16:38:00Z,0,-10,56291,2026-09-11T16:31:00Z,False,False,ORI,False,False,LKSDB-1,T_LKSDB-1
BOALF,2026-09-11,36,36,2026-09-11T16:32:00Z,2026-09-11T16:33:00Z,-10,0,56289,2026-09-11T16:14:00Z,False,False,ORI,False,False,LKSDB-1,T_LKSDB-1
BOALF,2026-09-11,36,36,2026-09-11T16:30:00Z,2026-09-11T16:32:00Z,-10,-10,56289,2026-09-11T16:14:00Z,False,False,ORI,False,False,LKSDB-1,T_LKSDB-1
BOALF,2026-09-11,35,36,2026-09-11T16:29:00Z,2026-09-11T16:30:00Z,0,-10,56289,2026-09-11T16:14:00Z,False,False,ORI,False,False,LKSDB-1,T_LKSDB-1
BOALF,2026-09-11,35,36,2026-09-11T16:29:00Z,2026-09-11T16:30:00Z,18,0,56290,2026-09-11T16:21:00Z,False,False,ORI,False,False,LKSDB-1,T_LKSDB-1
BOALF,2026-09-11,35,35,2026-09-11T16:26:00Z,2026-09-11T16:29:00Z,18,18,56290,2026-09-11T16:21:00Z,False,False,ORI,False,False,LKSDB-1,T_LKSDB-1
BOALF,2026-09-11,35,35,2026-09-11T16:25:00Z,2026-09-11T16:26:00Z,0,18,56290,2026-09-11T16:21:00Z,False,False,ORI,False,False,LKSDB-1,T_LKSDB-1
BOALF,2026-09-11,35,35,2026-09-11T16:10:00Z,2026-09-11T16:11:00Z,-10,0,56288,2026-09-11T15:53:00Z,False,False,ORI,False,False,LKSDB-1,T_LKSDB-1
BOALF,2026-09-11,35,35,2026-09-11T16:09:00Z,2026-09-11T16:10:00Z,-10,0,56286,2026-09-11T15:48:00Z,False,False,ORI,False,False,LKSDB-1,T_LKSDB-1
BOALF,2026-09-11,35,35,2026-09-11T16:09:00Z,2026-09-11T16:10:00Z,-10,-10,56288,2026-09-11T15:53:00Z,False,False,ORI,False,False,LKSDB-1,T_LKSDB-1
BOALF,2026-09-11,35,35,2026-09-11T16:04:00Z,2026-09-11T16:09:00Z,-10,-10,56286,2026-09-11T15:48:00Z,False,False,ORI,False,False,LKSDB-1,T_LKSDB-1
BOALF,2026-09-11,35,35,2026-09-11T16:04:00Z,2026-09-11T16:05:00Z,-1,0,56285,2026-09-11T15:45:00Z,False,False,ORI,False,False,LKSDB-1,T_LKSDB-1
BOALF,2026-09-11,35,35,2026-09-11T16:03:00Z,2026-09-11T16:04:00Z,-1,-10,56286,2026-09-11T15:48:00Z,False,False,ORI,False,False,LKSDB-1,T_LKSDB-1
BOALF,2026-09-11,35,35,2026-09-11T16:03:00Z,2026-09-11T16:04:00Z,-10,-10,56287,2026-09-11T15:50:00Z,False,False,ORI,False,False,LKSDB-1,T_LKSDB-1
BOALF,2026-09-11,35,35,2026-09-11T16:02:00Z,2026-09-11T16:03:00Z,-1,-10,56287,2026-09-11T15:50:00Z,False,False,ORI,False,False,LKSDB-1,T_LKSDB-1
BOALF,2026-09-11,35,35,2026-09-11T16:00:00Z,2026-09-11T16:04:00Z,-1,-1,56285,2026-09-11T15:45:00Z,False,False,ORI,False,False,LKSDB-1,T_LKSDB-1
BOALF,2026-09-11,34,35,2026-09-11T15:59:00Z,2026-09-11T16:00:00Z,-10,-1,56285,2026-09-11T15:45:00Z,False,False,ORI,False,False,LKSDB-1,T_LKSDB-1
BOALF,2026-09-11,31,31,2026-09-11T14:10:00Z,2026-09-11T14:11:00Z,-11,-10,56284,2026-09-11T13:51:00Z,False,False,ORI,False,False,LKSDB-1,T_LKSDB-1
BOALF,2026-09-11,31,31,2026-09-11T14:04:00Z,2026-09-11T14:10:00Z,-11,-11,56284,2026-09-11T13:51:00Z,False,False,ORI,False,False,LKSDB-1,T_LKSDB-1
BOALF,2026-09-11,31,31,2026-09-11T14:04:00Z,2026-09-11T14:05:00Z,-11,-10,56283,2026-09-11T13:50:00Z,False,False,ORI,False,False,LKSDB-1,T_LKSDB-1
BOALF,2026-09-11,31,31,2026-09-11T14:02:00Z,2026-09-11T14:04:00Z,-11,-11,56283,2026-09-11T13:50:00Z,False,False,ORI,False,False,LKSDB-1,T_LKSDB-1
BOALF,2026-09-11,31,31,2026-09-11T14:02:00Z,2026-09-11T14:03:00Z,-11,-10,56282,2026-09-11T13:48:00Z,False,False,ORI,False,False,LKSDB-1,T_LKSDB-1
BOALF,2026-09-11,31,31,2026-09-11T14:00:00Z,2026-09-11T14:02:00Z,-11,-11,56282,2026-09-11T13:48:00Z,False,False,ORI,False,False,LKSDB-1,T_LKSDB-1
BOALF,2026-09-11,30,31,2026-09-11T13:59:00Z,2026-09-11T14:00:00Z,-74,-10,56281,2026-09-11T13:42:00Z,False,False,ORI,False,False,LKSDB-1,T_LKSDB-1
BOALF,2026-09-11,30,31,2026-09-11T13:59:00Z,2026-09-11T14:00:00Z,-74,-11,56282,2026-09-11T13:48:00Z,False,False,ORI,False,False,LKSDB-1,T_LKSDB-1
BOALF,2026-09-11,30,30,2026-09-11T13:52:00Z,2026-09-11T13:59:00Z,-74,-74,56281,2026-09-11T13:42:00Z,False,False,ORI,False,False,LKSDB-1,T_LKSDB-1
BOALF,2026-09-11,30,30,2026-09-11T13:52:00Z,2026-09-11T13:53:00Z,-74,-72,56280,2026-09-11T13:38:00Z,False,False,ORI,False,False,LKSDB-1,T_LKSDB-1
BOALF,2026-09-11,30,30,2026-09-11T13:45:00Z,2026-09-11T13:52:00Z,-74,-74,56280,2026-09-11T13:38:00Z,False,False,ORI,False,False,LKSDB-1,T_LKSDB-1
BOALF,2026-09-11,30,30,2026-09-11T13:45:00Z,2026-09-11T13:46:00Z,-74,-72,56279,2026-09-11T13:30:00Z,False,False,ORI,False,False,LKSDB-1,T_LKSDB-1
BOALF,2026-09-11,30,30,2026-09-11T13:34:00Z,2026-09-11T13:45:00Z,-74,-74,56279,2026-09-11T13:30:00Z,False,False,ORI,False,False,LKSDB-1,T_LKSDB-1
BOALF,2026-09-11,30,30,2026-09-11T13:33:00Z,2026-09-11T13:34:00Z,-72,-74,56279,2026-09-11T13:30:00Z,False,False,ORI,False,False,LKSDB-1,T_LKSDB-1
BOALF,2026-09-11,29,30,2026-09-11T13:29:00Z,2026-09-11T13:30:00Z,-74,-54,56277,2026-09-11T13:17:00Z,False,False,ORI,False,False,LKSDB-1,T_LKSDB-1
BOALF,2026-09-11,29,29,2026-09-11T13:27:00Z,2026-09-11T13:29:00Z,-74,-74,56277,2026-09-11T13:17:00Z,False,False,ORI,False,False,LKSDB-1,T_LKSDB-1
BOALF,2026-09-11,29,29,2026-09-11T13:26:00Z,2026-09-11T13:27:00Z,-62,-54,56276,2026-09-11T13:16:00Z,False,False,ORI,False,False,LKSDB-1,T_LKSDB-1
BOALF,2026-09-11,29,29,2026-09-11T13:26:00Z,2026-09-11T13:27:00Z,-62,-74,56277,2026-09-11T13:17:00Z,False,False,ORI,False,False,LKSDB-1,T_LKSDB-1
BOALF,2026-09-11,29,29,2026-09-11T13:24:00Z,2026-09-11T13:26:00Z,-62,-62,56276,2026-09-11T13:16:00Z,False,False,ORI,False,False,LKSDB-1,T_LKSDB-1
BOALF,2026-09-11,29,29,2026-09-11T13:23:00Z,2026-09-11T13:27:00Z,-74,-74,56278,2026-09-11T13:18:00Z,False,False,ORI,False,False,LKSDB-1,T_LKSDB-1
BOALF,2026-09-11,29,29,2026-09-11T13:23:00Z,2026-09-11T13:24:00Z,-74,-54,56275,2026-09-11T13:15:00Z,False,False,ORI,False,False,LKSDB-1,T_LKSDB-1
BOALF,2026-09-11,29,29,2026-09-11T13:23:00Z,2026-09-11T13:24:00Z,-74,-62,56276,2026-09-11T13:16:00Z,False,False,ORI,False,False,LKSDB-1,T_LKSDB-1
BOALF,2026-09-11,29,29,2026-09-11T13:21:00Z,2026-09-11T13:23:00Z,-74,-74,56275,2026-09-11T13:15:00Z,False,False,ORI,False,False,LKSDB-1,T_LKSDB-1
BOALF,2026-09-11,29,29,2026-09-11T13:21:00Z,2026-09-11T13:22:00Z,-74,-54,56274,2026-09-11T13:05:00Z,False,False,ORI,False,False,LKSDB-1,T_LKSDB-1
BOALF,2026-09-11,29,29,2026-09-11T13:12:00Z,2026-09-11T13:21:00Z,-74,-74,56274,2026-09-11T13:05:00Z,False,False,ORI,False,False,LKSDB-1,T_LKSDB-1
BOALF,2026-09-11,29,29,2026-09-11T13:12:00Z,2026-09-11T13:13:00Z,-74,-54,56273,2026-09-11T12:56:00Z,False,False,ORI,False,False,LKSDB-1,T_LKSDB-1
BOALF,2026-09-11,29,29,2026-09-11T13:06:00Z,2026-09-11T13:07:00Z,-67,-54,56272,2026-09-11T12:54:00Z,False,False,ORI,False,False,LKSDB-1,T_LKSDB-1
BOALF,2026-09-11,29,29,2026-09-11T13:01:00Z,2026-09-11T13:12:00Z,-74,-74,56273,2026-09-11T12:56:00Z,False,False,ORI,False,False,LKSDB-1,T_LKSDB-1
BOALF,2026-09-11,29,29,2026-09-11T13:01:00Z,2026-09-11T13:06:00Z,-67,-67,56272,2026-09-11T12:54:00Z,False,False,ORI,False,False,LKSDB-1,T_LKSDB-1
BOALF,2026-09-11,29,29,2026-09-11T13:00:00Z,2026-09-11T13:01:00Z,-52,-67,56272,2026-09-11T12:54:00Z,False,False,ORI,False,False,LKSDB-1,T_LKSDB-1
BOALF,2026-09-11,29,29,2026-09-11T13:00:00Z,2026-09-11T13:01:00Z,-52,-74,56273,2026-09-11T12:56:00Z,False,False,ORI,False,False,LKSDB-1,T_LKSDB-1
BOALF,2026-09-11,28,28,2026-09-11T12:57:00Z,2026-09-11T12:58:00Z,-74,-52,56271,2026-09-11T12:48:00Z,False,False,ORI,False,False,LKSDB-1,T_LKSDB-1
BOALF,2026-09-11,28,28,2026-09-11T12:55:00Z,2026-09-11T12:57:00Z,-74,-74,56271,2026-09-11T12:48:00Z,False,False,ORI,False,False,LKSDB-1,T_LKSDB-1
BOALF,2026-09-11,28,28,2026-09-11T12:54:00Z,2026-09-11T12:55:00Z,-52,-74,56271,2026-09-11T12:48:00Z,False,False,ORI,False,False,LKSDB-1,T_LKSDB-1
BOALF,2026-09-11,27,27,2026-09-11T12:24:00Z,2026-09-11T12:25:00Z,0,-47,56270,2026-09-11T12:15:00Z,False,False,ORI,False,False,LKSDB-1,T_LKSDB-1
BOALF,2026-09-11,27,27,2026-09-11T12:18:00Z,2026-09-11T12:24:00Z,0,0,56270,2026-09-11T12:15:00Z,False,False,ORI,False,False,LKSDB-1,T_LKSDB-1
BOALF,2026-09-11,27,27,2026-09-11T12:18:00Z,2026-09-11T12:19:00Z,0,-47,56268,2026-09-11T12:06:00Z,False,False,ORI,False,False,LKSDB-1,T_LKSDB-1
BOALF,2026-09-11,27,27,2026-09-11T12:15:00Z,2026-09-11T12:18:00Z,0,0,56268,2026-09-11T12:06:00Z,False,False,ORI,False,False,LKSDB-1,T_LKSDB-1
BOALF,2026-09-11,27,27,2026-09-11T12:14:00Z,2026-09-11T12:15:00Z,-47,0,56268,2026-09-11T12:06:00Z,False,False,ORI,False,False,LKSDB-1,T_LKSDB-1
BOALF,2026-09-11,27,27,2026-09-11T12:11:00Z,2026-09-11T12:15:00Z,0,0,56269,2026-09-11T12:07:00Z,False,False,ORI,False,False,LKSDB-1,T_LKSDB-1
BOALF,2026-09-11,27,27,2026-09-11T12:11:00Z,2026-09-11T12:12:00Z,0,-47,56267,2026-09-11T12:00:00Z,False,False,ORI,False,False,LKSDB-1,T_LKSDB-1
BOALF,2026-09-11,27,27,2026-09-11T12:10:00Z,2026-09-11T12:11:00Z,0,-47,56266,2026-09-11T11:59:00Z,False,False,ORI,False,False,LKSDB-1,T_LKSDB-1
BOALF,2026-09-11,27,27,2026-09-11T12:10:00Z,2026-09-11T12:11:00Z,0,0,56267,2026-09-11T12:00:00Z,False,False,ORI,False,False,LKSDB-1,T_LKSDB-1
BOALF,2026-09-11,27,27,2026-09-11T12:04:00Z,2026-09-11T12:10:00Z,0,0,56266,2026-09-11T11:59:00Z,False,False,ORI,False,False,LKSDB-1,T_LKSDB-1
BOALF,2026-09-11,27,27,2026-09-11T12:04:00Z,2026-09-11T12:05:00Z,0,-47,56265,2026-09-11T11:54:00Z,False,False,ORI,False,False,LKSDB-1,T_LKSDB-1
BOALF,2026-09-11,27,27,2026-09-11T12:00:00Z,2026-09-11T12:04:00Z,0,0,56265,2026-09-11T11:54:00Z,False,False,ORI,False,False,LKSDB-1,T_LKSDB-1
BOALF,2026-09-11,27,27,2026-09-11T12:00:00Z,2026-09-11T12:01:00Z,0,-47,56264,2026-09-11T11:48:00Z,False,False,ORI,False,False,LKSDB-1,T_LKSDB-1
BOALF,2026-09-11,26,27,2026-09-11T11:54:00Z,2026-09-11T12:00:00Z,0,0,56264,2026-09-11T11:48:00Z,False,False,ORI,False,False,LKSDB-1,T_LKSDB-1
BOALF,2026-09-11,26,26,2026-09-11T11:54:00Z,2026-09-11T11:55:00Z,0,-50,56262,2026-09-11T11:42:00Z,False,False,ORI,False,False,LKSDB-1,T_LKSDB-1
BOALF,2026-09-11,26,26,2026-09-11T11:52:00Z,2026-09-11T11:53:00Z,-8,-50,56261,2026-09-11T11:39:00Z,False,False,ORI,False,False,LKSDB-1,T_LKSDB-1
BOALF,2026-09-11,26,26,2026-09-11T11:51:00Z,2026-09-11T11:52:00Z,-8,-8,56261,2026-09-11T11:39:00Z,False,False,ORI,False,False,LKSDB-1,T_LKSDB-1
BOALF,2026-09-11,26,26,2026-09-11T11:51:00Z,2026-09-11T11:52:00Z,6,0,56263,2026-09-11T11:44:00Z,False,False,ORI,False,False,LKSDB-1,T_LKSDB-1
BOALF,2026-09-11,26,26,2026-09-11T11:50:00Z,2026-09-11T11:54:00Z,0,0,56262,2026-09-11T11:42:00Z,False,False,ORI,False,False,LKSDB-1,T_LKSDB-1
BOALF,2026-09-11,26,26,2026-09-11T11:50:00Z,2026-09-11T11:51:00Z,0,-8,56261,2026-09-11T11:39:00Z,False,False,ORI,False,False,LKSDB-1,T_LKSDB-1
BOALF,2026-09-11,26,26,2026-09-11T11:49:00Z,2026-09-11T11:51:00Z,6,6,56263,2026-09-11T11:44:00Z,False,False,ORI,False,False,LKSDB-1,T_LKSDB-1
BOALF,2026-09-11,26,26,2026-09-11T11:49:00Z,2026-09-11T11:50:00Z,6,0,56260,2026-09-11T11:38:00Z,False,False,ORI,False,False,LKSDB-1,T_LKSDB-1
BOALF,2026-09-11,26,26,2026-09-11T11:43:00Z,2026-09-11T11:49:00Z,6,6,56260,2026-09-11T11:38:00Z,False,False,ORI,False,False,LKSDB-1,T_LKSDB-1
BOALF,2026-09-11,26,26,2026-09-11T11:43:00Z,2026-09-11T11:44:00Z,6,0,56259,2026-09-11T11:30:00Z,False,False,ORI,False,False,LKSDB-1,T_LKSDB-1
BOALF,2026-09-11,26,26,2026-09-11T11:42:00Z,2026-09-11T11:43:00Z,0,-50,56257,2026-09-11T11:23:00Z,False,False,ORI,False,False,LKSDB-1,T_LKSDB-1
BOALF,2026-09-11,26,26,2026-09-11T11:39:00Z,2026-09-11T11:43:00Z,6,6,56259,2026-09-11T11:30:00Z,False,False,ORI,False,False,LKSDB-1,T_LKSDB-1
BOALF,2026-09-11,26,26,2026-09-11T11:39:00Z,2026-09-11T11:40:00Z,6,0,56258,2026-09-11T11:24:00Z,False,False,ORI,False,False,LKSDB-1,T_LKSDB-1
BOALF,2026-09-11,26,26,2026-09-11T11:35:00Z,2026-09-11T11:42:00Z,0,0,56257,2026-09-11T11:23:00Z,False,False,ORI,False,False,LKSDB-1,T_LKSDB-1
BOALF,2026-09-11,26,26,2026-09-11T11:35:00Z,2026-09-11T11:36:00Z,0,-50,56255,2026-09-11T11:17:00Z,False,False,ORI,False,False,LKSDB-1,T_LKSDB-1
BOALF,2026-09-11,26,26,2026-09-11T11:33:00Z,2026-09-11T11:35:00Z,0,0,56255,2026-09-11T11:17:00Z,False,False,ORI,False,False,LKSDB-1,T_LKSDB-1
BOALF,2026-09-11,26,26,2026-09-11T11:32:00Z,2026-09-11T11:39:00Z,6,6,56258,2026-09-11T11:24:00Z,False,False,ORI,False,False,LKSDB-1,T_LKSDB-1
BOALF,2026-09-11,26,26,2026-09-11T11:32:00Z,2026-09-11T11:33:00Z,-50,0,56255,2026-09-11T11:17:00Z,False,False,ORI,False,False,LKSDB-1,T_LKSDB-1
BOALF,2026-09-11,26,26,2026-09-11T11:32:00Z,2026-09-11T11:33:00Z,6,0,56256,2026-09-11T11:19:00Z,False,False,ORI,False,False,LKSDB-1,T_LKSDB-1
BOALF,2026-09-11,25,26,2026-09-11T11:29:00Z,2026-09-11T11:32:00Z,6,6,56256,2026-09-11T11:19:00Z,False,False,ORI,False,False,LKSDB-1,T_LKSDB-1
BOALF,2026-09-11,25,26,2026-09-11T11:29:00Z,2026-09-11T11:30:00Z,6,0,56254,2026-09-11T11:13:00Z,False,False,ORI,False,False,LKSDB-1,T_LKSDB-1
BOALF,2026-09-11,25,25,2026-09-11T11:19:00Z,2026-09-11T11:29:00Z,6,6,56254,2026-09-11T11:13:00Z,False,False,ORI,False,False,LKSDB-1,T_LKSDB-1
BOALF,2026-09-11,25,25,2026-09-11T11:19:00Z,2026-09-11T11:20:00Z,0,-50,56252,2026-09-11T11:05:00Z,False,False,ORI,False,False,LKSDB-1,T_LKSDB-1
BOALF,2026-09-11,25,25,2026-09-11T11:19:00Z,2026-09-11T11:20:00Z,6,0,56253,2026-09-11T11:11:00Z,False,False,ORI,False,False,LKSDB-1,T_LKSDB-1
BOALF,2026-09-11,25,25,2026-09-11T11:14:00Z,2026-09-11T11:19:00Z,6,6,56253,2026-09-11T11:11:00Z,False,False,ORI,False,False,LKSDB-1,T_LKSDB-1
BOALF,2026-09-11,25,25,2026-09-11T11:13:00Z,2026-09-11T11:14:00Z,0,6,56253,2026-09-11T11:11:00Z,False,False,ORI,False,False,LKSDB-1,T_LKSDB-1
BOALF,2026-09-11,25,25,2026-09-11T11:08:00Z,2026-09-11T11:19:00Z,0,0,56252,2026-09-11T11:05:00Z,False,False,ORI,False,False,LKSDB-1,T_LKSDB-1
BOALF,2026-09-11,25,25,2026-09-11T11:08:00Z,2026-09-11T11:09:00Z,0,-50,56251,2026-09-11T11:00:00Z,False,False,ORI,False,False,LKSDB-1,T_LKSDB-1
BOALF,2026-09-11,25,25,2026-09-11T11:06:00Z,2026-09-11T11:08:00Z,0,0,56251,2026-09-11T11:00:00Z,False,False,ORI,False,False,LKSDB-1,T_LKSDB-1
BOALF,2026-09-11,25,25,2026-09-11T11:05:00Z,2026-09-11T11:06:00Z,-50,0,56251,2026-09-11T11:00:00Z,False,False,ORI,False,False,LKSDB-1,T_LKSDB-1
BOALF,2026-09-11,24,24,2026-09-11T10:56:00Z,2026-09-11T10:57:00Z,5,0,56250,2026-09-11T10:50:00Z,False,False,ORI,False,False,LKSDB-1,T_LKSDB-1
BOALF,2026-09-11,24,24,2026-09-11T10:52:00Z,2026-09-11T10:56:00Z,5,5,56250,2026-09-11T10:50:00Z,False,False,ORI,False,False,LKSDB-1,T_LKSDB-1
BOALF,2026-09-11,24,24,2026-09-11T10:52:00Z,2026-09-11T10:53:00Z,5,0,56249,2026-09-11T10:48:00Z,False,False,ORI,False,False,LKSDB-1,T_LKSDB-1
BOALF,2026-09-11,24,24,2026-09-11T10:51:00Z,2026-09-11T10:52:00Z,5,0,56248,2026-09-11T10:35:00Z,False,False,ORI,False,False,LKSDB-1,T_LKSDB-1
BOALF,2026-09-11,24,24,2026-09-11T10:51:00Z,2026-09-11T10:52:00Z,5,5,56249,2026-09-11T10:48:00Z,False,False,ORI,False,False,LKSDB-1,T_LKSDB-1
BOALF,2026-09-11,24,24,2026-09-11T10:45:00Z,2026-09-11T10:51:00Z,5,5,56248,2026-09-11T10:35:00Z,False,False,ORI,False,False,LKSDB-1,T_LKSDB-1
BOALF,2026-09-11,24,24,2026-09-11T10:45:00Z,2026-09-11T10:46:00Z,5,0,56247,2026-09-11T10:32:00Z,False,False,ORI,False,False,LKSDB-1,T_LKSDB-1
BOALF,2026-09-11,24,24,2026-09-11T10:40:00Z,2026-09-11T10:45:00Z,5,5,56247,2026-09-11T10:32:00Z,False,False,ORI,False,False,LKSDB-1,T_LKSDB-1
BOALF,2026-09-11,24,24,2026-09-11T10:40:00Z,2026-09-11T10:41:00Z,5,0,56246,2026-09-11T10:29:00Z,False,False,ORI,False,False,LKSDB-1,T_LKSDB-1
BOALF,2026-09-11,24,24,2026-09-11T10:34:00Z,2026-09-11T10:40:00Z,5,5,56246,2026-09-11T10:29:00Z,False,False,ORI,False,False,LKSDB-1,T_LKSDB-1
BOALF,2026-09-11,24,24,2026-09-11T10:33:00Z,2026-09-11T10:34:00Z,0,5,56246,2026-09-11T10:29:00Z,False,False,ORI,False,False,LKSDB-1,T_LKSDB-1
BOALF,2026-09-11,23,24,2026-09-11T10:29:00Z,2026-09-11T10:30:00Z,2,0,56244,2026-09-11T10:18:00Z,False,False,ORI,False,False,LKSDB-1,T_LKSDB-1
BOALF,2026-09-11,23,24,2026-09-11T10:29:00Z,2026-09-11T10:30:00Z,5,0,56245,2026-09-11T10:20:00Z,False,False,ORI,False,False,LKSDB-1,T_LKSDB-1
BOALF,2026-09-11,23,23,2026-09-11T10:27:00Z,2026-09-11T10:29:00Z,2,2,56244,2026-09-11T10:18:00Z,False,False,ORI,False,False,LKSDB-1,T_LKSDB-1
BOALF,2026-09-11,23,23,2026-09-11T10:26:00Z,2026-09-11T10:27:00Z,0,2,56244,2026-09-11T10:18:00Z,False,False,ORI,False,False,LKSDB-1,T_LKSDB-1
BOALF,2026-09-11,23,23,2026-09-11T10:23:00Z,2026-09-11T10:29:00Z,5,5,56245,2026-09-11T10:20:00Z,False,False,ORI,False,False,LKSDB-1,T_LKSDB-1
BOALF,2026-09-11,23,23,2026-09-11T10:22:00Z,2026-09-11T10:23:00Z,0,5,56245,2026-09-11T10:20:00Z,False,False,ORI,False,False,LKSDB-1,T_LKSDB-1
BOALF,2026-09-11,17,17,2026-09-11T07:04:00Z,2026-09-11T07:05:00Z,2,0,56243,2026-09-11T07:02:00Z,False,False,ORI,False,False,LKSDB-1,T_LKSDB-1
BOALF,2026-09-11,17,17,2026-09-11T07:03:00Z,2026-09-11T07:04:00Z,2,0,56241,2026-09-11T06:49:00Z,False,False,ORI,False,False,LKSDB-1,T_LKSDB-1
BOALF,2026-09-11,17,17,2026-09-11T07:03:00Z,2026-09-11T07:04:00Z,2,2,56243,2026-09-11T07:02:00Z,False,False,ORI,False,False,LKSDB-1,T_LKSDB-1
BOALF,2026-09-11,17,17,2026-09-11T07:01:00Z,2026-09-11T07:03:00Z,2,2,56241,2026-09-11T06:49:00Z,False,False,ORI,False,False,LKSDB-1,T_LKSDB-1
BOALF,2026-09-11,17,17,2026-09-11T07:00:00Z,2026-09-11T07:01:00Z,0,2,56241,2026-09-11T06:49:00Z,False,False,ORI,False,False,LKSDB-1,T_LKSDB-1
BOALF,2026-09-11,16,17,2026-09-11T06:56:00Z,2026-09-11T07:01:00Z,2,2,56242,2026-09-11T06:55:00Z,False,False,ORI,False,False,LKSDB-1,T_LKSDB-1
BOALF,2026-09-11,16,16,2026-09-11T06:56:00Z,2026-09-11T06:57:00Z,2,0,56240,2026-09-11T06:45:00Z,False,False,ORI,False,False,LKSDB-1,T_LKSDB-1
BOALF,2026-09-11,16,16,2026-09-11T06:48:00Z,2026-09-11T06:56:00Z,2,2,56240,2026-09-11T06:45:00Z,False,False,ORI,False,False,LKSDB-1,T_LKSDB-1
BOALF,2026-09-11,16,16,2026-09-11T06:48:00Z,2026-09-11T06:49:00Z,2,0,56239,2026-09-11T06:35:00Z,False,False,ORI,False,False,LKSDB-1,T_LKSDB-1
BOALF,2026-09-11,16,16,2026-09-11T06:38:00Z,2026-09-11T06:48:00Z,2,2,56239,2026-09-11T06:35:00Z,False,False,ORI,False,False,LKSDB-1,T_LKSDB-1
BOALF,2026-09-11,16,16,2026-09-11T06:37:00Z,2026-09-11T06:38:00Z,0,2,56239,2026-09-11T06:35:00Z,False,False,ORI,False,False,LKSDB-1,T_LKSDB-1
BOALF,2026-09-11,16,16,2026-09-11T06:30:00Z,2026-09-11T06:31:00Z,7,0,56238,2026-09-11T06:16:00Z,False,False,ORI,False,False,LKSDB-1,T_LKSDB-1
BOALF,2026-09-11,15,16,2026-09-11T06:29:00Z,2026-09-11T06:30:00Z,7,0,56237,2026-09-11T06:15:00Z,False,False,ORI,False,False,LKSDB-1,T_LKSDB-1
BOALF,2026-09-11,15,16,2026-09-11T06:29:00Z,2026-09-11T06:30:00Z,7,7,56238,2026-09-11T06:16:00Z,False,False,ORI,False,False,LKSDB-1,T_LKSDB-1
BOALF,2026-09-11,15,15,2026-09-11T06:28:00Z,2026-09-11T06:29:00Z,7,0,56234,2026-09-11T06:11:00Z,False,False,ORI,False,False,LKSDB-1,T_LKSDB-1
BOALF,2026-09-11,15,15,2026-09-11T06:28:00Z,2026-09-11T06:29:00Z,7,7,56237,2026-09-11T06:15:00Z,False,False,ORI,False,False,LKSDB-1,T_LKSDB-1
BOALF,2026-09-11,15,15,2026-09-11T06:26:00Z,2026-09-11T06:28:00Z,7,7,56234,2026-09-11T06:11:00Z,False,False,ORI,False,False,LKSDB-1,T_LKSDB-1
BOALF,2026-09-11,15,15,2026-09-11T06:25:00Z,2026-09-11T06:26:00Z,0,7,56234,2026-09-11T06:11:00Z,False,False,ORI,False,False,LKSDB-1,T_LKSDB-1
BOALF,2026-09-11,15,15,2026-09-11T06:25:00Z,2026-09-11T06:26:00Z,7,7,56235,2026-09-11T06:12:00Z,False,False,ORI,False,False,LKSDB-1,T_LKSDB-1
BOALF,2026-09-11,15,15,2026-09-11T06:24:00Z,2026-09-11T06:25:00Z,0,7,56235,2026-09-11T06:12:00Z,False,False,ORI,False,False,LKSDB-1,T_LKSDB-1
BOALF,2026-09-11,15,15,2026-09-11T06:21:00Z,2026-09-11T06:25:00Z,7,7,56236,2026-09-11T06:13:00Z,False,False,ORI,False,False,LKSDB-1,T_LKSDB-1
BOALF,2026-09-11,15,15,2026-09-11T06:21:00Z,2026-09-11T06:22:00Z,7,0,56233,2026-09-11T06:09:00Z,False,False,ORI,False,False,LKSDB-1,T_LKSDB-1
BOALF,2026-09-11,15,15,2026-09-11T06:11:00Z,2026-09-11T06:21:00Z,7,7,56233,2026-09-11T06:09:00Z,False,False,ORI,False,False,LKSDB-1,T_LKSDB-1
BOALF,2026-09-11,15,15,2026-09-11T06:10:00Z,2026-09-11T06:11:00Z,0,7,56233,2026-09-11T06:09:00Z,False,False,ORI,False,False,LKSDB-1,T_LKSDB-1
BOALF,2026-09-11,14,14,2026-09-11T05:52:00Z,2026-09-11T05:53:00Z,72,0,56232,2026-09-11T05:41:00Z,False,False,ORI,False,False,LKSDB-1,T_LKSDB-1
BOALF,2026-09-11,14,14,2026-09-11T05:48:00Z,2026-09-11T05:52:00Z,72,72,56232,2026-09-11T05:41:00Z,False,False,ORI,False,False,LKSDB-1,T_LKSDB-1
BOALF,2026-09-11,14,14,2026-09-11T05:48:00Z,2026-09-11T05:49:00Z,72,0,56231,2026-09-11T05:27:00Z,False,False,ORI,False,False,LKSDB-1,T_LKSDB-1
BOALF,2026-09-11,14,14,2026-09-11T05:36:00Z,2026-09-11T05:48:00Z,72,72,56231,2026-09-11T05:27:00Z,False,False,ORI,False,False,LKSDB-1,T_LKSDB-1
BOALF,2026-09-11,14,14,2026-09-11T05:36:00Z,2026-09-11T05:37:00Z,72,0,56230,2026-09-11T05:24:00Z,False,False,ORI,False,False,LKSDB-1,T_LKSDB-1
BOALF,2026-09-11,14,14,2026-09-11T05:34:00Z,2026-09-11T05:36:00Z,72,72,56230,2026-09-11T05:24:00Z,False,False,ORI,False,False,LKSDB-1,T_LKSDB-1
BOALF,2026-09-11,14,14,2026-09-11T05:33:00Z,2026-09-11T05:34:00Z,3,0,56229,2026-09-11T05:23:00Z,False,False,ORI,False,False,LKSDB-1,T_LKSDB-1
BOALF,2026-09-11,14,14,2026-09-11T05:33:00Z,2026-09-11T05:34:00Z,3,72,56230,2026-09-11T05:24:00Z,False,False,ORI,False,False,LKSDB-1,T_LKSDB-1
BOALF,2026-09-11,14,14,2026-09-11T05:31:00Z,2026-09-11T05:33:00Z,3,3,56229,2026-09-11T05:23:00Z,False,False,ORI,False,False,LKSDB-1,T_LKSDB-1
BOALF,2026-09-11,14,14,2026-09-11T05:30:00Z,2026-09-11T05:31:00Z,75,0,56228,2026-09-11T05:10:00Z,False,False,ORI,False,False,LKSDB-1,T_LKSDB-1
BOALF,2026-09-11,14,14,2026-09-11T05:30:00Z,2026-09-11T05:31:00Z,75,3,56229,2026-09-11T05:23:00Z,False,False,ORI,False,False,LKSDB-1,T_LKSDB-1
BOALF,2026-09-11,13,14,2026-09-11T05:18:00Z,2026-09-11T05:30:00Z,75,75,56228,2026-09-11T05:10:00Z,False,False,ORI,False,False,LKSDB-1,T_LKSDB-1
BOALF,2026-09-11,13,13,2026-09-11T05:18:00Z,2026-09-11T05:19:00Z,75,0,56227,2026-09-11T05:05:00Z,False,False,ORI,False,False,LKSDB-1,T_LKSDB-1
BOALF,2026-09-11,13,13,2026-09-11T05:11:00Z,2026-09-11T05:18:00Z,75,75,56227,2026-09-11T05:05:00Z,False,False,ORI,False,False,LKSDB-1,T_LKSDB-1
BOALF,2026-09-11,13,13,2026-09-11T05:11:00Z,2026-09-11T05:12:00Z,75,0,56226,2026-09-11T04:51:00Z,False,False,ORI,False,False,LKSDB-1,T_LKSDB-1
BOALF,2026-09-11,13,13,2026-09-11T05:02:00Z,2026-09-11T05:11:00Z,75,75,56226,2026-09-11T04:51:00Z,False,False,ORI,False,False,LKSDB-1,T_LKSDB-1
BOALF,2026-09-11,13,13,2026-09-11T05:02:00Z,2026-09-11T05:03:00Z,75,0,56225,2026-09-11T04:44:00Z,False,False,ORI,False,False,LKSDB-1,T_LKSDB-1
BOALF,2026-09-11,13,13,2026-09-11T05:01:00Z,2026-09-11T05:02:00Z,75,0,56224,2026-09-11T04:38:00Z,False,False,ORI,False,False,LKSDB-1,T_LKSDB-1
BOALF,2026-09-11,13,13,2026-09-11T05:01:00Z,2026-09-11T05:02:00Z,75,75,56225,2026-09-11T04:44:00Z,False,False,ORI,False,False,LKSDB-1,T_LKSDB-1
BOALF,2026-09-11,12,13,2026-09-11T04:53:00Z,2026-09-11T05:01:00Z,75,75,56224,2026-09-11T04:38:00Z,False,False,ORI,False,False,LKSDB-1,T_LKSDB-1
BOALF,2026-09-11,12,12,2026-09-11T04:53:00Z,2026-09-11T04:54:00Z,75,0,56223,2026-09-11T04:26:00Z,False,False,ORI,False,False,LKSDB-1,T_LKSDB-1
BOALF,2026-09-11,12,12,2026-09-11T04:35:00Z,2026-09-11T04:53:00Z,75,75,56223,2026-09-11T04:26:00Z,False,False,ORI,False,False,LKSDB-1,T_LKSDB-1
BOALF,2026-09-11,12,12,2026-09-11T04:35:00Z,2026-09-11T04:36:00Z,75,0,56222,2026-09-11T04:24:00Z,False,False,ORI,False,False,LKSDB-1,T_LKSDB-1
BOALF,2026-09-11,12,12,2026-09-11T04:31:00Z,2026-09-11T04:35:00Z,75,75,56222,2026-09-11T04:24:00Z,False,False,ORI,False,False,LKSDB-1,T_LKSDB-1
BOALF,2026-09-11,12,12,2026-09-11T04:31:00Z,2026-09-11T04:32:00Z,75,0,56221,2026-09-11T04:12:00Z,False,False,ORI,False,False,LKSDB-1,T_LKSDB-1
BOALF,2026-09-11,11,12,2026-09-11T04:21:00Z,2026-09-11T04:31:00Z,75,75,56221,2026-09-11T04:12:00Z,False,False,ORI,False,False,LKSDB-1,T_LKSDB-1
BOALF,2026-09-11,11,11,2026-09-11T04:21:00Z,2026-09-11T04:22:00Z,75,0,56220,2026-09-11T04:08:00Z,False,False,ORI,False,False,LKSDB-1,T_LKSDB-1
BOALF,2026-09-11,11,11,2026-09-11T04:13:00Z,2026-09-11T04:14:00Z,62,0,56219,2026-09-11T04:06:00Z,False,False,ORI,False,False,LKSDB-1,T_LKSDB-1
BOALF,2026-09-11,11,11,2026-09-11T04:11:00Z,2026-09-11T04:21:00Z,75,75,56220,2026-09-11T04:08:00Z,False,False,ORI,False,False,LKSDB-1,T_LKSDB-1
BOALF,2026-09-11,11,11,2026-09-11T04:11:00Z,2026-09-11T04:12:00Z,3,0,56218,2026-09-11T03:57:00Z,False,False,ORI,False,False,LKSDB-1,T_LKSDB-1
BOALF,2026-09-11,11,11,2026-09-11T04:10:00Z,2026-09-11T04:11:00Z,62,75,56220,2026-09-11T04:08:00Z,False,False,ORI,False,False,LKSDB-1,T_LKSDB-1
BOALF,2026-09-11,11,11,2026-09-11T04:08:00Z,2026-09-11T04:13:00Z,62,62,56219,2026-09-11T04:06:00Z,False,False,ORI,False,False,LKSDB-1,T_LKSDB-1
BOALF,2026-09-11,11,11,2026-09-11T04:08:00Z,2026-09-11T04:11:00Z,3,3,56218,2026-09-11T03:57:00Z,False,False,ORI,False,False,LKSDB-1,T_LKSDB-1
BOALF,2026-09-11,11,11,2026-09-11T04:07:00Z,2026-09-11T04:08:00Z,0,3,56218,2026-09-11T03:57:00Z,False,False,ORI,False,False,LKSDB-1,T_LKSDB-1
BOALF,2026-09-11,11,11,2026-09-11T04:07:00Z,2026-09-11T04:08:00Z,0,62,56219,2026-09-11T04:06:00Z,False,False,ORI,False,False,LKSDB-1,T_LKSDB-1
BOALF,2026-09-11,11,11,2026-09-11T04:00:00Z,2026-09-11T04:01:00Z,75,0,56217,2026-09-11T03:49:00Z,False,False,ORI,False,False,LKSDB-1,T_LKSDB-1
BOALF,2026-09-11,10,11,2026-09-11T03:59:00Z,2026-09-11T04:00:00Z,75,0,56216,2026-09-11T03:36:00Z,False,False,ORI,False,False,LKSDB-1,T_LKSDB-1
BOALF,2026-09-11,10,11,2026-09-11T03:59:00Z,2026-09-11T04:00:00Z,75,75,56217,2026-09-11T03:49:00Z,False,False,ORI,False,False,LKSDB-1,T_LKSDB-1
BOALF,2026-09-11,10,10,2026-09-11T03:45:00Z,2026-09-11T03:59:00Z,75,75,56216,2026-09-11T03:36:00Z,False,False,ORI,False,False,LKSDB-1,T_LKSDB-1
BOALF,2026-09-11,10,10,2026-09-11T03:45:00Z,2026-09-11T03:46:00Z,75,0,56215,2026-09-11T03:29:00Z,False,False,ORI,False,False,LKSDB-1,T_LKSDB-1
BOALF,2026-09-11,10,10,2026-09-11T03:40:00Z,2026-09-11T03:45:00Z,75,75,56215,2026-09-11T03:29:00Z,False,False,ORI,False,False,LKSDB-1,T_LKSDB-1
BOALF,2026-09-11,10,10,2026-09-11T03:40:00Z,2026-09-11T03:41:00Z,75,0,56214,2026-09-11T03:28:00Z,False,False,ORI,False,False,LKSDB-1,T_LKSDB-1
BOALF,2026-09-11,10,10,2026-09-11T03:38:00Z,2026-09-11T03:39:00Z,57,0,56213,2026-09-11T03:26:00Z,False,False,ORI,False,False,LKSDB-1,T_LKSDB-1
BOALF,2026-09-11,10,10,2026-09-11T03:34:00Z,2026-09-11T03:35:00Z,37,0,56212,2026-09-11T03:18:00Z,False,False,ORI,False,False,LKSDB-1,T_LKSDB-1
BOALF,2026-09-11,10,10,2026-09-11T03:31:00Z,2026-09-11T03:40:00Z,75,75,56214,2026-09-11T03:28:00Z,False,False,ORI,False,False,LKSDB-1,T_LKSDB-1
BOALF,2026-09-11,10,10,2026-09-11T03:31:00Z,2026-09-11T03:38:00Z,57,57,56213,2026-09-11T03:26:00Z,False,False,ORI,False,False,LKSDB-1,T_LKSDB-1
BOALF,2026-09-11,10,10,2026-09-11T03:31:00Z,2026-09-11T03:34:00Z,37,37,56212,2026-09-11T03:18:00Z,False,False,ORI,False,False,LKSDB-1,T_LKSDB-1
BOALF,2026-09-11,10,10,2026-09-11T03:30:00Z,2026-09-11T03:31:00Z,0,37,56212,2026-09-11T03:18:00Z,False,False,ORI,False,False,LKSDB-1,T_LKSDB-1
BOALF,2026-09-11,10,10,2026-09-11T03:30:00Z,2026-09-11T03:31:00Z,0,57,56213,2026-09-11T03:26:00Z,False,False,ORI,False,False,LKSDB-1,T_LKSDB-1
BOALF,2026-09-11,10,10,2026-09-11T03:30:00Z,2026-09-11T03:31:00Z,0,75,56214,2026-09-11T03:28:00Z,False,False,ORI,False,False,LKSDB-1,T_LKSDB-1
BOALF,2026-09-11,9,10,2026-09-11T03:28:00Z,2026-09-11T03:30:00Z,0,0,56210,2026-09-11T03:07:00Z,False,False,ORI,False,False,LKSDB-1,T_LKSDB-1
BOALF,2026-09-11,9,9,2026-09-11T03:27:00Z,2026-09-11T03:28:00Z,-12,0,56210,2026-09-11T03:07:00Z,False,False,ORI,False,False,LKSDB-1,T_LKSDB-1
BOALF,2026-09-11,9,9,2026-09-11T03:12:00Z,2026-09-11T03:28:00Z,0,0,56211,2026-09-11T03:09:00Z,False,False,ORI,False,False,LKSDB-1,T_LKSDB-1
BOALF,2026-09-11,9,9,2026-09-11T03:11:00Z,2026-09-11T03:12:00Z,-12,0,56211,2026-09-11T03:09:00Z,False,False,ORI,False,False,LKSDB-1,T_LKSDB-1
BOALF,2026-09-11,8,9,2026-09-11T02:58:00Z,2026-09-11T03:00:00Z,0,0,56209,2026-09-11T02:36:00Z,False,False,ORI,False,False,LKSDB-1,T_LKSDB-1
BOALF,2026-09-11,8,8,2026-09-11T02:57:00Z,2026-09-11T02:58:00Z,-74,0,56209,2026-09-11T02:36:00Z,False,False,ORI,False,False,LKSDB-1,T_LKSDB-1
BOALF,2026-09-11,8,8,2026-09-11T02:35:00Z,2026-09-11T02:36:00Z,-47,-74,56208,2026-09-11T02:27:00Z,False,False,ORI,False,False,LKSDB-1,T_LKSDB-1
BOALF,2026-09-11,8,8,2026-09-11T02:33:00Z,2026-09-11T02:35:00Z,-47,-47,56208,2026-09-11T02:27:00Z,False,False,ORI,False,False,LKSDB-1,T_LKSDB-1
BOALF,2026-09-11,8,8,2026-09-11T02:32:00Z,2026-09-11T02:33:00Z,0,-74,56207,2026-09-11T02:26:00Z,False,False,ORI,False,False,LKSDB-1,T_LKSDB-1
BOALF,2026-09-11,8,8,2026-09-11T02:32:00Z,2026-09-11T02:33:00Z,0,-47,56208,2026-09-11T02:27:00Z,False,False,ORI,False,False,LKSDB-1,T_LKSDB-1
BOALF,2026-09-11,8,8,2026-09-11T02:30:00Z,2026-09-11T02:32:00Z,0,0,56207,2026-09-11T02:26:00Z,False,False,ORI,False,False,LKSDB-1,T_LKSDB-1
BOALF,2026-09-11,7,8,2026-09-11T02:26:00Z,2026-09-11T02:30:00Z,0,0,56206,2026-09-11T02:23:00Z,False,False,ORI,False,False,LKSDB-1,T_LKSDB-1
BOALF,2026-09-11,7,7,2026-09-11T02:25:00Z,2026-09-11T02:26:00Z,-22,0,56206,2026-09-11T02:23:00Z,False,False,ORI,False,False,LKSDB-1,T_LKSDB-1
BOALF,2026-09-11,7,7,2026-09-11T02:22:00Z,2026-09-11T02:23:00Z,-11,-22,56205,2026-09-11T02:11:00Z,False,False,ORI,False,False,LKSDB-1,T_LKSDB-1
BOALF,2026-09-11,7,7,2026-09-11T02:19:00Z,2026-09-11T02:22:00Z,-11,-11,56205,2026-09-11T02:11:00Z,False,False,ORI,False,False,LKSDB-1,T_LKSDB-1
BOALF,2026-09-11,7,7,2026-09-11T02:18:00Z,2026-09-11T02:19:00Z,0,-22,56204,2026-09-11T02:10:00Z,False,False,ORI,False,False,LKSDB-1,T_LKSDB-1
BOALF,2026-09-11,7,7,2026-09-11T02:18:00Z,2026-09-11T02:19:00Z,0,-11,56205,2026-09-11T02:11:00Z,False,False,ORI,False,False,LKSDB-1,T_LKSDB-1
BOALF,2026-09-11,7,7,2026-09-11T02:15:00Z,2026-09-11T02:18:00Z,0,0,56204,2026-09-11T02:10:00Z,False,False,ORI,False,False,LKSDB-1,T_LKSDB-1
BOALF,2026-09-11,7,7,2026-09-11T02:15:00Z,2026-09-11T02:16:00Z,0,-22,56203,2026-09-11T02:00:00Z,False,False,ORI,False,False,LKSDB-1,T_LKSDB-1
BOALF,2026-09-11,7,7,2026-09-11T02:08:00Z,2026-09-11T02:15:00Z,0,0,56203,2026-09-11T02:00:00Z,False,False,ORI,False,False,LKSDB-1,T_LKSDB-1
BOALF,2026-09-11,7,7,2026-09-11T02:08:00Z,2026-09-11T02:09:00Z,0,-22,56202,2026-09-11T01:46:00Z,False,False,ORI,False,False,LKSDB-1,T_LKSDB-1
BOALF,2026-09-11,7,7,2026-09-11T02:00:00Z,2026-09-11T02:08:00Z,0,0,56202,2026-09-11T01:46:00Z,False,False,ORI,False,False,LKSDB-1,T_LKSDB-1
BOALF,2026-09-11,5,6,2026-09-11T01:21:00Z,2026-09-11T01:30:00Z,0,0,56201,2026-09-11T01:02:00Z,False,False,ORI,False,False,LKSDB-1,T_LKSDB-1
BOALF,2026-09-11,5,5,2026-09-11T01:21:00Z,2026-09-11T01:22:00Z,0,-95,56200,2026-09-11T00:58:00Z,False,False,ORI,False,False,LKSDB-1,T_LKSDB-1
BOALF,2026-09-11,5,5,2026-09-11T01:12:00Z,2026-09-11T01:13:00Z,-87,-95,56199,2026-09-11T00:56:00Z,False,False,ORI,False,False,LKSDB-1,T_LKSDB-1
BOALF,2026-09-11,5,5,2026-09-11T01:10:00Z,2026-09-11T01:12:00Z,-87,-87,56199,2026-09-11T00:56:00Z,False,False,ORI,False,False,LKSDB-1,T_LKSDB-1
BOALF,2026-09-11,5,5,2026-09-11T01:09:00Z,2026-09-11T01:10:00Z,-95,-87,56199,2026-09-11T00:56:00Z,False,False,ORI,False,False,LKSDB-1,T_LKSDB-1
BOALF,2026-09-11,5,5,2026-09-11T01:05:00Z,2026-09-11T01:21:00Z,0,0,56200,2026-09-11T00:58:00Z,False,False,ORI,False,False,LKSDB-1,T_LKSDB-1
BOALF,2026-09-11,5,5,2026-09-11T01:05:00Z,2026-09-11T01:06:00Z,0,-95,56197,2026-09-11T00:51:00Z,False,False,ORI,False,False,LKSDB-1,T_LKSDB-1
BOALF,2026-09-11,5,5,2026-09-11T01:01:00Z,2026-09-11T01:05:00Z,0,0,56197,2026-09-11T00:51:00Z,False,False,ORI,False,False,LKSDB-1,T_LKSDB-1
BOALF,2026-09-11,5,5,2026-09-11T01:00:00Z,2026-09-11T01:01:00Z,2,0,56196,2026-09-11T00:50:00Z,False,False,ORI,False,False,LKSDB-1,T_LKSDB-1
BOALF,2026-09-11,4,5,2026-09-11T00:58:00Z,2026-09-11T01:00:00Z,2,2,56196,2026-09-11T00:50:00Z,False,False,ORI,False,False,LKSDB-1,T_LKSDB-1
BOALF,2026-09-11,4,4,2026-09-11T00:57:00Z,2026-09-11T00:58:00Z,0,2,56196,2026-09-11T00:50:00Z,False,False,ORI,False,False,LKSDB-1,T_LKSDB-1
BOALF,2026-09-11,4,4,2026-09-11T00:57:00Z,2026-09-11T00:58:00Z,2,2,56198,2026-09-11T00:54:00Z,False,False,ORI,False,False,LKSDB-1,T_LKSDB-1
BOALF,2026-09-11,4,4,2026-09-11T00:56:00Z,2026-09-11T00:57:00Z,0,2,56198,2026-09-11T00:54:00Z,False,False,ORI,False,False,LKSDB-1,T_LKSDB-1
BOALF,2026-09-11,4,5,2026-09-11T00:55:00Z,2026-09-11T01:00:00Z,0,0,56195,2026-09-11T00:47:00Z,False,False,ORI,False,False,LKSDB-1,T_LKSDB-1
BOALF,2026-09-11,4,4,2026-09-11T00:55:00Z,2026-09-11T00:56:00Z,0,-10,56194,2026-09-11T00:45:00Z,False,False,ORI,False,False,LKSDB-1,T_LKSDB-1
BOALF,2026-09-11,4,4,2026-09-11T00:54:00Z,2026-09-11T00:55:00Z,0,-10,56193,2026-09-11T00:44:00Z,False,False,ORI,False,False,LKSDB-1,T_LKSDB-1
BOALF,2026-09-11,4,4,2026-09-11T00:54:00Z,2026-09-11T00:55:00Z,0,0,56194,2026-09-11T00:45:00Z,False,False,ORI,False,False,LKSDB-1,T_LKSDB-1
BOALF,2026-09-11,4,4,2026-09-11T00:48:00Z,2026-09-11T00:54:00Z,0,0,56193,2026-09-11T00:44:00Z,False,False,ORI,False,False,LKSDB-1,T_LKSDB-1
BOALF,2026-09-11,4,4,2026-09-11T00:48:00Z,2026-09-11T00:49:00Z,0,-10,56192,2026-09-11T00:37:00Z,False,False,ORI,False,False,LKSDB-1,T_LKSDB-1
BOALF,2026-09-11,4,4,2026-09-11T00:44:00Z,2026-09-11T00:48:00Z,0,0,56192,2026-09-11T00:37:00Z,False,False,ORI,False,False,LKSDB-1,T_LKSDB-1
BOALF,2026-09-11,4,4,2026-09-11T00:43:00Z,2026-09-11T00:44:00Z,-10,0,56192,2026-09-11T00:37:00Z,False,False,ORI,False,False,LKSDB-1,T_LKSDB-1
BOALF,2026-09-11,4,4,2026-09-11T00:40:00Z,2026-09-11T00:41:00Z,0,-10,56191,2026-09-11T00:35:00Z,False,False,ORI,False,False,LKSDB-1,T_LKSDB-1
BOALF,2026-09-11,4,4,2026-09-11T00:39:00Z,2026-09-11T00:40:00Z,0,-10,56190,2026-09-11T00:26:00Z,False,False,ORI,False,False,LKSDB-1,T_LKSDB-1
BOALF,2026-09-11,4,4,2026-09-11T00:39:00Z,2026-09-11T00:40:00Z,0,0,56191,2026-09-11T00:35:00Z,False,False,ORI,False,False,LKSDB-1,T_LKSDB-1
BOALF,2026-09-11,4,4,2026-09-11T00:32:00Z,2026-09-11T00:39:00Z,0,0,56190,2026-09-11T00:26:00Z,False,False,ORI,False,False,LKSDB-1,T_LKSDB-1
BOALF,2026-09-11,4,4,2026-09-11T00:32:00Z,2026-09-11T00:33:00Z,0,-10,56189,2026-09-11T00:21:00Z,False,False,ORI,False,False,LKSDB-1,T_LKSDB-1
BOALF,2026-09-11,4,4,2026-09-11T00:31:00Z,2026-09-11T00:32:00Z,0,-10,56188,2026-09-11T00:13:00Z,False,False,ORI,False,False,LKSDB-1,T_LKSDB-1
BOALF,2026-09-11,4,4,2026-09-11T00:31:00Z,2026-09-11T00:32:00Z,0,0,56189,2026-09-11T00:21:00Z,False,False,ORI,False,False,LKSDB-1,T_LKSDB-1
BOALF,2026-09-11,4,4,2026-09-11T00:30:00Z,2026-09-11T00:31:00Z,0,0,56188,2026-09-11T00:13:00Z,False,False,ORI,False,False,LKSDB-1,T_LKSDB-1
BOALF,2026-09-11,2,2,2026-09-10T23:52:00Z,2026-09-10T23:53:00Z,99,0,56187,2026-09-10T23:44:00Z,False,False,ORI,False,False,LKSDB-1,T_LKSDB-1
BOALF,2026-09-11,2,2,2026-09-10T23:49:00Z,2026-09-10T23:52:00Z,99,99,56187,2026-09-10T23:44:00Z,False,False,ORI,False,False,LKSDB-1,T_LKSDB-1
BOALF,2026-09-11,2,2,2026-09-10T23:49:00Z,2026-09-10T23:50:00Z,99,0,56186,2026-09-10T23:42:00Z,False,False,ORI,False,False,LKSDB-1,T_LKSDB-1
BOALF,2026-09-11,2,2,2026-09-10T23:45:00Z,2026-09-10T23:49:00Z,99,99,56186,2026-09-10T23:42:00Z,False,False,ORI,False,False,LKSDB-1,T_LKSDB-1
BOALF,2026-09-11,2,2,2026-09-10T23:44:00Z,2026-09-10T23:45:00Z,0,99,56186,2026-09-10T23:42:00Z,False,False,ORI,False,False,LKSDB-1,T_LKSDB-1
BOALF,2026-09-11,1,1,2026-09-10T23:25:00Z,2026-09-10T23:26:00Z,98,0,56185,2026-09-10T23:22:00Z,False,False,ORI,False,False,LKSDB-1,T_LKSDB-1
BOALF,2026-09-11,1,1,2026-09-10T23:23:00Z,2026-09-10T23:25:00Z,98,98,56185,2026-09-10T23:22:00Z,False,False,ORI,False,False,LKSDB-1,T_LKSDB-1
BOALF,2026-09-11,1,1,2026-09-10T23:23:00Z,2026-09-10T23:24:00Z,98,0,56184,2026-09-10T23:11:00Z,False,False,ORI,False,False,LKSDB-1,T_LKSDB-1
BOALF,2026-09-11,1,1,2026-09-10T23:15:00Z,2026-09-10T23:23:00Z,98,98,56184,2026-09-10T23:11:00Z,False,False,ORI,False,False,LKSDB-1,T_LKSDB-1
BOALF,2026-09-11,1,1,2026-09-10T23:14:00Z,2026-09-10T23:15:00Z,0,98,56184,2026-09-10T23:11:00Z,False,False,ORI,False,False,LKSDB-1,T_LKSDB-1
BOALF,2026-09-10,47,47,2026-09-10T22:15:00Z,2026-09-10T22:16:00Z,51,0,56183,2026-09-10T22:08:00Z,False,False,ORI,False,False,LKSDB-1,T_LKSDB-1
BOALF,2026-09-10,47,47,2026-09-10T22:13:00Z,2026-09-10T22:15:00Z,51,51,56183,2026-09-10T22:08:00Z,False,False,ORI,False,False,LKSDB-1,T_LKSDB-1
BOALF,2026-09-10,47,47,2026-09-10T22:12:00Z,2026-09-10T22:13:00Z,0,51,56183,2026-09-10T22:08:00Z,False,False,ORI,False,False,LKSDB-1,T_LKSDB-1
BOALF,2026-09-10,47,47,2026-09-10T22:04:00Z,2026-09-10T22:05:00Z,62,0,56182,2026-09-10T22:00:00Z,False,False,ORI,False,False,LKSDB-1,T_LKSDB-1
BOALF,2026-09-10,47,47,2026-09-10T22:02:00Z,2026-09-10T22:04:00Z,62,62,56182,2026-09-10T22:00:00Z,False,False,ORI,False,False,LKSDB-1,T_LKSDB-1
BOALF,2026-09-10,47,47,2026-09-10T22:01:00Z,2026-09-10T22:02:00Z,0,62,56182,2026-09-10T22:00:00Z,False,False,ORI,False,False,LKSDB-1,T_LKSDB-1
BOALF,2026-09-10,45,45,2026-09-10T21:20:00Z,2026-09-10T21:21:00Z,0,99,56181,2026-09-10T21:04:00Z,False,False,ORI,False,False,LKSDB-1,T_LKSDB-1
BOALF,2026-09-10,45,45,2026-09-10T21:15:00Z,2026-09-10T21:20:00Z,0,0,56181,2026-09-10T21:04:00Z,False,False,ORI,False,False,LKSDB-1,T_LKSDB-1
BOALF,2026-09-10,45,45,2026-09-10T21:15:00Z,2026-09-10T21:16:00Z,0,99,56180,2026-09-10T21:03:00Z,False,False,ORI,False,False,LKSDB-1,T_LKSDB-1
BOALF,2026-09-10,45,45,2026-09-10T21:13:00Z,2026-09-10T21:15:00Z,0,0,56180,2026-09-10T21:03:00Z,False,False,ORI,False,False,LKSDB-1,T_LKSDB-1
BOALF,2026-09-10,45,45,2026-09-10T21:13:00Z,2026-09-10T21:14:00Z,0,99,56179,2026-09-10T20:52:00Z,False,False,ORI,False,False,LKSDB-1,T_LKSDB-1
BOALF,2026-09-10,45,45,2026-09-10T21:11:00Z,2026-09-10T21:12:00Z,78,99,56177,2026-09-10T20:47:00Z,False,False,ORI,False,False,LKSDB-1,T_LKSDB-1
BOALF,2026-09-10,45,45,2026-09-10T21:11:00Z,2026-09-10T21:12:00Z,62,99,56178,2026-09-10T20:50:00Z,False,False,ORI,False,False,LKSDB-1,T_LKSDB-1
BOALF,2026-09-10,45,45,2026-09-10T21:08:00Z,2026-09-10T21:11:00Z,62,62,56178,2026-09-10T20:50:00Z,False,False,ORI,False,False,LKSDB-1,T_LKSDB-1
BOALF,2026-09-10,45,45,2026-09-10T21:07:00Z,2026-09-10T21:08:00Z,78,62,56178,2026-09-10T20:50:00Z,False,False,ORI,False,False,LKSDB-1,T_LKSDB-1
BOALF,2026-09-10,45,45,2026-09-10T21:05:00Z,2026-09-10T21:11:00Z,78,78,56177,2026-09-10T20:47:00Z,False,False,ORI,False,False,LKSDB-1,T_LKSDB-1
BOALF,2026-09-10,45,45,2026-09-10T21:04:00Z,2026-09-10T21:13:00Z,0,0,56179,2026-09-10T20:52:00Z,False,False,ORI,False,False,LKSDB-1,T_LKSDB-1
BOALF,2026-09-10,45,45,2026-09-10T21:04:00Z,2026-09-10T21:05:00Z,0,99,56176,2026-09-10T20:46:00Z,False,False,ORI,False,False,LKSDB-1,T_LKSDB-1
BOALF,2026-09-10,45,45,2026-09-10T21:04:00Z,2026-09-10T21:05:00Z,0,78,56177,2026-09-10T20:47:00Z,False,False,ORI,False,False,LKSDB-1,T_LKSDB-1
BOALF,2026-09-10,45,45,2026-09-10T21:00:00Z,2026-09-10T21:04:00Z,0,0,56176,2026-09-10T20:46:00Z,False,False,ORI,False,False,LKSDB-1,T_LKSDB-1
BOALF,2026-09-10,43,44,2026-09-10T20:26:00Z,2026-09-10T20:30:00Z,0,0,56175,2026-09-10T20:15:00Z,False,False,ORI,False,False,LKSDB-1,T_LKSDB-1
BOALF,2026-09-10,43,43,2026-09-10T20:26:00Z,2026-09-10T20:27:00Z,0,99,56174,2026-09-10T20:14:00Z,False,False,ORI,False,False,LKSDB-1,T_LKSDB-1
BOALF,2026-09-10,43,43,2026-09-10T20:25:00Z,2026-09-10T20:26:00Z,-97,0,56174,2026-09-10T20:14:00Z,False,False,ORI,False,False,LKSDB-1,T_LKSDB-1
BOALF,2026-09-10,43,43,2026-09-10T20:20:00Z,2026-09-10T20:25:00Z,-97,-97,56174,2026-09-10T20:14:00Z,False,False,ORI,False,False,LKSDB-1,T_LKSDB-1
BOALF,2026-09-10,43,43,2026-09-10T20:20:00Z,2026-09-10T20:21:00Z,0,99,56171,2026-09-10T20:07:00Z,False,False,ORI,False,False,LKSDB-1,T_LKSDB-1
BOALF,2026-09-10,43,43,2026-09-10T20:19:00Z,2026-09-10T20:20:00Z,-99,0,56173,2026-09-10T20:13:00Z,False,False,ORI,False,False,LKSDB-1,T_LKSDB-1
BOALF,2026-09-10,43,43,2026-09-10T20:19:00Z,2026-09-10T20:20:00Z,-99,-97,56174,2026-09-10T20:14:00Z,False,False,ORI,False,False,LKSDB-1,T_LKSDB-1
BOALF,2026-09-10,43,43,2026-09-10T20:17:00Z,2026-09-10T20:20:00Z,0,0,56171,2026-09-10T20:07:00Z,False,False,ORI,False,False,LKSDB-1,T_LKSDB-1
BOALF,2026-09-10,43,43,2026-09-10T20:17:00Z,2026-09-10T20:19:00Z,-99,-99,56173,2026-09-10T20:13:00Z,False,False,ORI,False,False,LKSDB-1,T_LKSDB-1
BOALF,2026-09-10,43,43,2026-09-10T20:17:00Z,2026-09-10T20:18:00Z,0,99,56170,2026-09-10T20:05:00Z,False,False,ORI,False,False,LKSDB-1,T_LKSDB-1
BOALF,2026-09-10,43,43,2026-09-10T20:17:00Z,2026-09-10T20:18:00Z,-99,0,56172,2026-09-10T20:09:00Z,False,False,ORI,False,False,LKSDB-1,T_LKSDB-1
BOALF,2026-09-10,43,43,2026-09-10T20:16:00Z,2026-09-10T20:17:00Z,0,99,56168,2026-09-10T19:56:00Z,False,False,ORI,False,False,LKSDB-1,T_LKSDB-1
BOALF,2026-09-10,43,43,2026-09-10T20:16:00Z,2026-09-10T20:17:00Z,-99,0,56170,2026-09-10T20:05:00Z,False,False,ORI,False,False,LKSDB-1,T_LKSDB-1
BOALF,2026-09-10,43,43,2026-09-10T20:16:00Z,2026-09-10T20:17:00Z,-99,-99,56172,2026-09-10T20:09:00Z,False,False,ORI,False,False,LKSDB-1,T_LKSDB-1
BOALF,2026-09-10,43,43,2026-09-10T20:14:00Z,2026-09-10T20:16:00Z,-99,-99,56170,2026-09-10T20:05:00Z,False,False,ORI,False,False,LKSDB-1,T_LKSDB-1
BOALF,2026-09-10,43,43,2026-09-10T20:14:00Z,2026-09-10T20:15:00Z,-99,0,56169,2026-09-10T20:02:00Z,False,False,ORI,False,False,LKSDB-1,T_LKSDB-1
BOALF,2026-09-10,43,43,2026-09-10T20:13:00Z,2026-09-10T20:16:00Z,0,0,56168,2026-09-10T19:56:00Z,False,False,ORI,False,False,LKSDB-1,T_LKSDB-1
BOALF,2026-09-10,43,43,2026-09-10T20:13:00Z,2026-09-10T20:14:00Z,0,99,56167,2026-09-10T19:55:00Z,False,False,ORI,False,False,LKSDB-1,T_LKSDB-1
BOALF,2026-09-10,43,43,2026-09-10T20:12:00Z,2026-09-10T20:13:00Z,-71,0,56167,2026-09-10T19:55:00Z,False,False,ORI,False,False,LKSDB-1,T_LKSDB-1
BOALF,2026-09-10,43,43,2026-09-10T20:10:00Z,2026-09-10T20:12:00Z,-71,-71,56167,2026-09-10T19:55:00Z,False,False,ORI,False,False,LKSDB-1,T_LKSDB-1
BOALF,2026-09-10,43,43,2026-09-10T20:10:00Z,2026-09-10T20:11:00Z,0,99,56166,2026-09-10T19:54:00Z,False,False,ORI,False,False,LKSDB-1,T_LKSDB-1
BOALF,2026-09-10,43,43,2026-09-10T20:09:00Z,2026-09-10T20:14:00Z,-99,-99,56169,2026-09-10T20:02:00Z,False,False,ORI,False,False,LKSDB-1,T_LKSDB-1
BOALF,2026-09-10,43,43,2026-09-10T20:09:00Z,2026-09-10T20:10:00Z,-99,0,56166,2026-09-10T19:54:00Z,False,False,ORI,False,False,LKSDB-1,T_LKSDB-1
BOALF,2026-09-10,43,43,2026-09-10T20:09:00Z,2026-09-10T20:10:00Z,-99,-71,56167,2026-09-10T19:55:00Z,False,False,ORI,False,False,LKSDB-1,T_LKSDB-1
BOALF,2026-09-10,43,43,2026-09-10T20:05:00Z,2026-09-10T20:06:00Z,0,99,56165,2026-09-10T19:48:00Z,False,False,ORI,False,False,LKSDB-1,T_LKSDB-1
BOALF,2026-09-10,43,43,2026-09-10T20:03:00Z,2026-09-10T20:05:00Z,0,0,56165,2026-09-10T19:48:00Z,False,False,ORI,False,False,LKSDB-1,T_LKSDB-1
BOALF,2026-09-10,43,43,2026-09-10T20:03:00Z,2026-09-10T20:04:00Z,0,99,56164,2026-09-10T19:47:00Z,False,False,ORI,False,False,LKSDB-1,T_LKSDB-1
BOALF,2026-09-10,43,43,2026-09-10T20:02:00Z,2026-09-10T20:09:00Z,-99,-99,56166,2026-09-10T19:54:00Z,False,False,ORI,False,False,LKSDB-1,T_LKSDB-1
BOALF,2026-09-10,43,43,2026-09-10T20:02:00Z,2026-09-10T20:03:00Z,-99,0,56164,2026-09-10T19:47:00Z,False,False,ORI,False,False,LKSDB-1,T_LKSDB-1
BOALF,2026-09-10,42,43,2026-09-10T19:59:00Z,2026-09-10T20:02:00Z,-99,-99,56164,2026-09-10T19:47:00Z,False,False,ORI,False,False,LKSDB-1,T_LKSDB-1
BOALF,2026-09-10,42,43,2026-09-10T19:59:00Z,2026-09-10T20:00:00Z,-99,0,56163,2026-09-10T19:45:00Z,False,False,ORI,False,False,LKSDB-1,T_LKSDB-1
BOALF,2026-09-10,42,42,2026-09-10T19:52:00Z,2026-09-10T19:59:00Z,-99,-99,56163,2026-09-10T19:45:00Z,False,False,ORI,False,False,LKSDB-1,T_LKSDB-1
BOALF,2026-09-10,42,42,2026-09-10T19:52:00Z,2026-09-10T19:53:00Z,-99,0,56162,2026-09-10T19:43:00Z,False,False,ORI,False,False,LKSDB-1,T_LKSDB-1
BOALF,2026-09-10,42,42,2026-09-10T19:49:00Z,2026-09-10T19:52:00Z,-99,-99,56162,2026-09-10T19:43:00Z,False,False,ORI,False,False,LKSDB-1,T_LKSDB-1
BOALF,2026-09-10,42,42,2026-09-10T19:49:00Z,2026-09-10T19:50:00Z,-99,0,56161,2026-09-10T19:33:00Z,False,False,ORI,False,False,LKSDB-1,T_LKSDB-1
BOALF,2026-09-10,42,42,2026-09-10T19:40:00Z,2026-09-10T19:49:00Z,-99,-99,56161,2026-09-10T19:33:00Z,False,False,ORI,False,False,LKSDB-1,T_LKSDB-1
BOALF,2026-09-10,42,42,2026-09-10T19:40:00Z,2026-09-10T19:41:00Z,-37,0,56159,2026-09-10T19:26:00Z,False,False,ORI,False,False,LKSDB-1,T_LKSDB-1
BOALF,2026-09-10,42,42,2026-09-10T19:40:00Z,2026-09-10T19:41:00Z,-99,0,56160,2026-09-10T19:27:00Z,False,False,ORI,False,False,LKSDB-1,T_LKSDB-1
BOALF,2026-09-10,42,42,2026-09-10T19:37:00Z,2026-09-10T19:40:00Z,-37,-37,56159,2026-09-10T19:26:00Z,False,False,ORI,False,False,LKSDB-1,T_LKSDB-1
BOALF,2026-09-10,42,42,2026-09-10T19:36:00Z,2026-09-10T19:37:00Z,-47,0,56158,2026-09-10T19:25:00Z,False,False,ORI,False,False,LKSDB-1,T_LKSDB-1
BOALF,2026-09-10,42,42,2026-09-10T19:36:00Z,2026-09-10T19:37:00Z,-47,-37,56159,2026-09-10T19:26:00Z,False,False,ORI,False,False,LKSDB-1,T_LKSDB-1
BOALF,2026-09-10,42,42,2026-09-10T19:34:00Z,2026-09-10T19:36:00Z,-47,-47,56158,2026-09-10T19:25:00Z,False,False,ORI,False,False,LKSDB-1,T_LKSDB-1
BOALF,2026-09-10,42,42,2026-09-10T19:33:00Z,2026-09-10T19:40:00Z,-99,-99,56160,2026-09-10T19:27:00Z,False,False,ORI,False,False,LKSDB-1,T_LKSDB-1
BOALF,2026-09-10,42,42,2026-09-10T19:33:00Z,2026-09-10T19:34:00Z,-99,0,56157,2026-09-10T19:18:00Z,False,False,ORI,False,False,LKSDB-1,T_LKSDB-1
BOALF,2026-09-10,42,42,2026-09-10T19:33:00Z,2026-09-10T19:34:00Z,-99,-47,56158,2026-09-10T19:25:00Z,False,False,ORI,False,False,LKSDB-1,T_LKSDB-1
BOALF,2026-09-10,41,42,2026-09-10T19:28:00Z,2026-09-10T19:33:00Z,-99,-99,56157,2026-09-10T19:18:00Z,False,False,ORI,False,False,LKSDB-1,T_LKSDB-1
BOALF,2026-09-10,41,41,2026-09-10T19:28:00Z,2026-09-10T19:29:00Z,-99,0,56156,2026-09-10T19:14:00Z,False,False,ORI,False,False,LKSDB-1,T_LKSDB-1
BOALF,2026-09-10,41,41,2026-09-10T19:22:00Z,2026-09-10T19:28:00Z,-99,-99,56156,2026-09-10T19:14:00Z,False,False,ORI,False,False,LKSDB-1,T_LKSDB-1
BOALF,2026-09-10,41,41,2026-09-10T19:22:00Z,2026-09-10T19:23:00Z,-99,0,56155,2026-09-10T19:07:00Z,False,False,ORI,False,False,LKSDB-1,T_LKSDB-1
BOALF,2026-09-10,41,41,2026-09-10T19:20:00Z,2026-09-10T19:22:00Z,-99,-99,56155,2026-09-10T19:07:00Z,False,False,ORI,False,False,LKSDB-1,T_LKSDB-1
BOALF,2026-09-10,41,41,2026-09-10T19:20:00Z,2026-09-10T19:21:00Z,-99,0,56154,2026-09-10T19:04:00Z,False,False,ORI,False,False,LKSDB-1,T_LKSDB-1
BOALF,2026-09-10,41,41,2026-09-10T19:13:00Z,2026-09-10T19:20:00Z,-99,-99,56154,2026-09-10T19:04:00Z,False,False,ORI,False,False,LKSDB-1,T_LKSDB-1
BOALF,2026-09-10,41,41,2026-09-10T19:13:00Z,2026-09-10T19:14:00Z,-99,0,56153,2026-09-10T19:01:00Z,False,False,ORI,False,False,LKSDB-1,T_LKSDB-1
BOALF,2026-09-10,41,41,2026-09-10T19:12:00Z,2026-09-10T19:13:00Z,-81,0,56152,2026-09-10T18:58:00Z,False,False,ORI,False,False,LKSDB-1,T_LKSDB-1
BOALF,2026-09-10,41,41,2026-09-10T19:04:00Z,2026-09-10T19:13:00Z,-99,-99,56153,2026-09-10T19:01:00Z,False,False,ORI,False,False,LKSDB-1,T_LKSDB-1
BOALF,2026-09-10,41,41,2026-09-10T19:03:00Z,2026-09-10T19:12:00Z,-81,-81,56152,2026-09-10T18:58:00Z,False,False,ORI,False,False,LKSDB-1,T_LKSDB-1
BOALF,2026-09-10,41,41,2026-09-10T19:03:00Z,2026-09-10T19:04:00Z,-81,0,56151,2026-09-10T18:49:00Z,False,False,ORI,False,False,LKSDB-1,T_LKSDB-1
BOALF,2026-09-10,41,41,2026-09-10T19:03:00Z,2026-09-10T19:04:00Z,-81,-99,56153,2026-09-10T19:01:00Z,False,False,ORI,False,False,LKSDB-1,T_LKSDB-1
BOALF,2026-09-10,41,41,2026-09-10T19:00:00Z,2026-09-10T19:03:00Z,-81,-81,56151,2026-09-10T18:49:00Z,False,False,ORI,False,False,LKSDB-1,T_LKSDB-1
BOALF,2026-09-10,40,41,2026-09-10T18:59:00Z,2026-09-10T19:00:00Z,-84,0,56150,2026-09-10T18:48:00Z,False,False,ORI,False,False,LKSDB-1,T_LKSDB-1
BOALF,2026-09-10,40,41,2026-09-10T18:59:00Z,2026-09-10T19:00:00Z,-84,-81,56151,2026-09-10T18:49:00Z,False,False,ORI,False,False,LKSDB-1,T_LKSDB-1
BOALF,2026-09-10,40,40,2026-09-10T18:56:00Z,2026-09-10T18:59:00Z,-84,-84,56150,2026-09-10T18:48:00Z,False,False,ORI,False,False,LKSDB-1,T_LKSDB-1
BOALF,2026-09-10,40,40,2026-09-10T18:55:00Z,2026-09-10T18:56:00Z,-99,0,56149,2026-09-10T18:47:00Z,False,False,ORI,False,False,LKSDB-1,T_LKSDB-1
BOALF,2026-09-10,40,40,2026-09-10T18:55:00Z,2026-09-10T18:56:00Z,-99,-84,56150,2026-09-10T18:48:00Z,False,False,ORI,False,False,LKSDB-1,T_LKSDB-1
BOALF,2026-09-10,40,40,2026-09-10T18:53:00Z,2026-09-10T18:54:00Z,-97,0,56147,2026-09-10T18:39:00Z,False,False,ORI,False,False,LKSDB-1,T_LKSDB-1
BOALF,2026-09-10,40,40,2026-09-10T18:51:00Z,2026-09-10T18:55:00Z,-99,-99,56149,2026-09-10T18:47:00Z,False,False,ORI,False,False,LKSDB-1,T_LKSDB-1
BOALF,2026-09-10,40,40,2026-09-10T18:51:00Z,2026-09-10T18:52:00Z,-99,-97,56148,2026-09-10T18:45:00Z,False,False,ORI,False,False,LKSDB-1,T_LKSDB-1
BOALF,2026-09-10,40,40,2026-09-10T18:49:00Z,2026-09-10T18:51:00Z,-99,-99,56148,2026-09-10T18:45:00Z,False,False,ORI,False,False,LKSDB-1,T_LKSDB-1
BOALF,2026-09-10,40,40,2026-09-10T18:48:00Z,2026-09-10T18:49:00Z,-97,-99,56148,2026-09-10T18:45:00Z,False,False,ORI,False,False,LKSDB-1,T_LKSDB-1
BOALF,2026-09-10,40,40,2026-09-10T18:45:00Z,2026-09-10T18:53:00Z,-97,-97,56147,2026-09-10T18:39:00Z,False,False,ORI,False,False,LKSDB-1,T_LKSDB-1
BOALF,2026-09-10,40,40,2026-09-10T18:44:00Z,2026-09-10T18:45:00Z,0,-97,56147,2026-09-10T18:39:00Z,False,False,ORI,False,False,LKSDB-1,T_LKSDB-1
BOALF,2026-09-10,40,40,2026-09-10T18:33:00Z,2026-09-10T18:34:00Z,-92,0,56146,2026-09-10T18:23:00Z,False,False,ORI,False,False,LKSDB-1,T_LKSDB-1
BOALF,2026-09-10,40,40,2026-09-10T18:31:00Z,2026-09-10T18:33:00Z,-92,-92,56146,2026-09-10T18:23:00Z,False,False,ORI,False,False,LKSDB-1,T_LKSDB-1
BOALF,2026-09-10,40,40,2026-09-10T18:30:00Z,2026-09-10T18:31:00Z,0,-92,56146,2026-09-10T18:23:00Z,False,False,ORI,False,False,LKSDB-1,T_LKSDB-1
BOALF,2026-09-10,39,39,2026-09-10T18:24:00Z,2026-09-10T18:25:00Z,59,0,56145,2026-09-10T18:06:00Z,False,False,ORI,False,False,LKSDB-1,T_LKSDB-1
BOALF,2026-09-10,39,39,2026-09-10T18:09:00Z,2026-09-10T18:24:00Z,59,59,56145,2026-09-10T18:06:00Z,False,False,ORI,False,False,LKSDB-1,T_LKSDB-1
BOALF,2026-09-10,39,39,2026-09-10T18:08:00Z,2026-09-10T18:09:00Z,0,59,56145,2026-09-10T18:06:00Z,False,False,ORI,False,False,LKSDB-1,T_LKSDB-1
BOALF,2026-09-10,38,39,2026-09-10T17:59:00Z,2026-09-10T18:00:00Z,92,0,56144,2026-09-10T17:49:00Z,False,False,ORI,False,False,LKSDB-1,T_LKSDB-1
BOALF,2026-09-10,38,38,2026-09-10T17:55:00Z,2026-09-10T17:59:00Z,92,92,56144,2026-09-10T17:49:00Z,False,False,ORI,False,False,LKSDB-1,T_LKSDB-1
BOALF,2026-09-10,38,38,2026-09-10T17:54:00Z,2026-09-10T17:55:00Z,0,92,56144,2026-09-10T17:49:00Z,False,False,ORI,False,False,LKSDB-1,T_LKSDB-1
BOALF,2026-09-10,38,38,2026-09-10T17:50:00Z,2026-09-10T17:51:00Z,97,0,56143,2026-09-10T17:39:00Z,False,False,ORI,False,False,LKSDB-1,T_LKSDB-1
BOALF,2026-09-10,38,38,2026-09-10T17:48:00Z,2026-09-10T17:49:00Z,6,0,56142,2026-09-10T17:36:00Z,False,False,ORI,False,False,LKSDB-1,T_LKSDB-1
BOALF,2026-09-10,38,38,2026-09-10T17:46:00Z,2026-09-10T17:50:00Z,97,97,56143,2026-09-10T17:39:00Z,False,False,ORI,False,False,LKSDB-1,T_LKSDB-1
BOALF,2026-09-10,38,38,2026-09-10T17:46:00Z,2026-09-10T17:48:00Z,6,6,56142,2026-09-10T17:36:00Z,False,False,ORI,False,False,LKSDB-1,T_LKSDB-1
BOALF,2026-09-10,38,38,2026-09-10T17:45:00Z,2026-09-10T17:46:00Z,67,0,56141,2026-09-10T17:35:00Z,False,False,ORI,False,False,LKSDB-1,T_LKSDB-1
BOALF,2026-09-10,38,38,2026-09-10T17:45:00Z,2026-09-10T17:46:00Z,67,6,56142,2026-09-10T17:36:00Z,False,False,ORI,False,False,LKSDB-1,T_LKSDB-1
BOALF,2026-09-10,38,38,2026-09-10T17:45:00Z,2026-09-10T17:46:00Z,67,97,56143,2026-09-10T17:39:00Z,False,False,ORI,False,False,LKSDB-1,T_LKSDB-1
BOALF,2026-09-10,38,38,2026-09-10T17:43:00Z,2026-09-10T17:45:00Z,67,67,56141,2026-09-10T17:35:00Z,False,False,ORI,False,False,LKSDB-1,T_LKSDB-1
BOALF,2026-09-10,38,38,2026-09-10T17:42:00Z,2026-09-10T17:43:00Z,98,0,56140,2026-09-10T17:34:00Z,False,False,ORI,False,False,LKSDB-1,T_LKSDB-1
BOALF,2026-09-10,38,38,2026-09-10T17:42:00Z,2026-09-10T17:43:00Z,98,67,56141,2026-09-10T17:35:00Z,False,False,ORI,False,False,LKSDB-1,T_LKSDB-1
BOALF,2026-09-10,38,38,2026-09-10T17:40:00Z,2026-09-10T17:42:00Z,98,98,56140,2026-09-10T17:34:00Z,False,False,ORI,False,False,LKSDB-1,T_LKSDB-1
BOALF,2026-09-10,38,38,2026-09-10T17:40:00Z,2026-09-10T17:41:00Z,98,0,56137,2026-09-10T17:23:00Z,False,False,ORI,False,False,LKSDB-1,T_LKSDB-1
BOALF,2026-09-10,38,38,2026-09-10T17:37:00Z,2026-09-10T17:38:00Z,99,98,56138,2026-09-10T17:30:00Z,False,False,ORI,False,False,LKSDB-1,T_LKSDB-1
BOALF,2026-09-10,38,38,2026-09-10T17:36:00Z,2026-09-10T17:38:00Z,98,98,56139,2026-09-10T17:33:00Z,False,False,ORI,False,False,LKSDB-1,T_LKSDB-1
BOALF,2026-09-10,38,38,2026-09-10T17:35:00Z,2026-09-10T17:36:00Z,99,98,56139,2026-09-10T17:33:00Z,False,False,ORI,False,False,LKSDB-1,T_LKSDB-1
BOALF,2026-09-10,38,38,2026-09-10T17:34:00Z,2026-09-10T17:40:00Z,98,98,56137,2026-09-10T17:23:00Z,False,False,ORI,False,False,LKSDB-1,T_LKSDB-1
BOALF,2026-09-10,38,38,2026-09-10T17:34:00Z,2026-09-10T17:35:00Z,98,0,56136,2026-09-10T17:18:00Z,False,False,ORI,False,False,LKSDB-1,T_LKSDB-1
BOALF,2026-09-10,38,38,2026-09-10T17:32:00Z,2026-09-10T17:37:00Z,99,99,56138,2026-09-10T17:30:00Z,False,False,ORI,False,False,LKSDB-1,T_LKSDB-1
BOALF,2026-09-10,38,38,2026-09-10T17:31:00Z,2026-09-10T17:34:00Z,98,98,56136,2026-09-10T17:18:00Z,False,False,ORI,False,False,LKSDB-1,T_LKSDB-1
BOALF,2026-09-10,38,38,2026-09-10T17:31:00Z,2026-09-10T17:32:00Z,98,0,56135,2026-09-10T17:14:00Z,False,False,ORI,False,False,LKSDB-1,T_LKSDB-1
BOALF,2026-09-10,38,38,2026-09-10T17:31:00Z,2026-09-10T17:32:00Z,98,99,56138,2026-09-10T17:30:00Z,False,False,ORI,False,False,LKSDB-1,T_LKSDB-1
BOALF,2026-09-10,37,38,2026-09-10T17:28:00Z,2026-09-10T17:31:00Z,98,98,56135,2026-09-10T17:14:00Z,False,False,ORI,False,False,LKSDB-1,T_LKSDB-1
BOALF,2026-09-10,37,37,2026-09-10T17:27:00Z,2026-09-10T17:28:00Z,99,71,56134,2026-09-10T17:13:00Z,False,False,ORI,False,False,LKSDB-1,T_LKSDB-1
BOALF,2026-09-10,37,37,2026-09-10T17:27:00Z,2026-09-10T17:28:00Z,99,98,56135,2026-09-10T17:14:00Z,False,False,ORI,False,False,LKSDB-1,T_LKSDB-1
BOALF,2026-09-10,37,37,2026-09-10T17:21:00Z,2026-09-10T17:27:00Z,99,99,56134,2026-09-10T17:13:00Z,False,False,ORI,False,False,LKSDB-1,T_LKSDB-1
BOALF,2026-09-10,37,37,2026-09-10T17:21:00Z,2026-09-10T17:22:00Z,99,71,56133,2026-09-10T17:05:00Z,False,False,ORI,False,False,LKSDB-1,T_LKSDB-1
BOALF,2026-09-10,37,37,2026-09-10T17:13:00Z,2026-09-10T17:21:00Z,99,99,56133,2026-09-10T17:05:00Z,False,False,ORI,False,False,LKSDB-1,T_LKSDB-1
BOALF,2026-09-10,37,37,2026-09-10T17:13:00Z,2026-09-10T17:14:00Z,99,71,56132,2026-09-10T16:56:00Z,False,False,ORI,False,False,LKSDB-1,T_LKSDB-1
BOALF,2026-09-10,37,37,2026-09-10T17:07:00Z,2026-09-10T17:13:00Z,99,99,56132,2026-09-10T16:56:00Z,False,False,ORI,False,False,LKSDB-1,T_LKSDB-1
BOALF,2026-09-10,37,37,2026-09-10T17:07:00Z,2026-09-10T17:08:00Z,99,71,56131,2026-09-10T16:52:00Z,False,False,ORI,False,False,LKSDB-1,T_LKSDB-1
BOALF,2026-09-10,37,37,2026-09-10T17:01:00Z,2026-09-10T17:07:00Z,99,99,56131,2026-09-10T16:52:00Z,False,False,ORI,False,False,LKSDB-1,T_LKSDB-1
BOALF,2026-09-10,37,37,2026-09-10T17:00:00Z,2026-09-10T17:01:00Z,0,99,56131,2026-09-10T16:52:00Z,False,False,ORI,False,False,LKSDB-1,T_LKSDB-1
BOALF,2026-09-10,36,36,2026-09-10T16:55:00Z,2026-09-10T16:56:00Z,71,0,56130,2026-09-10T16:47:00Z,False,False,ORI,False,False,LKSDB-1,T_LKSDB-1
BOALF,2026-09-10,36,36,2026-09-10T16:53:00Z,2026-09-10T16:55:00Z,71,71,56130,2026-09-10T16:47:00Z,False,False,ORI,False,False,LKSDB-1,T_LKSDB-1
BOALF,2026-09-10,36,36,2026-09-10T16:52:00Z,2026-09-10T16:53:00Z,99,0,56129,2026-09-10T16:46:00Z,False,False,ORI,False,False,LKSDB-1,T_LKSDB-1
BOALF,2026-09-10,36,36,2026-09-10T16:52:00Z,2026-09-10T16:53:00Z,99,71,56130,2026-09-10T16:47:00Z,False,False,ORI,False,False,LKSDB-1,T_LKSDB-1
BOALF,2026-09-10,36,36,2026-09-10T16:50:00Z,2026-09-10T16:52:00Z,99,99,56129,2026-09-10T16:46:00Z,False,False,ORI,False,False,LKSDB-1,T_LKSDB-1
BOALF,2026-09-10,36,36,2026-09-10T16:50:00Z,2026-09-10T16:51:00Z,99,0,56128,2026-09-10T16:34:00Z,False,False,ORI,False,False,LKSDB-1,T_LKSDB-1
BOALF,2026-09-10,36,36,2026-09-10T16:41:00Z,2026-09-10T16:50:00Z,99,99,56128,2026-09-10T16:34:00Z,False,False,ORI,False,False,LKSDB-1,T_LKSDB-1
BOALF,2026-09-10,36,36,2026-09-10T16:41:00Z,2026-09-10T16:42:00Z,99,0,56127,2026-09-10T16:24:00Z,False,False,ORI,False,False,LKSDB-1,T_LKSDB-1
BOALF,2026-09-10,36,36,2026-09-10T16:35:00Z,2026-09-10T16:41:00Z,99,99,56127,2026-09-10T16:24:00Z,False,False,ORI,False,False,LKSDB-1,T_LKSDB-1
BOALF,2026-09-10,36,36,2026-09-10T16:35:00Z,2026-09-10T16:36:00Z,99,0,56126,2026-09-10T16:18:00Z,False,False,ORI,False,False,LKSDB-1,T_LKSDB-1
BOALF,2026-09-10,36,36,2026-09-10T16:30:00Z,2026-09-10T16:35:00Z,99,99,56126,2026-09-10T16:18:00Z,False,False,ORI,False,False,LKSDB-1,T_LKSDB-1
BOALF,2026-09-10,35,36,2026-09-10T16:29:00Z,2026-09-10T16:30:00Z,0,99,56126,2026-09-10T16:18:00Z,False,False,ORI,False,False,LKSDB-1,T_LKSDB-1
BOALF,2026-09-10,33,34,2026-09-10T15:28:00Z,2026-09-10T15:30:00Z,0,0,56125,2026-09-10T15:19:00Z,False,False,ORI,False,False,LKSDB-1,T_LKSDB-1
BOALF,2026-09-10,33,33,2026-09-10T15:27:00Z,2026-09-10T15:28:00Z,-12,0,56125,2026-09-10T15:19:00Z,False,False,ORI,False,False,LKSDB-1,T_LKSDB-1
BOALF,2026-09-10,33,33,2026-09-10T15:24:00Z,2026-09-10T15:25:00Z,0,-12,56124,2026-09-10T15:13:00Z,False,False,ORI,False,False,LKSDB-1,T_LKSDB-1
BOALF,2026-09-10,33,33,2026-09-10T15:20:00Z,2026-09-10T15:24:00Z,0,0,56124,2026-09-10T15:13:00Z,False,False,ORI,False,False,LKSDB-1,T_LKSDB-1
BOALF,2026-09-10,33,33,2026-09-10T15:20:00Z,2026-09-10T15:21:00Z,0,-12,56123,2026-09-10T15:06:00Z,False,False,ORI,False,False,LKSDB-1,T_LKSDB-1
BOALF,2026-09-10,33,33,2026-09-10T15:11:00Z,2026-09-10T15:20:00Z,0,0,56123,2026-09-10T15:06:00Z,False,False,ORI,False,False,LKSDB-1,T_LKSDB-1
BOALF,2026-09-10,33,33,2026-09-10T15:11:00Z,2026-09-10T15:12:00Z,0,-12,56122,2026-09-10T15:03:00Z,False,False,ORI,False,False,LKSDB-1,T_LKSDB-1
BOALF,2026-09-10,33,33,2026-09-10T15:08:00Z,2026-09-10T15:11:00Z,0,0,56122,2026-09-10T15:03:00Z,False,False,ORI,False,False,LKSDB-1,T_LKSDB-1
BOALF,2026-09-10,33,33,2026-09-10T15:07:00Z,2026-09-10T15:08:00Z,-12,0,56122,2026-09-10T15:03:00Z,False,False,ORI,False,False,LKSDB-1,T_LKSDB-1
BOALF,2026-09-10,32,33,2026-09-10T14:54:00Z,2026-09-10T15:00:00Z,0,0,56121,2026-09-10T14:45:00Z,False,False,ORI,False,False,LKSDB-1,T_LKSDB-1
BOALF,2026-09-10,32,32,2026-09-10T14:54:00Z,2026-09-10T14:55:00Z,0,-23,56120,2026-09-10T14:42:00Z,False,False,ORI,False,False,LKSDB-1,T_LKSDB-1
BOALF,2026-09-10,32,32,2026-09-10T14:44:00Z,2026-09-10T14:54:00Z,0,0,56120,2026-09-10T14:42:00Z,False,False,ORI,False,False,LKSDB-1,T_LKSDB-1
BOALF,2026-09-10,32,32,2026-09-10T14:43:00Z,2026-09-10T14:44:00Z,-23,0,56120,2026-09-10T14:42:00Z,False,False,ORI,False,False,LKSDB-1,T_LKSDB-1
BOALF,2026-09-10,32,32,2026-09-10T14:30:00Z,2026-09-10T14:31:00Z,-29,-23,56119,2026-09-10T14:20:00Z,False,False,ORI,False,False,LKSDB-1,T_LKSDB-1
BOALF,2026-09-10,31,31,2026-09-10T14:27:00Z,2026-09-10T14:28:00Z,-1,0,56118,2026-09-10T14:18:00Z,False,False,ORI,False,False,LKSDB-1,T_LKSDB-1
BOALF,2026-09-10,31,32,2026-09-10T14:24:00Z,2026-09-10T14:30:00Z,-29,-29,56119,2026-09-10T14:20:00Z,False,False,ORI,False,False,LKSDB-1,T_LKSDB-1
BOALF,2026-09-10,31,31,2026-09-10T14:24:00Z,2026-09-10T14:27:00Z,-1,-1,56118,2026-09-10T14:18:00Z,False,False,ORI,False,False,LKSDB-1,T_LKSDB-1
BOALF,2026-09-10,31,31,2026-09-10T14:23:00Z,2026-09-10T14:24:00Z,0,-1,56118,2026-09-10T14:18:00Z,False,False,ORI,False,False,LKSDB-1,T_LKSDB-1
BOALF,2026-09-10,31,31,2026-09-10T14:23:00Z,2026-09-10T14:24:00Z,0,-29,56119,2026-09-10T14:20:00Z,False,False,ORI,False,False,LKSDB-1,T_LKSDB-1
BOALF,2026-09-10,30,30,2026-09-10T13:54:00Z,2026-09-10T13:55:00Z,8,0,56117,2026-09-10T13:35:00Z,False,False,ORI,False,False,LKSDB-1,T_LKSDB-1
BOALF,2026-09-10,30,30,2026-09-10T13:45:00Z,2026-09-10T13:54:00Z,8,8,56117,2026-09-10T13:35:00Z,False,False,ORI,False,False,LKSDB-1,T_LKSDB-1
BOALF,2026-09-10,30,30,2026-09-10T13:45:00Z,2026-09-10T13:46:00Z,8,0,56116,2026-09-10T13:31:00Z,False,False,ORI,False,False,LKSDB-1,T_LKSDB-1
BOALF,2026-09-10,30,30,2026-09-10T13:42:00Z,2026-09-10T13:45:00Z,8,8,56116,2026-09-10T13:31:00Z,False,False,ORI,False,False,LKSDB-1,T_LKSDB-1
BOALF,2026-09-10,30,30,2026-09-10T13:42:00Z,2026-09-10T13:43:00Z,8,0,56115,2026-09-10T13:29:00Z,False,False,ORI,False,False,LKSDB-1,T_LKSDB-1
BOALF,2026-09-10,30,30,2026-09-10T13:37:00Z,2026-09-10T13:42:00Z,8,8,56115,2026-09-10T13:29:00Z,False,False,ORI,False,False,LKSDB-1,T_LKSDB-1
BOALF,2026-09-10,30,30,2026-09-10T13:37:00Z,2026-09-10T13:38:00Z,8,0,56114,2026-09-10T13:23:00Z,False,False,ORI,False,False,LKSDB-1,T_LKSDB-1
BOALF,2026-09-10,30,30,2026-09-10T13:31:00Z,2026-09-10T13:37:00Z,8,8,56114,2026-09-10T13:23:00Z,False,False,ORI,False,False,LKSDB-1,T_LKSDB-1
BOALF,2026-09-10,30,30,2026-09-10T13:31:00Z,2026-09-10T13:32:00Z,8,0,56113,2026-09-10T13:17:00Z,False,False,ORI,False,False,LKSDB-1,T_LKSDB-1
BOALF,2026-09-10,29,30,2026-09-10T13:27:00Z,2026-09-10T13:31:00Z,8,8,56113,2026-09-10T13:17:00Z,False,False,ORI,False,False,LKSDB-1,T_LKSDB-1
BOALF,2026-09-10,29,29,2026-09-10T13:27:00Z,2026-09-10T13:28:00Z,8,0,56112,2026-09-10T13:12:00Z,False,False,ORI,False,False,LKSDB-1,T_LKSDB-1
BOALF,2026-09-10,29,29,2026-09-10T13:18:00Z,2026-09-10T13:27:00Z,8,8,56112,2026-09-10T13:12:00Z,False,False,ORI,False,False,LKSDB-1,T_LKSDB-1
BOALF,2026-09-10,29,29,2026-09-10T13:18:00Z,2026-09-10T13:19:00Z,8,0,56111,2026-09-10T13:05:00Z,False,False,ORI,False,False,LKSDB-1,T_LKSDB-1
BOALF,2026-09-10,29,29,2026-09-10T13:12:00Z,2026-09-10T13:18:00Z,8,8,56111,2026-09-10T13:05:00Z,False,False,ORI,False,False,LKSDB-1,T_LKSDB-1
BOALF,2026-09-10,29,29,2026-09-10T13:12:00Z,2026-09-10T13:13:00Z,8,0,56110,2026-09-10T12:59:00Z,False,False,ORI,False,False,LKSDB-1,T_LKSDB-1
BOALF,2026-09-10,29,29,2026-09-10T13:03:00Z,2026-09-10T13:12:00Z,8,8,56110,2026-09-10T12:59:00Z,False,False,ORI,False,False,LKSDB-1,T_LKSDB-1
BOALF,2026-09-10,29,29,2026-09-10T13:02:00Z,2026-09-10T13:03:00Z,0,8,56110,2026-09-10T12:59:00Z,False,False,ORI,False,False,LKSDB-1,T_LKSDB-1
BOALF,2026-09-10,28,28,2026-09-10T12:56:00Z,2026-09-10T12:57:00Z,-1,0,56109,2026-09-10T12:51:00Z,False,False,ORI,False,False,LKSDB-1,T_LKSDB-1
BOALF,2026-09-10,28,28,2026-09-10T12:54:00Z,2026-09-10T12:56:00Z,-1,-1,56109,2026-09-10T12:51:00Z,False,False,ORI,False,False,LKSDB-1,T_LKSDB-1
BOALF,2026-09-10,28,28,2026-09-10T12:54:00Z,2026-09-10T12:55:00Z,-1,0,56108,2026-09-10T12:40:00Z,False,False,ORI,False,False,LKSDB-1,T_LKSDB-1
BOALF,2026-09-10,28,28,2026-09-10T12:43:00Z,2026-09-10T12:54:00Z,-1,-1,56108,2026-09-10T12:40:00Z,False,False,ORI,False,False,LKSDB-1,T_LKSDB-1
BOALF,2026-09-10,28,28,2026-09-10T12:43:00Z,2026-09-10T12:44:00Z,-1,0,56107,2026-09-10T12:27:00Z,False,False,ORI,False,False,LKSDB-1,T_LKSDB-1
BOALF,2026-09-10,28,28,2026-09-10T12:32:00Z,2026-09-10T12:43:00Z,-1,-1,56107,2026-09-10T12:27:00Z,False,False,ORI,False,False,LKSDB-1,T_LKSDB-1
BOALF,2026-09-10,28,28,2026-09-10T12:32:00Z,2026-09-10T12:33:00Z,-1,0,56106,2026-09-10T12:21:00Z,False,False,ORI,False,False,LKSDB-1,T_LKSDB-1
BOALF,2026-09-10,27,28,2026-09-10T12:29:00Z,2026-09-10T12:32:00Z,-1,-1,56106,2026-09-10T12:21:00Z,False,False,ORI,False,False,LKSDB-1,T_LKSDB-1
BOALF,2026-09-10,27,27,2026-09-10T12:28:00Z,2026-09-10T12:29:00Z,0,-1,56106,2026-09-10T12:21:00Z,False,False,ORI,False,False,LKSDB-1,T_LKSDB-1
BOALF,2026-09-10,26,26,2026-09-10T11:57:00Z,2026-09-10T11:58:00Z,-74,-53,56105,2026-09-10T11:36:00Z,False,False,ORI,False,False,LKSDB-1,T_LKSDB-1
BOALF,2026-09-10,26,26,2026-09-10T11:48:00Z,2026-09-10T11:57:00Z,-74,-74,56105,2026-09-10T11:36:00Z,False,False,ORI,False,False,LKSDB-1,T_LKSDB-1
BOALF,2026-09-10,26,26,2026-09-10T11:48:00Z,2026-09-10T11:49:00Z,-74,-53,56104,2026-09-10T11:33:00Z,False,False,ORI,False,False,LKSDB-1,T_LKSDB-1
BOALF,2026-09-10,26,26,2026-09-10T11:45:00Z,2026-09-10T11:48:00Z,-74,-74,56104,2026-09-10T11:33:00Z,False,False,ORI,False,False,LKSDB-1,T_LKSDB-1
BOALF,2026-09-10,26,26,2026-09-10T11:45:00Z,2026-09-10T11:46:00Z,-74,-53,56103,2026-09-10T11:26:00Z,False,False,ORI,False,False,LKSDB-1,T_LKSDB-1
BOALF,2026-09-10,26,26,2026-09-10T11:38:00Z,2026-09-10T11:45:00Z,-74,-74,56103,2026-09-10T11:26:00Z,False,False,ORI,False,False,LKSDB-1,T_LKSDB-1
BOALF,2026-09-10,26,26,2026-09-10T11:38:00Z,2026-09-10T11:39:00Z,-74,-53,56102,2026-09-10T11:25:00Z,False,False,ORI,False,False,LKSDB-1,T_LKSDB-1
BOALF,2026-09-10,26,26,2026-09-10T11:37:00Z,2026-09-10T11:38:00Z,-74,-53,56100,2026-09-10T11:17:00Z,False,False,ORI,False,False,LKSDB-1,T_LKSDB-1
BOALF,2026-09-10,26,26,2026-09-10T11:37:00Z,2026-09-10T11:38:00Z,-74,-74,56102,2026-09-10T11:25:00Z,False,False,ORI,False,False,LKSDB-1,T_LKSDB-1
BOALF,2026-09-10,26,26,2026-09-10T11:31:00Z,2026-09-10T11:37:00Z,-74,-74,56100,2026-09-10T11:17:00Z,False,False,ORI,False,False,LKSDB-1,T_LKSDB-1
BOALF,2026-09-10,26,26,2026-09-10T11:30:00Z,2026-09-10T11:31:00Z,0,-74,56100,2026-09-10T11:17:00Z,False,False,ORI,False,False,LKSDB-1,T_LKSDB-1
BOALF,2026-09-10,26,26,2026-09-10T11:30:00Z,2026-09-10T11:31:00Z,-22,-74,56101,2026-09-10T11:22:00Z,False,False,ORI,False,False,LKSDB-1,T_LKSDB-1
BOALF,2026-09-10,25,26,2026-09-10T11:28:00Z,2026-09-10T11:30:00Z,-22,-22,56101,2026-09-10T11:22:00Z,False,False,ORI,False,False,LKSDB-1,T_LKSDB-1
BOALF,2026-09-10,25,26,2026-09-10T11:27:00Z,2026-09-10T11:30:00Z,0,0,56098,2026-09-10T11:05:00Z,False,False,ORI,False,False,LKSDB-1,T_LKSDB-1
BOALF,2026-09-10,25,25,2026-09-10T11:27:00Z,2026-09-10T11:28:00Z,-75,0,56099,2026-09-10T11:09:00Z,False,False,ORI,False,False,LKSDB-1,T_LKSDB-1
BOALF,2026-09-10,25,25,2026-09-10T11:27:00Z,2026-09-10T11:28:00Z,-75,-22,56101,2026-09-10T11:22:00Z,False,False,ORI,False,False,LKSDB-1,T_LKSDB-1
BOALF,2026-09-10,25,25,2026-09-10T11:26:00Z,2026-09-10T11:27:00Z,8,0,56098,2026-09-10T11:05:00Z,False,False,ORI,False,False,LKSDB-1,T_LKSDB-1
BOALF,2026-09-10,25,25,2026-09-10T11:21:00Z,2026-09-10T11:27:00Z,-75,-75,56099,2026-09-10T11:09:00Z,False,False,ORI,False,False,LKSDB-1,T_LKSDB-1
BOALF,2026-09-10,25,25,2026-09-10T11:21:00Z,2026-09-10T11:22:00Z,-75,0,56097,2026-09-10T10:55:00Z,False,False,ORI,False,False,LKSDB-1,T_LKSDB-1
BOALF,2026-09-10,25,25,2026-09-10T11:11:00Z,2026-09-10T11:21:00Z,-75,-75,56097,2026-09-10T10:55:00Z,False,False,ORI,False,False,LKSDB-1,T_LKSDB-1
BOALF,2026-09-10,25,25,2026-09-10T11:11:00Z,2026-09-10T11:12:00Z,0,8,56092,2026-09-10T10:43:00Z,False,False,ORI,False,False,LKSDB-1,T_LKSDB-1
BOALF,2026-09-10,25,25,2026-09-10T11:11:00Z,2026-09-10T11:12:00Z,-75,0,56096,2026-09-10T10:53:00Z,False,False,ORI,False,False,LKSDB-1,T_LKSDB-1
BOALF,2026-09-10,25,25,2026-09-10T11:09:00Z,2026-09-10T11:10:00Z,-36,0,56095,2026-09-10T10:52:00Z,False,False,ORI,False,False,LKSDB-1,T_LKSDB-1
BOALF,2026-09-10,25,25,2026-09-10T11:06:00Z,2026-09-10T11:09:00Z,-36,-36,56095,2026-09-10T10:52:00Z,False,False,ORI,False,False,LKSDB-1,T_LKSDB-1
BOALF,2026-09-10,25,25,2026-09-10T11:05:00Z,2026-09-10T11:11:00Z,-75,-75,56096,2026-09-10T10:53:00Z,False,False,ORI,False,False,LKSDB-1,T_LKSDB-1
BOALF,2026-09-10,25,25,2026-09-10T11:05:00Z,2026-09-10T11:06:00Z,-75,0,56094,2026-09-10T10:51:00Z,False,False,ORI,False,False,LKSDB-1,T_LKSDB-1
BOALF,2026-09-10,25,25,2026-09-10T11:05:00Z,2026-09-10T11:06:00Z,-75,-36,56095,2026-09-10T10:52:00Z,False,False,ORI,False,False,LKSDB-1,T_LKSDB-1
BOALF,2026-09-10,25,25,2026-09-10T11:01:00Z,2026-09-10T11:05:00Z,-75,-75,56094,2026-09-10T10:51:00Z,False,False,ORI,False,False,LKSDB-1,T_LKSDB-1
BOALF,2026-09-10,25,25,2026-09-10T11:01:00Z,2026-09-10T11:02:00Z,-75,0,56093,2026-09-10T10:45:00Z,False,False,ORI,False,False,LKSDB-1,T_LKSDB-1
BOALF,2026-09-10,25,25,2026-09-10T11:00:00Z,2026-09-10T11:11:00Z,0,0,56092,2026-09-10T10:43:00Z,False,False,ORI,False,False,LKSDB-1,T_LKSDB-1
BOALF,2026-09-10,24,25,2026-09-10T10:56:00Z,2026-09-10T11:01:00Z,-75,-75,56093,2026-09-10T10:45:00Z,False,False,ORI,False,False,LKSDB-1,T_LKSDB-1
BOALF,2026-09-10,24,24,2026-09-10T10:56:00Z,2026-09-10T10:57:00Z,-75,0,56091,2026-09-10T10:36:00Z,False,False,ORI,False,False,LKSDB-1,T_LKSDB-1
BOALF,2026-09-10,24,24,2026-09-10T10:40:00Z,2026-09-10T10:56:00Z,-75,-75,56091,2026-09-10T10:36:00Z,False,False,ORI,False,False,LKSDB-1,T_LKSDB-1
BOALF,2026-09-10,24,24,2026-09-10T10:40:00Z,2026-09-10T10:41:00Z,-75,0,56090,2026-09-10T10:28:00Z,False,False,ORI,False,False,LKSDB-1,T_LKSDB-1
BOALF,2026-09-10,24,24,2026-09-10T10:36:00Z,2026-09-10T10:40:00Z,-75,-75,56090,2026-09-10T10:28:00Z,False,False,ORI,False,False,LKSDB-1,T_LKSDB-1
BOALF,2026-09-10,24,24,2026-09-10T10:36:00Z,2026-09-10T10:37:00Z,-75,0,56089,2026-09-10T10:21:00Z,False,False,ORI,False,False,LKSDB-1,T_LKSDB-1
BOALF,2026-09-10,24,24,2026-09-10T10:32:00Z,2026-09-10T10:36:00Z,-75,-75,56089,2026-09-10T10:21:00Z,False,False,ORI,False,False,LKSDB-1,T_LKSDB-1
BOALF,2026-09-10,24,24,2026-09-10T10:32:00Z,2026-09-10T10:33:00Z,-75,0,56088,2026-09-10T10:19:00Z,False,False,ORI,False,False,LKSDB-1,T_LKSDB-1
BOALF,2026-09-10,24,24,2026-09-10T10:31:00Z,2026-09-10T10:32:00Z,-75,0,56087,2026-09-10T10:14:00Z,False,False,ORI,False,False,LKSDB-1,T_LKSDB-1
BOALF,2026-09-10,24,24,2026-09-10T10:31:00Z,2026-09-10T10:32:00Z,-75,-75,56088,2026-09-10T10:19:00Z,False,False,ORI,False,False,LKSDB-1,T_LKSDB-1
BOALF,2026-09-10,23,24,2026-09-10T10:22:00Z,2026-09-10T10:31:00Z,-75,-75,56087,2026-09-10T10:14:00Z,False,False,ORI,False,False,LKSDB-1,T_LKSDB-1
BOALF,2026-09-10,23,23,2026-09-10T10:22:00Z,2026-09-10T10:23:00Z,-75,0,56086,2026-09-10T10:11:00Z,False,False,ORI,False,False,LKSDB-1,T_LKSDB-1
BOALF,2026-09-10,23,23,2026-09-10T10:18:00Z,2026-09-10T10:22:00Z,-75,-75,56086,2026-09-10T10:11:00Z,False,False,ORI,False,False,LKSDB-1,T_LKSDB-1
BOALF,2026-09-10,23,23,2026-09-10T10:18:00Z,2026-09-10T10:19:00Z,-75,0,56085,2026-09-10T10:00:00Z,False,False,ORI,False,False,LKSDB-1,T_LKSDB-1
BOALF,2026-09-10,23,23,2026-09-10T10:12:00Z,2026-09-10T10:18:00Z,-75,-75,56085,2026-09-10T10:00:00Z,False,False,ORI,False,False,LKSDB-1,T_LKSDB-1
BOALF,2026-09-10,23,23,2026-09-10T10:12:00Z,2026-09-10T10:13:00Z,-75,0,56084,2026-09-10T09:55:00Z,False,False,ORI,False,False,LKSDB-1,T_LKSDB-1
BOALF,2026-09-10,23,23,2026-09-10T10:08:00Z,2026-09-10T10:12:00Z,-75,-75,56084,2026-09-10T09:55:00Z,False,False,ORI,False,False,LKSDB-1,T_LKSDB-1
BOALF,2026-09-10,23,23,2026-09-10T10:08:00Z,2026-09-10T10:09:00Z,-75,0,56083,2026-09-10T09:53:00Z,False,False,ORI,False,False,LKSDB-1,T_LKSDB-1
BOALF,2026-09-10,23,23,2026-09-10T10:00:00Z,2026-09-10T10:08:00Z,-75,-75,56083,2026-09-10T09:53:00Z,False,False,ORI,False,False,LKSDB-1,T_LKSDB-1
BOALF,2026-09-10,22,23,2026-09-10T09:59:00Z,2026-09-10T10:00:00Z,0,-75,56083,2026-09-10T09:53:00Z,False,False,ORI,False,False,LKSDB-1,T_LKSDB-1
BOALF,2026-09-10,22,23,2026-09-10T09:54:00Z,2026-09-10T10:00:00Z,0,0,56081,2026-09-10T09:48:00Z,False,False,ORI,False,False,LKSDB-1,T_LKSDB-1
BOALF,2026-09-10,22,22,2026-09-10T09:53:00Z,2026-09-10T09:54:00Z,17,0,56081,2026-09-10T09:48:00Z,False,False,ORI,False,False,LKSDB-1,T_LKSDB-1
BOALF,2026-09-10,22,22,2026-09-10T09:53:00Z,2026-09-10T09:54:00Z,0,0,56082,2026-09-10T09:51:00Z,False,False,ORI,False,False,LKSDB-1,T_LKSDB-1
BOALF,2026-09-10,22,22,2026-09-10T09:52:00Z,2026-09-10T09:53:00Z,17,0,56082,2026-09-10T09:51:00Z,False,False,ORI,False,False,LKSDB-1,T_LKSDB-1
BOALF,2026-09-10,22,22,2026-09-10T09:49:00Z,2026-09-10T09:50:00Z,0,17,56080,2026-09-10T09:42:00Z,False,False,ORI,False,False,LKSDB-1,T_LKSDB-1
BOALF,2026-09-10,22,22,2026-09-10T09:48:00Z,2026-09-10T09:49:00Z,0,17,56079,2026-09-10T09:31:00Z,False,False,ORI,False,False,LKSDB-1,T_LKSDB-1
BOALF,2026-09-10,22,22,2026-09-10T09:48:00Z,2026-09-10T09:49:00Z,-99,0,56080,2026-09-10T09:42:00Z,False,False,ORI,False,False,LKSDB-1,T_LKSDB-1
BOALF,2026-09-10,22,22,2026-09-10T09:47:00Z,2026-09-10T09:48:00Z,-99,0,56079,2026-09-10T09:31:00Z,False,False,ORI,False,False,LKSDB-1,T_LKSDB-1
BOALF,2026-09-10,22,22,2026-09-10T09:47:00Z,2026-09-10T09:48:00Z,-99,-99,56080,2026-09-10T09:42:00Z,False,False,ORI,False,False,LKSDB-1,T_LKSDB-1
BOALF,2026-09-10,22,22,2026-09-10T09:36:00Z,2026-09-10T09:47:00Z,-99,-99,56079,2026-09-10T09:31:00Z,False,False,ORI,False,False,LKSDB-1,T_LKSDB-1
BOALF,2026-09-10,22,22,2026-09-10T09:35:00Z,2026-09-10T09:36:00Z,0,-99,56079,2026-09-10T09:31:00Z,False,False,ORI,False,False,LKSDB-1,T_LKSDB-1
BOALF,2026-09-10,22,22,2026-09-10T09:34:00Z,2026-09-10T09:35:00Z,17,0,56079,2026-09-10T09:31:00Z,False,False,ORI,False,False,LKSDB-1,T_LKSDB-1
BOALF,2026-09-10,21,21,2026-09-10T09:23:00Z,2026-09-10T09:24:00Z,0,16,56078,2026-09-10T09:17:00Z,False,False,ORI,False,False,LKSDB-1,T_LKSDB-1
BOALF,2026-09-10,21,21,2026-09-10T09:21:00Z,2026-09-10T09:23:00Z,0,0,56078,2026-09-10T09:17:00Z,False,False,ORI,False,False,LKSDB-1,T_LKSDB-1
BOALF,2026-09-10,21,21,2026-09-10T09:20:00Z,2026-09-10T09:21:00Z,16,0,56078,2026-09-10T09:17:00Z,False,False,ORI,False,False,LKSDB-1,T_LKSDB-1
BOALF,2026-09-10,19,20,2026-09-10T08:28:00Z,2026-09-10T08:30:00Z,0,0,56076,2026-09-10T08:14:00Z,False,False,ORI,False,False,LKSDB-1,T_LKSDB-1
BOALF,2026-09-10,19,19,2026-09-10T08:27:00Z,2026-09-10T08:28:00Z,6,0,56076,2026-09-10T08:14:00Z,False,False,ORI,False,False,LKSDB-1,T_LKSDB-1
BOALF,2026-09-10,19,19,2026-09-10T08:20:00Z,2026-09-10T08:28:00Z,0,0,56077,2026-09-10T08:16:00Z,False,False,ORI,False,False,LKSDB-1,T_LKSDB-1
BOALF,2026-09-10,19,19,2026-09-10T08:20:00Z,2026-09-10T08:21:00Z,0,6,56075,2026-09-10T08:00:00Z,False,False,ORI,False,False,LKSDB-1,T_LKSDB-1
BOALF,2026-09-10,19,19,2026-09-10T08:10:00Z,2026-09-10T08:20:00Z,0,0,56075,2026-09-10T08:00:00Z,False,False,ORI,False,False,LKSDB-1,T_LKSDB-1
BOALF,2026-09-10,19,19,2026-09-10T08:10:00Z,2026-09-10T08:11:00Z,0,6,56074,2026-09-10T07:57:00Z,False,False,ORI,False,False,LKSDB-1,T_LKSDB-1
BOALF,2026-09-10,19,19,2026-09-10T08:07:00Z,2026-09-10T08:10:00Z,0,0,56074,2026-09-10T07:57:00Z,False,False,ORI,False,False,LKSDB-1,T_LKSDB-1
BOALF,2026-09-10,19,19,2026-09-10T08:06:00Z,2026-09-10T08:07:00Z,6,0,56074,2026-09-10T07:57:00Z,False,False,ORI,False,False,LKSDB-1,T_LKSDB-1
BOALF,2026-09-10,18,19,2026-09-10T07:58:00Z,2026-09-10T08:00:00Z,0,0,56073,2026-09-10T07:53:00Z,False,False,ORI,False,False,LKSDB-1,T_LKSDB-1
BOALF,2026-09-10,18,18,2026-09-10T07:57:00Z,2026-09-10T07:58:00Z,38,50,56072,2026-09-10T07:52:00Z,False,False,ORI,False,False,LKSDB-1,T_LKSDB-1
BOALF,2026-09-10,18,18,2026-09-10T07:57:00Z,2026-09-10T07:58:00Z,38,0,56073,2026-09-10T07:53:00Z,False,False,ORI,False,False,LKSDB-1,T_LKSDB-1
BOALF,2026-09-10,18,18,2026-09-10T07:55:00Z,2026-09-10T07:57:00Z,38,38,56072,2026-09-10T07:52:00Z,False,False,ORI,False,False,LKSDB-1,T_LKSDB-1
BOALF,2026-09-10,18,18,2026-09-10T07:54:00Z,2026-09-10T07:55:00Z,50,38,56072,2026-09-10T07:52:00Z,False,False,ORI,False,False,LKSDB-1,T_LKSDB-1
BOALF,2026-09-10,18,18,2026-09-10T07:51:00Z,2026-09-10T07:52:00Z,0,50,56071,2026-09-10T07:44:00Z,False,False,ORI,False,False,LKSDB-1,T_LKSDB-1
BOALF,2026-09-10,18,18,2026-09-10T07:48:00Z,2026-09-10T07:51:00Z,0,0,56071,2026-09-10T07:44:00Z,False,False,ORI,False,False,LKSDB-1,T_LKSDB-1
BOALF,2026-09-10,18,18,2026-09-10T07:48:00Z,2026-09-10T07:49:00Z,0,50,56070,2026-09-10T07:39:00Z,False,False,ORI,False,False,LKSDB-1,T_LKSDB-1
BOALF,2026-09-10,18,18,2026-09-10T07:42:00Z,2026-09-10T07:48:00Z,0,0,56070,2026-09-10T07:39:00Z,False,False,ORI,False,False,LKSDB-1,T_LKSDB-1
BOALF,2026-09-10,18,18,2026-09-10T07:42:00Z,2026-09-10T07:43:00Z,0,50,56069,2026-09-10T07:36:00Z,False,False,ORI,False,False,LKSDB-1,T_LKSDB-1
BOALF,2026-09-10,18,18,2026-09-10T07:38:00Z,2026-09-10T07:42:00Z,0,0,56069,2026-09-10T07:36:00Z,False,False,ORI,False,False,LKSDB-1,T_LKSDB-1
BOALF,2026-09-10,18,18,2026-09-10T07:37:00Z,2026-09-10T07:38:00Z,50,0,56069,2026-09-10T07:36:00Z,False,False,ORI,False,False,LKSDB-1,T_LKSDB-1
BOALF,2026-09-10,18,18,2026-09-10T07:32:00Z,2026-09-10T07:33:00Z,5,50,56068,2026-09-10T07:26:00Z,False,False,ORI,False,False,LKSDB-1,T_LKSDB-1
BOALF,2026-09-10,18,18,2026-09-10T07:30:00Z,2026-09-10T07:32:00Z,5,5,56068,2026-09-10T07:26:00Z,False,False,ORI,False,False,LKSDB-1,T_LKSDB-1
BOALF,2026-09-10,17,17,2026-09-10T07:04:00Z,2026-09-10T07:05:00Z,97,5,56067,2026-09-10T06:52:00Z,False,False,ORI,False,False,LKSDB-1,T_LKSDB-1
BOALF,2026-09-10,17,17,2026-09-10T07:01:00Z,2026-09-10T07:04:00Z,97,97,56067,2026-09-10T06:52:00Z,False,False,ORI,False,False,LKSDB-1,T_LKSDB-1
BOALF,2026-09-10,17,17,2026-09-10T07:00:00Z,2026-09-10T07:01:00Z,0,97,56067,2026-09-10T06:52:00Z,False,False,ORI,False,False,LKSDB-1,T_LKSDB-1
BOALF,2026-09-10,15,15,2026-09-10T06:06:00Z,2026-09-10T06:07:00Z,48,75,56066,2026-09-10T06:01:00Z,False,False,ORI,False,False,LKSDB-1,T_LKSDB-1
BOALF,2026-09-10,15,15,2026-09-10T06:04:00Z,2026-09-10T06:06:00Z,48,48,56066,2026-09-10T06:01:00Z,False,False,ORI,False,False,LKSDB-1,T_LKSDB-1
BOALF,2026-09-10,15,15,2026-09-10T06:03:00Z,2026-09-10T06:04:00Z,75,48,56066,2026-09-10T06:01:00Z,False,False,ORI,False,False,LKSDB-1,T_LKSDB-1
BOALF,2026-09-10,14,14,2026-09-10T05:37:00Z,2026-09-10T05:38:00Z,39,75,56065,2026-09-10T05:28:00Z,False,False,ORI,False,False,LKSDB-1,T_LKSDB-1
BOALF,2026-09-10,14,14,2026-09-10T05:35:00Z,2026-09-10T05:37:00Z,39,39,56065,2026-09-10T05:28:00Z,False,False,ORI,False,False,LKSDB-1,T_LKSDB-1
BOALF,2026-09-10,14,14,2026-09-10T05:34:00Z,2026-09-10T05:35:00Z,0,75,56064,2026-09-10T05:13:00Z,False,False,ORI,False,False,LKSDB-1,T_LKSDB-1
BOALF,2026-09-10,14,14,2026-09-10T05:34:00Z,2026-09-10T05:35:00Z,0,39,56065,2026-09-10T05:28:00Z,False,False,ORI,False,False,LKSDB-1,T_LKSDB-1
BOALF,2026-09-10,14,14,2026-09-10T05:31:00Z,2026-09-10T05:34:00Z,0,0,56064,2026-09-10T05:13:00Z,False,False,ORI,False,False,LKSDB-1,T_LKSDB-1
BOALF,2026-09-10,14,14,2026-09-10T05:30:00Z,2026-09-10T05:31:00Z,75,0,56064,2026-09-10T05:13:00Z,False,False,ORI,False,False,LKSDB-1,T_LKSDB-1
BOALF,2026-09-10,13,13,2026-09-10T05:26:00Z,2026-09-10T05:27:00Z,74,75,56063,2026-09-10T05:11:00Z,False,False,ORI,False,False,LKSDB-1,T_LKSDB-1
BOALF,2026-09-10,13,13,2026-09-10T05:21:00Z,2026-09-10T05:26:00Z,74,74,56063,2026-09-10T05:11:00Z,False,False,ORI,False,False,LKSDB-1,T_LKSDB-1
BOALF,2026-09-10,13,13,2026-09-10T05:20:00Z,2026-09-10T05:21:00Z,0,75,56062,2026-09-10T04:36:00Z,False,False,ORI,False,False,LKSDB-1,T_LKSDB-1
BOALF,2026-09-10,13,13,2026-09-10T05:20:00Z,2026-09-10T05:21:00Z,0,74,56063,2026-09-10T05:11:00Z,False,False,ORI,False,False,LKSDB-1,T_LKSDB-1
BOALF,2026-09-10,13,13,2026-09-10T05:00:00Z,2026-09-10T05:20:00Z,0,0,56062,2026-09-10T04:36:00Z,False,False,ORI,False,False,LKSDB-1,T_LKSDB-1
BOALF,2026-09-10,9,9,2026-09-10T03:11:00Z,2026-09-10T03:12:00Z,-11,0,56061,2026-09-10T02:59:00Z,False,False,ORI,False,False,LKSDB-1,T_LKSDB-1
BOALF,2026-09-10,9,9,2026-09-10T03:07:00Z,2026-09-10T03:11:00Z,-11,-11,56061,2026-09-10T02:59:00Z,False,False,ORI,False,False,LKSDB-1,T_LKSDB-1
BOALF,2026-09-10,9,9,2026-09-10T03:07:00Z,2026-09-10T03:08:00Z,-11,0,56060,2026-09-10T02:58:00Z,False,False,ORI,False,False,LKSDB-1,T_LKSDB-1
BOALF,2026-09-10,9,9,2026-09-10T03:04:00Z,2026-09-10T03:07:00Z,-11,-11,56060,2026-09-10T02:58:00Z,False,False,ORI,False,False,LKSDB-1,T_LKSDB-1
BOALF,2026-09-10,9,9,2026-09-10T03:04:00Z,2026-09-10T03:05:00Z,-11,0,56059,2026-09-10T02:48:00Z,False,False,ORI,False,False,LKSDB-1,T_LKSDB-1
BOALF,2026-09-10,9,9,2026-09-10T03:01:00Z,2026-09-10T03:04:00Z,-11,-11,56059,2026-09-10T02:48:00Z,False,False,ORI,False,False,LKSDB-1,T_LKSDB-1
BOALF,2026-09-10,9,9,2026-09-10T03:00:00Z,2026-09-10T03:01:00Z,0,-11,56059,2026-09-10T02:48:00Z,False,False,ORI,False,False,LKSDB-1,T_LKSDB-1
BOALF,2026-09-10,8,8,2026-09-10T02:57:00Z,2026-09-10T02:58:00Z,-11,0,56058,2026-09-10T02:42:00Z,False,False,ORI,False,False,LKSDB-1,T_LKSDB-1
BOALF,2026-09-10,8,8,2026-09-10T02:49:00Z,2026-09-10T02:57:00Z,-11,-11,56058,2026-09-10T02:42:00Z,False,False,ORI,False,False,LKSDB-1,T_LKSDB-1
BOALF,2026-09-10,8,8,2026-09-10T02:49:00Z,2026-09-10T02:50:00Z,-11,0,56057,2026-09-10T02:36:00Z,False,False,ORI,False,False,LKSDB-1,T_LKSDB-1
BOALF,2026-09-10,8,8,2026-09-10T02:39:00Z,2026-09-10T02:49:00Z,-11,-11,56057,2026-09-10T02:36:00Z,False,False,ORI,False,False,LKSDB-1,T_LKSDB-1
BOALF,2026-09-10,8,8,2026-09-10T02:38:00Z,2026-09-10T02:39:00Z,0,-11,56057,2026-09-10T02:36:00Z,False,False,ORI,False,False,LKSDB-1,T_LKSDB-1
BOALF,2026-09-10,8,8,2026-09-10T02:30:00Z,2026-09-10T02:31:00Z,-39,0,56056,2026-09-10T02:17:00Z,False,False,ORI,False,False,LKSDB-1,T_LKSDB-1
BOALF,2026-09-10,7,8,2026-09-10T02:29:00Z,2026-09-10T02:30:00Z,-39,-39,56056,2026-09-10T02:17:00Z,False,False,ORI,False,False,LKSDB-1,T_LKSDB-1
BOALF,2026-09-10,7,7,2026-09-10T02:19:00Z,2026-09-10T02:20:00Z,-40,-39,56055,2026-09-10T02:12:00Z,False,False,ORI,False,False,LKSDB-1,T_LKSDB-1
BOALF,2026-09-10,7,7,2026-09-10T02:15:00Z,2026-09-10T02:19:00Z,-40,-40,56055,2026-09-10T02:12:00Z,False,False,ORI,False,False,LKSDB-1,T_LKSDB-1
BOALF,2026-09-10,7,7,2026-09-10T02:14:00Z,2026-09-10T02:15:00Z,-39,-40,56055,2026-09-10T02:12:00Z,False,False,ORI,False,False,LKSDB-1,T_LKSDB-1
BOALF,2026-09-10,7,7,2026-09-10T02:10:00Z,2026-09-10T02:11:00Z,-43,-39,56054,2026-09-10T02:04:00Z,False,False,ORI,False,False,LKSDB-1,T_LKSDB-1
BOALF,2026-09-10,7,7,2026-09-10T02:08:00Z,2026-09-10T02:10:00Z,-43,-43,56054,2026-09-10T02:04:00Z,False,False,ORI,False,False,LKSDB-1,T_LKSDB-1
BOALF,2026-09-10,7,7,2026-09-10T02:07:00Z,2026-09-10T02:08:00Z,-39,-43,56054,2026-09-10T02:04:00Z,False,False,ORI,False,False,LKSDB-1,T_LKSDB-1
BOALF,2026-09-10,7,7,2026-09-10T02:00:00Z,2026-09-10T02:01:00Z,-62,-39,56051,2026-09-10T01:42:00Z,False,False,ORI,False,False,LKSDB-1,T_LKSDB-1
BOALF,2026-09-10,6,7,2026-09-10T01:57:00Z,2026-09-10T02:00:00Z,-62,-62,56051,2026-09-10T01:42:00Z,False,False,ORI,False,False,LKSDB-1,T_LKSDB-1
BOALF,2026-09-10,6,6,2026-09-10T01:56:00Z,2026-09-10T01:57:00Z,-43,-40,56050,2026-09-10T01:41:00Z,False,False,ORI,False,False,LKSDB-1,T_LKSDB-1
BOALF,2026-09-10,6,6,2026-09-10T01:56:00Z,2026-09-10T01:57:00Z,-43,-62,56051,2026-09-10T01:42:00Z,False,False,ORI,False,False,LKSDB-1,T_LKSDB-1
BOALF,2026-09-10,6,6,2026-09-10T01:56:00Z,2026-09-10T01:57:00Z,-75,-62,56053,2026-09-10T01:47:00Z,False,False,ORI,False,False,LKSDB-1,T_LKSDB-1
BOALF,2026-09-10,6,6,2026-09-10T01:54:00Z,2026-09-10T01:56:00Z,-43,-43,56050,2026-09-10T01:41:00Z,False,False,ORI,False,False,LKSDB-1,T_LKSDB-1
BOALF,2026-09-10,6,6,2026-09-10T01:53:00Z,2026-09-10T01:56:00Z,-75,-75,56053,2026-09-10T01:47:00Z,False,False,ORI,False,False,LKSDB-1,T_LKSDB-1
BOALF,2026-09-10,6,6,2026-09-10T01:53:00Z,2026-09-10T01:54:00Z,-40,-43,56050,2026-09-10T01:41:00Z,False,False,ORI,False,False,LKSDB-1,T_LKSDB-1
BOALF,2026-09-10,6,6,2026-09-10T01:52:00Z,2026-09-10T01:53:00Z,-40,-75,56053,2026-09-10T01:47:00Z,False,False,ORI,False,False,LKSDB-1,T_LKSDB-1
BOALF,2026-09-10,6,6,2026-09-10T01:49:00Z,2026-09-10T01:50:00Z,-41,-40,56052,2026-09-10T01:44:00Z,False,False,ORI,False,False,LKSDB-1,T_LKSDB-1
BOALF,2026-09-10,6,6,2026-09-10T01:47:00Z,2026-09-10T01:49:00Z,-41,-41,56052,2026-09-10T01:44:00Z,False,False,ORI,False,False,LKSDB-1,T_LKSDB-1
BOALF,2026-09-10,6,6,2026-09-10T01:46:00Z,2026-09-10T01:47:00Z,-40,-41,56052,2026-09-10T01:44:00Z,False,False,ORI,False,False,LKSDB-1,T_LKSDB-1
BOALF,2026-09-10,6,6,2026-09-10T01:30:00Z,2026-09-10T01:31:00Z,-40,-40,56046,2026-09-10T01:13:00Z,False,False,ORI,False,False,LKSDB-1,T_LKSDB-1
BOALF,2026-09-10,6,6,2026-09-10T01:30:00Z,2026-09-10T01:31:00Z,-60,-40,56049,2026-09-10T01:18:00Z,False,False,ORI,False,False,LKSDB-1,T_LKSDB-1
BOALF,2026-09-10,5,6,2026-09-10T01:29:00Z,2026-09-10T01:30:00Z,-4,0,56045,2026-09-10T01:12:00Z,False,False,ORI,False,False,LKSDB-1,T_LKSDB-1
BOALF,2026-09-10,5,6,2026-09-10T01:29:00Z,2026-09-10T01:30:00Z,-4,-40,56046,2026-09-10T01:13:00Z,False,False,ORI,False,False,LKSDB-1,T_LKSDB-1
BOALF,2026-09-10,5,6,2026-09-10T01:29:00Z,2026-09-10T01:30:00Z,-23,-40,56048,2026-09-10T01:17:00Z,False,False,ORI,False,False,LKSDB-1,T_LKSDB-1
BOALF,2026-09-10,5,5,2026-09-10T01:27:00Z,2026-09-10T01:29:00Z,-4,-4,56045,2026-09-10T01:12:00Z,False,False,ORI,False,False,LKSDB-1,T_LKSDB-1
BOALF,2026-09-10,5,5,2026-09-10T01:27:00Z,2026-09-10T01:29:00Z,-23,-23,56048,2026-09-10T01:17:00Z,False,False,ORI,False,False,LKSDB-1,T_LKSDB-1
BOALF,2026-09-10,5,5,2026-09-10T01:26:00Z,2026-09-10T01:27:00Z,0,-4,56045,2026-09-10T01:12:00Z,False,False,ORI,False,False,LKSDB-1,T_LKSDB-1
BOALF,2026-09-10,5,5,2026-09-10T01:26:00Z,2026-09-10T01:27:00Z,-11,-4,56047,2026-09-10T01:16:00Z,False,False,ORI,False,False,LKSDB-1,T_LKSDB-1
BOALF,2026-09-10,5,5,2026-09-10T01:26:00Z,2026-09-10T01:27:00Z,-11,-23,56048,2026-09-10T01:17:00Z,False,False,ORI,False,False,LKSDB-1,T_LKSDB-1
BOALF,2026-09-10,5,6,2026-09-10T01:24:00Z,2026-09-10T01:30:00Z,-60,-60,56049,2026-09-10T01:18:00Z,False,False,ORI,False,False,LKSDB-1,T_LKSDB-1
BOALF,2026-09-10,5,5,2026-09-10T01:24:00Z,2026-09-10T01:26:00Z,-11,-11,56047,2026-09-10T01:16:00Z,False,False,ORI,False,False,LKSDB-1,T_LKSDB-1
BOALF,2026-09-10,5,5,2026-09-10T01:23:00Z,2026-09-10T01:24:00Z,0,-11,56047,2026-09-10T01:16:00Z,False,False,ORI,False,False,LKSDB-1,T_LKSDB-1
BOALF,2026-09-10,5,5,2026-09-10T01:23:00Z,2026-09-10T01:24:00Z,0,-60,56049,2026-09-10T01:18:00Z,False,False,ORI,False,False,LKSDB-1,T_LKSDB-1
BOALF,2026-09-10,4,4,2026-09-10T00:43:00Z,2026-09-10T00:44:00Z,-40,0,56044,2026-09-10T00:28:00Z,False,False,ORI,False,False,LKSDB-1,T_LKSDB-1
BOALF,2026-09-10,4,4,2026-09-10T00:39:00Z,2026-09-10T00:43:00Z,-40,-40,56044,2026-09-10T00:28:00Z,False,False,ORI,False,False,LKSDB-1,T_LKSDB-1
BOALF,2026-09-10,4,4,2026-09-10T00:38:00Z,2026-09-10T00:39:00Z,-66,0,56043,2026-09-10T00:27:00Z,False,False,ORI,False,False,LKSDB-1,T_LKSDB-1
BOALF,2026-09-10,4,4,2026-09-10T00:38:00Z,2026-09-10T00:39:00Z,-66,-40,56044,2026-09-10T00:28:00Z,False,False,ORI,False,False,LKSDB-1,T_LKSDB-1
BOALF,2026-09-10,4,4,2026-09-10T00:34:00Z,2026-09-10T00:38:00Z,-66,-66,56043,2026-09-10T00:27:00Z,False,False,ORI,False,False,LKSDB-1,T_LKSDB-1
BOALF,2026-09-10,4,4,2026-09-10T00:33:00Z,2026-09-10T00:34:00Z,-97,0,56042,2026-09-10T00:26:00Z,False,False,ORI,False,False,LKSDB-1,T_LKSDB-1
BOALF,2026-09-10,4,4,2026-09-10T00:33:00Z,2026-09-10T00:34:00Z,-97,-66,56043,2026-09-10T00:27:00Z,False,False,ORI,False,False,LKSDB-1,T_LKSDB-1
BOALF,2026-09-10,4,4,2026-09-10T00:30:00Z,2026-09-10T00:33:00Z,-97,-97,56042,2026-09-10T00:26:00Z,False,False,ORI,False,False,LKSDB-1,T_LKSDB-1
BOALF,2026-09-10,4,4,2026-09-10T00:30:00Z,2026-09-10T00:31:00Z,-17,0,56040,2026-09-10T00:18:00Z,False,False,ORI,False,False,LKSDB-1,T_LKSDB-1
BOALF,2026-09-10,3,4,2026-09-10T00:29:00Z,2026-09-10T00:30:00Z,-17,-97,56042,2026-09-10T00:26:00Z,False,False,ORI,False,False,LKSDB-1,T_LKSDB-1
BOALF,2026-09-10,3,4,2026-09-10T00:27:00Z,2026-09-10T00:30:00Z,-17,-17,56040,2026-09-10T00:18:00Z,False,False,ORI,False,False,LKSDB-1,T_LKSDB-1
BOALF,2026-09-10,3,3,2026-09-10T00:26:00Z,2026-09-10T00:27:00Z,0,-17,56040,2026-09-10T00:18:00Z,False,False,ORI,False,False,LKSDB-1,T_LKSDB-1
BOALF,2026-09-10,3,3,2026-09-10T00:26:00Z,2026-09-10T00:27:00Z,-17,-17,56041,2026-09-10T00:21:00Z,False,False,ORI,False,False,LKSDB-1,T_LKSDB-1
BOALF,2026-09-10,3,3,2026-09-10T00:25:00Z,2026-09-10T00:26:00Z,0,-17,56041,2026-09-10T00:21:00Z,False,False,ORI,False,False,LKSDB-1,T_LKSDB-1
BOALF,2026-09-09,47,47,2026-09-09T22:20:00Z,2026-09-09T22:21:00Z,-25,0,56039,2026-09-09T22:05:00Z,False,False,ORI,False,False,LKSDB-1,T_LKSDB-1
BOALF,2026-09-09,47,47,2026-09-09T22:17:00Z,2026-09-09T22:20:00Z,-25,-25,56039,2026-09-09T22:05:00Z,False,False,ORI,False,False,LKSDB-1,T_LKSDB-1
BOALF,2026-09-09,47,47,2026-09-09T22:16:00Z,2026-09-09T22:17:00Z,-73,0,56038,2026-09-09T22:04:00Z,False,False,ORI,False,False,LKSDB-1,T_LKSDB-1
BOALF,2026-09-09,47,47,2026-09-09T22:16:00Z,2026-09-09T22:17:00Z,-73,-25,56039,2026-09-09T22:05:00Z,False,False,ORI,False,False,LKSDB-1,T_LKSDB-1
BOALF,2026-09-09,47,47,2026-09-09T22:13:00Z,2026-09-09T22:16:00Z,-73,-73,56038,2026-09-09T22:04:00Z,False,False,ORI,False,False,LKSDB-1,T_LKSDB-1
BOALF,2026-09-09,47,47,2026-09-09T22:12:00Z,2026-09-09T22:13:00Z,-99,0,56037,2026-09-09T22:03:00Z,False,False,ORI,False,False,LKSDB-1,T_LKSDB-1
BOALF,2026-09-09,47,47,2026-09-09T22:12:00Z,2026-09-09T22:13:00Z,-99,-73,56038,2026-09-09T22:04:00Z,False,False,ORI,False,False,LKSDB-1,T_LKSDB-1
BOALF,2026-09-09,47,47,2026-09-09T22:11:00Z,2026-09-09T22:12:00Z,-99,0,56036,2026-09-09T22:00:00Z,False,False,ORI,False,False,LKSDB-1,T_LKSDB-1
BOALF,2026-09-09,47,47,2026-09-09T22:11:00Z,2026-09-09T22:12:00Z,-99,-99,56037,2026-09-09T22:03:00Z,False,False,ORI,False,False,LKSDB-1,T_LKSDB-1
BOALF,2026-09-09,47,47,2026-09-09T22:07:00Z,2026-09-09T22:08:00Z,-80,0,56035,2026-09-09T21:58:00Z,False,False,ORI,False,False,LKSDB-1,T_LKSDB-1
BOALF,2026-09-09,47,47,2026-09-09T22:04:00Z,2026-09-09T22:07:00Z,-80,-80,56035,2026-09-09T21:58:00Z,False,False,ORI,False,False,LKSDB-1,T_LKSDB-1
BOALF,2026-09-09,47,47,2026-09-09T22:03:00Z,2026-09-09T22:11:00Z,-99,-99,56036,2026-09-09T22:00:00Z,False,False,ORI,False,False,LKSDB-1,T_LKSDB-1
BOALF,2026-09-09,47,47,2026-09-09T22:03:00Z,2026-09-09T22:04:00Z,0,-80,56035,2026-09-09T21:58:00Z,False,False,ORI,False,False,LKSDB-1,T_LKSDB-1
BOALF,2026-09-09,47,47,2026-09-09T22:02:00Z,2026-09-09T22:03:00Z,0,-99,56036,2026-09-09T22:00:00Z,False,False,ORI,False,False,LKSDB-1,T_LKSDB-1
BOALF,2026-09-09,46,46,2026-09-09T21:58:00Z,2026-09-09T21:59:00Z,-99,0,56034,2026-09-09T21:41:00Z,False,False,ORI,False,False,LKSDB-1,T_LKSDB-1
BOALF,2026-09-09,46,46,2026-09-09T21:56:00Z,2026-09-09T21:58:00Z,-99,-99,56034,2026-09-09T21:41:00Z,False,False,ORI,False,False,LKSDB-1,T_LKSDB-1
BOALF,2026-09-09,46,46,2026-09-09T21:55:00Z,2026-09-09T21:56:00Z,0,-99,56034,2026-09-09T21:41:00Z,False,False,ORI,False,False,LKSDB-1,T_LKSDB-1
BOALF,2026-09-09,46,46,2026-09-09T21:52:00Z,2026-09-09T21:53:00Z,-71,0,56033,2026-09-09T21:40:00Z,False,False,ORI,False,False,LKSDB-1,T_LKSDB-1
BOALF,2026-09-09,46,46,2026-09-09T21:48:00Z,2026-09-09T21:52:00Z,-71,-71,56033,2026-09-09T21:40:00Z,False,False,ORI,False,False,LKSDB-1,T_LKSDB-1
BOALF,2026-09-09,46,46,2026-09-09T21:47:00Z,2026-09-09T21:48:00Z,0,-71,56033,2026-09-09T21:40:00Z,False,False,ORI,False,False,LKSDB-1,T_LKSDB-1
BOALF,2026-09-09,46,46,2026-09-09T21:30:00Z,2026-09-09T21:31:00Z,-99,0,56032,2026-09-09T21:11:00Z,False,False,ORI,False,False,LKSDB-1,T_LKSDB-1
BOALF,2026-09-09,45,46,2026-09-09T21:25:00Z,2026-09-09T21:30:00Z,-99,-99,56032,2026-09-09T21:11:00Z,False,False,ORI,False,False,LKSDB-1,T_LKSDB-1
BOALF,2026-09-09,45,45,2026-09-09T21:25:00Z,2026-09-09T21:26:00Z,-99,0,56031,2026-09-09T21:08:00Z,False,False,ORI,False,False,LKSDB-1,T_LKSDB-1
BOALF,2026-09-09,45,45,2026-09-09T21:17:00Z,2026-09-09T21:25:00Z,-99,-99,56031,2026-09-09T21:08:00Z,False,False,ORI,False,False,LKSDB-1,T_LKSDB-1
BOALF,2026-09-09,45,45,2026-09-09T21:17:00Z,2026-09-09T21:18:00Z,-99,0,56030,2026-09-09T20:59:00Z,False,False,ORI,False,False,LKSDB-1,T_LKSDB-1
BOALF,2026-09-09,45,45,2026-09-09T21:10:00Z,2026-09-09T21:17:00Z,-99,-99,56030,2026-09-09T20:59:00Z,False,False,ORI,False,False,LKSDB-1,T_LKSDB-1
BOALF,2026-09-09,45,45,2026-09-09T21:10:00Z,2026-09-09T21:11:00Z,-99,0,56029,2026-09-09T20:58:00Z,False,False,ORI,False,False,LKSDB-1,T_LKSDB-1
BOALF,2026-09-09,45,45,2026-09-09T21:09:00Z,2026-09-09T21:10:00Z,-37,0,56028,2026-09-09T20:52:00Z,False,False,ORI,False,False,LKSDB-1,T_LKSDB-1
BOALF,2026-09-09,45,45,2026-09-09T21:07:00Z,2026-09-09T21:09:00Z,-37,-37,56028,2026-09-09T20:52:00Z,False,False,ORI,False,False,LKSDB-1,T_LKSDB-1
BOALF,2026-09-09,45,45,2026-09-09T21:06:00Z,2026-09-09T21:07:00Z,0,-37,56028,2026-09-09T20:52:00Z,False,False,ORI,False,False,LKSDB-1,T_LKSDB-1
BOALF,2026-09-09,45,45,2026-09-09T21:03:00Z,2026-09-09T21:10:00Z,-99,-99,56029,2026-09-09T20:58:00Z,False,False,ORI,False,False,LKSDB-1,T_LKSDB-1
BOALF,2026-09-09,45,45,2026-09-09T21:03:00Z,2026-09-09T21:04:00Z,-99,0,56027,2026-09-09T20:48:00Z,False,False,ORI,False,False,LKSDB-1,T_LKSDB-1
BOALF,2026-09-09,45,45,2026-09-09T21:01:00Z,2026-09-09T21:02:00Z,-2,0,56024,2026-09-09T20:43:00Z,False,False,ORI,False,False,LKSDB-1,T_LKSDB-1
BOALF,2026-09-09,45,45,2026-09-09T21:00:00Z,2026-09-09T21:01:00Z,-40,-2,56026,2026-09-09T20:47:00Z,False,False,ORI,False,False,LKSDB-1,T_LKSDB-1
BOALF,2026-09-09,44,45,2026-09-09T20:59:00Z,2026-09-09T21:01:00Z,-2,-2,56024,2026-09-09T20:43:00Z,False,False,ORI,False,False,LKSDB-1,T_LKSDB-1
BOALF,2026-09-09,44,44,2026-09-09T20:58:00Z,2026-09-09T20:59:00Z,0,-2,56024,2026-09-09T20:43:00Z,False,False,ORI,False,False,LKSDB-1,T_LKSDB-1
BOALF,2026-09-09,44,45,2026-09-09T20:57:00Z,2026-09-09T21:00:00Z,-40,-40,56026,2026-09-09T20:47:00Z,False,False,ORI,False,False,LKSDB-1,T_LKSDB-1
BOALF,2026-09-09,44,44,2026-09-09T20:56:00Z,2026-09-09T20:57:00Z,0,-40,56026,2026-09-09T20:47:00Z,False,False,ORI,False,False,LKSDB-1,T_LKSDB-1
BOALF,2026-09-09,44,45,2026-09-09T20:55:00Z,2026-09-09T21:03:00Z,-99,-99,56027,2026-09-09T20:48:00Z,False,False,ORI,False,False,LKSDB-1,T_LKSDB-1
BOALF,2026-09-09,44,44,2026-09-09T20:54:00Z,2026-09-09T20:55:00Z,0,-99,56027,2026-09-09T20:48:00Z,False,False,ORI,False,False,LKSDB-1,T_LKSDB-1
BOALF,2026-09-09,44,44,2026-09-09T20:50:00Z,2026-09-09T20:51:00Z,-41,0,56025,2026-09-09T20:46:00Z,False,False,ORI,False,False,LKSDB-1,T_LKSDB-1
BOALF,2026-09-09,44,44,2026-09-09T20:48:00Z,2026-09-09T20:50:00Z,-41,-41,56025,2026-09-09T20:46:00Z,False,False,ORI,False,False,LKSDB-1,T_LKSDB-1
BOALF,2026-09-09,44,44,2026-09-09T20:47:00Z,2026-09-09T20:48:00Z,0,-41,56025,2026-09-09T20:46:00Z,False,False,ORI,False,False,LKSDB-1,T_LKSDB-1
BOALF,2026-09-09,39,39,2026-09-09T18:14:00Z,2026-09-09T18:15:00Z,0,99,56023,2026-09-09T17:55:00Z,False,False,ORI,False,False,LKSDB-1,T_LKSDB-1
BOALF,2026-09-09,39,39,2026-09-09T18:09:00Z,2026-09-09T18:14:00Z,0,0,56023,2026-09-09T17:55:00Z,False,False,ORI,False,False,LKSDB-1,T_LKSDB-1
BOALF,2026-09-09,39,39,2026-09-09T18:08:00Z,2026-09-09T18:09:00Z,38,99,56022,2026-09-09T17:54:00Z,False,False,ORI,False,False,LKSDB-1,T_LKSDB-1
BOALF,2026-09-09,39,39,2026-09-09T18:08:00Z,2026-09-09T18:09:00Z,38,0,56023,2026-09-09T17:55:00Z,False,False,ORI,False,False,LKSDB-1,T_LKSDB-1
BOALF,2026-09-09,39,39,2026-09-09T18:06:00Z,2026-09-09T18:08:00Z,38,38,56022,2026-09-09T17:54:00Z,False,False,ORI,False,False,LKSDB-1,T_LKSDB-1
BOALF,2026-09-09,39,39,2026-09-09T18:05:00Z,2026-09-09T18:06:00Z,95,99,56021,2026-09-09T17:53:00Z,False,False,ORI,False,False,LKSDB-1,T_LKSDB-1
BOALF,2026-09-09,39,39,2026-09-09T18:05:00Z,2026-09-09T18:06:00Z,95,38,56022,2026-09-09T17:54:00Z,False,False,ORI,False,False,LKSDB-1,T_LKSDB-1
BOALF,2026-09-09,39,39,2026-09-09T18:03:00Z,2026-09-09T18:05:00Z,95,95,56021,2026-09-09T17:53:00Z,False,False,ORI,False,False,LKSDB-1,T_LKSDB-1
BOALF,2026-09-09,39,39,2026-09-09T18:02:00Z,2026-09-09T18:03:00Z,1,99,56020,2026-09-09T17:52:00Z,False,False,ORI,False,False,LKSDB-1,T_LKSDB-1
BOALF,2026-09-09,39,39,2026-09-09T18:02:00Z,2026-09-09T18:03:00Z,1,95,56021,2026-09-09T17:53:00Z,False,False,ORI,False,False,LKSDB-1,T_LKSDB-1
BOALF,2026-09-09,38,39,2026-09-09T17:57:00Z,2026-09-09T18:02:00Z,1,1,56020,2026-09-09T17:52:00Z,False,False,ORI,False,False,LKSDB-1,T_LKSDB-1
BOALF,2026-09-09,38,38,2026-09-09T17:57:00Z,2026-09-09T17:58:00Z,1,10,56019,2026-09-09T17:43:00Z,False,False,ORI,False,False,LKSDB-1,T_LKSDB-1
BOALF,2026-09-09,38,38,2026-09-09T17:55:00Z,2026-09-09T17:57:00Z,1,1,56019,2026-09-09T17:43:00Z,False,False,ORI,False,False,LKSDB-1,T_LKSDB-1
BOALF,2026-09-09,38,38,2026-09-09T17:54:00Z,2026-09-09T17:55:00Z,10,1,56019,2026-09-09T17:43:00Z,False,False,ORI,False,False,LKSDB-1,T_LKSDB-1
BOALF,2026-09-09,38,38,2026-09-09T17:37:00Z,2026-09-09T17:38:00Z,8,10,56018,2026-09-09T17:28:00Z,False,False,ORI,False,False,LKSDB-1,T_LKSDB-1
BOALF,2026-09-09,38,38,2026-09-09T17:34:00Z,2026-09-09T17:37:00Z,8,8,56018,2026-09-09T17:28:00Z,False,False,ORI,False,False,LKSDB-1,T_LKSDB-1
BOALF,2026-09-09,38,38,2026-09-09T17:33:00Z,2026-09-09T17:34:00Z,1,10,56017,2026-09-09T17:27:00Z,False,False,ORI,False,False,LKSDB-1,T_LKSDB-1
BOALF,2026-09-09,38,38,2026-09-09T17:33:00Z,2026-09-09T17:34:00Z,1,8,56018,2026-09-09T17:28:00Z,False,False,ORI,False,False,LKSDB-1,T_LKSDB-1
BOALF,2026-09-09,38,38,2026-09-09T17:32:00Z,2026-09-09T17:33:00Z,1,10,56016,2026-09-09T17:18:00Z,False,False,ORI,False,False,LKSDB-1,T_LKSDB-1
BOALF,2026-09-09,38,38,2026-09-09T17:32:00Z,2026-09-09T17:33:00Z,1,1,56017,2026-09-09T17:27:00Z,False,False,ORI,False,False,LKSDB-1,T_LKSDB-1
BOALF,2026-09-09,38,38,2026-09-09T17:30:00Z,2026-09-09T17:32:00Z,1,1,56016,2026-09-09T17:18:00Z,False,False,ORI,False,False,LKSDB-1,T_LKSDB-1
BOALF,2026-09-09,37,38,2026-09-09T17:29:00Z,2026-09-09T17:30:00Z,10,1,56016,2026-09-09T17:18:00Z,False,False,ORI,False,False,LKSDB-1,T_LKSDB-1
BOALF,2026-09-09,37,37,2026-09-09T17:17:00Z,2026-09-09T17:18:00Z,0,10,56015,2026-09-09T16:52:00Z,False,False,ORI,False,False,LKSDB-1,T_LKSDB-1
BOALF,2026-09-09,37,37,2026-09-09T17:05:00Z,2026-09-09T17:17:00Z,0,0,56015,2026-09-09T16:52:00Z,False,False,ORI,False,False,LKSDB-1,T_LKSDB-1
BOALF,2026-09-09,37,37,2026-09-09T17:04:00Z,2026-09-09T17:05:00Z,9,10,56014,2026-09-09T16:51:00Z,False,False,ORI,False,False,LKSDB-1,T_LKSDB-1
BOALF,2026-09-09,37,37,2026-09-09T17:04:00Z,2026-09-09T17:05:00Z,9,0,56015,2026-09-09T16:52:00Z,False,False,ORI,False,False,LKSDB-1,T_LKSDB-1
BOALF,2026-09-09,37,37,2026-09-09T17:02:00Z,2026-09-09T17:04:00Z,9,9,56014,2026-09-09T16:51:00Z,False,False,ORI,False,False,LKSDB-1,T_LKSDB-1
BOALF,2026-09-09,37,37,2026-09-09T17:01:00Z,2026-09-09T17:02:00Z,0,10,56013,2026-09-09T16:38:00Z,False,False,ORI,False,False,LKSDB-1,T_LKSDB-1
BOALF,2026-09-09,37,37,2026-09-09T17:01:00Z,2026-09-09T17:02:00Z,0,9,56014,2026-09-09T16:51:00Z,False,False,ORI,False,False,LKSDB-1,T_LKSDB-1
BOALF,2026-09-09,37,37,2026-09-09T17:00:00Z,2026-09-09T17:01:00Z,0,0,56013,2026-09-09T16:38:00Z,False,False,ORI,False,False,LKSDB-1,T_LKSDB-1
BOALF,2026-09-09,34,34,2026-09-09T15:44:00Z,2026-09-09T15:45:00Z,-5,0,56012,2026-09-09T15:31:00Z,False,False,ORI,False,False,LKSDB-1,T_LKSDB-1
BOALF,2026-09-09,34,34,2026-09-09T15:43:00Z,2026-09-09T15:44:00Z,-5,0,56011,2026-09-09T15:27:00Z,False,False,ORI,False,False,LKSDB-1,T_LKSDB-1
BOALF,2026-09-09,34,34,2026-09-09T15:43:00Z,2026-09-09T15:44:00Z,-5,-5,56012,2026-09-09T15:31:00Z,False,False,ORI,False,False,LKSDB-1,T_LKSDB-1
BOALF,2026-09-09,34,34,2026-09-09T15:35:00Z,2026-09-09T15:43:00Z,-5,-5,56011,2026-09-09T15:27:00Z,False,False,ORI,False,False,LKSDB-1,T_LKSDB-1
BOALF,2026-09-09,34,34,2026-09-09T15:35:00Z,2026-09-09T15:36:00Z,-5,0,56010,2026-09-09T15:11:00Z,False,False,ORI,False,False,LKSDB-1,T_LKSDB-1
BOALF,2026-09-09,33,34,2026-09-09T15:20:00Z,2026-09-09T15:35:00Z,-5,-5,56010,2026-09-09T15:11:00Z,False,False,ORI,False,False,LKSDB-1,T_LKSDB-1
BOALF,2026-09-09,33,33,2026-09-09T15:20:00Z,2026-09-09T15:21:00Z,-5,0,56009,2026-09-09T14:53:00Z,False,False,ORI,False,False,LKSDB-1,T_LKSDB-1
BOALF,2026-09-09,33,33,2026-09-09T15:00:00Z,2026-09-09T15:20:00Z,-5,-5,56009,2026-09-09T14:53:00Z,False,False,ORI,False,False,LKSDB-1,T_LKSDB-1
BOALF,2026-09-09,33,33,2026-09-09T15:00:00Z,2026-09-09T15:01:00Z,-5,0,56005,2026-09-09T14:28:00Z,False,False,ORI,False,False,LKSDB-1,T_LKSDB-1
BOALF,2026-09-09,32,33,2026-09-09T14:57:00Z,2026-09-09T15:00:00Z,-5,-5,56005,2026-09-09T14:28:00Z,False,False,ORI,False,False,LKSDB-1,T_LKSDB-1
BOALF,2026-09-09,32,32,2026-09-09T14:56:00Z,2026-09-09T14:57:00Z,0,-5,56005,2026-09-09T14:28:00Z,False,False,ORI,False,False,LKSDB-1,T_LKSDB-1
BOALF,2026-09-09,32,32,2026-09-09T14:56:00Z,2026-09-09T14:57:00Z,-5,-5,56008,2026-09-09T14:44:00Z,False,False,ORI,False,False,LKSDB-1,T_LKSDB-1
BOALF,2026-09-09,32,32,2026-09-09T14:55:00Z,2026-09-09T14:56:00Z,-6,0,56007,2026-09-09T14:43:00Z,False,False,ORI,False,False,LKSDB-1,T_LKSDB-1
BOALF,2026-09-09,32,32,2026-09-09T14:55:00Z,2026-09-09T14:56:00Z,-6,-5,56008,2026-09-09T14:44:00Z,False,False,ORI,False,False,LKSDB-1,T_LKSDB-1
BOALF,2026-09-09,32,32,2026-09-09T14:50:00Z,2026-09-09T14:55:00Z,-6,-6,56007,2026-09-09T14:43:00Z,False,False,ORI,False,False,LKSDB-1,T_LKSDB-1
BOALF,2026-09-09,32,32,2026-09-09T14:49:00Z,2026-09-09T14:50:00Z,0,-6,56007,2026-09-09T14:43:00Z,False,False,ORI,False,False,LKSDB-1,T_LKSDB-1
BOALF,2026-09-09,32,32,2026-09-09T14:43:00Z,2026-09-09T14:44:00Z,-1,0,56006,2026-09-09T14:36:00Z,False,False,ORI,False,False,LKSDB-1,T_LKSDB-1
BOALF,2026-09-09,32,32,2026-09-09T14:40:00Z,2026-09-09T14:43:00Z,-1,-1,56006,2026-09-09T14:36:00Z,False,False,ORI,False,False,LKSDB-1,T_LKSDB-1
BOALF,2026-09-09,32,32,2026-09-09T14:39:00Z,2026-09-09T14:40:00Z,0,-1,56006,2026-09-09T14:36:00Z,False,False,ORI,False,False,LKSDB-1,T_LKSDB-1
BOALF,2026-09-09,27,27,2026-09-09T12:19:00Z,2026-09-09T12:20:00Z,0,8,56004,2026-09-09T12:00:00Z,False,False,ORI,False,False,LKSDB-1,T_LKSDB-1
BOALF,2026-09-09,27,27,2026-09-09T12:12:00Z,2026-09-09T12:19:00Z,0,0,56004,2026-09-09T12:00:00Z,False,False,ORI,False,False,LKSDB-1,T_LKSDB-1
BOALF,2026-09-09,27,27,2026-09-09T12:12:00Z,2026-09-09T12:13:00Z,0,8,56003,2026-09-09T11:57:00Z,False,False,ORI,False,False,LKSDB-1,T_LKSDB-1
BOALF,2026-09-09,27,27,2026-09-09T12:05:00Z,2026-09-09T12:12:00Z,0,0,56003,2026-09-09T11:57:00Z,False,False,ORI,False,False,LKSDB-1,T_LKSDB-1
BOALF,2026-09-09,27,27,2026-09-09T12:04:00Z,2026-09-09T12:05:00Z,-1,0,56002,2026-09-09T11:54:00Z,False,False,ORI,False,False,LKSDB-1,T_LKSDB-1
BOALF,2026-09-09,27,27,2026-09-09T12:00:00Z,2026-09-09T12:04:00Z,-1,-1,56002,2026-09-09T11:54:00Z,False,False,ORI,False,False,LKSDB-1,T_LKSDB-1
BOALF,2026-09-09,27,27,2026-09-09T12:00:00Z,2026-09-09T12:01:00Z,-1,0,56001,2026-09-09T11:41:00Z,False,False,ORI,False,False,LKSDB-1,T_LKSDB-1
BOALF,2026-09-09,26,27,2026-09-09T11:52:00Z,2026-09-09T12:00:00Z,-1,-1,56001,2026-09-09T11:41:00Z,False,False,ORI,False,False,LKSDB-1,T_LKSDB-1
BOALF,2026-09-09,26,26,2026-09-09T11:52:00Z,2026-09-09T11:53:00Z,0,8,56000,2026-09-09T11:34:00Z,False,False,ORI,False,False,LKSDB-1,T_LKSDB-1
BOALF,2026-09-09,26,26,2026-09-09T11:51:00Z,2026-09-09T11:52:00Z,0,8,55999,2026-09-09T11:31:00Z,False,False,ORI,False,False,LKSDB-1,T_LKSDB-1
BOALF,2026-09-09,26,26,2026-09-09T11:51:00Z,2026-09-09T11:52:00Z,0,0,56000,2026-09-09T11:34:00Z,False,False,ORI,False,False,LKSDB-1,T_LKSDB-1
BOALF,2026-09-09,26,26,2026-09-09T11:51:00Z,2026-09-09T11:52:00Z,0,-1,56001,2026-09-09T11:41:00Z,False,False,ORI,False,False,LKSDB-1,T_LKSDB-1
BOALF,2026-09-09,26,26,2026-09-09T11:35:00Z,2026-09-09T11:51:00Z,0,0,55999,2026-09-09T11:31:00Z,False,False,ORI,False,False,LKSDB-1,T_LKSDB-1
BOALF,2026-09-09,26,26,2026-09-09T11:34:00Z,2026-09-09T11:35:00Z,8,0,55999,2026-09-09T11:31:00Z,False,False,ORI,False,False,LKSDB-1,T_LKSDB-1
BOALF,2026-09-09,25,26,2026-09-09T11:26:00Z,2026-09-09T11:30:00Z,0,0,55998,2026-09-09T11:13:00Z,False,False,ORI,False,False,LKSDB-1,T_LKSDB-1
BOALF,2026-09-09,25,25,2026-09-09T11:26:00Z,2026-09-09T11:27:00Z,0,8,55997,2026-09-09T11:10:00Z,False,False,ORI,False,False,LKSDB-1,T_LKSDB-1
BOALF,2026-09-09,25,25,2026-09-09T11:23:00Z,2026-09-09T11:26:00Z,0,0,55997,2026-09-09T11:10:00Z,False,False,ORI,False,False,LKSDB-1,T_LKSDB-1
BOALF,2026-09-09,25,25,2026-09-09T11:23:00Z,2026-09-09T11:24:00Z,0,8,55996,2026-09-09T11:05:00Z,False,False,ORI,False,False,LKSDB-1,T_LKSDB-1
BOALF,2026-09-09,25,25,2026-09-09T11:18:00Z,2026-09-09T11:23:00Z,0,0,55996,2026-09-09T11:05:00Z,False,False,ORI,False,False,LKSDB-1,T_LKSDB-1
BOALF,2026-09-09,25,25,2026-09-09T11:18:00Z,2026-09-09T11:19:00Z,0,8,55995,2026-09-09T11:00:00Z,False,False,ORI,False,False,LKSDB-1,T_LKSDB-1
BOALF,2026-09-09,25,25,2026-09-09T11:13:00Z,2026-09-09T11:18:00Z,0,0,55995,2026-09-09T11:00:00Z,False,False,ORI,False,False,LKSDB-1,T_LKSDB-1
BOALF,2026-09-09,25,25,2026-09-09T11:13:00Z,2026-09-09T11:14:00Z,0,8,55994,2026-09-09T10:54:00Z,False,False,ORI,False,False,LKSDB-1,T_LKSDB-1
BOALF,2026-09-09,25,25,2026-09-09T11:03:00Z,2026-09-09T11:13:00Z,0,0,55994,2026-09-09T10:54:00Z,False,False,ORI,False,False,LKSDB-1,T_LKSDB-1
BOALF,2026-09-09,25,25,2026-09-09T11:03:00Z,2026-09-09T11:04:00Z,0,8,55993,2026-09-09T10:42:00Z,False,False,ORI,False,False,LKSDB-1,T_LKSDB-1
BOALF,2026-09-09,25,25,2026-09-09T11:00:00Z,2026-09-09T11:03:00Z,0,0,55993,2026-09-09T10:42:00Z,False,False,ORI,False,False,LKSDB-1,T_LKSDB-1
BOALF,2026-09-09,24,25,2026-09-09T10:59:00Z,2026-09-09T11:00:00Z,1,0,55990,2026-09-09T10:32:00Z,False,False,ORI,False,False,LKSDB-1,T_LKSDB-1
BOALF,2026-09-09,24,24,2026-09-09T10:55:00Z,2026-09-09T10:56:00Z,0,1,55992,2026-09-09T10:38:00Z,False,False,ORI,False,False,LKSDB-1,T_LKSDB-1
BOALF,2026-09-09,24,24,2026-09-09T10:48:00Z,2026-09-09T10:59:00Z,1,1,55990,2026-09-09T10:32:00Z,False,False,ORI,False,False,LKSDB-1,T_LKSDB-1
BOALF,2026-09-09,24,24,2026-09-09T10:48:00Z,2026-09-09T10:49:00Z,1,8,55988,2026-09-09T10:23:00Z,False,False,ORI,False,False,LKSDB-1,T_LKSDB-1
BOALF,2026-09-09,24,24,2026-09-09T10:47:00Z,2026-09-09T10:55:00Z,0,0,55992,2026-09-09T10:38:00Z,False,False,ORI,False,False,LKSDB-1,T_LKSDB-1
BOALF,2026-09-09,24,24,2026-09-09T10:47:00Z,2026-09-09T10:48:00Z,0,1,55991,2026-09-09T10:36:00Z,False,False,ORI,False,False,LKSDB-1,T_LKSDB-1
BOALF,2026-09-09,24,24,2026-09-09T10:39:00Z,2026-09-09T10:48:00Z,1,1,55988,2026-09-09T10:23:00Z,False,False,ORI,False,False,LKSDB-1,T_LKSDB-1
BOALF,2026-09-09,24,24,2026-09-09T10:39:00Z,2026-09-09T10:47:00Z,0,0,55991,2026-09-09T10:36:00Z,False,False,ORI,False,False,LKSDB-1,T_LKSDB-1
BOALF,2026-09-09,24,24,2026-09-09T10:39:00Z,2026-09-09T10:40:00Z,0,1,55989,2026-09-09T10:28:00Z,False,False,ORI,False,False,LKSDB-1,T_LKSDB-1
BOALF,2026-09-09,24,24,2026-09-09T10:38:00Z,2026-09-09T10:39:00Z,0,8,55987,2026-09-09T10:07:00Z,False,False,ORI,False,False,LKSDB-1,T_LKSDB-1
BOALF,2026-09-09,24,24,2026-09-09T10:38:00Z,2026-09-09T10:39:00Z,0,1,55988,2026-09-09T10:23:00Z,False,False,ORI,False,False,LKSDB-1,T_LKSDB-1
BOALF,2026-09-09,24,24,2026-09-09T10:38:00Z,2026-09-09T10:39:00Z,0,0,55989,2026-09-09T10:28:00Z,False,False,ORI,False,False,LKSDB-1,T_LKSDB-1
BOALF,2026-09-09,24,24,2026-09-09T10:33:00Z,2026-09-09T10:38:00Z,0,0,55987,2026-09-09T10:07:00Z,False,False,ORI,False,False,LKSDB-1,T_LKSDB-1
BOALF,2026-09-09,24,24,2026-09-09T10:33:00Z,2026-09-09T10:34:00Z,0,8,55986,2026-09-09T09:59:00Z,False,False,ORI,False,False,LKSDB-1,T_LKSDB-1
BOALF,2026-09-09,24,24,2026-09-09T10:30:00Z,2026-09-09T10:33:00Z,0,0,55986,2026-09-09T09:59:00Z,False,False,ORI,False,False,LKSDB-1,T_LKSDB-1
BOALF,2026-09-09,20,20,2026-09-09T08:49:00Z,2026-09-09T08:50:00Z,-91,0,55985,2026-09-09T08:39:00Z,False,False,ORI,False,False,LKSDB-1,T_LKSDB-1
BOALF,2026-09-09,20,20,2026-09-09T08:47:00Z,2026-09-09T08:49:00Z,-91,-91,55985,2026-09-09T08:39:00Z,False,False,ORI,False,False,LKSDB-1,T_LKSDB-1
BOALF,2026-09-09,20,20,2026-09-09T08:47:00Z,2026-09-09T08:48:00Z,-91,0,55984,2026-09-09T08:23:00Z,False,False,ORI,False,False,LKSDB-1,T_LKSDB-1
BOALF,2026-09-09,20,20,2026-09-09T08:39:00Z,2026-09-09T08:47:00Z,-91,-91,55984,2026-09-09T08:23:00Z,False,False,ORI,False,False,LKSDB-1,T_LKSDB-1
BOALF,2026-09-09,20,20,2026-09-09T08:39:00Z,2026-09-09T08:40:00Z,-91,0,55983,2026-09-09T08:20:00Z,False,False,ORI,False,False,LKSDB-1,T_LKSDB-1
BOALF,2026-09-09,20,20,2026-09-09T08:31:00Z,2026-09-09T08:32:00Z,-13,0,55978,2026-09-09T08:09:00Z,False,False,ORI,False,False,LKSDB-1,T_LKSDB-1
BOALF,2026-09-09,19,20,2026-09-09T08:26:00Z,2026-09-09T08:31:00Z,-13,-13,55978,2026-09-09T08:09:00Z,False,False,ORI,False,False,LKSDB-1,T_LKSDB-1
BOALF,2026-09-09,19,20,2026-09-09T08:25:00Z,2026-09-09T08:39:00Z,-91,-91,55983,2026-09-09T08:20:00Z,False,False,ORI,False,False,LKSDB-1,T_LKSDB-1
BOALF,2026-09-09,19,19,2026-09-09T08:25:00Z,2026-09-09T08:26:00Z,0,-13,55978,2026-09-09T08:09:00Z,False,False,ORI,False,False,LKSDB-1,T_LKSDB-1
BOALF,2026-09-09,19,19,2026-09-09T08:25:00Z,2026-09-09T08:26:00Z,-13,-13,55981,2026-09-09T08:16:00Z,False,False,ORI,False,False,LKSDB-1,T_LKSDB-1
BOALF,2026-09-09,19,19,2026-09-09T08:24:00Z,2026-09-09T08:25:00Z,0,-13,55981,2026-09-09T08:16:00Z,False,False,ORI,False,False,LKSDB-1,T_LKSDB-1
BOALF,2026-09-09,19,19,2026-09-09T08:24:00Z,2026-09-09T08:25:00Z,-15,-13,55982,2026-09-09T08:19:00Z,False,False,ORI,False,False,LKSDB-1,T_LKSDB-1
BOALF,2026-09-09,19,19,2026-09-09T08:24:00Z,2026-09-09T08:25:00Z,-15,-91,55983,2026-09-09T08:20:00Z,False,False,ORI,False,False,LKSDB-1,T_LKSDB-1
BOALF,2026-09-09,19,19,2026-09-09T08:22:00Z,2026-09-09T08:24:00Z,-15,-15,55982,2026-09-09T08:19:00Z,False,False,ORI,False,False,LKSDB-1,T_LKSDB-1
BOALF,2026-09-09,19,19,2026-09-09T08:21:00Z,2026-09-09T08:22:00Z,-91,0,55980,2026-09-09T08:14:00Z,False,False,ORI,False,False,LKSDB-1,T_LKSDB-1
BOALF,2026-09-09,19,19,2026-09-09T08:21:00Z,2026-09-09T08:22:00Z,-91,-15,55982,2026-09-09T08:19:00Z,False,False,ORI,False,False,LKSDB-1,T_LKSDB-1
BOALF,2026-09-09,19,19,2026-09-09T08:20:00Z,2026-09-09T08:21:00Z,-40,0,55977,2026-09-09T08:07:00Z,False,False,ORI,False,False,LKSDB-1,T_LKSDB-1
BOALF,2026-09-09,19,19,2026-09-09T08:20:00Z,2026-09-09T08:21:00Z,-91,0,55979,2026-09-09T08:12:00Z,False,False,ORI,False,False,LKSDB-1,T_LKSDB-1
BOALF,2026-09-09,19,19,2026-09-09T08:20:00Z,2026-09-09T08:21:00Z,-91,-91,55980,2026-09-09T08:14:00Z,False,False,ORI,False,False,LKSDB-1,T_LKSDB-1
BOALF,2026-09-09,19,19,2026-09-09T08:18:00Z,2026-09-09T08:20:00Z,-40,-40,55977,2026-09-09T08:07:00Z,False,False,ORI,False,False,LKSDB-1,T_LKSDB-1
BOALF,2026-09-09,19,19,2026-09-09T08:17:00Z,2026-09-09T08:18:00Z,0,-40,55977,2026-09-09T08:07:00Z,False,False,ORI,False,False,LKSDB-1,T_LKSDB-1
BOALF,2026-09-09,19,19,2026-09-09T08:14:00Z,2026-09-09T08:20:00Z,-91,-91,55979,2026-09-09T08:12:00Z,False,False,ORI,False,False,LKSDB-1,T_LKSDB-1
BOALF,2026-09-09,19,19,2026-09-09T08:14:00Z,2026-09-09T08:15:00Z,-91,0,55976,2026-09-09T08:02:00Z,False,False,ORI,False,False,LKSDB-1,T_LKSDB-1
BOALF,2026-09-09,19,19,2026-09-09T08:11:00Z,2026-09-09T08:14:00Z,-91,-91,55976,2026-09-09T08:02:00Z,False,False,ORI,False,False,LKSDB-1,T_LKSDB-1
BOALF,2026-09-09,19,19,2026-09-09T08:10:00Z,2026-09-09T08:11:00Z,0,-91,55976,2026-09-09T08:02:00Z,False,False,ORI,False,False,LKSDB-1,T_LKSDB-1
BOALF,2026-09-09,19,19,2026-09-09T08:00:00Z,2026-09-09T08:01:00Z,-88,0,55975,2026-09-09T07:50:00Z,False,False,ORI,False,False,LKSDB-1,T_LKSDB-1
BOALF,2026-09-09,18,19,2026-09-09T07:59:00Z,2026-09-09T08:00:00Z,-88,0,55974,2026-09-09T07:47:00Z,False,False,ORI,False,False,LKSDB-1,T_LKSDB-1
BOALF,2026-09-09,18,19,2026-09-09T07:59:00Z,2026-09-09T08:00:00Z,-88,-88,55975,2026-09-09T07:50:00Z,False,False,ORI,False,False,LKSDB-1,T_LKSDB-1
BOALF,2026-09-09,18,18,2026-09-09T07:54:00Z,2026-09-09T07:59:00Z,-88,-88,55974,2026-09-09T07:47:00Z,False,False,ORI,False,False,LKSDB-1,T_LKSDB-1
BOALF,2026-09-09,18,18,2026-09-09T07:53:00Z,2026-09-09T07:54:00Z,0,-88,55974,2026-09-09T07:47:00Z,False,False,ORI,False,False,LKSDB-1,T_LKSDB-1
BOALF,2026-09-09,18,18,2026-09-09T07:49:00Z,2026-09-09T07:50:00Z,-62,0,55973,2026-09-09T07:43:00Z,False,False,ORI,False,False,LKSDB-1,T_LKSDB-1
BOALF,2026-09-09,18,18,2026-09-09T07:45:00Z,2026-09-09T07:49:00Z,-62,-62,55973,2026-09-09T07:43:00Z,False,False,ORI,False,False,LKSDB-1,T_LKSDB-1
BOALF,2026-09-09,18,18,2026-09-09T07:44:00Z,2026-09-09T07:45:00Z,-7,0,55972,2026-09-09T07:37:00Z,False,False,ORI,False,False,LKSDB-1,T_LKSDB-1
BOALF,2026-09-09,18,18,2026-09-09T07:44:00Z,2026-09-09T07:45:00Z,-7,-62,55973,2026-09-09T07:43:00Z,False,False,ORI,False,False,LKSDB-1,T_LKSDB-1
BOALF,2026-09-09,18,18,2026-09-09T07:43:00Z,2026-09-09T07:44:00Z,-3,0,55971,2026-09-09T07:33:00Z,False,False,ORI,False,False,LKSDB-1,T_LKSDB-1
BOALF,2026-09-09,18,18,2026-09-09T07:41:00Z,2026-09-09T07:43:00Z,-3,-3,55971,2026-09-09T07:33:00Z,False,False,ORI,False,False,LKSDB-1,T_LKSDB-1
BOALF,2026-09-09,18,18,2026-09-09T07:40:00Z,2026-09-09T07:44:00Z,-7,-7,55972,2026-09-09T07:37:00Z,False,False,ORI,False,False,LKSDB-1,T_LKSDB-1
BOALF,2026-09-09,18,18,2026-09-09T07:40:00Z,2026-09-09T07:41:00Z,0,-3,55971,2026-09-09T07:33:00Z,False,False,ORI,False,False,LKSDB-1,T_LKSDB-1
BOALF,2026-09-09,18,18,2026-09-09T07:39:00Z,2026-09-09T07:40:00Z,0,-7,55972,2026-09-09T07:37:00Z,False,False,ORI,False,False,LKSDB-1,T_LKSDB-1
BOALF,2026-09-09,18,18,2026-09-09T07:31:00Z,2026-09-09T07:32:00Z,-21,0,55970,2026-09-09T07:17:00Z,False,False,ORI,False,False,LKSDB-1,T_LKSDB-1
BOALF,2026-09-09,17,18,2026-09-09T07:25:00Z,2026-09-09T07:31:00Z,-21,-21,55970,2026-09-09T07:17:00Z,False,False,ORI,False,False,LKSDB-1,T_LKSDB-1
BOALF,2026-09-09,17,17,2026-09-09T07:24:00Z,2026-09-09T07:25:00Z,0,-21,55970,2026-09-09T07:17:00Z,False,False,ORI,False,False,LKSDB-1,T_LKSDB-1
BOALF,2026-09-09,17,17,2026-09-09T07:13:00Z,2026-09-09T07:14:00Z,-6,0,55969,2026-09-09T07:04:00Z,False,False,ORI,False,False,LKSDB-1,T_LKSDB-1
BOALF,2026-09-09,17,17,2026-09-09T07:08:00Z,2026-09-09T07:13:00Z,-6,-6,55969,2026-09-09T07:04:00Z,False,False,ORI,False,False,LKSDB-1,T_LKSDB-1
BOALF,2026-09-09,17,17,2026-09-09T07:07:00Z,2026-09-09T07:08:00Z,0,-6,55969,2026-09-09T07:04:00Z,False,False,ORI,False,False,LKSDB-1,T_LKSDB-1
BOALF,2026-09-09,16,17,2026-09-09T06:58:00Z,2026-09-09T07:00:00Z,0,0,55967,2026-09-09T06:50:00Z,False,False,ORI,False,False,LKSDB-1,T_LKSDB-1
BOALF,2026-09-09,16,16,2026-09-09T06:57:00Z,2026-09-09T06:58:00Z,74,0,55967,2026-09-09T06:50:00Z,False,False,ORI,False,False,LKSDB-1,T_LKSDB-1
BOALF,2026-09-09,16,16,2026-09-09T06:57:00Z,2026-09-09T06:58:00Z,0,0,55968,2026-09-09T06:54:00Z,False,False,ORI,False,False,LKSDB-1,T_LKSDB-1
BOALF,2026-09-09,16,16,2026-09-09T06:56:00Z,2026-09-09T06:57:00Z,74,0,55968,2026-09-09T06:54:00Z,False,False,ORI,False,False,LKSDB-1,T_LKSDB-1
BOALF,2026-09-09,16,16,2026-09-09T06:50:00Z,2026-09-09T06:51:00Z,0,74,55966,2026-09-09T06:46:00Z,False,False,ORI,False,False,LKSDB-1,T_LKSDB-1
BOALF,2026-09-09,16,16,2026-09-09T06:48:00Z,2026-09-09T06:50:00Z,0,0,55966,2026-09-09T06:46:00Z,False,False,ORI,False,False,LKSDB-1,T_LKSDB-1
BOALF,2026-09-09,16,16,2026-09-09T06:47:00Z,2026-09-09T06:48:00Z,74,0,55966,2026-09-09T06:46:00Z,False,False,ORI,False,False,LKSDB-1,T_LKSDB-1
BOALF,2026-09-09,16,16,2026-09-09T06:37:00Z,2026-09-09T06:38:00Z,73,74,55965,2026-09-09T06:31:00Z,False,False,ORI,False,False,LKSDB-1,T_LKSDB-1
BOALF,2026-09-09,16,16,2026-09-09T06:34:00Z,2026-09-09T06:37:00Z,73,73,55965,2026-09-09T06:31:00Z,False,False,ORI,False,False,LKSDB-1,T_LKSDB-1
BOALF,2026-09-09,16,16,2026-09-09T06:33:00Z,2026-09-09T06:34:00Z,74,73,55965,2026-09-09T06:31:00Z,False,False,ORI,False,False,LKSDB-1,T_LKSDB-1
BOALF,2026-09-09,15,15,2026-09-09T06:14:00Z,2026-09-09T06:15:00Z,0,58,55964,2026-09-09T06:04:00Z,False,False,ORI,False,False,LKSDB-1,T_LKSDB-1
BOALF,2026-09-09,15,15,2026-09-09T06:10:00Z,2026-09-09T06:14:00Z,0,0,55964,2026-09-09T06:04:00Z,False,False,ORI,False,False,LKSDB-1,T_LKSDB-1
BOALF,2026-09-09,15,15,2026-09-09T06:09:00Z,2026-09-09T06:10:00Z,58,0,55964,2026-09-09T06:04:00Z,False,False,ORI,False,False,LKSDB-1,T_LKSDB-1
BOALF,2026-09-09,14,15,2026-09-09T05:59:00Z,2026-09-09T06:00:00Z,-13,0,55963,2026-09-09T05:49:00Z,False,False,ORI,False,False,LKSDB-1,T_LKSDB-1
BOALF,2026-09-09,14,14,2026-09-09T05:57:00Z,2026-09-09T05:59:00Z,-13,-13,55963,2026-09-09T05:49:00Z,False,False,ORI,False,False,LKSDB-1,T_LKSDB-1
BOALF,2026-09-09,14,14,2026-09-09T05:56:00Z,2026-09-09T05:57:00Z,0,50,55962,2026-09-09T05:48:00Z,False,False,ORI,False,False,LKSDB-1,T_LKSDB-1
BOALF,2026-09-09,14,14,2026-09-09T05:56:00Z,2026-09-09T05:57:00Z,0,-13,55963,2026-09-09T05:49:00Z,False,False,ORI,False,False,LKSDB-1,T_LKSDB-1
BOALF,2026-09-09,14,14,2026-09-09T05:53:00Z,2026-09-09T05:56:00Z,0,0,55962,2026-09-09T05:48:00Z,False,False,ORI,False,False,LKSDB-1,T_LKSDB-1
BOALF,2026-09-09,14,14,2026-09-09T05:52:00Z,2026-09-09T05:53:00Z,50,0,55962,2026-09-09T05:48:00Z,False,False,ORI,False,False,LKSDB-1,T_LKSDB-1
BOALF,2026-09-09,14,14,2026-09-09T05:41:00Z,2026-09-09T05:42:00Z,0,50,55961,2026-09-09T05:35:00Z,False,False,ORI,False,False,LKSDB-1,T_LKSDB-1
BOALF,2026-09-09,14,14,2026-09-09T05:39:00Z,2026-09-09T05:41:00Z,0,0,55961,2026-09-09T05:35:00Z,False,False,ORI,False,False,LKSDB-1,T_LKSDB-1
BOALF,2026-09-09,14,14,2026-09-09T05:38:00Z,2026-09-09T05:39:00Z,50,0,55961,2026-09-09T05:35:00Z,False,False,ORI,False,False,LKSDB-1,T_LKSDB-1
BOALF,2026-09-09,14,14,2026-09-09T05:33:00Z,2026-09-09T05:34:00Z,0,50,55960,2026-09-09T05:28:00Z,False,False,ORI,False,False,LKSDB-1,T_LKSDB-1
BOALF,2026-09-09,14,14,2026-09-09T05:32:00Z,2026-09-09T05:33:00Z,0,50,55959,2026-09-09T05:03:00Z,False,False,ORI,False,False,LKSDB-1,T_LKSDB-1
BOALF,2026-09-09,14,14,2026-09-09T05:32:00Z,2026-09-09T05:33:00Z,0,0,55960,2026-09-09T05:28:00Z,False,False,ORI,False,False,LKSDB-1,T_LKSDB-1
BOALF,2026-09-09,14,14,2026-09-09T05:30:00Z,2026-09-09T05:32:00Z,0,0,55959,2026-09-09T05:03:00Z,False,False,ORI,False,False,LKSDB-1,T_LKSDB-1
BOALF,2026-09-09,7,7,2026-09-09T02:00:00Z,2026-09-09T02:01:00Z,-5,0,55958,2026-09-09T01:47:00Z,False,False,ORI,False,False,LKSDB-1,T_LKSDB-1
BOALF,2026-09-09,6,7,2026-09-09T01:58:00Z,2026-09-09T02:00:00Z,-5,-5,55958,2026-09-09T01:47:00Z,False,False,ORI,False,False,LKSDB-1,T_LKSDB-1
BOALF,2026-09-09,6,6,2026-09-09T01:58:00Z,2026-09-09T01:59:00Z,-5,0,55957,2026-09-09T01:31:00Z,False,False,ORI,False,False,LKSDB-1,T_LKSDB-1
BOALF,2026-09-09,6,6,2026-09-09T01:42:00Z,2026-09-09T01:58:00Z,-5,-5,55957,2026-09-09T01:31:00Z,False,False,ORI,False,False,LKSDB-1,T_LKSDB-1
BOALF,2026-09-09,6,6,2026-09-09T01:42:00Z,2026-09-09T01:43:00Z,-5,0,55956,2026-09-09T01:28:00Z,False,False,ORI,False,False,LKSDB-1,T_LKSDB-1
BOALF,2026-09-09,6,6,2026-09-09T01:37:00Z,2026-09-09T01:38:00Z,-1,0,55955,2026-09-09T01:26:00Z,False,False,ORI,False,False,LKSDB-1,T_LKSDB-1
BOALF,2026-09-09,6,6,2026-09-09T01:34:00Z,2026-09-09T01:37:00Z,-1,-1,55955,2026-09-09T01:26:00Z,False,False,ORI,False,False,LKSDB-1,T_LKSDB-1
BOALF,2026-09-09,6,6,2026-09-09T01:33:00Z,2026-09-09T01:34:00Z,0,-1,55955,2026-09-09T01:26:00Z,False,False,ORI,False,False,LKSDB-1,T_LKSDB-1
BOALF,2026-09-09,6,6,2026-09-09T01:32:00Z,2026-09-09T01:42:00Z,-5,-5,55956,2026-09-09T01:28:00Z,False,False,ORI,False,False,LKSDB-1,T_LKSDB-1
BOALF,2026-09-09,6,6,2026-09-09T01:31:00Z,2026-09-09T01:32:00Z,0,-5,55956,2026-09-09T01:28:00Z,False,False,ORI,False,False,LKSDB-1,T_LKSDB-1
BOALF,2026-09-09,5,5,2026-09-09T01:27:00Z,2026-09-09T01:28:00Z,-5,0,55954,2026-09-09T01:20:00Z,False,False,ORI,False,False,LKSDB-1,T_LKSDB-1
BOALF,2026-09-09,5,5,2026-09-09T01:22:00Z,2026-09-09T01:27:00Z,-5,-5,55954,2026-09-09T01:20:00Z,False,False,ORI,False,False,LKSDB-1,T_LKSDB-1
BOALF,2026-09-09,5,5,2026-09-09T01:21:00Z,2026-09-09T01:22:00Z,0,-5,55954,2026-09-09T01:20:00Z,False,False,ORI,False,False,LKSDB-1,T_LKSDB-1
BOALF,2026-09-09,2,3,2026-09-08T23:59:00Z,2026-09-09T00:00:00Z,-19,0,55953,2026-09-08T23:40:00Z,False,False,ORI,False,False,LKSDB-1,T_LKSDB-1
BOALF,2026-09-09,2,2,2026-09-08T23:57:00Z,2026-09-08T23:59:00Z,-19,-19,55953,2026-09-08T23:40:00Z,False,False,ORI,False,False,LKSDB-1,T_LKSDB-1
BOALF,2026-09-09,2,2,2026-09-08T23:56:00Z,2026-09-08T23:57:00Z,0,-19,55953,2026-09-08T23:40:00Z,False,False,ORI,False,False,LKSDB-1,T_LKSDB-1
BOALF,2026-09-08,47,47,2026-09-08T22:00:00Z,2026-09-08T22:01:00Z,-20,0,55952,2026-09-08T21:48:00Z,False,False,ORI,False,False,LKSDB-1,T_LKSDB-1
BOALF,2026-09-08,46,47,2026-09-08T21:58:00Z,2026-09-08T22:00:00Z,-20,-20,55952,2026-09-08T21:48:00Z,False,False,ORI,False,False,LKSDB-1,T_LKSDB-1
BOALF,2026-09-08,46,46,2026-09-08T21:57:00Z,2026-09-08T21:58:00Z,0,-20,55952,2026-09-08T21:48:00Z,False,False,ORI,False,False,LKSDB-1,T_LKSDB-1
BOALF,2026-09-08,45,46,2026-09-08T21:29:00Z,2026-09-08T21:30:00Z,-6,0,55951,2026-09-08T21:19:00Z,False,False,ORI,False,False,LKSDB-1,T_LKSDB-1
BOALF,2026-09-08,45,45,2026-09-08T21:26:00Z,2026-09-08T21:29:00Z,-6,-6,55951,2026-09-08T21:19:00Z,False,False,ORI,False,False,LKSDB-1,T_LKSDB-1
BOALF,2026-09-08,45,45,2026-09-08T21:25:00Z,2026-09-08T21:26:00Z,0,-6,55951,2026-09-08T21:19:00Z,False,False,ORI,False,False,LKSDB-1,T_LKSDB-1
BOALF,2026-09-08,43,44,2026-09-08T20:21:00Z,2026-09-08T20:30:00Z,0,0,55950,2026-09-08T19:37:00Z,False,True,ORI,False,False,LKSDB-1,T_LKSDB-1
BOALF,2026-09-08,43,43,2026-09-08T20:21:00Z,2026-09-08T20:22:00Z,0,98,55949,2026-09-08T19:18:00Z,False,True,ORI,False,False,LKSDB-1,T_LKSDB-1
BOALF,2026-09-08,42,43,2026-09-08T19:36:00Z,2026-09-08T20:21:00Z,0,0,55949,2026-09-08T19:18:00Z,False,True,ORI,False,False,LKSDB-1,T_LKSDB-1
BOALF,2026-09-08,42,42,2026-09-08T19:36:00Z,2026-09-08T19:37:00Z,0,99,55948,2026-09-08T19:04:00Z,False,True,ORI,False,False,LKSDB-1,T_LKSDB-1
BOALF,2026-09-08,41,42,2026-09-08T19:06:00Z,2026-09-08T19:36:00Z,0,0,55948,2026-09-08T19:04:00Z,False,True,ORI,False,False,LKSDB-1,T_LKSDB-1
BOALF,2026-09-08,41,41,2026-09-08T19:06:00Z,2026-09-08T19:07:00Z,0,81,55947,2026-09-08T18:33:00Z,False,True,ORI,False,False,LKSDB-1,T_LKSDB-1
BOALF,2026-09-08,41,41,2026-09-08T19:05:00Z,2026-09-08T19:06:00Z,-95,0,55947,2026-09-08T18:33:00Z,False,True,ORI,False,False,LKSDB-1,T_LKSDB-1
BOALF,2026-09-08,40,40,2026-09-08T18:51:00Z,2026-09-08T18:52:00Z,0,85,55946,2026-09-08T18:17:00Z,False,True,ORI,False,False,LKSDB-1,T_LKSDB-1
BOALF,2026-09-08,40,41,2026-09-08T18:50:00Z,2026-09-08T19:05:00Z,-95,-95,55947,2026-09-08T18:33:00Z,False,True,ORI,False,False,LKSDB-1,T_LKSDB-1
BOALF,2026-09-08,40,40,2026-09-08T18:50:00Z,2026-09-08T18:51:00Z,-95,0,55946,2026-09-08T18:17:00Z,False,True,ORI,False,False,LKSDB-1,T_LKSDB-1
BOALF,2026-09-08,39,40,2026-09-08T18:20:00Z,2026-09-08T18:50:00Z,-95,-95,55946,2026-09-08T18:17:00Z,False,True,ORI,False,False,LKSDB-1,T_LKSDB-1
BOALF,2026-09-08,39,39,2026-09-08T18:19:00Z,2026-09-08T18:20:00Z,0,-95,55946,2026-09-08T18:17:00Z,False,True,ORI,False,False,LKSDB-1,T_LKSDB-1
BOALF,2026-09-08,39,39,2026-09-08T18:18:00Z,2026-09-08T18:19:00Z,73,0,55946,2026-09-08T18:17:00Z,False,True,ORI,False,False,LKSDB-1,T_LKSDB-1
BOALF,2026-09-08,37,37,2026-09-08T17:02:00Z,2026-09-08T17:03:00Z,0,15,55945,2026-09-08T16:46:00Z,False,False,ORI,False,False,LKSDB-1,T_LKSDB-1
BOALF,2026-09-08,37,37,2026-09-08T17:01:00Z,2026-09-08T17:02:00Z,0,15,55944,2026-09-08T16:42:00Z,False,False,ORI,False,False,LKSDB-1,T_LKSDB-1
BOALF,2026-09-08,37,37,2026-09-08T17:01:00Z,2026-09-08T17:02:00Z,0,0,55945,2026-09-08T16:46:00Z,False,False,ORI,False,False,LKSDB-1,T_LKSDB-1
BOALF,2026-09-08,37,37,2026-09-08T17:00:00Z,2026-09-08T17:01:00Z,0,0,55944,2026-09-08T16:42:00Z,False,False,ORI,False,False,LKSDB-1,T_LKSDB-1
BOALF,2026-09-08,35,35,2026-09-08T16:00:00Z,2026-09-08T16:01:00Z,-27,0,55943,2026-09-08T15:43:00Z,False,False,ORI,False,False,LKSDB-1,T_LKSDB-1
BOALF,2026-09-08,34,35,2026-09-08T15:59:00Z,2026-09-08T16:00:00Z,-27,-27,55943,2026-09-08T15:43:00Z,False,False,ORI,False,False,LKSDB-1,T_LKSDB-1
BOALF,2026-09-08,34,34,2026-09-08T15:33:00Z,2026-09-08T15:34:00Z,-39,-27,55941,2026-09-08T15:22:00Z,False,False,ORI,False,False,LKSDB-1,T_LKSDB-1
BOALF,2026-09-08,34,34,2026-09-08T15:31:00Z,2026-09-08T15:33:00Z,-39,-39,55941,2026-09-08T15:22:00Z,False,False,ORI,False,False,LKSDB-1,T_LKSDB-1
BOALF,2026-09-08,34,34,2026-09-08T15:31:00Z,2026-09-08T15:32:00Z,-31,-27,55940,2026-09-08T15:15:00Z,False,False,ORI,False,False,LKSDB-1,T_LKSDB-1
BOALF,2026-09-08,34,34,2026-09-08T15:30:00Z,2026-09-08T15:31:00Z,-31,-39,55941,2026-09-08T15:22:00Z,False,False,ORI,False,False,LKSDB-1,T_LKSDB-1
BOALF,2026-09-08,33,34,2026-09-08T15:29:00Z,2026-09-08T15:31:00Z,-31,-31,55940,2026-09-08T15:15:00Z,False,False,ORI,False,False,LKSDB-1,T_LKSDB-1
BOALF,2026-09-08,31,31,2026-09-08T14:03:00Z,2026-09-08T14:04:00Z,-71,-70,55939,2026-09-08T13:49:00Z,False,False,ORI,False,False,LKSDB-1,T_LKSDB-1
BOALF,2026-09-08,31,31,2026-09-08T14:00:00Z,2026-09-08T14:03:00Z,-71,-71,55939,2026-09-08T13:49:00Z,False,False,ORI,False,False,LKSDB-1,T_LKSDB-1
BOALF,2026-09-08,30,31,2026-09-08T13:59:00Z,2026-09-08T14:00:00Z,-74,-71,55939,2026-09-08T13:49:00Z,False,False,ORI,False,False,LKSDB-1,T_LKSDB-1
BOALF,2026-09-08,29,29,2026-09-08T13:24:00Z,2026-09-08T13:25:00Z,0,-52,55938,2026-09-08T13:06:00Z,False,False,ORI,False,False,LKSDB-1,T_LKSDB-1
BOALF,2026-09-08,29,29,2026-09-08T13:20:00Z,2026-09-08T13:24:00Z,0,0,55938,2026-09-08T13:06:00Z,False,False,ORI,False,False,LKSDB-1,T_LKSDB-1
BOALF,2026-09-08,29,29,2026-09-08T13:20:00Z,2026-09-08T13:21:00Z,0,-52,55936,2026-09-08T12:55:00Z,False,False,ORI,False,False,LKSDB-1,T_LKSDB-1
BOALF,2026-09-08,29,29,2026-09-08T13:14:00Z,2026-09-08T13:20:00Z,0,0,55936,2026-09-08T12:55:00Z,False,False,ORI,False,False,LKSDB-1,T_LKSDB-1
BOALF,2026-09-08,29,29,2026-09-08T13:13:00Z,2026-09-08T13:14:00Z,-25,-52,55935,2026-09-08T12:54:00Z,False,False,ORI,False,False,LKSDB-1,T_LKSDB-1
BOALF,2026-09-08,29,29,2026-09-08T13:13:00Z,2026-09-08T13:14:00Z,-25,0,55936,2026-09-08T12:55:00Z,False,False,ORI,False,False,LKSDB-1,T_LKSDB-1
BOALF,2026-09-08,29,29,2026-09-08T13:10:00Z,2026-09-08T13:13:00Z,-25,-25,55935,2026-09-08T12:54:00Z,False,False,ORI,False,False,LKSDB-1,T_LKSDB-1
BOALF,2026-09-08,29,29,2026-09-08T13:09:00Z,2026-09-08T13:14:00Z,0,0,55937,2026-09-08T13:03:00Z,False,False,ORI,False,False,LKSDB-1,T_LKSDB-1
BOALF,2026-09-08,29,29,2026-09-08T13:09:00Z,2026-09-08T13:10:00Z,0,-52,55934,2026-09-08T12:53:00Z,False,False,ORI,False,False,LKSDB-1,T_LKSDB-1
BOALF,2026-09-08,29,29,2026-09-08T13:09:00Z,2026-09-08T13:10:00Z,0,-25,55935,2026-09-08T12:54:00Z,False,False,ORI,False,False,LKSDB-1,T_LKSDB-1
BOALF,2026-09-08,29,29,2026-09-08T13:05:00Z,2026-09-08T13:09:00Z,0,0,55934,2026-09-08T12:53:00Z,False,False,ORI,False,False,LKSDB-1,T_LKSDB-1
BOALF,2026-09-08,29,29,2026-09-08T13:05:00Z,2026-09-08T13:06:00Z,0,-52,55933,2026-09-08T12:47:00Z,False,False,ORI,False,False,LKSDB-1,T_LKSDB-1
BOALF,2026-09-08,29,29,2026-09-08T13:00:00Z,2026-09-08T13:05:00Z,0,0,55933,2026-09-08T12:47:00Z,False,False,ORI,False,False,LKSDB-1,T_LKSDB-1
BOALF,2026-09-08,23,23,2026-09-08T10:10:00Z,2026-09-08T10:11:00Z,0,-5,55932,2026-09-08T09:52:00Z,False,False,ORI,False,False,LKSDB-1,T_LKSDB-1
BOALF,2026-09-08,23,23,2026-09-08T10:00:00Z,2026-09-08T10:10:00Z,0,0,55932,2026-09-08T09:52:00Z,False,False,ORI,False,False,LKSDB-1,T_LKSDB-1
BOALF,2026-09-08,18,18,2026-09-08T07:58:00Z,2026-09-08T07:59:00Z,3,0,55931,2026-09-08T07:48:00Z,False,False,ORI,False,False,LKSDB-1,T_LKSDB-1
BOALF,2026-09-08,18,18,2026-09-08T07:56:00Z,2026-09-08T07:58:00Z,3,3,55931,2026-09-08T07:48:00Z,False,False,ORI,False,False,LKSDB-1,T_LKSDB-1
BOALF,2026-09-08,18,18,2026-09-08T07:56:00Z,2026-09-08T07:57:00Z,3,0,55930,2026-09-08T07:40:00Z,False,False,ORI,False,False,LKSDB-1,T_LKSDB-1
BOALF,2026-09-08,18,18,2026-09-08T07:55:00Z,2026-09-08T07:56:00Z,3,0,55929,2026-09-08T07:35:00Z,False,False,ORI,False,False,LKSDB-1,T_LKSDB-1
BOALF,2026-09-08,18,18,2026-09-08T07:55:00Z,2026-09-08T07:56:00Z,3,3,55930,2026-09-08T07:40:00Z,False,False,ORI,False,False,LKSDB-1,T_LKSDB-1
BOALF,2026-09-08,18,18,2026-09-08T07:48:00Z,2026-09-08T07:55:00Z,3,3,55929,2026-09-08T07:35:00Z,False,False,ORI,False,False,LKSDB-1,T_LKSDB-1
BOALF,2026-09-08,18,18,2026-09-08T07:48:00Z,2026-09-08T07:49:00Z,3,0,55928,2026-09-08T07:31:00Z,False,False,ORI,False,False,LKSDB-1,T_LKSDB-1
BOALF,2026-09-08,18,18,2026-09-08T07:33:00Z,2026-09-08T07:48:00Z,3,3,55928,2026-09-08T07:31:00Z,False,False,ORI,False,False,LKSDB-1,T_LKSDB-1
BOALF,2026-09-08,18,18,2026-09-08T07:32:00Z,2026-09-08T07:33:00Z,0,3,55928,2026-09-08T07:31:00Z,False,False,ORI,False,False,LKSDB-1,T_LKSDB-1
BOALF,2026-09-08,13,13,2026-09-08T05:23:00Z,2026-09-08T05:24:00Z,73,0,55927,2026-09-08T05:14:00Z,False,False,ORI,False,False,LKSDB-1,T_LKSDB-1
BOALF,2026-09-08,13,13,2026-09-08T05:22:00Z,2026-09-08T05:23:00Z,73,0,55926,2026-09-08T05:11:00Z,False,False,ORI,False,False,LKSDB-1,T_LKSDB-1
BOALF,2026-09-08,13,13,2026-09-08T05:22:00Z,2026-09-08T05:23:00Z,73,73,55927,2026-09-08T05:14:00Z,False,False,ORI,False,False,LKSDB-1,T_LKSDB-1
BOALF,2026-09-08,13,13,2026-09-08T05:21:00Z,2026-09-08T05:22:00Z,73,0,55925,2026-09-08T05:10:00Z,False,False,ORI,False,False,LKSDB-1,T_LKSDB-1
BOALF,2026-09-08,13,13,2026-09-08T05:21:00Z,2026-09-08T05:22:00Z,73,73,55926,2026-09-08T05:11:00Z,False,False,ORI,False,False,LKSDB-1,T_LKSDB-1
BOALF,2026-09-08,13,13,2026-09-08T05:19:00Z,2026-09-08T05:21:00Z,73,73,55925,2026-09-08T05:10:00Z,False,False,ORI,False,False,LKSDB-1,T_LKSDB-1
BOALF,2026-09-08,13,13,2026-09-08T05:19:00Z,2026-09-08T05:20:00Z,73,0,55924,2026-09-08T05:00:00Z,False,False,ORI,False,False,LKSDB-1,T_LKSDB-1
BOALF,2026-09-08,13,13,2026-09-08T05:13:00Z,2026-09-08T05:19:00Z,73,73,55924,2026-09-08T05:00:00Z,False,False,ORI,False,False,LKSDB-1,T_LKSDB-1
BOALF,2026-09-08,13,13,2026-09-08T05:13:00Z,2026-09-08T05:14:00Z,26,0,55922,2026-09-08T04:56:00Z,False,False,ORI,False,False,LKSDB-1,T_LKSDB-1
BOALF,2026-09-08,13,13,2026-09-08T05:13:00Z,2026-09-08T05:14:00Z,73,0,55923,2026-09-08T04:59:00Z,False,False,ORI,False,False,LKSDB-1,T_LKSDB-1
BOALF,2026-09-08,13,13,2026-09-08T05:10:00Z,2026-09-08T05:13:00Z,26,26,55922,2026-09-08T04:56:00Z,False,False,ORI,False,False,LKSDB-1,T_LKSDB-1
BOALF,2026-09-08,13,13,2026-09-08T05:09:00Z,2026-09-08T05:10:00Z,29,0,55921,2026-09-08T04:55:00Z,False,False,ORI,False,False,LKSDB-1,T_LKSDB-1
BOALF,2026-09-08,13,13,2026-09-08T05:09:00Z,2026-09-08T05:10:00Z,29,26,55922,2026-09-08T04:56:00Z,False,False,ORI,False,False,LKSDB-1,T_LKSDB-1
BOALF,2026-09-08,13,13,2026-09-08T05:07:00Z,2026-09-08T05:09:00Z,29,29,55921,2026-09-08T04:55:00Z,False,False,ORI,False,False,LKSDB-1,T_LKSDB-1
BOALF,2026-09-08,13,13,2026-09-08T05:06:00Z,2026-09-08T05:07:00Z,31,0,55920,2026-09-08T04:54:00Z,False,False,ORI,False,False,LKSDB-1,T_LKSDB-1
BOALF,2026-09-08,13,13,2026-09-08T05:06:00Z,2026-09-08T05:07:00Z,31,29,55921,2026-09-08T04:55:00Z,False,False,ORI,False,False,LKSDB-1,T_LKSDB-1
BOALF,2026-09-08,13,13,2026-09-08T05:03:00Z,2026-09-08T05:13:00Z,73,73,55923,2026-09-08T04:59:00Z,False,False,ORI,False,False,LKSDB-1,T_LKSDB-1
BOALF,2026-09-08,13,13,2026-09-08T05:03:00Z,2026-09-08T05:06:00Z,31,31,55920,2026-09-08T04:54:00Z,False,False,ORI,False,False,LKSDB-1,T_LKSDB-1
BOALF,2026-09-08,13,13,2026-09-08T05:02:00Z,2026-09-08T05:03:00Z,0,31,55920,2026-09-08T04:54:00Z,False,False,ORI,False,False,LKSDB-1,T_LKSDB-1
BOALF,2026-09-08,13,13,2026-09-08T05:02:00Z,2026-09-08T05:03:00Z,0,73,55923,2026-09-08T04:59:00Z,False,False,ORI,False,False,LKSDB-1,T_LKSDB-1
BOALF,2026-09-08,12,13,2026-09-08T04:59:00Z,2026-09-08T05:00:00Z,73,0,55918,2026-09-08T04:41:00Z,False,False,ORI,False,False,LKSDB-1,T_LKSDB-1
BOALF,2026-09-08,12,12,2026-09-08T04:57:00Z,2026-09-08T04:59:00Z,73,73,55918,2026-09-08T04:41:00Z,False,False,ORI,False,False,LKSDB-1,T_LKSDB-1
BOALF,2026-09-08,12,12,2026-09-08T04:56:00Z,2026-09-08T04:57:00Z,0,73,55918,2026-09-08T04:41:00Z,False,False,ORI,False,False,LKSDB-1,T_LKSDB-1
BOALF,2026-09-08,12,12,2026-09-08T04:49:00Z,2026-09-08T04:57:00Z,73,73,55919,2026-09-08T04:42:00Z,False,False,ORI,False,False,LKSDB-1,T_LKSDB-1
BOALF,2026-09-08,12,12,2026-09-08T04:48:00Z,2026-09-08T04:49:00Z,0,73,55919,2026-09-08T04:42:00Z,False,False,ORI,False,False,LKSDB-1,T_LKSDB-1
BOALF,2026-09-08,12,12,2026-09-08T04:43:00Z,2026-09-08T04:44:00Z,14,0,55917,2026-09-08T04:30:00Z,False,False,ORI,False,False,LKSDB-1,T_LKSDB-1
BOALF,2026-09-08,12,12,2026-09-08T04:41:00Z,2026-09-08T04:43:00Z,14,14,55917,2026-09-08T04:30:00Z,False,False,ORI,False,False,LKSDB-1,T_LKSDB-1
BOALF,2026-09-08,12,12,2026-09-08T04:40:00Z,2026-09-08T04:41:00Z,7,0,55916,2026-09-08T04:29:00Z,False,False,ORI,False,False,LKSDB-1,T_LKSDB-1
BOALF,2026-09-08,12,12,2026-09-08T04:40:00Z,2026-09-08T04:41:00Z,7,14,55917,2026-09-08T04:30:00Z,False,False,ORI,False,False,LKSDB-1,T_LKSDB-1
BOALF,2026-09-08,12,12,2026-09-08T04:37:00Z,2026-09-08T04:40:00Z,7,7,55916,2026-09-08T04:29:00Z,False,False,ORI,False,False,LKSDB-1,T_LKSDB-1
BOALF,2026-09-08,12,12,2026-09-08T04:36:00Z,2026-09-08T04:37:00Z,0,7,55916,2026-09-08T04:29:00Z,False,False,ORI,False,False,LKSDB-1,T_LKSDB-1
BOALF,2026-09-08,12,12,2026-09-08T04:30:00Z,2026-09-08T04:31:00Z,99,0,55915,2026-09-08T04:21:00Z,False,False,ORI,False,False,LKSDB-1,T_LKSDB-1
BOALF,2026-09-08,11,12,2026-09-08T04:29:00Z,2026-09-08T04:30:00Z,99,0,55914,2026-09-08T04:03:00Z,False,False,ORI,False,False,LKSDB-1,T_LKSDB-1
BOALF,2026-09-08,11,12,2026-09-08T04:29:00Z,2026-09-08T04:30:00Z,99,99,55915,2026-09-08T04:21:00Z,False,False,ORI,False,False,LKSDB-1,T_LKSDB-1
BOALF,2026-09-08,11,11,2026-09-08T04:11:00Z,2026-09-08T04:29:00Z,99,99,55914,2026-09-08T04:03:00Z,False,False,ORI,False,False,LKSDB-1,T_LKSDB-1
BOALF,2026-09-08,11,11,2026-09-08T04:11:00Z,2026-09-08T04:12:00Z,99,0,55913,2026-09-08T03:46:00Z,False,False,ORI,False,False,LKSDB-1,T_LKSDB-1
BOALF,2026-09-08,11,11,2026-09-08T04:03:00Z,2026-09-08T04:11:00Z,99,99,55913,2026-09-08T03:46:00Z,False,False,ORI,False,False,LKSDB-1,T_LKSDB-1
BOALF,2026-09-08,11,11,2026-09-08T04:03:00Z,2026-09-08T04:04:00Z,99,0,55912,2026-09-08T03:42:00Z,False,False,ORI,False,False,LKSDB-1,T_LKSDB-1
BOALF,2026-09-08,11,11,2026-09-08T04:01:00Z,2026-09-08T04:03:00Z,99,99,55912,2026-09-08T03:42:00Z,False,False,ORI,False,False,LKSDB-1,T_LKSDB-1
BOALF,2026-09-08,11,11,2026-09-08T04:00:00Z,2026-09-08T04:01:00Z,0,99,55912,2026-09-08T03:42:00Z,False,False,ORI,False,False,LKSDB-1,T_LKSDB-1
BOALF,2026-09-08,6,7,2026-09-08T01:59:00Z,2026-09-08T02:00:00Z,-18,-24,55911,2026-09-08T01:43:00Z,False,False,ORI,False,False,LKSDB-1,T_LKSDB-1
BOALF,2026-09-08,6,6,2026-09-08T01:57:00Z,2026-09-08T01:59:00Z,-18,-18,55911,2026-09-08T01:43:00Z,False,False,ORI,False,False,LKSDB-1,T_LKSDB-1
BOALF,2026-09-08,6,6,2026-09-08T01:56:00Z,2026-09-08T01:57:00Z,-24,-18,55911,2026-09-08T01:43:00Z,False,False,ORI,False,False,LKSDB-1,T_LKSDB-1
BOALF,2026-09-08,6,6,2026-09-08T01:52:00Z,2026-09-08T01:53:00Z,-7,-24,55909,2026-09-08T01:39:00Z,False,False,ORI,False,False,LKSDB-1,T_LKSDB-1
BOALF,2026-09-08,6,6,2026-09-08T01:52:00Z,2026-09-08T01:53:00Z,0,-24,55910,2026-09-08T01:40:00Z,False,False,ORI,False,False,LKSDB-1,T_LKSDB-1
BOALF,2026-09-08,6,6,2026-09-08T01:47:00Z,2026-09-08T01:52:00Z,-7,-7,55909,2026-09-08T01:39:00Z,False,False,ORI,False,False,LKSDB-1,T_LKSDB-1
BOALF,2026-09-08,6,6,2026-09-08T01:46:00Z,2026-09-08T01:52:00Z,0,0,55910,2026-09-08T01:40:00Z,False,False,ORI,False,False,LKSDB-1,T_LKSDB-1
BOALF,2026-09-08,6,6,2026-09-08T01:46:00Z,2026-09-08T01:47:00Z,-24,-7,55909,2026-09-08T01:39:00Z,False,False,ORI,False,False,LKSDB-1,T_LKSDB-1
BOALF,2026-09-08,6,6,2026-09-08T01:45:00Z,2026-09-08T01:46:00Z,-24,0,55910,2026-09-08T01:40:00Z,False,False,ORI,False,False,LKSDB-1,T_LKSDB-1
BOALF,2026-09-08,6,6,2026-09-08T01:42:00Z,2026-09-08T01:43:00Z,-8,-24,55908,2026-09-08T01:24:00Z,False,False,ORI,False,False,LKSDB-1,T_LKSDB-1
BOALF,2026-09-08,6,6,2026-09-08T01:40:00Z,2026-09-08T01:42:00Z,-8,-8,55908,2026-09-08T01:24:00Z,False,False,ORI,False,False,LKSDB-1,T_LKSDB-1
BOALF,2026-09-08,6,6,2026-09-08T01:39:00Z,2026-09-08T01:40:00Z,-19,-24,55907,2026-09-08T01:23:00Z,False,False,ORI,False,False,LKSDB-1,T_LKSDB-1
BOALF,2026-09-08,6,6,2026-09-08T01:39:00Z,2026-09-08T01:40:00Z,-19,-8,55908,2026-09-08T01:24:00Z,False,False,ORI,False,False,LKSDB-1,T_LKSDB-1
BOALF,2026-09-08,6,6,2026-09-08T01:36:00Z,2026-09-08T01:39:00Z,-19,-19,55907,2026-09-08T01:23:00Z,False,False,ORI,False,False,LKSDB-1,T_LKSDB-1
BOALF,2026-09-08,6,6,2026-09-08T01:35:00Z,2026-09-08T01:36:00Z,-24,-19,55907,2026-09-08T01:23:00Z,False,False,ORI,False,False,LKSDB-1,T_LKSDB-1
BOALF,2026-09-08,4,5,2026-09-08T00:59:00Z,2026-09-08T01:00:00Z,-6,-24,55904,2026-09-08T00:18:00Z,False,False,ORI,False,False,LKSDB-1,T_LKSDB-1
BOALF,2026-09-08,4,5,2026-09-08T00:59:00Z,2026-09-08T01:00:00Z,0,-24,55905,2026-09-08T00:20:00Z,False,False,ORI,False,False,LKSDB-1,T_LKSDB-1
BOALF,2026-09-08,4,5,2026-09-08T00:59:00Z,2026-09-08T01:00:00Z,11,0,55906,2026-09-08T00:51:00Z,False,False,ORI,False,False,LKSDB-1,T_LKSDB-1
BOALF,2026-09-08,4,4,2026-09-08T00:56:00Z,2026-09-08T00:59:00Z,-6,-6,55904,2026-09-08T00:18:00Z,False,False,ORI,False,False,LKSDB-1,T_LKSDB-1
BOALF,2026-09-08,4,4,2026-09-08T00:55:00Z,2026-09-08T00:56:00Z,-15,-24,55903,2026-09-08T00:17:00Z,False,False,ORI,False,False,LKSDB-1,T_LKSDB-1
BOALF,2026-09-08,4,4,2026-09-08T00:55:00Z,2026-09-08T00:56:00Z,-15,-6,55904,2026-09-08T00:18:00Z,False,False,ORI,False,False,LKSDB-1,T_LKSDB-1
BOALF,2026-09-08,4,4,2026-09-08T00:54:00Z,2026-09-08T00:59:00Z,11,11,55906,2026-09-08T00:51:00Z,False,False,ORI,False,False,LKSDB-1,T_LKSDB-1
BOALF,2026-09-08,4,4,2026-09-08T00:53:00Z,2026-09-08T00:55:00Z,-15,-15,55903,2026-09-08T00:17:00Z,False,False,ORI,False,False,LKSDB-1,T_LKSDB-1
BOALF,2026-09-08,4,4,2026-09-08T00:53:00Z,2026-09-08T00:54:00Z,0,11,55906,2026-09-08T00:51:00Z,False,False,ORI,False,False,LKSDB-1,T_LKSDB-1
BOALF,2026-09-08,4,4,2026-09-08T00:52:00Z,2026-09-08T00:59:00Z,0,0,55905,2026-09-08T00:20:00Z,False,False,ORI,False,False,LKSDB-1,T_LKSDB-1
BOALF,2026-09-08,4,4,2026-09-08T00:52:00Z,2026-09-08T00:53:00Z,0,-24,55902,2026-09-08T00:16:00Z,False,False,ORI,False,False,LKSDB-1,T_LKSDB-1
BOALF,2026-09-08,4,4,2026-09-08T00:52:00Z,2026-09-08T00:53:00Z,0,-15,55903,2026-09-08T00:17:00Z,False,False,ORI,False,False,LKSDB-1,T_LKSDB-1
BOALF,2026-09-08,4,4,2026-09-08T00:42:00Z,2026-09-08T00:52:00Z,0,0,55902,2026-09-08T00:16:00Z,False,False,ORI,False,False,LKSDB-1,T_LKSDB-1
BOALF,2026-09-08,4,4,2026-09-08T00:41:00Z,2026-09-08T00:42:00Z,31,0,55901,2026-09-08T00:15:00Z,False,False,ORI,False,False,LKSDB-1,T_LKSDB-1
BOALF,2026-09-08,4,4,2026-09-08T00:41:00Z,2026-09-08T00:42:00Z,31,0,55902,2026-09-08T00:16:00Z,False,False,ORI,False,False,LKSDB-1,T_LKSDB-1
BOALF,2026-09-08,4,4,2026-09-08T00:33:00Z,2026-09-08T00:41:00Z,31,31,55901,2026-09-08T00:15:00Z,False,False,ORI,False,False,LKSDB-1,T_LKSDB-1
BOALF,2026-09-08,4,4,2026-09-08T00:33:00Z,2026-09-08T00:34:00Z,31,0,55899,2026-09-08T00:06:00Z,False,False,ORI,False,False,LKSDB-1,T_LKSDB-1
BOALF,2026-09-08,4,4,2026-09-08T00:31:00Z,2026-09-08T00:33:00Z,31,31,55899,2026-09-08T00:06:00Z,False,False,ORI,False,False,LKSDB-1,T_LKSDB-1
BOALF,2026-09-08,4,4,2026-09-08T00:30:00Z,2026-09-08T00:31:00Z,0,31,55899,2026-09-08T00:06:00Z,False,False,ORI,False,False,LKSDB-1,T_LKSDB-1
BOALF,2026-09-08,3,3,2026-09-08T00:27:00Z,2026-09-08T00:28:00Z,11,0,55900,2026-09-08T00:12:00Z,False,False,ORI,False,False,LKSDB-1,T_LKSDB-1
BOALF,2026-09-08,3,3,2026-09-08T00:16:00Z,2026-09-08T00:27:00Z,11,11,55900,2026-09-08T00:12:00Z,False,False,ORI,False,False,LKSDB-1,T_LKSDB-1
BOALF,2026-09-08,3,3,2026-09-08T00:15:00Z,2026-09-08T00:16:00Z,0,11,55900,2026-09-08T00:12:00Z,False,False,ORI,False,False,LKSDB-1,T_LKSDB-1
BOALF,2026-09-07,46,47,2026-09-07T21:58:00Z,2026-09-07T22:00:00Z,0,0,55898,2026-09-07T21:41:00Z,False,False,ORI,False,False,LKSDB-1,T_LKSDB-1
BOALF,2026-09-07,46,46,2026-09-07T21:57:00Z,2026-09-07T21:58:00Z,-4,-38,55897,2026-09-07T21:40:00Z,False,False,ORI,False,False,LKSDB-1,T_LKSDB-1
BOALF,2026-09-07,46,46,2026-09-07T21:57:00Z,2026-09-07T21:58:00Z,-4,0,55898,2026-09-07T21:41:00Z,False,False,ORI,False,False,LKSDB-1,T_LKSDB-1
BOALF,2026-09-07,46,46,2026-09-07T21:48:00Z,2026-09-07T21:57:00Z,-4,-4,55897,2026-09-07T21:40:00Z,False,False,ORI,False,False,LKSDB-1,T_LKSDB-1
BOALF,2026-09-07,46,46,2026-09-07T21:47:00Z,2026-09-07T21:48:00Z,-22,-38,55896,2026-09-07T21:39:00Z,False,False,ORI,False,False,LKSDB-1,T_LKSDB-1
BOALF,2026-09-07,46,46,2026-09-07T21:47:00Z,2026-09-07T21:48:00Z,-22,-4,55897,2026-09-07T21:40:00Z,False,False,ORI,False,False,LKSDB-1,T_LKSDB-1
BOALF,2026-09-07,46,46,2026-09-07T21:43:00Z,2026-09-07T21:47:00Z,-22,-22,55896,2026-09-07T21:39:00Z,False,False,ORI,False,False,LKSDB-1,T_LKSDB-1
BOALF,2026-09-07,46,46,2026-09-07T21:42:00Z,2026-09-07T21:43:00Z,-38,-22,55896,2026-09-07T21:39:00Z,False,False,ORI,False,False,LKSDB-1,T_LKSDB-1
BOALF,2026-09-07,46,46,2026-09-07T21:39:00Z,2026-09-07T21:40:00Z,-19,-38,55895,2026-09-07T21:35:00Z,False,False,ORI,False,False,LKSDB-1,T_LKSDB-1
BOALF,2026-09-07,46,46,2026-09-07T21:37:00Z,2026-09-07T21:39:00Z,-19,-19,55895,2026-09-07T21:35:00Z,False,False,ORI,False,False,LKSDB-1,T_LKSDB-1
BOALF,2026-09-07,46,46,2026-09-07T21:36:00Z,2026-09-07T21:37:00Z,-38,-19,55895,2026-09-07T21:35:00Z,False,False,ORI,False,False,LKSDB-1,T_LKSDB-1
BOALF,2026-09-07,42,42,2026-09-07T19:58:00Z,2026-09-07T19:59:00Z,-99,0,55893,2026-09-07T19:43:00Z,False,False,ORI,False,False,LKSDB-1,T_LKSDB-1
BOALF,2026-09-07,42,42,2026-09-07T19:56:00Z,2026-09-07T19:58:00Z,-99,-99,55893,2026-09-07T19:43:00Z,False,False,ORI,False,False,LKSDB-1,T_LKSDB-1
BOALF,2026-09-07,42,42,2026-09-07T19:55:00Z,2026-09-07T19:56:00Z,-9,0,55892,2026-09-07T19:42:00Z,False,False,ORI,False,False,LKSDB-1,T_LKSDB-1
BOALF,2026-09-07,42,42,2026-09-07T19:55:00Z,2026-09-07T19:56:00Z,-9,-99,55893,2026-09-07T19:43:00Z,False,False,ORI,False,False,LKSDB-1,T_LKSDB-1
BOALF,2026-09-07,42,42,2026-09-07T19:55:00Z,2026-09-07T19:56:00Z,-99,-99,55894,2026-09-07T19:49:00Z,False,False,ORI,False,False,LKSDB-1,T_LKSDB-1
BOALF,2026-09-07,42,42,2026-09-07T19:54:00Z,2026-09-07T19:55:00Z,-9,-99,55894,2026-09-07T19:49:00Z,False,False,ORI,False,False,LKSDB-1,T_LKSDB-1
BOALF,2026-09-07,42,42,2026-09-07T19:50:00Z,2026-09-07T19:55:00Z,-9,-9,55892,2026-09-07T19:42:00Z,False,False,ORI,False,False,LKSDB-1,T_LKSDB-1
BOALF,2026-09-07,42,42,2026-09-07T19:49:00Z,2026-09-07T19:50:00Z,-48,0,55891,2026-09-07T19:41:00Z,False,False,ORI,False,False,LKSDB-1,T_LKSDB-1
BOALF,2026-09-07,42,42,2026-09-07T19:49:00Z,2026-09-07T19:50:00Z,-48,-9,55892,2026-09-07T19:42:00Z,False,False,ORI,False,False,LKSDB-1,T_LKSDB-1
BOALF,2026-09-07,42,42,2026-09-07T19:47:00Z,2026-09-07T19:49:00Z,-48,-48,55891,2026-09-07T19:41:00Z,False,False,ORI,False,False,LKSDB-1,T_LKSDB-1
BOALF,2026-09-07,42,42,2026-09-07T19:46:00Z,2026-09-07T19:47:00Z,0,-48,55891,2026-09-07T19:41:00Z,False,False,ORI,False,False,LKSDB-1,T_LKSDB-1
BOALF,2026-09-07,42,42,2026-09-07T19:34:00Z,2026-09-07T19:35:00Z,-55,0,55890,2026-09-07T19:30:00Z,False,False,ORI,False,False,LKSDB-1,T_LKSDB-1
BOALF,2026-09-07,42,42,2026-09-07T19:32:00Z,2026-09-07T19:34:00Z,-55,-55,55890,2026-09-07T19:30:00Z,False,False,ORI,False,False,LKSDB-1,T_LKSDB-1
BOALF,2026-09-07,42,42,2026-09-07T19:31:00Z,2026-09-07T19:32:00Z,0,-55,55890,2026-09-07T19:30:00Z,False,False,ORI,False,False,LKSDB-1,T_LKSDB-1
BOALF,2026-09-07,40,41,2026-09-07T18:59:00Z,2026-09-07T19:00:00Z,19,0,55889,2026-09-07T18:43:00Z,False,False,ORI,False,False,LKSDB-1,T_LKSDB-1
BOALF,2026-09-07,40,40,2026-09-07T18:58:00Z,2026-09-07T18:59:00Z,19,19,55889,2026-09-07T18:43:00Z,False,False,ORI,False,False,LKSDB-1,T_LKSDB-1
BOALF,2026-09-07,40,40,2026-09-07T18:57:00Z,2026-09-07T18:58:00Z,39,19,55889,2026-09-07T18:43:00Z,False,False,ORI,False,False,LKSDB-1,T_LKSDB-1
BOALF,2026-09-07,40,40,2026-09-07T18:38:00Z,2026-09-07T18:39:00Z,99,39,55888,2026-09-07T18:21:00Z,False,False,ORI,False,False,LKSDB-1,T_LKSDB-1
BOALF,2026-09-07,40,40,2026-09-07T18:34:00Z,2026-09-07T18:35:00Z,59,39,55887,2026-09-07T18:19:00Z,False,False,ORI,False,False,LKSDB-1,T_LKSDB-1
BOALF,2026-09-07,40,40,2026-09-07T18:33:00Z,2026-09-07T18:38:00Z,99,99,55888,2026-09-07T18:21:00Z,False,False,ORI,False,False,LKSDB-1,T_LKSDB-1
BOALF,2026-09-07,40,40,2026-09-07T18:32:00Z,2026-09-07T18:33:00Z,59,99,55888,2026-09-07T18:21:00Z,False,False,ORI,False,False,LKSDB-1,T_LKSDB-1
BOALF,2026-09-07,40,40,2026-09-07T18:30:00Z,2026-09-07T18:34:00Z,59,59,55887,2026-09-07T18:19:00Z,False,False,ORI,False,False,LKSDB-1,T_LKSDB-1
BOALF,2026-09-07,39,40,2026-09-07T18:29:00Z,2026-09-07T18:30:00Z,99,32,55886,2026-09-07T18:18:00Z,False,False,ORI,False,False,LKSDB-1,T_LKSDB-1
BOALF,2026-09-07,39,40,2026-09-07T18:29:00Z,2026-09-07T18:30:00Z,99,59,55887,2026-09-07T18:19:00Z,False,False,ORI,False,False,LKSDB-1,T_LKSDB-1
BOALF,2026-09-07,39,39,2026-09-07T18:26:00Z,2026-09-07T18:29:00Z,99,99,55886,2026-09-07T18:18:00Z,False,False,ORI,False,False,LKSDB-1,T_LKSDB-1
BOALF,2026-09-07,39,39,2026-09-07T18:26:00Z,2026-09-07T18:27:00Z,99,73,55885,2026-09-07T18:11:00Z,False,False,ORI,False,False,LKSDB-1,T_LKSDB-1
BOALF,2026-09-07,39,39,2026-09-07T18:25:00Z,2026-09-07T18:26:00Z,99,73,55884,2026-09-07T18:08:00Z,False,False,ORI,False,False,LKSDB-1,T_LKSDB-1
BOALF,2026-09-07,39,39,2026-09-07T18:25:00Z,2026-09-07T18:26:00Z,99,99,55885,2026-09-07T18:11:00Z,False,False,ORI,False,False,LKSDB-1,T_LKSDB-1
BOALF,2026-09-07,39,39,2026-09-07T18:16:00Z,2026-09-07T18:25:00Z,99,99,55884,2026-09-07T18:08:00Z,False,False,ORI,False,False,LKSDB-1,T_LKSDB-1
BOALF,2026-09-07,39,39,2026-09-07T18:16:00Z,2026-09-07T18:17:00Z,99,73,55883,2026-09-07T18:04:00Z,False,False,ORI,False,False,LKSDB-1,T_LKSDB-1
BOALF,2026-09-07,39,39,2026-09-07T18:06:00Z,2026-09-07T18:16:00Z,99,99,55883,2026-09-07T18:04:00Z,False,False,ORI,False,False,LKSDB-1,T_LKSDB-1
BOALF,2026-09-07,39,39,2026-09-07T18:05:00Z,2026-09-07T18:06:00Z,73,99,55883,2026-09-07T18:04:00Z,False,False,ORI,False,False,LKSDB-1,T_LKSDB-1
BOALF,2026-09-07,38,38,2026-09-07T17:57:00Z,2026-09-07T17:58:00Z,66,68,55881,2026-09-07T17:49:00Z,False,False,ORI,False,False,LKSDB-1,T_LKSDB-1
BOALF,2026-09-07,38,38,2026-09-07T17:57:00Z,2026-09-07T17:58:00Z,64,68,55882,2026-09-07T17:52:00Z,False,False,ORI,False,False,LKSDB-1,T_LKSDB-1
BOALF,2026-09-07,38,38,2026-09-07T17:55:00Z,2026-09-07T17:57:00Z,66,66,55881,2026-09-07T17:49:00Z,False,False,ORI,False,False,LKSDB-1,T_LKSDB-1
BOALF,2026-09-07,38,38,2026-09-07T17:55:00Z,2026-09-07T17:57:00Z,64,64,55882,2026-09-07T17:52:00Z,False,False,ORI,False,False,LKSDB-1,T_LKSDB-1
BOALF,2026-09-07,38,38,2026-09-07T17:54:00Z,2026-09-07T17:55:00Z,68,66,55881,2026-09-07T17:49:00Z,False,False,ORI,False,False,LKSDB-1,T_LKSDB-1
BOALF,2026-09-07,38,38,2026-09-07T17:54:00Z,2026-09-07T17:55:00Z,68,64,55882,2026-09-07T17:52:00Z,False,False,ORI,False,False,LKSDB-1,T_LKSDB-1
BOALF,2026-09-07,38,38,2026-09-07T17:51:00Z,2026-09-07T17:52:00Z,64,68,55880,2026-09-07T17:42:00Z,False,False,ORI,False,False,LKSDB-1,T_LKSDB-1
BOALF,2026-09-07,38,38,2026-09-07T17:49:00Z,2026-09-07T17:51:00Z,64,64,55880,2026-09-07T17:42:00Z,False,False,ORI,False,False,LKSDB-1,T_LKSDB-1
BOALF,2026-09-07,38,38,2026-09-07T17:48:00Z,2026-09-07T17:49:00Z,68,64,55880,2026-09-07T17:42:00Z,False,False,ORI,False,False,LKSDB-1,T_LKSDB-1
BOALF,2026-09-07,38,38,2026-09-07T17:45:00Z,2026-09-07T17:46:00Z,0,68,55879,2026-09-07T17:38:00Z,False,False,ORI,False,False,LKSDB-1,T_LKSDB-1
BOALF,2026-09-07,38,38,2026-09-07T17:40:00Z,2026-09-07T17:45:00Z,0,0,55879,2026-09-07T17:38:00Z,False,False,ORI,False,False,LKSDB-1,T_LKSDB-1
BOALF,2026-09-07,38,38,2026-09-07T17:39:00Z,2026-09-07T17:40:00Z,68,0,55879,2026-09-07T17:38:00Z,False,False,ORI,False,False,LKSDB-1,T_LKSDB-1
BOALF,2026-09-07,37,37,2026-09-07T17:16:00Z,2026-09-07T17:17:00Z,99,68,55878,2026-09-07T17:09:00Z,False,False,ORI,False,False,LKSDB-1,T_LKSDB-1
BOALF,2026-09-07,37,37,2026-09-07T17:11:00Z,2026-09-07T17:16:00Z,99,99,55878,2026-09-07T17:09:00Z,False,False,ORI,False,False,LKSDB-1,T_LKSDB-1
BOALF,2026-09-07,37,37,2026-09-07T17:10:00Z,2026-09-07T17:11:00Z,68,99,55878,2026-09-07T17:09:00Z,False,False,ORI,False,False,LKSDB-1,T_LKSDB-1
BOALF,2026-09-07,36,36,2026-09-07T16:54:00Z,2026-09-07T16:55:00Z,39,20,55877,2026-09-07T16:49:00Z,False,False,ORI,False,False,LKSDB-1,T_LKSDB-1
BOALF,2026-09-07,36,36,2026-09-07T16:52:00Z,2026-09-07T16:54:00Z,39,39,55877,2026-09-07T16:49:00Z,False,False,ORI,False,False,LKSDB-1,T_LKSDB-1
BOALF,2026-09-07,36,36,2026-09-07T16:51:00Z,2026-09-07T16:52:00Z,99,20,55875,2026-09-07T16:33:00Z,False,False,ORI,False,False,LKSDB-1,T_LKSDB-1
BOALF,2026-09-07,36,36,2026-09-07T16:51:00Z,2026-09-07T16:52:00Z,0,20,55876,2026-09-07T16:47:00Z,False,False,ORI,False,False,LKSDB-1,T_LKSDB-1
BOALF,2026-09-07,36,36,2026-09-07T16:51:00Z,2026-09-07T16:52:00Z,0,39,55877,2026-09-07T16:49:00Z,False,False,ORI,False,False,LKSDB-1,T_LKSDB-1
BOALF,2026-09-07,36,36,2026-09-07T16:49:00Z,2026-09-07T16:51:00Z,0,0,55876,2026-09-07T16:47:00Z,False,False,ORI,False,False,LKSDB-1,T_LKSDB-1
BOALF,2026-09-07,36,36,2026-09-07T16:48:00Z,2026-09-07T16:49:00Z,99,0,55876,2026-09-07T16:47:00Z,False,False,ORI,False,False,LKSDB-1,T_LKSDB-1
BOALF,2026-09-07,36,36,2026-09-07T16:41:00Z,2026-09-07T16:51:00Z,99,99,55875,2026-09-07T16:33:00Z,False,False,ORI,False,False,LKSDB-1,T_LKSDB-1
BOALF,2026-09-07,36,36,2026-09-07T16:41:00Z,2026-09-07T16:42:00Z,99,20,55873,2026-09-07T16:26:00Z,False,False,ORI,False,False,LKSDB-1,T_LKSDB-1
BOALF,2026-09-07,36,36,2026-09-07T16:39:00Z,2026-09-07T16:41:00Z,99,99,55873,2026-09-07T16:26:00Z,False,False,ORI,False,False,LKSDB-1,T_LKSDB-1
BOALF,2026-09-07,36,36,2026-09-07T16:38:00Z,2026-09-07T16:39:00Z,41,20,55872,2026-09-07T16:25:00Z,False,False,ORI,False,False,LKSDB-1,T_LKSDB-1
BOALF,2026-09-07,36,36,2026-09-07T16:38:00Z,2026-09-07T16:39:00Z,41,99,55873,2026-09-07T16:26:00Z,False,False,ORI,False,False,LKSDB-1,T_LKSDB-1
BOALF,2026-09-07,36,36,2026-09-07T16:36:00Z,2026-09-07T16:38:00Z,41,41,55872,2026-09-07T16:25:00Z,False,False,ORI,False,False,LKSDB-1,T_LKSDB-1
BOALF,2026-09-07,36,36,2026-09-07T16:35:00Z,2026-09-07T16:39:00Z,99,99,55874,2026-09-07T16:30:00Z,False,False,ORI,False,False,LKSDB-1,T_LKSDB-1
BOALF,2026-09-07,36,36,2026-09-07T16:35:00Z,2026-09-07T16:36:00Z,20,41,55872,2026-09-07T16:25:00Z,False,False,ORI,False,False,LKSDB-1,T_LKSDB-1
BOALF,2026-09-07,36,36,2026-09-07T16:34:00Z,2026-09-07T16:35:00Z,20,99,55874,2026-09-07T16:30:00Z,False,False,ORI,False,False,LKSDB-1,T_LKSDB-1
BOALF,2026-09-07,36,36,2026-09-07T16:30:00Z,2026-09-07T16:31:00Z,83,20,55871,2026-09-07T16:23:00Z,False,False,ORI,False,False,LKSDB-1,T_LKSDB-1
BOALF,2026-09-07,35,36,2026-09-07T16:25:00Z,2026-09-07T16:30:00Z,83,83,55871,2026-09-07T16:23:00Z,False,False,ORI,False,False,LKSDB-1,T_LKSDB-1
BOALF,2026-09-07,35,35,2026-09-07T16:24:00Z,2026-09-07T16:25:00Z,3,83,55871,2026-09-07T16:23:00Z,False,False,ORI,False,False,LKSDB-1,T_LKSDB-1
BOALF,2026-09-07,35,35,2026-09-07T16:13:00Z,2026-09-07T16:14:00Z,12,3,55869,2026-09-07T15:45:00Z,False,False,ORI,False,False,LKSDB-1,T_LKSDB-1
BOALF,2026-09-07,35,35,2026-09-07T16:11:00Z,2026-09-07T16:13:00Z,12,12,55869,2026-09-07T15:45:00Z,False,False,ORI,False,False,LKSDB-1,T_LKSDB-1
BOALF,2026-09-07,35,35,2026-09-07T16:10:00Z,2026-09-07T16:11:00Z,3,12,55869,2026-09-07T15:45:00Z,False,False,ORI,False,False,LKSDB-1,T_LKSDB-1
BOALF,2026-09-07,35,35,2026-09-07T16:10:00Z,2026-09-07T16:11:00Z,40,12,55870,2026-09-07T15:51:00Z,False,False,ORI,False,False,LKSDB-1,T_LKSDB-1
BOALF,2026-09-07,35,35,2026-09-07T16:06:00Z,2026-09-07T16:10:00Z,40,40,55870,2026-09-07T15:51:00Z,False,False,ORI,False,False,LKSDB-1,T_LKSDB-1
BOALF,2026-09-07,35,35,2026-09-07T16:05:00Z,2026-09-07T16:06:00Z,3,40,55870,2026-09-07T15:51:00Z,False,False,ORI,False,False,LKSDB-1,T_LKSDB-1
BOALF,2026-09-07,31,31,2026-09-07T14:12:00Z,2026-09-07T14:13:00Z,-71,-31,55868,2026-09-07T13:47:00Z,False,False,ORI,False,False,LKSDB-1,T_LKSDB-1
BOALF,2026-09-07,31,31,2026-09-07T14:11:00Z,2026-09-07T14:12:00Z,-53,-31,55867,2026-09-07T13:43:00Z,False,False,ORI,False,False,LKSDB-1,T_LKSDB-1
BOALF,2026-09-07,31,31,2026-09-07T14:09:00Z,2026-09-07T14:11:00Z,-53,-53,55867,2026-09-07T13:43:00Z,False,False,ORI,False,False,LKSDB-1,T_LKSDB-1
BOALF,2026-09-07,31,31,2026-09-07T14:08:00Z,2026-09-07T14:12:00Z,-71,-71,55868,2026-09-07T13:47:00Z,False,False,ORI,False,False,LKSDB-1,T_LKSDB-1
BOALF,2026-09-07,31,31,2026-09-07T14:08:00Z,2026-09-07T14:09:00Z,-71,-31,55866,2026-09-07T13:42:00Z,False,False,ORI,False,False,LKSDB-1,T_LKSDB-1
BOALF,2026-09-07,31,31,2026-09-07T14:08:00Z,2026-09-07T14:09:00Z,-71,-53,55867,2026-09-07T13:43:00Z,False,False,ORI,False,False,LKSDB-1,T_LKSDB-1
BOALF,2026-09-07,31,31,2026-09-07T14:02:00Z,2026-09-07T14:08:00Z,-71,-71,55866,2026-09-07T13:42:00Z,False,False,ORI,False,False,LKSDB-1,T_LKSDB-1
BOALF,2026-09-07,31,31,2026-09-07T14:01:00Z,2026-09-07T14:02:00Z,-31,-71,55866,2026-09-07T13:42:00Z,False,False,ORI,False,False,LKSDB-1,T_LKSDB-1
BOALF,2026-09-07,28,29,2026-09-07T12:59:00Z,2026-09-07T13:00:00Z,-16,-74,55864,2026-09-07T12:53:00Z,False,False,ORI,False,False,LKSDB-1,T_LKSDB-1
BOALF,2026-09-07,28,29,2026-09-07T12:59:00Z,2026-09-07T13:00:00Z,-2,-74,55865,2026-09-07T12:54:00Z,False,False,ORI,False,False,LKSDB-1,T_LKSDB-1
BOALF,2026-09-07,28,28,2026-09-07T12:56:00Z,2026-09-07T12:59:00Z,-16,-16,55864,2026-09-07T12:53:00Z,False,False,ORI,False,False,LKSDB-1,T_LKSDB-1
BOALF,2026-09-07,28,28,2026-09-07T12:56:00Z,2026-09-07T12:59:00Z,-2,-2,55865,2026-09-07T12:54:00Z,False,False,ORI,False,False,LKSDB-1,T_LKSDB-1
BOALF,2026-09-07,28,28,2026-09-07T12:55:00Z,2026-09-07T12:56:00Z,-74,-16,55864,2026-09-07T12:53:00Z,False,False,ORI,False,False,LKSDB-1,T_LKSDB-1
BOALF,2026-09-07,28,28,2026-09-07T12:55:00Z,2026-09-07T12:56:00Z,-74,-2,55865,2026-09-07T12:54:00Z,False,False,ORI,False,False,LKSDB-1,T_LKSDB-1
BOALF,2026-09-07,23,23,2026-09-07T10:11:00Z,2026-09-07T10:12:00Z,-4,0,55863,2026-09-07T09:57:00Z,False,False,ORI,False,False,LKSDB-1,T_LKSDB-1
BOALF,2026-09-07,23,23,2026-09-07T10:03:00Z,2026-09-07T10:11:00Z,-4,-4,55863,2026-09-07T09:57:00Z,False,False,ORI,False,False,LKSDB-1,T_LKSDB-1
BOALF,2026-09-07,23,23,2026-09-07T10:02:00Z,2026-09-07T10:03:00Z,0,-4,55863,2026-09-07T09:57:00Z,False,False,ORI,False,False,LKSDB-1,T_LKSDB-1
BOALF,2026-09-07,22,23,2026-09-07T09:52:00Z,2026-09-07T10:00:00Z,0,0,55862,2026-09-07T09:42:00Z,False,False,ORI,False,False,LKSDB-1,T_LKSDB-1
BOALF,2026-09-07,22,22,2026-09-07T09:52:00Z,2026-09-07T09:53:00Z,0,-20,55860,2026-09-07T09:38:00Z,False,False,ORI,False,False,LKSDB-1,T_LKSDB-1
BOALF,2026-09-07,22,22,2026-09-07T09:49:00Z,2026-09-07T09:52:00Z,0,0,55860,2026-09-07T09:38:00Z,False,False,ORI,False,False,LKSDB-1,T_LKSDB-1
BOALF,2026-09-07,22,22,2026-09-07T09:48:00Z,2026-09-07T09:49:00Z,-20,0,55860,2026-09-07T09:38:00Z,False,False,ORI,False,False,LKSDB-1,T_LKSDB-1
BOALF,2026-09-07,22,22,2026-09-07T09:45:00Z,2026-09-07T09:49:00Z,0,0,55861,2026-09-07T09:39:00Z,False,False,ORI,False,False,LKSDB-1,T_LKSDB-1
BOALF,2026-09-07,22,22,2026-09-07T09:45:00Z,2026-09-07T09:46:00Z,0,-20,55859,2026-09-07T09:33:00Z,False,False,ORI,False,False,LKSDB-1,T_LKSDB-1
BOALF,2026-09-07,22,22,2026-09-07T09:42:00Z,2026-09-07T09:45:00Z,0,0,55859,2026-09-07T09:33:00Z,False,False,ORI,False,False,LKSDB-1,T_LKSDB-1
BOALF,2026-09-07,22,22,2026-09-07T09:42:00Z,2026-09-07T09:43:00Z,0,-20,55858,2026-09-07T09:30:00Z,False,False,ORI,False,False,LKSDB-1,T_LKSDB-1
BOALF,2026-09-07,22,22,2026-09-07T09:36:00Z,2026-09-07T09:42:00Z,0,0,55858,2026-09-07T09:30:00Z,False,False,ORI,False,False,LKSDB-1,T_LKSDB-1
BOALF,2026-09-07,22,22,2026-09-07T09:36:00Z,2026-09-07T09:37:00Z,0,-20,55857,2026-09-07T09:22:00Z,False,False,ORI,False,False,LKSDB-1,T_LKSDB-1
BOALF,2026-09-07,22,22,2026-09-07T09:31:00Z,2026-09-07T09:36:00Z,0,0,55857,2026-09-07T09:22:00Z,False,False,ORI,False,False,LKSDB-1,T_LKSDB-1
BOALF,2026-09-07,22,22,2026-09-07T09:31:00Z,2026-09-07T09:32:00Z,0,-20,55856,2026-09-07T09:17:00Z,False,False,ORI,False,False,LKSDB-1,T_LKSDB-1
BOALF,2026-09-07,22,22,2026-09-07T09:30:00Z,2026-09-07T09:31:00Z,0,0,55856,2026-09-07T09:17:00Z,False,False,ORI,False,False,LKSDB-1,T_LKSDB-1
BOALF,2026-09-07,17,17,2026-09-07T07:02:00Z,2026-09-07T07:03:00Z,8,0,55855,2026-09-07T06:54:00Z,False,False,ORI,False,False,LKSDB-1,T_LKSDB-1
BOALF,2026-09-07,17,17,2026-09-07T07:00:00Z,2026-09-07T07:02:00Z,8,8,55855,2026-09-07T06:54:00Z,False,False,ORI,False,False,LKSDB-1,T_LKSDB-1
BOALF,2026-09-07,16,16,2026-09-07T06:32:00Z,2026-09-07T06:33:00Z,52,99,55854,2026-09-07T06:18:00Z,False,False,ORI,False,False,LKSDB-1,T_LKSDB-1
BOALF,2026-09-07,16,16,2026-09-07T06:30:00Z,2026-09-07T06:32:00Z,52,52,55854,2026-09-07T06:18:00Z,False,False,ORI,False,False,LKSDB-1,T_LKSDB-1
BOALF,2026-09-07,15,15,2026-09-07T06:19:00Z,2026-09-07T06:20:00Z,99,65,55852,2026-09-07T06:00:00Z,False,False,ORI,False,False,LKSDB-1,T_LKSDB-1
BOALF,2026-09-07,15,15,2026-09-07T06:18:00Z,2026-09-07T06:19:00Z,99,65,55851,2026-09-07T05:57:00Z,False,False,ORI,False,False,LKSDB-1,T_LKSDB-1
BOALF,2026-09-07,15,15,2026-09-07T06:18:00Z,2026-09-07T06:19:00Z,99,99,55852,2026-09-07T06:00:00Z,False,False,ORI,False,False,LKSDB-1,T_LKSDB-1
BOALF,2026-09-07,15,15,2026-09-07T06:16:00Z,2026-09-07T06:17:00Z,88,65,55850,2026-09-07T05:53:00Z,False,False,ORI,False,False,LKSDB-1,T_LKSDB-1
BOALF,2026-09-07,15,15,2026-09-07T06:14:00Z,2026-09-07T06:16:00Z,88,88,55850,2026-09-07T05:53:00Z,False,False,ORI,False,False,LKSDB-1,T_LKSDB-1
BOALF,2026-09-07,15,15,2026-09-07T06:14:00Z,2026-09-07T06:15:00Z,85,99,55853,2026-09-07T06:08:00Z,False,False,ORI,False,False,LKSDB-1,T_LKSDB-1
BOALF,2026-09-07,15,15,2026-09-07T06:13:00Z,2026-09-07T06:18:00Z,99,99,55851,2026-09-07T05:57:00Z,False,False,ORI,False,False,LKSDB-1,T_LKSDB-1
BOALF,2026-09-07,15,15,2026-09-07T06:13:00Z,2026-09-07T06:14:00Z,99,65,55849,2026-09-07T05:52:00Z,False,False,ORI,False,False,LKSDB-1,T_LKSDB-1
BOALF,2026-09-07,15,15,2026-09-07T06:13:00Z,2026-09-07T06:14:00Z,99,88,55850,2026-09-07T05:53:00Z,False,False,ORI,False,False,LKSDB-1,T_LKSDB-1
BOALF,2026-09-07,15,15,2026-09-07T06:12:00Z,2026-09-07T06:14:00Z,85,85,55853,2026-09-07T06:08:00Z,False,False,ORI,False,False,LKSDB-1,T_LKSDB-1
BOALF,2026-09-07,15,15,2026-09-07T06:11:00Z,2026-09-07T06:12:00Z,99,85,55853,2026-09-07T06:08:00Z,False,False,ORI,False,False,LKSDB-1,T_LKSDB-1
BOALF,2026-09-07,15,15,2026-09-07T06:01:00Z,2026-09-07T06:13:00Z,99,99,55849,2026-09-07T05:52:00Z,False,False,ORI,False,False,LKSDB-1,T_LKSDB-1
BOALF,2026-09-07,15,15,2026-09-07T06:00:00Z,2026-09-07T06:01:00Z,51,99,55849,2026-09-07T05:52:00Z,False,False,ORI,False,False,LKSDB-1,T_LKSDB-1
BOALF,2026-09-07,14,14,2026-09-07T05:44:00Z,2026-09-07T05:45:00Z,99,73,55848,2026-09-07T05:37:00Z,False,False,ORI,False,False,LKSDB-1,T_LKSDB-1
BOALF,2026-09-07,14,14,2026-09-07T05:40:00Z,2026-09-07T05:41:00Z,3,73,55846,2026-09-07T05:18:00Z,False,False,ORI,False,False,LKSDB-1,T_LKSDB-1
BOALF,2026-09-07,14,14,2026-09-07T05:39:00Z,2026-09-07T05:44:00Z,99,99,55848,2026-09-07T05:37:00Z,False,False,ORI,False,False,LKSDB-1,T_LKSDB-1
BOALF,2026-09-07,14,14,2026-09-07T05:38:00Z,2026-09-07T05:40:00Z,3,3,55846,2026-09-07T05:18:00Z,False,False,ORI,False,False,LKSDB-1,T_LKSDB-1
BOALF,2026-09-07,14,14,2026-09-07T05:38:00Z,2026-09-07T05:39:00Z,3,99,55848,2026-09-07T05:37:00Z,False,False,ORI,False,False,LKSDB-1,T_LKSDB-1
BOALF,2026-09-07,14,14,2026-09-07T05:37:00Z,2026-09-07T05:38:00Z,9,73,55845,2026-09-07T05:17:00Z,False,False,ORI,False,False,LKSDB-1,T_LKSDB-1
BOALF,2026-09-07,14,14,2026-09-07T05:37:00Z,2026-09-07T05:38:00Z,9,3,55846,2026-09-07T05:18:00Z,False,False,ORI,False,False,LKSDB-1,T_LKSDB-1
BOALF,2026-09-07,14,14,2026-09-07T05:35:00Z,2026-09-07T05:37:00Z,9,9,55845,2026-09-07T05:17:00Z,False,False,ORI,False,False,LKSDB-1,T_LKSDB-1
BOALF,2026-09-07,14,14,2026-09-07T05:34:00Z,2026-09-07T05:35:00Z,18,73,55844,2026-09-07T05:16:00Z,False,False,ORI,False,False,LKSDB-1,T_LKSDB-1
BOALF,2026-09-07,14,14,2026-09-07T05:34:00Z,2026-09-07T05:35:00Z,18,9,55845,2026-09-07T05:17:00Z,False,False,ORI,False,False,LKSDB-1,T_LKSDB-1
BOALF,2026-09-07,14,14,2026-09-07T05:31:00Z,2026-09-07T05:38:00Z,3,3,55847,2026-09-07T05:27:00Z,False,False,ORI,False,False,LKSDB-1,T_LKSDB-1
BOALF,2026-09-07,14,14,2026-09-07T05:30:00Z,2026-09-07T05:34:00Z,18,18,55844,2026-09-07T05:16:00Z,False,False,ORI,False,False,LKSDB-1,T_LKSDB-1
BOALF,2026-09-07,14,14,2026-09-07T05:30:00Z,2026-09-07T05:31:00Z,18,3,55847,2026-09-07T05:27:00Z,False,False,ORI,False,False,LKSDB-1,T_LKSDB-1
BOALF,2026-09-07,13,14,2026-09-07T05:29:00Z,2026-09-07T05:30:00Z,28,18,55844,2026-09-07T05:16:00Z,False,False,ORI,False,False,LKSDB-1,T_LKSDB-1
BOALF,2026-09-07,13,13,2026-09-07T05:16:00Z,2026-09-07T05:17:00Z,3,28,55843,2026-09-07T05:02:00Z,False,False,ORI,False,False,LKSDB-1,T_LKSDB-1
BOALF,2026-09-07,13,13,2026-09-07T05:09:00Z,2026-09-07T05:16:00Z,3,3,55843,2026-09-07T05:02:00Z,False,False,ORI,False,False,LKSDB-1,T_LKSDB-1
BOALF,2026-09-07,13,13,2026-09-07T05:09:00Z,2026-09-07T05:10:00Z,3,28,55842,2026-09-07T04:52:00Z,False,False,ORI,False,False,LKSDB-1,T_LKSDB-1
BOALF,2026-09-07,13,13,2026-09-07T05:00:00Z,2026-09-07T05:09:00Z,3,3,55842,2026-09-07T04:52:00Z,False,False,ORI,False,False,LKSDB-1,T_LKSDB-1
BOALF,2026-09-07,12,13,2026-09-07T04:59:00Z,2026-09-07T05:00:00Z,50,3,55842,2026-09-07T04:52:00Z,False,False,ORI,False,False,LKSDB-1,T_LKSDB-1
BOALF,2026-09-07,12,12,2026-09-07T04:51:00Z,2026-09-07T04:52:00Z,24,50,55841,2026-09-07T04:42:00Z,False,False,ORI,False,False,LKSDB-1,T_LKSDB-1
BOALF,2026-09-07,12,12,2026-09-07T04:48:00Z,2026-09-07T04:51:00Z,24,24,55841,2026-09-07T04:42:00Z,False,False,ORI,False,False,LKSDB-1,T_LKSDB-1
BOALF,2026-09-07,12,12,2026-09-07T04:48:00Z,2026-09-07T04:49:00Z,24,50,55840,2026-09-07T04:34:00Z,False,False,ORI,False,False,LKSDB-1,T_LKSDB-1
BOALF,2026-09-07,12,12,2026-09-07T04:41:00Z,2026-09-07T04:48:00Z,24,24,55840,2026-09-07T04:34:00Z,False,False,ORI,False,False,LKSDB-1,T_LKSDB-1
BOALF,2026-09-07,12,12,2026-09-07T04:41:00Z,2026-09-07T04:42:00Z,24,50,55839,2026-09-07T04:12:00Z,False,False,ORI,False,False,LKSDB-1,T_LKSDB-1
BOALF,2026-09-07,12,12,2026-09-07T04:39:00Z,2026-09-07T04:41:00Z,24,24,55839,2026-09-07T04:12:00Z,False,False,ORI,False,False,LKSDB-1,T_LKSDB-1
BOALF,2026-09-07,12,12,2026-09-07T04:39:00Z,2026-09-07T04:40:00Z,24,50,55838,2026-09-07T04:05:00Z,False,False,ORI,False,False,LKSDB-1,T_LKSDB-1
BOALF,2026-09-07,11,12,2026-09-07T04:17:00Z,2026-09-07T04:39:00Z,24,24,55838,2026-09-07T04:05:00Z,False,False,ORI,False,False,LKSDB-1,T_LKSDB-1
BOALF,2026-09-07,11,11,2026-09-07T04:17:00Z,2026-09-07T04:18:00Z,24,25,55837,2026-09-07T03:47:00Z,False,False,ORI,False,False,LKSDB-1,T_LKSDB-1
BOALF,2026-09-07,10,11,2026-09-07T03:59:00Z,2026-09-07T04:17:00Z,24,24,55837,2026-09-07T03:47:00Z,False,False,ORI,False,False,LKSDB-1,T_LKSDB-1
BOALF,2026-09-07,10,10,2026-09-07T03:58:00Z,2026-09-07T03:59:00Z,0,25,55836,2026-09-07T03:46:00Z,False,False,ORI,False,False,LKSDB-1,T_LKSDB-1
BOALF,2026-09-07,10,10,2026-09-07T03:58:00Z,2026-09-07T03:59:00Z,0,24,55837,2026-09-07T03:47:00Z,False,False,ORI,False,False,LKSDB-1,T_LKSDB-1
BOALF,2026-09-07,10,10,2026-09-07T03:57:00Z,2026-09-07T03:58:00Z,0,25,55835,2026-09-07T03:22:00Z,False,False,ORI,False,False,LKSDB-1,T_LKSDB-1
BOALF,2026-09-07,10,10,2026-09-07T03:57:00Z,2026-09-07T03:58:00Z,0,0,55836,2026-09-07T03:46:00Z,False,False,ORI,False,False,LKSDB-1,T_LKSDB-1
BOALF,2026-09-07,10,10,2026-09-07T03:30:00Z,2026-09-07T03:57:00Z,0,0,55835,2026-09-07T03:22:00Z,False,False,ORI,False,False,LKSDB-1,T_LKSDB-1
BOALF,2026-09-07,6,6,2026-09-07T01:52:00Z,2026-09-07T01:53:00Z,-99,-52,55834,2026-09-07T01:27:00Z,False,False,ORI,False,False,LKSDB-1,T_LKSDB-1
BOALF,2026-09-07,6,6,2026-09-07T01:38:00Z,2026-09-07T01:52:00Z,-99,-99,55834,2026-09-07T01:27:00Z,False,False,ORI,False,False,LKSDB-1,T_LKSDB-1
BOALF,2026-09-07,6,6,2026-09-07T01:38:00Z,2026-09-07T01:39:00Z,-99,-52,55833,2026-09-07T01:16:00Z,False,False,ORI,False,False,LKSDB-1,T_LKSDB-1
BOALF,2026-09-07,6,6,2026-09-07T01:32:00Z,2026-09-07T01:38:00Z,-99,-99,55833,2026-09-07T01:16:00Z,False,False,ORI,False,False,LKSDB-1,T_LKSDB-1
BOALF,2026-09-07,6,6,2026-09-07T01:31:00Z,2026-09-07T01:32:00Z,-52,-99,55833,2026-09-07T01:16:00Z,False,False,ORI,False,False,LKSDB-1,T_LKSDB-1
BOALF,2026-09-07,4,4,2026-09-07T00:30:00Z,2026-09-07T00:31:00Z,-7,-99,55831,2026-09-07T00:07:00Z,False,False,ORI,False,False,LKSDB-1,T_LKSDB-1
BOALF,2026-09-07,3,4,2026-09-07T00:27:00Z,2026-09-07T00:30:00Z,-7,-7,55831,2026-09-07T00:07:00Z,False,False,ORI,False,False,LKSDB-1,T_LKSDB-1
BOALF,2026-09-07,3,3,2026-09-07T00:27:00Z,2026-09-07T00:28:00Z,0,-7,55832,2026-09-07T00:14:00Z,False,False,ORI,False,False,LKSDB-1,T_LKSDB-1
BOALF,2026-09-07,3,3,2026-09-07T00:26:00Z,2026-09-07T00:27:00Z,0,-99,55830,2026-09-07T00:06:00Z,False,False,ORI,False,False,LKSDB-1,T_LKSDB-1
BOALF,2026-09-07,3,3,2026-09-07T00:26:00Z,2026-09-07T00:27:00Z,0,-7,55831,2026-09-07T00:07:00Z,False,False,ORI,False,False,LKSDB-1,T_LKSDB-1
BOALF,2026-09-07,3,3,2026-09-07T00:26:00Z,2026-09-07T00:27:00Z,0,0,55832,2026-09-07T00:14:00Z,False,False,ORI,False,False,LKSDB-1,T_LKSDB-1
BOALF,2026-09-07,3,3,2026-09-07T00:23:00Z,2026-09-07T00:26:00Z,0,0,55830,2026-09-07T00:06:00Z,False,False,ORI,False,False,LKSDB-1,T_LKSDB-1
BOALF,2026-09-07,3,3,2026-09-07T00:23:00Z,2026-09-07T00:24:00Z,0,-99,55829,2026-09-06T23:53:00Z,False,False,ORI,False,False,LKSDB-1,T_LKSDB-1
BOALF,2026-09-07,3,3,2026-09-07T00:17:00Z,2026-09-07T00:23:00Z,0,0,55829,2026-09-06T23:53:00Z,False,False,ORI,False,False,LKSDB-1,T_LKSDB-1
BOALF,2026-09-07,3,3,2026-09-07T00:17:00Z,2026-09-07T00:18:00Z,0,-99,55828,2026-09-06T23:46:00Z,False,False,ORI,False,False,LKSDB-1,T_LKSDB-1
BOALF,2026-09-07,3,3,2026-09-07T00:00:00Z,2026-09-07T00:17:00Z,0,0,55828,2026-09-06T23:46:00Z,False,False,ORI,False,False,LKSDB-1,T_LKSDB-1
BOALF,2026-09-07,2,2,2026-09-06T23:36:00Z,2026-09-06T23:37:00Z,10,0,55827,2026-09-06T23:24:00Z,False,False,ORI,False,False,LKSDB-1,T_LKSDB-1
BOALF,2026-09-07,2,2,2026-09-06T23:31:00Z,2026-09-06T23:36:00Z,10,10,55827,2026-09-06T23:24:00Z,False,False,ORI,False,False,LKSDB-1,T_LKSDB-1
BOALF,2026-09-07,2,2,2026-09-06T23:31:00Z,2026-09-06T23:32:00Z,10,0,55826,2026-09-06T23:20:00Z,False,False,ORI,False,False,LKSDB-1,T_LKSDB-1
BOALF,2026-09-07,2,2,2026-09-06T23:30:00Z,2026-09-06T23:31:00Z,10,0,55825,2026-09-06T23:08:00Z,False,False,ORI,False,False,LKSDB-1,T_LKSDB-1
BOALF,2026-09-07,2,2,2026-09-06T23:30:00Z,2026-09-06T23:31:00Z,10,10,55826,2026-09-06T23:20:00Z,False,False,ORI,False,False,LKSDB-1,T_LKSDB-1
BOALF,2026-09-07,1,2,2026-09-06T23:29:00Z,2026-09-06T23:30:00Z,10,0,55824,2026-09-06T23:05:00Z,False,False,ORI,False,False,LKSDB-1,T_LKSDB-1
BOALF,2026-09-07,1,2,2026-09-06T23:29:00Z,2026-09-06T23:30:00Z,10,10,55825,2026-09-06T23:08:00Z,False,False,ORI,False,False,LKSDB-1,T_LKSDB-1
BOALF,2026-09-07,1,1,2026-09-06T23:20:00Z,2026-09-06T23:29:00Z,10,10,55824,2026-09-06T23:05:00Z,False,False,ORI,False,False,LKSDB-1,T_LKSDB-1
BOALF,2026-09-07,1,1,2026-09-06T23:20:00Z,2026-09-06T23:21:00Z,10,0,55823,2026-09-06T23:02:00Z,False,False,ORI,False,False,LKSDB-1,T_LKSDB-1
BOALF,2026-09-07,1,1,2026-09-06T23:08:00Z,2026-09-06T23:20:00Z,10,10,55823,2026-09-06T23:02:00Z,False,False,ORI,False,False,LKSDB-1,T_LKSDB-1
BOALF,2026-09-07,1,1,2026-09-06T23:07:00Z,2026-09-06T23:08:00Z,0,10,55823,2026-09-06T23:02:00Z,False,False,ORI,False,False,LKSDB-1,T_LKSDB-1
BOALF,2026-09-07,1,1,2026-09-06T23:04:00Z,2026-09-06T23:05:00Z,10,0,55821,2026-09-06T22:49:00Z,False,False,ORI,False,False,LKSDB-1,T_LKSDB-1
BOALF,2026-09-07,1,1,2026-09-06T23:04:00Z,2026-09-06T23:05:00Z,0,0,55822,2026-09-06T23:01:00Z,False,False,ORI,False,False,LKSDB-1,T_LKSDB-1
BOALF,2026-09-07,1,1,2026-09-06T23:03:00Z,2026-09-06T23:04:00Z,10,0,55822,2026-09-06T23:01:00Z,False,False,ORI,False,False,LKSDB-1,T_LKSDB-1
BOALF,2026-09-07,1,1,2026-09-06T23:01:00Z,2026-09-06T23:04:00Z,10,10,55821,2026-09-06T22:49:00Z,False,False,ORI,False,False,LKSDB-1,T_LKSDB-1
BOALF,2026-09-07,1,1,2026-09-06T23:00:00Z,2026-09-06T23:01:00Z,0,10,55821,2026-09-06T22:49:00Z,False,False,ORI,False,False,LKSDB-1,T_LKSDB-1
BOALF,2026-09-06,46,46,2026-09-06T21:58:00Z,2026-09-06T21:59:00Z,1,0,55820,2026-09-06T21:38:00Z,False,False,ORI,False,False,LKSDB-1,T_LKSDB-1
BOALF,2026-09-06,46,46,2026-09-06T21:54:00Z,2026-09-06T21:58:00Z,1,1,55820,2026-09-06T21:38:00Z,False,False,ORI,False,False,LKSDB-1,T_LKSDB-1
BOALF,2026-09-06,46,46,2026-09-06T21:53:00Z,2026-09-06T21:54:00Z,0,1,55820,2026-09-06T21:38:00Z,False,False,ORI,False,False,LKSDB-1,T_LKSDB-1
BOALF,2026-09-06,45,46,2026-09-06T21:29:00Z,2026-09-06T21:30:00Z,65,0,55819,2026-09-06T21:17:00Z,False,False,ORI,False,False,LKSDB-1,T_LKSDB-1
BOALF,2026-09-06,45,45,2026-09-06T21:25:00Z,2026-09-06T21:29:00Z,65,65,55819,2026-09-06T21:17:00Z,False,False,ORI,False,False,LKSDB-1,T_LKSDB-1
BOALF,2026-09-06,45,45,2026-09-06T21:25:00Z,2026-09-06T21:26:00Z,65,0,55818,2026-09-06T21:12:00Z,False,False,ORI,False,False,LKSDB-1,T_LKSDB-1
BOALF,2026-09-06,45,45,2026-09-06T21:18:00Z,2026-09-06T21:25:00Z,65,65,55818,2026-09-06T21:12:00Z,False,False,ORI,False,False,LKSDB-1,T_LKSDB-1
BOALF,2026-09-06,45,45,2026-09-06T21:17:00Z,2026-09-06T21:18:00Z,0,65,55818,2026-09-06T21:12:00Z,False,False,ORI,False,False,LKSDB-1,T_LKSDB-1
BOALF,2026-09-06,45,45,2026-09-06T21:14:00Z,2026-09-06T21:15:00Z,7,0,55817,2026-09-06T20:52:00Z,False,False,ORI,False,False,LKSDB-1,T_LKSDB-1
BOALF,2026-09-06,45,45,2026-09-06T21:12:00Z,2026-09-06T21:14:00Z,7,7,55817,2026-09-06T20:52:00Z,False,False,ORI,False,False,LKSDB-1,T_LKSDB-1
BOALF,2026-09-06,45,45,2026-09-06T21:11:00Z,2026-09-06T21:12:00Z,37,0,55816,2026-09-06T20:51:00Z,False,False,ORI,False,False,LKSDB-1,T_LKSDB-1
BOALF,2026-09-06,45,45,2026-09-06T21:11:00Z,2026-09-06T21:12:00Z,37,7,55817,2026-09-06T20:52:00Z,False,False,ORI,False,False,LKSDB-1,T_LKSDB-1
BOALF,2026-09-06,45,45,2026-09-06T21:09:00Z,2026-09-06T21:11:00Z,37,37,55816,2026-09-06T20:51:00Z,False,False,ORI,False,False,LKSDB-1,T_LKSDB-1
BOALF,2026-09-06,45,45,2026-09-06T21:08:00Z,2026-09-06T21:09:00Z,65,0,55815,2026-09-06T20:50:00Z,False,False,ORI,False,False,LKSDB-1,T_LKSDB-1
BOALF,2026-09-06,45,45,2026-09-06T21:08:00Z,2026-09-06T21:09:00Z,65,37,55816,2026-09-06T20:51:00Z,False,False,ORI,False,False,LKSDB-1,T_LKSDB-1
BOALF,2026-09-06,45,45,2026-09-06T21:06:00Z,2026-09-06T21:08:00Z,65,65,55815,2026-09-06T20:50:00Z,False,False,ORI,False,False,LKSDB-1,T_LKSDB-1
BOALF,2026-09-06,45,45,2026-09-06T21:05:00Z,2026-09-06T21:06:00Z,92,0,55814,2026-09-06T20:49:00Z,False,False,ORI,False,False,LKSDB-1,T_LKSDB-1
BOALF,2026-09-06,45,45,2026-09-06T21:05:00Z,2026-09-06T21:06:00Z,92,65,55815,2026-09-06T20:50:00Z,False,False,ORI,False,False,LKSDB-1,T_LKSDB-1
BOALF,2026-09-06,45,45,2026-09-06T21:01:00Z,2026-09-06T21:05:00Z,92,92,55814,2026-09-06T20:49:00Z,False,False,ORI,False,False,LKSDB-1,T_LKSDB-1
BOALF,2026-09-06,45,45,2026-09-06T21:00:00Z,2026-09-06T21:01:00Z,99,0,55813,2026-09-06T20:46:00Z,False,False,ORI,False,False,LKSDB-1,T_LKSDB-1
BOALF,2026-09-06,45,45,2026-09-06T21:00:00Z,2026-09-06T21:01:00Z,99,92,55814,2026-09-06T20:49:00Z,False,False,ORI,False,False,LKSDB-1,T_LKSDB-1
BOALF,2026-09-06,44,45,2026-09-06T20:55:00Z,2026-09-06T21:00:00Z,99,99,55813,2026-09-06T20:46:00Z,False,False,ORI,False,False,LKSDB-1,T_LKSDB-1
BOALF,2026-09-06,44,44,2026-09-06T20:55:00Z,2026-09-06T20:56:00Z,99,0,55812,2026-09-06T20:42:00Z,False,False,ORI,False,False,LKSDB-1,T_LKSDB-1
BOALF,2026-09-06,44,44,2026-09-06T20:48:00Z,2026-09-06T20:55:00Z,99,99,55812,2026-09-06T20:42:00Z,False,False,ORI,False,False,LKSDB-1,T_LKSDB-1
BOALF,2026-09-06,44,44,2026-09-06T20:47:00Z,2026-09-06T20:48:00Z,0,99,55812,2026-09-06T20:42:00Z,False,False,ORI,False,False,LKSDB-1,T_LKSDB-1
BOALF,2026-09-06,44,44,2026-09-06T20:43:00Z,2026-09-06T20:44:00Z,42,0,55811,2026-09-06T20:38:00Z,False,False,ORI,False,False,LKSDB-1,T_LKSDB-1
BOALF,2026-09-06,44,44,2026-09-06T20:41:00Z,2026-09-06T20:43:00Z,42,42,55811,2026-09-06T20:38:00Z,False,False,ORI,False,False,LKSDB-1,T_LKSDB-1
BOALF,2026-09-06,44,44,2026-09-06T20:40:00Z,2026-09-06T20:41:00Z,0,42,55811,2026-09-06T20:38:00Z,False,False,ORI,False,False,LKSDB-1,T_LKSDB-1
BOALF,2026-09-06,43,44,2026-09-06T20:29:00Z,2026-09-06T20:30:00Z,-86,0,55810,2026-09-06T20:14:00Z,False,False,ORI,False,False,LKSDB-1,T_LKSDB-1
BOALF,2026-09-06,43,43,2026-09-06T20:28:00Z,2026-09-06T20:29:00Z,-86,0,55808,2026-09-06T19:59:00Z,False,False,ORI,False,False,LKSDB-1,T_LKSDB-1
BOALF,2026-09-06,43,43,2026-09-06T20:28:00Z,2026-09-06T20:29:00Z,-86,-86,55810,2026-09-06T20:14:00Z,False,False,ORI,False,False,LKSDB-1,T_LKSDB-1
BOALF,2026-09-06,43,43,2026-09-06T20:25:00Z,2026-09-06T20:28:00Z,-86,-86,55808,2026-09-06T19:59:00Z,False,False,ORI,False,False,LKSDB-1,T_LKSDB-1
BOALF,2026-09-06,43,43,2026-09-06T20:25:00Z,2026-09-06T20:26:00Z,-99,-86,55809,2026-09-06T20:08:00Z,False,False,ORI,False,False,LKSDB-1,T_LKSDB-1
BOALF,2026-09-06,43,43,2026-09-06T20:24:00Z,2026-09-06T20:25:00Z,-90,0,55807,2026-09-06T19:58:00Z,False,False,ORI,False,False,LKSDB-1,T_LKSDB-1
BOALF,2026-09-06,43,43,2026-09-06T20:24:00Z,2026-09-06T20:25:00Z,-90,-86,55808,2026-09-06T19:59:00Z,False,False,ORI,False,False,LKSDB-1,T_LKSDB-1
BOALF,2026-09-06,43,43,2026-09-06T20:11:00Z,2026-09-06T20:25:00Z,-99,-99,55809,2026-09-06T20:08:00Z,False,False,ORI,False,False,LKSDB-1,T_LKSDB-1
BOALF,2026-09-06,43,43,2026-09-06T20:11:00Z,2026-09-06T20:24:00Z,-90,-90,55807,2026-09-06T19:58:00Z,False,False,ORI,False,False,LKSDB-1,T_LKSDB-1
BOALF,2026-09-06,43,43,2026-09-06T20:10:00Z,2026-09-06T20:11:00Z,-84,0,55806,2026-09-06T19:57:00Z,False,False,ORI,False,False,LKSDB-1,T_LKSDB-1
BOALF,2026-09-06,43,43,2026-09-06T20:10:00Z,2026-09-06T20:11:00Z,-84,-90,55807,2026-09-06T19:58:00Z,False,False,ORI,False,False,LKSDB-1,T_LKSDB-1
BOALF,2026-09-06,43,43,2026-09-06T20:10:00Z,2026-09-06T20:11:00Z,-84,-99,55809,2026-09-06T20:08:00Z,False,False,ORI,False,False,LKSDB-1,T_LKSDB-1
BOALF,2026-09-06,43,43,2026-09-06T20:08:00Z,2026-09-06T20:10:00Z,-84,-84,55806,2026-09-06T19:57:00Z,False,False,ORI,False,False,LKSDB-1,T_LKSDB-1
BOALF,2026-09-06,43,43,2026-09-06T20:07:00Z,2026-09-06T20:08:00Z,-81,0,55805,2026-09-06T19:56:00Z,False,False,ORI,False,False,LKSDB-1,T_LKSDB-1
BOALF,2026-09-06,43,43,2026-09-06T20:07:00Z,2026-09-06T20:08:00Z,-81,-84,55806,2026-09-06T19:57:00Z,False,False,ORI,False,False,LKSDB-1,T_LKSDB-1
BOALF,2026-09-06,43,43,2026-09-06T20:03:00Z,2026-09-06T20:07:00Z,-81,-81,55805,2026-09-06T19:56:00Z,False,False,ORI,False,False,LKSDB-1,T_LKSDB-1
BOALF,2026-09-06,43,43,2026-09-06T20:02:00Z,2026-09-06T20:03:00Z,-98,0,55804,2026-09-06T19:55:00Z,False,False,ORI,False,False,LKSDB-1,T_LKSDB-1
BOALF,2026-09-06,43,43,2026-09-06T20:02:00Z,2026-09-06T20:03:00Z,-98,-81,55805,2026-09-06T19:56:00Z,False,False,ORI,False,False,LKSDB-1,T_LKSDB-1
BOALF,2026-09-06,43,43,2026-09-06T20:01:00Z,2026-09-06T20:02:00Z,-98,0,55803,2026-09-06T19:42:00Z,False,False,ORI,False,False,LKSDB-1,T_LKSDB-1
BOALF,2026-09-06,43,43,2026-09-06T20:01:00Z,2026-09-06T20:02:00Z,-98,-98,55804,2026-09-06T19:55:00Z,False,False,ORI,False,False,LKSDB-1,T_LKSDB-1
BOALF,2026-09-06,42,43,2026-09-06T19:51:00Z,2026-09-06T20:01:00Z,-98,-98,55803,2026-09-06T19:42:00Z,False,False,ORI,False,False,LKSDB-1,T_LKSDB-1
BOALF,2026-09-06,42,42,2026-09-06T19:50:00Z,2026-09-06T19:51:00Z,0,-98,55803,2026-09-06T19:42:00Z,False,False,ORI,False,False,LKSDB-1,T_LKSDB-1
BOALF,2026-09-06,42,42,2026-09-06T19:37:00Z,2026-09-06T19:38:00Z,2,0,55801,2026-09-06T19:06:00Z,False,False,ORI,False,False,LKSDB-1,T_LKSDB-1
BOALF,2026-09-06,42,42,2026-09-06T19:37:00Z,2026-09-06T19:38:00Z,0,0,55802,2026-09-06T19:31:00Z,False,False,ORI,False,False,LKSDB-1,T_LKSDB-1
BOALF,2026-09-06,42,42,2026-09-06T19:36:00Z,2026-09-06T19:37:00Z,2,0,55802,2026-09-06T19:31:00Z,False,False,ORI,False,False,LKSDB-1,T_LKSDB-1
BOALF,2026-09-06,41,42,2026-09-06T19:16:00Z,2026-09-06T19:37:00Z,2,2,55801,2026-09-06T19:06:00Z,False,False,ORI,False,False,LKSDB-1,T_LKSDB-1
BOALF,2026-09-06,41,41,2026-09-06T19:15:00Z,2026-09-06T19:16:00Z,0,2,55801,2026-09-06T19:06:00Z,False,False,ORI,False,False,LKSDB-1,T_LKSDB-1
BOALF,2026-09-06,40,41,2026-09-06T18:58:00Z,2026-09-06T19:00:00Z,0,0,55800,2026-09-06T18:35:00Z,False,False,ORI,False,False,LKSDB-1,T_LKSDB-1
BOALF,2026-09-06,40,40,2026-09-06T18:57:00Z,2026-09-06T18:58:00Z,74,0,55800,2026-09-06T18:35:00Z,False,False,ORI,False,False,LKSDB-1,T_LKSDB-1
BOALF,2026-09-06,40,40,2026-09-06T18:30:00Z,2026-09-06T18:31:00Z,56,74,55798,2026-09-06T18:23:00Z,False,False,ORI,False,False,LKSDB-1,T_LKSDB-1
BOALF,2026-09-06,39,40,2026-09-06T18:28:00Z,2026-09-06T18:30:00Z,56,56,55798,2026-09-06T18:23:00Z,False,False,ORI,False,False,LKSDB-1,T_LKSDB-1
BOALF,2026-09-06,39,39,2026-09-06T18:27:00Z,2026-09-06T18:28:00Z,30,56,55798,2026-09-06T18:23:00Z,False,False,ORI,False,False,LKSDB-1,T_LKSDB-1
BOALF,2026-09-06,39,39,2026-09-06T18:20:00Z,2026-09-06T18:21:00Z,42,30,55797,2026-09-06T18:07:00Z,False,False,ORI,False,False,LKSDB-1,T_LKSDB-1
BOALF,2026-09-06,39,39,2026-09-06T18:16:00Z,2026-09-06T18:20:00Z,42,42,55797,2026-09-06T18:07:00Z,False,False,ORI,False,False,LKSDB-1,T_LKSDB-1
BOALF,2026-09-06,39,39,2026-09-06T18:15:00Z,2026-09-06T18:16:00Z,98,30,55796,2026-09-06T18:06:00Z,False,False,ORI,False,False,LKSDB-1,T_LKSDB-1
BOALF,2026-09-06,39,39,2026-09-06T18:15:00Z,2026-09-06T18:16:00Z,98,42,55797,2026-09-06T18:07:00Z,False,False,ORI,False,False,LKSDB-1,T_LKSDB-1
BOALF,2026-09-06,39,39,2026-09-06T18:13:00Z,2026-09-06T18:15:00Z,98,98,55796,2026-09-06T18:06:00Z,False,False,ORI,False,False,LKSDB-1,T_LKSDB-1
BOALF,2026-09-06,39,39,2026-09-06T18:12:00Z,2026-09-06T18:13:00Z,30,98,55796,2026-09-06T18:06:00Z,False,False,ORI,False,False,LKSDB-1,T_LKSDB-1
BOALF,2026-09-06,39,39,2026-09-06T18:00:00Z,2026-09-06T18:01:00Z,70,30,55795,2026-09-06T17:43:00Z,False,False,ORI,False,False,LKSDB-1,T_LKSDB-1
BOALF,2026-09-06,38,39,2026-09-06T17:57:00Z,2026-09-06T18:00:00Z,70,70,55795,2026-09-06T17:43:00Z,False,False,ORI,False,False,LKSDB-1,T_LKSDB-1
BOALF,2026-09-06,38,38,2026-09-06T17:57:00Z,2026-09-06T17:58:00Z,70,55,55794,2026-09-06T17:39:00Z,False,False,ORI,False,False,LKSDB-1,T_LKSDB-1
BOALF,2026-09-06,38,38,2026-09-06T17:49:00Z,2026-09-06T17:57:00Z,70,70,55794,2026-09-06T17:39:00Z,False,False,ORI,False,False,LKSDB-1,T_LKSDB-1
BOALF,2026-09-06,38,38,2026-09-06T17:49:00Z,2026-09-06T17:50:00Z,70,55,55793,2026-09-06T17:32:00Z,False,False,ORI,False,False,LKSDB-1,T_LKSDB-1
BOALF,2026-09-06,38,38,2026-09-06T17:47:00Z,2026-09-06T17:49:00Z,70,70,55793,2026-09-06T17:32:00Z,False,False,ORI,False,False,LKSDB-1,T_LKSDB-1
BOALF,2026-09-06,38,38,2026-09-06T17:47:00Z,2026-09-06T17:48:00Z,70,55,55792,2026-09-06T17:26:00Z,False,False,ORI,False,False,LKSDB-1,T_LKSDB-1
BOALF,2026-09-06,38,38,2026-09-06T17:43:00Z,2026-09-06T17:47:00Z,70,70,55792,2026-09-06T17:26:00Z,False,False,ORI,False,False,LKSDB-1,T_LKSDB-1
BOALF,2026-09-06,38,38,2026-09-06T17:43:00Z,2026-09-06T17:44:00Z,70,55,55791,2026-09-06T17:22:00Z,False,False,ORI,False,False,LKSDB-1,T_LKSDB-1
BOALF,2026-09-06,38,38,2026-09-06T17:41:00Z,2026-09-06T17:43:00Z,70,70,55791,2026-09-06T17:22:00Z,False,False,ORI,False,False,LKSDB-1,T_LKSDB-1
BOALF,2026-09-06,38,38,2026-09-06T17:41:00Z,2026-09-06T17:42:00Z,70,55,55790,2026-09-06T17:19:00Z,False,False,ORI,False,False,LKSDB-1,T_LKSDB-1
BOALF,2026-09-06,38,38,2026-09-06T17:40:00Z,2026-09-06T17:41:00Z,70,55,55789,2026-09-06T17:17:00Z,False,False,ORI,False,False,LKSDB-1,T_LKSDB-1
BOALF,2026-09-06,38,38,2026-09-06T17:40:00Z,2026-09-06T17:41:00Z,70,70,55790,2026-09-06T17:19:00Z,False,False,ORI,False,False,LKSDB-1,T_LKSDB-1
BOALF,2026-09-06,38,38,2026-09-06T17:35:00Z,2026-09-06T17:40:00Z,70,70,55789,2026-09-06T17:17:00Z,False,False,ORI,False,False,LKSDB-1,T_LKSDB-1
BOALF,2026-09-06,38,38,2026-09-06T17:35:00Z,2026-09-06T17:36:00Z,70,55,55788,2026-09-06T17:14:00Z,False,False,ORI,False,False,LKSDB-1,T_LKSDB-1
BOALF,2026-09-06,37,38,2026-09-06T17:27:00Z,2026-09-06T17:35:00Z,70,70,55788,2026-09-06T17:14:00Z,False,False,ORI,False,False,LKSDB-1,T_LKSDB-1
BOALF,2026-09-06,37,37,2026-09-06T17:27:00Z,2026-09-06T17:28:00Z,70,60,55787,2026-09-06T17:10:00Z,False,False,ORI,False,False,LKSDB-1,T_LKSDB-1
BOALF,2026-09-06,37,37,2026-09-06T17:26:00Z,2026-09-06T17:27:00Z,70,60,55786,2026-09-06T17:08:00Z,False,False,ORI,False,False,LKSDB-1,T_LKSDB-1
BOALF,2026-09-06,37,37,2026-09-06T17:26:00Z,2026-09-06T17:27:00Z,70,70,55787,2026-09-06T17:10:00Z,False,False,ORI,False,False,LKSDB-1,T_LKSDB-1
BOALF,2026-09-06,37,37,2026-09-06T17:11:00Z,2026-09-06T17:26:00Z,70,70,55786,2026-09-06T17:08:00Z,False,False,ORI,False,False,LKSDB-1,T_LKSDB-1
BOALF,2026-09-06,37,37,2026-09-06T17:10:00Z,2026-09-06T17:11:00Z,60,70,55786,2026-09-06T17:08:00Z,False,False,ORI,False,False,LKSDB-1,T_LKSDB-1
BOALF,2026-09-06,37,37,2026-09-06T17:05:00Z,2026-09-06T17:06:00Z,0,60,55785,2026-09-06T16:49:00Z,False,False,ORI,False,False,LKSDB-1,T_LKSDB-1
BOALF,2026-09-06,37,37,2026-09-06T17:00:00Z,2026-09-06T17:05:00Z,0,0,55785,2026-09-06T16:49:00Z,False,False,ORI,False,False,LKSDB-1,T_LKSDB-1
BOALF,2026-09-06,36,37,2026-09-06T16:59:00Z,2026-09-06T17:00:00Z,70,0,55784,2026-09-06T16:42:00Z,False,False,ORI,False,False,LKSDB-1,T_LKSDB-1
BOALF,2026-09-06,36,36,2026-09-06T16:55:00Z,2026-09-06T16:59:00Z,70,70,55784,2026-09-06T16:42:00Z,False,False,ORI,False,False,LKSDB-1,T_LKSDB-1
BOALF,2026-09-06,36,36,2026-09-06T16:55:00Z,2026-09-06T16:56:00Z,70,0,55783,2026-09-06T16:37:00Z,False,False,ORI,False,False,LKSDB-1,T_LKSDB-1
BOALF,2026-09-06,36,36,2026-09-06T16:48:00Z,2026-09-06T16:55:00Z,70,70,55783,2026-09-06T16:37:00Z,False,False,ORI,False,False,LKSDB-1,T_LKSDB-1
BOALF,2026-09-06,36,36,2026-09-06T16:48:00Z,2026-09-06T16:49:00Z,70,0,55782,2026-09-06T16:33:00Z,False,False,ORI,False,False,LKSDB-1,T_LKSDB-1
BOALF,2026-09-06,36,36,2026-09-06T16:41:00Z,2026-09-06T16:48:00Z,70,70,55782,2026-09-06T16:33:00Z,False,False,ORI,False,False,LKSDB-1,T_LKSDB-1
BOALF,2026-09-06,36,36,2026-09-06T16:40:00Z,2026-09-06T16:41:00Z,0,70,55782,2026-09-06T16:33:00Z,False,False,ORI,False,False,LKSDB-1,T_LKSDB-1
BOALF,2026-09-06,36,36,2026-09-06T16:36:00Z,2026-09-06T16:37:00Z,64,0,55781,2026-09-06T16:24:00Z,False,False,ORI,False,False,LKSDB-1,T_LKSDB-1
BOALF,2026-09-06,36,36,2026-09-06T16:33:00Z,2026-09-06T16:34:00Z,1,0,55780,2026-09-06T16:22:00Z,False,False,ORI,False,False,LKSDB-1,T_LKSDB-1
BOALF,2026-09-06,36,36,2026-09-06T16:30:00Z,2026-09-06T16:36:00Z,64,64,55781,2026-09-06T16:24:00Z,False,False,ORI,False,False,LKSDB-1,T_LKSDB-1
BOALF,2026-09-06,35,36,2026-09-06T16:29:00Z,2026-09-06T16:33:00Z,1,1,55780,2026-09-06T16:22:00Z,False,False,ORI,False,False,LKSDB-1,T_LKSDB-1
BOALF,2026-09-06,35,36,2026-09-06T16:29:00Z,2026-09-06T16:30:00Z,1,64,55781,2026-09-06T16:24:00Z,False,False,ORI,False,False,LKSDB-1,T_LKSDB-1
BOALF,2026-09-06,35,35,2026-09-06T16:28:00Z,2026-09-06T16:29:00Z,0,1,55780,2026-09-06T16:22:00Z,False,False,ORI,False,False,LKSDB-1,T_LKSDB-1
BOALF,2026-09-06,31,31,2026-09-06T14:07:00Z,2026-09-06T14:08:00Z,-67,-69,55779,2026-09-06T13:53:00Z,False,False,ORI,False,False,LKSDB-1,T_LKSDB-1
BOALF,2026-09-06,31,31,2026-09-06T14:04:00Z,2026-09-06T14:07:00Z,-67,-67,55779,2026-09-06T13:53:00Z,False,False,ORI,False,False,LKSDB-1,T_LKSDB-1
BOALF,2026-09-06,31,31,2026-09-06T14:03:00Z,2026-09-06T14:04:00Z,0,-69,55778,2026-09-06T13:52:00Z,False,False,ORI,False,False,LKSDB-1,T_LKSDB-1
BOALF,2026-09-06,31,31,2026-09-06T14:03:00Z,2026-09-06T14:04:00Z,0,-67,55779,2026-09-06T13:53:00Z,False,False,ORI,False,False,LKSDB-1,T_LKSDB-1
BOALF,2026-09-06,31,31,2026-09-06T14:02:00Z,2026-09-06T14:03:00Z,-39,-69,55777,2026-09-06T13:45:00Z,False,False,ORI,False,False,LKSDB-1,T_LKSDB-1
BOALF,2026-09-06,31,31,2026-09-06T14:01:00Z,2026-09-06T14:03:00Z,0,0,55778,2026-09-06T13:52:00Z,False,False,ORI,False,False,LKSDB-1,T_LKSDB-1
BOALF,2026-09-06,31,31,2026-09-06T14:00:00Z,2026-09-06T14:02:00Z,-39,-39,55777,2026-09-06T13:45:00Z,False,False,ORI,False,False,LKSDB-1,T_LKSDB-1
BOALF,2026-09-06,31,31,2026-09-06T14:00:00Z,2026-09-06T14:01:00Z,-39,0,55778,2026-09-06T13:52:00Z,False,False,ORI,False,False,LKSDB-1,T_LKSDB-1
BOALF,2026-09-06,18,18,2026-09-06T07:54:00Z,2026-09-06T07:55:00Z,1,0,55776,2026-09-06T07:40:00Z,False,False,ORI,False,False,LKSDB-1,T_LKSDB-1
BOALF,2026-09-06,18,18,2026-09-06T07:50:00Z,2026-09-06T07:54:00Z,1,1,55776,2026-09-06T07:40:00Z,False,False,ORI,False,False,LKSDB-1,T_LKSDB-1
BOALF,2026-09-06,18,18,2026-09-06T07:50:00Z,2026-09-06T07:51:00Z,1,0,55775,2026-09-06T07:36:00Z,False,False,ORI,False,False,LKSDB-1,T_LKSDB-1
BOALF,2026-09-06,18,18,2026-09-06T07:46:00Z,2026-09-06T07:50:00Z,1,1,55775,2026-09-06T07:36:00Z,False,False,ORI,False,False,LKSDB-1,T_LKSDB-1
BOALF,2026-09-06,18,18,2026-09-06T07:46:00Z,2026-09-06T07:47:00Z,1,0,55774,2026-09-06T07:26:00Z,False,False,ORI,False,False,LKSDB-1,T_LKSDB-1
BOALF,2026-09-06,18,18,2026-09-06T07:43:00Z,2026-09-06T07:46:00Z,1,1,55774,2026-09-06T07:26:00Z,False,False,ORI,False,False,LKSDB-1,T_LKSDB-1
BOALF,2026-09-06,18,18,2026-09-06T07:43:00Z,2026-09-06T07:44:00Z,1,0,55773,2026-09-06T07:24:00Z,False,False,ORI,False,False,LKSDB-1,T_LKSDB-1
BOALF,2026-09-06,18,18,2026-09-06T07:42:00Z,2026-09-06T07:43:00Z,1,0,55772,2026-09-06T07:22:00Z,False,False,ORI,False,False,LKSDB-1,T_LKSDB-1
BOALF,2026-09-06,18,18,2026-09-06T07:42:00Z,2026-09-06T07:43:00Z,1,1,55773,2026-09-06T07:24:00Z,False,False,ORI,False,False,LKSDB-1,T_LKSDB-1
BOALF,2026-09-06,18,18,2026-09-06T07:38:00Z,2026-09-06T07:42:00Z,1,1,55772,2026-09-06T07:22:00Z,False,False,ORI,False,False,LKSDB-1,T_LKSDB-1
BOALF,2026-09-06,18,18,2026-09-06T07:38:00Z,2026-09-06T07:39:00Z,1,0,55771,2026-09-06T07:18:00Z,False,False,ORI,False,False,LKSDB-1,T_LKSDB-1
BOALF,2026-09-06,17,18,2026-09-06T07:28:00Z,2026-09-06T07:38:00Z,1,1,55771,2026-09-06T07:18:00Z,False,False,ORI,False,False,LKSDB-1,T_LKSDB-1
BOALF,2026-09-06,17,17,2026-09-06T07:28:00Z,2026-09-06T07:29:00Z,1,0,55770,2026-09-06T07:15:00Z,False,False,ORI,False,False,LKSDB-1,T_LKSDB-1
BOALF,2026-09-06,17,17,2026-09-06T07:18:00Z,2026-09-06T07:28:00Z,1,1,55770,2026-09-06T07:15:00Z,False,False,ORI,False,False,LKSDB-1,T_LKSDB-1
BOALF,2026-09-06,17,17,2026-09-06T07:17:00Z,2026-09-06T07:18:00Z,0,1,55770,2026-09-06T07:15:00Z,False,False,ORI,False,False,LKSDB-1,T_LKSDB-1
BOALF,2026-09-06,17,17,2026-09-06T07:05:00Z,2026-09-06T07:06:00Z,2,0,55769,2026-09-06T06:59:00Z,False,False,ORI,False,False,LKSDB-1,T_LKSDB-1
BOALF,2026-09-06,17,17,2026-09-06T07:01:00Z,2026-09-06T07:05:00Z,2,2,55769,2026-09-06T06:59:00Z,False,False,ORI,False,False,LKSDB-1,T_LKSDB-1
BOALF,2026-09-06,17,17,2026-09-06T07:00:00Z,2026-09-06T07:01:00Z,0,2,55769,2026-09-06T06:59:00Z,False,False,ORI,False,False,LKSDB-1,T_LKSDB-1
BOALF,2026-09-06,16,16,2026-09-06T06:57:00Z,2026-09-06T06:58:00Z,2,0,55767,2026-09-06T06:46:00Z,False,False,ORI,False,False,LKSDB-1,T_LKSDB-1
BOALF,2026-09-06,16,16,2026-09-06T06:55:00Z,2026-09-06T06:57:00Z,2,2,55767,2026-09-06T06:46:00Z,False,False,ORI,False,False,LKSDB-1,T_LKSDB-1
BOALF,2026-09-06,16,16,2026-09-06T06:54:00Z,2026-09-06T06:55:00Z,0,2,55767,2026-09-06T06:46:00Z,False,False,ORI,False,False,LKSDB-1,T_LKSDB-1
BOALF,2026-09-06,16,16,2026-09-06T06:52:00Z,2026-09-06T06:55:00Z,2,2,55768,2026-09-06T06:50:00Z,False,False,ORI,False,False,LKSDB-1,T_LKSDB-1
BOALF,2026-09-06,16,16,2026-09-06T06:51:00Z,2026-09-06T06:52:00Z,0,2,55768,2026-09-06T06:50:00Z,False,False,ORI,False,False,LKSDB-1,T_LKSDB-1
BOALF,2026-09-06,12,13,2026-09-06T04:59:00Z,2026-09-06T05:00:00Z,0,0,55765,2026-09-06T04:50:00Z,False,False,ORI,False,False,LKSDB-1,T_LKSDB-1
BOALF,2026-09-06,12,12,2026-09-06T04:58:00Z,2026-09-06T04:59:00Z,3,0,55765,2026-09-06T04:50:00Z,False,False,ORI,False,False,LKSDB-1,T_LKSDB-1
BOALF,2026-09-06,8,8,2026-09-06T02:54:00Z,2026-09-06T02:55:00Z,0,99,55764,2026-09-06T02:28:00Z,False,False,ORI,False,False,LKSDB-1,T_LKSDB-1
BOALF,2026-09-06,8,8,2026-09-06T02:30:00Z,2026-09-06T02:54:00Z,0,0,55764,2026-09-06T02:28:00Z,False,False,ORI,False,False,LKSDB-1,T_LKSDB-1
BOALF,2026-09-06,8,8,2026-09-06T02:30:00Z,2026-09-06T02:31:00Z,0,99,55763,2026-09-06T02:17:00Z,False,False,ORI,False,False,LKSDB-1,T_LKSDB-1
BOALF,2026-09-06,7,8,2026-09-06T02:19:00Z,2026-09-06T02:30:00Z,0,0,55763,2026-09-06T02:17:00Z,False,False,ORI,False,False,LKSDB-1,T_LKSDB-1
BOALF,2026-09-06,7,7,2026-09-06T02:18:00Z,2026-09-06T02:19:00Z,99,0,55763,2026-09-06T02:17:00Z,False,False,ORI,False,False,LKSDB-1,T_LKSDB-1
BOALF,2026-09-06,6,6,2026-09-06T01:56:00Z,2026-09-06T01:57:00Z,4,30,55762,2026-09-06T01:46:00Z,False,False,ORI,False,False,LKSDB-1,T_LKSDB-1
BOALF,2026-09-06,6,6,2026-09-06T01:55:00Z,2026-09-06T01:56:00Z,4,30,55761,2026-09-06T01:38:00Z,False,False,ORI,False,False,LKSDB-1,T_LKSDB-1
BOALF,2026-09-06,6,6,2026-09-06T01:55:00Z,2026-09-06T01:56:00Z,4,4,55762,2026-09-06T01:46:00Z,False,False,ORI,False,False,LKSDB-1,T_LKSDB-1
BOALF,2026-09-06,6,6,2026-09-06T01:53:00Z,2026-09-06T01:55:00Z,4,4,55761,2026-09-06T01:38:00Z,False,False,ORI,False,False,LKSDB-1,T_LKSDB-1
BOALF,2026-09-06,6,6,2026-09-06T01:53:00Z,2026-09-06T01:54:00Z,4,30,55760,2026-09-06T01:35:00Z,False,False,ORI,False,False,LKSDB-1,T_LKSDB-1
BOALF,2026-09-06,6,6,2026-09-06T01:42:00Z,2026-09-06T01:53:00Z,4,4,55760,2026-09-06T01:35:00Z,False,False,ORI,False,False,LKSDB-1,T_LKSDB-1
BOALF,2026-09-06,6,6,2026-09-06T01:42:00Z,2026-09-06T01:43:00Z,4,30,55759,2026-09-06T01:24:00Z,False,False,ORI,False,False,LKSDB-1,T_LKSDB-1
BOALF,2026-09-06,6,6,2026-09-06T01:33:00Z,2026-09-06T01:42:00Z,4,4,55759,2026-09-06T01:24:00Z,False,False,ORI,False,False,LKSDB-1,T_LKSDB-1
BOALF,2026-09-06,6,6,2026-09-06T01:32:00Z,2026-09-06T01:33:00Z,30,4,55759,2026-09-06T01:24:00Z,False,False,ORI,False,False,LKSDB-1,T_LKSDB-1
BOALF,2026-09-06,5,6,2026-09-06T01:29:00Z,2026-09-06T01:30:00Z,0,30,55758,2026-09-06T01:12:00Z,False,False,ORI,False,False,LKSDB-1,T_LKSDB-1
BOALF,2026-09-06,5,5,2026-09-06T01:18:00Z,2026-09-06T01:29:00Z,0,0,55758,2026-09-06T01:12:00Z,False,False,ORI,False,False,LKSDB-1,T_LKSDB-1
BOALF,2026-09-06,5,5,2026-09-06T01:18:00Z,2026-09-06T01:19:00Z,0,30,55757,2026-09-06T01:05:00Z,False,False,ORI,False,False,LKSDB-1,T_LKSDB-1
BOALF,2026-09-06,5,5,2026-09-06T01:07:00Z,2026-09-06T01:18:00Z,0,0,55757,2026-09-06T01:05:00Z,False,False,ORI,False,False,LKSDB-1,T_LKSDB-1
BOALF,2026-09-06,5,5,2026-09-06T01:07:00Z,2026-09-06T01:08:00Z,0,30,55756,2026-09-06T00:54:00Z,False,False,ORI,False,False,LKSDB-1,T_LKSDB-1
BOALF,2026-09-06,5,5,2026-09-06T01:00:00Z,2026-09-06T01:07:00Z,0,0,55756,2026-09-06T00:54:00Z,False,False,ORI,False,False,LKSDB-1,T_LKSDB-1
BOALF,2026-09-06,5,5,2026-09-06T01:00:00Z,2026-09-06T01:01:00Z,0,30,55755,2026-09-06T00:33:00Z,False,False,ORI,False,False,LKSDB-1,T_LKSDB-1
BOALF,2026-09-06,4,5,2026-09-06T00:58:00Z,2026-09-06T01:00:00Z,0,0,55755,2026-09-06T00:33:00Z,False,False,ORI,False,False,LKSDB-1,T_LKSDB-1
BOALF,2026-09-06,4,4,2026-09-06T00:58:00Z,2026-09-06T00:59:00Z,0,30,55754,2026-09-06T00:26:00Z,False,False,ORI,False,False,LKSDB-1,T_LKSDB-1
BOALF,2026-09-06,3,4,2026-09-06T00:29:00Z,2026-09-06T00:58:00Z,0,0,55754,2026-09-06T00:26:00Z,False,False,ORI,False,False,LKSDB-1,T_LKSDB-1
BOALF,2026-09-06,3,4,2026-09-06T00:29:00Z,2026-09-06T00:30:00Z,0,30,55753,2026-09-06T00:19:00Z,False,False,ORI,False,False,LKSDB-1,T_LKSDB-1
BOALF,2026-09-06,3,3,2026-09-06T00:22:00Z,2026-09-06T00:29:00Z,0,0,55753,2026-09-06T00:19:00Z,False,False,ORI,False,False,LKSDB-1,T_LKSDB-1
BOALF,2026-09-06,3,3,2026-09-06T00:22:00Z,2026-09-06T00:23:00Z,0,30,55752,2026-09-06T00:05:00Z,False,False,ORI,False,False,LKSDB-1,T_LKSDB-1
BOALF,2026-09-06,3,3,2026-09-06T00:06:00Z,2026-09-06T00:22:00Z,0,0,55752,2026-09-06T00:05:00Z,False,False,ORI,False,False,LKSDB-1,T_LKSDB-1
BOALF,2026-09-06,3,3,2026-09-06T00:06:00Z,2026-09-06T00:07:00Z,0,30,55751,2026-09-05T23:57:00Z,False,False,ORI,False,False,LKSDB-1,T_LKSDB-1
BOALF,2026-09-06,3,3,2026-09-06T00:00:00Z,2026-09-06T00:06:00Z,0,0,55751,2026-09-05T23:57:00Z,False,False,ORI,False,False,LKSDB-1,T_LKSDB-1
BOALF,2026-09-06,3,3,2026-09-06T00:00:00Z,2026-09-06T00:01:00Z,0,30,55750,2026-09-05T23:50:00Z,False,False,ORI,False,False,LKSDB-1,T_LKSDB-1
BOALF,2026-09-06,2,2,2026-09-05T23:58:00Z,2026-09-05T23:59:00Z,15,30,55749,2026-09-05T23:41:00Z,False,False,ORI,False,False,LKSDB-1,T_LKSDB-1
BOALF,2026-09-06,2,2,2026-09-05T23:56:00Z,2026-09-05T23:58:00Z,15,15,55749,2026-09-05T23:41:00Z,False,False,ORI,False,False,LKSDB-1,T_LKSDB-1
BOALF,2026-09-06,2,3,2026-09-05T23:55:00Z,2026-09-06T00:00:00Z,0,0,55750,2026-09-05T23:50:00Z,False,False,ORI,False,False,LKSDB-1,T_LKSDB-1
BOALF,2026-09-06,2,2,2026-09-05T23:55:00Z,2026-09-05T23:56:00Z,0,30,55748,2026-09-05T23:40:00Z,False,False,ORI,False,False,LKSDB-1,T_LKSDB-1
BOALF,2026-09-06,2,2,2026-09-05T23:55:00Z,2026-09-05T23:56:00Z,0,15,55749,2026-09-05T23:41:00Z,False,False,ORI,False,False,LKSDB-1,T_LKSDB-1
BOALF,2026-09-06,2,2,2026-09-05T23:43:00Z,2026-09-05T23:55:00Z,0,0,55748,2026-09-05T23:40:00Z,False,False,ORI,False,False,LKSDB-1,T_LKSDB-1
BOALF,2026-09-06,2,2,2026-09-05T23:43:00Z,2026-09-05T23:44:00Z,0,30,55747,2026-09-05T23:29:00Z,False,False,ORI,False,False,LKSDB-1,T_LKSDB-1
BOALF,2026-09-06,2,2,2026-09-05T23:41:00Z,2026-09-05T23:43:00Z,0,0,55747,2026-09-05T23:29:00Z,False,False,ORI,False,False,LKSDB-1,T_LKSDB-1
BOALF,2026-09-06,2,2,2026-09-05T23:41:00Z,2026-09-05T23:42:00Z,0,30,55746,2026-09-05T23:26:00Z,False,False,ORI,False,False,LKSDB-1,T_LKSDB-1
BOALF,2026-09-06,2,2,2026-09-05T23:34:00Z,2026-09-05T23:41:00Z,0,0,55746,2026-09-05T23:26:00Z,False,False,ORI,False,False,LKSDB-1,T_LKSDB-1
BOALF,2026-09-06,2,2,2026-09-05T23:34:00Z,2026-09-05T23:35:00Z,0,30,55745,2026-09-05T23:19:00Z,False,False,ORI,False,False,LKSDB-1,T_LKSDB-1
BOALF,2026-09-06,1,2,2026-09-05T23:23:00Z,2026-09-05T23:34:00Z,0,0,55745,2026-09-05T23:19:00Z,False,False,ORI,False,False,LKSDB-1,T_LKSDB-1
BOALF,2026-09-06,1,1,2026-09-05T23:23:00Z,2026-09-05T23:24:00Z,0,30,55744,2026-09-05T23:09:00Z,False,False,ORI,False,False,LKSDB-1,T_LKSDB-1
BOALF,2026-09-06,1,1,2026-09-05T23:12:00Z,2026-09-05T23:23:00Z,0,0,55744,2026-09-05T23:09:00Z,False,False,ORI,False,False,LKSDB-1,T_LKSDB-1
BOALF,2026-09-06,1,1,2026-09-05T23:12:00Z,2026-09-05T23:13:00Z,0,30,55743,2026-09-05T22:59:00Z,False,False,ORI,False,False,LKSDB-1,T_LKSDB-1
BOALF,2026-09-06,1,1,2026-09-05T23:02:00Z,2026-09-05T23:12:00Z,0,0,55743,2026-09-05T22:59:00Z,False,False,ORI,False,False,LKSDB-1,T_LKSDB-1
BOALF,2026-09-06,1,1,2026-09-05T23:02:00Z,2026-09-05T23:03:00Z,0,30,55742,2026-09-05T22:50:00Z,False,False,ORI,False,False,LKSDB-1,T_LKSDB-1
BOALF,2026-09-05,48,1,2026-09-05T22:59:00Z,2026-09-05T23:02:00Z,0,0,55742,2026-09-05T22:50:00Z,False,False,ORI,False,False,LKSDB-1,T_LKSDB-1
BOALF,2026-09-05,48,1,2026-09-05T22:59:00Z,2026-09-05T23:00:00Z,0,30,55741,2026-09-05T22:42:00Z,False,False,ORI,False,False,LKSDB-1,T_LKSDB-1
BOALF,2026-09-05,48,48,2026-09-05T22:46:00Z,2026-09-05T22:59:00Z,0,0,55741,2026-09-05T22:42:00Z,False,False,ORI,False,False,LKSDB-1,T_LKSDB-1
BOALF,2026-09-05,48,48,2026-09-05T22:46:00Z,2026-09-05T22:47:00Z,0,30,55740,2026-09-05T22:25:00Z,False,False,ORI,False,False,LKSDB-1,T_LKSDB-1
BOALF,2026-09-05,48,48,2026-09-05T22:30:00Z,2026-09-05T22:46:00Z,0,0,55740,2026-09-05T22:25:00Z,False,False,ORI,False,False,LKSDB-1,T_LKSDB-1
BOALF,2026-09-05,48,48,2026-09-05T22:30:00Z,2026-09-05T22:31:00Z,0,30,55739,2026-09-05T22:18:00Z,False,False,ORI,False,False,LKSDB-1,T_LKSDB-1
BOALF,2026-09-05,47,48,2026-09-05T22:25:00Z,2026-09-05T22:30:00Z,0,0,55739,2026-09-05T22:18:00Z,False,False,ORI,False,False,LKSDB-1,T_LKSDB-1
BOALF,2026-09-05,47,47,2026-09-05T22:25:00Z,2026-09-05T22:26:00Z,0,30,55738,2026-09-05T22:08:00Z,False,False,ORI,False,False,LKSDB-1,T_LKSDB-1
BOALF,2026-09-05,47,47,2026-09-05T22:09:00Z,2026-09-05T22:25:00Z,0,0,55738,2026-09-05T22:08:00Z,False,False,ORI,False,False,LKSDB-1,T_LKSDB-1
BOALF,2026-09-05,47,47,2026-09-05T22:09:00Z,2026-09-05T22:10:00Z,0,30,55737,2026-09-05T21:56:00Z,False,False,ORI,False,False,LKSDB-1,T_LKSDB-1
BOALF,2026-09-05,47,47,2026-09-05T22:00:00Z,2026-09-05T22:09:00Z,0,0,55737,2026-09-05T21:56:00Z,False,False,ORI,False,False,LKSDB-1,T_LKSDB-1
BOALF,2026-09-05,46,47,2026-09-05T21:46:00Z,2026-09-05T22:00:00Z,0,0,55736,2026-09-05T21:41:00Z,False,False,ORI,False,False,LKSDB-1,T_LKSDB-1
BOALF,2026-09-05,46,46,2026-09-05T21:45:00Z,2026-09-05T21:46:00Z,12,87,55735,2026-09-05T21:26:00Z,False,False,ORI,False,False,LKSDB-1,T_LKSDB-1
BOALF,2026-09-05,46,46,2026-09-05T21:45:00Z,2026-09-05T21:46:00Z,12,0,55736,2026-09-05T21:41:00Z,False,False,ORI,False,False,LKSDB-1,T_LKSDB-1
BOALF,2026-09-05,46,46,2026-09-05T21:35:00Z,2026-09-05T21:45:00Z,12,12,55735,2026-09-05T21:26:00Z,False,False,ORI,False,False,LKSDB-1,T_LKSDB-1
BOALF,2026-09-05,46,46,2026-09-05T21:34:00Z,2026-09-05T21:35:00Z,87,12,55735,2026-09-05T21:26:00Z,False,False,ORI,False,False,LKSDB-1,T_LKSDB-1
BOALF,2026-09-05,45,45,2026-09-05T21:23:00Z,2026-09-05T21:24:00Z,17,66,55734,2026-09-05T21:17:00Z,False,False,ORI,False,False,LKSDB-1,T_LKSDB-1
BOALF,2026-09-05,45,45,2026-09-05T21:21:00Z,2026-09-05T21:23:00Z,17,17,55734,2026-09-05T21:17:00Z,False,False,ORI,False,False,LKSDB-1,T_LKSDB-1
BOALF,2026-09-05,45,45,2026-09-05T21:20:00Z,2026-09-05T21:21:00Z,45,66,55733,2026-09-05T21:13:00Z,False,False,ORI,False,False,LKSDB-1,T_LKSDB-1
BOALF,2026-09-05,45,45,2026-09-05T21:20:00Z,2026-09-05T21:21:00Z,45,17,55734,2026-09-05T21:17:00Z,False,False,ORI,False,False,LKSDB-1,T_LKSDB-1
BOALF,2026-09-05,45,45,2026-09-05T21:15:00Z,2026-09-05T21:20:00Z,45,45,55733,2026-09-05T21:13:00Z,False,False,ORI,False,False,LKSDB-1,T_LKSDB-1
BOALF,2026-09-05,45,45,2026-09-05T21:14:00Z,2026-09-05T21:15:00Z,66,45,55733,2026-09-05T21:13:00Z,False,False,ORI,False,False,LKSDB-1,T_LKSDB-1
BOALF,2026-09-05,45,45,2026-09-05T21:09:00Z,2026-09-05T21:10:00Z,51,66,55732,2026-09-05T21:00:00Z,False,False,ORI,False,False,LKSDB-1,T_LKSDB-1
BOALF,2026-09-05,45,45,2026-09-05T21:07:00Z,2026-09-05T21:09:00Z,51,51,55732,2026-09-05T21:00:00Z,False,False,ORI,False,False,LKSDB-1,T_LKSDB-1
BOALF,2026-09-05,45,45,2026-09-05T21:06:00Z,2026-09-05T21:07:00Z,66,51,55732,2026-09-05T21:00:00Z,False,False,ORI,False,False,LKSDB-1,T_LKSDB-1
BOALF,2026-09-05,45,45,2026-09-05T21:03:00Z,2026-09-05T21:04:00Z,0,66,55731,2026-09-05T20:51:00Z,False,False,ORI,False,False,LKSDB-1,T_LKSDB-1
BOALF,2026-09-05,45,45,2026-09-05T21:00:00Z,2026-09-05T21:03:00Z,0,0,55731,2026-09-05T20:51:00Z,False,False,ORI,False,False,LKSDB-1,T_LKSDB-1
BOALF,2026-09-05,45,45,2026-09-05T21:00:00Z,2026-09-05T21:01:00Z,0,66,55730,2026-09-05T20:48:00Z,False,False,ORI,False,False,LKSDB-1,T_LKSDB-1
BOALF,2026-09-05,44,45,2026-09-05T20:59:00Z,2026-09-05T21:00:00Z,0,18,55729,2026-09-05T20:31:00Z,False,False,ORI,False,False,LKSDB-1,T_LKSDB-1
BOALF,2026-09-05,44,45,2026-09-05T20:59:00Z,2026-09-05T21:00:00Z,0,0,55730,2026-09-05T20:48:00Z,False,False,ORI,False,False,LKSDB-1,T_LKSDB-1
BOALF,2026-09-05,44,44,2026-09-05T20:40:00Z,2026-09-05T20:59:00Z,0,0,55729,2026-09-05T20:31:00Z,False,False,ORI,False,False,LKSDB-1,T_LKSDB-1
BOALF,2026-09-05,44,44,2026-09-05T20:40:00Z,2026-09-05T20:41:00Z,0,99,55728,2026-09-05T20:25:00Z,False,False,ORI,False,False,LKSDB-1,T_LKSDB-1
BOALF,2026-09-05,44,44,2026-09-05T20:31:00Z,2026-09-05T20:40:00Z,0,0,55728,2026-09-05T20:25:00Z,False,False,ORI,False,False,LKSDB-1,T_LKSDB-1
BOALF,2026-09-05,44,44,2026-09-05T20:30:00Z,2026-09-05T20:31:00Z,16,99,55727,2026-09-05T20:24:00Z,False,False,ORI,False,False,LKSDB-1,T_LKSDB-1
BOALF,2026-09-05,44,44,2026-09-05T20:30:00Z,2026-09-05T20:31:00Z,16,0,55728,2026-09-05T20:25:00Z,False,False,ORI,False,False,LKSDB-1,T_LKSDB-1
BOALF,2026-09-05,43,44,2026-09-05T20:28:00Z,2026-09-05T20:30:00Z,18,18,55724,2026-09-05T20:04:00Z,False,False,ORI,False,False,LKSDB-1,T_LKSDB-1
BOALF,2026-09-05,43,44,2026-09-05T20:28:00Z,2026-09-05T20:30:00Z,16,16,55727,2026-09-05T20:24:00Z,False,False,ORI,False,False,LKSDB-1,T_LKSDB-1
BOALF,2026-09-05,43,43,2026-09-05T20:27:00Z,2026-09-05T20:28:00Z,99,18,55724,2026-09-05T20:04:00Z,False,False,ORI,False,False,LKSDB-1,T_LKSDB-1
BOALF,2026-09-05,43,43,2026-09-05T20:27:00Z,2026-09-05T20:28:00Z,12,18,55725,2026-09-05T20:08:00Z,False,False,ORI,False,False,LKSDB-1,T_LKSDB-1
BOALF,2026-09-05,43,43,2026-09-05T20:27:00Z,2026-09-05T20:28:00Z,6,18,55726,2026-09-05T20:12:00Z,False,False,ORI,False,False,LKSDB-1,T_LKSDB-1
BOALF,2026-09-05,43,43,2026-09-05T20:27:00Z,2026-09-05T20:28:00Z,6,16,55727,2026-09-05T20:24:00Z,False,False,ORI,False,False,LKSDB-1,T_LKSDB-1
BOALF,2026-09-05,43,43,2026-09-05T20:15:00Z,2026-09-05T20:27:00Z,6,6,55726,2026-09-05T20:12:00Z,False,False,ORI,False,False,LKSDB-1,T_LKSDB-1
BOALF,2026-09-05,43,43,2026-09-05T20:14:00Z,2026-09-05T20:15:00Z,12,6,55726,2026-09-05T20:12:00Z,False,False,ORI,False,False,LKSDB-1,T_LKSDB-1
BOALF,2026-09-05,43,43,2026-09-05T20:12:00Z,2026-09-05T20:27:00Z,12,12,55725,2026-09-05T20:08:00Z,False,False,ORI,False,False,LKSDB-1,T_LKSDB-1
BOALF,2026-09-05,43,43,2026-09-05T20:11:00Z,2026-09-05T20:12:00Z,99,12,55725,2026-09-05T20:08:00Z,False,False,ORI,False,False,LKSDB-1,T_LKSDB-1
BOALF,2026-09-05,43,43,2026-09-05T20:00:00Z,2026-09-05T20:01:00Z,0,99,55723,2026-09-05T19:51:00Z,False,False,ORI,False,False,LKSDB-1,T_LKSDB-1
BOALF,2026-09-05,42,42,2026-09-05T19:56:00Z,2026-09-05T19:57:00Z,21,76,55721,2026-09-05T19:36:00Z,False,False,ORI,False,False,LKSDB-1,T_LKSDB-1
BOALF,2026-09-05,42,43,2026-09-05T19:53:00Z,2026-09-05T20:00:00Z,0,0,55723,2026-09-05T19:51:00Z,False,False,ORI,False,False,LKSDB-1,T_LKSDB-1
BOALF,2026-09-05,42,42,2026-09-05T19:53:00Z,2026-09-05T19:54:00Z,0,21,55722,2026-09-05T19:46:00Z,False,False,ORI,False,False,LKSDB-1,T_LKSDB-1
BOALF,2026-09-05,42,42,2026-09-05T19:48:00Z,2026-09-05T19:56:00Z,21,21,55721,2026-09-05T19:36:00Z,False,False,ORI,False,False,LKSDB-1,T_LKSDB-1
BOALF,2026-09-05,42,42,2026-09-05T19:47:00Z,2026-09-05T19:53:00Z,0,0,55722,2026-09-05T19:46:00Z,False,False,ORI,False,False,LKSDB-1,T_LKSDB-1
BOALF,2026-09-05,42,42,2026-09-05T19:47:00Z,2026-09-05T19:48:00Z,0,76,55720,2026-09-05T19:35:00Z,False,False,ORI,False,False,LKSDB-1,T_LKSDB-1
BOALF,2026-09-05,42,42,2026-09-05T19:47:00Z,2026-09-05T19:48:00Z,0,21,55721,2026-09-05T19:36:00Z,False,False,ORI,False,False,LKSDB-1,T_LKSDB-1
BOALF,2026-09-05,42,42,2026-09-05T19:41:00Z,2026-09-05T19:47:00Z,0,0,55720,2026-09-05T19:35:00Z,False,False,ORI,False,False,LKSDB-1,T_LKSDB-1
BOALF,2026-09-05,42,42,2026-09-05T19:41:00Z,2026-09-05T19:42:00Z,0,76,55719,2026-09-05T19:18:00Z,False,False,ORI,False,False,LKSDB-1,T_LKSDB-1
BOALF,2026-09-05,41,42,2026-09-05T19:19:00Z,2026-09-05T19:41:00Z,0,0,55719,2026-09-05T19:18:00Z,False,False,ORI,False,False,LKSDB-1,T_LKSDB-1
BOALF,2026-09-05,41,41,2026-09-05T19:19:00Z,2026-09-05T19:20:00Z,0,76,55718,2026-09-05T18:59:00Z,False,False,ORI,False,False,LKSDB-1,T_LKSDB-1
BOALF,2026-09-05,41,41,2026-09-05T19:01:00Z,2026-09-05T19:19:00Z,0,0,55718,2026-09-05T18:59:00Z,False,False,ORI,False,False,LKSDB-1,T_LKSDB-1
BOALF,2026-09-05,41,41,2026-09-05T19:01:00Z,2026-09-05T19:02:00Z,0,76,55717,2026-09-05T18:46:00Z,False,False,ORI,False,False,LKSDB-1,T_LKSDB-1
BOALF,2026-09-05,40,41,2026-09-05T18:59:00Z,2026-09-05T19:01:00Z,0,0,55717,2026-09-05T18:46:00Z,False,False,ORI,False,False,LKSDB-1,T_LKSDB-1
BOALF,2026-09-05,40,41,2026-09-05T18:59:00Z,2026-09-05T19:00:00Z,0,76,55716,2026-09-05T18:34:00Z,False,False,ORI,False,False,LKSDB-1,T_LKSDB-1
BOALF,2026-09-05,40,40,2026-09-05T18:47:00Z,2026-09-05T18:59:00Z,0,0,55716,2026-09-05T18:34:00Z,False,False,ORI,False,False,LKSDB-1,T_LKSDB-1
BOALF,2026-09-05,40,40,2026-09-05T18:47:00Z,2026-09-05T18:48:00Z,0,76,55715,2026-09-05T18:14:00Z,False,False,ORI,False,False,LKSDB-1,T_LKSDB-1
BOALF,2026-09-05,40,40,2026-09-05T18:31:00Z,2026-09-05T18:47:00Z,0,0,55715,2026-09-05T18:14:00Z,False,False,ORI,False,False,LKSDB-1,T_LKSDB-1
BOALF,2026-09-05,40,40,2026-09-05T18:30:00Z,2026-09-05T18:31:00Z,76,0,55715,2026-09-05T18:14:00Z,False,False,ORI,False,False,LKSDB-1,T_LKSDB-1
BOALF,2026-09-05,39,39,2026-09-05T18:27:00Z,2026-09-05T18:28:00Z,-3,0,55714,2026-09-05T18:13:00Z,False,False,ORI,False,False,LKSDB-1,T_LKSDB-1
BOALF,2026-09-05,39,39,2026-09-05T18:22:00Z,2026-09-05T18:27:00Z,-3,-3,55714,2026-09-05T18:13:00Z,False,False,ORI,False,False,LKSDB-1,T_LKSDB-1
BOALF,2026-09-05,39,39,2026-09-05T18:21:00Z,2026-09-05T18:22:00Z,-7,0,55713,2026-09-05T18:12:00Z,False,False,ORI,False,False,LKSDB-1,T_LKSDB-1
BOALF,2026-09-05,39,39,2026-09-05T18:21:00Z,2026-09-05T18:22:00Z,-7,-3,55714,2026-09-05T18:13:00Z,False,False,ORI,False,False,LKSDB-1,T_LKSDB-1
BOALF,2026-09-05,39,39,2026-09-05T18:19:00Z,2026-09-05T18:21:00Z,-7,-7,55713,2026-09-05T18:12:00Z,False,False,ORI,False,False,LKSDB-1,T_LKSDB-1
BOALF,2026-09-05,39,39,2026-09-05T18:18:00Z,2026-09-05T18:19:00Z,0,76,55712,2026-09-05T18:11:00Z,False,False,ORI,False,False,LKSDB-1,T_LKSDB-1
BOALF,2026-09-05,39,39,2026-09-05T18:18:00Z,2026-09-05T18:19:00Z,0,-7,55713,2026-09-05T18:12:00Z,False,False,ORI,False,False,LKSDB-1,T_LKSDB-1
BOALF,2026-09-05,39,39,2026-09-05T18:14:00Z,2026-09-05T18:18:00Z,0,0,55712,2026-09-05T18:11:00Z,False,False,ORI,False,False,LKSDB-1,T_LKSDB-1
BOALF,2026-09-05,39,39,2026-09-05T18:13:00Z,2026-09-05T18:14:00Z,15,76,55711,2026-09-05T18:10:00Z,False,False,ORI,False,False,LKSDB-1,T_LKSDB-1
BOALF,2026-09-05,39,39,2026-09-05T18:13:00Z,2026-09-05T18:14:00Z,15,0,55712,2026-09-05T18:11:00Z,False,False,ORI,False,False,LKSDB-1,T_LKSDB-1
BOALF,2026-09-05,39,39,2026-09-05T18:12:00Z,2026-09-05T18:13:00Z,15,76,55710,2026-09-05T17:43:00Z,False,False,ORI,False,False,LKSDB-1,T_LKSDB-1
BOALF,2026-09-05,39,39,2026-09-05T18:12:00Z,2026-09-05T18:13:00Z,15,15,55711,2026-09-05T18:10:00Z,False,False,ORI,False,False,LKSDB-1,T_LKSDB-1
BOALF,2026-09-05,39,39,2026-09-05T18:05:00Z,2026-09-05T18:12:00Z,15,15,55710,2026-09-05T17:43:00Z,False,False,ORI,False,False,LKSDB-1,T_LKSDB-1
BOALF,2026-09-05,39,39,2026-09-05T18:04:00Z,2026-09-05T18:05:00Z,-10,0,55709,2026-09-05T17:42:00Z,False,False,ORI,False,False,LKSDB-1,T_LKSDB-1
BOALF,2026-09-05,39,39,2026-09-05T18:04:00Z,2026-09-05T18:05:00Z,-10,0,55710,2026-09-05T17:43:00Z,False,False,ORI,False,False,LKSDB-1,T_LKSDB-1
BOALF,2026-09-05,39,39,2026-09-05T18:01:00Z,2026-09-05T18:04:00Z,-10,-10,55709,2026-09-05T17:42:00Z,False,False,ORI,False,False,LKSDB-1,T_LKSDB-1
BOALF,2026-09-05,39,39,2026-09-05T18:00:00Z,2026-09-05T18:01:00Z,12,0,55709,2026-09-05T17:42:00Z,False,False,ORI,False,False,LKSDB-1,T_LKSDB-1
BOALF,2026-09-05,38,38,2026-09-05T17:45:00Z,2026-09-05T17:46:00Z,0,12,55708,2026-09-05T17:37:00Z,False,False,ORI,False,False,LKSDB-1,T_LKSDB-1
BOALF,2026-09-05,38,38,2026-09-05T17:42:00Z,2026-09-05T17:45:00Z,0,0,55708,2026-09-05T17:37:00Z,False,False,ORI,False,False,LKSDB-1,T_LKSDB-1
BOALF,2026-09-05,38,38,2026-09-05T17:42:00Z,2026-09-05T17:43:00Z,0,12,55707,2026-09-05T17:36:00Z,False,False,ORI,False,False,LKSDB-1,T_LKSDB-1
BOALF,2026-09-05,38,38,2026-09-05T17:38:00Z,2026-09-05T17:42:00Z,0,0,55707,2026-09-05T17:36:00Z,False,False,ORI,False,False,LKSDB-1,T_LKSDB-1
BOALF,2026-09-05,38,38,2026-09-05T17:37:00Z,2026-09-05T17:38:00Z,12,0,55707,2026-09-05T17:36:00Z,False,False,ORI,False,False,LKSDB-1,T_LKSDB-1
BOALF,2026-09-05,38,38,2026-09-05T17:32:00Z,2026-09-05T17:33:00Z,0,12,55706,2026-09-05T17:21:00Z,False,False,ORI,False,False,LKSDB-1,T_LKSDB-1
BOALF,2026-09-05,38,38,2026-09-05T17:30:00Z,2026-09-05T17:32:00Z,0,0,55706,2026-09-05T17:21:00Z,False,False,ORI,False,False,LKSDB-1,T_LKSDB-1
BOALF,2026-09-05,30,31,2026-09-05T13:59:00Z,2026-09-05T14:00:00Z,-50,0,55705,2026-09-05T13:47:00Z,False,False,ORI,False,False,LKSDB-1,T_LKSDB-1
BOALF,2026-09-05,30,30,2026-09-05T13:54:00Z,2026-09-05T13:59:00Z,-50,-50,55705,2026-09-05T13:47:00Z,False,False,ORI,False,False,LKSDB-1,T_LKSDB-1
BOALF,2026-09-05,30,30,2026-09-05T13:54:00Z,2026-09-05T13:55:00Z,-50,0,55704,2026-09-05T13:39:00Z,False,False,ORI,False,False,LKSDB-1,T_LKSDB-1
BOALF,2026-09-05,30,30,2026-09-05T13:51:00Z,2026-09-05T13:54:00Z,-50,-50,55704,2026-09-05T13:39:00Z,False,False,ORI,False,False,LKSDB-1,T_LKSDB-1
BOALF,2026-09-05,30,30,2026-09-05T13:51:00Z,2026-09-05T13:52:00Z,-50,0,55702,2026-09-05T13:34:00Z,False,False,ORI,False,False,LKSDB-1,T_LKSDB-1
BOALF,2026-09-05,30,30,2026-09-05T13:41:00Z,2026-09-05T13:51:00Z,-50,-50,55702,2026-09-05T13:34:00Z,False,False,ORI,False,False,LKSDB-1,T_LKSDB-1
BOALF,2026-09-05,30,30,2026-09-05T13:41:00Z,2026-09-05T13:42:00Z,-45,0,55701,2026-09-05T13:28:00Z,False,False,ORI,False,False,LKSDB-1,T_LKSDB-1
BOALF,2026-09-05,30,30,2026-09-05T13:40:00Z,2026-09-05T13:41:00Z,-45,-50,55702,2026-09-05T13:34:00Z,False,False,ORI,False,False,LKSDB-1,T_LKSDB-1
BOALF,2026-09-05,30,30,2026-09-05T13:40:00Z,2026-09-05T13:41:00Z,-50,-50,55703,2026-09-05T13:36:00Z,False,False,ORI,False,False,LKSDB-1,T_LKSDB-1
BOALF,2026-09-05,30,30,2026-09-05T13:39:00Z,2026-09-05T13:40:00Z,-45,-50,55703,2026-09-05T13:36:00Z,False,False,ORI,False,False,LKSDB-1,T_LKSDB-1
BOALF,2026-09-05,30,30,2026-09-05T13:33:00Z,2026-09-05T13:41:00Z,-45,-45,55701,2026-09-05T13:28:00Z,False,False,ORI,False,False,LKSDB-1,T_LKSDB-1
BOALF,2026-09-05,30,30,2026-09-05T13:32:00Z,2026-09-05T13:33:00Z,0,-45,55701,2026-09-05T13:28:00Z,False,False,ORI,False,False,LKSDB-1,T_LKSDB-1
BOALF,2026-09-05,29,30,2026-09-05T13:29:00Z,2026-09-05T13:30:00Z,75,0,55700,2026-09-05T13:25:00Z,False,False,ORI,False,False,LKSDB-1,T_LKSDB-1
BOALF,2026-09-05,29,29,2026-09-05T13:27:00Z,2026-09-05T13:29:00Z,75,75,55700,2026-09-05T13:25:00Z,False,False,ORI,False,False,LKSDB-1,T_LKSDB-1
BOALF,2026-09-05,29,29,2026-09-05T13:26:00Z,2026-09-05T13:27:00Z,0,75,55700,2026-09-05T13:25:00Z,False,False,ORI,False,False,LKSDB-1,T_LKSDB-1
BOALF,2026-09-05,29,29,2026-09-05T13:17:00Z,2026-09-05T13:18:00Z,75,0,55699,2026-09-05T13:03:00Z,False,False,ORI,False,False,LKSDB-1,T_LKSDB-1
BOALF,2026-09-05,29,29,2026-09-05T13:12:00Z,2026-09-05T13:17:00Z,75,75,55699,2026-09-05T13:03:00Z,False,False,ORI,False,False,LKSDB-1,T_LKSDB-1
BOALF,2026-09-05,29,29,2026-09-05T13:12:00Z,2026-09-05T13:13:00Z,75,0,55698,2026-09-05T13:00:00Z,False,False,ORI,False,False,LKSDB-1,T_LKSDB-1
BOALF,2026-09-05,29,29,2026-09-05T13:02:00Z,2026-09-05T13:12:00Z,75,75,55698,2026-09-05T13:00:00Z,False,False,ORI,False,False,LKSDB-1,T_LKSDB-1
BOALF,2026-09-05,29,29,2026-09-05T13:01:00Z,2026-09-05T13:02:00Z,0,75,55698,2026-09-05T13:00:00Z,False,False,ORI,False,False,LKSDB-1,T_LKSDB-1
BOALF,2026-09-05,28,28,2026-09-05T12:37:00Z,2026-09-05T12:38:00Z,-73,0,55697,2026-09-05T12:23:00Z,False,False,ORI,False,False,LKSDB-1,T_LKSDB-1
BOALF,2026-09-05,28,28,2026-09-05T12:34:00Z,2026-09-05T12:35:00Z,-26,-13,55696,2026-09-05T12:18:00Z,False,False,ORI,False,False,LKSDB-1,T_LKSDB-1
BOALF,2026-09-05,28,28,2026-09-05T12:33:00Z,2026-09-05T12:37:00Z,-73,-73,55697,2026-09-05T12:23:00Z,False,False,ORI,False,False,LKSDB-1,T_LKSDB-1
BOALF,2026-09-05,28,28,2026-09-05T12:32:00Z,2026-09-05T12:34:00Z,-26,-26,55696,2026-09-05T12:18:00Z,False,False,ORI,False,False,LKSDB-1,T_LKSDB-1
BOALF,2026-09-05,28,28,2026-09-05T12:32:00Z,2026-09-05T12:33:00Z,-26,-73,55697,2026-09-05T12:23:00Z,False,False,ORI,False,False,LKSDB-1,T_LKSDB-1
BOALF,2026-09-05,28,28,2026-09-05T12:31:00Z,2026-09-05T12:32:00Z,-13,-26,55696,2026-09-05T12:18:00Z,False,False,ORI,False,False,LKSDB-1,T_LKSDB-1
BOALF,2026-09-05,26,26,2026-09-05T11:56:00Z,2026-09-05T11:57:00Z,-66,-61,55695,2026-09-05T11:50:00Z,False,False,ORI,False,False,LKSDB-1,T_LKSDB-1
BOALF,2026-09-05,26,26,2026-09-05T11:53:00Z,2026-09-05T11:56:00Z,-66,-66,55695,2026-09-05T11:50:00Z,False,False,ORI,False,False,LKSDB-1,T_LKSDB-1
BOALF,2026-09-05,26,26,2026-09-05T11:52:00Z,2026-09-05T11:53:00Z,-61,-66,55695,2026-09-05T11:50:00Z,False,False,ORI,False,False,LKSDB-1,T_LKSDB-1
BOALF,2026-09-05,22,22,2026-09-05T09:57:00Z,2026-09-05T09:58:00Z,24,0,55694,2026-09-05T09:50:00Z,False,False,ORI,False,False,LKSDB-1,T_LKSDB-1
BOALF,2026-09-05,22,22,2026-09-05T09:56:00Z,2026-09-05T09:57:00Z,24,0,55693,2026-09-05T09:48:00Z,False,False,ORI,False,False,LKSDB-1,T_LKSDB-1
BOALF,2026-09-05,22,22,2026-09-05T09:56:00Z,2026-09-05T09:57:00Z,24,24,55694,2026-09-05T09:50:00Z,False,False,ORI,False,False,LKSDB-1,T_LKSDB-1
BOALF,2026-09-05,22,22,2026-09-05T09:54:00Z,2026-09-05T09:56:00Z,24,24,55693,2026-09-05T09:48:00Z,False,False,ORI,False,False,LKSDB-1,T_LKSDB-1
BOALF,2026-09-05,22,22,2026-09-05T09:53:00Z,2026-09-05T09:54:00Z,0,24,55693,2026-09-05T09:48:00Z,False,False,ORI,False,False,LKSDB-1,T_LKSDB-1
BOALF,2026-09-05,22,22,2026-09-05T09:50:00Z,2026-09-05T09:51:00Z,24,0,55692,2026-09-05T09:37:00Z,False,False,ORI,False,False,LKSDB-1,T_LKSDB-1
BOALF,2026-09-05,22,22,2026-09-05T09:45:00Z,2026-09-05T09:50:00Z,24,24,55692,2026-09-05T09:37:00Z,False,False,ORI,False,False,LKSDB-1,T_LKSDB-1
BOALF,2026-09-05,22,22,2026-09-05T09:45:00Z,2026-09-05T09:46:00Z,24,0,55690,2026-09-05T09:31:00Z,False,False,ORI,False,False,LKSDB-1,T_LKSDB-1
BOALF,2026-09-05,22,22,2026-09-05T09:42:00Z,2026-09-05T09:43:00Z,25,24,55691,2026-09-05T09:36:00Z,False,False,ORI,False,False,LKSDB-1,T_LKSDB-1
BOALF,2026-09-05,22,22,2026-09-05T09:38:00Z,2026-09-05T09:42:00Z,25,25,55691,2026-09-05T09:36:00Z,False,False,ORI,False,False,LKSDB-1,T_LKSDB-1
BOALF,2026-09-05,22,22,2026-09-05T09:37:00Z,2026-09-05T09:38:00Z,24,25,55691,2026-09-05T09:36:00Z,False,False,ORI,False,False,LKSDB-1,T_LKSDB-1
BOALF,2026-09-05,22,22,2026-09-05T09:35:00Z,2026-09-05T09:45:00Z,24,24,55690,2026-09-05T09:31:00Z,False,False,ORI,False,False,LKSDB-1,T_LKSDB-1
BOALF,2026-09-05,22,22,2026-09-05T09:35:00Z,2026-09-05T09:36:00Z,24,0,55689,2026-09-05T09:20:00Z,False,False,ORI,False,False,LKSDB-1,T_LKSDB-1
BOALF,2026-09-05,22,22,2026-09-05T09:31:00Z,2026-09-05T09:35:00Z,24,24,55689,2026-09-05T09:20:00Z,False,False,ORI,False,False,LKSDB-1,T_LKSDB-1
BOALF,2026-09-05,22,22,2026-09-05T09:30:00Z,2026-09-05T09:31:00Z,0,24,55689,2026-09-05T09:20:00Z,False,False,ORI,False,False,LKSDB-1,T_LKSDB-1
BOALF,2026-09-05,20,21,2026-09-05T08:59:00Z,2026-09-05T09:00:00Z,33,0,55688,2026-09-05T08:45:00Z,False,False,ORI,False,False,LKSDB-1,T_LKSDB-1
BOALF,2026-09-05,20,20,2026-09-05T08:56:00Z,2026-09-05T08:59:00Z,33,33,55688,2026-09-05T08:45:00Z,False,False,ORI,False,False,LKSDB-1,T_LKSDB-1
BOALF,2026-09-05,20,20,2026-09-05T08:56:00Z,2026-09-05T08:57:00Z,-5,-15,55685,2026-09-05T08:39:00Z,False,False,ORI,False,False,LKSDB-1,T_LKSDB-1
BOALF,2026-09-05,20,20,2026-09-05T08:56:00Z,2026-09-05T08:57:00Z,33,0,55687,2026-09-05T08:44:00Z,False,False,ORI,False,False,LKSDB-1,T_LKSDB-1
BOALF,2026-09-05,20,20,2026-09-05T08:53:00Z,2026-09-05T08:56:00Z,33,33,55687,2026-09-05T08:44:00Z,False,False,ORI,False,False,LKSDB-1,T_LKSDB-1
BOALF,2026-09-05,20,20,2026-09-05T08:53:00Z,2026-09-05T08:54:00Z,33,0,55686,2026-09-05T08:40:00Z,False,False,ORI,False,False,LKSDB-1,T_LKSDB-1
BOALF,2026-09-05,20,20,2026-09-05T08:49:00Z,2026-09-05T08:56:00Z,-5,-5,55685,2026-09-05T08:39:00Z,False,False,ORI,False,False,LKSDB-1,T_LKSDB-1
BOALF,2026-09-05,20,20,2026-09-05T08:48:00Z,2026-09-05T08:49:00Z,-15,-5,55685,2026-09-05T08:39:00Z,False,False,ORI,False,False,LKSDB-1,T_LKSDB-1
BOALF,2026-09-05,20,20,2026-09-05T08:45:00Z,2026-09-05T08:53:00Z,33,33,55686,2026-09-05T08:40:00Z,False,False,ORI,False,False,LKSDB-1,T_LKSDB-1
BOALF,2026-09-05,20,20,2026-09-05T08:45:00Z,2026-09-05T08:46:00Z,0,-15,55682,2026-09-05T08:12:00Z,False,False,ORI,False,False,LKSDB-1,T_LKSDB-1
BOALF,2026-09-05,20,20,2026-09-05T08:44:00Z,2026-09-05T08:45:00Z,0,33,55686,2026-09-05T08:40:00Z,False,False,ORI,False,False,LKSDB-1,T_LKSDB-1
BOALF,2026-09-05,20,20,2026-09-05T08:41:00Z,2026-09-05T08:42:00Z,33,0,55684,2026-09-05T08:21:00Z,False,False,ORI,False,False,LKSDB-1,T_LKSDB-1
BOALF,2026-09-05,20,20,2026-09-05T08:31:00Z,2026-09-05T08:45:00Z,0,0,55682,2026-09-05T08:12:00Z,False,False,ORI,False,False,LKSDB-1,T_LKSDB-1
BOALF,2026-09-05,20,20,2026-09-05T08:30:00Z,2026-09-05T08:41:00Z,33,33,55684,2026-09-05T08:21:00Z,False,False,ORI,False,False,LKSDB-1,T_LKSDB-1
BOALF,2026-09-05,20,20,2026-09-05T08:30:00Z,2026-09-05T08:31:00Z,17,0,55681,2026-09-05T08:11:00Z,False,False,ORI,False,False,LKSDB-1,T_LKSDB-1
BOALF,2026-09-05,20,20,2026-09-05T08:30:00Z,2026-09-05T08:31:00Z,17,0,55682,2026-09-05T08:12:00Z,False,False,ORI,False,False,LKSDB-1,T_LKSDB-1
BOALF,2026-09-05,20,20,2026-09-05T08:30:00Z,2026-09-05T08:31:00Z,33,0,55683,2026-09-05T08:20:00Z,False,False,ORI,False,False,LKSDB-1,T_LKSDB-1
BOALF,2026-09-05,19,20,2026-09-05T08:28:00Z,2026-09-05T08:30:00Z,17,17,55681,2026-09-05T08:11:00Z,False,False,ORI,False,False,LKSDB-1,T_LKSDB-1
BOALF,2026-09-05,19,20,2026-09-05T08:28:00Z,2026-09-05T08:30:00Z,33,33,55683,2026-09-05T08:20:00Z,False,False,ORI,False,False,LKSDB-1,T_LKSDB-1
BOALF,2026-09-05,19,19,2026-09-05T08:27:00Z,2026-09-05T08:28:00Z,44,0,55680,2026-09-05T08:10:00Z,False,False,ORI,False,False,LKSDB-1,T_LKSDB-1
BOALF,2026-09-05,19,19,2026-09-05T08:27:00Z,2026-09-05T08:28:00Z,44,17,55681,2026-09-05T08:11:00Z,False,False,ORI,False,False,LKSDB-1,T_LKSDB-1
BOALF,2026-09-05,19,19,2026-09-05T08:27:00Z,2026-09-05T08:28:00Z,44,33,55683,2026-09-05T08:20:00Z,False,False,ORI,False,False,LKSDB-1,T_LKSDB-1
BOALF,2026-09-05,19,19,2026-09-05T08:25:00Z,2026-09-05T08:27:00Z,44,44,55680,2026-09-05T08:10:00Z,False,False,ORI,False,False,LKSDB-1,T_LKSDB-1
BOALF,2026-09-05,19,19,2026-09-05T08:24:00Z,2026-09-05T08:25:00Z,0,44,55680,2026-09-05T08:10:00Z,False,False,ORI,False,False,LKSDB-1,T_LKSDB-1
BOALF,2026-09-05,19,19,2026-09-05T08:18:00Z,2026-09-05T08:19:00Z,44,0,55679,2026-09-05T08:01:00Z,False,False,ORI,False,False,LKSDB-1,T_LKSDB-1
BOALF,2026-09-05,19,19,2026-09-05T08:09:00Z,2026-09-05T08:18:00Z,44,44,55679,2026-09-05T08:01:00Z,False,False,ORI,False,False,LKSDB-1,T_LKSDB-1
BOALF,2026-09-05,19,19,2026-09-05T08:08:00Z,2026-09-05T08:09:00Z,0,44,55679,2026-09-05T08:01:00Z,False,False,ORI,False,False,LKSDB-1,T_LKSDB-1
BOALF,2026-09-05,19,19,2026-09-05T08:00:00Z,2026-09-05T08:01:00Z,44,0,55678,2026-09-05T07:43:00Z,False,False,ORI,False,False,LKSDB-1,T_LKSDB-1
BOALF,2026-09-05,18,19,2026-09-05T07:54:00Z,2026-09-05T08:00:00Z,44,44,55678,2026-09-05T07:43:00Z,False,False,ORI,False,False,LKSDB-1,T_LKSDB-1
BOALF,2026-09-05,18,18,2026-09-05T07:54:00Z,2026-09-05T07:55:00Z,44,0,55677,2026-09-05T07:35:00Z,False,False,ORI,False,False,LKSDB-1,T_LKSDB-1
BOALF,2026-09-05,18,18,2026-09-05T07:53:00Z,2026-09-05T07:54:00Z,44,0,55676,2026-09-05T07:33:00Z,False,False,ORI,False,False,LKSDB-1,T_LKSDB-1
BOALF,2026-09-05,18,18,2026-09-05T07:53:00Z,2026-09-05T07:54:00Z,44,44,55677,2026-09-05T07:35:00Z,False,False,ORI,False,False,LKSDB-1,T_LKSDB-1
BOALF,2026-09-05,18,18,2026-09-05T07:51:00Z,2026-09-05T07:53:00Z,44,44,55676,2026-09-05T07:33:00Z,False,False,ORI,False,False,LKSDB-1,T_LKSDB-1
BOALF,2026-09-05,18,18,2026-09-05T07:51:00Z,2026-09-05T07:52:00Z,44,0,55675,2026-09-05T07:31:00Z,False,False,ORI,False,False,LKSDB-1,T_LKSDB-1
BOALF,2026-09-05,18,18,2026-09-05T07:49:00Z,2026-09-05T07:51:00Z,44,44,55675,2026-09-05T07:31:00Z,False,False,ORI,False,False,LKSDB-1,T_LKSDB-1
BOALF,2026-09-05,18,18,2026-09-05T07:49:00Z,2026-09-05T07:50:00Z,44,0,55674,2026-09-05T07:28:00Z,False,False,ORI,False,False,LKSDB-1,T_LKSDB-1
BOALF,2026-09-05,18,18,2026-09-05T07:46:00Z,2026-09-05T07:49:00Z,44,44,55674,2026-09-05T07:28:00Z,False,False,ORI,False,False,LKSDB-1,T_LKSDB-1
BOALF,2026-09-05,18,18,2026-09-05T07:46:00Z,2026-09-05T07:47:00Z,44,0,55673,2026-09-05T07:26:00Z,False,False,ORI,False,False,LKSDB-1,T_LKSDB-1
BOALF,2026-09-05,18,18,2026-09-05T07:43:00Z,2026-09-05T07:46:00Z,44,44,55673,2026-09-05T07:26:00Z,False,False,ORI,False,False,LKSDB-1,T_LKSDB-1
BOALF,2026-09-05,18,18,2026-09-05T07:43:00Z,2026-09-05T07:44:00Z,44,0,55672,2026-09-05T07:22:00Z,False,False,ORI,False,False,LKSDB-1,T_LKSDB-1
BOALF,2026-09-05,18,18,2026-09-05T07:41:00Z,2026-09-05T07:43:00Z,44,44,55672,2026-09-05T07:22:00Z,False,False,ORI,False,False,LKSDB-1,T_LKSDB-1
BOALF,2026-09-05,18,18,2026-09-05T07:41:00Z,2026-09-05T07:42:00Z,44,0,55671,2026-09-05T07:18:00Z,False,False,ORI,False,False,LKSDB-1,T_LKSDB-1
BOALF,2026-09-05,18,18,2026-09-05T07:38:00Z,2026-09-05T07:41:00Z,44,44,55671,2026-09-05T07:18:00Z,False,False,ORI,False,False,LKSDB-1,T_LKSDB-1
BOALF,2026-09-05,18,18,2026-09-05T07:38:00Z,2026-09-05T07:39:00Z,44,0,55670,2026-09-05T07:16:00Z,False,False,ORI,False,False,LKSDB-1,T_LKSDB-1
BOALF,2026-09-05,18,18,2026-09-05T07:31:00Z,2026-09-05T07:38:00Z,44,44,55670,2026-09-05T07:16:00Z,False,False,ORI,False,False,LKSDB-1,T_LKSDB-1
BOALF,2026-09-05,18,18,2026-09-05T07:31:00Z,2026-09-05T07:32:00Z,44,0,55669,2026-09-05T07:08:00Z,False,False,ORI,False,False,LKSDB-1,T_LKSDB-1
BOALF,2026-09-05,17,18,2026-09-05T07:24:00Z,2026-09-05T07:31:00Z,44,44,55669,2026-09-05T07:08:00Z,False,False,ORI,False,False,LKSDB-1,T_LKSDB-1
BOALF,2026-09-05,17,17,2026-09-05T07:24:00Z,2026-09-05T07:25:00Z,44,0,55668,2026-09-05T07:05:00Z,False,False,ORI,False,False,LKSDB-1,T_LKSDB-1
BOALF,2026-09-05,17,17,2026-09-05T07:13:00Z,2026-09-05T07:24:00Z,44,44,55668,2026-09-05T07:05:00Z,False,False,ORI,False,False,LKSDB-1,T_LKSDB-1
BOALF,2026-09-05,17,17,2026-09-05T07:13:00Z,2026-09-05T07:14:00Z,44,0,55667,2026-09-05T06:57:00Z,False,False,ORI,False,False,LKSDB-1,T_LKSDB-1
BOALF,2026-09-05,17,17,2026-09-05T07:10:00Z,2026-09-05T07:13:00Z,44,44,55667,2026-09-05T06:57:00Z,False,False,ORI,False,False,LKSDB-1,T_LKSDB-1
BOALF,2026-09-05,17,17,2026-09-05T07:10:00Z,2026-09-05T07:11:00Z,44,0,55666,2026-09-05T06:48:00Z,False,False,ORI,False,False,LKSDB-1,T_LKSDB-1
BOALF,2026-09-05,17,17,2026-09-05T07:00:00Z,2026-09-05T07:10:00Z,44,44,55666,2026-09-05T06:48:00Z,False,False,ORI,False,False,LKSDB-1,T_LKSDB-1
BOALF,2026-09-05,16,17,2026-09-05T06:59:00Z,2026-09-05T07:00:00Z,0,44,55666,2026-09-05T06:48:00Z,False,False,ORI,False,False,LKSDB-1,T_LKSDB-1
BOALF,2026-09-05,16,17,2026-09-05T06:50:00Z,2026-09-05T07:00:00Z,0,0,55665,2026-09-05T06:47:00Z,False,False,ORI,False,False,LKSDB-1,T_LKSDB-1
BOALF,2026-09-05,16,16,2026-09-05T06:50:00Z,2026-09-05T06:51:00Z,0,-5,55664,2026-09-05T06:39:00Z,False,False,ORI,False,False,LKSDB-1,T_LKSDB-1
BOALF,2026-09-05,16,16,2026-09-05T06:45:00Z,2026-09-05T06:50:00Z,0,0,55664,2026-09-05T06:39:00Z,False,False,ORI,False,False,LKSDB-1,T_LKSDB-1
BOALF,2026-09-05,16,16,2026-09-05T06:45:00Z,2026-09-05T06:46:00Z,0,-5,55663,2026-09-05T06:36:00Z,False,False,ORI,False,False,LKSDB-1,T_LKSDB-1
BOALF,2026-09-05,16,16,2026-09-05T06:43:00Z,2026-09-05T06:45:00Z,0,0,55663,2026-09-05T06:36:00Z,False,False,ORI,False,False,LKSDB-1,T_LKSDB-1
BOALF,2026-09-05,16,16,2026-09-05T06:43:00Z,2026-09-05T06:44:00Z,0,-5,55662,2026-09-05T06:28:00Z,False,False,ORI,False,False,LKSDB-1,T_LKSDB-1
BOALF,2026-09-05,16,16,2026-09-05T06:33:00Z,2026-09-05T06:43:00Z,0,0,55662,2026-09-05T06:28:00Z,False,False,ORI,False,False,LKSDB-1,T_LKSDB-1
BOALF,2026-09-05,16,16,2026-09-05T06:33:00Z,2026-09-05T06:34:00Z,0,-5,55661,2026-09-05T06:20:00Z,False,False,ORI,False,False,LKSDB-1,T_LKSDB-1
BOALF,2026-09-05,16,16,2026-09-05T06:31:00Z,2026-09-05T06:33:00Z,0,0,55661,2026-09-05T06:20:00Z,False,False,ORI,False,False,LKSDB-1,T_LKSDB-1
BOALF,2026-09-05,16,16,2026-09-05T06:30:00Z,2026-09-05T06:31:00Z,64,0,55660,2026-09-05T06:18:00Z,False,False,ORI,False,False,LKSDB-1,T_LKSDB-1
BOALF,2026-09-05,16,16,2026-09-05T06:30:00Z,2026-09-05T06:31:00Z,64,0,55661,2026-09-05T06:20:00Z,False,False,ORI,False,False,LKSDB-1,T_LKSDB-1
BOALF,2026-09-05,15,16,2026-09-05T06:26:00Z,2026-09-05T06:30:00Z,64,64,55660,2026-09-05T06:18:00Z,False,False,ORI,False,False,LKSDB-1,T_LKSDB-1
BOALF,2026-09-05,15,15,2026-09-05T06:26:00Z,2026-09-05T06:27:00Z,64,0,55659,2026-09-05T06:15:00Z,False,False,ORI,False,False,LKSDB-1,T_LKSDB-1
BOALF,2026-09-05,15,15,2026-09-05T06:21:00Z,2026-09-05T06:26:00Z,64,64,55659,2026-09-05T06:15:00Z,False,False,ORI,False,False,LKSDB-1,T_LKSDB-1
BOALF,2026-09-05,15,15,2026-09-05T06:21:00Z,2026-09-05T06:22:00Z,64,0,55658,2026-09-05T06:11:00Z,False,False,ORI,False,False,LKSDB-1,T_LKSDB-1
BOALF,2026-09-05,15,15,2026-09-05T06:16:00Z,2026-09-05T06:21:00Z,64,64,55658,2026-09-05T06:11:00Z,False,False,ORI,False,False,LKSDB-1,T_LKSDB-1
BOALF,2026-09-05,15,15,2026-09-05T06:15:00Z,2026-09-05T06:16:00Z,50,0,55657,2026-09-05T06:02:00Z,False,False,ORI,False,False,LKSDB-1,T_LKSDB-1
BOALF,2026-09-05,15,15,2026-09-05T06:15:00Z,2026-09-05T06:16:00Z,50,64,55658,2026-09-05T06:11:00Z,False,False,ORI,False,False,LKSDB-1,T_LKSDB-1
BOALF,2026-09-05,15,15,2026-09-05T06:06:00Z,2026-09-05T06:15:00Z,50,50,55657,2026-09-05T06:02:00Z,False,False,ORI,False,False,LKSDB-1,T_LKSDB-1
BOALF,2026-09-05,15,15,2026-09-05T06:06:00Z,2026-09-05T06:07:00Z,50,0,55656,2026-09-05T05:52:00Z,False,False,ORI,False,False,LKSDB-1,T_LKSDB-1
BOALF,2026-09-05,14,15,2026-09-05T05:58:00Z,2026-09-05T06:06:00Z,50,50,55656,2026-09-05T05:52:00Z,False,False,ORI,False,False,LKSDB-1,T_LKSDB-1
BOALF,2026-09-05,14,14,2026-09-05T05:58:00Z,2026-09-05T05:59:00Z,50,0,55655,2026-09-05T05:40:00Z,False,False,ORI,False,False,LKSDB-1,T_LKSDB-1
BOALF,2026-09-05,14,14,2026-09-05T05:44:00Z,2026-09-05T05:58:00Z,50,50,55655,2026-09-05T05:40:00Z,False,False,ORI,False,False,LKSDB-1,T_LKSDB-1
BOALF,2026-09-05,14,14,2026-09-05T05:44:00Z,2026-09-05T05:45:00Z,38,0,55654,2026-09-05T05:34:00Z,False,False,ORI,False,False,LKSDB-1,T_LKSDB-1
BOALF,2026-09-05,14,14,2026-09-05T05:43:00Z,2026-09-05T05:44:00Z,38,50,55655,2026-09-05T05:40:00Z,False,False,ORI,False,False,LKSDB-1,T_LKSDB-1
BOALF,2026-09-05,14,14,2026-09-05T05:39:00Z,2026-09-05T05:44:00Z,38,38,55654,2026-09-05T05:34:00Z,False,False,ORI,False,False,LKSDB-1,T_LKSDB-1
BOALF,2026-09-05,14,14,2026-09-05T05:38:00Z,2026-09-05T05:39:00Z,0,38,55654,2026-09-05T05:34:00Z,False,False,ORI,False,False,LKSDB-1,T_LKSDB-1
BOALF,2026-09-05,13,14,2026-09-05T05:29:00Z,2026-09-05T05:30:00Z,50,0,55653,2026-09-05T05:20:00Z,False,False,ORI,False,False,LKSDB-1,T_LKSDB-1
BOALF,2026-09-05,13,13,2026-09-05T05:27:00Z,2026-09-05T05:29:00Z,50,50,55653,2026-09-05T05:20:00Z,False,False,ORI,False,False,LKSDB-1,T_LKSDB-1
BOALF,2026-09-05,13,13,2026-09-05T05:26:00Z,2026-09-05T05:27:00Z,0,50,55653,2026-09-05T05:20:00Z,False,False,ORI,False,False,LKSDB-1,T_LKSDB-1
BOALF,2026-09-05,13,14,2026-09-05T05:22:00Z,2026-09-05T05:30:00Z,0,0,55652,2026-09-05T05:13:00Z,False,False,ORI,False,False,LKSDB-1,T_LKSDB-1
BOALF,2026-09-05,13,13,2026-09-05T05:22:00Z,2026-09-05T05:23:00Z,0,-20,55651,2026-09-05T05:04:00Z,False,False,ORI,False,False,LKSDB-1,T_LKSDB-1
BOALF,2026-09-05,13,13,2026-09-05T05:07:00Z,2026-09-05T05:22:00Z,0,0,55651,2026-09-05T05:04:00Z,False,False,ORI,False,False,LKSDB-1,T_LKSDB-1
BOALF,2026-09-05,13,13,2026-09-05T05:06:00Z,2026-09-05T05:07:00Z,-20,0,55651,2026-09-05T05:04:00Z,False,False,ORI,False,False,LKSDB-1,T_LKSDB-1
BOALF,2026-09-05,10,11,2026-09-05T03:52:00Z,2026-09-05T04:00:00Z,0,0,55650,2026-09-05T03:48:00Z,False,False,ORI,False,False,LKSDB-1,T_LKSDB-1
BOALF,2026-09-05,10,10,2026-09-05T03:51:00Z,2026-09-05T03:52:00Z,-7,0,55650,2026-09-05T03:48:00Z,False,False,ORI,False,False,LKSDB-1,T_LKSDB-1
BOALF,2026-09-05,10,10,2026-09-05T03:46:00Z,2026-09-05T03:47:00Z,0,-7,55649,2026-09-05T03:39:00Z,False,False,ORI,False,False,LKSDB-1,T_LKSDB-1
BOALF,2026-09-05,10,10,2026-09-05T03:40:00Z,2026-09-05T03:46:00Z,0,0,55649,2026-09-05T03:39:00Z,False,False,ORI,False,False,LKSDB-1,T_LKSDB-1
BOALF,2026-09-05,10,10,2026-09-05T03:40:00Z,2026-09-05T03:41:00Z,0,-7,55648,2026-09-05T03:28:00Z,False,False,ORI,False,False,LKSDB-1,T_LKSDB-1
BOALF,2026-09-05,10,10,2026-09-05T03:30:00Z,2026-09-05T03:40:00Z,0,0,55648,2026-09-05T03:28:00Z,False,False,ORI,False,False,LKSDB-1,T_LKSDB-1
BOALF,2026-09-05,9,10,2026-09-05T03:21:00Z,2026-09-05T03:30:00Z,0,0,55647,2026-09-05T03:17:00Z,False,False,ORI,False,False,LKSDB-1,T_LKSDB-1
BOALF,2026-09-05,9,9,2026-09-05T03:21:00Z,2026-09-05T03:22:00Z,0,-13,55646,2026-09-05T03:03:00Z,False,False,ORI,False,False,LKSDB-1,T_LKSDB-1
BOALF,2026-09-05,9,9,2026-09-05T03:10:00Z,2026-09-05T03:21:00Z,0,0,55646,2026-09-05T03:03:00Z,False,False,ORI,False,False,LKSDB-1,T_LKSDB-1
BOALF,2026-09-05,9,9,2026-09-05T03:10:00Z,2026-09-05T03:11:00Z,0,-13,55645,2026-09-05T02:52:00Z,False,False,ORI,False,False,LKSDB-1,T_LKSDB-1
BOALF,2026-09-05,9,9,2026-09-05T03:00:00Z,2026-09-05T03:10:00Z,0,0,55645,2026-09-05T02:52:00Z,False,False,ORI,False,False,LKSDB-1,T_LKSDB-1
BOALF,2026-09-05,8,8,2026-09-05T02:56:00Z,2026-09-05T02:57:00Z,0,-5,55644,2026-09-05T02:47:00Z,False,False,ORI,False,False,LKSDB-1,T_LKSDB-1
BOALF,2026-09-05,8,8,2026-09-05T02:49:00Z,2026-09-05T02:56:00Z,0,0,55644,2026-09-05T02:47:00Z,False,False,ORI,False,False,LKSDB-1,T_LKSDB-1
BOALF,2026-09-05,8,8,2026-09-05T02:49:00Z,2026-09-05T02:50:00Z,0,-5,55643,2026-09-05T02:39:00Z,False,False,ORI,False,False,LKSDB-1,T_LKSDB-1
BOALF,2026-09-05,8,8,2026-09-05T02:41:00Z,2026-09-05T02:49:00Z,0,0,55643,2026-09-05T02:39:00Z,False,False,ORI,False,False,LKSDB-1,T_LKSDB-1
BOALF,2026-09-05,8,8,2026-09-05T02:41:00Z,2026-09-05T02:42:00Z,0,-5,55642,2026-09-05T02:27:00Z,False,False,ORI,False,False,LKSDB-1,T_LKSDB-1
BOALF,2026-09-05,8,8,2026-09-05T02:34:00Z,2026-09-05T02:41:00Z,0,0,55642,2026-09-05T02:27:00Z,False,False,ORI,False,False,LKSDB-1,T_LKSDB-1
BOALF,2026-09-05,8,8,2026-09-05T02:33:00Z,2026-09-05T02:34:00Z,-5,0,55642,2026-09-05T02:27:00Z,False,False,ORI,False,False,LKSDB-1,T_LKSDB-1
BOALF,2026-09-05,7,7,2026-09-05T02:27:00Z,2026-09-05T02:28:00Z,9,0,55641,2026-09-05T02:11:00Z,False,False,ORI,False,False,LKSDB-1,T_LKSDB-1
BOALF,2026-09-05,7,7,2026-09-05T02:17:00Z,2026-09-05T02:27:00Z,9,9,55641,2026-09-05T02:11:00Z,False,False,ORI,False,False,LKSDB-1,T_LKSDB-1
BOALF,2026-09-05,7,7,2026-09-05T02:17:00Z,2026-09-05T02:18:00Z,9,0,55640,2026-09-05T01:59:00Z,False,False,ORI,False,False,LKSDB-1,T_LKSDB-1
BOALF,2026-09-05,7,7,2026-09-05T02:15:00Z,2026-09-05T02:17:00Z,9,9,55640,2026-09-05T01:59:00Z,False,False,ORI,False,False,LKSDB-1,T_LKSDB-1
BOALF,2026-09-05,7,7,2026-09-05T02:15:00Z,2026-09-05T02:16:00Z,9,0,55639,2026-09-05T01:56:00Z,False,False,ORI,False,False,LKSDB-1,T_LKSDB-1
BOALF,2026-09-05,7,7,2026-09-05T02:01:00Z,2026-09-05T02:15:00Z,9,9,55639,2026-09-05T01:56:00Z,False,False,ORI,False,False,LKSDB-1,T_LKSDB-1
BOALF,2026-09-05,7,7,2026-09-05T02:00:00Z,2026-09-05T02:01:00Z,0,9,55639,2026-09-05T01:56:00Z,False,False,ORI,False,False,LKSDB-1,T_LKSDB-1
BOALF,2026-09-05,6,7,2026-09-05T01:53:00Z,2026-09-05T02:00:00Z,0,0,55638,2026-09-05T01:46:00Z,False,False,ORI,False,False,LKSDB-1,T_LKSDB-1
BOALF,2026-09-05,6,6,2026-09-05T01:53:00Z,2026-09-05T01:54:00Z,0,-5,55637,2026-09-05T01:43:00Z,False,False,ORI,False,False,LKSDB-1,T_LKSDB-1
BOALF,2026-09-05,6,6,2026-09-05T01:50:00Z,2026-09-05T01:53:00Z,0,0,55637,2026-09-05T01:43:00Z,False,False,ORI,False,False,LKSDB-1,T_LKSDB-1
BOALF,2026-09-05,6,6,2026-09-05T01:50:00Z,2026-09-05T01:51:00Z,0,-5,55636,2026-09-05T01:34:00Z,False,False,ORI,False,False,LKSDB-1,T_LKSDB-1
BOALF,2026-09-05,6,6,2026-09-05T01:46:00Z,2026-09-05T01:50:00Z,0,0,55636,2026-09-05T01:34:00Z,False,False,ORI,False,False,LKSDB-1,T_LKSDB-1
BOALF,2026-09-05,6,6,2026-09-05T01:46:00Z,2026-09-05T01:47:00Z,0,-5,55635,2026-09-05T01:27:00Z,False,False,ORI,False,False,LKSDB-1,T_LKSDB-1
BOALF,2026-09-05,6,6,2026-09-05T01:31:00Z,2026-09-05T01:46:00Z,0,0,55635,2026-09-05T01:27:00Z,False,False,ORI,False,False,LKSDB-1,T_LKSDB-1
BOALF,2026-09-05,6,6,2026-09-05T01:30:00Z,2026-09-05T01:31:00Z,-14,0,55635,2026-09-05T01:27:00Z,False,False,ORI,False,False,LKSDB-1,T_LKSDB-1
BOALF,2026-09-05,5,6,2026-09-05T01:27:00Z,2026-09-05T01:30:00Z,-14,-14,55634,2026-09-05T01:09:00Z,False,False,ORI,False,False,LKSDB-1,T_LKSDB-1
BOALF,2026-09-05,5,5,2026-09-05T01:26:00Z,2026-09-05T01:27:00Z,-1,-20,55633,2026-09-05T01:08:00Z,False,False,ORI,False,False,LKSDB-1,T_LKSDB-1
BOALF,2026-09-05,5,5,2026-09-05T01:26:00Z,2026-09-05T01:27:00Z,-1,-14,55634,2026-09-05T01:09:00Z,False,False,ORI,False,False,LKSDB-1,T_LKSDB-1
BOALF,2026-09-05,5,5,2026-09-05T01:22:00Z,2026-09-05T01:26:00Z,-1,-1,55633,2026-09-05T01:08:00Z,False,False,ORI,False,False,LKSDB-1,T_LKSDB-1
BOALF,2026-09-05,5,5,2026-09-05T01:21:00Z,2026-09-05T01:22:00Z,-4,-20,55632,2026-09-05T01:07:00Z,False,False,ORI,False,False,LKSDB-1,T_LKSDB-1
BOALF,2026-09-05,5,5,2026-09-05T01:21:00Z,2026-09-05T01:22:00Z,-4,-1,55633,2026-09-05T01:08:00Z,False,False,ORI,False,False,LKSDB-1,T_LKSDB-1
BOALF,2026-09-05,5,5,2026-09-05T01:19:00Z,2026-09-05T01:21:00Z,-4,-4,55632,2026-09-05T01:07:00Z,False,False,ORI,False,False,LKSDB-1,T_LKSDB-1
BOALF,2026-09-05,5,5,2026-09-05T01:18:00Z,2026-09-05T01:19:00Z,0,-20,55631,2026-09-05T01:06:00Z,False,False,ORI,False,False,LKSDB-1,T_LKSDB-1
BOALF,2026-09-05,5,5,2026-09-05T01:18:00Z,2026-09-05T01:19:00Z,0,-4,55632,2026-09-05T01:07:00Z,False,False,ORI,False,False,LKSDB-1,T_LKSDB-1
BOALF,2026-09-05,5,5,2026-09-05T01:16:00Z,2026-09-05T01:18:00Z,0,0,55631,2026-09-05T01:06:00Z,False,False,ORI,False,False,LKSDB-1,T_LKSDB-1
BOALF,2026-09-05,5,5,2026-09-05T01:15:00Z,2026-09-05T01:16:00Z,-16,-20,55629,2026-09-05T01:01:00Z,False,False,ORI,False,False,LKSDB-1,T_LKSDB-1
BOALF,2026-09-05,5,5,2026-09-05T01:15:00Z,2026-09-05T01:16:00Z,-4,-20,55630,2026-09-05T01:05:00Z,False,False,ORI,False,False,LKSDB-1,T_LKSDB-1
BOALF,2026-09-05,5,5,2026-09-05T01:15:00Z,2026-09-05T01:16:00Z,-4,0,55631,2026-09-05T01:06:00Z,False,False,ORI,False,False,LKSDB-1,T_LKSDB-1
BOALF,2026-09-05,5,5,2026-09-05T01:12:00Z,2026-09-05T01:15:00Z,-4,-4,55630,2026-09-05T01:05:00Z,False,False,ORI,False,False,LKSDB-1,T_LKSDB-1
BOALF,2026-09-05,5,5,2026-09-05T01:11:00Z,2026-09-05T01:15:00Z,-16,-16,55629,2026-09-05T01:01:00Z,False,False,ORI,False,False,LKSDB-1,T_LKSDB-1
BOALF,2026-09-05,5,5,2026-09-05T01:11:00Z,2026-09-05T01:12:00Z,-16,-4,55630,2026-09-05T01:05:00Z,False,False,ORI,False,False,LKSDB-1,T_LKSDB-1
BOALF,2026-09-05,5,5,2026-09-05T01:10:00Z,2026-09-05T01:11:00Z,-20,-16,55629,2026-09-05T01:01:00Z,False,False,ORI,False,False,LKSDB-1,T_LKSDB-1
BOALF,2026-09-05,5,5,2026-09-05T01:06:00Z,2026-09-05T01:07:00Z,-16,-20,55628,2026-09-05T00:50:00Z,False,False,ORI,False,False,LKSDB-1,T_LKSDB-1
BOALF,2026-09-05,5,5,2026-09-05T01:04:00Z,2026-09-05T01:06:00Z,-16,-16,55628,2026-09-05T00:50:00Z,False,False,ORI,False,False,LKSDB-1,T_LKSDB-1
BOALF,2026-09-05,5,5,2026-09-05T01:03:00Z,2026-09-05T01:04:00Z,-20,-16,55628,2026-09-05T00:50:00Z,False,False,ORI,False,False,LKSDB-1,T_LKSDB-1
BOALF,2026-09-05,3,3,2026-09-05T00:05:00Z,2026-09-05T00:06:00Z,8,0,55627,2026-09-05T00:00:00Z,False,False,ORI,False,False,LKSDB-1,T_LKSDB-1
BOALF,2026-09-05,3,3,2026-09-05T00:03:00Z,2026-09-05T00:05:00Z,8,8,55627,2026-09-05T00:00:00Z,False,False,ORI,False,False,LKSDB-1,T_LKSDB-1
BOALF,2026-09-05,3,3,2026-09-05T00:02:00Z,2026-09-05T00:03:00Z,0,8,55627,2026-09-05T00:00:00Z,False,False,ORI,False,False,LKSDB-1,T_LKSDB-1
BOALF,2026-09-05,2,2,2026-09-04T23:56:00Z,2026-09-04T23:57:00Z,0,-20,55626,2026-09-04T23:47:00Z,False,False,ORI,False,False,LKSDB-1,T_LKSDB-1
BOALF,2026-09-05,2,2,2026-09-04T23:54:00Z,2026-09-04T23:56:00Z,0,0,55626,2026-09-04T23:47:00Z,False,False,ORI,False,False,LKSDB-1,T_LKSDB-1
BOALF,2026-09-05,2,2,2026-09-04T23:54:00Z,2026-09-04T23:55:00Z,0,-20,55625,2026-09-04T23:40:00Z,False,False,ORI,False,False,LKSDB-1,T_LKSDB-1
BOALF,2026-09-05,2,2,2026-09-04T23:41:00Z,2026-09-04T23:54:00Z,0,0,55625,2026-09-04T23:40:00Z,False,False,ORI,False,False,LKSDB-1,T_LKSDB-1
BOALF,2026-09-05,2,2,2026-09-04T23:41:00Z,2026-09-04T23:42:00Z,0,-20,55622,2026-09-04T23:21:00Z,False,False,ORI,False,False,LKSDB-1,T_LKSDB-1
BOALF,2026-09-05,2,2,2026-09-04T23:37:00Z,2026-09-04T23:38:00Z,5,0,55624,2026-09-04T23:30:00Z,False,False,ORI,False,False,LKSDB-1,T_LKSDB-1
BOALF,2026-09-05,2,2,2026-09-04T23:34:00Z,2026-09-04T23:37:00Z,5,5,55624,2026-09-04T23:30:00Z,False,False,ORI,False,False,LKSDB-1,T_LKSDB-1
BOALF,2026-09-05,2,2,2026-09-04T23:33:00Z,2026-09-04T23:34:00Z,0,5,55624,2026-09-04T23:30:00Z,False,False,ORI,False,False,LKSDB-1,T_LKSDB-1
BOALF,2026-09-05,2,2,2026-09-04T23:30:00Z,2026-09-04T23:41:00Z,0,0,55622,2026-09-04T23:21:00Z,False,False,ORI,False,False,LKSDB-1,T_LKSDB-1
BOALF,2026-09-05,2,2,2026-09-04T23:30:00Z,2026-09-04T23:31:00Z,12,0,55623,2026-09-04T23:27:00Z,False,False,ORI,False,False,LKSDB-1,T_LKSDB-1
BOALF,2026-09-05,1,2,2026-09-04T23:29:00Z,2026-09-04T23:30:00Z,0,0,55620,2026-09-04T23:08:00Z,False,False,ORI,False,False,LKSDB-1,T_LKSDB-1
BOALF,2026-09-05,1,2,2026-09-04T23:28:00Z,2026-09-04T23:30:00Z,12,12,55623,2026-09-04T23:27:00Z,False,False,ORI,False,False,LKSDB-1,T_LKSDB-1
BOALF,2026-09-05,1,1,2026-09-04T23:28:00Z,2026-09-04T23:29:00Z,12,0,55619,2026-09-04T23:07:00Z,False,False,ORI,False,False,LKSDB-1,T_LKSDB-1
BOALF,2026-09-05,1,1,2026-09-04T23:28:00Z,2026-09-04T23:29:00Z,12,0,55620,2026-09-04T23:08:00Z,False,False,ORI,False,False,LKSDB-1,T_LKSDB-1
BOALF,2026-09-05,1,1,2026-09-04T23:26:00Z,2026-09-04T23:28:00Z,12,12,55619,2026-09-04T23:07:00Z,False,False,ORI,False,False,LKSDB-1,T_LKSDB-1
BOALF,2026-09-05,1,1,2026-09-04T23:25:00Z,2026-09-04T23:26:00Z,0,-20,55617,2026-09-04T23:04:00Z,False,False,ORI,False,False,LKSDB-1,T_LKSDB-1
BOALF,2026-09-05,1,1,2026-09-04T23:25:00Z,2026-09-04T23:26:00Z,0,12,55619,2026-09-04T23:07:00Z,False,False,ORI,False,False,LKSDB-1,T_LKSDB-1
BOALF,2026-09-05,1,1,2026-09-04T23:22:00Z,2026-09-04T23:23:00Z,11,0,55621,2026-09-04T23:16:00Z,False,False,ORI,False,False,LKSDB-1,T_LKSDB-1
BOALF,2026-09-05,1,1,2026-09-04T23:19:00Z,2026-09-04T23:22:00Z,11,11,55621,2026-09-04T23:16:00Z,False,False,ORI,False,False,LKSDB-1,T_LKSDB-1
BOALF,2026-09-05,1,1,2026-09-04T23:18:00Z,2026-09-04T23:19:00Z,0,11,55621,2026-09-04T23:16:00Z,False,False,ORI,False,False,LKSDB-1,T_LKSDB-1
BOALF,2026-09-05,1,1,2026-09-04T23:13:00Z,2026-09-04T23:14:00Z,3,0,55618,2026-09-04T23:05:00Z,False,False,ORI,False,False,LKSDB-1,T_LKSDB-1
BOALF,2026-09-05,1,1,2026-09-04T23:11:00Z,2026-09-04T23:13:00Z,3,3,55618,2026-09-04T23:05:00Z,False,False,ORI,False,False,LKSDB-1,T_LKSDB-1
BOALF,2026-09-05,1,1,2026-09-04T23:10:00Z,2026-09-04T23:11:00Z,0,3,55618,2026-09-04T23:05:00Z,False,False,ORI,False,False,LKSDB-1,T_LKSDB-1
BOALF,2026-09-05,1,1,2026-09-04T23:09:00Z,2026-09-04T23:25:00Z,0,0,55617,2026-09-04T23:04:00Z,False,False,ORI,False,False,LKSDB-1,T_LKSDB-1
BOALF,2026-09-05,1,1,2026-09-04T23:09:00Z,2026-09-04T23:10:00Z,0,-20,55616,2026-09-04T23:00:00Z,False,False,ORI,False,False,LKSDB-1,T_LKSDB-1
BOALF,2026-09-05,1,1,2026-09-04T23:05:00Z,2026-09-04T23:09:00Z,0,0,55616,2026-09-04T23:00:00Z,False,False,ORI,False,False,LKSDB-1,T_LKSDB-1
BOALF,2026-09-05,1,1,2026-09-04T23:04:00Z,2026-09-04T23:05:00Z,-20,0,55616,2026-09-04T23:00:00Z,False,False,ORI,False,False,LKSDB-1,T_LKSDB-1
BOALF,2026-09-04,48,48,2026-09-04T22:44:00Z,2026-09-04T22:45:00Z,2,0,55615,2026-09-04T22:25:00Z,False,False,ORI,False,False,LKSDB-1,T_LKSDB-1
BOALF,2026-09-04,48,48,2026-09-04T22:33:00Z,2026-09-04T22:44:00Z,2,2,55615,2026-09-04T22:25:00Z,False,False,ORI,False,False,LKSDB-1,T_LKSDB-1
BOALF,2026-09-04,48,48,2026-09-04T22:33:00Z,2026-09-04T22:34:00Z,2,0,55614,2026-09-04T22:14:00Z,False,False,ORI,False,False,LKSDB-1,T_LKSDB-1
BOALF,2026-09-04,47,48,2026-09-04T22:18:00Z,2026-09-04T22:33:00Z,2,2,55614,2026-09-04T22:14:00Z,False,False,ORI,False,False,LKSDB-1,T_LKSDB-1
BOALF,2026-09-04,47,48,2026-09-04T22:17:00Z,2026-09-04T22:30:00Z,0,0,55613,2026-09-04T22:12:00Z,False,False,ORI,False,False,LKSDB-1,T_LKSDB-1
BOALF,2026-09-04,47,47,2026-09-04T22:17:00Z,2026-09-04T22:18:00Z,-21,-30,55611,2026-09-04T21:58:00Z,False,False,ORI,False,False,LKSDB-1,T_LKSDB-1
BOALF,2026-09-04,47,47,2026-09-04T22:17:00Z,2026-09-04T22:18:00Z,0,-30,55612,2026-09-04T22:08:00Z,False,False,ORI,False,False,LKSDB-1,T_LKSDB-1
BOALF,2026-09-04,47,47,2026-09-04T22:17:00Z,2026-09-04T22:18:00Z,0,2,55614,2026-09-04T22:14:00Z,False,False,ORI,False,False,LKSDB-1,T_LKSDB-1
BOALF,2026-09-04,47,47,2026-09-04T22:15:00Z,2026-09-04T22:17:00Z,-21,-21,55611,2026-09-04T21:58:00Z,False,False,ORI,False,False,LKSDB-1,T_LKSDB-1
BOALF,2026-09-04,47,47,2026-09-04T22:14:00Z,2026-09-04T22:15:00Z,-13,-30,55610,2026-09-04T21:57:00Z,False,False,ORI,False,False,LKSDB-1,T_LKSDB-1
BOALF,2026-09-04,47,47,2026-09-04T22:14:00Z,2026-09-04T22:15:00Z,-13,-21,55611,2026-09-04T21:58:00Z,False,False,ORI,False,False,LKSDB-1,T_LKSDB-1
BOALF,2026-09-04,47,47,2026-09-04T22:12:00Z,2026-09-04T22:14:00Z,-13,-13,55610,2026-09-04T21:57:00Z,False,False,ORI,False,False,LKSDB-1,T_LKSDB-1
BOALF,2026-09-04,47,47,2026-09-04T22:11:00Z,2026-09-04T22:17:00Z,0,0,55612,2026-09-04T22:08:00Z,False,False,ORI,False,False,LKSDB-1,T_LKSDB-1
BOALF,2026-09-04,47,47,2026-09-04T22:11:00Z,2026-09-04T22:12:00Z,-9,-30,55609,2026-09-04T21:56:00Z,False,False,ORI,False,False,LKSDB-1,T_LKSDB-1
BOALF,2026-09-04,47,47,2026-09-04T22:11:00Z,2026-09-04T22:12:00Z,-9,-13,55610,2026-09-04T21:57:00Z,False,False,ORI,False,False,LKSDB-1,T_LKSDB-1
BOALF,2026-09-04,47,47,2026-09-04T22:10:00Z,2026-09-04T22:11:00Z,-9,0,55612,2026-09-04T22:08:00Z,False,False,ORI,False,False,LKSDB-1,T_LKSDB-1
BOALF,2026-09-04,47,47,2026-09-04T22:08:00Z,2026-09-04T22:11:00Z,-9,-9,55609,2026-09-04T21:56:00Z,False,False,ORI,False,False,LKSDB-1,T_LKSDB-1
BOALF,2026-09-04,47,47,2026-09-04T22:07:00Z,2026-09-04T22:08:00Z,0,-30,55608,2026-09-04T21:55:00Z,False,False,ORI,False,False,LKSDB-1,T_LKSDB-1
BOALF,2026-09-04,47,47,2026-09-04T22:07:00Z,2026-09-04T22:08:00Z,0,-9,55609,2026-09-04T21:56:00Z,False,False,ORI,False,False,LKSDB-1,T_LKSDB-1
BOALF,2026-09-04,47,47,2026-09-04T22:05:00Z,2026-09-04T22:07:00Z,0,0,55608,2026-09-04T21:55:00Z,False,False,ORI,False,False,LKSDB-1,T_LKSDB-1
BOALF,2026-09-04,47,47,2026-09-04T22:04:00Z,2026-09-04T22:05:00Z,-30,0,55608,2026-09-04T21:55:00Z,False,False,ORI,False,False,LKSDB-1,T_LKSDB-1
BOALF,2026-09-04,42,42,2026-09-04T19:41:00Z,2026-09-04T19:42:00Z,1,0,55607,2026-09-04T19:12:00Z,False,False,ORI,False,False,LKSDB-1,T_LKSDB-1
BOALF,2026-09-04,42,42,2026-09-04T19:30:00Z,2026-09-04T19:41:00Z,1,1,55607,2026-09-04T19:12:00Z,False,False,ORI,False,False,LKSDB-1,T_LKSDB-1
BOALF,2026-09-04,42,42,2026-09-04T19:30:00Z,2026-09-04T19:31:00Z,1,0,55606,2026-09-04T18:57:00Z,False,False,ORI,False,False,LKSDB-1,T_LKSDB-1
BOALF,2026-09-04,41,42,2026-09-04T19:24:00Z,2026-09-04T19:30:00Z,1,1,55606,2026-09-04T18:57:00Z,False,False,ORI,False,False,LKSDB-1,T_LKSDB-1
BOALF,2026-09-04,41,41,2026-09-04T19:24:00Z,2026-09-04T19:25:00Z,1,0,55605,2026-09-04T18:55:00Z,False,False,ORI,False,False,LKSDB-1,T_LKSDB-1
BOALF,2026-09-04,41,41,2026-09-04T19:17:00Z,2026-09-04T19:24:00Z,1,1,55605,2026-09-04T18:55:00Z,False,False,ORI,False,False,LKSDB-1,T_LKSDB-1
BOALF,2026-09-04,41,41,2026-09-04T19:17:00Z,2026-09-04T19:18:00Z,1,0,55604,2026-09-04T18:54:00Z,False,False,ORI,False,False,LKSDB-1,T_LKSDB-1
BOALF,2026-09-04,41,41,2026-09-04T19:10:00Z,2026-09-04T19:17:00Z,1,1,55604,2026-09-04T18:54:00Z,False,False,ORI,False,False,LKSDB-1,T_LKSDB-1
BOALF,2026-09-04,41,41,2026-09-04T19:10:00Z,2026-09-04T19:11:00Z,1,0,55602,2026-09-04T18:41:00Z,False,False,ORI,False,False,LKSDB-1,T_LKSDB-1
BOALF,2026-09-04,40,41,2026-09-04T18:49:00Z,2026-09-04T19:10:00Z,1,1,55602,2026-09-04T18:41:00Z,False,False,ORI,False,False,LKSDB-1,T_LKSDB-1
BOALF,2026-09-04,40,40,2026-09-04T18:48:00Z,2026-09-04T18:49:00Z,0,1,55602,2026-09-04T18:41:00Z,False,False,ORI,False,False,LKSDB-1,T_LKSDB-1
BOALF,2026-09-04,40,40,2026-09-04T18:48:00Z,2026-09-04T18:49:00Z,1,1,55603,2026-09-04T18:43:00Z,False,False,ORI,False,False,LKSDB-1,T_LKSDB-1
BOALF,2026-09-04,40,40,2026-09-04T18:47:00Z,2026-09-04T18:48:00Z,0,1,55603,2026-09-04T18:43:00Z,False,False,ORI,False,False,LKSDB-1,T_LKSDB-1
BOALF,2026-09-04,40,40,2026-09-04T18:34:00Z,2026-09-04T18:35:00Z,3,0,55601,2026-09-04T18:24:00Z,False,False,ORI,False,False,LKSDB-1,T_LKSDB-1
BOALF,2026-09-04,40,40,2026-09-04T18:32:00Z,2026-09-04T18:34:00Z,3,3,55601,2026-09-04T18:24:00Z,False,False,ORI,False,False,LKSDB-1,T_LKSDB-1
BOALF,2026-09-04,40,40,2026-09-04T18:31:00Z,2026-09-04T18:32:00Z,10,0,55600,2026-09-04T18:23:00Z,False,False,ORI,False,False,LKSDB-1,T_LKSDB-1
BOALF,2026-09-04,40,40,2026-09-04T18:31:00Z,2026-09-04T18:32:00Z,10,3,55601,2026-09-04T18:24:00Z,False,False,ORI,False,False,LKSDB-1,T_LKSDB-1
BOALF,2026-09-04,40,40,2026-09-04T18:30:00Z,2026-09-04T18:31:00Z,10,0,55599,2026-09-04T18:18:00Z,False,False,ORI,False,False,LKSDB-1,T_LKSDB-1
BOALF,2026-09-04,40,40,2026-09-04T18:30:00Z,2026-09-04T18:31:00Z,10,10,55600,2026-09-04T18:23:00Z,False,False,ORI,False,False,LKSDB-1,T_LKSDB-1
BOALF,2026-09-04,39,40,2026-09-04T18:29:00Z,2026-09-04T18:30:00Z,10,0,55598,2026-09-04T18:05:00Z,False,False,ORI,False,False,LKSDB-1,T_LKSDB-1
BOALF,2026-09-04,39,40,2026-09-04T18:29:00Z,2026-09-04T18:30:00Z,10,10,55599,2026-09-04T18:18:00Z,False,False,ORI,False,False,LKSDB-1,T_LKSDB-1
BOALF,2026-09-04,39,39,2026-09-04T18:07:00Z,2026-09-04T18:29:00Z,10,10,55598,2026-09-04T18:05:00Z,False,False,ORI,False,False,LKSDB-1,T_LKSDB-1
BOALF,2026-09-04,39,39,2026-09-04T18:06:00Z,2026-09-04T18:07:00Z,0,10,55598,2026-09-04T18:05:00Z,False,False,ORI,False,False,LKSDB-1,T_LKSDB-1
BOALF,2026-09-04,36,36,2026-09-04T16:39:00Z,2026-09-04T16:40:00Z,70,0,55597,2026-09-04T16:26:00Z,False,False,ORI,False,False,LKSDB-1,T_LKSDB-1
BOALF,2026-09-04,36,36,2026-09-04T16:38:00Z,2026-09-04T16:39:00Z,70,0,55596,2026-09-04T16:17:00Z,False,False,ORI,False,False,LKSDB-1,T_LKSDB-1
BOALF,2026-09-04,36,36,2026-09-04T16:38:00Z,2026-09-04T16:39:00Z,70,70,55597,2026-09-04T16:26:00Z,False,False,ORI,False,False,LKSDB-1,T_LKSDB-1
BOALF,2026-09-04,36,36,2026-09-04T16:35:00Z,2026-09-04T16:38:00Z,70,70,55596,2026-09-04T16:17:00Z,False,False,ORI,False,False,LKSDB-1,T_LKSDB-1
BOALF,2026-09-04,36,36,2026-09-04T16:35:00Z,2026-09-04T16:36:00Z,70,0,55595,2026-09-04T16:11:00Z,False,False,ORI,False,False,LKSDB-1,T_LKSDB-1
BOALF,2026-09-04,35,35,2026-09-04T16:22:00Z,2026-09-04T16:23:00Z,43,0,55594,2026-09-04T16:01:00Z,False,False,ORI,False,False,LKSDB-1,T_LKSDB-1
BOALF,2026-09-04,35,35,2026-09-04T16:19:00Z,2026-09-04T16:22:00Z,43,43,55594,2026-09-04T16:01:00Z,False,False,ORI,False,False,LKSDB-1,T_LKSDB-1
BOALF,2026-09-04,35,36,2026-09-04T16:18:00Z,2026-09-04T16:35:00Z,70,70,55595,2026-09-04T16:11:00Z,False,False,ORI,False,False,LKSDB-1,T_LKSDB-1
BOALF,2026-09-04,35,35,2026-09-04T16:18:00Z,2026-09-04T16:19:00Z,70,0,55593,2026-09-04T16:00:00Z,False,False,ORI,False,False,LKSDB-1,T_LKSDB-1
BOALF,2026-09-04,35,35,2026-09-04T16:18:00Z,2026-09-04T16:19:00Z,70,43,55594,2026-09-04T16:01:00Z,False,False,ORI,False,False,LKSDB-1,T_LKSDB-1
BOALF,2026-09-04,35,35,2026-09-04T16:10:00Z,2026-09-04T16:18:00Z,70,70,55593,2026-09-04T16:00:00Z,False,False,ORI,False,False,LKSDB-1,T_LKSDB-1
BOALF,2026-09-04,35,35,2026-09-04T16:09:00Z,2026-09-04T16:10:00Z,63,0,55592,2026-09-04T15:59:00Z,False,False,ORI,False,False,LKSDB-1,T_LKSDB-1
BOALF,2026-09-04,35,35,2026-09-04T16:09:00Z,2026-09-04T16:10:00Z,63,70,55593,2026-09-04T16:00:00Z,False,False,ORI,False,False,LKSDB-1,T_LKSDB-1
BOALF,2026-09-04,35,35,2026-09-04T16:05:00Z,2026-09-04T16:09:00Z,63,63,55592,2026-09-04T15:59:00Z,False,False,ORI,False,False,LKSDB-1,T_LKSDB-1
BOALF,2026-09-04,35,35,2026-09-04T16:05:00Z,2026-09-04T16:06:00Z,55,0,55591,2026-09-04T15:56:00Z,False,False,ORI,False,False,LKSDB-1,T_LKSDB-1
BOALF,2026-09-04,35,35,2026-09-04T16:04:00Z,2026-09-04T16:05:00Z,55,63,55592,2026-09-04T15:59:00Z,False,False,ORI,False,False,LKSDB-1,T_LKSDB-1
BOALF,2026-09-04,35,35,2026-09-04T16:01:00Z,2026-09-04T16:05:00Z,55,55,55591,2026-09-04T15:56:00Z,False,False,ORI,False,False,LKSDB-1,T_LKSDB-1
BOALF,2026-09-04,35,35,2026-09-04T16:00:00Z,2026-09-04T16:01:00Z,0,55,55591,2026-09-04T15:56:00Z,False,False,ORI,False,False,LKSDB-1,T_LKSDB-1
BOALF,2026-09-04,34,35,2026-09-04T15:56:00Z,2026-09-04T16:00:00Z,0,0,55590,2026-09-04T15:41:00Z,False,False,ORI,False,False,LKSDB-1,T_LKSDB-1
BOALF,2026-09-04,34,34,2026-09-04T15:55:00Z,2026-09-04T15:56:00Z,29,0,55589,2026-09-04T15:32:00Z,False,False,ORI,False,False,LKSDB-1,T_LKSDB-1
BOALF,2026-09-04,34,34,2026-09-04T15:55:00Z,2026-09-04T15:56:00Z,29,0,55590,2026-09-04T15:41:00Z,False,False,ORI,False,False,LKSDB-1,T_LKSDB-1
BOALF,2026-09-04,34,34,2026-09-04T15:53:00Z,2026-09-04T15:55:00Z,29,29,55589,2026-09-04T15:32:00Z,False,False,ORI,False,False,LKSDB-1,T_LKSDB-1
BOALF,2026-09-04,34,34,2026-09-04T15:53:00Z,2026-09-04T15:54:00Z,0,-70,55588,2026-09-04T15:31:00Z,False,False,ORI,False,False,LKSDB-1,T_LKSDB-1
BOALF,2026-09-04,34,34,2026-09-04T15:52:00Z,2026-09-04T15:53:00Z,70,0,55588,2026-09-04T15:31:00Z,False,False,ORI,False,False,LKSDB-1,T_LKSDB-1
BOALF,2026-09-04,34,34,2026-09-04T15:52:00Z,2026-09-04T15:53:00Z,70,29,55589,2026-09-04T15:32:00Z,False,False,ORI,False,False,LKSDB-1,T_LKSDB-1
BOALF,2026-09-04,34,34,2026-09-04T15:47:00Z,2026-09-04T15:48:00Z,0,-70,55586,2026-09-04T15:23:00Z,False,False,ORI,False,False,LKSDB-1,T_LKSDB-1
BOALF,2026-09-04,34,34,2026-09-04T15:39:00Z,2026-09-04T15:52:00Z,70,70,55588,2026-09-04T15:31:00Z,False,False,ORI,False,False,LKSDB-1,T_LKSDB-1
BOALF,2026-09-04,34,34,2026-09-04T15:38:00Z,2026-09-04T15:39:00Z,42,0,55587,2026-09-04T15:30:00Z,False,False,ORI,False,False,LKSDB-1,T_LKSDB-1
BOALF,2026-09-04,34,34,2026-09-04T15:38:00Z,2026-09-04T15:39:00Z,42,70,55588,2026-09-04T15:31:00Z,False,False,ORI,False,False,LKSDB-1,T_LKSDB-1
BOALF,2026-09-04,34,34,2026-09-04T15:36:00Z,2026-09-04T15:47:00Z,0,0,55586,2026-09-04T15:23:00Z,False,False,ORI,False,False,LKSDB-1,T_LKSDB-1
BOALF,2026-09-04,34,34,2026-09-04T15:36:00Z,2026-09-04T15:38:00Z,42,42,55587,2026-09-04T15:30:00Z,False,False,ORI,False,False,LKSDB-1,T_LKSDB-1
BOALF,2026-09-04,34,34,2026-09-04T15:36:00Z,2026-09-04T15:37:00Z,0,-70,55585,2026-09-04T15:14:00Z,False,False,ORI,False,False,LKSDB-1,T_LKSDB-1
BOALF,2026-09-04,34,34,2026-09-04T15:35:00Z,2026-09-04T15:36:00Z,0,42,55587,2026-09-04T15:30:00Z,False,False,ORI,False,False,LKSDB-1,T_LKSDB-1
BOALF,2026-09-04,33,34,2026-09-04T15:23:00Z,2026-09-04T15:36:00Z,0,0,55585,2026-09-04T15:14:00Z,False,False,ORI,False,False,LKSDB-1,T_LKSDB-1
BOALF,2026-09-04,33,33,2026-09-04T15:23:00Z,2026-09-04T15:24:00Z,0,-70,55584,2026-09-04T15:00:00Z,False,False,ORI,False,False,LKSDB-1,T_LKSDB-1
BOALF,2026-09-04,33,33,2026-09-04T15:18:00Z,2026-09-04T15:23:00Z,0,0,55584,2026-09-04T15:00:00Z,False,False,ORI,False,False,LKSDB-1,T_LKSDB-1
BOALF,2026-09-04,33,33,2026-09-04T15:18:00Z,2026-09-04T15:19:00Z,0,-70,55583,2026-09-04T14:55:00Z,False,False,ORI,False,False,LKSDB-1,T_LKSDB-1
BOALF,2026-09-04,33,33,2026-09-04T15:02:00Z,2026-09-04T15:18:00Z,0,0,55583,2026-09-04T14:55:00Z,False,False,ORI,False,False,LKSDB-1,T_LKSDB-1
BOALF,2026-09-04,33,33,2026-09-04T15:02:00Z,2026-09-04T15:03:00Z,0,-70,55582,2026-09-04T14:49:00Z,False,False,ORI,False,False,LKSDB-1,T_LKSDB-1
BOALF,2026-09-04,32,33,2026-09-04T14:55:00Z,2026-09-04T15:02:00Z,0,0,55582,2026-09-04T14:49:00Z,False,False,ORI,False,False,LKSDB-1,T_LKSDB-1
BOALF,2026-09-04,32,32,2026-09-04T14:55:00Z,2026-09-04T14:56:00Z,0,-70,55581,2026-09-04T14:39:00Z,False,False,ORI,False,False,LKSDB-1,T_LKSDB-1
BOALF,2026-09-04,32,32,2026-09-04T14:46:00Z,2026-09-04T14:47:00Z,-9,-70,55580,2026-09-04T14:35:00Z,False,False,ORI,False,False,LKSDB-1,T_LKSDB-1
BOALF,2026-09-04,32,32,2026-09-04T14:43:00Z,2026-09-04T14:55:00Z,0,0,55581,2026-09-04T14:39:00Z,False,False,ORI,False,False,LKSDB-1,T_LKSDB-1
BOALF,2026-09-04,32,32,2026-09-04T14:43:00Z,2026-09-04T14:46:00Z,-9,-9,55580,2026-09-04T14:35:00Z,False,False,ORI,False,False,LKSDB-1,T_LKSDB-1
BOALF,2026-09-04,32,32,2026-09-04T14:42:00Z,2026-09-04T14:43:00Z,-69,-70,55579,2026-09-04T14:34:00Z,False,False,ORI,False,False,LKSDB-1,T_LKSDB-1
BOALF,2026-09-04,32,32,2026-09-04T14:42:00Z,2026-09-04T14:43:00Z,-69,-9,55580,2026-09-04T14:35:00Z,False,False,ORI,False,False,LKSDB-1,T_LKSDB-1
BOALF,2026-09-04,32,32,2026-09-04T14:42:00Z,2026-09-04T14:43:00Z,-69,0,55581,2026-09-04T14:39:00Z,False,False,ORI,False,False,LKSDB-1,T_LKSDB-1
BOALF,2026-09-04,32,32,2026-09-04T14:40:00Z,2026-09-04T14:42:00Z,-69,-69,55579,2026-09-04T14:34:00Z,False,False,ORI,False,False,LKSDB-1,T_LKSDB-1
BOALF,2026-09-04,32,32,2026-09-04T14:39:00Z,2026-09-04T14:40:00Z,-70,-69,55579,2026-09-04T14:34:00Z,False,False,ORI,False,False,LKSDB-1,T_LKSDB-1
BOALF,2026-09-04,30,31,2026-09-04T13:59:00Z,2026-09-04T14:00:00Z,0,-70,55578,2026-09-04T13:47:00Z,False,False,ORI,False,False,LKSDB-1,T_LKSDB-1
BOALF,2026-09-04,30,30,2026-09-04T13:55:00Z,2026-09-04T13:59:00Z,0,0,55578,2026-09-04T13:47:00Z,False,False,ORI,False,False,LKSDB-1,T_LKSDB-1
BOALF,2026-09-04,30,30,2026-09-04T13:55:00Z,2026-09-04T13:56:00Z,0,-74,55577,2026-09-04T13:31:00Z,False,False,ORI,False,False,LKSDB-1,T_LKSDB-1
BOALF,2026-09-04,30,30,2026-09-04T13:40:00Z,2026-09-04T13:55:00Z,0,0,55577,2026-09-04T13:31:00Z,False,False,ORI,False,False,LKSDB-1,T_LKSDB-1
BOALF,2026-09-04,30,30,2026-09-04T13:40:00Z,2026-09-04T13:41:00Z,0,-74,55576,2026-09-04T13:21:00Z,False,False,ORI,False,False,LKSDB-1,T_LKSDB-1
BOALF,2026-09-04,30,30,2026-09-04T13:30:00Z,2026-09-04T13:40:00Z,0,0,55576,2026-09-04T13:21:00Z,False,False,ORI,False,False,LKSDB-1,T_LKSDB-1
BOALF,2026-09-04,30,30,2026-09-04T13:30:00Z,2026-09-04T13:31:00Z,0,-74,55575,2026-09-04T13:13:00Z,False,False,ORI,False,False,LKSDB-1,T_LKSDB-1
BOALF,2026-09-04,29,30,2026-09-04T13:16:00Z,2026-09-04T13:30:00Z,0,0,55575,2026-09-04T13:13:00Z,False,False,ORI,False,False,LKSDB-1,T_LKSDB-1
BOALF,2026-09-04,29,29,2026-09-04T13:16:00Z,2026-09-04T13:17:00Z,0,-74,55574,2026-09-04T12:51:00Z,False,False,ORI,False,False,LKSDB-1,T_LKSDB-1
BOALF,2026-09-04,29,29,2026-09-04T13:02:00Z,2026-09-04T13:16:00Z,0,0,55574,2026-09-04T12:51:00Z,False,False,ORI,False,False,LKSDB-1,T_LKSDB-1
BOALF,2026-09-04,29,29,2026-09-04T13:02:00Z,2026-09-04T13:03:00Z,0,-74,55573,2026-09-04T12:47:00Z,False,False,ORI,False,False,LKSDB-1,T_LKSDB-1
BOALF,2026-09-04,29,29,2026-09-04T13:01:00Z,2026-09-04T13:02:00Z,0,-74,55572,2026-09-04T12:44:00Z,False,False,ORI,False,False,LKSDB-1,T_LKSDB-1
BOALF,2026-09-04,29,29,2026-09-04T13:01:00Z,2026-09-04T13:02:00Z,0,0,55573,2026-09-04T12:47:00Z,False,False,ORI,False,False,LKSDB-1,T_LKSDB-1
BOALF,2026-09-04,28,29,2026-09-04T12:55:00Z,2026-09-04T13:01:00Z,0,0,55572,2026-09-04T12:44:00Z,False,False,ORI,False,False,LKSDB-1,T_LKSDB-1
BOALF,2026-09-04,28,28,2026-09-04T12:55:00Z,2026-09-04T12:56:00Z,0,-74,55571,2026-09-04T12:41:00Z,False,False,ORI,False,False,LKSDB-1,T_LKSDB-1
BOALF,2026-09-04,28,28,2026-09-04T12:53:00Z,2026-09-04T12:55:00Z,0,0,55571,2026-09-04T12:41:00Z,False,False,ORI,False,False,LKSDB-1,T_LKSDB-1
BOALF,2026-09-04,28,28,2026-09-04T12:53:00Z,2026-09-04T12:54:00Z,0,-74,55570,2026-09-04T12:39:00Z,False,False,ORI,False,False,LKSDB-1,T_LKSDB-1
BOALF,2026-09-04,28,28,2026-09-04T12:47:00Z,2026-09-04T12:53:00Z,0,0,55570,2026-09-04T12:39:00Z,False,False,ORI,False,False,LKSDB-1,T_LKSDB-1
BOALF,2026-09-04,28,28,2026-09-04T12:47:00Z,2026-09-04T12:48:00Z,0,-74,55569,2026-09-04T12:17:00Z,False,False,ORI,False,False,LKSDB-1,T_LKSDB-1
BOALF,2026-09-04,28,28,2026-09-04T12:32:00Z,2026-09-04T12:47:00Z,0,0,55569,2026-09-04T12:17:00Z,False,False,ORI,False,False,LKSDB-1,T_LKSDB-1
BOALF,2026-09-04,28,28,2026-09-04T12:32:00Z,2026-09-04T12:33:00Z,0,-74,55568,2026-09-04T12:13:00Z,False,False,ORI,False,False,LKSDB-1,T_LKSDB-1
BOALF,2026-09-04,28,28,2026-09-04T12:30:00Z,2026-09-04T12:32:00Z,0,0,55568,2026-09-04T12:13:00Z,False,False,ORI,False,False,LKSDB-1,T_LKSDB-1
BOALF,2026-09-04,27,28,2026-09-04T12:29:00Z,2026-09-04T12:30:00Z,7,0,55567,2026-09-04T12:12:00Z,False,False,ORI,False,False,LKSDB-1,T_LKSDB-1
BOALF,2026-09-04,27,28,2026-09-04T12:29:00Z,2026-09-04T12:30:00Z,7,0,55568,2026-09-04T12:13:00Z,False,False,ORI,False,False,LKSDB-1,T_LKSDB-1
BOALF,2026-09-04,27,27,2026-09-04T12:27:00Z,2026-09-04T12:29:00Z,7,7,55567,2026-09-04T12:12:00Z,False,False,ORI,False,False,LKSDB-1,T_LKSDB-1
BOALF,2026-09-04,27,27,2026-09-04T12:27:00Z,2026-09-04T12:28:00Z,7,0,55566,2026-09-04T12:07:00Z,False,False,ORI,False,False,LKSDB-1,T_LKSDB-1
BOALF,2026-09-04,27,27,2026-09-04T12:24:00Z,2026-09-04T12:27:00Z,7,7,55566,2026-09-04T12:07:00Z,False,False,ORI,False,False,LKSDB-1,T_LKSDB-1
BOALF,2026-09-04,27,27,2026-09-04T12:24:00Z,2026-09-04T12:25:00Z,7,0,55565,2026-09-04T12:06:00Z,False,False,ORI,False,False,LKSDB-1,T_LKSDB-1
BOALF,2026-09-04,27,27,2026-09-04T12:23:00Z,2026-09-04T12:24:00Z,7,0,55564,2026-09-04T12:04:00Z,False,False,ORI,False,False,LKSDB-1,T_LKSDB-1
BOALF,2026-09-04,27,27,2026-09-04T12:23:00Z,2026-09-04T12:24:00Z,7,7,55565,2026-09-04T12:06:00Z,False,False,ORI,False,False,LKSDB-1,T_LKSDB-1
BOALF,2026-09-04,27,27,2026-09-04T12:15:00Z,2026-09-04T12:23:00Z,7,7,55564,2026-09-04T12:04:00Z,False,False,ORI,False,False,LKSDB-1,T_LKSDB-1
BOALF,2026-09-04,27,27,2026-09-04T12:15:00Z,2026-09-04T12:16:00Z,7,0,55563,2026-09-04T11:52:00Z,False,False,ORI,False,False,LKSDB-1,T_LKSDB-1
BOALF,2026-09-04,27,27,2026-09-04T12:09:00Z,2026-09-04T12:15:00Z,7,7,55563,2026-09-04T11:52:00Z,False,False,ORI,False,False,LKSDB-1,T_LKSDB-1
BOALF,2026-09-04,27,27,2026-09-04T12:09:00Z,2026-09-04T12:10:00Z,7,0,55561,2026-09-04T11:44:00Z,False,False,ORI,False,False,LKSDB-1,T_LKSDB-1
BOALF,2026-09-04,27,27,2026-09-04T12:05:00Z,2026-09-04T12:06:00Z,8,7,55562,2026-09-04T11:47:00Z,False,False,ORI,False,False,LKSDB-1,T_LKSDB-1
BOALF,2026-09-04,26,27,2026-09-04T11:52:00Z,2026-09-04T12:09:00Z,7,7,55561,2026-09-04T11:44:00Z,False,False,ORI,False,False,LKSDB-1,T_LKSDB-1
BOALF,2026-09-04,26,26,2026-09-04T11:52:00Z,2026-09-04T11:53:00Z,7,0,55560,2026-09-04T11:31:00Z,False,False,ORI,False,False,LKSDB-1,T_LKSDB-1
BOALF,2026-09-04,26,27,2026-09-04T11:50:00Z,2026-09-04T12:05:00Z,8,8,55562,2026-09-04T11:47:00Z,False,False,ORI,False,False,LKSDB-1,T_LKSDB-1
BOALF,2026-09-04,26,26,2026-09-04T11:49:00Z,2026-09-04T11:50:00Z,7,8,55562,2026-09-04T11:47:00Z,False,False,ORI,False,False,LKSDB-1,T_LKSDB-1
BOALF,2026-09-04,26,26,2026-09-04T11:46:00Z,2026-09-04T11:52:00Z,7,7,55560,2026-09-04T11:31:00Z,False,False,ORI,False,False,LKSDB-1,T_LKSDB-1
BOALF,2026-09-04,26,26,2026-09-04T11:46:00Z,2026-09-04T11:47:00Z,7,0,55559,2026-09-04T11:26:00Z,False,False,ORI,False,False,LKSDB-1,T_LKSDB-1
BOALF,2026-09-04,26,26,2026-09-04T11:44:00Z,2026-09-04T11:46:00Z,7,7,55559,2026-09-04T11:26:00Z,False,False,ORI,False,False,LKSDB-1,T_LKSDB-1
BOALF,2026-09-04,26,26,2026-09-04T11:43:00Z,2026-09-04T11:44:00Z,0,-50,55558,2026-09-04T11:25:00Z,False,False,ORI,False,False,LKSDB-1,T_LKSDB-1
BOALF,2026-09-04,26,26,2026-09-04T11:43:00Z,2026-09-04T11:44:00Z,0,7,55559,2026-09-04T11:26:00Z,False,False,ORI,False,False,LKSDB-1,T_LKSDB-1
BOALF,2026-09-04,26,26,2026-09-04T11:40:00Z,2026-09-04T11:43:00Z,0,0,55558,2026-09-04T11:25:00Z,False,False,ORI,False,False,LKSDB-1,T_LKSDB-1
BOALF,2026-09-04,26,26,2026-09-04T11:39:00Z,2026-09-04T11:40:00Z,7,0,55557,2026-09-04T11:23:00Z,False,False,ORI,False,False,LKSDB-1,T_LKSDB-1
BOALF,2026-09-04,26,26,2026-09-04T11:39:00Z,2026-09-04T11:40:00Z,7,0,55558,2026-09-04T11:25:00Z,False,False,ORI,False,False,LKSDB-1,T_LKSDB-1
BOALF,2026-09-04,26,26,2026-09-04T11:37:00Z,2026-09-04T11:39:00Z,7,7,55557,2026-09-04T11:23:00Z,False,False,ORI,False,False,LKSDB-1,T_LKSDB-1
BOALF,2026-09-04,26,26,2026-09-04T11:36:00Z,2026-09-04T11:37:00Z,0,-50,55556,2026-09-04T11:22:00Z,False,False,ORI,False,False,LKSDB-1,T_LKSDB-1
BOALF,2026-09-04,26,26,2026-09-04T11:36:00Z,2026-09-04T11:37:00Z,0,7,55557,2026-09-04T11:23:00Z,False,False,ORI,False,False,LKSDB-1,T_LKSDB-1
BOALF,2026-09-04,26,26,2026-09-04T11:35:00Z,2026-09-04T11:36:00Z,0,-50,55555,2026-09-04T11:21:00Z,False,False,ORI,False,False,LKSDB-1,T_LKSDB-1
BOALF,2026-09-04,26,26,2026-09-04T11:35:00Z,2026-09-04T11:36:00Z,0,0,55556,2026-09-04T11:22:00Z,False,False,ORI,False,False,LKSDB-1,T_LKSDB-1
BOALF,2026-09-04,25,26,2026-09-04T11:28:00Z,2026-09-04T11:35:00Z,0,0,55555,2026-09-04T11:21:00Z,False,False,ORI,False,False,LKSDB-1,T_LKSDB-1
BOALF,2026-09-04,25,25,2026-09-04T11:28:00Z,2026-09-04T11:29:00Z,0,-50,55554,2026-09-04T11:16:00Z,False,False,ORI,False,False,LKSDB-1,T_LKSDB-1
BOALF,2026-09-04,25,25,2026-09-04T11:21:00Z,2026-09-04T11:28:00Z,0,0,55554,2026-09-04T11:16:00Z,False,False,ORI,False,False,LKSDB-1,T_LKSDB-1
BOALF,2026-09-04,25,25,2026-09-04T11:20:00Z,2026-09-04T11:21:00Z,-50,0,55554,2026-09-04T11:16:00Z,False,False,ORI,False,False,LKSDB-1,T_LKSDB-1
BOALF,2026-09-04,25,25,2026-09-04T11:16:00Z,2026-09-04T11:17:00Z,-46,-50,55553,2026-09-04T11:01:00Z,False,False,ORI,False,False,LKSDB-1,T_LKSDB-1
BOALF,2026-09-04,25,25,2026-09-04T11:14:00Z,2026-09-04T11:16:00Z,-46,-46,55553,2026-09-04T11:01:00Z,False,False,ORI,False,False,LKSDB-1,T_LKSDB-1
BOALF,2026-09-04,25,25,2026-09-04T11:13:00Z,2026-09-04T11:14:00Z,-50,-46,55553,2026-09-04T11:01:00Z,False,False,ORI,False,False,LKSDB-1,T_LKSDB-1
BOALF,2026-09-04,25,25,2026-09-04T11:10:00Z,2026-09-04T11:11:00Z,0,-50,55552,2026-09-04T10:55:00Z,False,False,ORI,False,False,LKSDB-1,T_LKSDB-1
BOALF,2026-09-04,25,25,2026-09-04T11:05:00Z,2026-09-04T11:10:00Z,0,0,55552,2026-09-04T10:55:00Z,False,False,ORI,False,False,LKSDB-1,T_LKSDB-1
BOALF,2026-09-04,25,25,2026-09-04T11:05:00Z,2026-09-04T11:06:00Z,0,-50,55551,2026-09-04T10:49:00Z,False,False,ORI,False,False,LKSDB-1,T_LKSDB-1
BOALF,2026-09-04,25,25,2026-09-04T11:00:00Z,2026-09-04T11:05:00Z,0,0,55551,2026-09-04T10:49:00Z,False,False,ORI,False,False,LKSDB-1,T_LKSDB-1
BOALF,2026-09-04,19,19,2026-09-04T08:11:00Z,2026-09-04T08:12:00Z,-1,-5,55550,2026-09-04T07:54:00Z,False,False,ORI,False,False,LKSDB-1,T_LKSDB-1
BOALF,2026-09-04,19,19,2026-09-04T08:09:00Z,2026-09-04T08:11:00Z,-1,-1,55550,2026-09-04T07:54:00Z,False,False,ORI,False,False,LKSDB-1,T_LKSDB-1
BOALF,2026-09-04,19,19,2026-09-04T08:08:00Z,2026-09-04T08:09:00Z,1,0,55549,2026-09-04T07:51:00Z,False,False,ORI,False,False,LKSDB-1,T_LKSDB-1
BOALF,2026-09-04,19,19,2026-09-04T08:08:00Z,2026-09-04T08:09:00Z,0,-1,55550,2026-09-04T07:54:00Z,False,False,ORI,False,False,LKSDB-1,T_LKSDB-1
BOALF,2026-09-04,19,19,2026-09-04T08:01:00Z,2026-09-04T08:08:00Z,1,1,55549,2026-09-04T07:51:00Z,False,False,ORI,False,False,LKSDB-1,T_LKSDB-1
BOALF,2026-09-04,19,19,2026-09-04T08:00:00Z,2026-09-04T08:01:00Z,0,1,55549,2026-09-04T07:51:00Z,False,False,ORI,False,False,LKSDB-1,T_LKSDB-1
BOALF,2026-09-04,18,18,2026-09-04T07:38:00Z,2026-09-04T07:39:00Z,1,0,55548,2026-09-04T07:31:00Z,False,False,ORI,False,False,LKSDB-1,T_LKSDB-1
BOALF,2026-09-04,18,18,2026-09-04T07:36:00Z,2026-09-04T07:38:00Z,1,1,55548,2026-09-04T07:31:00Z,False,False,ORI,False,False,LKSDB-1,T_LKSDB-1
BOALF,2026-09-04,18,18,2026-09-04T07:35:00Z,2026-09-04T07:36:00Z,0,1,55548,2026-09-04T07:31:00Z,False,False,ORI,False,False,LKSDB-1,T_LKSDB-1
BOALF,2026-09-04,17,17,2026-09-04T07:00:00Z,2026-09-04T07:01:00Z,0,0,55546,2026-09-04T06:47:00Z,False,False,ORI,False,False,LKSDB-1,T_LKSDB-1
BOALF,2026-09-04,16,17,2026-09-04T06:59:00Z,2026-09-04T07:00:00Z,-5,0,55546,2026-09-04T06:47:00Z,False,False,ORI,False,False,LKSDB-1,T_LKSDB-1
BOALF,2026-09-04,16,17,2026-09-04T06:56:00Z,2026-09-04T07:00:00Z,0,0,55547,2026-09-04T06:50:00Z,False,False,ORI,False,False,LKSDB-1,T_LKSDB-1
BOALF,2026-09-04,16,16,2026-09-04T06:55:00Z,2026-09-04T06:56:00Z,12,0,55545,2026-09-04T06:43:00Z,False,False,ORI,False,False,LKSDB-1,T_LKSDB-1
BOALF,2026-09-04,16,16,2026-09-04T06:55:00Z,2026-09-04T06:56:00Z,12,0,55547,2026-09-04T06:50:00Z,False,False,ORI,False,False,LKSDB-1,T_LKSDB-1
BOALF,2026-09-04,16,16,2026-09-04T06:53:00Z,2026-09-04T06:55:00Z,12,12,55545,2026-09-04T06:43:00Z,False,False,ORI,False,False,LKSDB-1,T_LKSDB-1
BOALF,2026-09-04,16,16,2026-09-04T06:53:00Z,2026-09-04T06:54:00Z,12,0,55544,2026-09-04T06:34:00Z,False,False,ORI,False,False,LKSDB-1,T_LKSDB-1
BOALF,2026-09-04,16,16,2026-09-04T06:51:00Z,2026-09-04T06:53:00Z,12,12,55544,2026-09-04T06:34:00Z,False,False,ORI,False,False,LKSDB-1,T_LKSDB-1
BOALF,2026-09-04,16,16,2026-09-04T06:51:00Z,2026-09-04T06:52:00Z,12,0,55543,2026-09-04T06:33:00Z,False,False,ORI,False,False,LKSDB-1,T_LKSDB-1
BOALF,2026-09-04,16,16,2026-09-04T06:47:00Z,2026-09-04T06:51:00Z,12,12,55543,2026-09-04T06:33:00Z,False,False,ORI,False,False,LKSDB-1,T_LKSDB-1
BOALF,2026-09-04,16,16,2026-09-04T06:47:00Z,2026-09-04T06:48:00Z,12,0,55542,2026-09-04T06:25:00Z,False,False,ORI,False,False,LKSDB-1,T_LKSDB-1
BOALF,2026-09-04,16,16,2026-09-04T06:43:00Z,2026-09-04T06:47:00Z,12,12,55542,2026-09-04T06:25:00Z,False,False,ORI,False,False,LKSDB-1,T_LKSDB-1
BOALF,2026-09-04,16,16,2026-09-04T06:43:00Z,2026-09-04T06:44:00Z,12,0,55541,2026-09-04T06:23:00Z,False,False,ORI,False,False,LKSDB-1,T_LKSDB-1
BOALF,2026-09-04,16,16,2026-09-04T06:36:00Z,2026-09-04T06:43:00Z,12,12,55541,2026-09-04T06:23:00Z,False,False,ORI,False,False,LKSDB-1,T_LKSDB-1
BOALF,2026-09-04,16,16,2026-09-04T06:36:00Z,2026-09-04T06:37:00Z,12,0,55540,2026-09-04T06:21:00Z,False,False,ORI,False,False,LKSDB-1,T_LKSDB-1
BOALF,2026-09-04,15,16,2026-09-04T06:29:00Z,2026-09-04T06:36:00Z,12,12,55540,2026-09-04T06:21:00Z,False,False,ORI,False,False,LKSDB-1,T_LKSDB-1
BOALF,2026-09-04,15,16,2026-09-04T06:29:00Z,2026-09-04T06:30:00Z,12,0,55538,2026-09-04T06:13:00Z,False,False,ORI,False,False,LKSDB-1,T_LKSDB-1
BOALF,2026-09-04,15,15,2026-09-04T06:27:00Z,2026-09-04T06:29:00Z,12,12,55538,2026-09-04T06:13:00Z,False,False,ORI,False,False,LKSDB-1,T_LKSDB-1
BOALF,2026-09-04,15,15,2026-09-04T06:26:00Z,2026-09-04T06:27:00Z,0,-5,55537,2026-09-04T06:12:00Z,False,False,ORI,False,False,LKSDB-1,T_LKSDB-1
BOALF,2026-09-04,15,15,2026-09-04T06:26:00Z,2026-09-04T06:27:00Z,0,12,55538,2026-09-04T06:13:00Z,False,False,ORI,False,False,LKSDB-1,T_LKSDB-1
BOALF,2026-09-04,15,15,2026-09-04T06:24:00Z,2026-09-04T06:26:00Z,0,0,55537,2026-09-04T06:12:00Z,False,False,ORI,False,False,LKSDB-1,T_LKSDB-1
BOALF,2026-09-04,15,15,2026-09-04T06:23:00Z,2026-09-04T06:27:00Z,12,12,55539,2026-09-04T06:20:00Z,False,False,ORI,False,False,LKSDB-1,T_LKSDB-1
BOALF,2026-09-04,15,15,2026-09-04T06:23:00Z,2026-09-04T06:24:00Z,3,0,55536,2026-09-04T06:11:00Z,False,False,ORI,False,False,LKSDB-1,T_LKSDB-1
BOALF,2026-09-04,15,15,2026-09-04T06:23:00Z,2026-09-04T06:24:00Z,3,0,55537,2026-09-04T06:12:00Z,False,False,ORI,False,False,LKSDB-1,T_LKSDB-1
BOALF,2026-09-04,15,15,2026-09-04T06:22:00Z,2026-09-04T06:23:00Z,3,12,55539,2026-09-04T06:20:00Z,False,False,ORI,False,False,LKSDB-1,T_LKSDB-1
BOALF,2026-09-04,15,15,2026-09-04T06:20:00Z,2026-09-04T06:23:00Z,3,3,55536,2026-09-04T06:11:00Z,False,False,ORI,False,False,LKSDB-1,T_LKSDB-1
BOALF,2026-09-04,15,15,2026-09-04T06:19:00Z,2026-09-04T06:20:00Z,12,0,55535,2026-09-04T06:05:00Z,False,False,ORI,False,False,LKSDB-1,T_LKSDB-1
BOALF,2026-09-04,15,15,2026-09-04T06:19:00Z,2026-09-04T06:20:00Z,12,3,55536,2026-09-04T06:11:00Z,False,False,ORI,False,False,LKSDB-1,T_LKSDB-1
BOALF,2026-09-04,15,15,2026-09-04T06:17:00Z,2026-09-04T06:19:00Z,12,12,55535,2026-09-04T06:05:00Z,False,False,ORI,False,False,LKSDB-1,T_LKSDB-1
BOALF,2026-09-04,15,15,2026-09-04T06:16:00Z,2026-09-04T06:17:00Z,0,-5,55534,2026-09-04T06:04:00Z,False,False,ORI,False,False,LKSDB-1,T_LKSDB-1
BOALF,2026-09-04,15,15,2026-09-04T06:16:00Z,2026-09-04T06:17:00Z,0,12,55535,2026-09-04T06:05:00Z,False,False,ORI,False,False,LKSDB-1,T_LKSDB-1
BOALF,2026-09-04,15,15,2026-09-04T06:12:00Z,2026-09-04T06:16:00Z,0,0,55534,2026-09-04T06:04:00Z,False,False,ORI,False,False,LKSDB-1,T_LKSDB-1
BOALF,2026-09-04,15,15,2026-09-04T06:11:00Z,2026-09-04T06:12:00Z,-5,0,55534,2026-09-04T06:04:00Z,False,False,ORI,False,False,LKSDB-1,T_LKSDB-1
BOALF,2026-09-04,15,15,2026-09-04T06:07:00Z,2026-09-04T06:08:00Z,0,-5,55533,2026-09-04T05:55:00Z,False,False,ORI,False,False,LKSDB-1,T_LKSDB-1
BOALF,2026-09-04,15,15,2026-09-04T06:05:00Z,2026-09-04T06:07:00Z,0,0,55533,2026-09-04T05:55:00Z,False,False,ORI,False,False,LKSDB-1,T_LKSDB-1
BOALF,2026-09-04,15,15,2026-09-04T06:04:00Z,2026-09-04T06:05:00Z,-5,0,55533,2026-09-04T05:55:00Z,False,False,ORI,False,False,LKSDB-1,T_LKSDB-1
BOALF,2026-09-04,14,14,2026-09-04T05:30:00Z,2026-09-04T05:31:00Z,62,75,55532,2026-09-04T05:15:00Z,False,False,ORI,False,False,LKSDB-1,T_LKSDB-1
BOALF,2026-09-04,13,14,2026-09-04T05:28:00Z,2026-09-04T05:30:00Z,62,62,55532,2026-09-04T05:15:00Z,False,False,ORI,False,False,LKSDB-1,T_LKSDB-1
BOALF,2026-09-04,13,13,2026-09-04T05:27:00Z,2026-09-04T05:28:00Z,75,61,55531,2026-09-04T05:14:00Z,False,False,ORI,False,False,LKSDB-1,T_LKSDB-1
BOALF,2026-09-04,13,13,2026-09-04T05:27:00Z,2026-09-04T05:28:00Z,75,62,55532,2026-09-04T05:15:00Z,False,False,ORI,False,False,LKSDB-1,T_LKSDB-1
BOALF,2026-09-04,13,13,2026-09-04T05:26:00Z,2026-09-04T05:27:00Z,75,61,55530,2026-09-04T05:03:00Z,False,False,ORI,False,False,LKSDB-1,T_LKSDB-1
BOALF,2026-09-04,13,13,2026-09-04T05:26:00Z,2026-09-04T05:27:00Z,75,75,55531,2026-09-04T05:14:00Z,False,False,ORI,False,False,LKSDB-1,T_LKSDB-1
BOALF,2026-09-04,13,13,2026-09-04T05:11:00Z,2026-09-04T05:26:00Z,75,75,55530,2026-09-04T05:03:00Z,False,False,ORI,False,False,LKSDB-1,T_LKSDB-1
BOALF,2026-09-04,13,13,2026-09-04T05:10:00Z,2026-09-04T05:11:00Z,61,75,55530,2026-09-04T05:03:00Z,False,False,ORI,False,False,LKSDB-1,T_LKSDB-1
BOALF,2026-09-04,13,13,2026-09-04T05:07:00Z,2026-09-04T05:08:00Z,75,61,55529,2026-09-04T04:42:00Z,False,False,ORI,False,False,LKSDB-1,T_LKSDB-1
BOALF,2026-09-04,13,13,2026-09-04T05:01:00Z,2026-09-04T05:07:00Z,75,75,55529,2026-09-04T04:42:00Z,False,False,ORI,False,False,LKSDB-1,T_LKSDB-1
BOALF,2026-09-04,13,13,2026-09-04T05:00:00Z,2026-09-04T05:01:00Z,15,61,55528,2026-09-04T04:34:00Z,False,False,ORI,False,False,LKSDB-1,T_LKSDB-1
BOALF,2026-09-04,13,13,2026-09-04T05:00:00Z,2026-09-04T05:01:00Z,15,75,55529,2026-09-04T04:42:00Z,False,False,ORI,False,False,LKSDB-1,T_LKSDB-1
BOALF,2026-09-04,12,13,2026-09-04T04:58:00Z,2026-09-04T05:00:00Z,15,15,55528,2026-09-04T04:34:00Z,False,False,ORI,False,False,LKSDB-1,T_LKSDB-1
BOALF,2026-09-04,12,12,2026-09-04T04:57:00Z,2026-09-04T04:58:00Z,75,0,55527,2026-09-04T04:33:00Z,False,False,ORI,False,False,LKSDB-1,T_LKSDB-1
BOALF,2026-09-04,12,12,2026-09-04T04:57:00Z,2026-09-04T04:58:00Z,75,15,55528,2026-09-04T04:34:00Z,False,False,ORI,False,False,LKSDB-1,T_LKSDB-1
BOALF,2026-09-04,12,12,2026-09-04T04:46:00Z,2026-09-04T04:57:00Z,75,75,55527,2026-09-04T04:33:00Z,False,False,ORI,False,False,LKSDB-1,T_LKSDB-1
BOALF,2026-09-04,12,12,2026-09-04T04:45:00Z,2026-09-04T04:46:00Z,69,0,55526,2026-09-04T04:32:00Z,False,False,ORI,False,False,LKSDB-1,T_LKSDB-1
BOALF,2026-09-04,12,12,2026-09-04T04:45:00Z,2026-09-04T04:46:00Z,69,75,55527,2026-09-04T04:33:00Z,False,False,ORI,False,False,LKSDB-1,T_LKSDB-1
BOALF,2026-09-04,12,12,2026-09-04T04:43:00Z,2026-09-04T04:45:00Z,69,69,55526,2026-09-04T04:32:00Z,False,False,ORI,False,False,LKSDB-1,T_LKSDB-1
BOALF,2026-09-04,12,12,2026-09-04T04:42:00Z,2026-09-04T04:43:00Z,75,0,55525,2026-09-04T04:31:00Z,False,False,ORI,False,False,LKSDB-1,T_LKSDB-1
BOALF,2026-09-04,12,12,2026-09-04T04:42:00Z,2026-09-04T04:43:00Z,75,69,55526,2026-09-04T04:32:00Z,False,False,ORI,False,False,LKSDB-1,T_LKSDB-1
BOALF,2026-09-04,12,12,2026-09-04T04:41:00Z,2026-09-04T04:42:00Z,34,0,55521,2026-09-04T04:08:00Z,False,False,ORI,False,False,LKSDB-1,T_LKSDB-1
BOALF,2026-09-04,12,12,2026-09-04T04:41:00Z,2026-09-04T04:42:00Z,75,0,55524,2026-09-04T04:13:00Z,False,False,ORI,False,False,LKSDB-1,T_LKSDB-1
BOALF,2026-09-04,12,12,2026-09-04T04:41:00Z,2026-09-04T04:42:00Z,75,75,55525,2026-09-04T04:31:00Z,False,False,ORI,False,False,LKSDB-1,T_LKSDB-1
BOALF,2026-09-04,12,12,2026-09-04T04:39:00Z,2026-09-04T04:41:00Z,34,34,55521,2026-09-04T04:08:00Z,False,False,ORI,False,False,LKSDB-1,T_LKSDB-1
BOALF,2026-09-04,12,12,2026-09-04T04:38:00Z,2026-09-04T04:39:00Z,4,0,55520,2026-09-04T04:07:00Z,False,False,ORI,False,False,LKSDB-1,T_LKSDB-1
BOALF,2026-09-04,12,12,2026-09-04T04:38:00Z,2026-09-04T04:39:00Z,4,34,55521,2026-09-04T04:08:00Z,False,False,ORI,False,False,LKSDB-1,T_LKSDB-1
BOALF,2026-09-04,12,12,2026-09-04T04:32:00Z,2026-09-04T04:38:00Z,4,4,55520,2026-09-04T04:07:00Z,False,False,ORI,False,False,LKSDB-1,T_LKSDB-1
BOALF,2026-09-04,12,12,2026-09-04T04:31:00Z,2026-09-04T04:32:00Z,0,4,55520,2026-09-04T04:07:00Z,False,False,ORI,False,False,LKSDB-1,T_LKSDB-1
BOALF,2026-09-04,11,11,2026-09-04T04:25:00Z,2026-09-04T04:26:00Z,73,0,55522,2026-09-04T04:09:00Z,False,False,ORI,False,False,LKSDB-1,T_LKSDB-1
BOALF,2026-09-04,11,12,2026-09-04T04:22:00Z,2026-09-04T04:41:00Z,75,75,55524,2026-09-04T04:13:00Z,False,False,ORI,False,False,LKSDB-1,T_LKSDB-1
BOALF,2026-09-04,11,11,2026-09-04T04:22:00Z,2026-09-04T04:23:00Z,75,73,55523,2026-09-04T04:10:00Z,False,False,ORI,False,False,LKSDB-1,T_LKSDB-1
BOALF,2026-09-04,11,11,2026-09-04T04:14:00Z,2026-09-04T04:22:00Z,75,75,55523,2026-09-04T04:10:00Z,False,False,ORI,False,False,LKSDB-1,T_LKSDB-1
BOALF,2026-09-04,11,11,2026-09-04T04:13:00Z,2026-09-04T04:14:00Z,73,75,55523,2026-09-04T04:10:00Z,False,False,ORI,False,False,LKSDB-1,T_LKSDB-1
BOALF,2026-09-04,11,11,2026-09-04T04:11:00Z,2026-09-04T04:25:00Z,73,73,55522,2026-09-04T04:09:00Z,False,False,ORI,False,False,LKSDB-1,T_LKSDB-1
BOALF,2026-09-04,11,11,2026-09-04T04:10:00Z,2026-09-04T04:11:00Z,0,73,55522,2026-09-04T04:09:00Z,False,False,ORI,False,False,LKSDB-1,T_LKSDB-1
BOALF,2026-09-04,10,10,2026-09-04T03:55:00Z,2026-09-04T03:56:00Z,-28,-18,55519,2026-09-04T03:40:00Z,False,False,ORI,False,False,LKSDB-1,T_LKSDB-1
BOALF,2026-09-04,10,10,2026-09-04T03:53:00Z,2026-09-04T03:55:00Z,-28,-28,55519,2026-09-04T03:40:00Z,False,False,ORI,False,False,LKSDB-1,T_LKSDB-1
BOALF,2026-09-04,10,10,2026-09-04T03:52:00Z,2026-09-04T03:53:00Z,-18,-28,55519,2026-09-04T03:40:00Z,False,False,ORI,False,False,LKSDB-1,T_LKSDB-1
BOALF,2026-09-04,10,10,2026-09-04T03:30:00Z,2026-09-04T03:31:00Z,-73,-18,55518,2026-09-04T03:20:00Z,False,False,ORI,False,False,LKSDB-1,T_LKSDB-1
BOALF,2026-09-04,9,10,2026-09-04T03:27:00Z,2026-09-04T03:30:00Z,-73,-73,55518,2026-09-04T03:20:00Z,False,False,ORI,False,False,LKSDB-1,T_LKSDB-1
BOALF,2026-09-04,9,9,2026-09-04T03:27:00Z,2026-09-04T03:28:00Z,-73,-18,55517,2026-09-04T03:13:00Z,False,False,ORI,False,False,LKSDB-1,T_LKSDB-1
BOALF,2026-09-04,9,9,2026-09-04T03:25:00Z,2026-09-04T03:27:00Z,-73,-73,55517,2026-09-04T03:13:00Z,False,False,ORI,False,False,LKSDB-1,T_LKSDB-1
BOALF,2026-09-04,9,9,2026-09-04T03:24:00Z,2026-09-04T03:25:00Z,-74,-18,55516,2026-09-04T03:12:00Z,False,False,ORI,False,False,LKSDB-1,T_LKSDB-1
BOALF,2026-09-04,9,9,2026-09-04T03:24:00Z,2026-09-04T03:25:00Z,-74,-73,55517,2026-09-04T03:13:00Z,False,False,ORI,False,False,LKSDB-1,T_LKSDB-1
BOALF,2026-09-04,9,9,2026-09-04T03:16:00Z,2026-09-04T03:24:00Z,-74,-74,55516,2026-09-04T03:12:00Z,False,False,ORI,False,False,LKSDB-1,T_LKSDB-1
BOALF,2026-09-04,9,9,2026-09-04T03:16:00Z,2026-09-04T03:17:00Z,-74,-18,55515,2026-09-04T02:49:00Z,False,False,ORI,False,False,LKSDB-1,T_LKSDB-1
BOALF,2026-09-04,9,9,2026-09-04T03:09:00Z,2026-09-04T03:16:00Z,-74,-74,55515,2026-09-04T02:49:00Z,False,False,ORI,False,False,LKSDB-1,T_LKSDB-1
BOALF,2026-09-04,9,9,2026-09-04T03:09:00Z,2026-09-04T03:10:00Z,-74,-18,55514,2026-09-04T02:41:00Z,False,False,ORI,False,False,LKSDB-1,T_LKSDB-1
BOALF,2026-09-04,8,9,2026-09-04T02:57:00Z,2026-09-04T03:09:00Z,-74,-74,55514,2026-09-04T02:41:00Z,False,False,ORI,False,False,LKSDB-1,T_LKSDB-1
BOALF,2026-09-04,8,8,2026-09-04T02:57:00Z,2026-09-04T02:58:00Z,-74,-18,55513,2026-09-04T02:31:00Z,False,False,ORI,False,False,LKSDB-1,T_LKSDB-1
BOALF,2026-09-04,8,8,2026-09-04T02:55:00Z,2026-09-04T02:57:00Z,-74,-74,55513,2026-09-04T02:31:00Z,False,False,ORI,False,False,LKSDB-1,T_LKSDB-1
BOALF,2026-09-04,8,8,2026-09-04T02:55:00Z,2026-09-04T02:56:00Z,-74,-18,55512,2026-09-04T02:29:00Z,False,False,ORI,False,False,LKSDB-1,T_LKSDB-1
BOALF,2026-09-04,8,8,2026-09-04T02:51:00Z,2026-09-04T02:55:00Z,-74,-74,55512,2026-09-04T02:29:00Z,False,False,ORI,False,False,LKSDB-1,T_LKSDB-1
BOALF,2026-09-04,8,8,2026-09-04T02:51:00Z,2026-09-04T02:52:00Z,-74,-18,55511,2026-09-04T02:24:00Z,False,False,ORI,False,False,LKSDB-1,T_LKSDB-1
BOALF,2026-09-04,8,8,2026-09-04T02:34:00Z,2026-09-04T02:51:00Z,-74,-74,55511,2026-09-04T02:24:00Z,False,False,ORI,False,False,LKSDB-1,T_LKSDB-1
BOALF,2026-09-04,8,8,2026-09-04T02:34:00Z,2026-09-04T02:35:00Z,-74,-18,55510,2026-09-04T02:09:00Z,False,False,ORI,False,False,LKSDB-1,T_LKSDB-1
BOALF,2026-09-04,8,8,2026-09-04T02:30:00Z,2026-09-04T02:34:00Z,-74,-74,55510,2026-09-04T02:09:00Z,False,False,ORI,False,False,LKSDB-1,T_LKSDB-1
BOALF,2026-09-04,8,8,2026-09-04T02:30:00Z,2026-09-04T02:31:00Z,-74,-18,55509,2026-09-04T02:07:00Z,False,False,ORI,False,False,LKSDB-1,T_LKSDB-1
BOALF,2026-09-04,7,8,2026-09-04T02:29:00Z,2026-09-04T02:30:00Z,-74,-18,55508,2026-09-04T02:03:00Z,False,False,ORI,False,False,LKSDB-1,T_LKSDB-1
BOALF,2026-09-04,7,8,2026-09-04T02:29:00Z,2026-09-04T02:30:00Z,-74,-74,55509,2026-09-04T02:07:00Z,False,False,ORI,False,False,LKSDB-1,T_LKSDB-1
BOALF,2026-09-04,7,7,2026-09-04T02:22:00Z,2026-09-04T02:23:00Z,-54,-18,55507,2026-09-04T02:02:00Z,False,False,ORI,False,False,LKSDB-1,T_LKSDB-1
BOALF,2026-09-04,7,7,2026-09-04T02:20:00Z,2026-09-04T02:22:00Z,-54,-54,55507,2026-09-04T02:02:00Z,False,False,ORI,False,False,LKSDB-1,T_LKSDB-1
BOALF,2026-09-04,7,7,2026-09-04T02:19:00Z,2026-09-04T02:20:00Z,-51,-18,55506,2026-09-04T02:01:00Z,False,False,ORI,False,False,LKSDB-1,T_LKSDB-1
BOALF,2026-09-04,7,7,2026-09-04T02:19:00Z,2026-09-04T02:20:00Z,-51,-54,55507,2026-09-04T02:02:00Z,False,False,ORI,False,False,LKSDB-1,T_LKSDB-1
BOALF,2026-09-04,7,7,2026-09-04T02:17:00Z,2026-09-04T02:19:00Z,-51,-51,55506,2026-09-04T02:01:00Z,False,False,ORI,False,False,LKSDB-1,T_LKSDB-1
BOALF,2026-09-04,7,7,2026-09-04T02:16:00Z,2026-09-04T02:17:00Z,-49,-18,55505,2026-09-04T02:00:00Z,False,False,ORI,False,False,LKSDB-1,T_LKSDB-1
BOALF,2026-09-04,7,7,2026-09-04T02:16:00Z,2026-09-04T02:17:00Z,-49,-51,55506,2026-09-04T02:01:00Z,False,False,ORI,False,False,LKSDB-1,T_LKSDB-1
BOALF,2026-09-04,7,7,2026-09-04T02:14:00Z,2026-09-04T02:16:00Z,-49,-49,55505,2026-09-04T02:00:00Z,False,False,ORI,False,False,LKSDB-1,T_LKSDB-1
BOALF,2026-09-04,7,7,2026-09-04T02:13:00Z,2026-09-04T02:14:00Z,-47,-18,55504,2026-09-04T01:59:00Z,False,False,ORI,False,False,LKSDB-1,T_LKSDB-1
BOALF,2026-09-04,7,7,2026-09-04T02:13:00Z,2026-09-04T02:14:00Z,-47,-49,55505,2026-09-04T02:00:00Z,False,False,ORI,False,False,LKSDB-1,T_LKSDB-1
BOALF,2026-09-04,7,7,2026-09-04T02:11:00Z,2026-09-04T02:13:00Z,-47,-47,55504,2026-09-04T01:59:00Z,False,False,ORI,False,False,LKSDB-1,T_LKSDB-1
BOALF,2026-09-04,7,7,2026-09-04T02:10:00Z,2026-09-04T02:11:00Z,-45,-18,55503,2026-09-04T01:58:00Z,False,False,ORI,False,False,LKSDB-1,T_LKSDB-1
BOALF,2026-09-04,7,7,2026-09-04T02:10:00Z,2026-09-04T02:11:00Z,-45,-47,55504,2026-09-04T01:59:00Z,False,False,ORI,False,False,LKSDB-1,T_LKSDB-1
BOALF,2026-09-04,7,7,2026-09-04T02:08:00Z,2026-09-04T02:29:00Z,-74,-74,55508,2026-09-04T02:03:00Z,False,False,ORI,False,False,LKSDB-1,T_LKSDB-1
BOALF,2026-09-04,7,7,2026-09-04T02:08:00Z,2026-09-04T02:10:00Z,-45,-45,55503,2026-09-04T01:58:00Z,False,False,ORI,False,False,LKSDB-1,T_LKSDB-1
BOALF,2026-09-04,7,7,2026-09-04T02:07:00Z,2026-09-04T02:08:00Z,-40,-18,55502,2026-09-04T01:57:00Z,False,False,ORI,False,False,LKSDB-1,T_LKSDB-1
BOALF,2026-09-04,7,7,2026-09-04T02:07:00Z,2026-09-04T02:08:00Z,-40,-45,55503,2026-09-04T01:58:00Z,False,False,ORI,False,False,LKSDB-1,T_LKSDB-1
BOALF,2026-09-04,7,7,2026-09-04T02:07:00Z,2026-09-04T02:08:00Z,-40,-74,55508,2026-09-04T02:03:00Z,False,False,ORI,False,False,LKSDB-1,T_LKSDB-1
BOALF,2026-09-04,7,7,2026-09-04T02:05:00Z,2026-09-04T02:07:00Z,-40,-40,55502,2026-09-04T01:57:00Z,False,False,ORI,False,False,LKSDB-1,T_LKSDB-1
BOALF,2026-09-04,7,7,2026-09-04T02:04:00Z,2026-09-04T02:05:00Z,-74,-18,55501,2026-09-04T01:56:00Z,False,False,ORI,False,False,LKSDB-1,T_LKSDB-1
BOALF,2026-09-04,7,7,2026-09-04T02:04:00Z,2026-09-04T02:05:00Z,-74,-40,55502,2026-09-04T01:57:00Z,False,False,ORI,False,False,LKSDB-1,T_LKSDB-1
BOALF,2026-09-04,7,7,2026-09-04T02:01:00Z,2026-09-04T02:04:00Z,-74,-74,55501,2026-09-04T01:56:00Z,False,False,ORI,False,False,LKSDB-1,T_LKSDB-1
BOALF,2026-09-04,7,7,2026-09-04T02:00:00Z,2026-09-04T02:01:00Z,0,-74,55501,2026-09-04T01:56:00Z,False,False,ORI,False,False,LKSDB-1,T_LKSDB-1
BOALF,2026-09-04,6,6,2026-09-04T01:55:00Z,2026-09-04T01:56:00Z,-33,0,55500,2026-09-04T01:49:00Z,False,False,ORI,False,False,LKSDB-1,T_LKSDB-1
BOALF,2026-09-04,6,6,2026-09-04T01:52:00Z,2026-09-04T01:55:00Z,-33,-33,55500,2026-09-04T01:49:00Z,False,False,ORI,False,False,LKSDB-1,T_LKSDB-1
BOALF,2026-09-04,6,6,2026-09-04T01:51:00Z,2026-09-04T01:52:00Z,0,-33,55500,2026-09-04T01:49:00Z,False,False,ORI,False,False,LKSDB-1,T_LKSDB-1
BOALF,2026-09-04,4,4,2026-09-04T00:55:00Z,2026-09-04T00:56:00Z,-6,-5,55499,2026-09-04T00:45:00Z,False,False,ORI,False,False,LKSDB-1,T_LKSDB-1
BOALF,2026-09-04,4,4,2026-09-04T00:51:00Z,2026-09-04T00:55:00Z,-6,-6,55499,2026-09-04T00:45:00Z,False,False,ORI,False,False,LKSDB-1,T_LKSDB-1
BOALF,2026-09-04,4,4,2026-09-04T00:50:00Z,2026-09-04T00:51:00Z,-5,-6,55499,2026-09-04T00:45:00Z,False,False,ORI,False,False,LKSDB-1,T_LKSDB-1
BOALF,2026-09-04,1,2,2026-09-03T23:29:00Z,2026-09-03T23:30:00Z,-3,0,55497,2026-09-03T23:13:00Z,False,False,ORI,False,False,LKSDB-1,T_LKSDB-1
BOALF,2026-09-04,1,1,2026-09-03T23:27:00Z,2026-09-03T23:29:00Z,-3,-3,55497,2026-09-03T23:13:00Z,False,False,ORI,False,False,LKSDB-1,T_LKSDB-1
BOALF,2026-09-04,1,2,2026-09-03T23:26:00Z,2026-09-03T23:30:00Z,0,0,55498,2026-09-03T23:20:00Z,False,False,ORI,False,False,LKSDB-1,T_LKSDB-1
BOALF,2026-09-04,1,1,2026-09-03T23:26:00Z,2026-09-03T23:27:00Z,-1,-5,55494,2026-09-03T23:07:00Z,False,False,ORI,False,False,LKSDB-1,T_LKSDB-1
BOALF,2026-09-04,1,1,2026-09-03T23:26:00Z,2026-09-03T23:27:00Z,0,-5,55496,2026-09-03T23:12:00Z,False,False,ORI,False,False,LKSDB-1,T_LKSDB-1
BOALF,2026-09-04,1,1,2026-09-03T23:26:00Z,2026-09-03T23:27:00Z,0,-3,55497,2026-09-03T23:13:00Z,False,False,ORI,False,False,LKSDB-1,T_LKSDB-1
BOALF,2026-09-04,1,1,2026-09-03T23:23:00Z,2026-09-03T23:26:00Z,-1,-1,55494,2026-09-03T23:07:00Z,False,False,ORI,False,False,LKSDB-1,T_LKSDB-1
BOALF,2026-09-04,1,1,2026-09-03T23:23:00Z,2026-09-03T23:26:00Z,0,0,55496,2026-09-03T23:12:00Z,False,False,ORI,False,False,LKSDB-1,T_LKSDB-1
BOALF,2026-09-04,1,1,2026-09-03T23:23:00Z,2026-09-03T23:24:00Z,0,-1,55495,2026-09-03T23:10:00Z,False,False,ORI,False,False,LKSDB-1,T_LKSDB-1
BOALF,2026-09-04,1,1,2026-09-03T23:22:00Z,2026-09-03T23:23:00Z,0,-5,55492,2026-09-03T22:49:00Z,False,False,ORI,False,False,LKSDB-1,T_LKSDB-1
BOALF,2026-09-04,1,1,2026-09-03T23:22:00Z,2026-09-03T23:23:00Z,0,-1,55494,2026-09-03T23:07:00Z,False,False,ORI,False,False,LKSDB-1,T_LKSDB-1
BOALF,2026-09-04,1,1,2026-09-03T23:22:00Z,2026-09-03T23:23:00Z,0,0,55495,2026-09-03T23:10:00Z,False,False,ORI,False,False,LKSDB-1,T_LKSDB-1
BOALF,2026-09-04,1,1,2026-09-03T23:12:00Z,2026-09-03T23:22:00Z,0,0,55492,2026-09-03T22:49:00Z,False,False,ORI,False,False,LKSDB-1,T_LKSDB-1
BOALF,2026-09-04,1,1,2026-09-03T23:11:00Z,2026-09-03T23:12:00Z,-5,0,55492,2026-09-03T22:49:00Z,False,False,ORI,False,False,LKSDB-1,T_LKSDB-1
BOALF,2026-09-04,1,1,2026-09-03T23:00:00Z,2026-09-03T23:12:00Z,0,0,55493,2026-09-03T22:52:00Z,False,False,ORI,False,False,LKSDB-1,T_LKSDB-1
BOALF,2026-09-03,48,48,2026-09-03T22:40:00Z,2026-09-03T22:41:00Z,0,-1,55491,2026-09-03T22:23:00Z,False,False,ORI,False,False,LKSDB-1,T_LKSDB-1
BOALF,2026-09-03,48,48,2026-09-03T22:38:00Z,2026-09-03T22:40:00Z,0,0,55491,2026-09-03T22:23:00Z,False,False,ORI,False,False,LKSDB-1,T_LKSDB-1
BOALF,2026-09-03,48,48,2026-09-03T22:38:00Z,2026-09-03T22:39:00Z,0,-1,55490,2026-09-03T22:14:00Z,False,False,ORI,False,False,LKSDB-1,T_LKSDB-1
BOALF,2026-09-03,48,48,2026-09-03T22:37:00Z,2026-09-03T22:38:00Z,0,-1,55489,2026-09-03T22:10:00Z,False,False,ORI,False,False,LKSDB-1,T_LKSDB-1
BOALF,2026-09-03,48,48,2026-09-03T22:37:00Z,2026-09-03T22:38:00Z,0,0,55490,2026-09-03T22:14:00Z,False,False,ORI,False,False,LKSDB-1,T_LKSDB-1
BOALF,2026-09-03,48,48,2026-09-03T22:30:00Z,2026-09-03T22:37:00Z,0,0,55489,2026-09-03T22:10:00Z,False,False,ORI,False,False,LKSDB-1,T_LKSDB-1
BOALF,2026-09-03,47,48,2026-09-03T22:25:00Z,2026-09-03T22:30:00Z,0,0,55488,2026-09-03T22:07:00Z,False,False,ORI,False,False,LKSDB-1,T_LKSDB-1
BOALF,2026-09-03,47,47,2026-09-03T22:25:00Z,2026-09-03T22:26:00Z,0,-3,55487,2026-09-03T22:04:00Z,False,False,ORI,False,False,LKSDB-1,T_LKSDB-1
BOALF,2026-09-03,47,47,2026-09-03T22:07:00Z,2026-09-03T22:25:00Z,0,0,55487,2026-09-03T22:04:00Z,False,False,ORI,False,False,LKSDB-1,T_LKSDB-1
BOALF,2026-09-03,47,47,2026-09-03T22:06:00Z,2026-09-03T22:07:00Z,-3,0,55487,2026-09-03T22:04:00Z,False,False,ORI,False,False,LKSDB-1,T_LKSDB-1
BOALF,2026-09-03,46,47,2026-09-03T21:59:00Z,2026-09-03T22:00:00Z,0,0,55486,2026-09-03T21:36:00Z,False,False,ORI,False,False,LKSDB-1,T_LKSDB-1
BOALF,2026-09-03,46,46,2026-09-03T21:58:00Z,2026-09-03T21:59:00Z,-45,0,55486,2026-09-03T21:36:00Z,False,False,ORI,False,False,LKSDB-1,T_LKSDB-1
BOALF,2026-09-03,42,42,2026-09-03T19:38:00Z,2026-09-03T19:39:00Z,3,0,55485,2026-09-03T19:19:00Z,False,False,ORI,False,False,LKSDB-1,T_LKSDB-1
BOALF,2026-09-03,42,42,2026-09-03T19:32:00Z,2026-09-03T19:38:00Z,3,3,55485,2026-09-03T19:19:00Z,False,False,ORI,False,False,LKSDB-1,T_LKSDB-1
BOALF,2026-09-03,42,42,2026-09-03T19:32:00Z,2026-09-03T19:33:00Z,3,0,55484,2026-09-03T19:06:00Z,False,False,ORI,False,False,LKSDB-1,T_LKSDB-1
BOALF,2026-09-03,41,42,2026-09-03T19:25:00Z,2026-09-03T19:32:00Z,3,3,55484,2026-09-03T19:06:00Z,False,False,ORI,False,False,LKSDB-1,T_LKSDB-1
BOALF,2026-09-03,41,41,2026-09-03T19:25:00Z,2026-09-03T19:26:00Z,3,0,55483,2026-09-03T19:04:00Z,False,False,ORI,False,False,LKSDB-1,T_LKSDB-1
BOALF,2026-09-03,41,41,2026-09-03T19:23:00Z,2026-09-03T19:25:00Z,3,3,55483,2026-09-03T19:04:00Z,False,False,ORI,False,False,LKSDB-1,T_LKSDB-1
BOALF,2026-09-03,41,41,2026-09-03T19:23:00Z,2026-09-03T19:24:00Z,3,0,55482,2026-09-03T19:01:00Z,False,False,ORI,False,False,LKSDB-1,T_LKSDB-1
BOALF,2026-09-03,41,41,2026-09-03T19:04:00Z,2026-09-03T19:23:00Z,3,3,55482,2026-09-03T19:01:00Z,False,False,ORI,False,False,LKSDB-1,T_LKSDB-1
BOALF,2026-09-03,41,41,2026-09-03T19:03:00Z,2026-09-03T19:04:00Z,0,3,55482,2026-09-03T19:01:00Z,False,False,ORI,False,False,LKSDB-1,T_LKSDB-1
BOALF,2026-09-03,40,40,2026-09-03T18:43:00Z,2026-09-03T18:44:00Z,88,0,55481,2026-09-03T18:21:00Z,False,False,ORI,False,False,LKSDB-1,T_LKSDB-1
BOALF,2026-09-03,40,40,2026-09-03T18:32:00Z,2026-09-03T18:43:00Z,88,88,55481,2026-09-03T18:21:00Z,False,False,ORI,False,False,LKSDB-1,T_LKSDB-1
BOALF,2026-09-03,40,40,2026-09-03T18:32:00Z,2026-09-03T18:33:00Z,88,61,55480,2026-09-03T18:18:00Z,False,False,ORI,False,False,LKSDB-1,T_LKSDB-1
BOALF,2026-09-03,39,40,2026-09-03T18:28:00Z,2026-09-03T18:32:00Z,88,88,55480,2026-09-03T18:18:00Z,False,False,ORI,False,False,LKSDB-1,T_LKSDB-1
BOALF,2026-09-03,39,39,2026-09-03T18:27:00Z,2026-09-03T18:28:00Z,99,82,55479,2026-09-03T18:17:00Z,False,False,ORI,False,False,LKSDB-1,T_LKSDB-1
BOALF,2026-09-03,39,39,2026-09-03T18:27:00Z,2026-09-03T18:28:00Z,99,88,55480,2026-09-03T18:18:00Z,False,False,ORI,False,False,LKSDB-1,T_LKSDB-1
BOALF,2026-09-03,39,39,2026-09-03T18:26:00Z,2026-09-03T18:27:00Z,99,82,55478,2026-09-03T18:10:00Z,False,False,ORI,False,False,LKSDB-1,T_LKSDB-1
BOALF,2026-09-03,39,39,2026-09-03T18:26:00Z,2026-09-03T18:27:00Z,99,99,55479,2026-09-03T18:17:00Z,False,False,ORI,False,False,LKSDB-1,T_LKSDB-1
BOALF,2026-09-03,39,39,2026-09-03T18:15:00Z,2026-09-03T18:26:00Z,99,99,55478,2026-09-03T18:10:00Z,False,False,ORI,False,False,LKSDB-1,T_LKSDB-1
BOALF,2026-09-03,39,39,2026-09-03T18:15:00Z,2026-09-03T18:16:00Z,99,82,55477,2026-09-03T18:03:00Z,False,False,ORI,False,False,LKSDB-1,T_LKSDB-1
BOALF,2026-09-03,39,39,2026-09-03T18:05:00Z,2026-09-03T18:15:00Z,99,99,55477,2026-09-03T18:03:00Z,False,False,ORI,False,False,LKSDB-1,T_LKSDB-1
BOALF,2026-09-03,39,39,2026-09-03T18:04:00Z,2026-09-03T18:05:00Z,82,99,55477,2026-09-03T18:03:00Z,False,False,ORI,False,False,LKSDB-1,T_LKSDB-1
BOALF,2026-09-03,39,39,2026-09-03T18:00:00Z,2026-09-03T18:01:00Z,43,82,55475,2026-09-03T17:46:00Z,False,False,ORI,False,False,LKSDB-1,T_LKSDB-1
BOALF,2026-09-03,38,39,2026-09-03T17:59:00Z,2026-09-03T18:00:00Z,99,43,55476,2026-09-03T17:52:00Z,False,False,ORI,False,False,LKSDB-1,T_LKSDB-1
BOALF,2026-09-03,38,39,2026-09-03T17:58:00Z,2026-09-03T18:00:00Z,43,43,55475,2026-09-03T17:46:00Z,False,False,ORI,False,False,LKSDB-1,T_LKSDB-1
BOALF,2026-09-03,38,38,2026-09-03T17:57:00Z,2026-09-03T17:59:00Z,99,99,55476,2026-09-03T17:52:00Z,False,False,ORI,False,False,LKSDB-1,T_LKSDB-1
BOALF,2026-09-03,38,38,2026-09-03T17:57:00Z,2026-09-03T17:58:00Z,99,25,55474,2026-09-03T17:45:00Z,False,False,ORI,False,False,LKSDB-1,T_LKSDB-1
BOALF,2026-09-03,38,38,2026-09-03T17:57:00Z,2026-09-03T17:58:00Z,99,43,55475,2026-09-03T17:46:00Z,False,False,ORI,False,False,LKSDB-1,T_LKSDB-1
BOALF,2026-09-03,38,38,2026-09-03T17:53:00Z,2026-09-03T17:57:00Z,99,99,55474,2026-09-03T17:45:00Z,False,False,ORI,False,False,LKSDB-1,T_LKSDB-1
BOALF,2026-09-03,38,38,2026-09-03T17:53:00Z,2026-09-03T17:54:00Z,99,25,55473,2026-09-03T17:41:00Z,False,False,ORI,False,False,LKSDB-1,T_LKSDB-1
BOALF,2026-09-03,38,38,2026-09-03T17:49:00Z,2026-09-03T17:53:00Z,99,99,55473,2026-09-03T17:41:00Z,False,False,ORI,False,False,LKSDB-1,T_LKSDB-1
BOALF,2026-09-03,38,38,2026-09-03T17:49:00Z,2026-09-03T17:50:00Z,99,25,55472,2026-09-03T17:29:00Z,False,False,ORI,False,False,LKSDB-1,T_LKSDB-1
BOALF,2026-09-03,38,38,2026-09-03T17:46:00Z,2026-09-03T17:49:00Z,99,99,55472,2026-09-03T17:29:00Z,False,False,ORI,False,False,LKSDB-1,T_LKSDB-1
BOALF,2026-09-03,38,38,2026-09-03T17:45:00Z,2026-09-03T17:46:00Z,42,25,55471,2026-09-03T17:28:00Z,False,False,ORI,False,False,LKSDB-1,T_LKSDB-1
BOALF,2026-09-03,38,38,2026-09-03T17:45:00Z,2026-09-03T17:46:00Z,42,99,55472,2026-09-03T17:29:00Z,False,False,ORI,False,False,LKSDB-1,T_LKSDB-1
BOALF,2026-09-03,38,38,2026-09-03T17:42:00Z,2026-09-03T17:45:00Z,42,42,55471,2026-09-03T17:28:00Z,False,False,ORI,False,False,LKSDB-1,T_LKSDB-1
BOALF,2026-09-03,38,38,2026-09-03T17:41:00Z,2026-09-03T17:42:00Z,99,25,55470,2026-09-03T17:27:00Z,False,False,ORI,False,False,LKSDB-1,T_LKSDB-1
BOALF,2026-09-03,38,38,2026-09-03T17:41:00Z,2026-09-03T17:42:00Z,99,42,55471,2026-09-03T17:28:00Z,False,False,ORI,False,False,LKSDB-1,T_LKSDB-1
BOALF,2026-09-03,38,38,2026-09-03T17:34:00Z,2026-09-03T17:41:00Z,99,99,55470,2026-09-03T17:27:00Z,False,False,ORI,False,False,LKSDB-1,T_LKSDB-1
BOALF,2026-09-03,38,38,2026-09-03T17:34:00Z,2026-09-03T17:35:00Z,99,25,55469,2026-09-03T17:26:00Z,False,False,ORI,False,False,LKSDB-1,T_LKSDB-1
BOALF,2026-09-03,37,38,2026-09-03T17:29:00Z,2026-09-03T17:34:00Z,99,99,55469,2026-09-03T17:26:00Z,False,False,ORI,False,False,LKSDB-1,T_LKSDB-1
BOALF,2026-09-03,37,37,2026-09-03T17:28:00Z,2026-09-03T17:29:00Z,25,99,55469,2026-09-03T17:26:00Z,False,False,ORI,False,False,LKSDB-1,T_LKSDB-1
BOALF,2026-09-03,37,37,2026-09-03T17:25:00Z,2026-09-03T17:26:00Z,99,25,55468,2026-09-03T17:18:00Z,False,False,ORI,False,False,LKSDB-1,T_LKSDB-1
BOALF,2026-09-03,37,37,2026-09-03T17:20:00Z,2026-09-03T17:25:00Z,99,99,55468,2026-09-03T17:18:00Z,False,False,ORI,False,False,LKSDB-1,T_LKSDB-1
BOALF,2026-09-03,37,37,2026-09-03T17:19:00Z,2026-09-03T17:20:00Z,25,99,55468,2026-09-03T17:18:00Z,False,False,ORI,False,False,LKSDB-1,T_LKSDB-1
BOALF,2026-09-03,35,35,2026-09-03T16:21:00Z,2026-09-03T16:22:00Z,35,0,55467,2026-09-03T16:05:00Z,False,False,ORI,False,False,LKSDB-1,T_LKSDB-1
BOALF,2026-09-03,35,35,2026-09-03T16:19:00Z,2026-09-03T16:21:00Z,35,35,55467,2026-09-03T16:05:00Z,False,False,ORI,False,False,LKSDB-1,T_LKSDB-1
BOALF,2026-09-03,35,35,2026-09-03T16:18:00Z,2026-09-03T16:19:00Z,58,0,55466,2026-09-03T16:04:00Z,False,False,ORI,False,False,LKSDB-1,T_LKSDB-1
BOALF,2026-09-03,35,35,2026-09-03T16:18:00Z,2026-09-03T16:19:00Z,58,35,55467,2026-09-03T16:05:00Z,False,False,ORI,False,False,LKSDB-1,T_LKSDB-1
BOALF,2026-09-03,35,35,2026-09-03T16:16:00Z,2026-09-03T16:18:00Z,58,58,55466,2026-09-03T16:04:00Z,False,False,ORI,False,False,LKSDB-1,T_LKSDB-1
BOALF,2026-09-03,35,35,2026-09-03T16:15:00Z,2026-09-03T16:16:00Z,74,0,55465,2026-09-03T16:03:00Z,False,False,ORI,False,False,LKSDB-1,T_LKSDB-1
BOALF,2026-09-03,35,35,2026-09-03T16:15:00Z,2026-09-03T16:16:00Z,74,58,55466,2026-09-03T16:04:00Z,False,False,ORI,False,False,LKSDB-1,T_LKSDB-1
BOALF,2026-09-03,35,35,2026-09-03T16:07:00Z,2026-09-03T16:15:00Z,74,74,55465,2026-09-03T16:03:00Z,False,False,ORI,False,False,LKSDB-1,T_LKSDB-1
BOALF,2026-09-03,35,35,2026-09-03T16:06:00Z,2026-09-03T16:07:00Z,0,74,55465,2026-09-03T16:03:00Z,False,False,ORI,False,False,LKSDB-1,T_LKSDB-1
BOALF,2026-09-03,35,35,2026-09-03T16:03:00Z,2026-09-03T16:04:00Z,74,0,55464,2026-09-03T15:59:00Z,False,False,ORI,False,False,LKSDB-1,T_LKSDB-1
BOALF,2026-09-03,35,35,2026-09-03T16:01:00Z,2026-09-03T16:03:00Z,74,74,55464,2026-09-03T15:59:00Z,False,False,ORI,False,False,LKSDB-1,T_LKSDB-1
BOALF,2026-09-03,35,35,2026-09-03T16:00:00Z,2026-09-03T16:01:00Z,0,74,55464,2026-09-03T15:59:00Z,False,False,ORI,False,False,LKSDB-1,T_LKSDB-1
BOALF,2026-09-03,31,32,2026-09-03T14:28:00Z,2026-09-03T14:30:00Z,0,0,55463,2026-09-03T14:24:00Z,False,False,ORI,False,False,LKSDB-1,T_LKSDB-1
BOALF,2026-09-03,31,31,2026-09-03T14:27:00Z,2026-09-03T14:28:00Z,-46,0,55463,2026-09-03T14:24:00Z,False,False,ORI,False,False,LKSDB-1,T_LKSDB-1
BOALF,2026-09-03,30,31,2026-09-03T13:58:00Z,2026-09-03T14:00:00Z,0,0,55462,2026-09-03T13:49:00Z,False,False,ORI,False,False,LKSDB-1,T_LKSDB-1
BOALF,2026-09-03,30,30,2026-09-03T13:57:00Z,2026-09-03T13:58:00Z,-16,-99,55461,2026-09-03T13:48:00Z,False,False,ORI,False,False,LKSDB-1,T_LKSDB-1
BOALF,2026-09-03,30,30,2026-09-03T13:57:00Z,2026-09-03T13:58:00Z,-16,0,55462,2026-09-03T13:49:00Z,False,False,ORI,False,False,LKSDB-1,T_LKSDB-1
BOALF,2026-09-03,30,30,2026-09-03T13:54:00Z,2026-09-03T13:57:00Z,-16,-16,55461,2026-09-03T13:48:00Z,False,False,ORI,False,False,LKSDB-1,T_LKSDB-1
BOALF,2026-09-03,30,30,2026-09-03T13:53:00Z,2026-09-03T13:54:00Z,0,-99,55460,2026-09-03T13:30:00Z,False,False,ORI,False,False,LKSDB-1,T_LKSDB-1
BOALF,2026-09-03,30,30,2026-09-03T13:53:00Z,2026-09-03T13:54:00Z,0,-16,55461,2026-09-03T13:48:00Z,False,False,ORI,False,False,LKSDB-1,T_LKSDB-1
BOALF,2026-09-03,30,30,2026-09-03T13:38:00Z,2026-09-03T13:53:00Z,0,0,55460,2026-09-03T13:30:00Z,False,False,ORI,False,False,LKSDB-1,T_LKSDB-1
BOALF,2026-09-03,30,30,2026-09-03T13:38:00Z,2026-09-03T13:39:00Z,0,-99,55459,2026-09-03T13:17:00Z,False,False,ORI,False,False,LKSDB-1,T_LKSDB-1
BOALF,2026-09-03,30,30,2026-09-03T13:33:00Z,2026-09-03T13:38:00Z,0,0,55459,2026-09-03T13:17:00Z,False,False,ORI,False,False,LKSDB-1,T_LKSDB-1
BOALF,2026-09-03,30,30,2026-09-03T13:33:00Z,2026-09-03T13:34:00Z,0,-99,55458,2026-09-03T13:16:00Z,False,False,ORI,False,False,LKSDB-1,T_LKSDB-1
BOALF,2026-09-03,30,30,2026-09-03T13:32:00Z,2026-09-03T13:33:00Z,13,0,55458,2026-09-03T13:16:00Z,False,False,ORI,False,False,LKSDB-1,T_LKSDB-1
BOALF,2026-09-03,30,30,2026-09-03T13:30:00Z,2026-09-03T13:32:00Z,13,13,55458,2026-09-03T13:16:00Z,False,False,ORI,False,False,LKSDB-1,T_LKSDB-1
BOALF,2026-09-03,29,30,2026-09-03T13:29:00Z,2026-09-03T13:30:00Z,99,0,55457,2026-09-03T13:15:00Z,False,False,ORI,False,False,LKSDB-1,T_LKSDB-1
BOALF,2026-09-03,29,30,2026-09-03T13:29:00Z,2026-09-03T13:30:00Z,99,13,55458,2026-09-03T13:16:00Z,False,False,ORI,False,False,LKSDB-1,T_LKSDB-1
BOALF,2026-09-03,29,29,2026-09-03T13:18:00Z,2026-09-03T13:29:00Z,99,99,55457,2026-09-03T13:15:00Z,False,False,ORI,False,False,LKSDB-1,T_LKSDB-1
BOALF,2026-09-03,29,29,2026-09-03T13:18:00Z,2026-09-03T13:19:00Z,99,0,55456,2026-09-03T13:04:00Z,False,False,ORI,False,False,LKSDB-1,T_LKSDB-1
BOALF,2026-09-03,29,29,2026-09-03T13:16:00Z,2026-09-03T13:18:00Z,99,99,55456,2026-09-03T13:04:00Z,False,False,ORI,False,False,LKSDB-1,T_LKSDB-1
BOALF,2026-09-03,29,29,2026-09-03T13:15:00Z,2026-09-03T13:16:00Z,85,0,55455,2026-09-03T13:03:00Z,False,False,ORI,False,False,LKSDB-1,T_LKSDB-1
BOALF,2026-09-03,29,29,2026-09-03T13:15:00Z,2026-09-03T13:16:00Z,85,99,55456,2026-09-03T13:04:00Z,False,False,ORI,False,False,LKSDB-1,T_LKSDB-1
BOALF,2026-09-03,29,29,2026-09-03T13:13:00Z,2026-09-03T13:15:00Z,85,85,55455,2026-09-03T13:03:00Z,False,False,ORI,False,False,LKSDB-1,T_LKSDB-1
BOALF,2026-09-03,29,29,2026-09-03T13:12:00Z,2026-09-03T13:13:00Z,52,0,55454,2026-09-03T13:02:00Z,False,False,ORI,False,False,LKSDB-1,T_LKSDB-1
BOALF,2026-09-03,29,29,2026-09-03T13:12:00Z,2026-09-03T13:13:00Z,52,85,55455,2026-09-03T13:03:00Z,False,False,ORI,False,False,LKSDB-1,T_LKSDB-1
BOALF,2026-09-03,29,29,2026-09-03T13:10:00Z,2026-09-03T13:12:00Z,52,52,55454,2026-09-03T13:02:00Z,False,False,ORI,False,False,LKSDB-1,T_LKSDB-1
BOALF,2026-09-03,29,29,2026-09-03T13:09:00Z,2026-09-03T13:10:00Z,8,0,55453,2026-09-03T13:01:00Z,False,False,ORI,False,False,LKSDB-1,T_LKSDB-1
BOALF,2026-09-03,29,29,2026-09-03T13:09:00Z,2026-09-03T13:10:00Z,8,52,55454,2026-09-03T13:02:00Z,False,False,ORI,False,False,LKSDB-1,T_LKSDB-1
BOALF,2026-09-03,29,29,2026-09-03T13:07:00Z,2026-09-03T13:09:00Z,8,8,55453,2026-09-03T13:01:00Z,False,False,ORI,False,False,LKSDB-1,T_LKSDB-1
BOALF,2026-09-03,29,29,2026-09-03T13:06:00Z,2026-09-03T13:07:00Z,0,8,55453,2026-09-03T13:01:00Z,False,False,ORI,False,False,LKSDB-1,T_LKSDB-1
BOALF,2026-09-03,29,29,2026-09-03T13:02:00Z,2026-09-03T13:03:00Z,-10,0,55452,2026-09-03T12:56:00Z,False,False,ORI,False,False,LKSDB-1,T_LKSDB-1
BOALF,2026-09-03,29,29,2026-09-03T13:00:00Z,2026-09-03T13:02:00Z,-10,-10,55452,2026-09-03T12:56:00Z,False,False,ORI,False,False,LKSDB-1,T_LKSDB-1
BOALF,2026-09-03,28,29,2026-09-03T12:59:00Z,2026-09-03T13:00:00Z,-84,-10,55452,2026-09-03T12:56:00Z,False,False,ORI,False,False,LKSDB-1,T_LKSDB-1
BOALF,2026-09-03,28,28,2026-09-03T12:48:00Z,2026-09-03T12:49:00Z,7,0,55450,2026-09-03T12:33:00Z,False,False,ORI,False,False,LKSDB-1,T_LKSDB-1
BOALF,2026-09-03,28,28,2026-09-03T12:45:00Z,2026-09-03T12:48:00Z,7,7,55450,2026-09-03T12:33:00Z,False,False,ORI,False,False,LKSDB-1,T_LKSDB-1
BOALF,2026-09-03,28,28,2026-09-03T12:44:00Z,2026-09-03T12:45:00Z,0,-84,55449,2026-09-03T12:32:00Z,False,False,ORI,False,False,LKSDB-1,T_LKSDB-1
BOALF,2026-09-03,28,28,2026-09-03T12:44:00Z,2026-09-03T12:45:00Z,0,7,55450,2026-09-03T12:33:00Z,False,False,ORI,False,False,LKSDB-1,T_LKSDB-1
BOALF,2026-09-03,28,28,2026-09-03T12:44:00Z,2026-09-03T12:45:00Z,7,7,55451,2026-09-03T12:37:00Z,False,False,ORI,False,False,LKSDB-1,T_LKSDB-1
BOALF,2026-09-03,28,28,2026-09-03T12:43:00Z,2026-09-03T12:44:00Z,0,7,55451,2026-09-03T12:37:00Z,False,False,ORI,False,False,LKSDB-1,T_LKSDB-1
BOALF,2026-09-03,28,28,2026-09-03T12:42:00Z,2026-09-03T12:44:00Z,0,0,55449,2026-09-03T12:32:00Z,False,False,ORI,False,False,LKSDB-1,T_LKSDB-1
BOALF,2026-09-03,28,28,2026-09-03T12:42:00Z,2026-09-03T12:43:00Z,0,-84,55448,2026-09-03T12:27:00Z,False,False,ORI,False,False,LKSDB-1,T_LKSDB-1
BOALF,2026-09-03,28,28,2026-09-03T12:35:00Z,2026-09-03T12:42:00Z,0,0,55448,2026-09-03T12:27:00Z,False,False,ORI,False,False,LKSDB-1,T_LKSDB-1
BOALF,2026-09-03,28,28,2026-09-03T12:34:00Z,2026-09-03T12:35:00Z,6,0,55446,2026-09-03T12:20:00Z,False,False,ORI,False,False,LKSDB-1,T_LKSDB-1
BOALF,2026-09-03,28,28,2026-09-03T12:34:00Z,2026-09-03T12:35:00Z,7,0,55447,2026-09-03T12:26:00Z,False,False,ORI,False,False,LKSDB-1,T_LKSDB-1
BOALF,2026-09-03,28,28,2026-09-03T12:34:00Z,2026-09-03T12:35:00Z,7,0,55448,2026-09-03T12:27:00Z,False,False,ORI,False,False,LKSDB-1,T_LKSDB-1
BOALF,2026-09-03,28,28,2026-09-03T12:32:00Z,2026-09-03T12:34:00Z,7,7,55447,2026-09-03T12:26:00Z,False,False,ORI,False,False,LKSDB-1,T_LKSDB-1
BOALF,2026-09-03,28,28,2026-09-03T12:31:00Z,2026-09-03T12:34:00Z,6,6,55446,2026-09-03T12:20:00Z,False,False,ORI,False,False,LKSDB-1,T_LKSDB-1
BOALF,2026-09-03,28,28,2026-09-03T12:31:00Z,2026-09-03T12:32:00Z,6,7,55447,2026-09-03T12:26:00Z,False,False,ORI,False,False,LKSDB-1,T_LKSDB-1
BOALF,2026-09-03,28,28,2026-09-03T12:30:00Z,2026-09-03T12:31:00Z,-9,-84,55445,2026-09-03T12:19:00Z,False,False,ORI,False,False,LKSDB-1,T_LKSDB-1
BOALF,2026-09-03,28,28,2026-09-03T12:30:00Z,2026-09-03T12:31:00Z,-9,0,55446,2026-09-03T12:20:00Z,False,False,ORI,False,False,LKSDB-1,T_LKSDB-1
BOALF,2026-09-03,27,28,2026-09-03T12:28:00Z,2026-09-03T12:30:00Z,-9,-9,55445,2026-09-03T12:19:00Z,False,False,ORI,False,False,LKSDB-1,T_LKSDB-1
BOALF,2026-09-03,27,27,2026-09-03T12:27:00Z,2026-09-03T12:28:00Z,0,-99,55444,2026-09-03T12:18:00Z,False,False,ORI,False,False,LKSDB-1,T_LKSDB-1
BOALF,2026-09-03,27,27,2026-09-03T12:27:00Z,2026-09-03T12:28:00Z,0,-9,55445,2026-09-03T12:19:00Z,False,False,ORI,False,False,LKSDB-1,T_LKSDB-1
BOALF,2026-09-03,27,27,2026-09-03T12:26:00Z,2026-09-03T12:27:00Z,0,-99,55443,2026-09-03T12:10:00Z,False,False,ORI,False,False,LKSDB-1,T_LKSDB-1
BOALF,2026-09-03,27,27,2026-09-03T12:26:00Z,2026-09-03T12:27:00Z,0,0,55444,2026-09-03T12:18:00Z,False,False,ORI,False,False,LKSDB-1,T_LKSDB-1
BOALF,2026-09-03,27,27,2026-09-03T12:16:00Z,2026-09-03T12:26:00Z,0,0,55443,2026-09-03T12:10:00Z,False,False,ORI,False,False,LKSDB-1,T_LKSDB-1
BOALF,2026-09-03,27,27,2026-09-03T12:16:00Z,2026-09-03T12:17:00Z,0,-99,55442,2026-09-03T12:01:00Z,False,False,ORI,False,False,LKSDB-1,T_LKSDB-1
BOALF,2026-09-03,27,27,2026-09-03T12:09:00Z,2026-09-03T12:16:00Z,0,0,55442,2026-09-03T12:01:00Z,False,False,ORI,False,False,LKSDB-1,T_LKSDB-1
BOALF,2026-09-03,27,27,2026-09-03T12:09:00Z,2026-09-03T12:10:00Z,0,-99,55441,2026-09-03T11:52:00Z,False,False,ORI,False,False,LKSDB-1,T_LKSDB-1
BOALF,2026-09-03,27,27,2026-09-03T12:04:00Z,2026-09-03T12:09:00Z,0,0,55441,2026-09-03T11:52:00Z,False,False,ORI,False,False,LKSDB-1,T_LKSDB-1
BOALF,2026-09-03,27,27,2026-09-03T12:03:00Z,2026-09-03T12:04:00Z,-99,0,55441,2026-09-03T11:52:00Z,False,False,ORI,False,False,LKSDB-1,T_LKSDB-1
BOALF,2026-09-03,13,13,2026-09-03T05:27:00Z,2026-09-03T05:28:00Z,75,15,55440,2026-09-03T05:10:00Z,False,False,ORI,False,False,LKSDB-1,T_LKSDB-1
BOALF,2026-09-03,13,13,2026-09-03T05:17:00Z,2026-09-03T05:27:00Z,75,75,55440,2026-09-03T05:10:00Z,False,False,ORI,False,False,LKSDB-1,T_LKSDB-1
BOALF,2026-09-03,13,13,2026-09-03T05:17:00Z,2026-09-03T05:18:00Z,75,15,55439,2026-09-03T05:08:00Z,False,False,ORI,False,False,LKSDB-1,T_LKSDB-1
BOALF,2026-09-03,13,13,2026-09-03T05:12:00Z,2026-09-03T05:17:00Z,75,75,55439,2026-09-03T05:08:00Z,False,False,ORI,False,False,LKSDB-1,T_LKSDB-1
BOALF,2026-09-03,13,13,2026-09-03T05:11:00Z,2026-09-03T05:12:00Z,15,75,55439,2026-09-03T05:08:00Z,False,False,ORI,False,False,LKSDB-1,T_LKSDB-1
BOALF,2026-09-03,13,13,2026-09-03T05:10:00Z,2026-09-03T05:11:00Z,-74,0,55438,2026-09-03T04:57:00Z,False,False,ORI,False,False,LKSDB-1,T_LKSDB-1
BOALF,2026-09-03,13,13,2026-09-03T05:00:00Z,2026-09-03T05:10:00Z,-74,-74,55438,2026-09-03T04:57:00Z,False,False,ORI,False,False,LKSDB-1,T_LKSDB-1
BOALF,2026-09-03,12,13,2026-09-03T04:59:00Z,2026-09-03T05:00:00Z,0,-74,55438,2026-09-03T04:57:00Z,False,False,ORI,False,False,LKSDB-1,T_LKSDB-1
BOALF,2026-09-03,11,12,2026-09-03T04:29:00Z,2026-09-03T04:30:00Z,75,0,55437,2026-09-03T04:08:00Z,False,False,ORI,False,False,LKSDB-1,T_LKSDB-1
BOALF,2026-09-03,11,11,2026-09-03T04:24:00Z,2026-09-03T04:29:00Z,75,75,55437,2026-09-03T04:08:00Z,False,False,ORI,False,False,LKSDB-1,T_LKSDB-1
BOALF,2026-09-03,11,11,2026-09-03T04:24:00Z,2026-09-03T04:25:00Z,75,0,55436,2026-09-03T04:04:00Z,False,False,ORI,False,False,LKSDB-1,T_LKSDB-1
BOALF,2026-09-03,11,11,2026-09-03T04:09:00Z,2026-09-03T04:24:00Z,75,75,55436,2026-09-03T04:04:00Z,False,False,ORI,False,False,LKSDB-1,T_LKSDB-1
BOALF,2026-09-03,11,11,2026-09-03T04:08:00Z,2026-09-03T04:09:00Z,0,75,55436,2026-09-03T04:04:00Z,False,False,ORI,False,False,LKSDB-1,T_LKSDB-1
BOALF,2026-09-03,9,10,2026-09-03T03:25:00Z,2026-09-03T03:30:00Z,0,0,55435,2026-09-03T03:12:00Z,False,False,ORI,False,False,LKSDB-1,T_LKSDB-1
BOALF,2026-09-03,9,9,2026-09-03T03:25:00Z,2026-09-03T03:26:00Z,0,-43,55434,2026-09-03T03:04:00Z,False,False,ORI,False,False,LKSDB-1,T_LKSDB-1
BOALF,2026-09-03,9,9,2026-09-03T03:22:00Z,2026-09-03T03:25:00Z,0,0,55434,2026-09-03T03:04:00Z,False,False,ORI,False,False,LKSDB-1,T_LKSDB-1
BOALF,2026-09-03,9,9,2026-09-03T03:22:00Z,2026-09-03T03:23:00Z,0,-43,55433,2026-09-03T02:56:00Z,False,False,ORI,False,False,LKSDB-1,T_LKSDB-1
BOALF,2026-09-03,9,9,2026-09-03T03:07:00Z,2026-09-03T03:22:00Z,0,0,55433,2026-09-03T02:56:00Z,False,False,ORI,False,False,LKSDB-1,T_LKSDB-1
BOALF,2026-09-03,9,9,2026-09-03T03:06:00Z,2026-09-03T03:07:00Z,-43,0,55433,2026-09-03T02:56:00Z,False,False,ORI,False,False,LKSDB-1,T_LKSDB-1
BOALF,2026-09-03,8,8,2026-09-03T02:50:00Z,2026-09-03T02:51:00Z,0,-74,55432,2026-09-03T02:18:00Z,False,False,ORI,False,False,LKSDB-1,T_LKSDB-1
BOALF,2026-09-03,8,8,2026-09-03T02:31:00Z,2026-09-03T02:50:00Z,0,0,55432,2026-09-03T02:18:00Z,False,False,ORI,False,False,LKSDB-1,T_LKSDB-1
BOALF,2026-09-03,8,8,2026-09-03T02:30:00Z,2026-09-03T02:31:00Z,-74,0,55432,2026-09-03T02:18:00Z,False,False,ORI,False,False,LKSDB-1,T_LKSDB-1
BOALF,2026-09-03,7,7,2026-09-03T02:22:00Z,2026-09-03T02:23:00Z,-64,-74,55431,2026-09-03T02:07:00Z,False,False,ORI,False,False,LKSDB-1,T_LKSDB-1
BOALF,2026-09-03,7,7,2026-09-03T02:21:00Z,2026-09-03T02:22:00Z,-64,-74,55430,2026-09-03T01:56:00Z,False,False,ORI,False,False,LKSDB-1,T_LKSDB-1
BOALF,2026-09-03,7,7,2026-09-03T02:21:00Z,2026-09-03T02:22:00Z,-64,-64,55431,2026-09-03T02:07:00Z,False,False,ORI,False,False,LKSDB-1,T_LKSDB-1
BOALF,2026-09-03,7,7,2026-09-03T02:19:00Z,2026-09-03T02:21:00Z,-64,-64,55430,2026-09-03T01:56:00Z,False,False,ORI,False,False,LKSDB-1,T_LKSDB-1
BOALF,2026-09-03,7,7,2026-09-03T02:18:00Z,2026-09-03T02:19:00Z,-47,-74,55429,2026-09-03T01:55:00Z,False,False,ORI,False,False,LKSDB-1,T_LKSDB-1
BOALF,2026-09-03,7,7,2026-09-03T02:18:00Z,2026-09-03T02:19:00Z,-47,-64,55430,2026-09-03T01:56:00Z,False,False,ORI,False,False,LKSDB-1,T_LKSDB-1
BOALF,2026-09-03,7,7,2026-09-03T02:16:00Z,2026-09-03T02:18:00Z,-47,-47,55429,2026-09-03T01:55:00Z,False,False,ORI,False,False,LKSDB-1,T_LKSDB-1
BOALF,2026-09-03,7,7,2026-09-03T02:15:00Z,2026-09-03T02:16:00Z,-35,-74,55428,2026-09-03T01:54:00Z,False,False,ORI,False,False,LKSDB-1,T_LKSDB-1
BOALF,2026-09-03,7,7,2026-09-03T02:15:00Z,2026-09-03T02:16:00Z,-35,-47,55429,2026-09-03T01:55:00Z,False,False,ORI,False,False,LKSDB-1,T_LKSDB-1
BOALF,2026-09-03,7,7,2026-09-03T02:13:00Z,2026-09-03T02:15:00Z,-35,-35,55428,2026-09-03T01:54:00Z,False,False,ORI,False,False,LKSDB-1,T_LKSDB-1
BOALF,2026-09-03,7,7,2026-09-03T02:12:00Z,2026-09-03T02:13:00Z,-11,-74,55427,2026-09-03T01:53:00Z,False,False,ORI,False,False,LKSDB-1,T_LKSDB-1
BOALF,2026-09-03,7,7,2026-09-03T02:12:00Z,2026-09-03T02:13:00Z,-11,-35,55428,2026-09-03T01:54:00Z,False,False,ORI,False,False,LKSDB-1,T_LKSDB-1
BOALF,2026-09-03,7,7,2026-09-03T02:10:00Z,2026-09-03T02:12:00Z,-11,-11,55427,2026-09-03T01:53:00Z,False,False,ORI,False,False,LKSDB-1,T_LKSDB-1
BOALF,2026-09-03,7,7,2026-09-03T02:09:00Z,2026-09-03T02:10:00Z,0,-74,55426,2026-09-03T01:52:00Z,False,False,ORI,False,False,LKSDB-1,T_LKSDB-1
BOALF,2026-09-03,7,7,2026-09-03T02:09:00Z,2026-09-03T02:10:00Z,0,-11,55427,2026-09-03T01:53:00Z,False,False,ORI,False,False,LKSDB-1,T_LKSDB-1
BOALF,2026-09-03,7,7,2026-09-03T02:00:00Z,2026-09-03T02:09:00Z,0,0,55426,2026-09-03T01:52:00Z,False,False,ORI,False,False,LKSDB-1,T_LKSDB-1
BOALF,2026-09-03,6,7,2026-09-03T01:59:00Z,2026-09-03T02:00:00Z,8,0,55425,2026-09-03T01:43:00Z,False,False,ORI,False,False,LKSDB-1,T_LKSDB-1
BOALF,2026-09-03,6,6,2026-09-03T01:48:00Z,2026-09-03T01:59:00Z,8,8,55425,2026-09-03T01:43:00Z,False,False,ORI,False,False,LKSDB-1,T_LKSDB-1
BOALF,2026-09-03,6,6,2026-09-03T01:47:00Z,2026-09-03T01:48:00Z,0,8,55425,2026-09-03T01:43:00Z,False,False,ORI,False,False,LKSDB-1,T_LKSDB-1
BOALF,2026-09-03,6,6,2026-09-03T01:35:00Z,2026-09-03T01:36:00Z,8,0,55423,2026-09-03T01:04:00Z,False,False,ORI,False,False,LKSDB-1,T_LKSDB-1
BOALF,2026-09-03,6,6,2026-09-03T01:33:00Z,2026-09-03T01:35:00Z,8,8,55423,2026-09-03T01:04:00Z,False,False,ORI,False,False,LKSDB-1,T_LKSDB-1
BOALF,2026-09-03,6,6,2026-09-03T01:32:00Z,2026-09-03T01:33:00Z,0,8,55423,2026-09-03T01:04:00Z,False,False,ORI,False,False,LKSDB-1,T_LKSDB-1
BOALF,2026-09-03,5,6,2026-09-03T01:17:00Z,2026-09-03T01:30:00Z,0,0,55424,2026-09-03T01:11:00Z,False,False,ORI,False,False,LKSDB-1,T_LKSDB-1
BOALF,2026-09-03,5,5,2026-09-03T01:16:00Z,2026-09-03T01:17:00Z,8,0,55424,2026-09-03T01:11:00Z,False,False,ORI,False,False,LKSDB-1,T_LKSDB-1
BOALF,2026-09-03,3,3,2026-09-03T00:13:00Z,2026-09-03T00:14:00Z,0,8,55421,2026-09-02T23:52:00Z,False,False,ORI,False,False,LKSDB-1,T_LKSDB-1
BOALF,2026-09-03,3,3,2026-09-03T00:10:00Z,2026-09-03T00:13:00Z,0,0,55421,2026-09-02T23:52:00Z,False,False,ORI,False,False,LKSDB-1,T_LKSDB-1
BOALF,2026-09-03,3,3,2026-09-03T00:10:00Z,2026-09-03T00:11:00Z,2,0,55422,2026-09-03T00:03:00Z,False,False,ORI,False,False,LKSDB-1,T_LKSDB-1
BOALF,2026-09-03,3,3,2026-09-03T00:09:00Z,2026-09-03T00:10:00Z,2,8,55420,2026-09-02T23:51:00Z,False,False,ORI,False,False,LKSDB-1,T_LKSDB-1
BOALF,2026-09-03,3,3,2026-09-03T00:09:00Z,2026-09-03T00:10:00Z,2,0,55421,2026-09-02T23:52:00Z,False,False,ORI,False,False,LKSDB-1,T_LKSDB-1
BOALF,2026-09-03,3,3,2026-09-03T00:09:00Z,2026-09-03T00:10:00Z,2,2,55422,2026-09-03T00:03:00Z,False,False,ORI,False,False,LKSDB-1,T_LKSDB-1
BOALF,2026-09-03,3,3,2026-09-03T00:07:00Z,2026-09-03T00:09:00Z,2,2,55420,2026-09-02T23:51:00Z,False,False,ORI,False,False,LKSDB-1,T_LKSDB-1
BOALF,2026-09-03,3,3,2026-09-03T00:06:00Z,2026-09-03T00:07:00Z,8,2,55420,2026-09-02T23:51:00Z,False,False,ORI,False,False,LKSDB-1,T_LKSDB-1
BOALF,2026-09-03,2,2,2026-09-02T23:58:00Z,2026-09-02T23:59:00Z,0,8,55419,2026-09-02T23:45:00Z,False,False,ORI,False,False,LKSDB-1,T_LKSDB-1
BOALF,2026-09-03,2,2,2026-09-02T23:48:00Z,2026-09-02T23:58:00Z,0,0,55419,2026-09-02T23:45:00Z,False,False,ORI,False,False,LKSDB-1,T_LKSDB-1
BOALF,2026-09-03,2,2,2026-09-02T23:47:00Z,2026-09-02T23:48:00Z,8,0,55419,2026-09-02T23:45:00Z,False,False,ORI,False,False,LKSDB-1,T_LKSDB-1
BOALF,2026-09-03,2,2,2026-09-02T23:33:00Z,2026-09-02T23:34:00Z,0,8,55416,2026-09-02T23:06:00Z,False,False,ORI,False,False,LKSDB-1,T_LKSDB-1
BOALF,2026-09-03,2,2,2026-09-02T23:32:00Z,2026-09-02T23:33:00Z,0,8,55415,2026-09-02T23:01:00Z,False,False,ORI,False,False,LKSDB-1,T_LKSDB-1
BOALF,2026-09-03,2,2,2026-09-02T23:32:00Z,2026-09-02T23:33:00Z,0,0,55416,2026-09-02T23:06:00Z,False,False,ORI,False,False,LKSDB-1,T_LKSDB-1
BOALF,2026-09-03,1,2,2026-09-02T23:28:00Z,2026-09-02T23:34:00Z,8,8,55417,2026-09-02T23:21:00Z,False,False,ORI,False,False,LKSDB-1,T_LKSDB-1
BOALF,2026-09-03,1,1,2026-09-02T23:28:00Z,2026-09-02T23:29:00Z,0,8,55418,2026-09-02T23:22:00Z,False,False,ORI,False,False,LKSDB-1,T_LKSDB-1
BOALF,2026-09-03,1,1,2026-09-02T23:27:00Z,2026-09-02T23:28:00Z,0,8,55417,2026-09-02T23:21:00Z,False,False,ORI,False,False,LKSDB-1,T_LKSDB-1
BOALF,2026-09-03,1,1,2026-09-02T23:27:00Z,2026-09-02T23:28:00Z,0,0,55418,2026-09-02T23:22:00Z,False,False,ORI,False,False,LKSDB-1,T_LKSDB-1
BOALF,2026-09-03,1,2,2026-09-02T23:19:00Z,2026-09-02T23:32:00Z,0,0,55415,2026-09-02T23:01:00Z,False,False,ORI,False,False,LKSDB-1,T_LKSDB-1
BOALF,2026-09-03,1,1,2026-09-02T23:19:00Z,2026-09-02T23:20:00Z,0,8,55414,2026-09-02T22:57:00Z,False,False,ORI,False,False,LKSDB-1,T_LKSDB-1
BOALF,2026-09-03,1,1,2026-09-02T23:07:00Z,2026-09-02T23:19:00Z,0,0,55414,2026-09-02T22:57:00Z,False,False,ORI,False,False,LKSDB-1,T_LKSDB-1
BOALF,2026-09-03,1,1,2026-09-02T23:06:00Z,2026-09-02T23:07:00Z,8,0,55414,2026-09-02T22:57:00Z,False,False,ORI,False,False,LKSDB-1,T_LKSDB-1
BOALF,2026-09-02,48,48,2026-09-02T22:54:00Z,2026-09-02T22:55:00Z,-74,0,55413,2026-09-02T22:31:00Z,False,False,ORI,False,False,LKSDB-1,T_LKSDB-1
BOALF,2026-09-02,48,48,2026-09-02T22:52:00Z,2026-09-02T22:54:00Z,-74,-74,55413,2026-09-02T22:31:00Z,False,False,ORI,False,False,LKSDB-1,T_LKSDB-1
BOALF,2026-09-02,48,48,2026-09-02T22:51:00Z,2026-09-02T22:52:00Z,0,-74,55413,2026-09-02T22:31:00Z,False,False,ORI,False,False,LKSDB-1,T_LKSDB-1
BOALF,2026-09-02,48,48,2026-09-02T22:39:00Z,2026-09-02T22:40:00Z,-17,0,55412,2026-09-02T22:25:00Z,False,False,ORI,False,False,LKSDB-1,T_LKSDB-1
BOALF,2026-09-02,48,48,2026-09-02T22:36:00Z,2026-09-02T22:39:00Z,-17,-17,55412,2026-09-02T22:25:00Z,False,False,ORI,False,False,LKSDB-1,T_LKSDB-1
BOALF,2026-09-02,48,48,2026-09-02T22:35:00Z,2026-09-02T22:36:00Z,0,-17,55412,2026-09-02T22:25:00Z,False,False,ORI,False,False,LKSDB-1,T_LKSDB-1
BOALF,2026-09-02,48,48,2026-09-02T22:32:00Z,2026-09-02T22:33:00Z,-8,0,55410,2026-09-02T22:11:00Z,False,False,ORI,False,False,LKSDB-1,T_LKSDB-1
BOALF,2026-09-02,48,48,2026-09-02T22:30:00Z,2026-09-02T22:32:00Z,-8,-8,55410,2026-09-02T22:11:00Z,False,False,ORI,False,False,LKSDB-1,T_LKSDB-1
BOALF,2026-09-02,47,48,2026-09-02T22:29:00Z,2026-09-02T22:30:00Z,8,0,55410,2026-09-02T22:11:00Z,False,False,ORI,False,False,LKSDB-1,T_LKSDB-1
BOALF,2026-09-02,47,47,2026-09-02T22:24:00Z,2026-09-02T22:25:00Z,0,8,55411,2026-09-02T22:17:00Z,False,False,ORI,False,False,LKSDB-1,T_LKSDB-1
BOALF,2026-09-02,47,47,2026-09-02T22:21:00Z,2026-09-02T22:24:00Z,0,0,55411,2026-09-02T22:17:00Z,False,False,ORI,False,False,LKSDB-1,T_LKSDB-1
BOALF,2026-09-02,47,47,2026-09-02T22:20:00Z,2026-09-02T22:21:00Z,8,0,55411,2026-09-02T22:17:00Z,False,False,ORI,False,False,LKSDB-1,T_LKSDB-1
BOALF,2026-09-02,47,47,2026-09-02T22:15:00Z,2026-09-02T22:16:00Z,0,8,55409,2026-09-02T22:04:00Z,False,False,ORI,False,False,LKSDB-1,T_LKSDB-1
BOALF,2026-09-02,47,47,2026-09-02T22:13:00Z,2026-09-02T22:15:00Z,0,0,55409,2026-09-02T22:04:00Z,False,False,ORI,False,False,LKSDB-1,T_LKSDB-1
BOALF,2026-09-02,47,47,2026-09-02T22:12:00Z,2026-09-02T22:13:00Z,8,0,55409,2026-09-02T22:04:00Z,False,False,ORI,False,False,LKSDB-1,T_LKSDB-1
BOALF,2026-09-02,46,46,2026-09-02T21:54:00Z,2026-09-02T21:55:00Z,0,99,55408,2026-09-02T21:34:00Z,False,False,ORI,False,False,LKSDB-1,T_LKSDB-1
BOALF,2026-09-02,46,46,2026-09-02T21:53:00Z,2026-09-02T21:54:00Z,76,99,55407,2026-09-02T21:27:00Z,False,False,ORI,False,False,LKSDB-1,T_LKSDB-1
BOALF,2026-09-02,46,46,2026-09-02T21:50:00Z,2026-09-02T21:53:00Z,76,76,55407,2026-09-02T21:27:00Z,False,False,ORI,False,False,LKSDB-1,T_LKSDB-1
BOALF,2026-09-02,46,46,2026-09-02T21:49:00Z,2026-09-02T21:50:00Z,56,99,55406,2026-09-02T21:26:00Z,False,False,ORI,False,False,LKSDB-1,T_LKSDB-1
BOALF,2026-09-02,46,46,2026-09-02T21:49:00Z,2026-09-02T21:50:00Z,56,76,55407,2026-09-02T21:27:00Z,False,False,ORI,False,False,LKSDB-1,T_LKSDB-1
BOALF,2026-09-02,46,46,2026-09-02T21:46:00Z,2026-09-02T21:49:00Z,56,56,55406,2026-09-02T21:26:00Z,False,False,ORI,False,False,LKSDB-1,T_LKSDB-1
BOALF,2026-09-02,46,46,2026-09-02T21:45:00Z,2026-09-02T21:46:00Z,36,99,55405,2026-09-02T21:25:00Z,False,False,ORI,False,False,LKSDB-1,T_LKSDB-1
BOALF,2026-09-02,46,46,2026-09-02T21:45:00Z,2026-09-02T21:46:00Z,36,56,55406,2026-09-02T21:26:00Z,False,False,ORI,False,False,LKSDB-1,T_LKSDB-1
BOALF,2026-09-02,46,46,2026-09-02T21:43:00Z,2026-09-02T21:45:00Z,36,36,55405,2026-09-02T21:25:00Z,False,False,ORI,False,False,LKSDB-1,T_LKSDB-1
BOALF,2026-09-02,46,46,2026-09-02T21:42:00Z,2026-09-02T21:43:00Z,15,99,55404,2026-09-02T21:24:00Z,False,False,ORI,False,False,LKSDB-1,T_LKSDB-1
BOALF,2026-09-02,46,46,2026-09-02T21:42:00Z,2026-09-02T21:43:00Z,15,36,55405,2026-09-02T21:25:00Z,False,False,ORI,False,False,LKSDB-1,T_LKSDB-1
BOALF,2026-09-02,46,46,2026-09-02T21:38:00Z,2026-09-02T21:39:00Z,77,99,55402,2026-09-02T21:09:00Z,False,False,ORI,False,False,LKSDB-1,T_LKSDB-1
BOALF,2026-09-02,46,46,2026-09-02T21:37:00Z,2026-09-02T21:42:00Z,15,15,55404,2026-09-02T21:24:00Z,False,False,ORI,False,False,LKSDB-1,T_LKSDB-1
BOALF,2026-09-02,46,46,2026-09-02T21:36:00Z,2026-09-02T21:54:00Z,0,0,55408,2026-09-02T21:34:00Z,False,False,ORI,False,False,LKSDB-1,T_LKSDB-1
BOALF,2026-09-02,46,46,2026-09-02T21:36:00Z,2026-09-02T21:37:00Z,0,77,55403,2026-09-02T21:23:00Z,False,False,ORI,False,False,LKSDB-1,T_LKSDB-1
BOALF,2026-09-02,46,46,2026-09-02T21:36:00Z,2026-09-02T21:37:00Z,0,15,55404,2026-09-02T21:24:00Z,False,False,ORI,False,False,LKSDB-1,T_LKSDB-1
BOALF,2026-09-02,46,46,2026-09-02T21:35:00Z,2026-09-02T21:38:00Z,77,77,55402,2026-09-02T21:09:00Z,False,False,ORI,False,False,LKSDB-1,T_LKSDB-1
BOALF,2026-09-02,46,46,2026-09-02T21:34:00Z,2026-09-02T21:35:00Z,26,99,55401,2026-09-02T21:08:00Z,False,False,ORI,False,False,LKSDB-1,T_LKSDB-1
BOALF,2026-09-02,46,46,2026-09-02T21:34:00Z,2026-09-02T21:35:00Z,26,77,55402,2026-09-02T21:09:00Z,False,False,ORI,False,False,LKSDB-1,T_LKSDB-1
BOALF,2026-09-02,46,46,2026-09-02T21:32:00Z,2026-09-02T21:34:00Z,26,26,55401,2026-09-02T21:08:00Z,False,False,ORI,False,False,LKSDB-1,T_LKSDB-1
BOALF,2026-09-02,46,46,2026-09-02T21:31:00Z,2026-09-02T21:36:00Z,0,0,55403,2026-09-02T21:23:00Z,False,False,ORI,False,False,LKSDB-1,T_LKSDB-1
BOALF,2026-09-02,46,46,2026-09-02T21:31:00Z,2026-09-02T21:32:00Z,0,99,55400,2026-09-02T21:07:00Z,False,False,ORI,False,False,LKSDB-1,T_LKSDB-1
BOALF,2026-09-02,46,46,2026-09-02T21:31:00Z,2026-09-02T21:32:00Z,0,26,55401,2026-09-02T21:08:00Z,False,False,ORI,False,False,LKSDB-1,T_LKSDB-1
BOALF,2026-09-02,46,46,2026-09-02T21:30:00Z,2026-09-02T21:31:00Z,0,0,55400,2026-09-02T21:07:00Z,False,False,ORI,False,False,LKSDB-1,T_LKSDB-1
BOALF,2026-09-02,44,45,2026-09-02T20:46:00Z,2026-09-02T21:00:00Z,0,0,55399,2026-09-02T20:34:00Z,False,False,ORI,False,False,LKSDB-1,T_LKSDB-1
BOALF,2026-09-02,44,44,2026-09-02T20:46:00Z,2026-09-02T20:47:00Z,0,5,55398,2026-09-02T20:29:00Z,False,False,ORI,False,False,LKSDB-1,T_LKSDB-1
BOALF,2026-09-02,44,44,2026-09-02T20:34:00Z,2026-09-02T20:46:00Z,0,0,55398,2026-09-02T20:29:00Z,False,False,ORI,False,False,LKSDB-1,T_LKSDB-1
BOALF,2026-09-02,44,44,2026-09-02T20:33:00Z,2026-09-02T20:34:00Z,5,0,55398,2026-09-02T20:29:00Z,False,False,ORI,False,False,LKSDB-1,T_LKSDB-1
BOALF,2026-09-02,43,43,2026-09-02T20:26:00Z,2026-09-02T20:27:00Z,0,99,55397,2026-09-02T20:11:00Z,False,False,ORI,False,False,LKSDB-1,T_LKSDB-1
BOALF,2026-09-02,43,43,2026-09-02T20:24:00Z,2026-09-02T20:26:00Z,0,0,55397,2026-09-02T20:11:00Z,False,False,ORI,False,False,LKSDB-1,T_LKSDB-1
BOALF,2026-09-02,43,43,2026-09-02T20:24:00Z,2026-09-02T20:25:00Z,0,99,55396,2026-09-02T20:09:00Z,False,False,ORI,False,False,LKSDB-1,T_LKSDB-1
BOALF,2026-09-02,43,43,2026-09-02T20:17:00Z,2026-09-02T20:24:00Z,0,0,55396,2026-09-02T20:09:00Z,False,False,ORI,False,False,LKSDB-1,T_LKSDB-1
BOALF,2026-09-02,43,43,2026-09-02T20:17:00Z,2026-09-02T20:18:00Z,0,99,55394,2026-09-02T19:55:00Z,False,False,ORI,False,False,LKSDB-1,T_LKSDB-1
BOALF,2026-09-02,43,43,2026-09-02T20:01:00Z,2026-09-02T20:02:00Z,-99,0,55395,2026-09-02T19:56:00Z,False,False,ORI,False,False,LKSDB-1,T_LKSDB-1
BOALF,2026-09-02,43,43,2026-09-02T20:00:00Z,2026-09-02T20:17:00Z,0,0,55394,2026-09-02T19:55:00Z,False,False,ORI,False,False,LKSDB-1,T_LKSDB-1
BOALF,2026-09-02,42,43,2026-09-02T19:59:00Z,2026-09-02T20:01:00Z,-99,-99,55395,2026-09-02T19:56:00Z,False,False,ORI,False,False,LKSDB-1,T_LKSDB-1
BOALF,2026-09-02,42,42,2026-09-02T19:58:00Z,2026-09-02T19:59:00Z,0,-99,55395,2026-09-02T19:56:00Z,False,False,ORI,False,False,LKSDB-1,T_LKSDB-1
BOALF,2026-09-02,42,43,2026-09-02T19:54:00Z,2026-09-02T20:00:00Z,0,0,55393,2026-09-02T19:41:00Z,False,False,ORI,False,False,LKSDB-1,T_LKSDB-1
BOALF,2026-09-02,42,42,2026-09-02T19:54:00Z,2026-09-02T19:55:00Z,0,99,55392,2026-09-02T19:36:00Z,False,False,ORI,False,False,LKSDB-1,T_LKSDB-1
BOALF,2026-09-02,42,42,2026-09-02T19:47:00Z,2026-09-02T19:54:00Z,0,0,55392,2026-09-02T19:36:00Z,False,False,ORI,False,False,LKSDB-1,T_LKSDB-1
BOALF,2026-09-02,42,42,2026-09-02T19:47:00Z,2026-09-02T19:48:00Z,0,99,55391,2026-09-02T19:34:00Z,False,False,ORI,False,False,LKSDB-1,T_LKSDB-1
BOALF,2026-09-02,42,42,2026-09-02T19:36:00Z,2026-09-02T19:47:00Z,0,0,55391,2026-09-02T19:34:00Z,False,False,ORI,False,False,LKSDB-1,T_LKSDB-1
BOALF,2026-09-02,42,42,2026-09-02T19:36:00Z,2026-09-02T19:37:00Z,0,99,55389,2026-09-02T19:22:00Z,False,False,ORI,False,False,LKSDB-1,T_LKSDB-1
BOALF,2026-09-02,42,42,2026-09-02T19:31:00Z,2026-09-02T19:36:00Z,0,0,55389,2026-09-02T19:22:00Z,False,False,ORI,False,False,LKSDB-1,T_LKSDB-1
BOALF,2026-09-02,42,42,2026-09-02T19:30:00Z,2026-09-02T19:31:00Z,27,0,55389,2026-09-02T19:22:00Z,False,False,ORI,False,False,LKSDB-1,T_LKSDB-1
BOALF,2026-09-02,41,42,2026-09-02T19:28:00Z,2026-09-02T19:30:00Z,27,27,55388,2026-09-02T19:18:00Z,False,False,ORI,False,False,LKSDB-1,T_LKSDB-1
BOALF,2026-09-02,41,41,2026-09-02T19:27:00Z,2026-09-02T19:28:00Z,99,27,55388,2026-09-02T19:18:00Z,False,False,ORI,False,False,LKSDB-1,T_LKSDB-1
BOALF,2026-09-02,41,41,2026-09-02T19:27:00Z,2026-09-02T19:28:00Z,27,27,55390,2026-09-02T19:23:00Z,False,False,ORI,False,False,LKSDB-1,T_LKSDB-1
BOALF,2026-09-02,41,41,2026-09-02T19:26:00Z,2026-09-02T19:27:00Z,99,27,55390,2026-09-02T19:23:00Z,False,False,ORI,False,False,LKSDB-1,T_LKSDB-1
BOALF,2026-09-02,41,41,2026-09-02T19:00:00Z,2026-09-02T19:01:00Z,0,99,55387,2026-09-02T18:52:00Z,False,False,ORI,False,False,LKSDB-1,T_LKSDB-1
BOALF,2026-09-02,40,41,2026-09-02T18:54:00Z,2026-09-02T19:00:00Z,0,0,55387,2026-09-02T18:52:00Z,False,False,ORI,False,False,LKSDB-1,T_LKSDB-1
BOALF,2026-09-02,40,40,2026-09-02T18:54:00Z,2026-09-02T18:55:00Z,5,99,55385,2026-09-02T18:45:00Z,False,False,ORI,False,False,LKSDB-1,T_LKSDB-1
BOALF,2026-09-02,40,40,2026-09-02T18:54:00Z,2026-09-02T18:55:00Z,0,99,55386,2026-09-02T18:47:00Z,False,False,ORI,False,False,LKSDB-1,T_LKSDB-1
BOALF,2026-09-02,40,40,2026-09-02T18:52:00Z,2026-09-02T18:54:00Z,5,5,55385,2026-09-02T18:45:00Z,False,False,ORI,False,False,LKSDB-1,T_LKSDB-1
BOALF,2026-09-02,40,40,2026-09-02T18:51:00Z,2026-09-02T18:52:00Z,99,5,55385,2026-09-02T18:45:00Z,False,False,ORI,False,False,LKSDB-1,T_LKSDB-1
BOALF,2026-09-02,40,40,2026-09-02T18:49:00Z,2026-09-02T18:54:00Z,0,0,55386,2026-09-02T18:47:00Z,False,False,ORI,False,False,LKSDB-1,T_LKSDB-1
BOALF,2026-09-02,40,40,2026-09-02T18:48:00Z,2026-09-02T18:49:00Z,99,0,55386,2026-09-02T18:47:00Z,False,False,ORI,False,False,LKSDB-1,T_LKSDB-1
BOALF,2026-09-02,40,40,2026-09-02T18:44:00Z,2026-09-02T18:45:00Z,0,99,55384,2026-09-02T18:35:00Z,False,False,ORI,False,False,LKSDB-1,T_LKSDB-1
BOALF,2026-09-02,40,40,2026-09-02T18:39:00Z,2026-09-02T18:44:00Z,0,0,55384,2026-09-02T18:35:00Z,False,False,ORI,False,False,LKSDB-1,T_LKSDB-1
BOALF,2026-09-02,40,40,2026-09-02T18:39:00Z,2026-09-02T18:40:00Z,0,99,55383,2026-09-02T18:26:00Z,False,False,ORI,False,False,LKSDB-1,T_LKSDB-1
BOALF,2026-09-02,40,40,2026-09-02T18:37:00Z,2026-09-02T18:39:00Z,0,0,55383,2026-09-02T18:26:00Z,False,False,ORI,False,False,LKSDB-1,T_LKSDB-1
BOALF,2026-09-02,40,40,2026-09-02T18:37:00Z,2026-09-02T18:38:00Z,0,99,55382,2026-09-02T18:25:00Z,False,False,ORI,False,False,LKSDB-1,T_LKSDB-1
BOALF,2026-09-02,40,40,2026-09-02T18:33:00Z,2026-09-02T18:37:00Z,0,0,55382,2026-09-02T18:25:00Z,False,False,ORI,False,False,LKSDB-1,T_LKSDB-1
BOALF,2026-09-02,40,40,2026-09-02T18:33:00Z,2026-09-02T18:34:00Z,0,99,55381,2026-09-02T18:24:00Z,False,False,ORI,False,False,LKSDB-1,T_LKSDB-1
BOALF,2026-09-02,40,40,2026-09-02T18:32:00Z,2026-09-02T18:33:00Z,-1,0,55381,2026-09-02T18:24:00Z,False,False,ORI,False,False,LKSDB-1,T_LKSDB-1
BOALF,2026-09-02,40,40,2026-09-02T18:30:00Z,2026-09-02T18:32:00Z,-1,-1,55381,2026-09-02T18:24:00Z,False,False,ORI,False,False,LKSDB-1,T_LKSDB-1
BOALF,2026-09-02,40,40,2026-09-02T18:30:00Z,2026-09-02T18:31:00Z,0,99,55379,2026-09-02T18:18:00Z,False,False,ORI,False,False,LKSDB-1,T_LKSDB-1
BOALF,2026-09-02,39,40,2026-09-02T18:29:00Z,2026-09-02T18:30:00Z,0,54,55378,2026-09-02T18:13:00Z,False,False,ORI,False,False,LKSDB-1,T_LKSDB-1
BOALF,2026-09-02,39,40,2026-09-02T18:29:00Z,2026-09-02T18:30:00Z,0,0,55379,2026-09-02T18:18:00Z,False,False,ORI,False,False,LKSDB-1,T_LKSDB-1
BOALF,2026-09-02,39,40,2026-09-02T18:29:00Z,2026-09-02T18:30:00Z,0,-1,55381,2026-09-02T18:24:00Z,False,False,ORI,False,False,LKSDB-1,T_LKSDB-1
BOALF,2026-09-02,39,39,2026-09-02T18:25:00Z,2026-09-02T18:26:00Z,-1,0,55380,2026-09-02T18:19:00Z,False,False,ORI,False,False,LKSDB-1,T_LKSDB-1
BOALF,2026-09-02,39,39,2026-09-02T18:23:00Z,2026-09-02T18:24:00Z,93,99,55377,2026-09-02T17:57:00Z,False,False,ORI,False,False,LKSDB-1,T_LKSDB-1
BOALF,2026-09-02,39,39,2026-09-02T18:21:00Z,2026-09-02T18:25:00Z,-1,-1,55380,2026-09-02T18:19:00Z,False,False,ORI,False,False,LKSDB-1,T_LKSDB-1
BOALF,2026-09-02,39,39,2026-09-02T18:20:00Z,2026-09-02T18:23:00Z,93,93,55377,2026-09-02T17:57:00Z,False,False,ORI,False,False,LKSDB-1,T_LKSDB-1
BOALF,2026-09-02,39,39,2026-09-02T18:20:00Z,2026-09-02T18:21:00Z,0,-1,55380,2026-09-02T18:19:00Z,False,False,ORI,False,False,LKSDB-1,T_LKSDB-1
BOALF,2026-09-02,39,39,2026-09-02T18:19:00Z,2026-09-02T18:29:00Z,0,0,55378,2026-09-02T18:13:00Z,False,False,ORI,False,False,LKSDB-1,T_LKSDB-1
BOALF,2026-09-02,39,39,2026-09-02T18:19:00Z,2026-09-02T18:20:00Z,0,99,55376,2026-09-02T17:56:00Z,False,False,ORI,False,False,LKSDB-1,T_LKSDB-1
BOALF,2026-09-02,39,39,2026-09-02T18:19:00Z,2026-09-02T18:20:00Z,0,93,55377,2026-09-02T17:57:00Z,False,False,ORI,False,False,LKSDB-1,T_LKSDB-1
BOALF,2026-09-02,39,39,2026-09-02T18:02:00Z,2026-09-02T18:19:00Z,0,0,55376,2026-09-02T17:56:00Z,False,False,ORI,False,False,LKSDB-1,T_LKSDB-1
BOALF,2026-09-02,39,39,2026-09-02T18:02:00Z,2026-09-02T18:03:00Z,0,99,55375,2026-09-02T17:29:00Z,False,False,ORI,False,False,LKSDB-1,T_LKSDB-1
BOALF,2026-09-02,38,39,2026-09-02T17:44:00Z,2026-09-02T18:02:00Z,0,0,55375,2026-09-02T17:29:00Z,False,False,ORI,False,False,LKSDB-1,T_LKSDB-1
BOALF,2026-09-02,38,38,2026-09-02T17:44:00Z,2026-09-02T17:45:00Z,0,99,55374,2026-09-02T17:27:00Z,False,False,ORI,False,False,LKSDB-1,T_LKSDB-1
BOALF,2026-09-02,38,38,2026-09-02T17:30:00Z,2026-09-02T17:44:00Z,0,0,55374,2026-09-02T17:27:00Z,False,False,ORI,False,False,LKSDB-1,T_LKSDB-1
BOALF,2026-09-02,38,38,2026-09-02T17:30:00Z,2026-09-02T17:31:00Z,0,99,55370,2026-09-02T16:59:00Z,False,False,ORI,False,False,LKSDB-1,T_LKSDB-1
BOALF,2026-09-02,37,38,2026-09-02T17:27:00Z,2026-09-02T17:30:00Z,0,0,55370,2026-09-02T16:59:00Z,False,False,ORI,False,False,LKSDB-1,T_LKSDB-1
BOALF,2026-09-02,37,37,2026-09-02T17:27:00Z,2026-09-02T17:28:00Z,-1,0,55373,2026-09-02T17:18:00Z,False,False,ORI,False,False,LKSDB-1,T_LKSDB-1
BOALF,2026-09-02,37,37,2026-09-02T17:26:00Z,2026-09-02T17:27:00Z,1,93,55369,2026-09-02T16:58:00Z,False,False,ORI,False,False,LKSDB-1,T_LKSDB-1
BOALF,2026-09-02,37,37,2026-09-02T17:26:00Z,2026-09-02T17:27:00Z,1,0,55370,2026-09-02T16:59:00Z,False,False,ORI,False,False,LKSDB-1,T_LKSDB-1
BOALF,2026-09-02,37,37,2026-09-02T17:22:00Z,2026-09-02T17:27:00Z,0,0,55372,2026-09-02T17:14:00Z,False,False,ORI,False,False,LKSDB-1,T_LKSDB-1
BOALF,2026-09-02,37,37,2026-09-02T17:22:00Z,2026-09-02T17:23:00Z,0,1,55371,2026-09-02T17:09:00Z,False,False,ORI,False,False,LKSDB-1,T_LKSDB-1
BOALF,2026-09-02,37,37,2026-09-02T17:21:00Z,2026-09-02T17:27:00Z,-1,-1,55373,2026-09-02T17:18:00Z,False,False,ORI,False,False,LKSDB-1,T_LKSDB-1
BOALF,2026-09-02,37,37,2026-09-02T17:20:00Z,2026-09-02T17:21:00Z,0,-1,55373,2026-09-02T17:18:00Z,False,False,ORI,False,False,LKSDB-1,T_LKSDB-1
BOALF,2026-09-02,37,37,2026-09-02T17:16:00Z,2026-09-02T17:26:00Z,1,1,55369,2026-09-02T16:58:00Z,False,False,ORI,False,False,LKSDB-1,T_LKSDB-1
BOALF,2026-09-02,37,37,2026-09-02T17:15:00Z,2026-09-02T17:22:00Z,0,0,55371,2026-09-02T17:09:00Z,False,False,ORI,False,False,LKSDB-1,T_LKSDB-1
BOALF,2026-09-02,37,37,2026-09-02T17:15:00Z,2026-09-02T17:16:00Z,0,93,55368,2026-09-02T16:57:00Z,False,False,ORI,False,False,LKSDB-1,T_LKSDB-1
BOALF,2026-09-02,37,37,2026-09-02T17:15:00Z,2026-09-02T17:16:00Z,0,1,55369,2026-09-02T16:58:00Z,False,False,ORI,False,False,LKSDB-1,T_LKSDB-1
BOALF,2026-09-02,37,37,2026-09-02T17:09:00Z,2026-09-02T17:15:00Z,0,0,55368,2026-09-02T16:57:00Z,False,False,ORI,False,False,LKSDB-1,T_LKSDB-1
BOALF,2026-09-02,37,37,2026-09-02T17:09:00Z,2026-09-02T17:10:00Z,0,93,55367,2026-09-02T16:52:00Z,False,False,ORI,False,False,LKSDB-1,T_LKSDB-1
BOALF,2026-09-02,37,37,2026-09-02T17:02:00Z,2026-09-02T17:09:00Z,0,0,55367,2026-09-02T16:52:00Z,False,False,ORI,False,False,LKSDB-1,T_LKSDB-1
BOALF,2026-09-02,37,37,2026-09-02T17:01:00Z,2026-09-02T17:02:00Z,-1,0,55366,2026-09-02T16:51:00Z,False,False,ORI,False,False,LKSDB-1,T_LKSDB-1
BOALF,2026-09-02,37,37,2026-09-02T17:01:00Z,2026-09-02T17:02:00Z,-1,0,55367,2026-09-02T16:52:00Z,False,False,ORI,False,False,LKSDB-1,T_LKSDB-1
BOALF,2026-09-02,36,37,2026-09-02T16:56:00Z,2026-09-02T17:01:00Z,-1,-1,55366,2026-09-02T16:51:00Z,False,False,ORI,False,False,LKSDB-1,T_LKSDB-1
BOALF,2026-09-02,36,36,2026-09-02T16:56:00Z,2026-09-02T16:57:00Z,-1,0,55365,2026-09-02T16:30:00Z,False,False,ORI,False,False,LKSDB-1,T_LKSDB-1
BOALF,2026-09-02,36,36,2026-09-02T16:48:00Z,2026-09-02T16:56:00Z,-1,-1,55365,2026-09-02T16:30:00Z,False,False,ORI,False,False,LKSDB-1,T_LKSDB-1
BOALF,2026-09-02,36,36,2026-09-02T16:48:00Z,2026-09-02T16:49:00Z,-1,0,55364,2026-09-02T16:25:00Z,False,False,ORI,False,False,LKSDB-1,T_LKSDB-1
BOALF,2026-09-02,36,36,2026-09-02T16:31:00Z,2026-09-02T16:48:00Z,-1,-1,55364,2026-09-02T16:25:00Z,False,False,ORI,False,False,LKSDB-1,T_LKSDB-1
BOALF,2026-09-02,36,36,2026-09-02T16:30:00Z,2026-09-02T16:31:00Z,0,-1,55364,2026-09-02T16:25:00Z,False,False,ORI,False,False,LKSDB-1,T_LKSDB-1
BOALF,2026-09-02,28,29,2026-09-02T12:59:00Z,2026-09-02T13:00:00Z,-2,0,55362,2026-09-02T12:43:00Z,False,False,ORI,False,False,LKSDB-1,T_LKSDB-1
BOALF,2026-09-02,28,28,2026-09-02T12:53:00Z,2026-09-02T12:59:00Z,-2,-2,55362,2026-09-02T12:43:00Z,False,False,ORI,False,False,LKSDB-1,T_LKSDB-1
BOALF,2026-09-02,28,28,2026-09-02T12:53:00Z,2026-09-02T12:54:00Z,0,-2,55363,2026-09-02T12:47:00Z,False,False,ORI,False,False,LKSDB-1,T_LKSDB-1
BOALF,2026-09-02,28,28,2026-09-02T12:52:00Z,2026-09-02T12:53:00Z,0,-2,55362,2026-09-02T12:43:00Z,False,False,ORI,False,False,LKSDB-1,T_LKSDB-1
BOALF,2026-09-02,28,28,2026-09-02T12:52:00Z,2026-09-02T12:53:00Z,0,0,55363,2026-09-02T12:47:00Z,False,False,ORI,False,False,LKSDB-1,T_LKSDB-1
BOALF,2026-09-02,28,28,2026-09-02T12:43:00Z,2026-09-02T12:44:00Z,16,0,55361,2026-09-02T12:20:00Z,False,False,ORI,False,False,LKSDB-1,T_LKSDB-1
BOALF,2026-09-02,28,28,2026-09-02T12:40:00Z,2026-09-02T12:43:00Z,16,16,55361,2026-09-02T12:20:00Z,False,False,ORI,False,False,LKSDB-1,T_LKSDB-1
BOALF,2026-09-02,28,28,2026-09-02T12:39:00Z,2026-09-02T12:40:00Z,50,0,55360,2026-09-02T12:19:00Z,False,False,ORI,False,False,LKSDB-1,T_LKSDB-1
BOALF,2026-09-02,28,28,2026-09-02T12:39:00Z,2026-09-02T12:40:00Z,50,16,55361,2026-09-02T12:20:00Z,False,False,ORI,False,False,LKSDB-1,T_LKSDB-1
BOALF,2026-09-02,28,28,2026-09-02T12:37:00Z,2026-09-02T12:39:00Z,50,50,55360,2026-09-02T12:19:00Z,False,False,ORI,False,False,LKSDB-1,T_LKSDB-1
BOALF,2026-09-02,28,28,2026-09-02T12:36:00Z,2026-09-02T12:37:00Z,45,0,55358,2026-09-02T12:16:00Z,False,False,ORI,False,False,LKSDB-1,T_LKSDB-1
BOALF,2026-09-02,28,28,2026-09-02T12:36:00Z,2026-09-02T12:37:00Z,99,0,55359,2026-09-02T12:18:00Z,False,False,ORI,False,False,LKSDB-1,T_LKSDB-1
BOALF,2026-09-02,28,28,2026-09-02T12:36:00Z,2026-09-02T12:37:00Z,99,50,55360,2026-09-02T12:19:00Z,False,False,ORI,False,False,LKSDB-1,T_LKSDB-1
BOALF,2026-09-02,28,28,2026-09-02T12:34:00Z,2026-09-02T12:36:00Z,45,45,55358,2026-09-02T12:16:00Z,False,False,ORI,False,False,LKSDB-1,T_LKSDB-1
BOALF,2026-09-02,28,28,2026-09-02T12:33:00Z,2026-09-02T12:34:00Z,95,0,55357,2026-09-02T12:15:00Z,False,False,ORI,False,False,LKSDB-1,T_LKSDB-1
BOALF,2026-09-02,28,28,2026-09-02T12:33:00Z,2026-09-02T12:34:00Z,95,45,55358,2026-09-02T12:16:00Z,False,False,ORI,False,False,LKSDB-1,T_LKSDB-1
BOALF,2026-09-02,28,28,2026-09-02T12:31:00Z,2026-09-02T12:36:00Z,99,99,55359,2026-09-02T12:18:00Z,False,False,ORI,False,False,LKSDB-1,T_LKSDB-1
BOALF,2026-09-02,28,28,2026-09-02T12:31:00Z,2026-09-02T12:33:00Z,95,95,55357,2026-09-02T12:15:00Z,False,False,ORI,False,False,LKSDB-1,T_LKSDB-1
BOALF,2026-09-02,28,28,2026-09-02T12:30:00Z,2026-09-02T12:31:00Z,0,95,55357,2026-09-02T12:15:00Z,False,False,ORI,False,False,LKSDB-1,T_LKSDB-1
BOALF,2026-09-02,28,28,2026-09-02T12:30:00Z,2026-09-02T12:31:00Z,0,99,55359,2026-09-02T12:18:00Z,False,False,ORI,False,False,LKSDB-1,T_LKSDB-1
BOALF,2026-09-02,6,6,2026-09-02T01:50:00Z,2026-09-02T01:51:00Z,-50,-48,55256,2026-09-02T01:43:00Z,False,False,ORI,False,False,LKSDB-1,T_LKSDB-1
BOALF,2026-09-02,6,6,2026-09-02T01:48:00Z,2026-09-02T01:50:00Z,-50,-50,55256,2026-09-02T01:43:00Z,False,False,ORI,False,False,LKSDB-1,T_LKSDB-1
BOALF,2026-09-02,6,6,2026-09-02T01:47:00Z,2026-09-02T01:48:00Z,-48,-50,55256,2026-09-02T01:43:00Z,False,False,ORI,False,False,LKSDB-1,T_LKSDB-1
BOALF,2026-09-02,6,6,2026-09-02T01:42:00Z,2026-09-02T01:43:00Z,-74,-48,55255,2026-09-02T01:38:00Z,False,False,ORI,False,False,LKSDB-1,T_LKSDB-1
BOALF,2026-09-02,6,6,2026-09-02T01:40:00Z,2026-09-02T01:42:00Z,-74,-74,55255,2026-09-02T01:38:00Z,False,False,ORI,False,False,LKSDB-1,T_LKSDB-1
BOALF,2026-09-02,6,6,2026-09-02T01:39:00Z,2026-09-02T01:40:00Z,-48,-74,55255,2026-09-02T01:38:00Z,False,False,ORI,False,False,LKSDB-1,T_LKSDB-1
BOALF,2026-09-02,5,6,2026-09-02T01:29:00Z,2026-09-02T01:30:00Z,-74,-48,55254,2026-09-02T01:07:00Z,False,False,ORI,False,False,LKSDB-1,T_LKSDB-1
BOALF,2026-09-02,5,5,2026-09-02T01:24:00Z,2026-09-02T01:29:00Z,-74,-74,55254,2026-09-02T01:07:00Z,False,False,ORI,False,False,LKSDB-1,T_LKSDB-1
BOALF,2026-09-02,5,5,2026-09-02T01:23:00Z,2026-09-02T01:24:00Z,-48,-74,55254,2026-09-02T01:07:00Z,False,False,ORI,False,False,LKSDB-1,T_LKSDB-1
BOALF,2026-09-02,5,5,2026-09-02T01:03:00Z,2026-09-02T01:04:00Z,-73,-48,55252,2026-09-02T00:52:00Z,False,False,ORI,False,False,LKSDB-1,T_LKSDB-1
BOALF,2026-09-02,5,5,2026-09-02T01:01:00Z,2026-09-02T01:03:00Z,-73,-73,55252,2026-09-02T00:52:00Z,False,False,ORI,False,False,LKSDB-1,T_LKSDB-1
BOALF,2026-09-02,5,5,2026-09-02T01:00:00Z,2026-09-02T01:01:00Z,0,-73,55252,2026-09-02T00:52:00Z,False,False,ORI,False,False,LKSDB-1,T_LKSDB-1
BOALF,2026-09-01,48,1,2026-09-01T22:59:00Z,2026-09-01T23:00:00Z,0,0,55251,2026-09-01T22:37:00Z,False,False,ORI,False,False,LKSDB-1,T_LKSDB-1
BOALF,2026-09-01,48,48,2026-09-01T22:58:00Z,2026-09-01T22:59:00Z,8,0,55251,2026-09-01T22:37:00Z,False,False,ORI,False,False,LKSDB-1,T_LKSDB-1
BOALF,2026-09-01,48,48,2026-09-01T22:30:00Z,2026-09-01T22:31:00Z,1,8,55250,2026-09-01T22:17:00Z,False,False,ORI,False,False,LKSDB-1,T_LKSDB-1
BOALF,2026-09-01,47,48,2026-09-01T22:28:00Z,2026-09-01T22:30:00Z,1,1,55250,2026-09-01T22:17:00Z,False,False,ORI,False,False,LKSDB-1,T_LKSDB-1
BOALF,2026-09-01,47,47,2026-09-01T22:27:00Z,2026-09-01T22:28:00Z,9,0,55249,2026-09-01T22:16:00Z,False,False,ORI,False,False,LKSDB-1,T_LKSDB-1
BOALF,2026-09-01,47,47,2026-09-01T22:27:00Z,2026-09-01T22:28:00Z,9,1,55250,2026-09-01T22:17:00Z,False,False,ORI,False,False,LKSDB-1,T_LKSDB-1
BOALF,2026-09-01,47,47,2026-09-01T22:23:00Z,2026-09-01T22:27:00Z,9,9,55249,2026-09-01T22:16:00Z,False,False,ORI,False,False,LKSDB-1,T_LKSDB-1
BOALF,2026-09-01,47,47,2026-09-01T22:23:00Z,2026-09-01T22:24:00Z,9,0,55248,2026-09-01T21:56:00Z,False,False,ORI,False,False,LKSDB-1,T_LKSDB-1
BOALF,2026-09-01,47,47,2026-09-01T22:12:00Z,2026-09-01T22:23:00Z,9,9,55248,2026-09-01T21:56:00Z,False,False,ORI,False,False,LKSDB-1,T_LKSDB-1
BOALF,2026-09-01,47,47,2026-09-01T22:12:00Z,2026-09-01T22:13:00Z,9,0,55247,2026-09-01T21:46:00Z,False,False,ORI,False,False,LKSDB-1,T_LKSDB-1
BOALF,2026-09-01,47,47,2026-09-01T22:00:00Z,2026-09-01T22:12:00Z,9,9,55247,2026-09-01T21:46:00Z,False,False,ORI,False,False,LKSDB-1,T_LKSDB-1
BOALF,2026-09-01,46,47,2026-09-01T21:59:00Z,2026-09-01T22:00:00Z,-10,0,55247,2026-09-01T21:46:00Z,False,False,ORI,False,False,LKSDB-1,T_LKSDB-1
BOALF,2026-09-01,46,46,2026-09-01T21:30:00Z,2026-09-01T21:31:00Z,-10,-10,55245,2026-09-01T21:17:00Z,False,False,ORI,False,False,LKSDB-1,T_LKSDB-1
BOALF,2026-09-01,45,46,2026-09-01T21:29:00Z,2026-09-01T21:30:00Z,0,-10,55245,2026-09-01T21:17:00Z,False,False,ORI,False,False,LKSDB-1,T_LKSDB-1
BOALF,2026-09-01,45,46,2026-09-01T21:28:00Z,2026-09-01T21:30:00Z,-10,-10,55246,2026-09-01T21:21:00Z,False,False,ORI,False,False,LKSDB-1,T_LKSDB-1
BOALF,2026-09-01,45,45,2026-09-01T21:27:00Z,2026-09-01T21:28:00Z,0,-10,55246,2026-09-01T21:21:00Z,False,False,ORI,False,False,LKSDB-1,T_LKSDB-1
BOALF,2026-09-01,45,45,2026-09-01T21:02:00Z,2026-09-01T21:03:00Z,-73,0,55243,2026-09-01T20:47:00Z,False,False,ORI,False,False,LKSDB-1,T_LKSDB-1
BOALF,2026-09-01,44,45,2026-09-01T20:59:00Z,2026-09-01T21:02:00Z,-73,-73,55243,2026-09-01T20:47:00Z,False,False,ORI,False,False,LKSDB-1,T_LKSDB-1
BOALF,2026-09-01,44,45,2026-09-01T20:59:00Z,2026-09-01T21:00:00Z,-99,-73,55244,2026-09-01T20:54:00Z,False,False,ORI,False,False,LKSDB-1,T_LKSDB-1
BOALF,2026-09-01,44,44,2026-09-01T20:58:00Z,2026-09-01T20:59:00Z,-99,0,55242,2026-09-01T20:46:00Z,False,False,ORI,False,False,LKSDB-1,T_LKSDB-1
BOALF,2026-09-01,44,44,2026-09-01T20:58:00Z,2026-09-01T20:59:00Z,-99,-73,55243,2026-09-01T20:47:00Z,False,False,ORI,False,False,LKSDB-1,T_LKSDB-1
BOALF,2026-09-01,44,44,2026-09-01T20:58:00Z,2026-09-01T20:59:00Z,-99,-99,55244,2026-09-01T20:54:00Z,False,False,ORI,False,False,LKSDB-1,T_LKSDB-1
BOALF,2026-09-01,44,44,2026-09-01T20:53:00Z,2026-09-01T20:58:00Z,-99,-99,55242,2026-09-01T20:46:00Z,False,False,ORI,False,False,LKSDB-1,T_LKSDB-1
BOALF,2026-09-01,44,44,2026-09-01T20:53:00Z,2026-09-01T20:54:00Z,-99,0,55241,2026-09-01T20:43:00Z,False,False,ORI,False,False,LKSDB-1,T_LKSDB-1
BOALF,2026-09-01,44,44,2026-09-01T20:49:00Z,2026-09-01T20:53:00Z,-99,-99,55241,2026-09-01T20:43:00Z,False,False,ORI,False,False,LKSDB-1,T_LKSDB-1
BOALF,2026-09-01,44,44,2026-09-01T20:48:00Z,2026-09-01T20:49:00Z,0,-99,55241,2026-09-01T20:43:00Z,False,False,ORI,False,False,LKSDB-1,T_LKSDB-1
BOALF,2026-09-01,44,44,2026-09-01T20:44:00Z,2026-09-01T20:45:00Z,-8,0,55239,2026-09-01T20:30:00Z,False,False,ORI,False,False,LKSDB-1,T_LKSDB-1
BOALF,2026-09-01,44,44,2026-09-01T20:42:00Z,2026-09-01T20:44:00Z,-8,-8,55239,2026-09-01T20:30:00Z,False,False,ORI,False,False,LKSDB-1,T_LKSDB-1
BOALF,2026-09-01,44,44,2026-09-01T20:41:00Z,2026-09-01T20:42:00Z,0,-8,55239,2026-09-01T20:30:00Z,False,False,ORI,False,False,LKSDB-1,T_LKSDB-1
BOALF,2026-09-01,44,44,2026-09-01T20:41:00Z,2026-09-01T20:42:00Z,-8,-8,55240,2026-09-01T20:32:00Z,False,False,ORI,False,False,LKSDB-1,T_LKSDB-1
BOALF,2026-09-01,44,44,2026-09-01T20:40:00Z,2026-09-01T20:41:00Z,0,-8,55240,2026-09-01T20:32:00Z,False,False,ORI,False,False,LKSDB-1,T_LKSDB-1
BOALF,2026-09-01,42,42,2026-09-01T19:38:00Z,2026-09-01T19:39:00Z,57,0,55238,2026-09-01T19:25:00Z,False,False,ORI,False,False,LKSDB-1,T_LKSDB-1
BOALF,2026-09-01,42,42,2026-09-01T19:31:00Z,2026-09-01T19:38:00Z,57,57,55238,2026-09-01T19:25:00Z,False,False,ORI,False,False,LKSDB-1,T_LKSDB-1
BOALF,2026-09-01,42,42,2026-09-01T19:30:00Z,2026-09-01T19:31:00Z,38,57,55238,2026-09-01T19:25:00Z,False,False,ORI,False,False,LKSDB-1,T_LKSDB-1
BOALF,2026-09-01,41,42,2026-09-01T19:27:00Z,2026-09-01T19:30:00Z,38,38,55237,2026-09-01T19:08:00Z,False,False,ORI,False,False,LKSDB-1,T_LKSDB-1
BOALF,2026-09-01,41,41,2026-09-01T19:26:00Z,2026-09-01T19:27:00Z,81,38,55237,2026-09-01T19:08:00Z,False,False,ORI,False,False,LKSDB-1,T_LKSDB-1
BOALF,2026-09-01,40,40,2026-09-01T18:35:00Z,2026-09-01T18:36:00Z,99,79,55236,2026-09-01T18:30:00Z,False,False,ORI,False,False,LKSDB-1,T_LKSDB-1
BOALF,2026-09-01,40,40,2026-09-01T18:33:00Z,2026-09-01T18:35:00Z,99,99,55236,2026-09-01T18:30:00Z,False,False,ORI,False,False,LKSDB-1,T_LKSDB-1
BOALF,2026-09-01,40,40,2026-09-01T18:32:00Z,2026-09-01T18:33:00Z,79,99,55236,2026-09-01T18:30:00Z,False,False,ORI,False,False,LKSDB-1,T_LKSDB-1
BOALF,2026-09-01,39,40,2026-09-01T18:29:00Z,2026-09-01T18:30:00Z,99,79,55235,2026-09-01T18:17:00Z,False,False,ORI,False,False,LKSDB-1,T_LKSDB-1
BOALF,2026-09-01,39,39,2026-09-01T18:22:00Z,2026-09-01T18:29:00Z,99,99,55235,2026-09-01T18:17:00Z,False,False,ORI,False,False,LKSDB-1,T_LKSDB-1
BOALF,2026-09-01,39,39,2026-09-01T18:22:00Z,2026-09-01T18:23:00Z,99,81,55234,2026-09-01T18:07:00Z,False,False,ORI,False,False,LKSDB-1,T_LKSDB-1
BOALF,2026-09-01,39,39,2026-09-01T18:15:00Z,2026-09-01T18:16:00Z,97,81,55233,2026-09-01T18:02:00Z,False,False,ORI,False,False,LKSDB-1,T_LKSDB-1
BOALF,2026-09-01,39,39,2026-09-01T18:13:00Z,2026-09-01T18:22:00Z,99,99,55234,2026-09-01T18:07:00Z,False,False,ORI,False,False,LKSDB-1,T_LKSDB-1
BOALF,2026-09-01,39,39,2026-09-01T18:12:00Z,2026-09-01T18:13:00Z,97,99,55234,2026-09-01T18:07:00Z,False,False,ORI,False,False,LKSDB-1,T_LKSDB-1
BOALF,2026-09-01,39,39,2026-09-01T18:07:00Z,2026-09-01T18:15:00Z,97,97,55233,2026-09-01T18:02:00Z,False,False,ORI,False,False,LKSDB-1,T_LKSDB-1
BOALF,2026-09-01,39,39,2026-09-01T18:06:00Z,2026-09-01T18:07:00Z,81,97,55233,2026-09-01T18:02:00Z,False,False,ORI,False,False,LKSDB-1,T_LKSDB-1
BOALF,2026-09-01,38,38,2026-09-01T17:58:00Z,2026-09-01T17:59:00Z,-99,0,55232,2026-09-01T17:46:00Z,False,False,ORI,False,False,LKSDB-1,T_LKSDB-1
BOALF,2026-09-01,38,38,2026-09-01T17:54:00Z,2026-09-01T17:58:00Z,-99,-99,55232,2026-09-01T17:46:00Z,False,False,ORI,False,False,LKSDB-1,T_LKSDB-1
BOALF,2026-09-01,38,38,2026-09-01T17:54:00Z,2026-09-01T17:55:00Z,-99,0,55231,2026-09-01T17:42:00Z,False,False,ORI,False,False,LKSDB-1,T_LKSDB-1
BOALF,2026-09-01,38,38,2026-09-01T17:47:00Z,2026-09-01T17:54:00Z,-99,-99,55231,2026-09-01T17:42:00Z,False,False,ORI,False,False,LKSDB-1,T_LKSDB-1
BOALF,2026-09-01,38,38,2026-09-01T17:47:00Z,2026-09-01T17:48:00Z,-99,0,55230,2026-09-01T17:31:00Z,False,False,ORI,False,False,LKSDB-1,T_LKSDB-1
BOALF,2026-09-01,38,38,2026-09-01T17:45:00Z,2026-09-01T17:47:00Z,-99,-99,55230,2026-09-01T17:31:00Z,False,False,ORI,False,False,LKSDB-1,T_LKSDB-1
BOALF,2026-09-01,38,38,2026-09-01T17:45:00Z,2026-09-01T17:46:00Z,-99,0,55229,2026-09-01T17:24:00Z,False,False,ORI,False,False,LKSDB-1,T_LKSDB-1
BOALF,2026-09-01,38,38,2026-09-01T17:31:00Z,2026-09-01T17:45:00Z,-99,-99,55229,2026-09-01T17:24:00Z,False,False,ORI,False,False,LKSDB-1,T_LKSDB-1
BOALF,2026-09-01,38,38,2026-09-01T17:30:00Z,2026-09-01T17:31:00Z,0,-99,55229,2026-09-01T17:24:00Z,False,False,ORI,False,False,LKSDB-1,T_LKSDB-1
BOALF,2026-09-01,13,14,2026-09-01T05:29:00Z,2026-09-01T05:30:00Z,0,8,55228,2026-09-01T05:10:00Z,False,False,ORI,False,False,LKSDB-1,T_LKSDB-1
BOALF,2026-09-01,13,13,2026-09-01T05:24:00Z,2026-09-01T05:29:00Z,0,0,55228,2026-09-01T05:10:00Z,False,False,ORI,False,False,LKSDB-1,T_LKSDB-1
BOALF,2026-09-01,13,13,2026-09-01T05:24:00Z,2026-09-01T05:25:00Z,0,8,55227,2026-09-01T05:06:00Z,False,False,ORI,False,False,LKSDB-1,T_LKSDB-1
BOALF,2026-09-01,13,13,2026-09-01T05:23:00Z,2026-09-01T05:24:00Z,0,8,55226,2026-09-01T05:00:00Z,False,False,ORI,False,False,LKSDB-1,T_LKSDB-1
BOALF,2026-09-01,13,13,2026-09-01T05:23:00Z,2026-09-01T05:24:00Z,0,0,55227,2026-09-01T05:06:00Z,False,False,ORI,False,False,LKSDB-1,T_LKSDB-1
BOALF,2026-09-01,13,13,2026-09-01T05:15:00Z,2026-09-01T05:23:00Z,0,0,55226,2026-09-01T05:00:00Z,False,False,ORI,False,False,LKSDB-1,T_LKSDB-1
BOALF,2026-09-01,13,13,2026-09-01T05:15:00Z,2026-09-01T05:16:00Z,0,8,55225,2026-09-01T04:53:00Z,False,False,ORI,False,False,LKSDB-1,T_LKSDB-1
BOALF,2026-09-01,13,13,2026-09-01T05:09:00Z,2026-09-01T05:15:00Z,0,0,55225,2026-09-01T04:53:00Z,False,False,ORI,False,False,LKSDB-1,T_LKSDB-1
BOALF,2026-09-01,13,13,2026-09-01T05:09:00Z,2026-09-01T05:10:00Z,0,8,55224,2026-09-01T04:43:00Z,False,False,ORI,False,False,LKSDB-1,T_LKSDB-1
BOALF,2026-09-01,12,13,2026-09-01T04:59:00Z,2026-09-01T05:09:00Z,0,0,55224,2026-09-01T04:43:00Z,False,False,ORI,False,False,LKSDB-1,T_LKSDB-1
BOALF,2026-09-01,12,13,2026-09-01T04:59:00Z,2026-09-01T05:00:00Z,0,8,55223,2026-09-01T04:41:00Z,False,False,ORI,False,False,LKSDB-1,T_LKSDB-1
BOALF,2026-09-01,12,12,2026-09-01T04:57:00Z,2026-09-01T04:59:00Z,0,0,55223,2026-09-01T04:41:00Z,False,False,ORI,False,False,LKSDB-1,T_LKSDB-1
BOALF,2026-09-01,12,12,2026-09-01T04:57:00Z,2026-09-01T04:58:00Z,0,8,55222,2026-09-01T04:38:00Z,False,False,ORI,False,False,LKSDB-1,T_LKSDB-1
BOALF,2026-09-01,12,12,2026-09-01T04:53:00Z,2026-09-01T04:57:00Z,0,0,55222,2026-09-01T04:38:00Z,False,False,ORI,False,False,LKSDB-1,T_LKSDB-1
BOALF,2026-09-01,12,12,2026-09-01T04:53:00Z,2026-09-01T04:54:00Z,0,8,55221,2026-09-01T04:27:00Z,False,False,ORI,False,False,LKSDB-1,T_LKSDB-1
BOALF,2026-09-01,12,12,2026-09-01T04:35:00Z,2026-09-01T04:53:00Z,0,0,55221,2026-09-01T04:27:00Z,False,False,ORI,False,False,LKSDB-1,T_LKSDB-1
BOALF,2026-09-01,12,12,2026-09-01T04:35:00Z,2026-09-01T04:36:00Z,0,8,55220,2026-09-01T04:18:00Z,False,False,ORI,False,False,LKSDB-1,T_LKSDB-1
BOALF,2026-09-01,12,12,2026-09-01T04:32:00Z,2026-09-01T04:33:00Z,1,8,55219,2026-09-01T04:14:00Z,False,False,ORI,False,False,LKSDB-1,T_LKSDB-1
BOALF,2026-09-01,12,12,2026-09-01T04:31:00Z,2026-09-01T04:35:00Z,0,0,55220,2026-09-01T04:18:00Z,False,False,ORI,False,False,LKSDB-1,T_LKSDB-1
BOALF,2026-09-01,12,12,2026-09-01T04:30:00Z,2026-09-01T04:31:00Z,1,0,55220,2026-09-01T04:18:00Z,False,False,ORI,False,False,LKSDB-1,T_LKSDB-1
BOALF,2026-09-01,11,12,2026-09-01T04:28:00Z,2026-09-01T04:32:00Z,1,1,55219,2026-09-01T04:14:00Z,False,False,ORI,False,False,LKSDB-1,T_LKSDB-1
BOALF,2026-09-01,11,11,2026-09-01T04:28:00Z,2026-09-01T04:29:00Z,1,8,55218,2026-09-01T04:10:00Z,False,False,ORI,False,False,LKSDB-1,T_LKSDB-1
BOALF,2026-09-01,11,11,2026-09-01T04:23:00Z,2026-09-01T04:28:00Z,1,1,55218,2026-09-01T04:10:00Z,False,False,ORI,False,False,LKSDB-1,T_LKSDB-1
BOALF,2026-09-01,11,11,2026-09-01T04:23:00Z,2026-09-01T04:24:00Z,1,8,55217,2026-09-01T04:04:00Z,False,False,ORI,False,False,LKSDB-1,T_LKSDB-1
BOALF,2026-09-01,11,11,2026-09-01T04:22:00Z,2026-09-01T04:23:00Z,1,8,55216,2026-09-01T04:00:00Z,False,False,ORI,False,False,LKSDB-1,T_LKSDB-1
BOALF,2026-09-01,11,11,2026-09-01T04:22:00Z,2026-09-01T04:23:00Z,1,1,55217,2026-09-01T04:04:00Z,False,False,ORI,False,False,LKSDB-1,T_LKSDB-1
BOALF,2026-09-01,11,11,2026-09-01T04:17:00Z,2026-09-01T04:22:00Z,1,1,55216,2026-09-01T04:00:00Z,False,False,ORI,False,False,LKSDB-1,T_LKSDB-1
BOALF,2026-09-01,11,11,2026-09-01T04:17:00Z,2026-09-01T04:18:00Z,1,8,55215,2026-09-01T03:58:00Z,False,False,ORI,False,False,LKSDB-1,T_LKSDB-1
BOALF,2026-09-01,11,11,2026-09-01T04:05:00Z,2026-09-01T04:17:00Z,1,1,55215,2026-09-01T03:58:00Z,False,False,ORI,False,False,LKSDB-1,T_LKSDB-1
BOALF,2026-09-01,11,11,2026-09-01T04:04:00Z,2026-09-01T04:05:00Z,8,1,55215,2026-09-01T03:58:00Z,False,False,ORI,False,False,LKSDB-1,T_LKSDB-1
BOALF,2026-09-01,8,9,2026-09-01T02:53:00Z,2026-09-01T03:00:00Z,0,0,55214,2026-09-01T02:50:00Z,False,False,ORI,False,False,LKSDB-1,T_LKSDB-1
BOALF,2026-09-01,8,8,2026-09-01T02:52:00Z,2026-09-01T02:53:00Z,8,0,55214,2026-09-01T02:50:00Z,False,False,ORI,False,False,LKSDB-1,T_LKSDB-1
BOALF,2026-09-01,8,8,2026-09-01T02:46:00Z,2026-09-01T02:47:00Z,0,8,55213,2026-09-01T02:33:00Z,False,False,ORI,False,False,LKSDB-1,T_LKSDB-1
BOALF,2026-09-01,8,8,2026-09-01T02:38:00Z,2026-09-01T02:46:00Z,0,0,55213,2026-09-01T02:33:00Z,False,False,ORI,False,False,LKSDB-1,T_LKSDB-1
BOALF,2026-09-01,8,8,2026-09-01T02:38:00Z,2026-09-01T02:39:00Z,0,8,55212,2026-09-01T02:24:00Z,False,False,ORI,False,False,LKSDB-1,T_LKSDB-1
BOALF,2026-09-01,7,8,2026-09-01T02:29:00Z,2026-09-01T02:38:00Z,0,0,55212,2026-09-01T02:24:00Z,False,False,ORI,False,False,LKSDB-1,T_LKSDB-1
BOALF,2026-09-01,7,8,2026-09-01T02:29:00Z,2026-09-01T02:30:00Z,0,8,55211,2026-09-01T02:09:00Z,False,False,ORI,False,False,LKSDB-1,T_LKSDB-1
BOALF,2026-09-01,7,7,2026-09-01T02:13:00Z,2026-09-01T02:29:00Z,0,0,55211,2026-09-01T02:09:00Z,False,False,ORI,False,False,LKSDB-1,T_LKSDB-1
BOALF,2026-09-01,7,7,2026-09-01T02:13:00Z,2026-09-01T02:14:00Z,0,8,55210,2026-09-01T01:55:00Z,False,False,ORI,False,False,LKSDB-1,T_LKSDB-1
BOALF,2026-09-01,7,7,2026-09-01T02:06:00Z,2026-09-01T02:13:00Z,0,0,55210,2026-09-01T01:55:00Z,False,False,ORI,False,False,LKSDB-1,T_LKSDB-1
BOALF,2026-09-01,7,7,2026-09-01T02:06:00Z,2026-09-01T02:07:00Z,0,8,55209,2026-09-01T01:47:00Z,False,False,ORI,False,False,LKSDB-1,T_LKSDB-1
BOALF,2026-09-01,7,7,2026-09-01T02:02:00Z,2026-09-01T02:06:00Z,0,0,55209,2026-09-01T01:47:00Z,False,False,ORI,False,False,LKSDB-1,T_LKSDB-1
BOALF,2026-09-01,7,7,2026-09-01T02:02:00Z,2026-09-01T02:03:00Z,0,8,55208,2026-09-01T01:34:00Z,False,False,ORI,False,False,LKSDB-1,T_LKSDB-1
BOALF,2026-09-01,7,7,2026-09-01T02:00:00Z,2026-09-01T02:02:00Z,0,0,55208,2026-09-01T01:34:00Z,False,False,ORI,False,False,LKSDB-1,T_LKSDB-1
BOALF,2026-09-01,5,5,2026-09-01T01:01:00Z,2026-09-01T01:02:00Z,-99,0,55207,2026-09-01T00:43:00Z,False,False,ORI,False,False,LKSDB-1,T_LKSDB-1
BOALF,2026-09-01,4,4,2026-09-01T00:50:00Z,2026-09-01T00:51:00Z,0,57,55206,2026-09-01T00:34:00Z,False,False,ORI,False,False,LKSDB-1,T_LKSDB-1
BOALF,2026-09-01,4,5,2026-09-01T00:49:00Z,2026-09-01T01:01:00Z,-99,-99,55207,2026-09-01T00:43:00Z,False,False,ORI,False,False,LKSDB-1,T_LKSDB-1
BOALF,2026-09-01,4,4,2026-09-01T00:49:00Z,2026-09-01T00:50:00Z,-99,0,55206,2026-09-01T00:34:00Z,False,False,ORI,False,False,LKSDB-1,T_LKSDB-1
BOALF,2026-09-01,4,4,2026-09-01T00:47:00Z,2026-09-01T00:48:00Z,0,57,55205,2026-09-01T00:28:00Z,False,False,ORI,False,False,LKSDB-1,T_LKSDB-1
BOALF,2026-09-01,4,4,2026-09-01T00:46:00Z,2026-09-01T00:49:00Z,-99,-99,55206,2026-09-01T00:34:00Z,False,False,ORI,False,False,LKSDB-1,T_LKSDB-1
BOALF,2026-09-01,4,4,2026-09-01T00:46:00Z,2026-09-01T00:47:00Z,-99,0,55205,2026-09-01T00:28:00Z,False,False,ORI,False,False,LKSDB-1,T_LKSDB-1
BOALF,2026-09-01,4,4,2026-09-01T00:44:00Z,2026-09-01T00:45:00Z,-8,0,55202,2026-09-01T00:16:00Z,False,False,ORI,False,False,LKSDB-1,T_LKSDB-1
BOALF,2026-09-01,4,4,2026-09-01T00:41:00Z,2026-09-01T00:44:00Z,-8,-8,55202,2026-09-01T00:16:00Z,False,False,ORI,False,False,LKSDB-1,T_LKSDB-1
BOALF,2026-09-01,4,4,2026-09-01T00:41:00Z,2026-09-01T00:42:00Z,0,57,55201,2026-09-01T00:15:00Z,False,False,ORI,False,False,LKSDB-1,T_LKSDB-1
BOALF,2026-09-01,4,4,2026-09-01T00:40:00Z,2026-09-01T00:41:00Z,-63,0,55201,2026-09-01T00:15:00Z,False,False,ORI,False,False,LKSDB-1,T_LKSDB-1
BOALF,2026-09-01,4,4,2026-09-01T00:40:00Z,2026-09-01T00:41:00Z,-63,-8,55202,2026-09-01T00:16:00Z,False,False,ORI,False,False,LKSDB-1,T_LKSDB-1
BOALF,2026-09-01,4,4,2026-09-01T00:36:00Z,2026-09-01T00:46:00Z,-99,-99,55205,2026-09-01T00:28:00Z,False,False,ORI,False,False,LKSDB-1,T_LKSDB-1
BOALF,2026-09-01,4,4,2026-09-01T00:36:00Z,2026-09-01T00:40:00Z,-63,-63,55201,2026-09-01T00:15:00Z,False,False,ORI,False,False,LKSDB-1,T_LKSDB-1
BOALF,2026-09-01,4,4,2026-09-01T00:36:00Z,2026-09-01T00:37:00Z,0,57,55197,2026-09-01T00:07:00Z,False,False,ORI,False,False,LKSDB-1,T_LKSDB-1
BOALF,2026-09-01,4,4,2026-09-01T00:35:00Z,2026-09-01T00:36:00Z,-17,0,55200,2026-09-01T00:14:00Z,False,False,ORI,False,False,LKSDB-1,T_LKSDB-1
BOALF,2026-09-01,4,4,2026-09-01T00:35:00Z,2026-09-01T00:36:00Z,-17,-63,55201,2026-09-01T00:15:00Z,False,False,ORI,False,False,LKSDB-1,T_LKSDB-1
BOALF,2026-09-01,4,4,2026-09-01T00:35:00Z,2026-09-01T00:36:00Z,-17,-99,55205,2026-09-01T00:28:00Z,False,False,ORI,False,False,LKSDB-1,T_LKSDB-1
BOALF,2026-09-01,4,4,2026-09-01T00:33:00Z,2026-09-01T00:36:00Z,0,0,55197,2026-09-01T00:07:00Z,False,False,ORI,False,False,LKSDB-1,T_LKSDB-1
BOALF,2026-09-01,4,4,2026-09-01T00:33:00Z,2026-09-01T00:35:00Z,-17,-17,55200,2026-09-01T00:14:00Z,False,False,ORI,False,False,LKSDB-1,T_LKSDB-1
BOALF,2026-09-01,4,4,2026-09-01T00:33:00Z,2026-09-01T00:34:00Z,0,57,55196,2026-09-01T00:06:00Z,False,False,ORI,False,False,LKSDB-1,T_LKSDB-1
BOALF,2026-09-01,4,4,2026-09-01T00:32:00Z,2026-09-01T00:33:00Z,-99,0,55196,2026-09-01T00:06:00Z,False,False,ORI,False,False,LKSDB-1,T_LKSDB-1
BOALF,2026-09-01,4,4,2026-09-01T00:32:00Z,2026-09-01T00:33:00Z,-99,-17,55200,2026-09-01T00:14:00Z,False,False,ORI,False,False,LKSDB-1,T_LKSDB-1
BOALF,2026-09-01,4,4,2026-09-01T00:30:00Z,2026-09-01T00:32:00Z,-99,-99,55196,2026-09-01T00:06:00Z,False,False,ORI,False,False,LKSDB-1,T_LKSDB-1
BOALF,2026-09-01,3,4,2026-09-01T00:29:00Z,2026-09-01T00:30:00Z,0,10,55195,2026-09-01T00:05:00Z,False,False,ORI,False,False,LKSDB-1,T_LKSDB-1
BOALF,2026-09-01,3,4,2026-09-01T00:29:00Z,2026-09-01T00:30:00Z,0,-99,55196,2026-09-01T00:06:00Z,False,False,ORI,False,False,LKSDB-1,T_LKSDB-1
BOALF,2026-09-01,3,4,2026-09-01T00:29:00Z,2026-09-01T00:30:00Z,-62,-99,55203,2026-09-01T00:20:00Z,False,False,ORI,False,False,LKSDB-1,T_LKSDB-1
BOALF,2026-09-01,3,4,2026-09-01T00:29:00Z,2026-09-01T00:30:00Z,-99,-99,55204,2026-09-01T00:26:00Z,False,False,ORI,False,False,LKSDB-1,T_LKSDB-1
BOALF,2026-09-01,3,3,2026-09-01T00:28:00Z,2026-09-01T00:29:00Z,-62,-99,55204,2026-09-01T00:26:00Z,False,False,ORI,False,False,LKSDB-1,T_LKSDB-1
BOALF,2026-09-01,3,3,2026-09-01T00:26:00Z,2026-09-01T00:29:00Z,-62,-62,55203,2026-09-01T00:20:00Z,False,False,ORI,False,False,LKSDB-1,T_LKSDB-1
BOALF,2026-09-01,3,3,2026-09-01T00:25:00Z,2026-09-01T00:29:00Z,0,0,55195,2026-09-01T00:05:00Z,False,False,ORI,False,False,LKSDB-1,T_LKSDB-1
BOALF,2026-09-01,3,3,2026-09-01T00:25:00Z,2026-09-01T00:26:00Z,-94,0,55199,2026-09-01T00:10:00Z,False,False,ORI,False,False,LKSDB-1,T_LKSDB-1
BOALF,2026-09-01,3,3,2026-09-01T00:25:00Z,2026-09-01T00:26:00Z,-94,-62,55203,2026-09-01T00:20:00Z,False,False,ORI,False,False,LKSDB-1,T_LKSDB-1
BOALF,2026-09-01,3,3,2026-09-01T00:24:00Z,2026-09-01T00:25:00Z,-11,0,55194,2026-09-01T00:04:00Z,False,False,ORI,False,False,LKSDB-1,T_LKSDB-1
BOALF,2026-09-01,3,3,2026-09-01T00:24:00Z,2026-09-01T00:25:00Z,-11,0,55195,2026-09-01T00:05:00Z,False,False,ORI,False,False,LKSDB-1,T_LKSDB-1
BOALF,2026-09-01,3,3,2026-09-01T00:22:00Z,2026-09-01T00:24:00Z,-11,-11,55194,2026-09-01T00:04:00Z,False,False,ORI,False,False,LKSDB-1,T_LKSDB-1
BOALF,2026-09-01,3,3,2026-09-01T00:21:00Z,2026-09-01T00:22:00Z,0,10,55193,2026-09-01T00:03:00Z,False,False,ORI,False,False,LKSDB-1,T_LKSDB-1
BOALF,2026-09-01,3,3,2026-09-01T00:21:00Z,2026-09-01T00:22:00Z,0,-11,55194,2026-09-01T00:04:00Z,False,False,ORI,False,False,LKSDB-1,T_LKSDB-1
BOALF,2026-09-01,3,3,2026-09-01T00:18:00Z,2026-09-01T00:25:00Z,-94,-94,55199,2026-09-01T00:10:00Z,False,False,ORI,False,False,LKSDB-1,T_LKSDB-1
BOALF,2026-09-01,3,3,2026-09-01T00:18:00Z,2026-09-01T00:21:00Z,0,0,55193,2026-09-01T00:03:00Z,False,False,ORI,False,False,LKSDB-1,T_LKSDB-1
BOALF,2026-09-01,3,3,2026-09-01T00:18:00Z,2026-09-01T00:19:00Z,0,10,55191,2026-08-31T23:55:00Z,False,False,ORI,False,False,LKSDB-1,T_LKSDB-1
BOALF,2026-09-01,3,3,2026-09-01T00:17:00Z,2026-09-01T00:18:00Z,0,-94,55199,2026-09-01T00:10:00Z,False,False,ORI,False,False,LKSDB-1,T_LKSDB-1
BOALF,2026-09-01,3,3,2026-09-01T00:14:00Z,2026-09-01T00:15:00Z,-55,0,55198,2026-09-01T00:08:00Z,False,False,ORI,False,False,LKSDB-1,T_LKSDB-1
BOALF,2026-09-01,3,3,2026-09-01T00:11:00Z,2026-09-01T00:14:00Z,-55,-55,55198,2026-09-01T00:08:00Z,False,False,ORI,False,False,LKSDB-1,T_LKSDB-1
BOALF,2026-09-01,3,3,2026-09-01T00:10:00Z,2026-09-01T00:11:00Z,0,-55,55198,2026-09-01T00:08:00Z,False,False,ORI,False,False,LKSDB-1,T_LKSDB-1
BOALF,2026-09-01,3,3,2026-09-01T00:00:00Z,2026-09-01T00:18:00Z,0,0,55191,2026-08-31T23:55:00Z,False,False,ORI,False,False,LKSDB-1,T_LKSDB-1
BOALF,2026-09-01,3,3,2026-09-01T00:00:00Z,2026-09-01T00:01:00Z,-99,0,55192,2026-08-31T23:57:00Z,False,False,ORI,False,False,LKSDB-1,T_LKSDB-1
