settlementDate,settlementPeriod,startTime,createdDateTime,systemSellPrice,systemBuyPrice,bsadDefaulted,priceDerivationCode,reserveScarcityPrice,netImbalanceVolume,sellPriceAdjustment,buyPriceAdjustment,replacementPrice,replacementPriceReferenceVolume,totalAcceptedOfferVolume,totalAcceptedBidVolume,totalAdjustmentSellVolume,totalAdjustmentBuyVolume,totalSystemTaggedAcceptedOfferVolume,totalSystemTaggedAcceptedBidVolume,totalSystemTaggedAdjustmentSellVolume,totalSystemTaggedAdjustmentBuyVolume
2026-09-01,1,2026-08-31T23:00:00Z,2026-09-01T23:44:26Z,116.54999999999998,116.54999999999998,False,N,0.0,-18.561900484496125,0.0,0.0,,,555.5000003154958,-691.8583290956072,0.0,117.5,555.5000003154958,-690.8583290956072,,117.5
2026-09-01,2,2026-08-31T23:30:00Z,2026-09-02T00:14:27Z,143.67,143.67,False,P,0.0,63.102701805555554,0.0,0.0,143.67,0.0,592.1809086111111,-647.3600759722223,0.0,117.5,591.1809086111111,-647.3600759722223,,117.5
2026-09-01,3,2026-09-01T00:00:00Z,2026-09-02T00:44:28Z,110.0458777822794,110.0458777822794,False,N,0.0,-263.12502805555556,0.0,0.0,,,678.53586,-1059.8358616666667,0.0,117.5,678.53586,-1058.8358616666667,,117.5
2026-09-01,4,2026-09-01T00:30:00Z,2026-09-02T01:14:26Z,98.18,98.18,False,N,0.0,-448.49178653968215,0.0,0.0,,,632.7569224726689,-1198.9551660937757,0.0,117.5,632.7569224726689,-1197.9551660937757,,117.5
2026-09-01,5,2026-09-01T01:00:00Z,2026-09-02T01:44:31Z,120.78,120.78,False,P,0.0,135.558366718528,0.0,0.0,120.78,0.0,570.5,-554.5181318915785,0.0,117.5,569.5,-554.5181318915785,,117.5
2026-09-01,6,2026-09-01T01:30:00Z,2026-09-02T02:16:33Z,97.48144983408496,97.48144983408496,False,N,0.0,-70.63457111111111,0.0,0.0,,,570.6713644444444,-759.38802875,0.0,117.5,570.6713644444444,-758.38802875,,117.5
2026-09-01,7,2026-09-01T02:00:00Z,2026-09-02T02:44:53Z,117.76,117.76,False,P,0.0,90.07767597143518,0.0,0.0,117.76,0.0,570.7957589386875,-598.9873934730092,0.0,117.5,569.7957589386875,-598.9873934730092,,117.5
2026-09-01,8,2026-09-01T02:30:00Z,2026-09-02T03:14:33Z,170.1126831479222,170.1126831479222,False,P,0.0,135.85051475425254,0.0,0.0,169.60266305,1.0,570.9117496330501,-552.8700825790954,0.0,117.5,569.9117496330501,-552.8700825790954,,117.5
2026-09-01,9,2026-09-01T03:00:00Z,2026-09-02T03:44:28Z,123.23,123.23,False,P,0.0,68.95418831977729,0.0,0.0,123.23,0.0,570.5463141616223,-620.015533902445,0.0,117.5,569.5463141616223,-620.015533902445,,117.5
2026-09-01,10,2026-09-01T03:30:00Z,2026-09-02T04:14:31Z,183.0,183.0,False,P,0.0,272.0325026529272,0.0,0.0,,,541.3005556804061,-387.159719569295,0.0,117.5,540.3005556804061,-387.159719569295,,117.5
2026-09-01,11,2026-09-01T04:00:00Z,2026-09-02T04:44:30Z,176.88979591836735,176.88979591836735,False,P,0.0,499.8126742551928,0.0,0.0,,,568.6127784432199,-936.3884368559184,0.0,867.5,568.6127784432199,-936.3884368559184,,866.5
2026-09-01,12,2026-09-01T04:30:00Z,2026-09-02T05:14:40Z,175.86,175.86,False,P,0.0,416.08271756933885,0.0,0.0,,,838.1274969063167,-1289.6682937142386,0.0,867.5,838.1274969063167,-1289.6682937142386,,866.5
2026-09-01,13,2026-09-01T05:00:00Z,2026-09-02T05:45:03Z,177.27,177.27,False,P,0.0,8.910047173949074,0.0,0.0,,,953.4758123167917,-1811.9149994927177,0.0,867.5,953.4758123167917,-1811.9149994927177,,866.5
2026-09-01,14,2026-09-01T05:30:00Z,2026-09-02T06:14:27Z,183.27013698630137,183.27013698630137,False,P,0.0,280.8790461574074,0.0,0.0,,,989.2851668055556,-1576.190398287037,0.0,867.5,989.2851668055556,-1576.190398287037,,866.5
2026-09-01,15,2026-09-01T06:00:00Z,2026-09-02T06:44:32Z,92.0,92.0,False,N,0.0,-381.4571423214286,0.0,0.0,,,1132.2070783267195,-1763.8104160714286,0.0,250.0,1132.2070783267195,-1762.8104160714286,,250.0
2026-09-01,16,2026-09-01T06:30:00Z,2026-09-02T07:14:30Z,76.01,76.01,False,N,0.0,-373.42944657944923,0.0,0.0,,,1185.0319158075652,-1809.1391401647923,0.0,250.0,1185.0319158075652,-1808.1391401647923,,250.0
2026-09-01,17,2026-09-01T07:00:00Z,2026-09-02T07:44:24Z,191.9,191.9,False,P,0.0,6.9428608333333335,0.0,0.0,,,1292.4,-1285.89999625,0.0,0.0,1291.4,-1285.89999625,,
2026-09-01,18,2026-09-01T07:30:00Z,2026-09-02T08:14:28Z,191.9,191.9,False,P,0.0,21.03333472222222,0.0,0.0,,,1420.0,-1398.999998611111,0.0,0.0,1419.0,-1398.999998611111,,
2026-09-01,19,2026-09-01T08:00:00Z,2026-09-02T08:44:33Z,50.0,50.0,False,N,0.0,-137.52357704248365,0.0,0.0,50.0,1.0,1440.066978513072,-1577.833745156396,0.0,0.0,1440.066978513072,-1576.833745156396,,
2026-09-01,20,2026-09-01T08:30:00Z,2026-09-02T09:14:40Z,36.75999999999999,36.75999999999999,False,N,0.0,-412.4460051964286,0.0,0.0,36.76,1.0,1446.3487188313493,-1859.251605656746,0.0,0.0,1446.3487188313493,-1858.251605656746,,
2026-09-01,21,2026-09-01T09:00:00Z,2026-09-02T09:44:26Z,31.6881669932788,31.6881669932788,False,N,0.0,-340.117656649394,0.0,0.0,34.068,1.0,1608.3043454902072,-1948.821103454581,0.0,0.0,1608.3043454902072,-1947.821103454581,,
2026-09-01,22,2026-09-01T09:30:00Z,2026-09-02T10:14:25Z,37.61999999999999,37.61999999999999,False,N,0.0,-561.2649406915895,0.0,0.0,37.62,1.0,1525.3615385024257,-2087.037589986461,0.0,0.0,1525.3615385024257,-2086.037589986461,,
2026-09-01,23,2026-09-01T10:00:00Z,2026-09-02T10:44:26Z,41.38,41.38,False,N,0.0,-699.335311468254,0.0,0.0,41.38,0.0,1552.0164715873016,-2251.3425144444445,0.0,0.0,1552.0164715873016,-2250.3425144444445,,
2026-09-01,24,2026-09-01T10:30:00Z,2026-09-02T11:14:32Z,40.18999999999999,40.18999999999999,False,N,0.0,-914.7886928373016,0.0,0.0,40.19,0.0,1507.669365079365,-2422.3663919444443,0.0,0.0,1507.669365079365,-2421.3663919444443,,
2026-09-01,25,2026-09-01T11:00:00Z,2026-09-02T11:44:26Z,37.65999999999999,37.65999999999999,False,N,0.0,-762.2760013238673,0.0,0.0,37.66,0.0,1640.2747833983549,-2402.52082940295,0.0,0.0,1640.2747833983549,-2401.52082940295,,
2026-09-01,26,2026-09-01T11:30:00Z,2026-09-02T12:14:23Z,38.14999999999999,38.14999999999999,False,N,0.0,-738.9896559064327,0.0,0.0,38.15,0.0,1662.0438546491227,-2400.516666666667,0.0,0.0,1662.0438546491227,-2399.516666666667,,
2026-09-01,27,2026-09-01T12:00:00Z,2026-09-02T12:44:24Z,32.93999999999999,32.93999999999999,False,N,0.0,-1065.576418128655,0.0,0.0,32.94,0.0,1348.0730260380117,-2413.4527784722222,0.0,0.0,1348.0730260380117,-2412.4527784722222,,
2026-09-01,28,2026-09-01T12:30:00Z,2026-09-02T13:14:24Z,31.53999999999999,31.53999999999999,False,N,0.0,-1002.8263888888889,0.0,0.0,31.54,0.0,1403.7541666666666,-2406.0222222222224,0.0,0.0,1403.7541666666666,-2405.0222222222224,,
2026-09-01,29,2026-09-01T13:00:00Z,2026-09-02T13:44:30Z,37.0,37.0,False,N,0.0,-807.6996567973856,0.0,0.0,37.0,0.0,1633.663533480392,-2441.011111111111,0.0,0.0,1633.663533480392,-2440.011111111111,,
2026-09-01,30,2026-09-01T13:30:00Z,2026-09-02T14:16:52Z,44.21,44.21,False,N,0.0,-438.9074587173579,0.0,0.0,44.21,0.0,1924.5782939708142,-2363.366666666667,0.0,0.0,1924.5782939708142,-2362.366666666667,,
2026-09-01,31,2026-09-01T14:00:00Z,2026-09-02T14:44:28Z,22.90169550341626,22.90169550341626,False,N,0.0,-209.80920000298687,0.0,0.0,23.173965,1.0,2069.2052447192355,-2279.1402569444444,0.0,0.0,2069.2052447192355,-2278.1402569444444,,
2026-09-01,32,2026-09-01T14:30:00Z,2026-09-02T15:14:46Z,42.44397404856945,42.44397404856945,False,N,0.0,-22.431601545268947,0.0,0.0,42.76416666666667,1.0,2026.8388176213978,-2049.885184262036,0.0,0.0,2026.8388176213978,-2048.885184262036,,
2026-09-01,33,2026-09-01T15:00:00Z,2026-09-02T15:44:23Z,158.75,158.75,False,P,0.0,55.43877057805675,0.0,0.0,,,2056.3631367351677,-2001.9792283231095,0.0,0.0,2055.3631367351677,-2001.9792283231095,,
2026-09-01,34,2026-09-01T15:30:00Z,2026-09-02T16:14:33Z,112.87,112.87,False,N,0.0,-269.91324842243205,0.0,0.0,112.87,0.0,1558.2950849109013,-1828.1683337273164,0.0,0.0,1558.2950849109013,-1827.1683337273164,,
2026-09-01,35,2026-09-01T16:00:00Z,2026-09-02T16:44:22Z,100.0,100.0,False,N,0.0,-68.57899337793182,0.0,0.0,,,1002.9671732887349,-1840.6391666666666,0.0,769.45,1002.9671732887349,-1839.6391666666666,,769.45
2026-09-01,36,2026-09-01T16:30:00Z,2026-09-02T17:14:23Z,70.0,70.0,False,N,0.0,-292.8728090277778,0.0,0.0,,,942.361985205314,-2005.7750068055554,0.0,770.8,942.361985205314,-2004.7750068055554,,770.8
2026-09-01,37,2026-09-01T17:00:00Z,2026-09-02T17:44:29Z,201.59025641025642,201.59025641025642,False,P,0.0,438.17498918571164,0.0,0.0,,,1262.1642136301562,-1796.0261233333333,0.0,971.3,1262.1642136301562,-1796.0261233333333,,970.3
2026-09-01,38,2026-09-01T17:30:00Z,2026-09-02T18:14:24Z,201.3,201.3,False,P,0.0,352.62534852400216,0.0,0.0,,,1188.470616688788,-1806.8575456426645,0.0,971.6,1188.470616688788,-1806.8575456426645,,970.6
2026-09-01,39,2026-09-01T18:00:00Z,2026-09-02T18:44:27Z,205.0,205.0,False,P,0.0,66.18567902777778,0.0,0.0,,,1211.1205586742408,-2067.428878535352,0.0,922.8,1210.1205586742408,-2067.428878535352,,922.8
2026-09-01,40,2026-09-01T18:30:00Z,2026-09-02T19:14:26Z,194.0,194.0,False,P,0.0,131.50486708333332,0.0,0.0,,,1158.5166645833333,-1949.4944508333333,0.0,922.55,1157.5166645833333,-1949.4944508333333,,922.55
2026-09-01,41,2026-09-01T19:00:00Z,2026-09-02T19:44:27Z,194.0,194.0,False,P,0.0,65.96666497294372,0.0,0.0,,,1044.9416695436507,-1892.1875043326118,0.0,913.95,1043.9416695436507,-1892.1875043326118,,913.95
2026-09-01,42,2026-09-01T19:30:00Z,2026-09-02T20:14:22Z,197.56,197.56,False,P,0.0,174.97735269636016,0.0,0.0,,,1018.675005775862,-1752.0919489703065,0.0,908.95,1018.675005775862,-1752.0919489703065,,907.95
2026-09-01,43,2026-09-01T20:00:00Z,2026-09-02T20:44:46Z,192.3,192.3,False,P,0.0,217.0401947041847,0.0,0.0,,,974.6003788888889,-1665.345221962482,0.0,908.15,974.6003788888889,-1665.345221962482,,907.15
2026-09-01,44,2026-09-01T20:30:00Z,2026-09-02T21:14:52Z,123.9,123.9,False,N,0.0,-147.34235557780184,0.0,0.0,,,939.176671876114,-1988.8529787039158,0.0,903.35,939.176671876114,-1987.8529787039158,,903.35
2026-09-01,45,2026-09-01T21:00:00Z,2026-09-02T21:44:36Z,108.0,108.0,False,N,0.0,-314.24569196368446,0.0,0.0,108.0,1.0,847.3444508333333,-1162.434796130351,0.0,0.0,847.3444508333333,-1161.434796130351,,
2026-09-01,46,2026-09-01T21:30:00Z,2026-09-02T22:14:40Z,122.38923505341052,122.38923505341052,False,N,0.0,-36.94576642857143,0.0,0.0,122.466,1.0,739.8689161111112,-776.5452636507937,0.0,0.0,739.8689161111112,-775.5452636507937,,
2026-09-01,47,2026-09-01T22:00:00Z,2026-09-02T22:44:36Z,198.36,198.36,False,P,0.0,569.8297954960317,0.0,0.0,,,1133.425628829365,-563.4101538888889,0.0,0.0,1132.425628829365,-563.4101538888889,,
2026-09-01,48,2026-09-01T22:30:00Z,2026-09-02T23:14:36Z,194.0,194.0,False,P,0.0,217.80305819444445,0.0,0.0,,,694.1263888888889,-476.13610847222225,0.0,0.0,693.1263888888889,-476.13610847222225,,
2026-09-02,1,2026-09-01T23:00:00Z,2026-09-02T23:44:34Z,193.95,193.95,False,P,0.0,103.27688492063493,0.0,0.0,,,484.3956349206349,-382.05833333333334,0.0,0.0,483.3956349206349,-382.05833333333334,,
2026-09-02,2,2026-09-01T23:30:00Z,2026-09-03T00:14:32Z,192.25,192.25,False,P,0.0,64.14999014957264,0.0,0.0,,,457.82179487179485,-394.0166658333333,0.0,0.0,456.82179487179485,-394.0166658333333,,
2026-09-02,3,2026-09-02T00:00:00Z,2026-09-03T00:44:35Z,194.0,194.0,False,P,0.0,201.75494985042735,0.0,0.0,,,529.9365386930107,-328.495518051985,0.0,0.0,528.9365386930107,-328.495518051985,,
2026-09-02,4,2026-09-02T00:30:00Z,2026-09-03T01:15:06Z,184.85,184.85,False,P,0.0,88.72217055555555,0.0,0.0,,,541.9489825,-453.84064527777775,0.0,0.0,540.9489825,-453.84064527777775,,
2026-09-02,5,2026-09-02T01:00:00Z,2026-09-03T01:44:43Z,138.13,138.13,False,N,0.0,-56.82442986111111,0.0,0.0,,,544.6127604166667,-601.8544298611112,0.0,0.0,544.6127604166667,-600.8544298611112,,
2026-09-02,6,2026-09-02T01:30:00Z,2026-09-03T02:17:31Z,141.17,141.17,False,N,0.0,-15.611465052681993,0.0,0.0,,,541.01875,-557.2020761637931,0.0,0.0,541.01875,-556.2020761637931,,
2026-09-02,7,2026-09-02T02:00:00Z,2026-09-03T02:45:35Z,193.95,193.95,False,P,0.0,65.25230806623932,0.0,0.0,,,373.5083333333333,-309.06833317307695,0.0,0.0,372.5083333333333,-309.06833317307695,,
2026-09-02,8,2026-09-02T02:30:00Z,2026-09-03T03:14:37Z,136.15,136.15,False,N,0.0,-35.15934736111111,0.0,0.0,,,366.966,-402.84062513888887,0.0,0.0,366.966,-401.84062513888887,,
2026-09-02,9,2026-09-02T03:00:00Z,2026-09-03T03:44:33Z,143.41,143.41,False,N,0.0,-129.09284601850462,0.0,0.0,,,295.292338888875,-424.87517935183797,0.0,0.0,295.292338888875,-423.87517935183797,,
2026-09-02,10,2026-09-02T03:30:00Z,2026-09-03T04:14:58Z,193.95,193.95,False,P,0.0,57.51517962962963,0.0,0.0,,,265.0,-207.72648703703703,0.0,0.0,264.0,-207.72648703703703,,
2026-09-02,11,2026-09-02T04:00:00Z,2026-09-03T04:44:29Z,108.5,108.5,False,N,0.0,-46.391362840907405,0.0,0.0,,,7.57574074075e-07,-46.65833242424074,0.0,0.0,7.57574074075e-07,-45.65833242424074,,
2026-09-02,12,2026-09-02T04:30:00Z,2026-09-03T05:14:33Z,199.0,199.0,False,P,0.0,16.24999375,0.0,0.0,,,19.45834625,-3.941684583333333,0.0,0.0,18.45834625,-3.941684583333333,,
2026-09-02,13,2026-09-02T05:00:00Z,2026-09-03T05:44:39Z,192.00242652797786,192.00242652797786,False,P,0.0,5.519987218775012,0.0,0.0,,,29.19359096885664,-773.2920171461426,0.0,750.0,28.19359096885664,-773.2920171461426,,750.0
2026-09-02,14,2026-09-02T05:30:00Z,2026-09-03T06:14:34Z,205.88,205.88,False,P,0.0,29.311180564400793,0.0,0.0,,,13.400029997768518,-734.7111163800437,0.0,750.0,13.400029997768518,-734.7111163800437,,749.0
2026-09-02,15,2026-09-02T06:00:00Z,2026-09-03T06:44:31Z,198.4,198.4,False,P,0.0,9.914444893378226,0.0,0.0,,,6.066667777777778,-446.43163552328843,0.0,450.0,6.066667777777778,-446.43163552328843,,449.0
2026-09-02,16,2026-09-02T06:30:00Z,2026-09-03T07:14:37Z,200.47020408163266,200.47020408163266,False,P,0.0,88.65453376845377,0.0,0.0,,,2.9085047535744626,-364.6571033743981,0.0,450.0,2.9085047535744626,-364.6571033743981,,449.0
2026-09-02,17,2026-09-02T07:00:00Z,2026-09-03T07:44:32Z,200.0,200.0,False,P,0.0,122.27936611111112,0.0,0.0,,,164.25832444444444,-41.68333611111111,0.0,0.0,163.25832444444444,-41.68333611111111,,
2026-09-02,18,2026-09-02T07:30:00Z,2026-09-03T08:14:49Z,138.47,138.47,False,N,0.0,-21.653546782656086,0.0,0.0,,,90.1833358735635,-111.85083267911905,0.0,0.0,90.1833358735635,-110.85083267911905,,
2026-09-02,19,2026-09-02T08:00:00Z,2026-09-03T08:44:58Z,195.94846575556966,195.94846575556966,False,P,0.0,232.7573475,0.0,0.0,,,235.438095,-2.2380952777777776,0.0,0.0,234.438095,-2.2380952777777776,,
2026-09-02,20,2026-09-02T08:30:00Z,2026-09-03T09:14:31Z,200.07400520164575,200.07400520164575,False,P,0.0,522.0957387222222,0.0,0.0,,,522.6441565,-0.24418247222222222,0.0,0.0,521.6441565,-0.24418247222222222,,
2026-09-02,21,2026-09-02T09:00:00Z,2026-09-03T09:44:32Z,193.95,193.95,False,P,0.0,197.03201666666666,0.0,0.0,,,278.08916625,-81.00500180555555,0.0,0.0,277.08916625,-81.00500180555555,,
2026-09-02,22,2026-09-02T09:30:00Z,2026-09-03T10:15:11Z,192.0,192.0,False,P,0.0,94.00349666666666,0.0,0.0,,,269.0941213888889,-174.86079291666667,0.0,0.0,268.0941213888889,-174.86079291666667,,
2026-09-02,23,2026-09-02T10:00:00Z,2026-09-03T10:44:34Z,195.0,195.0,False,P,0.0,280.5483271553858,0.0,0.0,,,302.729620931142,-22.196313372640052,0.0,0.0,301.729620931142,-22.196313372640052,,
2026-09-02,24,2026-09-02T10:30:00Z,2026-09-03T11:15:05Z,193.95,193.95,False,P,0.0,201.19166666666666,0.0,0.0,,,209.40833333333333,-8.358333333333333,0.0,0.0,208.40833333333333,-8.358333333333333,,
2026-09-02,25,2026-09-02T11:00:00Z,2026-09-03T11:44:28Z,128.28,128.28,False,N,0.0,-30.976636111111112,0.0,0.0,,,168.01964601190278,-199.45256142856945,0.0,0.0,168.01964601190278,-198.45256142856945,,
2026-09-02,26,2026-09-02T11:30:00Z,2026-09-03T12:14:24Z,110.79999999999998,110.79999999999998,False,N,0.0,-197.90639162037036,0.0,0.0,,,153.843105,-351.99701662037035,0.0,0.0,153.843105,-350.99701662037035,,
2026-09-02,27,2026-09-02T12:00:00Z,2026-09-03T12:44:24Z,110.71,110.71,False,N,0.0,-154.78333333333333,0.0,0.0,,,187.84166666666667,-242.75833333333333,-100.0,0.0,187.84166666666667,-241.75833333333333,-100.0,
2026-09-02,28,2026-09-02T12:30:00Z,2026-09-03T13:14:25Z,128.56274069077674,128.56274069077674,False,N,0.0,-32.812280694444446,0.0,0.0,,,286.4364615277778,-219.61313180555555,-100.0,0.0,286.4364615277778,-218.61313180555555,-100.0,
2026-09-02,29,2026-09-02T13:00:00Z,2026-09-03T13:44:21Z,109.42,109.42,False,N,0.0,-269.9761826587302,0.0,0.0,,,192.51875097222222,-262.89970432539684,-200.0,0.0,192.51875097222222,-262.89970432539684,-199.0,
2026-09-02,30,2026-09-02T13:30:00Z,2026-09-03T14:14:21Z,109.42,109.42,False,N,0.0,-55.06750110042735,0.0,0.0,,,194.6841625,-49.76750110042735,-200.0,0.0,194.6841625,-49.76750110042735,-199.0,
2026-09-02,31,2026-09-02T14:00:00Z,2026-09-03T14:44:23Z,192.0,192.0,False,P,0.0,117.28287853046595,0.0,0.0,,,353.5471107526882,-236.438545,0.0,0.0,352.5471107526882,-236.438545,,
2026-09-02,32,2026-09-02T14:30:00Z,2026-09-03T15:14:23Z,191.9,191.9,False,P,0.0,9.71994561827957,0.0,0.0,,,564.1069715277778,-554.5200152150537,0.0,0.0,563.1069715277778,-554.5200152150537,,
2026-09-02,33,2026-09-02T15:00:00Z,2026-09-03T15:44:26Z,111.01,111.01,False,N,0.0,-586.863861568834,0.0,0.0,,,662.4514951992959,-1249.4753802413766,0.0,0.0,662.4514951992959,-1248.4753802413766,,
2026-09-02,34,2026-09-02T15:30:00Z,2026-09-03T16:14:20Z,111.4,111.4,False,N,0.0,-375.2049558080808,0.0,0.0,,,752.45625,-1128.0278724747475,0.0,0.0,752.45625,-1127.0278724747475,,
2026-09-02,35,2026-09-02T16:00:00Z,2026-09-03T16:44:21Z,240.0,240.0,False,P,0.0,366.7434144739057,0.0,0.0,,,735.0000011111111,-369.4583203872054,0.0,0.0,734.0000011111111,-369.4583203872054,,
2026-09-02,36,2026-09-02T16:30:00Z,2026-09-03T17:14:26Z,238.7,238.7,False,P,0.0,8.986683796296296,0.0,0.0,,,735.3167155555556,-726.4048717592592,0.0,0.0,734.3167155555556,-726.4048717592592,,
2026-09-02,37,2026-09-02T17:00:00Z,2026-09-03T17:44:30Z,183.73,183.73,False,P,0.0024,90.82798699124768,0.0,0.0,,,735.0711264809745,-1044.4444167587524,0.0,400.0,735.0711264809745,-1044.4444167587524,,399.0
2026-09-02,38,2026-09-02T17:30:00Z,2026-09-03T18:14:37Z,238.7,238.7,False,P,0.0048,422.1530095436508,0.0,0.0,,,736.7666636309524,-714.7404087896825,0.0,400.0,735.7666636309524,-714.7404087896825,,400.0
2026-09-02,39,2026-09-02T18:00:00Z,2026-09-03T18:44:35Z,236.0,236.0,False,P,0.0024,626.8440041137566,0.0,0.0,,,735.0277787962963,-758.9964324140211,0.0,650.0,735.0277787962963,-758.9964324140211,,649.0
2026-09-02,40,2026-09-02T18:30:00Z,2026-09-03T19:14:40Z,209.99,209.99,False,P,0.0006,283.32133228535355,0.0,0.0,,,735.0824686111112,-1102.1675941035353,0.0,650.0,735.0824686111112,-1102.1675941035353,,649.0
2026-09-02,41,2026-09-02T19:00:00Z,2026-09-03T19:44:38Z,201.21,201.21,False,P,0.0006,436.1587870580808,0.0,0.0,,,735.0166666666667,-919.1222221085859,0.0,620.5,735.0166666666667,-919.1222221085859,,619.5
2026-09-02,42,2026-09-02T19:30:00Z,2026-09-03T20:14:37Z,199.74,199.74,False,P,0.0,390.3309376851852,0.0,0.0,,,730.22675,-954.2610067592592,0.0,614.1,730.22675,-954.2610067592592,,613.1
2026-09-02,43,2026-09-02T20:00:00Z,2026-09-03T20:44:34Z,170.01,170.01,False,P,0.0,26.845545968660968,0.0,0.0,,,621.755372681624,-1104.8377873646723,0.0,509.9,621.755372681624,-1104.8377873646723,,508.9
2026-09-02,44,2026-09-02T20:30:00Z,2026-09-03T21:14:30Z,173.55,173.55,False,P,0.0,220.11082125,0.0,0.0,,,574.0187508333333,-862.2287620833333,0.0,508.6,574.0187508333333,-862.2287620833333,,507.6
2026-09-02,45,2026-09-02T21:00:00Z,2026-09-03T21:44:32Z,122.41,122.41,False,N,0.0,-71.69050260185185,0.0,0.0,,,777.2948214722222,-849.4409788796296,0.0,0.0,777.2948214722222,-848.4409788796296,,
2026-09-02,46,2026-09-02T21:30:00Z,2026-09-03T22:15:13Z,121.79999999999998,121.79999999999998,False,N,0.0,-54.46540618781954,0.0,0.0,,,1026.1933248263888,-1080.888691629288,0.0,0.0,1026.1933248263888,-1079.888691629288,,
2026-09-02,47,2026-09-02T22:00:00Z,2026-09-03T22:44:37Z,121.13,121.13,False,N,0.0,-129.78562504942064,0.0,0.0,,,1507.300336525611,-1755.087246787254,0.0,117.5,1507.300336525611,-1754.087246787254,,117.5
2026-09-02,48,2026-09-02T22:30:00Z,2026-09-03T23:14:54Z,116.74,116.74,False,N,0.0,-290.65070920957663,0.0,0.0,,,1767.3666692596112,-2176.5046043182724,0.0,117.5,1767.3666692596112,-2175.5046043182724,,117.5
2026-09-03,1,2026-09-02T23:00:00Z,2026-09-03T23:44:34Z,114.81,114.81,False,N,0.0,-200.8567160299385,0.0,0.0,,,1633.6166704545417,-1952.2245760299386,0.0,117.5,1633.6166704545417,-1951.2245760299386,,117.5
2026-09-03,2,2026-09-02T23:30:00Z,2026-09-04T00:15:08Z,160.69,160.69,False,P,0.0,17.913769777526188,0.0,0.0,,,1508.238918559533,-1608.1889193506163,0.0,117.5,1507.238918559533,-1608.1889193506163,,117.5
2026-09-03,3,2026-09-03T00:00:00Z,2026-09-04T00:44:27Z,100.188655191091,100.188655191091,False,N,0.0,-214.3613216269815,0.0,0.0,100.88,1.0,1314.0500012103148,-1646.255559821426,0.0,117.5,1314.0500012103148,-1645.255559821426,,117.5
2026-09-03,4,2026-09-03T00:30:00Z,2026-09-04T01:14:40Z,134.86,134.86,False,N,0.0,-92.43717272727272,0.0,0.0,134.86,0.0,1452.7597983838384,-1662.605304861111,0.0,117.5,1452.7597983838384,-1661.605304861111,,117.5
2026-09-03,5,2026-09-03T01:00:00Z,2026-09-04T01:44:25Z,93.3750352559644,93.3750352559644,False,N,0.0,-125.20999977272727,0.0,0.0,93.82948888888889,1.0,1454.738333560606,-1697.5682811111112,0.0,117.5,1454.738333560606,-1696.5682811111112,,117.5
2026-09-03,6,2026-09-03T01:30:00Z,2026-09-04T02:15:20Z,92.52453745265684,92.52453745265684,False,N,0.0,-185.12770958333334,0.0,0.0,93.52308333333333,1.0,1292.0250001388888,-1594.5691620833334,0.0,117.5,1292.0250001388888,-1593.5691620833334,,117.5
2026-09-03,7,2026-09-03T02:00:00Z,2026-09-04T02:45:13Z,128.55,128.55,False,N,0.0,-221.93799486111112,0.0,0.0,128.55,0.0,1297.5437505555556,-1636.9270826388888,0.0,117.5,1297.5437505555556,-1635.9270826388888,,117.5
2026-09-03,8,2026-09-03T02:30:00Z,2026-09-04T03:14:43Z,129.99,129.99,False,N,0.0,-117.24112309994658,0.0,0.0,129.99,0.0,1377.5054373167202,-1612.036564721768,0.0,117.5,1377.5054373167202,-1611.036564721768,,117.5
2026-09-03,9,2026-09-03T03:00:00Z,2026-09-04T03:44:28Z,135.3,135.3,False,N,0.0,-33.60174436507936,0.0,0.0,135.3,0.0,1519.7479868177163,-1670.7416666666666,0.0,117.5,1519.7479868177163,-1669.7416666666666,,117.5
2026-09-03,10,2026-09-03T03:30:00Z,2026-09-04T04:14:58Z,169.91,169.91,False,P,0.0,112.51006606422811,0.0,0.0,,,1766.8683993975615,-1771.8252720833334,0.0,117.5,1765.8683993975615,-1771.8252720833334,,117.5
2026-09-03,11,2026-09-03T04:00:00Z,2026-09-04T04:44:56Z,149.82,149.82,False,N,0.0,-43.5960840491453,0.0,0.0,149.82,0.0,1798.973081923077,-1959.5886104166666,0.0,117.5,1798.973081923077,-1958.5886104166666,,117.5
2026-09-03,12,2026-09-03T04:30:00Z,2026-09-04T05:14:27Z,183.95,183.95,False,P,0.0,94.7252670940171,0.0,0.0,,,1990.3795592329059,-2013.1876254722222,0.0,117.5,1989.3795592329059,-2013.1876254722222,,117.5
2026-09-03,13,2026-09-03T05:00:00Z,2026-09-04T05:44:57Z,80.0,80.0,False,N,0.0,-47.7819714514536,0.0,0.0,,,2202.68253201338,-2367.8314243653335,0.0,117.5,2202.68253201338,-2366.8314243653335,,117.5
2026-09-03,14,2026-09-03T05:30:00Z,2026-09-04T06:14:25Z,180.0,180.0,False,P,0.0,86.1101293042114,0.0,0.0,,,2461.114370676207,-2492.3191495266688,0.0,117.5,2460.114370676207,-2492.3191495266688,,117.5
2026-09-03,15,2026-09-03T06:00:00Z,2026-09-04T06:44:48Z,175.0,175.0,False,P,0.0,78.03604665477043,0.0,0.0,,,2539.4948832751656,-2461.968974649793,0.0,0.0,2538.4948832751656,-2461.968974649793,,
2026-09-03,16,2026-09-03T06:30:00Z,2026-09-04T07:15:04Z,175.0,175.0,False,P,0.0,171.584881312059,0.0,0.0,,,2450.8735118480035,-2278.9634756864316,0.0,0.0,2449.8735118480035,-2278.9634756864316,,
2026-09-03,17,2026-09-03T07:00:00Z,2026-09-04T07:44:35Z,96.95,96.95,False,N,0.0,-19.373209894481633,0.0,0.0,,,1920.220579546481,-1939.4614975245722,0.0,0.0,1920.220579546481,-1938.4614975245722,,
2026-09-03,18,2026-09-03T07:30:00Z,2026-09-04T08:14:36Z,39.61999999999999,39.61999999999999,False,N,0.0,-244.2740211763952,0.0,0.0,,,1622.799496184716,-1867.8740034722223,0.0,0.0,1622.799496184716,-1866.8740034722223,,
2026-09-03,19,2026-09-03T08:00:00Z,2026-09-04T08:44:32Z,50.76382766237191,50.76382766237191,False,N,0.0,-431.6134829638047,0.0,0.0,51.93496666666667,1.0,1538.1028896674854,-1970.1104720648148,0.0,0.0,1538.1028896674854,-1969.1104720648148,,
2026-09-03,20,2026-09-03T08:30:00Z,2026-09-04T09:14:57Z,43.47999999999999,43.47999999999999,False,N,0.0,-250.03901684145572,0.0,0.0,,,1475.0838489759838,-1726.0179365545637,0.0,0.0,1475.0838489759838,-1725.0179365545637,,
2026-09-03,21,2026-09-03T09:00:00Z,2026-09-04T09:45:09Z,40.0,40.0,False,N,0.0,-296.1643103888889,0.0,0.0,40.0,1.0,1229.0444562801956,-1525.3969598060717,0.0,0.0,1229.0444562801956,-1524.3969598060717,,
2026-09-03,22,2026-09-03T09:30:00Z,2026-09-04T10:14:39Z,23.63809561730205,23.63809561730205,False,N,0.0,-459.0093409722222,0.0,0.0,23.980626825,1.0,1005.9554326388889,-1465.07377,0.0,0.0,1005.9554326388889,-1464.07377,,
2026-09-03,23,2026-09-03T10:00:00Z,2026-09-04T10:44:33Z,4.88592026092245,4.88592026092245,False,N,0.0,-767.1606439285714,0.0,0.0,5.0325,1.0,759.932725,-1527.2788147619049,0.0,0.0,759.932725,-1526.2788147619049,,
2026-09-03,24,2026-09-03T10:30:00Z,2026-09-04T11:14:36Z,3.39,3.39,False,N,0.0,-848.0390955237525,0.0,0.0,3.39,1.0,591.0822522161126,-1439.4557621904191,0.0,0.0,591.0822522161126,-1438.4557621904191,,
2026-09-03,25,2026-09-03T11:00:00Z,2026-09-04T11:44:32Z,-14.65952522379827,-14.65952522379827,False,N,0.0,-1015.5683229248366,0.0,0.0,-14.552916666666667,1.0,529.8836051388889,-1545.4856366748365,0.0,0.0,529.8836051388889,-1544.4856366748365,,
2026-09-03,26,2026-09-03T11:30:00Z,2026-09-04T12:14:29Z,-16.1001482677528,-16.1001482677528,False,N,0.0,-637.450451380719,0.0,0.0,-15.51675,1.0,664.7000004166666,-1302.408105130719,0.0,0.0,664.7000004166666,-1301.408105130719,,
2026-09-03,27,2026-09-03T12:00:00Z,2026-09-04T12:44:29Z,-13.9,-13.9,False,N,0.0,-234.68360673061449,0.0,0.0,,,917.8720168096637,-1002.3053400762418,-150.0,0.0,917.8720168096637,-1001.3053400762418,-150.0,
2026-09-03,28,2026-09-03T12:30:00Z,2026-09-04T13:14:26Z,-13.9,-13.9,False,N,0.0,-449.1345317598578,0.0,0.0,,,655.1098406516196,-954.1009482096172,-150.0,0.0,655.1098406516196,-953.1009482096172,-150.0,
2026-09-03,29,2026-09-03T13:00:00Z,2026-09-04T13:44:26Z,-13.9,-13.9,False,N,0.0,-265.2041861178313,0.0,0.0,,,509.6333437213447,-625.1180555622757,-150.0,0.0,509.6333437213447,-624.1180555622757,-150.0,
2026-09-03,30,2026-09-03T13:30:00Z,2026-09-04T14:14:47Z,138.29,138.29,False,P,0.0,130.4551898084965,0.0,0.0,,,803.8106097043299,-523.1856207706174,-150.0,0.0,802.8106097043299,-523.1856207706174,-150.0,
2026-09-03,31,2026-09-03T14:00:00Z,2026-09-04T14:44:45Z,139.0,139.0,False,P,0.0,78.74583333333334,0.0,0.0,,,624.6875,-395.99583333333334,-150.0,0.0,623.6875,-395.99583333333334,-150.0,
2026-09-03,32,2026-09-03T14:30:00Z,2026-09-04T15:15:19Z,168.75,168.75,False,P,0.0,162.18463103174602,0.0,0.0,,,841.4470242261905,-529.2569444444445,-150.0,0.0,840.4470242261905,-529.2569444444445,-150.0,
2026-09-03,33,2026-09-03T15:00:00Z,2026-09-04T15:44:37Z,174.9,174.9,False,P,0.0,492.9452380952381,0.0,0.0,,,1183.198015873016,-690.0266666666666,0.0,0.0,1182.198015873016,-690.0266666666666,,
2026-09-03,34,2026-09-03T15:30:00Z,2026-09-04T16:14:26Z,206.0,206.0,False,P,0.0,595.3658512823725,0.0,0.0,,,1294.8658512823727,-699.3503969444445,0.0,0.0,1293.8658512823727,-699.3503969444445,,
2026-09-03,35,2026-09-03T16:00:00Z,2026-09-04T16:45:16Z,214.9,214.9,False,P,0.0,621.9594517048648,0.0,0.0,,,1524.8733405937537,-910.383333336735,0.0,8.15,1523.8733405937537,-910.383333336735,,8.15
2026-09-03,36,2026-09-03T16:30:00Z,2026-09-04T17:14:25Z,206.0,206.0,False,P,0.0,169.65007228535353,0.0,0.0,,,1257.8575757575757,-1105.8833368055555,0.0,17.15,1256.8575757575757,-1105.8833368055555,,17.15
2026-09-03,37,2026-09-03T17:00:00Z,2026-09-04T17:44:39Z,157.68,157.68,False,N,0.0,-4.340898082061068,0.0,0.0,,,1364.1750051653944,-1942.83610447095,0.0,574.4,1364.1750051653944,-1941.83610447095,,574.4
2026-09-03,38,2026-09-03T17:30:00Z,2026-09-04T18:14:30Z,178.96,178.96,False,P,0.0,431.93788310414175,0.0,0.0,,,1704.4545762254793,-1843.211108888889,0.0,571.3,1704.4545762254793,-1843.211108888889,,570.3
2026-09-03,39,2026-09-03T18:00:00Z,2026-09-04T18:45:07Z,181.09,181.09,False,P,0.0,419.6044749770127,0.0,0.0,,,1849.2256744016158,-1940.5607810897436,0.0,511.85,1849.2256744016158,-1940.5607810897436,,510.85
2026-09-03,40,2026-09-03T18:30:00Z,2026-09-04T19:15:11Z,206.0,206.0,False,P,0.0,657.8219448611111,0.0,0.0,,,1852.7926866666667,-1709.3549063888888,0.0,515.2,1851.7926866666667,-1709.3549063888888,,515.2
2026-09-03,41,2026-09-03T19:00:00Z,2026-09-04T19:45:05Z,206.0,206.0,False,P,0.0,315.3039463425926,0.0,0.0,,,1722.1674337037036,-1417.3913292592592,0.0,10.95,1721.1674337037036,-1417.3913292592592,,10.95
2026-09-03,42,2026-09-03T19:30:00Z,2026-09-04T20:14:29Z,206.0,206.0,False,P,0.0,265.83750806300213,0.0,0.0,,,1666.9176269871577,-1408.9454355191417,0.0,8.5,1665.9176269871577,-1408.9454355191417,,8.5
2026-09-03,43,2026-09-03T20:00:00Z,2026-09-04T20:44:33Z,206.0,206.0,False,P,0.0,156.92547694444445,0.0,0.0,,,1661.4333465277778,-1504.358335,0.0,0.0,1660.4333465277778,-1504.358335,,
2026-09-03,44,2026-09-03T20:30:00Z,2026-09-04T21:14:31Z,204.85,204.85,False,P,0.0,235.96535879273503,0.0,0.0,,,1549.3583257905982,-1312.9166680080605,0.0,0.0,1548.3583257905982,-1312.9166680080605,,
2026-09-03,45,2026-09-03T21:00:00Z,2026-09-04T21:44:30Z,195.85,195.85,False,P,0.0,174.35476791666667,0.0,0.0,,,1480.203277638889,-1305.4241097222223,0.0,0.0,1479.203277638889,-1305.4241097222223,,
2026-09-03,46,2026-09-03T21:30:00Z,2026-09-04T22:14:28Z,187.85,187.85,False,P,0.0,286.556452224026,0.0,0.0,,,1539.7511067625564,-1252.44375,0.0,0.0,1538.7511067625564,-1252.44375,,
2026-09-03,47,2026-09-03T22:00:00Z,2026-09-04T22:44:30Z,178.85,178.85,False,P,0.0,353.6166976554002,0.0,0.0,,,1752.4261315275148,-1398.805148700717,0.0,0.0,1751.4261315275148,-1398.805148700717,,
2026-09-03,48,2026-09-03T22:30:00Z,2026-09-04T23:14:49Z,178.85,178.85,False,P,0.0,344.60659613553116,0.0,0.0,,,1663.9377072466423,-1319.1034465079365,0.0,0.0,1662.9377072466423,-1319.1034465079365,,
2026-09-04,1,2026-09-03T23:00:00Z,2026-09-04T23:44:34Z,179.6,179.6,False,P,0.0,458.5261423611111,0.0,0.0,,,1774.2124965277778,-1315.8025,0.0,0.0,1773.2124965277778,-1315.8025,,
2026-09-04,2,2026-09-03T23:30:00Z,2026-09-05T00:14:31Z,178.85,178.85,False,P,0.0,239.62406291666667,0.0,0.0,,,1516.68640375,-1277.6572381944445,0.0,0.0,1515.68640375,-1277.6572381944445,,
2026-09-04,3,2026-09-04T00:00:00Z,2026-09-05T00:44:31Z,111.93999999999998,111.93999999999998,False,N,0.0,-102.87546444444445,0.0,0.0,,,1371.4334897222222,-1475.0793204166666,0.0,0.0,1371.4334897222222,-1474.0793204166666,,
2026-09-04,4,2026-09-04T00:30:00Z,2026-09-05T01:14:44Z,178.25,178.25,False,P,0.0,121.61666944444444,0.0,0.0,,,1371.0083333333334,-1249.8249972222222,0.0,0.0,1370.0083333333334,-1249.8249972222222,,
2026-09-04,5,2026-09-04T01:00:00Z,2026-09-05T01:44:29Z,178.45,178.45,False,P,0.0,267.654735,0.0,0.0,,,1371.2666670833332,-1104.3166702777778,0.0,0.0,1370.2666670833332,-1104.3166702777778,,
2026-09-04,6,2026-09-04T01:30:00Z,2026-09-05T02:15:36Z,178.5,178.5,False,P,0.0,431.60583520299144,0.0,0.0,,,1371.0,-939.7816647970086,0.0,0.0,1370.0,-939.7816647970086,,
2026-09-04,7,2026-09-04T02:00:00Z,2026-09-05T02:44:25Z,178.25,178.25,False,P,0.0,188.82041833333332,0.0,0.0,,,1371.33201,-1183.1820083333334,0.0,0.0,1370.33201,-1183.1820083333334,,
2026-09-04,8,2026-09-04T02:30:00Z,2026-09-05T03:14:32Z,108.0,108.0,False,N,0.0,-63.604278987179484,0.0,0.0,,,1371.1422625427351,-1434.9255930982906,0.0,0.0,1371.1422625427351,-1433.9255930982906,,
2026-09-04,9,2026-09-04T03:00:00Z,2026-09-05T03:44:31Z,100.67,100.67,False,N,0.0,-267.2297209722222,0.0,0.0,,,1394.2166666666667,-1661.8547209722221,0.0,0.0,1394.2166666666667,-1660.8547209722221,,
2026-09-04,10,2026-09-04T03:30:00Z,2026-09-05T04:14:26Z,104.0,104.0,False,N,0.0,-148.55750069444446,0.0,0.0,,,1401.1666666666667,-1550.0055541666666,0.0,0.0,1401.1666666666667,-1549.0055541666666,,
2026-09-04,11,2026-09-04T04:00:00Z,2026-09-05T04:44:27Z,163.79396157956822,163.79396157956822,False,P,0.0,107.30283443121694,0.0,0.0,,,1867.97166871152,-1761.090084280303,0.0,0.0,1866.97166871152,-1761.090084280303,,
2026-09-04,12,2026-09-04T04:30:00Z,2026-09-05T05:14:26Z,165.27,165.27,False,P,0.0,206.73970553571428,0.0,0.0,,,2307.212483313492,-2100.2328602319903,0.0,0.0,2306.212483313492,-2100.2328602319903,,
2026-09-04,13,2026-09-04T05:00:00Z,2026-09-05T05:44:32Z,169.71011494252875,169.71011494252875,False,P,0.0,624.4656085871362,0.0,0.0,,,2648.569322962136,-2524.122880062592,0.0,500.0,2648.569322962136,-2524.122880062592,,499.0
2026-09-04,14,2026-09-04T05:30:00Z,2026-09-05T06:14:29Z,169.71011494252875,169.71011494252875,False,P,0.0,534.4985046754543,0.0,0.0,,,3067.981190015378,-3032.9318507473167,0.0,500.0,3067.981190015378,-3032.9318507473167,,499.0
2026-09-04,15,2026-09-04T06:00:00Z,2026-09-05T06:44:33Z,166.97087289639038,166.97087289639038,False,P,0.0,814.4063522891614,0.0,0.0,,,3337.287740886575,-3272.88086699266,0.0,750.0,3336.836732424574,-3272.88086699266,,749.4510084620009
2026-09-04,16,2026-09-04T06:30:00Z,2026-09-05T07:14:33Z,179.6,179.6,False,P,0.0,978.5396286013051,0.0,0.0,,,3626.568181240194,-3397.952133880852,0.0,750.0,3625.568181240194,-3397.952133880852,,750.0
2026-09-04,17,2026-09-04T07:00:00Z,2026-09-05T07:44:32Z,164.41,164.41,False,P,0.0,55.08460554135605,0.0,0.0,,,3281.3536574064024,-3226.3506143876016,0.0,0.0,3280.3536574064024,-3226.3506143876016,,
2026-09-04,18,2026-09-04T07:30:00Z,2026-09-05T08:14:29Z,163.25,163.25,False,P,0.0,50.74420619056627,0.0,0.0,,,2892.880189922033,-2841.6985207669463,0.0,0.0,2891.880189922033,-2841.6985207669463,,
2026-09-04,19,2026-09-04T08:00:00Z,2026-09-05T08:44:26Z,60.65999999999999,60.65999999999999,False,N,0.0,-644.9381547619048,0.0,0.0,60.66,1.0,2195.7490637103174,-2840.703885138889,0.0,0.0,2195.7490637103174,-2839.703885138889,,
2026-09-04,20,2026-09-04T08:30:00Z,2026-09-05T09:14:25Z,19.83999999999999,19.83999999999999,False,N,0.0,-936.4025876984127,0.0,0.0,19.84,0.0,1889.061327579365,-2824.4291934722223,0.0,0.0,1889.061327579365,-2823.4291934722223,,
2026-09-04,21,2026-09-04T09:00:00Z,2026-09-05T09:44:54Z,-14.41999999999999,-14.41999999999999,False,N,0.0,-590.5564326646107,0.0,0.0,,,2268.5865196369764,-2859.0133803431086,0.0,0.0,2268.5865196369764,-2858.0133803431086,,
2026-09-04,22,2026-09-04T09:30:00Z,2026-09-05T10:14:29Z,7.01999999999999,7.01999999999999,False,N,0.0,-244.95359222917196,0.0,0.0,7.02,0.0,2722.7655254295582,-2967.931130964916,0.0,0.0,2722.7655254295582,-2966.931130964916,,
2026-09-04,23,2026-09-04T10:00:00Z,2026-09-05T10:44:30Z,2.68999999999999,2.68999999999999,False,N,0.0,-160.33566439045214,0.0,0.0,2.69,0.0,2769.189530946518,-2928.579425832744,0.0,0.0,2769.189530946518,-2927.579425832744,,
2026-09-04,24,2026-09-04T10:30:00Z,2026-09-05T11:14:23Z,4.49,4.49,False,N,0.0,-396.6771708994709,0.0,0.0,4.49,0.0,2541.5261624338623,-2937.5590944737205,0.0,0.0,2541.5261624338623,-2936.5590944737205,,
2026-09-04,25,2026-09-04T11:00:00Z,2026-09-05T11:44:41Z,-11.5984037000348,-11.5984037000348,False,N,0.0,-727.4167190229361,0.0,0.0,-11.565833333333334,1.0,2293.8221576437304,-3021.7132048099415,0.0,0.0,2293.8221576437304,-3020.7132048099415,,
2026-09-04,26,2026-09-04T11:30:00Z,2026-09-05T12:14:27Z,-1.68999999999999,-1.68999999999999,False,N,0.0,-761.3033584081891,0.0,0.0,-1.69,0.0,2382.961046591811,-3143.6080857891416,0.0,0.0,2382.961046591811,-3142.6080857891416,,
2026-09-04,27,2026-09-04T12:00:00Z,2026-09-05T12:44:30Z,-13.9,-13.9,False,N,0.0,-228.69058586682738,0.0,0.0,,,2893.1303027910117,-3121.8325385785843,0.0,0.0,2893.1303027910117,-3120.8325385785843,,
2026-09-04,28,2026-09-04T12:30:00Z,2026-09-05T13:14:29Z,8.98,8.98,False,N,0.0,-14.485758435134468,0.0,0.0,8.98,0.0,2960.256522074125,-2974.7722631758193,0.0,0.0,2960.256522074125,-2973.7722631758193,,
2026-09-04,29,2026-09-04T13:00:00Z,2026-09-05T13:44:47Z,14.65,14.65,False,N,0.0,-290.4041110119048,0.0,0.0,14.65,0.0,2434.1788333492063,-2724.0807840987654,0.0,0.0,2434.1788333492063,-2723.0807840987654,,
2026-09-04,30,2026-09-04T13:30:00Z,2026-09-05T14:14:28Z,-13.9,-13.9,False,N,0.0,-461.18747362275246,0.0,0.0,,,2387.9935542831977,-2848.710625822619,0.0,0.0,2387.9935542831977,-2847.710625822619,,
2026-09-04,31,2026-09-04T14:00:00Z,2026-09-05T14:44:42Z,25.66,25.66,False,N,0.0,-547.4189621879802,0.0,0.0,25.66,0.0,2178.8967758675753,-2725.818888691199,0.0,0.0,2178.8967758675753,-2724.818888691199,,
2026-09-04,32,2026-09-04T14:30:00Z,2026-09-05T15:15:14Z,57.61011799345143,57.61011799345143,False,N,0.0,-196.79834303272742,0.0,0.0,64.09161764705883,0.5666666666666667,2635.976056675606,-2832.5694215138888,0.0,0.0,2635.976056675606,-2831.5694215138888,,
2026-09-04,33,2026-09-04T15:00:00Z,2026-09-05T15:44:30Z,35.81,35.81,False,N,0.0,-684.6764214405189,0.0,0.0,35.81,0.0,2716.2682597697985,-3400.0707452843917,0.0,0.0,2716.2682597697985,-3399.0707452843917,,
2026-09-04,34,2026-09-04T15:30:00Z,2026-09-05T16:14:33Z,46.85,46.85,False,N,0.0,-633.9325038882989,0.0,0.0,46.85,0.0,3095.033996786304,-3728.560655145879,0.0,0.0,3095.033996786304,-3727.560655145879,,
2026-09-04,35,2026-09-04T16:00:00Z,2026-09-05T16:44:36Z,92.27,92.27,False,N,0.0,-594.7220626169409,0.0,0.0,92.27,0.0,2808.810555913037,-4002.839619116186,0.0,600.0,2808.810555913037,-4001.839619116186,,600.0
2026-09-04,36,2026-09-04T16:30:00Z,2026-09-05T17:14:37Z,12.85440869071123,12.85440869071123,False,N,0.0,-618.2012448783657,0.0,0.0,12.948541666666667,1.0,2979.9765542266064,-4197.926615910527,0.0,600.0,2979.9765542266064,-4196.926615910527,,600.0
2026-09-04,37,2026-09-04T17:00:00Z,2026-09-05T17:44:36Z,98.71,98.71,False,N,0.0,-531.4450971026138,0.0,0.0,98.71,0.0,3330.1182079714604,-4461.573287164582,0.0,600.0,3330.1182079714604,-4460.573287164582,,600.0
2026-09-04,38,2026-09-04T17:30:00Z,2026-09-05T18:14:30Z,102.88,102.88,False,N,0.0,-535.5066540371844,0.0,0.0,102.88,0.0,3647.8696673221275,-4782.981518573537,0.0,600.0,3647.8696673221275,-4781.981518573537,,600.0
2026-09-04,39,2026-09-04T18:00:00Z,2026-09-05T18:44:32Z,45.0,45.0,False,N,0.0,-228.9935253111608,0.0,0.0,,,3911.5991147814316,-4740.444136307911,0.0,600.0,3911.5991147814316,-4739.444136307911,,600.0
2026-09-04,40,2026-09-04T18:30:00Z,2026-09-05T19:14:34Z,68.16003721646663,68.16003721646663,False,N,0.0,-355.11990291666666,0.0,0.0,68.16479177083333,1.0,3945.373165327381,-4900.200328712118,0.0,600.0,3945.373165327381,-4899.200328712118,,600.0
2026-09-04,41,2026-09-04T19:00:00Z,2026-09-05T19:46:00Z,49.93846583774965,49.93846583774965,False,N,0.0,-312.25688492063495,0.0,0.0,49.965,1.0,3911.7936706349205,-4823.972083333333,0.0,600.0,3911.7936706349205,-4822.972083333333,,600.0
2026-09-04,42,2026-09-04T19:30:00Z,2026-09-05T20:14:28Z,94.12,94.12,False,N,0.0,-214.51345027663749,0.0,0.0,94.12,0.0,3883.4250593662196,-4697.849184052979,0.0,600.0,3883.4250593662196,-4696.849184052979,,600.0
2026-09-04,43,2026-09-04T20:00:00Z,2026-09-05T20:44:29Z,45.0,45.0,False,N,0.0,-436.08118719559917,0.0,0.0,45.0,1.0,3602.521662067425,-4538.501165651533,0.0,500.0,3602.521662067425,-4537.501165651533,,500.0
2026-09-04,44,2026-09-04T20:30:00Z,2026-09-05T21:14:34Z,45.0,45.0,False,N,0.0,-902.1920528910333,0.0,0.0,45.0,1.0,3382.4563338335506,-4784.092350224847,0.0,500.0,3382.4563338335506,-4783.092350224847,,500.0
2026-09-04,45,2026-09-04T21:00:00Z,2026-09-05T21:44:27Z,73.68,73.68,False,N,0.0,-880.9597836421863,0.0,0.0,73.68,0.0,3341.480607576581,-4839.065377899573,0.0,617.5,3341.480607576581,-4838.065377899573,,617.5
2026-09-04,46,2026-09-04T21:30:00Z,2026-09-05T22:14:27Z,63.32,63.32,False,N,0.0,-1101.4674365344283,0.0,0.0,63.32,0.0,3013.9354622135643,-4732.516590417212,0.0,617.5,3013.9354622135643,-4731.516590417212,,617.5
2026-09-04,47,2026-09-04T22:00:00Z,2026-09-05T22:44:27Z,35.59,35.59,False,N,0.0,-789.2069599337029,0.0,0.0,35.59,0.0,2984.5626160209963,-4266.120054903747,0.0,492.5,2984.5626160209963,-4265.120054903747,,492.5
2026-09-04,48,2026-09-04T22:30:00Z,2026-09-05T23:14:28Z,22.62,22.62,False,N,0.0,-923.4890819444445,0.0,0.0,22.62,1.0,2803.490596277778,-4219.161321555555,0.0,492.5,2803.490596277778,-4218.161321555555,,492.5
2026-09-05,1,2026-09-04T23:00:00Z,2026-09-05T23:44:27Z,4.98336463694804,4.98336463694804,False,N,0.0,-807.8942542845831,0.0,0.0,4.99125,1.0,3146.452024066329,-4271.547999592122,0.0,317.5,3146.452024066329,-4270.547999592122,,317.5
2026-09-05,2,2026-09-04T23:30:00Z,2026-09-06T00:14:30Z,-13.9,-13.9,False,N,0.0,-753.950821984127,0.0,0.0,,,3314.820834126984,-4385.220521319445,0.0,317.5,3314.820834126984,-4384.220521319445,,317.5
2026-09-05,3,2026-09-05T00:00:00Z,2026-09-06T00:44:27Z,23.37999999999999,23.37999999999999,False,N,0.0,-785.1761900259094,0.0,0.0,23.38,0.0,3146.5375768720173,-4323.908965507391,0.0,392.5,3146.5375768720173,-4322.908965507391,,392.5
2026-09-05,4,2026-09-05T00:30:00Z,2026-09-06T01:14:24Z,21.57999999999999,21.57999999999999,False,N,0.0,-962.5175030092593,0.0,0.0,21.58,0.0,2901.665535148148,-4256.675373111111,0.0,392.5,2901.665535148148,-4255.675373111111,,392.5
2026-09-05,5,2026-09-05T01:00:00Z,2026-09-06T01:44:45Z,16.14,16.14,False,N,0.0,-858.4417782407407,0.0,0.0,16.14,0.0,2963.292873092593,-4239.237664759259,0.0,417.5,2963.292873092593,-4238.237664759259,,417.5
2026-09-05,6,2026-09-05T01:30:00Z,2026-09-06T02:15:11Z,-14.4,-14.4,False,N,0.0,-854.85,0.0,0.0,,,2879.327633796296,-4151.5109671296295,0.0,417.5,2879.327633796296,-4150.5109671296295,,417.5
2026-09-05,7,2026-09-05T02:00:00Z,2026-09-06T02:44:31Z,8.34999999999999,8.34999999999999,False,N,0.0,-617.9967097490431,0.0,0.0,8.35,0.0,2969.7930990294667,-3905.12122266571,0.0,317.5,2969.7930990294667,-3904.12122266571,,317.5
2026-09-05,8,2026-09-05T02:30:00Z,2026-09-06T03:14:30Z,7.9,7.9,False,N,0.0,-716.3683,0.0,0.0,7.9,0.0,2730.587075814815,-3764.272840814815,0.0,317.5,2730.587075814815,-3763.272840814815,,317.5
2026-09-05,9,2026-09-05T03:00:00Z,2026-09-06T03:44:28Z,-13.9,-13.9,False,N,0.0,-440.5033,0.0,0.0,,,2771.101955842593,-3703.8380645925927,0.0,492.5,2771.101955842593,-3702.8380645925927,,492.5
2026-09-05,10,2026-09-05T03:30:00Z,2026-09-06T04:14:29Z,6.58,6.58,False,N,0.0,-386.3834577777778,0.0,0.0,6.58,0.0,2595.7689107037036,-3474.410805754209,0.0,492.5,2595.7689107037036,-3473.410805754209,,492.5
2026-09-05,11,2026-09-05T04:00:00Z,2026-09-06T04:44:25Z,-7.62,-7.62,False,N,0.0,-543.8406202918679,0.0,0.0,-7.62,1.0,2302.220502911836,-3363.802789777778,0.0,517.5,2302.220502911836,-3362.802789777778,,517.5
2026-09-05,12,2026-09-05T04:30:00Z,2026-09-06T05:14:30Z,7.55999999999999,7.55999999999999,False,N,0.0,-596.599504931562,0.0,0.0,7.56,0.0,2197.294436142512,-3311.3966100555554,0.0,517.5,2197.294436142512,-3310.3966100555554,,517.5
2026-09-05,13,2026-09-05T05:00:00Z,2026-09-06T05:44:24Z,8.19999999999999,8.19999999999999,False,N,0.0,-601.4677086126673,0.0,0.0,8.2,0.0,2267.9130455539994,-3261.488045964052,0.0,392.5,2267.9130455539994,-3260.488045964052,,392.5
2026-09-05,14,2026-09-05T05:30:00Z,2026-09-06T06:14:42Z,-13.9,-13.9,False,N,0.0,-602.66557875,0.0,0.0,,,2368.749258388889,-3363.7689772777776,0.0,392.5,2368.749258388889,-3362.7689772777776,,392.5
2026-09-05,15,2026-09-05T06:00:00Z,2026-09-06T06:44:32Z,5.32,5.32,False,N,0.0,-353.1650877887853,0.0,0.0,5.32,0.0,2595.3718387389927,-2948.2982185648148,0.0,0.0,2595.3718387389927,-2947.2982185648148,,
2026-09-05,16,2026-09-05T06:30:00Z,2026-09-06T07:14:31Z,7.79999999999999,7.79999999999999,False,N,0.0,-246.08312440476192,0.0,0.0,7.8,0.0,2384.055941150794,-2629.639868055556,0.0,0.0,2384.055941150794,-2628.639868055556,,
2026-09-05,17,2026-09-05T07:00:00Z,2026-09-06T07:44:40Z,-13.9,-13.9,False,N,0.0,-83.7906101841792,0.0,0.0,,,2219.0977122591885,-2302.8642682833856,0.0,0.0,2219.0977122591885,-2301.8642682833856,,
2026-09-05,18,2026-09-05T07:30:00Z,2026-09-06T08:14:30Z,3.37999999999999,3.37999999999999,False,N,0.0,-219.26474012216087,0.0,0.0,3.38,0.0,1926.6120011776634,-2145.686605908493,0.0,0.0,1926.6120011776634,-2144.686605908493,,
2026-09-05,19,2026-09-05T08:00:00Z,2026-09-06T08:44:26Z,-4.11,-4.11,False,N,0.0,-640.9224026967296,0.0,0.0,-4.11,0.0,1400.711251809769,-2041.325950363274,0.0,0.0,1400.711251809769,-2040.325950363274,,
2026-09-05,20,2026-09-05T08:30:00Z,2026-09-06T09:14:28Z,-3.27,-3.27,False,N,0.0,-312.3287016666667,0.0,0.0,-3.27,0.0,1548.1302413888889,-1860.4169180555555,0.0,0.0,1548.1302413888889,-1859.4169180555555,,
2026-09-05,21,2026-09-05T09:00:00Z,2026-09-06T09:44:29Z,-10.32657044174382,-10.32657044174382,False,N,0.0,-693.6504948794781,0.0,0.0,-10.182,1.0,993.4583544260774,-1686.6138895608967,0.0,0.0,993.4583544260774,-1685.6138895608967,,
2026-09-05,22,2026-09-05T09:30:00Z,2026-09-06T10:14:29Z,5.0,5.0,False,N,0.0,-603.6320177343446,0.0,0.0,5.0,1.0,1097.2266694044706,-1700.6266454705433,0.0,0.0,1097.2266694044706,-1699.6266454705433,,
2026-09-05,23,2026-09-05T10:00:00Z,2026-09-06T10:44:28Z,-9.41725029323811,-9.41725029323811,False,N,0.0,-826.8944805858398,0.0,0.0,-9.230166666666667,1.0,880.4181394936174,-1707.2431284379436,0.0,0.0,880.4181394936174,-1706.2431284379436,,
2026-09-05,24,2026-09-05T10:30:00Z,2026-09-06T11:14:29Z,-11.00999999999999,-11.00999999999999,False,N,0.0,-813.340625,0.0,0.0,-11.01,1.0,905.5885945630833,-1718.98026122975,0.0,0.0,905.5885945630833,-1717.98026122975,,
2026-09-05,25,2026-09-05T11:00:00Z,2026-09-06T11:44:26Z,-30.0,-30.0,False,N,0.0,-808.5808266249597,0.0,0.0,,,868.823234423941,-1677.4540610489007,0.0,0.0,868.823234423941,-1676.4540610489007,,
2026-09-05,26,2026-09-05T11:30:00Z,2026-09-06T12:15:02Z,-33.78999999999999,-33.78999999999999,False,N,0.0,-896.245,0.0,0.0,,,868.9062531680611,-1765.8004205291722,0.0,0.0,868.9062531680611,-1764.8004205291722,,
2026-09-05,27,2026-09-05T12:00:00Z,2026-09-06T12:44:25Z,-48.0,-48.0,False,N,0.0,-1366.953865,0.0,0.0,,,868.1479088888889,-2235.774857222222,0.0,0.0,868.1479088888889,-2234.774857222222,,
2026-09-05,28,2026-09-05T12:30:00Z,2026-09-06T13:14:28Z,-84.88,-84.88,False,N,0.0,-1428.1759895120617,0.0,0.0,,,868.3009706946647,-2296.6676422898395,0.0,0.0,868.3009706946647,-2295.6676422898395,,
2026-09-05,29,2026-09-05T13:00:00Z,2026-09-06T13:44:50Z,-49.89999999999999,-49.89999999999999,False,N,0.0,-1154.6986111111112,0.0,0.0,,,975.8166666666667,-2131.1652777777776,0.0,0.0,975.8166666666667,-2130.1652777777776,,
2026-09-05,30,2026-09-05T13:30:00Z,2026-09-06T14:14:26Z,-35.43999999999999,-35.43999999999999,False,N,0.0,-1119.5652086531763,0.0,0.0,,,911.9074646089919,-2032.1652086531765,0.0,0.0,911.9074646089919,-2031.1652086531765,,
2026-09-05,31,2026-09-05T14:00:00Z,2026-09-06T14:44:24Z,-14.4,-14.4,False,N,0.0,-407.367248968254,0.0,0.0,,,992.9995104906585,-1400.8150786516626,0.0,0.0,992.9995104906585,-1399.8150786516626,,
2026-09-05,32,2026-09-05T14:30:00Z,2026-09-06T15:14:32Z,-13.9,-13.9,False,N,0.0,-311.4301697435842,0.0,0.0,,,916.577602345625,-1228.1778534907496,0.0,0.0,916.577602345625,-1227.1778534907496,,
2026-09-05,33,2026-09-05T15:00:00Z,2026-09-06T15:44:31Z,-14.4,-14.4,False,N,0.0,-938.1710464399803,0.0,0.0,,,974.418404624197,-1662.6886546702672,-250.0,0.0,974.418404624197,-1661.6886546702672,-250.0,
2026-09-05,34,2026-09-05T15:30:00Z,2026-09-06T16:14:31Z,41.77,41.77,False,N,0.0,-261.7835479912376,0.0,0.0,,,1026.441605138889,-1039.2683991549013,-250.0,0.0,1026.441605138889,-1039.2683991549013,-249.0,
2026-09-05,35,2026-09-05T16:00:00Z,2026-09-06T16:44:55Z,220.0,220.0,False,P,0.0,236.50465236569178,0.0,0.0,,,870.9037575378386,-634.0896259293273,0.0,0.0,869.9037575378386,-634.0896259293273,,
2026-09-05,36,2026-09-05T16:30:00Z,2026-09-06T17:14:43Z,223.0,223.0,False,P,0.0,308.46958956709955,0.0,0.0,,,852.6658333333334,-544.9966604329004,0.0,0.0,851.6658333333334,-544.9966604329004,,
2026-09-05,37,2026-09-05T17:00:00Z,2026-09-06T17:44:27Z,223.0,223.0,False,P,0.0,363.8233314067673,0.0,0.0,,,858.0000498302763,-494.9048637574065,0.0,0.0,857.0000498302763,-494.9048637574065,,
2026-09-05,38,2026-09-05T17:30:00Z,2026-09-06T18:14:29Z,233.5,233.5,False,P,0.0,605.9276017200855,0.0,0.0,,,867.3249995833334,-261.941032724359,0.0,0.0,866.3249995833334,-261.941032724359,,
2026-09-05,39,2026-09-05T18:00:00Z,2026-09-06T18:44:29Z,231.0,231.0,False,P,0.0,536.1367916666667,0.0,0.0,,,859.5578807407408,-498.64955297326236,0.0,175.0,858.5578807407408,-498.64955297326236,,175.0
2026-09-05,40,2026-09-05T18:30:00Z,2026-09-06T19:15:09Z,213.65,213.65,False,P,0.0,117.68578169739149,0.0,0.0,,,562.7864076258936,-620.4614095526085,0.0,175.0,562.7864076258936,-620.4614095526085,,174.0
2026-09-05,41,2026-09-05T19:00:00Z,2026-09-06T19:44:35Z,220.0,220.0,False,P,0.0,197.25906003968518,0.0,0.0,,,513.758334682537,-491.7083316269815,-0.174,175.0,512.758334682537,-491.7083316269815,-0.174,175.0
2026-09-05,42,2026-09-05T19:30:00Z,2026-09-06T20:14:27Z,206.45,206.45,False,P,0.0,107.7520773539982,0.0,0.0,,,510.0000000524109,-577.6066726460018,-0.197,175.0,510.0000000524109,-577.6066726460018,-0.197,174.0
2026-09-05,43,2026-09-05T20:00:00Z,2026-09-06T20:44:27Z,219.5,219.5,False,P,0.0,143.39173333333332,0.0,0.0,,,469.91683301172225,-327.2254691270902,-0.204,0.0,468.91683301172225,-327.2254691270902,-0.204,
2026-09-05,44,2026-09-05T20:30:00Z,2026-09-06T21:14:28Z,219.5,219.5,False,P,0.0,26.858615,0.0,0.0,,,617.1736111111111,-590.9149972222223,-0.185,0.0,616.1736111111111,-590.9149972222223,-0.185,
2026-09-05,45,2026-09-05T21:00:00Z,2026-09-06T21:44:37Z,220.0,220.0,False,P,0.0,233.31325816189235,0.0,0.0,220.0,1.0,356.65972222222223,-124.30670017144097,0.0,0.0,355.65972222222223,-124.30670017144097,,
2026-09-05,46,2026-09-05T21:30:00Z,2026-09-06T22:14:23Z,173.76,173.76,False,P,0.0,83.57916666666667,0.0,0.0,173.76,0.0,240.0,-156.64166666666668,0.0,0.0,239.0,-156.64166666666668,,
2026-09-05,47,2026-09-05T22:00:00Z,2026-09-06T22:44:29Z,157.72,157.72,False,P,0.0,65.02955672979797,0.0,0.0,157.72,0.0,279.8044574242424,-332.7106027865868,0.0,117.5,278.8044574242424,-332.7106027865868,,117.5
2026-09-05,48,2026-09-05T22:30:00Z,2026-09-06T23:14:31Z,131.69,131.69,False,N,0.0,-64.34021361111111,0.0,0.0,,,332.5893844444444,-514.8760470833333,0.0,117.5,332.5893844444444,-513.8760470833333,,117.5
2026-09-06,1,2026-09-05T23:00:00Z,2026-09-06T23:44:47Z,153.28,153.28,False,P,0.0,29.83612541666667,0.0,0.0,153.28,0.0,376.7919416666667,-464.66774,0.0,117.5,375.7919416666667,-464.66774,,117.5
2026-09-06,2,2026-09-05T23:30:00Z,2026-09-07T00:14:31Z,148.07,148.07,False,P,0.0,8.32222553030303,0.0,0.0,148.07,0.0,442.00083621443184,-551.340274469697,0.0,117.5,441.00083621443184,-551.340274469697,,117.5
2026-09-06,3,2026-09-06T00:00:00Z,2026-09-07T00:44:30Z,155.83,155.83,False,P,0.0,219.1968638791563,0.0,0.0,155.83,0.0,534.935738321235,-433.9107273708437,0.0,117.5,533.935738321235,-433.9107273708437,,117.5
2026-09-06,4,2026-09-06T00:30:00Z,2026-09-07T01:14:24Z,189.9,189.9,False,P,0.0,150.39374,0.0,0.0,,,767.2154201954219,-734.5003181944444,0.0,117.5,766.2154201954219,-734.5003181944444,,117.5
2026-09-06,5,2026-09-06T01:00:00Z,2026-09-07T01:44:24Z,133.03,133.03,False,P,0.0,46.25414528220293,0.0,0.0,133.03,0.0,767.0562517429191,-838.8312431016354,0.0,117.5,766.0562517429191,-838.8312431016354,,117.5
2026-09-06,6,2026-09-06T01:30:00Z,2026-09-07T02:21:20Z,89.46999999999998,89.46999999999998,False,N,0.0,-114.10479014705882,0.0,0.0,,,767.0090893137254,-999.3840885056421,0.0,117.5,767.0090893137254,-998.3840885056421,,117.5
2026-09-06,7,2026-09-06T02:00:00Z,2026-09-07T02:46:31Z,81.71980357142857,81.71980357142857,False,N,0.0,-121.04285936507937,0.0,0.0,,,767.0015166666667,-1005.8277093650794,0.0,117.5,767.0015166666667,-1004.8277093650794,,117.5
2026-09-06,8,2026-09-06T02:30:00Z,2026-09-07T03:14:39Z,70.25112524260462,70.25112524260462,False,N,0.0,-290.353462756528,0.0,0.0,,,800.2000059419537,-1208.2201272009725,0.0,117.5,800.2000059419537,-1207.2201272009725,,117.5
2026-09-06,9,2026-09-06T03:00:00Z,2026-09-07T03:44:40Z,77.35,77.35,False,N,0.0,-76.88980166666667,0.0,0.0,,,767.3507327777778,-962.4657244444444,0.0,117.5,767.3507327777778,-961.4657244444444,,117.5
2026-09-06,10,2026-09-06T03:30:00Z,2026-09-07T04:14:46Z,32.0,32.0,False,N,0.0,-223.72438041666666,0.0,0.0,,,767.7416666666667,-1109.2743804166666,0.0,117.5,767.7416666666667,-1108.2743804166666,,117.5
2026-09-06,11,2026-09-06T04:00:00Z,2026-09-07T04:44:59Z,118.32999999999998,118.32999999999998,False,P,0.0,29.45449986111111,0.0,0.0,,,977.3000077777778,-1065.20840375,0.0,117.5,976.3000077777778,-1065.20840375,,117.5
2026-09-06,12,2026-09-06T04:30:00Z,2026-09-07T05:14:38Z,25.03105491155749,25.03105491155749,False,N,0.0,-255.3661471195693,0.0,0.0,25.775,1.0,772.3659519413183,-1145.560914475223,0.0,117.5,772.3659519413183,-1144.560914475223,,117.5
2026-09-06,13,2026-09-06T05:00:00Z,2026-09-07T05:44:44Z,1.91999999999999,1.91999999999999,False,N,0.0,-412.7063478174603,0.0,0.0,1.92,1.0,927.9147619047619,-1458.1948276709402,0.0,117.5,927.9147619047619,-1457.1948276709402,,117.5
2026-09-06,14,2026-09-06T05:30:00Z,2026-09-07T06:14:52Z,-1.62,-1.62,False,N,0.0,-365.88951055555555,0.0,0.0,,,1111.3693859722223,-1594.937449225146,0.0,117.5,1111.3693859722223,-1593.937449225146,,117.5
2026-09-06,15,2026-09-06T06:00:00Z,2026-09-07T06:45:16Z,-13.0,-13.0,False,N,0.0,-380.17355878968255,0.0,0.0,,,1390.4846520833332,-1770.855486468254,0.0,0.0,1390.4846520833332,-1769.855486468254,,
2026-09-06,16,2026-09-06T06:30:00Z,2026-09-07T07:14:37Z,-13.9,-13.9,False,N,0.0,-487.6023722135523,0.0,0.0,,,1236.0558347358706,-1722.1333350991915,0.0,0.0,1236.0558347358706,-1721.1333350991915,,
2026-09-06,17,2026-09-06T07:00:00Z,2026-09-07T07:44:46Z,-13.9,-13.9,False,N,0.0,-285.6744852701564,0.0,0.0,,,1334.662526166996,-1620.1754035912593,0.0,0.0,1334.662526166996,-1619.1754035912593,,
2026-09-06,18,2026-09-06T07:30:00Z,2026-09-07T08:14:58Z,-13.9,-13.9,False,N,0.0,-337.0426576571698,0.0,0.0,,,1364.5560642284363,-1701.408587495297,0.0,0.0,1364.5560642284363,-1700.408587495297,,
2026-09-06,19,2026-09-06T08:00:00Z,2026-09-07T08:44:40Z,-13.9,-13.9,False,N,0.0,-324.41662716453203,0.0,0.0,,,1360.6924203817644,-1684.3418401276567,0.0,0.0,1360.6924203817644,-1683.3418401276567,,
2026-09-06,20,2026-09-06T08:30:00Z,2026-09-07T09:14:38Z,-14.99,-14.99,False,N,0.0,-549.6520382082113,0.0,0.0,,,1055.4018597084555,-1604.7541640481481,0.0,0.0,1055.4018597084555,-1603.7541640481481,,
2026-09-06,21,2026-09-06T09:00:00Z,2026-09-07T09:44:32Z,-30.0,-30.0,False,N,0.0,-643.1811111111111,0.0,0.0,,,862.0333333333333,-1505.2727777777777,0.0,0.0,862.0333333333333,-1504.2727777777777,,
2026-09-06,22,2026-09-06T09:30:00Z,2026-09-07T10:14:40Z,-29.5,-29.5,False,N,0.0,-633.0338669284214,0.0,0.0,,,954.859243904912,-1587.679783866479,0.0,0.0,954.859243904912,-1586.679783866479,,
2026-09-06,23,2026-09-06T10:00:00Z,2026-09-07T10:44:34Z,-15.16,-15.16,False,N,0.0,-444.08707833333335,0.0,0.0,,,1122.167366111111,-1566.0540277777777,0.0,0.0,1122.167366111111,-1565.0540277777777,,
2026-09-06,24,2026-09-06T10:30:00Z,2026-09-07T11:14:38Z,-13.9,-13.9,False,N,0.0,-287.5097701388889,0.0,0.0,,,1116.4083423611112,-1403.525,0.0,0.0,1116.4083423611112,-1402.525,,
2026-09-06,25,2026-09-06T11:00:00Z,2026-09-07T11:44:37Z,-10.0,-10.0,False,N,0.0,-6.059714167931191,0.0,0.0,,,1180.800006702221,-1186.3738975477477,0.0,0.0,1180.800006702221,-1185.3738975477477,,
2026-09-06,26,2026-09-06T11:30:00Z,2026-09-07T12:14:37Z,8.86999999999999,8.86999999999999,False,P,0.0,20.587588425925926,0.0,0.0,,,1177.9916752314814,-1156.8436127314815,0.0,0.0,1176.9916752314814,-1156.8436127314815,,
2026-09-06,27,2026-09-06T12:00:00Z,2026-09-07T12:44:38Z,-10.0,-10.0,False,N,0.0,-12.714623472222222,0.0,0.0,,,1224.5333411111112,-1236.6916668055555,0.0,0.0,1224.5333411111112,-1235.6916668055555,,
2026-09-06,28,2026-09-06T12:30:00Z,2026-09-07T13:14:29Z,47.10999999999999,47.10999999999999,False,P,0.0,145.14237402777778,0.0,0.0,,,1437.6150698611111,-1292.2233913888888,0.0,0.0,1436.6150698611111,-1292.2233913888888,,
2026-09-06,29,2026-09-06T13:00:00Z,2026-09-07T13:44:30Z,71.9,71.9,False,P,0.0,184.99439111304955,0.0,0.0,,,1610.7568911130495,-1425.4568815101202,0.0,0.0,1609.7568911130495,-1425.4568815101202,,
2026-09-06,30,2026-09-06T13:30:00Z,2026-09-07T14:14:42Z,4.2,4.2,False,N,0.0,-137.61615826960147,0.0,0.0,4.2,0.0,1648.1762078558709,-1785.3953835105842,0.0,0.0,1648.1762078558709,-1784.3953835105842,,
2026-09-06,31,2026-09-06T14:00:00Z,2026-09-07T14:44:26Z,12.66691159856326,12.66691159856326,False,N,0.0,-359.78056989928234,0.0,0.0,23.979524007834513,0.5336076388888888,1452.9283155173844,-1812.8164891374433,0.0,0.0,1452.9283155173844,-1811.8164891374433,,
2026-09-06,32,2026-09-06T14:30:00Z,2026-09-07T15:15:04Z,13.55,13.55,False,N,0.0,-305.00559515873016,0.0,0.0,13.55,1.0,1648.6773815079366,-1954.025,0.0,0.0,1648.6773815079366,-1953.025,,
2026-09-06,33,2026-09-06T15:00:00Z,2026-09-07T15:44:28Z,177.0,177.0,False,P,0.0,185.79917841478698,0.0,0.0,,,2178.7111228592316,-1992.8091666666667,0.0,0.0,2177.7111228592316,-1992.8091666666667,,
2026-09-06,34,2026-09-06T15:30:00Z,2026-09-07T16:14:31Z,199.9,199.9,False,P,0.0,495.95182632435274,0.0,0.0,,,2622.5718656034533,-2126.9280115578763,0.0,0.0,2621.5718656034533,-2126.9280115578763,,
2026-09-06,35,2026-09-06T16:00:00Z,2026-09-07T16:44:28Z,190.0,190.0,False,P,0.0,102.95525067588513,0.0,0.0,,,2553.5966466114405,-2450.4309418926996,0.0,0.0,2552.5966466114405,-2450.4309418926996,,
2026-09-06,36,2026-09-06T16:30:00Z,2026-09-07T17:14:27Z,213.0,213.0,False,P,0.0,249.27067481261022,0.0,0.0,,,2818.2795041181657,-2568.885535478395,0.0,0.0,2817.2795041181657,-2568.885535478395,,
2026-09-06,37,2026-09-06T17:00:00Z,2026-09-07T17:44:30Z,191.02,191.02,False,P,0.0,220.75809866822914,0.0,0.0,,,2987.0201393404236,-3516.837244840063,0.0,750.0,2987.0201393404236,-3516.837244840063,,749.0
2026-09-06,38,2026-09-06T17:30:00Z,2026-09-07T18:14:58Z,191.7,191.7,False,P,0.0,306.1474328881252,0.0,0.0,,,3422.1787157413,-3866.1192215926408,0.0,750.0,3422.1787157413,-3866.1192215926408,,749.0
2026-09-06,39,2026-09-06T18:00:00Z,2026-09-07T18:44:39Z,193.88981818181819,193.88981818181819,False,P,0.0,323.34959534020635,0.0,0.0,,,3560.902634844711,-3987.6220434259258,0.0,750.0,3560.902634844711,-3987.6220434259258,,749.0
2026-09-06,40,2026-09-06T18:30:00Z,2026-09-07T19:14:28Z,195.85,195.85,False,P,0.0,560.945907158136,0.0,0.0,,,3605.5557208788964,-3794.303824492786,0.0,750.0,3605.5557208788964,-3794.303824492786,,749.0
2026-09-06,41,2026-09-06T19:00:00Z,2026-09-07T19:44:24Z,222.5,222.5,False,P,0.0,436.68968066423093,0.0,0.0,,,3894.394507954986,-3608.302169574005,0.0,150.0,3893.394507954986,-3608.302169574005,,150.0
2026-09-06,42,2026-09-06T19:30:00Z,2026-09-07T20:14:29Z,209.0,209.0,False,P,0.0,160.95018675273363,0.0,0.0,,,3529.222686752734,-3518.422537180084,0.0,150.0,3528.222686752734,-3518.422537180084,,150.0
2026-09-06,43,2026-09-06T20:00:00Z,2026-09-07T20:44:25Z,128.07,128.07,False,N,0.0,-99.1914048458486,0.0,0.0,,,2886.9427625152625,-3135.9022229166667,0.0,150.0,2886.9427625152625,-3134.9022229166667,,150.0
2026-09-06,44,2026-09-06T20:30:00Z,2026-09-07T21:14:32Z,124.42814572633112,124.42814572633112,False,N,0.0,-143.49183685142182,0.0,0.0,125.02431111111112,1.0,2569.3780750330025,-2862.366810404936,0.0,150.0,2569.3780750330025,-2861.366810404936,,150.0
2026-09-06,45,2026-09-06T21:00:00Z,2026-09-07T21:44:29Z,91.89193424139881,91.89193424139881,False,N,0.0,-70.92277581287233,0.0,0.0,93.31944444444444,1.0,2384.656436432824,-2571.678059191919,0.0,117.5,2384.656436432824,-2570.678059191919,,117.5
2026-09-06,46,2026-09-06T21:30:00Z,2026-09-07T22:16:44Z,33.38,33.38,False,N,0.0,-94.91386842142427,0.0,0.0,,,2153.0115334674647,-2364.2203419086654,0.0,117.5,2153.0115334674647,-2363.2203419086654,,117.5
2026-09-06,47,2026-09-06T22:00:00Z,2026-09-07T22:46:16Z,120.0,120.0,False,N,0.0,-117.57782627314815,0.0,0.0,120.0,1.0,2006.4805070601851,-2241.6670820914665,0.0,117.5,2006.4805070601851,-2240.6670820914665,,117.5
2026-09-06,48,2026-09-06T22:30:00Z,2026-09-07T23:14:25Z,137.82,137.82,False,N,0.0,-304.5365658796296,0.0,0.0,137.82,0.0,1747.3928785648147,-2169.26,0.0,117.5,1747.3928785648147,-2168.26,,117.5
2026-09-07,1,2026-09-06T23:00:00Z,2026-09-07T23:44:29Z,142.82,142.82,False,N,0.0,-41.88963219494198,0.0,0.0,142.82,0.0,1967.1490483606135,-2126.1313161729545,0.0,117.5,1967.1490483606135,-2125.1313161729545,,117.5
2026-09-07,2,2026-09-06T23:30:00Z,2026-09-08T00:15:06Z,165.53167651228944,165.53167651228944,False,P,0.0,16.53807288990824,0.0,0.0,,,1727.8993103966563,-1828.1468090346946,0.0,117.5,1726.8993103966563,-1828.1468090346946,,117.5
2026-09-07,3,2026-09-07T00:00:00Z,2026-09-08T00:44:28Z,169.02,169.02,False,P,0.0,409.5369503580212,0.0,0.0,,,1721.4793521437355,-1429.3414332303369,0.0,117.5,1720.4793521437355,-1429.3414332303369,,117.5
2026-09-07,4,2026-09-07T00:30:00Z,2026-09-08T01:14:31Z,185.0,185.0,False,P,0.0,18.685319325396826,0.0,0.0,,,963.6491503174603,-1062.652218962149,0.0,117.5,962.6491503174603,-1062.652218962149,,117.5
2026-09-07,5,2026-09-07T01:00:00Z,2026-09-08T01:44:30Z,187.48,187.48,False,P,0.0,25.607000694444444,0.0,0.0,,,790.1833333333333,-883.0391759722222,0.0,117.5,789.1833333333333,-883.0391759722222,,117.5
2026-09-07,6,2026-09-07T01:30:00Z,2026-09-08T02:16:02Z,107.17207259372076,107.17207259372076,False,N,0.0,-296.00513216472916,0.0,0.0,,,725.856702303618,-1140.297249942507,0.0,117.5,725.856702303618,-1139.297249942507,,117.5
2026-09-07,7,2026-09-07T02:00:00Z,2026-09-08T02:45:10Z,60.0,60.0,False,N,0.0,-306.8925132904394,0.0,0.0,,,669.932759326131,-1094.467628845995,0.0,117.5,669.932759326131,-1093.467628845995,,117.5
2026-09-07,8,2026-09-07T02:30:00Z,2026-09-08T03:14:25Z,60.0,60.0,False,N,0.0,-347.2171796338384,0.0,0.0,,,673.8420686111111,-1138.8363428408938,0.0,117.5,673.8420686111111,-1137.8363428408938,,117.5
2026-09-07,9,2026-09-07T03:00:00Z,2026-09-08T03:44:23Z,60.0,60.0,False,N,0.0,-204.0081858282153,0.0,0.0,,,665.2493237224678,-988.4070757677894,0.0,117.5,665.2493237224678,-987.4070757677894,,117.5
2026-09-07,10,2026-09-07T03:30:00Z,2026-09-08T04:14:25Z,99.07779107554215,99.07779107554215,False,N,0.0,-247.89170510735647,0.0,0.0,,,665.2225437184676,-1030.9289273295788,0.0,117.5,665.2225437184676,-1029.9289273295788,,117.5
2026-09-07,11,2026-09-07T04:00:00Z,2026-09-08T04:44:25Z,200.0,200.0,False,P,0.0,28.30807810897436,0.0,0.0,,,669.4232782327973,-759.6013310576923,0.0,117.5,668.4232782327973,-759.6013310576923,,117.5
2026-09-07,12,2026-09-07T04:30:00Z,2026-09-08T05:14:27Z,200.0,200.0,False,P,0.0,20.29155003472222,0.0,0.0,,,830.7835585416667,-928.5222584375,0.0,117.5,829.7835585416667,-928.5222584375,,117.5
2026-09-07,13,2026-09-07T05:00:00Z,2026-09-08T05:44:37Z,122.07,122.07,False,N,0.0,-133.08915001058756,0.0,0.0,,,1100.4335755864756,-1351.9095865383654,0.0,117.5,1100.4335755864756,-1350.9095865383654,,117.5
2026-09-07,14,2026-09-07T05:30:00Z,2026-09-08T06:14:27Z,122.91932453243717,122.91932453243717,False,N,0.0,-223.29039912644788,0.0,0.0,,,1454.1292746638057,-1794.816760692096,0.0,117.5,1454.1292746638057,-1793.816760692096,,117.5
2026-09-07,15,2026-09-07T06:00:00Z,2026-09-08T06:44:24Z,195.69,195.69,False,P,0.0,84.67580208341317,0.0,0.0,,,1500.7502287777158,-1416.814281156029,0.0,0.0,1499.7502287777158,-1416.814281156029,,
2026-09-07,16,2026-09-07T06:30:00Z,2026-09-08T07:14:25Z,114.31,114.31,False,N,0.0,-145.9436997685185,0.0,0.0,,,1354.4768500925925,-1500.5588458691757,0.0,0.0,1354.4768500925925,-1499.5588458691757,,
2026-09-07,17,2026-09-07T07:00:00Z,2026-09-08T07:44:29Z,199.9,199.9,False,P,0.0,41.454076756349984,0.0,0.0,,,1352.2785821730167,-1310.7262836784512,0.0,0.0,1351.2785821730167,-1310.7262836784512,,
2026-09-07,18,2026-09-07T07:30:00Z,2026-09-08T08:14:24Z,199.9,199.9,False,P,0.0,14.974539318181819,0.0,0.0,,,1322.4913952777779,-1307.6312499747476,0.0,0.0,1321.4913952777779,-1307.6312499747476,,
2026-09-07,19,2026-09-07T08:00:00Z,2026-09-08T08:44:31Z,88.64,88.64,False,N,0.0,-130.53319444444443,0.0,0.0,,,1356.191111111111,-1487.3500008333333,0.0,0.0,1356.191111111111,-1486.3500008333333,,
2026-09-07,20,2026-09-07T08:30:00Z,2026-09-08T09:14:24Z,200.0,200.0,False,P,0.0,224.8970325,0.0,0.0,,,1452.1358333333333,-1227.6933409244841,0.0,0.0,1451.1358333333333,-1227.6933409244841,,
2026-09-07,21,2026-09-07T09:00:00Z,2026-09-08T09:44:23Z,199.9,199.9,False,P,0.0,303.6236734722222,0.0,0.0,,,1595.6818656018518,-1292.4685372222223,0.0,0.0,1594.6818656018518,-1292.4685372222223,,
2026-09-07,22,2026-09-07T09:30:00Z,2026-09-08T10:14:24Z,199.8,199.8,False,P,0.0,612.257070494788,0.0,0.0,,,2002.8647040175151,-1390.433366161616,0.0,0.0,2001.8647040175151,-1390.433366161616,,
2026-09-07,23,2026-09-07T10:00:00Z,2026-09-08T10:44:25Z,80.0,80.0,False,N,0.0,-150.06988283297534,0.0,0.0,,,1618.6722762598465,-1768.557232272898,0.0,0.0,1618.6722762598465,-1767.557232272898,,
2026-09-07,24,2026-09-07T10:30:00Z,2026-09-08T11:14:26Z,82.0,82.0,False,N,0.0,-511.31659451659453,0.0,0.0,82.0,1.0,1412.2526515151515,-1923.569246031746,0.0,0.0,1412.2526515151515,-1922.569246031746,,
2026-09-07,25,2026-09-07T11:00:00Z,2026-09-08T11:44:24Z,96.91,96.91,False,N,0.0,-304.9815996632997,0.0,0.0,96.91,0.0,1570.1056225589225,-1875.0891386574074,0.0,0.0,1570.1056225589225,-1874.0891386574074,,
2026-09-07,26,2026-09-07T11:30:00Z,2026-09-08T12:14:30Z,140.3,140.3,False,P,0.0,57.66025005952381,0.0,0.0,,,1842.864063015873,-1785.1406385119049,0.0,0.0,1841.864063015873,-1785.1406385119049,,
2026-09-07,27,2026-09-07T12:00:00Z,2026-09-08T12:44:25Z,102.7,102.7,False,N,0.0,-14.614505083697665,0.0,0.0,102.7,0.0,1602.2818319996356,-1617.3019716666668,0.0,0.0,1602.2818319996356,-1616.3019716666668,,
2026-09-07,28,2026-09-07T12:30:00Z,2026-09-08T13:14:29Z,104.26,104.26,False,N,0.0,-58.92626202380952,0.0,0.0,104.26,0.0,1476.8122572924299,-1535.9072222222221,0.0,0.0,1476.8122572924299,-1534.9072222222221,,
2026-09-07,29,2026-09-07T13:00:00Z,2026-09-08T13:44:29Z,92.04,92.04,False,N,0.0,-71.35484347793636,0.0,0.0,92.04,0.0,1591.872239855397,-1663.376425451389,0.0,0.0,1591.872239855397,-1662.376425451389,,
2026-09-07,30,2026-09-07T13:30:00Z,2026-09-08T14:14:25Z,183.5,183.5,False,P,0.0,4.085098449673003,0.0,0.0,,,1672.4744946485034,-1668.953611111111,0.0,0.0,1671.4744946485034,-1668.953611111111,,
2026-09-07,31,2026-09-07T14:00:00Z,2026-09-08T14:44:28Z,40.0,40.0,False,N,0.0,-544.5448266780837,0.0,0.0,,,1820.0978420876525,-2364.816812357006,0.0,0.0,1820.0978420876525,-2363.816812357006,,
2026-09-07,32,2026-09-07T14:30:00Z,2026-09-08T15:14:26Z,40.0,40.0,False,N,0.0,-400.4018032213798,0.0,0.0,,,1825.4716811765607,-2226.2116239976135,0.0,0.0,1825.4716811765607,-2225.2116239976135,,
2026-09-07,33,2026-09-07T15:00:00Z,2026-09-08T15:44:27Z,40.0,40.0,False,N,0.0,-291.10794579973145,0.0,0.0,,,1836.9707795915501,-2128.683379262538,0.0,0.0,1836.9707795915501,-2127.683379262538,,
2026-09-07,34,2026-09-07T15:30:00Z,2026-09-08T16:14:25Z,34.10999999999999,34.10999999999999,False,N,0.0,-417.04531982942433,0.0,0.0,,,1673.4463468372423,-2090.366666666667,0.0,0.0,1673.4463468372423,-2089.366666666667,,
2026-09-07,35,2026-09-07T16:00:00Z,2026-09-08T16:45:08Z,177.0,177.0,False,P,0.0,17.71106674074074,0.0,0.0,,,1620.250500851852,-2564.150461222222,0.0,962.05,1620.250500851852,-2564.150461222222,,961.05
2026-09-07,36,2026-09-07T16:30:00Z,2026-09-08T17:14:27Z,182.0,182.0,False,P,0.0,310.26838008156966,0.0,0.0,,,2028.2842765476191,-2686.0204704938274,0.0,968.8,2028.2842765476191,-2686.0204704938274,,967.8
2026-09-07,37,2026-09-07T17:00:00Z,2026-09-08T17:44:27Z,213.77,213.77,False,P,0.0,459.2192351190476,0.0,0.0,,,2314.6543276704783,-2868.466105,0.0,1013.55,2314.6543276704783,-2868.466105,,1012.55
2026-09-07,38,2026-09-07T17:30:00Z,2026-09-08T18:14:21Z,187.0,187.0,False,P,0.0006,60.81206708333333,0.0,0.0,,,2314.7196464583335,-3268.632698402778,0.0,1015.15,2314.7196464583335,-3268.632698402778,,1014.15
2026-09-07,39,2026-09-07T18:00:00Z,2026-09-08T18:44:26Z,195.09,195.09,False,P,0.0,26.700139265873016,0.0,0.0,,,2408.65803843254,-3353.4549355555555,0.0,972.05,2407.65803843254,-3353.4549355555555,,972.05
2026-09-07,40,2026-09-07T18:30:00Z,2026-09-08T19:14:25Z,206.0,206.0,False,P,0.0,38.362118504185716,0.0,0.0,,,2396.19713044863,-3325.7995756907953,0.0,969.0,2396.19713044863,-3325.7995756907953,,968.0
2026-09-07,41,2026-09-07T19:00:00Z,2026-09-08T19:44:30Z,195.0,195.0,False,P,0.0,179.71844649046247,0.0,0.0,,,2447.0544577404626,-3222.5978226166185,0.0,956.75,2446.2130201083273,-3222.5978226166185,,956.5914376321354
2026-09-07,42,2026-09-07T19:30:00Z,2026-09-08T20:14:34Z,190.7,190.7,False,P,0.0,134.1701024620981,0.0,0.0,,,2450.001352462098,-3270.1485919818374,0.0,954.35,2449.001352462098,-3270.1485919818374,,954.35
2026-09-07,43,2026-09-07T20:00:00Z,2026-09-08T20:44:26Z,125.18,125.18,False,N,0.0,-42.009597691798945,0.0,0.0,,,1976.0350345304232,-2970.558963640873,0.0,952.4,1976.0350345304232,-2969.558963640873,,952.4
2026-09-07,44,2026-09-07T20:30:00Z,2026-09-08T21:14:26Z,122.68,122.68,False,N,0.0,-70.00529466666667,0.0,0.0,,,1735.4280386666667,-2756.9923243809526,0.0,951.9,1735.4280386666667,-2755.9923243809526,,951.9
2026-09-07,45,2026-09-07T21:00:00Z,2026-09-08T21:44:28Z,138.8,138.8,False,N,0.0,-270.4065591269841,0.0,0.0,138.8,0.0,2087.165940873016,-2657.4809011904763,0.0,300.0,2087.165940873016,-2656.4809011904763,,300.0
2026-09-07,46,2026-09-07T21:30:00Z,2026-09-08T22:15:00Z,131.88,131.88,False,N,0.0,-95.88920000290393,0.0,0.0,131.88,0.0,2381.0896583304293,-2776.6154261282472,0.0,300.0,2381.0896583304293,-2775.6154261282472,,300.0
2026-09-07,47,2026-09-07T22:00:00Z,2026-09-08T22:44:24Z,140.54,140.54,False,N,0.0,-85.64904737525724,0.0,0.0,140.54,0.0,2547.798915761451,-3050.589954222022,0.0,417.5,2547.798915761451,-3049.589954222022,,417.5
2026-09-07,48,2026-09-07T22:30:00Z,2026-09-08T23:14:40Z,148.67008849557521,148.67008849557521,False,P,0.0,150.0731582762037,0.0,0.0,,,2937.723158276204,-3205.1100012465613,0.0,417.5,2937.723158276204,-3205.1100012465613,,416.5
2026-09-08,1,2026-09-07T23:00:00Z,2026-09-08T23:44:29Z,160.78,160.78,False,P,0.0,333.40314935606693,0.0,0.0,,,2979.0051882449557,-3062.8635244191905,0.0,417.5,2978.0051882449557,-3062.8635244191905,,417.5
2026-09-08,2,2026-09-07T23:30:00Z,2026-09-09T00:14:31Z,143.65,143.65,False,P,0.0,296.10787192696193,0.0,0.0,,,2732.951760815851,-2854.5013957424244,0.0,417.5,2732.951760815851,-2854.5013957424244,,416.5
2026-09-08,3,2026-09-08T00:00:00Z,2026-09-09T00:44:27Z,194.0,194.0,False,P,0.0,721.8087646825397,0.0,0.0,,,3249.182653650794,-2944.8113975066167,0.0,417.5,3248.182653650794,-2944.8113975066167,,417.5
2026-09-08,4,2026-09-08T00:30:00Z,2026-09-09T01:14:32Z,194.5,194.5,False,P,0.0,1026.4792027770056,0.0,0.0,,,3564.257136002342,-2955.5794018287816,0.0,417.5,3563.257136002342,-2955.5794018287816,,417.5
2026-09-08,5,2026-09-08T01:00:00Z,2026-09-09T01:44:42Z,190.7,190.7,False,P,0.0,62.25371445553418,0.0,0.0,,,2937.4330876063277,-2992.8015805067607,0.0,117.5,2936.4330876063277,-2992.8015805067607,,117.5
2026-09-08,6,2026-09-08T01:30:00Z,2026-09-09T02:17:22Z,139.21,139.21,False,N,0.0,-140.16958707922825,0.0,0.0,139.21,0.0,2525.2068018096606,-2782.4454441399835,0.0,117.5,2525.2068018096606,-2781.4454441399835,,117.5
2026-09-08,7,2026-09-08T02:00:00Z,2026-09-09T02:44:59Z,123.25,123.25,False,N,0.0,-447.5810765691701,0.0,0.0,123.25,0.0,2169.98787343083,-2734.0873037558836,0.0,117.5,2169.98787343083,-2733.0873037558836,,117.5
2026-09-08,8,2026-09-08T02:30:00Z,2026-09-09T03:14:35Z,111.04,111.04,False,N,0.0,-59.84955949243333,0.0,0.0,111.04,0.0,2542.018453979789,-2719.0933284212856,0.0,117.5,2542.018453979789,-2718.0933284212856,,117.5
2026-09-08,9,2026-09-08T03:00:00Z,2026-09-09T03:44:33Z,129.26,129.26,False,N,0.0,-2.360407880434893,0.0,0.0,129.26,0.0,2524.4128114195805,-2644.088889922897,0.0,117.5,2524.4128114195805,-2643.088889922897,,117.5
2026-09-08,10,2026-09-08T03:30:00Z,2026-09-09T04:14:32Z,135.33,135.33,False,N,0.0,-58.55843601010101,0.0,0.0,135.33,0.0,2464.3102167676766,-2639.7464283333334,0.0,117.5,2464.3102167676766,-2638.7464283333334,,117.5
2026-09-08,11,2026-09-08T04:00:00Z,2026-09-09T04:44:34Z,129.7776895890128,129.7776895890128,False,N,0.0,-117.04264283345671,0.0,0.0,129.843,1.0,2550.83329633321,-2785.804409956197,0.0,117.5,2550.83329633321,-2784.804409956197,,117.5
2026-09-08,12,2026-09-08T04:30:00Z,2026-09-09T05:14:49Z,152.39,152.39,False,N,0.0,-271.9577283434343,0.0,0.0,152.39,0.0,2412.4531267512916,-2801.6137703668833,0.0,117.5,2412.4531267512916,-2800.6137703668833,,117.5
2026-09-08,13,2026-09-08T05:00:00Z,2026-09-09T05:44:59Z,187.17,187.17,False,P,0.0,103.82451227154591,0.0,0.0,,,2551.1902696134684,-3064.376309043879,0.0,617.5,2551.1902696134684,-3064.376309043879,,616.5
2026-09-08,14,2026-09-08T05:30:00Z,2026-09-09T06:14:40Z,192.42,192.42,False,P,0.0,424.5866895634921,0.0,0.0,,,3099.1033562301586,-3291.9694444444444,0.0,617.5,3099.1033562301586,-3291.9694444444444,,616.5
2026-09-08,15,2026-09-08T06:00:00Z,2026-09-09T06:44:39Z,186.41,186.41,False,P,0.0,418.11010448736175,0.0,0.0,,,3712.5378185151394,-3794.3006013170802,0.0,500.0,3712.5378185151394,-3794.3006013170802,,499.0
2026-09-08,16,2026-09-08T06:30:00Z,2026-09-09T07:14:38Z,202.9,202.9,False,P,0.0,807.7073343959513,0.0,0.0,,,4009.3415534273367,-3701.6624107407406,0.0,500.0,4008.3415534273367,-3701.6624107407406,,500.0
2026-09-08,17,2026-09-08T07:00:00Z,2026-09-09T07:45:08Z,194.0,194.0,False,P,0.0,16.134827115449745,0.0,0.0,,,3228.786501224138,-3212.5229289407284,0.0,0.0,3227.786501224138,-3212.5229289407284,,
2026-09-08,18,2026-09-08T07:30:00Z,2026-09-09T08:15:05Z,194.0,194.0,False,P,0.0,37.12022042153996,0.0,0.0,,,3164.4808331993177,-3127.360614269006,0.0,0.0,3163.4808331993177,-3127.360614269006,,
2026-09-08,19,2026-09-08T08:00:00Z,2026-09-09T08:44:44Z,194.0,194.0,False,P,0.0,18.94839535185185,0.0,0.0,,,2995.865522712963,-2976.923124888889,0.0,0.0,2994.865522712963,-2976.923124888889,,
2026-09-08,20,2026-09-08T08:30:00Z,2026-09-09T09:15:16Z,202.9,202.9,False,P,0.0,419.7088444075839,0.0,0.0,,,3178.7702888520284,-2759.0150401040764,0.0,0.0,3177.7702888520284,-2759.0150401040764,,
2026-09-08,21,2026-09-08T09:00:00Z,2026-09-09T09:45:11Z,190.0,190.0,False,P,0.0,253.10211397970085,0.0,0.0,,,2910.1403968963677,-2657.0176351442306,0.0,0.0,2909.1403968963677,-2657.0176351442306,,
2026-09-08,22,2026-09-08T09:30:00Z,2026-09-09T10:14:56Z,190.0,190.0,False,P,0.0,477.3521051329365,0.0,0.0,,,3168.7744238366404,-2691.1792627453706,0.0,0.0,3167.7744238366404,-2691.1792627453706,,
2026-09-08,23,2026-09-08T10:00:00Z,2026-09-09T10:44:26Z,190.0,190.0,False,P,0.0,618.5990617472343,0.0,0.0,,,3387.115437150072,-2768.732750588023,0.0,0.0,3386.115437150072,-2768.732750588023,,
2026-09-08,24,2026-09-08T10:30:00Z,2026-09-09T11:15:00Z,188.0,188.0,False,P,0.0,211.7546229671717,0.0,0.0,,,3103.2543956944446,-2891.50004143759,0.0,0.0,3102.2543956944446,-2891.50004143759,,
2026-09-08,25,2026-09-08T11:00:00Z,2026-09-09T11:44:34Z,188.0,188.0,False,P,0.0,165.27997045634922,0.0,0.0,,,3166.912510138889,-3001.665873015873,0.0,0.0,3165.912510138889,-3001.665873015873,,
2026-09-08,26,2026-09-08T11:30:00Z,2026-09-09T12:14:38Z,160.21,160.21,False,N,0.0,-246.68862156746033,0.0,0.0,160.21,0.0,2907.45133875,-3154.2237032804233,0.0,0.0,2907.45133875,-3153.2237032804233,,
2026-09-08,27,2026-09-08T12:00:00Z,2026-09-09T12:45:13Z,137.19,137.19,False,N,0.0,-338.0918965277778,0.0,0.0,137.19,0.0,2629.9166666666665,-2968.139581666667,0.0,0.0,2629.9166666666665,-2967.139581666667,,
2026-09-08,28,2026-09-08T12:30:00Z,2026-09-09T13:14:34Z,-11.96,-11.96,False,N,0.0,-332.8791840277778,0.0,0.0,,,2462.921015138889,-2795.1568435555555,0.0,0.0,2462.921015138889,-2794.1568435555555,,
2026-09-08,29,2026-09-08T13:00:00Z,2026-09-09T13:44:34Z,179.68,179.68,False,P,0.0,524.0845849064484,0.0,0.0,,,3109.540835739782,-2585.9666688313755,0.0,0.0,3108.540835739782,-2585.9666688313755,,
2026-09-08,30,2026-09-08T13:30:00Z,2026-09-09T14:15:01Z,178.56940990205084,178.56940990205084,False,P,0.0,122.84316125,0.0,0.0,,,2716.802241388889,-2595.3106068055554,0.0,0.0,2715.802241388889,-2595.3106068055554,,
2026-09-08,31,2026-09-08T14:00:00Z,2026-09-09T14:44:53Z,73.54999999999998,73.54999999999998,False,N,0.0,-78.43766512530226,0.0,0.0,,,2693.796682976573,-2772.7282365972223,0.0,0.0,2693.796682976573,-2771.7282365972223,,
2026-09-08,32,2026-09-08T14:30:00Z,2026-09-09T15:14:37Z,194.0,194.0,False,P,0.0,525.9842590497076,0.0,0.0,,,3107.769619883041,-2581.8428581150793,0.0,0.0,3106.769619883041,-2581.8428581150793,,
2026-09-08,33,2026-09-08T15:00:00Z,2026-09-09T15:44:34Z,194.0,194.0,False,P,0.0,262.19582518776053,0.0,0.0,,,3018.1878852765753,-2756.4504277109727,0.0,0.0,3017.1878852765753,-2756.4504277109727,,
2026-09-08,34,2026-09-08T15:30:00Z,2026-09-09T16:15:25Z,70.04999999999998,70.04999999999998,False,N,0.0,-291.6333070162758,0.0,0.0,,,2918.966105228169,-3213.8332642680057,0.0,2.401,2918.966105228169,-3212.8332642680057,,2.401
2026-09-08,35,2026-09-08T16:00:00Z,2026-09-09T16:44:40Z,100.0,100.0,False,N,0.0,-294.6588941360029,0.0,0.0,,,2417.966273522727,-3780.4108356637807,0.0,1067.829,2417.966273522727,-3779.4108356637807,,1067.829
2026-09-08,36,2026-09-08T16:30:00Z,2026-09-09T17:14:28Z,100.0,100.0,False,N,0.0,-305.542709271747,0.0,0.0,,,2115.874809625785,-3528.4054763469103,0.0,1107.3,2115.874809625785,-3527.4054763469103,,1107.3
2026-09-08,37,2026-09-08T17:00:00Z,2026-09-09T17:44:29Z,110.0,110.0,False,N,0.0,-346.7177825220955,0.0,0.0,,,2252.2510567981435,-3719.8022087720956,0.0,1121.195,2252.2510567981435,-3718.8022087720956,,1121.195
2026-09-08,38,2026-09-08T17:30:00Z,2026-09-09T18:14:26Z,153.67,153.67,False,N,0.0,-173.2479262506952,0.0,0.0,153.67,0.0,2119.081289126176,-3448.0492650422684,0.0,1156.893,2119.081289126176,-3447.0492650422684,,1156.893
2026-09-08,39,2026-09-08T18:00:00Z,2026-09-09T18:44:48Z,184.0,184.0,False,P,0.0,56.66112946362434,0.0,0.0,,,2483.2944750440665,-3575.1331495083846,0.0,1149.35,2483.2944750440665,-3575.1331495083846,,1148.35
2026-09-08,40,2026-09-08T18:30:00Z,2026-09-09T19:14:40Z,184.0,184.0,False,P,0.0,20.616446973764806,0.0,0.0,,,2767.304801221968,-3895.444603251447,0.0,1149.65,2767.304801221968,-3895.444603251447,,1148.65
2026-09-08,41,2026-09-08T19:00:00Z,2026-09-09T19:44:44Z,191.0,191.0,False,P,0.0,75.67474026601552,0.0,0.0,,,2581.940619829508,-3656.0886586101715,0.0,1150.3,2581.940619829508,-3656.0886586101715,,1149.3
2026-09-08,42,2026-09-08T19:30:00Z,2026-09-09T20:14:43Z,114.16002012269828,114.16002012269828,False,N,0.0,-76.87190957368288,0.0,0.0,,,2513.5380952449336,-3698.198822223993,0.0,1109.171,2513.5380952449336,-3697.198822223993,,1109.171
2026-09-08,43,2026-09-08T20:00:00Z,2026-09-09T20:44:45Z,149.85,149.85,False,N,0.0,-32.00907684524511,0.0,0.0,149.85,0.0,2876.253948130864,-3392.0490714819402,0.0,484.159,2876.253948130864,-3391.0490714819402,,484.159
2026-09-08,44,2026-09-08T20:30:00Z,2026-09-09T21:14:44Z,102.67,102.67,False,N,0.0,-183.60678577766154,0.0,0.0,,,2455.6644401945605,-3089.9346053252507,0.0,452.0,2455.6644401945605,-3088.9346053252507,,452.0
2026-09-08,45,2026-09-08T21:00:00Z,2026-09-09T21:44:47Z,128.61,128.61,False,P,0.0,112.14372066822067,0.0,0.0,,,2359.5552863247863,-2647.092834887335,0.0,400.0,2359.5552863247863,-2647.092834887335,,399.0
2026-09-08,46,2026-09-08T21:30:00Z,2026-09-09T22:14:49Z,132.33,132.33,False,P,0.0,212.32735944444445,0.0,0.0,,,1901.6520816666666,-2089.4001388888887,0.0,400.0,1901.6520816666666,-2089.4001388888887,,399.0
2026-09-08,47,2026-09-08T22:00:00Z,2026-09-09T22:44:40Z,111.73,111.73,False,P,0.0,49.936668849203706,0.0,0.0,,,1745.900002182537,-1995.850000566507,0.0,300.0,1745.900002182537,-1995.850000566507,,299.0
2026-09-08,48,2026-09-08T22:30:00Z,2026-09-09T23:14:44Z,111.73,111.73,False,P,0.0,8.356484583333334,0.0,0.0,,,1617.3314845833333,-1908.8648145833333,0.0,300.0,1617.3314845833333,-1908.8648145833333,,299.0
2026-09-09,1,2026-09-08T23:00:00Z,2026-09-09T23:44:43Z,111.31,111.31,False,P,0.0,99.00399486111111,0.0,0.0,,,1465.87500125,-1666.6827777777778,0.0,300.0,1465.87500125,-1666.6827777777778,,299.0
2026-09-09,2,2026-09-08T23:30:00Z,2026-09-10T00:14:44Z,109.92,109.92,False,P,0.0,58.84402902777778,0.0,0.0,,,1295.76250125,-1536.7330555555557,0.0,300.0,1295.76250125,-1536.7330555555557,,299.0
2026-09-09,3,2026-09-09T00:00:00Z,2026-09-10T00:44:38Z,123.06,123.06,False,P,0.0,176.85940272646033,0.0,0.0,,,1267.7744027264603,-1390.620002409,0.0,300.0,1267.7744027264603,-1390.620002409,,299.0
2026-09-09,4,2026-09-09T00:30:00Z,2026-09-10T01:14:41Z,126.53016949152541,126.53016949152541,False,P,0.0,258.816668060696,0.0,0.0,,,1116.5333347273627,-1157.4625008681949,0.0,300.0,1116.5333347273627,-1157.4625008681949,,299.0
2026-09-09,5,2026-09-09T01:00:00Z,2026-09-10T01:44:44Z,102.88,102.88,False,N,0.0,-23.080555555555556,0.0,0.0,102.88,1.0,1077.2416666666666,-1099.8111111111111,0.0,0.0,1077.2416666666666,-1098.8111111111111,,
2026-09-09,6,2026-09-09T01:30:00Z,2026-09-10T02:17:17Z,80.41,80.41,False,N,0.0,-227.90764291666667,0.0,0.0,,,1051.575001388889,-1279.555560972222,0.0,0.0,1051.575001388889,-1278.555560972222,,
2026-09-09,7,2026-09-09T02:00:00Z,2026-09-10T02:45:25Z,93.28,93.28,False,N,0.0,-213.75760555555556,0.0,0.0,,,1035.9560830555556,-1249.6327469444445,0.0,0.0,1035.9560830555556,-1248.6327469444445,,
2026-09-09,8,2026-09-09T02:30:00Z,2026-09-10T03:14:40Z,90.96,90.96,False,N,0.0,-118.99158776364924,0.0,0.0,,,1030.1825969910703,-1149.7414874359204,0.0,0.0,1030.1825969910703,-1148.7414874359204,,
2026-09-09,9,2026-09-09T03:00:00Z,2026-09-10T03:45:10Z,89.92310104558528,89.92310104558528,False,N,0.0,-81.45838139627904,0.0,0.0,,,1031.7647617297337,-1113.3880784796124,0.0,0.0,1031.7647617297337,-1112.3880784796124,,
2026-09-09,10,2026-09-09T03:30:00Z,2026-09-10T04:14:56Z,79.96253297280656,79.96253297280656,False,N,0.0,-318.265969403432,0.0,0.0,,,1030.2576401599292,-1348.3826360700987,0.0,0.0,1030.2576401599292,-1347.3826360700987,,
2026-09-09,11,2026-09-09T04:00:00Z,2026-09-10T04:44:54Z,73.17,73.17,False,N,0.0,-372.8455540415404,0.0,0.0,,,1029.6136129643453,-1402.242498485985,0.0,0.0,1029.6136129643453,-1401.242498485985,,
2026-09-09,12,2026-09-09T04:30:00Z,2026-09-10T05:14:32Z,124.39,124.39,False,N,0.0,-37.90123666666667,0.0,0.0,,,1029.4575,-1068.01583625,0.0,0.0,1029.4575,-1067.01583625,,
2026-09-09,13,2026-09-09T05:00:00Z,2026-09-10T05:44:52Z,67.35999999999999,67.35999999999999,False,N,0.0,-417.93416956349205,0.0,0.0,,,1031.0875010565503,-1449.0708362301586,0.0,0.0,1031.0875010565503,-1448.0708362301586,,
2026-09-09,14,2026-09-09T05:30:00Z,2026-09-10T06:14:35Z,204.9,204.9,False,P,0.0,11.280915,0.0,0.0,,,1106.445845486111,-1096.3687691666667,0.0,0.0,1105.445845486111,-1096.3687691666667,,
2026-09-09,15,2026-09-09T06:00:00Z,2026-09-10T06:44:39Z,204.9,204.9,False,P,0.0,27.51687902777778,0.0,0.0,,,996.3720238888889,-969.4067464443633,0.0,0.0,995.3720238888889,-969.4067464443633,,
2026-09-09,16,2026-09-09T06:30:00Z,2026-09-10T07:14:33Z,204.9,204.9,False,P,0.0,38.59165514203121,0.0,0.0,,,965.8750090810685,-927.3500115246354,0.0,0.0,964.8750090810685,-927.3500115246354,,
2026-09-09,17,2026-09-09T07:00:00Z,2026-09-10T07:44:40Z,204.9,204.9,False,P,0.0,30.95791611111111,0.0,0.0,,,1034.3166666666666,-1003.6691672222222,0.0,0.0,1033.3166666666666,-1003.6691672222222,,
2026-09-09,18,2026-09-09T07:30:00Z,2026-09-10T08:15:01Z,204.9,204.9,False,P,0.0,194.4982238163126,0.0,0.0,,,1099.0208333333333,-905.2008968636953,0.0,0.0,1098.0208333333333,-905.2008968636953,,
2026-09-09,19,2026-09-09T08:00:00Z,2026-09-10T08:44:33Z,204.9,204.9,False,P,0.0,62.4624995506536,0.0,0.0,,,985.5708333333333,-923.2666671160131,0.0,0.0,984.5708333333333,-923.2666671160131,,
2026-09-09,20,2026-09-09T08:30:00Z,2026-09-10T09:14:49Z,184.99,184.99,False,P,0.0,19.554716893313596,0.0,0.0,,,935.7000092962411,-916.6486164400197,0.0,0.0,934.7000092962411,-916.6486164400197,,
2026-09-09,21,2026-09-09T09:00:00Z,2026-09-10T09:45:19Z,204.9,204.9,False,P,0.0,238.63955958333332,0.0,0.0,,,938.5,-700.0683367456267,0.0,0.0,937.5,-700.0683367456267,,
2026-09-09,22,2026-09-09T09:30:00Z,2026-09-10T10:14:41Z,204.9,204.9,False,P,0.0,85.48721048491771,0.0,0.0,,,944.5493909954254,-859.314385901559,0.0,0.0,943.5493909954254,-859.314385901559,,
2026-09-09,23,2026-09-09T10:00:00Z,2026-09-10T10:44:41Z,146.25879603197478,146.25879603197478,False,N,0.0,-26.412361055555557,0.0,0.0,,,944.5088596342794,-971.1391105,0.0,0.0,944.5088596342794,-970.1391105,,
2026-09-09,24,2026-09-09T10:30:00Z,2026-09-10T11:14:37Z,204.9,204.9,False,P,0.0,17.44387025927143,0.0,0.0,,,963.5000072323625,-946.3910502865034,0.0,0.0,962.5000072323625,-946.3910502865034,,
2026-09-09,25,2026-09-09T11:00:00Z,2026-09-10T11:44:39Z,204.9,204.9,False,P,0.0,246.37300724476586,0.0,0.0,,,898.9416670616296,-653.0508356719008,0.0,0.0,897.9416670616296,-653.0508356719008,,
2026-09-09,26,2026-09-09T11:30:00Z,2026-09-10T12:14:33Z,204.9,204.9,False,P,0.0,104.33497550303646,0.0,0.0,,,803.1916714012004,-699.1261356080746,0.0,0.0,802.1916714012004,-699.1261356080746,,
2026-09-09,27,2026-09-09T12:00:00Z,2026-09-10T12:44:39Z,135.34909418373454,135.34909418373454,False,N,0.0,-102.57452354640647,0.0,0.0,,,800.1000036281058,-903.0343846575175,0.0,0.0,800.1000036281058,-902.0343846575175,,
2026-09-09,28,2026-09-09T12:30:00Z,2026-09-10T13:14:35Z,111.6,111.6,False,N,0.0,-282.33187918209876,0.0,0.0,,,738.8167299659524,-1021.6148635013717,0.0,0.0,738.8167299659524,-1020.6148635013717,,
2026-09-09,29,2026-09-09T13:00:00Z,2026-09-10T13:44:34Z,111.5,111.5,False,N,0.0,-309.9023826866799,0.0,0.0,,,664.6000036489814,-975.1607160200132,0.0,0.0,664.6000036489814,-974.1607160200132,,
2026-09-09,30,2026-09-09T13:30:00Z,2026-09-10T14:14:31Z,111.5,111.5,False,N,0.0,-138.25408845959595,0.0,0.0,,,602.7583341666667,-741.4016379620923,0.0,0.0,602.7583341666667,-740.4016379620923,,
2026-09-09,31,2026-09-09T14:00:00Z,2026-09-10T14:44:35Z,208.0,208.0,False,P,0.0,203.09265333333335,0.0,0.0,,,450.84166666666664,-249.21333416666667,0.0,0.0,449.84166666666664,-249.21333416666667,,
2026-09-09,32,2026-09-09T14:30:00Z,2026-09-10T15:14:42Z,204.9,204.9,False,P,0.0,88.36611779040405,0.0,0.0,,,360.2916672348485,-272.49499332070707,0.0,0.0,359.2916672348485,-272.49499332070707,,
2026-09-09,33,2026-09-09T15:00:00Z,2026-09-10T15:44:38Z,140.03101845599613,140.03101845599613,False,N,0.0,-39.45715054928989,0.0,0.0,,,360.9166666666667,-400.72400721595653,0.0,0.0,360.9166666666667,-399.72400721595653,,
2026-09-09,34,2026-09-09T15:30:00Z,2026-09-10T16:14:37Z,218.4,218.4,False,P,0.0,8.092727201436723,0.0,0.0,,,339.5251516551988,-331.75727446522995,0.0,0.0,338.5251516551988,-331.75727446522995,,
2026-09-09,35,2026-09-09T16:00:00Z,2026-09-10T16:44:41Z,129.0,129.0,False,N,0.0,-377.8218067479163,0.0,0.0,,,299.4333441772156,-701.5010339701385,0.0,25.55,299.4333441772156,-700.5010339701385,,25.55
2026-09-09,36,2026-09-09T16:30:00Z,2026-09-10T17:14:39Z,163.65838976354036,163.65838976354036,False,N,0.0,-204.4833812492914,0.0,0.0,,,283.69413051395804,-515.2719433407947,0.0,28.05,283.69413051395804,-514.2719433407947,,28.05
2026-09-09,37,2026-09-09T17:00:00Z,2026-09-10T17:45:21Z,191.92,191.92,False,N,0.0,-24.090691280608752,0.0,0.0,,,273.2500021779218,-323.8830604472754,0.0,27.1,273.2500021779218,-322.8830604472754,,27.1
2026-09-09,38,2026-09-09T17:30:00Z,2026-09-10T18:14:39Z,181.73,181.73,False,N,0.0,-3.1176902777777777,0.0,0.0,,,332.70833416666665,-358.8599977777778,0.0,23.9,332.70833416666665,-357.8599977777778,,23.9
2026-09-09,39,2026-09-09T18:00:00Z,2026-09-10T18:44:45Z,169.51,169.51,False,N,0.0,-92.3444755448718,0.0,0.0,,,328.5000006591097,-448.07499040598293,0.0,27.55,328.5000006591097,-447.07499040598293,,27.55
2026-09-09,40,2026-09-09T18:30:00Z,2026-09-10T19:15:19Z,267.0,267.0,False,P,0.0,41.72500111111111,0.0,0.0,,,328.0,-315.2833322222222,0.0,29.85,327.0,-315.2833322222222,,29.85
2026-09-09,41,2026-09-09T19:00:00Z,2026-09-10T19:44:42Z,267.0,267.0,False,P,0.0,57.23333541666667,0.0,0.0,,,328.0,-300.3999979166667,0.0,30.5,327.0,-300.3999979166667,,30.5
2026-09-09,42,2026-09-09T19:30:00Z,2026-09-10T20:14:46Z,153.0,153.0,False,N,0.0,-30.51667067982456,0.0,0.0,,,328.00000145429607,-387.61667067982455,0.0,29.7,328.00000145429607,-386.61667067982455,,29.7
2026-09-09,43,2026-09-09T20:00:00Z,2026-09-10T20:44:48Z,267.0,267.0,False,P,0.0,77.71414105168415,0.0,0.0,,,328.0000000265159,-271.6416672816492,0.0,21.75,327.0000000265159,-271.6416672816492,,21.75
2026-09-09,44,2026-09-09T20:30:00Z,2026-09-10T21:14:50Z,146.86,146.86,False,N,0.0,-39.000000174220204,0.0,0.0,,,328.00000083736074,-367.33333350755356,0.0,0.7,328.00000083736074,-366.33333350755356,,0.7
2026-09-09,45,2026-09-09T21:00:00Z,2026-09-10T21:44:39Z,138.92,138.92,False,N,0.0,-90.30139009920634,0.0,0.0,,,328.0500012103175,-418.77500121031744,0.0,0.0,328.0500012103175,-417.77500121031744,,
2026-09-09,46,2026-09-09T21:30:00Z,2026-09-10T22:14:34Z,131.1,131.1,False,N,0.0,-143.62900266483516,0.0,0.0,,,328.00006340277776,-472.26352683150185,0.0,0.0,328.00006340277776,-471.26352683150185,,
2026-09-09,47,2026-09-09T22:00:00Z,2026-09-10T22:44:43Z,235.0,235.0,False,P,0.0,154.91912601648352,0.0,0.0,,,311.50000033730157,-274.70691565018313,0.0,117.5,310.50000033730157,-274.70691565018313,,117.5
2026-09-09,48,2026-09-09T22:30:00Z,2026-09-10T23:14:34Z,161.58,161.58,False,P,0.0,268.84100686507935,0.0,0.0,161.58,0.0,238.00000115740278,-87.08214165343452,0.0,117.5,237.1147195451395,-87.08214165343452,,117.38528161226327
2026-09-10,1,2026-09-09T23:00:00Z,2026-09-10T23:44:36Z,193.95,193.95,False,P,0.0,417.93095238095236,0.0,0.0,193.95,1.0,302.1666666666667,-1.7357142857142858,0.0,117.5,301.4860258595492,-1.7357142857142858,,117.18064080711746
2026-09-10,2,2026-09-09T23:30:00Z,2026-09-11T00:15:22Z,189.97,189.97,False,P,0.0,482.72083375,0.0,0.0,189.97,1.0,365.50416708333336,-0.0125,0.0,117.5,364.8207435668646,-0.0125,,117.18342351646871
2026-09-10,3,2026-09-10T00:00:00Z,2026-09-11T00:44:40Z,188.7888204446316,188.7888204446316,False,P,0.0,205.18350583333333,0.0,0.0,187.871,1.0,258.48333333333335,-170.9437525,0.0,117.5,257.48333333333335,-170.9437525,,117.5
2026-09-10,4,2026-09-10T00:30:00Z,2026-09-11T01:14:41Z,136.04,136.04,False,N,0.0,-45.21229541666667,0.0,0.0,,,278.0000034722222,-440.8479176388889,0.0,117.5,278.0000034722222,-439.8479176388889,,117.5
2026-09-10,5,2026-09-10T01:00:00Z,2026-09-11T01:44:40Z,136.36,136.36,False,N,0.0,-1.5333333333333334,0.0,0.0,,,238.0,-357.0416666666667,0.0,117.5,238.0,-356.0416666666667,,117.5
2026-09-10,6,2026-09-10T01:30:00Z,2026-09-11T02:15:18Z,136.06,136.06,False,N,0.0,-1.5466666666666666,0.0,0.0,,,238.0,-357.2966666666667,0.0,117.5,238.0,-356.2966666666667,,117.5
2026-09-10,7,2026-09-10T02:00:00Z,2026-09-11T02:44:37Z,147.86,147.86,False,P,0.0,190.20333333333335,0.0,0.0,147.86,0.0,238.0,-165.535,0.0,117.5,237.0,-165.535,,117.5
2026-09-10,8,2026-09-10T02:30:00Z,2026-09-11T03:14:52Z,217.7,217.7,False,P,0.0,42.53028027777778,0.0,0.0,217.7,1.0,239.375,-314.7466727777778,0.0,117.5,238.375,-314.7466727777778,,117.5
2026-09-10,9,2026-09-10T03:00:00Z,2026-09-11T03:44:34Z,125.1,125.1,False,N,0.0,-146.54027255167958,0.0,0.0,,,311.7083377260982,-576.9708281072351,0.0,117.5,311.7083377260982,-575.9708281072351,,117.5
2026-09-10,10,2026-09-10T03:30:00Z,2026-09-11T04:14:37Z,125.1,125.1,False,N,0.0,-242.73402777777778,0.0,0.0,,,378.7,-739.2506944444444,0.0,117.5,378.7,-738.2506944444444,,117.5
2026-09-10,11,2026-09-10T04:00:00Z,2026-09-11T04:45:08Z,151.77,151.77,False,N,0.0,-12.355875009899671,0.0,0.0,,,604.7566684930172,-967.4122638987885,0.0,350.0,604.7566684930172,-966.4122638987885,,350.0
2026-09-10,12,2026-09-10T04:30:00Z,2026-09-11T05:14:43Z,174.37,174.37,False,P,0.0,26.504058499743984,0.0,0.0,,,779.7600701388889,-1103.9840594886073,0.0,350.0,779.7600701388889,-1103.9840594886073,,349.0
2026-09-10,13,2026-09-10T05:00:00Z,2026-09-11T05:44:36Z,195.85,195.85,False,P,0.0,54.32883691276716,0.0,0.0,,,907.5000260583657,-1603.373544337233,0.0,750.0,907.5000260583657,-1603.373544337233,,749.0
2026-09-10,14,2026-09-10T05:30:00Z,2026-09-11T06:14:42Z,195.85,195.85,False,P,0.0,75.24520464202885,0.0,0.0,,,1003.2786294802868,-1678.577645357971,0.0,750.0,1003.2786294802868,-1678.577645357971,,749.0
2026-09-10,15,2026-09-10T06:00:00Z,2026-09-11T06:44:36Z,193.3,193.3,False,P,0.0,38.02836805555555,0.0,0.0,,,1155.4501041666667,-1367.581111111111,0.0,250.0,1155.4501041666667,-1367.581111111111,,249.0
2026-09-10,16,2026-09-10T06:30:00Z,2026-09-11T07:14:56Z,193.3,193.3,False,P,0.0,23.41907507936508,0.0,0.0,,,1268.9291732426304,-1495.0930083909675,0.0,250.0,1268.9291732426304,-1495.0930083909675,,249.0
2026-09-10,17,2026-09-10T07:00:00Z,2026-09-11T07:45:06Z,209.9,209.9,False,P,0.0,51.202290833333336,0.0,0.0,,,1323.8666666666666,-1272.6560425,0.0,0.0,1322.8666666666666,-1272.6560425,,
2026-09-10,18,2026-09-10T07:30:00Z,2026-09-11T08:14:37Z,146.18,146.18,False,N,0.0,-310.15629972222223,0.0,0.0,,,1309.7166666666667,-1620.6281252777778,0.0,0.0,1309.7166666666667,-1619.6281252777778,,
2026-09-10,19,2026-09-10T08:00:00Z,2026-09-11T08:44:36Z,125.4,125.4,False,N,0.0,-450.83250214243276,0.0,0.0,,,1496.996933563967,-1948.247165240076,0.0,0.0,1496.996933563967,-1947.247165240076,,
2026-09-10,20,2026-09-10T08:30:00Z,2026-09-11T09:14:38Z,114.21999999999998,114.21999999999998,False,N,0.0,-303.5445006878307,0.0,0.0,,,1644.0379629629629,-1947.861908095238,0.0,0.0,1644.0379629629629,-1946.861908095238,,
2026-09-10,21,2026-09-10T09:00:00Z,2026-09-11T09:44:41Z,92.35,92.35,False,N,0.0,-353.42318757159785,0.0,0.0,,,1857.130093088794,-2211.613448374067,0.0,0.0,1857.130093088794,-2210.613448374067,,
2026-09-10,22,2026-09-10T09:30:00Z,2026-09-11T10:14:46Z,77.0608191752251,77.0608191752251,False,N,0.0,-224.3900346626984,0.0,0.0,,,1957.3215597222222,-2181.9043784920636,0.0,0.0,1957.3215597222222,-2180.9043784920636,,
2026-09-10,23,2026-09-10T10:00:00Z,2026-09-11T10:44:43Z,190.0,190.0,False,P,0.0,89.85347708333333,0.0,0.0,,,1922.5666666666666,-1833.66387875,0.0,0.0,1921.5666666666666,-1833.66387875,,
2026-09-10,24,2026-09-10T10:30:00Z,2026-09-11T11:14:37Z,68.98,68.98,False,N,0.0,-110.14347920634722,0.0,0.0,,,1849.0000011507916,-1959.4605425396805,0.0,0.0,1849.0000011507916,-1958.4605425396805,,
2026-09-10,25,2026-09-10T11:00:00Z,2026-09-11T11:44:32Z,23.01,23.01,False,N,0.0,-592.1624940277778,0.0,0.0,,,1877.6000016666667,-2469.9191606944446,0.0,0.0,1877.6000016666667,-2468.9191606944446,,
2026-09-10,26,2026-09-10T11:30:00Z,2026-09-11T12:15:35Z,16.75,16.75,False,N,0.0,-498.2837687873257,0.0,0.0,,,1849.0000024609872,-2347.8663754539925,0.0,0.0,1849.0000024609872,-2346.8663754539925,,
2026-09-10,27,2026-09-10T12:00:00Z,2026-09-11T12:44:27Z,6.54,6.54,False,N,0.0,-635.6487798154973,0.0,0.0,,,1849.0003098716982,-2485.026557593275,0.0,0.0,1849.0003098716982,-2484.026557593275,,
2026-09-10,28,2026-09-10T12:30:00Z,2026-09-11T13:14:22Z,6.54,6.54,False,N,0.0,-548.5847347222223,0.0,0.0,,,1854.3250018055555,-2403.2072206944445,0.0,0.0,1854.3250018055555,-2402.2072206944445,,
2026-09-10,29,2026-09-10T13:00:00Z,2026-09-11T13:44:28Z,8.96,8.96,False,N,0.0,-276.41222375,0.0,0.0,,,2081.4166651388887,-2357.9580555555553,0.0,0.0,2081.4166651388887,-2356.9580555555553,,
2026-09-10,30,2026-09-10T13:30:00Z,2026-09-11T14:14:30Z,8.96,8.96,False,N,0.0,-224.5898750340101,0.0,0.0,,,2113.323543714676,-2337.55868670149,0.0,0.0,2113.323543714676,-2336.55868670149,,
2026-09-10,31,2026-09-10T14:00:00Z,2026-09-11T14:44:25Z,19.12,19.12,False,N,0.0,-316.76708475737786,0.0,0.0,,,1966.1020867703999,-2283.0858381944445,0.0,0.0,1966.1020867703999,-2282.0858381944445,,
2026-09-10,32,2026-09-10T14:30:00Z,2026-09-11T15:14:58Z,185.0,185.0,False,P,0.0,144.17273214285714,0.0,0.0,,,2129.7007886565343,-1986.0187488059164,0.0,0.0,2128.7007886565343,-1986.0187488059164,,
2026-09-10,33,2026-09-10T15:00:00Z,2026-09-11T15:44:30Z,190.0,190.0,False,P,0.0,170.18394516748273,0.0,0.0,,,2409.280750723038,-2239.0475442746256,0.0,0.0,2408.280750723038,-2239.0475442746256,,
2026-09-10,34,2026-09-10T15:30:00Z,2026-09-11T16:14:41Z,143.19,143.19,False,N,0.0,-99.32821134001321,0.0,0.0,143.19,0.0,2166.7634553266535,-2266.0648863581,0.0,0.0,2166.7634553266535,-2265.0648863581,,
2026-09-10,35,2026-09-10T16:00:00Z,2026-09-11T16:45:02Z,83.0,83.0,False,N,0.0,-55.62900189469538,0.0,0.0,,,1982.502143720384,-2600.7496225719246,0.0,562.95,1982.502143720384,-2599.7496225719246,,562.95
2026-09-10,36,2026-09-10T16:30:00Z,2026-09-11T17:15:16Z,160.29,160.29,False,P,0.0,67.98292826351872,0.0,0.0,,,2003.5193171524077,-2500.097573358484,0.0,564.95,2003.5193171524077,-2500.097573358484,,563.95
2026-09-10,37,2026-09-10T17:00:00Z,2026-09-11T17:44:47Z,176.98,176.98,False,P,0.0,80.58468397310206,0.0,0.0,,,1756.1505173064354,-2290.453428374183,0.0,615.0,1756.1505173064354,-2290.453428374183,,614.0
2026-09-10,38,2026-09-10T17:30:00Z,2026-09-11T18:15:08Z,177.87,177.87,False,P,0.0,148.86639206019592,0.0,0.0,,,1676.4347253935293,-2139.472222361111,0.0,612.1,1676.4347253935293,-2139.472222361111,,611.1
2026-09-10,39,2026-09-10T18:00:00Z,2026-09-11T18:44:46Z,219.0,219.0,False,P,0.0,520.3541018559218,0.0,0.0,,,1703.742174967033,-1994.7812644444443,0.0,811.85,1702.742174967033,-1994.7812644444443,,811.85
2026-09-10,40,2026-09-10T18:30:00Z,2026-09-11T19:15:10Z,219.0,219.0,False,P,0.0,382.68574481074484,0.0,0.0,,,1583.3107448107448,-2013.536111111111,0.0,813.3,1582.3107448107448,-2013.536111111111,,813.3
2026-09-10,41,2026-09-10T19:00:00Z,2026-09-11T19:44:37Z,195.0,195.0,False,P,0.0,238.07501952294686,0.0,0.0,,,1496.5950294444444,-2014.6663655961008,-0.446,756.35,1496.5950294444444,-2014.6663655961008,-0.446,755.35
2026-09-10,42,2026-09-10T19:30:00Z,2026-09-11T20:14:30Z,198.64,198.64,False,P,0.0,633.9267420833334,0.0,0.0,,,1465.8255868055555,-1588.1547640277777,-0.475,755.8,1465.8255868055555,-1588.1547640277777,-0.475,754.8
2026-09-10,43,2026-09-10T20:00:00Z,2026-09-11T20:45:19Z,186.49016393442622,186.49016393442622,False,P,0.0,474.85070833333333,0.0,0.0,,,1434.9416666666666,-1714.5333194444445,-0.489,754.0,1434.9416666666666,-1714.5333194444445,-0.489,753.0
2026-09-10,44,2026-09-10T20:30:00Z,2026-09-11T21:14:28Z,187.56,187.56,False,P,0.0,539.5449778324916,0.0,0.0,,,1431.6577391666667,-1643.637771334175,-0.451,751.4,1431.6577391666667,-1643.637771334175,-0.451,750.4
2026-09-10,45,2026-09-10T21:00:00Z,2026-09-11T21:45:15Z,219.0,219.0,False,P,0.0,146.92569138888888,0.0,0.0,,,1433.9125116666667,-1288.6633390277777,0.0,1.45,1432.9125116666667,-1288.6633390277777,,1.45
2026-09-10,46,2026-09-10T21:30:00Z,2026-09-11T22:14:24Z,214.0,214.0,False,P,0.0,103.25558641975309,0.0,0.0,,,1303.665586419753,-1200.61,0.0,0.5,1302.665586419753,-1200.61,,0.5
2026-09-10,47,2026-09-10T22:00:00Z,2026-09-11T22:44:32Z,213.0,213.0,False,P,0.0,264.85944324074075,0.0,0.0,,,1247.5111097685185,-1100.1520779843304,0.0,117.5,1246.5111097685185,-1100.1520779843304,,117.5
2026-09-10,48,2026-09-10T22:30:00Z,2026-09-11T23:15:14Z,135.1,135.1,False,N,0.0,-2.966666666666667,0.0,0.0,,,1136.05,-1256.5166666666667,0.0,117.5,1136.05,-1255.5166666666667,,117.5
2026-09-11,1,2026-09-10T23:00:00Z,2026-09-11T23:44:31Z,133.9,133.9,False,N,0.0,-82.88846153846154,0.0,0.0,,,1035.1583333333333,-1235.5467948717949,0.0,117.5,1035.1583333333333,-1234.5467948717949,,117.5
2026-09-11,2,2026-09-10T23:30:00Z,2026-09-12T00:15:26Z,133.395671582751,133.395671582751,False,N,0.0,-69.79582708333334,0.0,0.0,134.16044279166667,1.0,946.9158736111111,-1133.8867006944445,0.0,117.5,946.9158736111111,-1132.8867006944445,,117.5
2026-09-11,3,2026-09-11T00:00:00Z,2026-09-12T00:45:19Z,134.29,134.29,False,N,0.0,-74.16561798866667,0.0,0.0,134.29,0.0,984.0108415391111,-1175.3564767057778,0.0,117.5,984.0108415391111,-1174.3564767057778,,117.5
2026-09-11,4,2026-09-11T00:30:00Z,2026-09-12T01:14:30Z,138.18,138.18,False,N,0.0,-115.91473273148611,0.0,0.0,138.18,0.0,1027.8486006018472,-1261.020478379625,0.0,117.5,1027.8486006018472,-1260.020478379625,,117.5
2026-09-11,5,2026-09-11T01:00:00Z,2026-09-12T01:44:52Z,175.0,175.0,False,P,0.0,120.78893370788792,0.0,0.0,,,1185.075002175656,-1181.2819452777778,0.0,117.5,1184.075002175656,-1181.2819452777778,,117.5
2026-09-11,6,2026-09-11T01:30:00Z,2026-09-12T02:17:17Z,143.67,143.67,False,N,0.0,-106.75834222222223,0.0,0.0,143.67,0.0,908.4499911111111,-1132.5166666666667,0.0,117.5,908.4499911111111,-1131.5166666666667,,117.5
2026-09-11,7,2026-09-11T02:00:00Z,2026-09-12T02:44:31Z,142.17,142.17,False,N,0.0,-268.56721549283156,0.0,0.0,142.17,0.0,865.0649985349462,-1250.8455560892921,0.0,117.5,865.0649985349462,-1249.8455560892921,,117.5
2026-09-11,8,2026-09-11T02:30:00Z,2026-09-12T03:14:36Z,145.42,145.42,False,N,0.0,-294.535,0.0,0.0,145.42,0.0,853.2933333333333,-1265.0416666666667,0.0,117.5,853.2933333333333,-1264.0416666666667,,117.5
2026-09-11,9,2026-09-11T03:00:00Z,2026-09-12T03:44:33Z,145.85,145.85,False,N,0.0,-446.92196936965814,0.0,0.0,145.85,0.0,813.8045017200855,-1378.142235897436,0.0,117.5,813.8045017200855,-1377.142235897436,,117.5
2026-09-11,10,2026-09-11T03:30:00Z,2026-09-12T04:14:31Z,142.15,142.15,False,N,0.0,-448.4177693086222,0.0,0.0,142.15,0.0,928.0646779136,-1493.8324545639687,0.0,117.5,928.0646779136,-1492.8324545639687,,117.5
2026-09-11,11,2026-09-11T04:00:00Z,2026-09-12T04:44:29Z,152.15,152.15,False,N,0.0,-166.2438567006556,0.0,0.0,152.15,0.0,1060.5521692103175,-1593.0586183928572,0.0,367.5,1060.5521692103175,-1592.0586183928572,,367.5
2026-09-11,12,2026-09-11T04:30:00Z,2026-09-12T05:14:28Z,165.94,165.94,False,P,0.0,49.72889098484848,0.0,0.0,,,1050.7081553824921,-1368.418443980977,0.0,367.5,1050.7081553824921,-1368.418443980977,,366.5
2026-09-11,13,2026-09-11T05:00:00Z,2026-09-12T05:44:27Z,171.27,171.27,False,N,0.0,-116.93448786852692,0.0,0.0,171.27,0.0,1081.7302737981397,-1515.8708346314731,0.0,317.5,1081.7302737981397,-1514.8708346314731,,317.5
2026-09-11,14,2026-09-11T05:30:00Z,2026-09-12T06:14:26Z,160.0,160.0,False,P,0.0,27.979868135146106,0.0,0.0,,,1397.1286774407017,-1686.3091821088233,0.0,317.5,1396.1286774407017,-1686.3091821088233,,317.5
2026-09-11,15,2026-09-11T06:00:00Z,2026-09-12T06:44:52Z,215.0,215.0,False,P,0.0,501.52749183182755,0.0,0.0,,,1740.2802696096053,-1488.5157323269582,0.0,250.0,1739.2802696096053,-1488.5157323269582,,250.0
2026-09-11,16,2026-09-11T06:30:00Z,2026-09-12T07:14:29Z,225.28472302667217,225.28472302667217,False,P,0.0,402.526660880118,0.0,0.0,,,1498.478673215071,-1344.6264754444444,0.0,250.0,1497.478673215071,-1344.6264754444444,,250.0
2026-09-11,17,2026-09-11T07:00:00Z,2026-09-12T07:44:31Z,215.0,215.0,False,P,0.0,330.90729493028374,0.0,0.0,,,1473.3442393747282,-1141.5797655056806,0.0,0.0,1472.3442393747282,-1141.5797655056806,,
2026-09-11,18,2026-09-11T07:30:00Z,2026-09-12T08:14:28Z,223.0,223.0,False,P,0.0,361.42865333333333,0.0,0.0,,,1200.9549866666666,-839.4416666666667,0.0,0.0,1199.9549866666666,-839.4416666666667,,
2026-09-11,19,2026-09-11T08:00:00Z,2026-09-12T08:44:29Z,215.0,215.0,False,P,0.0,300.53849537037036,0.0,0.0,,,970.0884953703704,-669.3083333333333,0.0,0.0,969.0884953703704,-669.3083333333333,,
2026-09-11,20,2026-09-11T08:30:00Z,2026-09-12T09:15:01Z,138.21,138.21,False,N,0.0,-16.547932255291006,0.0,0.0,138.21,1.0,674.8242899669312,-691.3211156150794,0.0,0.0,674.8242899669312,-690.3211156150794,,
2026-09-11,21,2026-09-11T09:00:00Z,2026-09-12T09:45:19Z,136.0,136.0,False,N,0.0,-296.2279576748067,0.0,0.0,136.0,1.0,517.9412097059422,-814.2359310370371,0.0,0.0,517.9412097059422,-813.2359310370371,,
2026-09-11,22,2026-09-11T09:30:00Z,2026-09-12T10:14:29Z,136.0,136.0,False,N,0.0,-261.6286919444444,0.0,0.0,136.0,1.0,498.88999916666666,-760.0375,0.0,0.0,498.88999916666666,-759.0375,,
2026-09-11,23,2026-09-11T10:00:00Z,2026-09-12T10:45:08Z,154.74,154.74,False,N,0.0,-53.9,0.0,0.0,154.74,0.0,637.9583333333334,-691.7583333333333,0.0,0.0,637.9583333333334,-690.7583333333333,,
2026-09-11,24,2026-09-11T10:30:00Z,2026-09-12T11:15:03Z,209.0,209.0,False,P,0.0,583.2080479768407,0.0,0.0,,,1244.508335199063,-661.258334208555,0.0,0.0,1243.508335199063,-661.258334208555,,
2026-09-11,25,2026-09-11T11:00:00Z,2026-09-12T11:44:25Z,212.0,212.0,False,P,0.0,562.5351203703704,0.0,0.0,,,1110.5804409259258,-547.790625,0.0,0.0,1109.5804409259258,-547.790625,,
2026-09-11,26,2026-09-11T11:30:00Z,2026-09-12T12:14:47Z,214.9,214.9,False,P,0.0,837.6077735185186,0.0,0.0,,,1310.3097179629628,-472.5800836111111,0.0,0.0,1309.3097179629628,-472.5800836111111,,
2026-09-11,27,2026-09-11T12:00:00Z,2026-09-12T12:44:58Z,214.9,214.9,False,P,0.0,613.9094719690145,0.0,0.0,,,1170.403326135681,-556.1750003505717,0.0,0.0,1169.403326135681,-556.1750003505717,,
2026-09-11,28,2026-09-11T12:30:00Z,2026-09-12T13:14:55Z,212.0,212.0,False,P,0.0,255.39833305555555,0.0,0.0,,,869.6733333333333,-614.0400002777777,0.0,0.0,868.6733333333333,-614.0400002777777,,
2026-09-11,29,2026-09-11T13:00:00Z,2026-09-12T13:44:27Z,186.26,186.26,False,N,0.0,-0.6637939583333333,0.0,0.0,,,806.3973175694445,-807.2528742361111,0.0,0.0,806.3973175694445,-806.5890802777777,,
2026-09-11,30,2026-09-11T13:30:00Z,2026-09-12T14:14:29Z,170.0,170.0,False,N,0.0,-22.79703221401204,0.0,0.0,,,832.375661904762,-856.2156850513136,0.0,0.0,832.375661904762,-855.2156850513136,,
2026-09-11,31,2026-09-11T14:00:00Z,2026-09-12T14:44:31Z,212.0,212.0,False,P,0.0,86.09259874689764,0.0,0.0,,,912.391681032295,-826.8155308650175,0.0,0.0,911.391681032295,-826.8155308650175,,
2026-09-11,32,2026-09-11T14:30:00Z,2026-09-12T15:14:34Z,147.68,147.68,False,N,0.0,-57.59971491971991,0.0,0.0,,,773.9484362791347,-831.6640241789792,0.0,0.0,773.9484362791347,-830.6640241789792,,
2026-09-11,33,2026-09-11T15:00:00Z,2026-09-12T15:44:42Z,151.28,151.28,False,N,0.0,-6.684083971734893,0.0,0.0,,,544.3979170833334,-551.3165684161794,0.0,0.0,544.3979170833334,-550.3165684161794,,
2026-09-11,34,2026-09-11T15:30:00Z,2026-09-12T16:14:52Z,249.0,249.0,False,P,0.0,19.994669606567694,0.0,0.0,,,389.44107900972955,-369.80598515533705,0.0,0.0,388.44107900972955,-369.80598515533705,,
2026-09-11,35,2026-09-11T16:00:00Z,2026-09-12T16:44:30Z,216.76,216.76,False,P,0.0,265.7585975543958,0.0,0.0,,,415.43333412434646,-450.1386746678264,0.0,300.0,415.43333412434646,-450.1386746678264,,299.0
2026-09-11,36,2026-09-11T16:30:00Z,2026-09-12T17:14:30Z,202.67,202.67,False,P,0.0,143.02760162496583,0.0,0.0,,,410.64167635478594,-567.3716851805898,0.0,300.0,410.64167635478594,-567.3716851805898,,299.0
2026-09-11,37,2026-09-11T17:00:00Z,2026-09-12T17:44:33Z,221.13013333333333,221.13013333333333,False,P,0.0,315.95156624596837,0.0,0.0,,,412.008355605897,-696.4166837540316,0.0,600.0,412.008355605897,-696.4166837540316,,599.0
2026-09-11,38,2026-09-11T17:30:00Z,2026-09-12T18:14:32Z,220.2,220.2,False,P,0.0,199.06220144178704,0.0,0.0,,,412.00001836502594,-813.709162169324,0.0,600.0,412.00001836502594,-813.709162169324,,599.0
2026-09-11,39,2026-09-11T18:00:00Z,2026-09-12T18:44:39Z,219.26,219.26,False,P,0.0,221.52500582531368,0.0,0.0,,,410.52500113505795,-939.3083275080197,0.0,750.0,410.52500113505795,-939.3083275080197,,749.0
2026-09-11,40,2026-09-11T18:30:00Z,2026-09-12T19:14:38Z,204.0,204.0,False,P,0.0,90.79958099747475,0.0,0.0,,,412.2888889835859,-1072.0888921969697,0.0,750.0,412.2888889835859,-1072.0888921969697,,749.0
2026-09-11,41,2026-09-11T19:00:00Z,2026-09-12T19:45:08Z,207.18,207.18,False,P,0.0,209.93999820435383,0.0,0.0,,,408.5333391961999,-549.0416684623128,0.0,350.0,408.5333391961999,-549.0416684623128,,349.0
2026-09-11,42,2026-09-11T19:30:00Z,2026-09-12T20:14:34Z,152.59,152.59,False,N,0.0,-312.39792134920634,0.0,0.0,,,380.0000021230211,-1042.6109769047619,0.0,350.0,380.0000021230211,-1041.6109769047619,,350.0
2026-09-11,43,2026-09-11T20:00:00Z,2026-09-12T20:45:48Z,144.68,144.68,False,N,0.0,-297.6791681987489,0.0,0.0,,,318.52041964845534,-1366.6107161154157,0.0,750.0,318.52041964845534,-1365.6107161154157,,750.0
2026-09-11,44,2026-09-11T20:30:00Z,2026-09-12T21:14:37Z,127.1,127.1,False,N,0.0,-737.6897189008663,0.0,0.0,,,319.1265918924114,-1806.856385567533,0.0,750.0,319.1265918924114,-1805.856385567533,,750.0
2026-09-11,45,2026-09-11T21:00:00Z,2026-09-12T21:44:37Z,135.1,135.1,False,N,0.0,-473.62311360965424,0.0,0.0,,,317.51666993055557,-1541.836320901321,0.0,750.0,317.51666993055557,-1540.836320901321,,750.0
2026-09-11,46,2026-09-11T21:30:00Z,2026-09-12T22:14:56Z,125.0,125.0,False,N,0.0,-941.8385359428917,0.0,0.0,,,436.4440858928571,-2128.3857581651137,0.0,750.0,436.4440858928571,-2127.3857581651137,,750.0
2026-09-11,47,2026-09-11T22:00:00Z,2026-09-12T22:45:05Z,121.0,121.0,False,N,0.0,-360.49822235449733,0.0,0.0,,,695.4028490740741,-1056.7858704425626,0.0,0.0,695.4028490740741,-1055.7858704425626,,
2026-09-11,48,2026-09-11T22:30:00Z,2026-09-12T23:14:58Z,209.4,209.4,False,P,0.0,211.32632261904763,0.0,0.0,,,1081.0166659722222,-869.4587301587302,0.0,0.0,1080.0166659722222,-869.4587301587302,,
2026-09-12,1,2026-09-11T23:00:00Z,2026-09-12T23:44:33Z,207.9,207.9,False,P,0.0,365.96606886213544,0.0,0.0,,,1317.9333307668974,-951.8589360049926,0.0,0.0,1316.9333307668974,-951.8589360049926,,
2026-09-12,2,2026-09-11T23:30:00Z,2026-09-13T00:14:33Z,195.0,195.0,False,P,0.0,241.39797180555556,0.0,0.0,,,1491.18252375,-1250.129474241382,0.0,0.0,1490.18252375,-1250.129474241382,,
2026-09-12,3,2026-09-12T00:00:00Z,2026-09-13T00:44:32Z,171.45,171.45,False,P,0.0,37.285635166666665,0.0,0.0,,,1802.39521725,-1765.1340937864222,0.0,0.0,1801.39521725,-1765.1340937864222,,
2026-09-12,4,2026-09-12T00:30:00Z,2026-09-13T01:14:38Z,184.07,184.07,False,P,0.0,211.65775352402656,0.0,0.0,,,2229.289284985771,-2017.493552214293,0.0,0.0,2228.289284985771,-2017.493552214293,,
2026-09-12,5,2026-09-12T01:00:00Z,2026-09-13T01:45:13Z,195.0,195.0,False,P,0.0,194.05863117343384,0.0,0.0,,,2626.68645559557,-2432.3380418180673,0.0,0.0,2625.68645559557,-2432.3380418180673,,
2026-09-12,6,2026-09-12T01:30:00Z,2026-09-13T02:15:24Z,143.69,143.69,False,N,0.0,-317.06793092883373,0.0,0.0,143.69,0.0,2530.2318517100553,-2847.151815576677,0.0,0.0,2530.2318517100553,-2846.151815576677,,
2026-09-12,7,2026-09-12T02:00:00Z,2026-09-13T02:44:35Z,179.40851846312992,179.40851846312992,False,P,0.0,30.347506829517393,0.0,0.0,,,3402.5181327007294,-3372.1660807167727,0.0,0.0,3401.5181327007294,-3372.1660807167727,,
2026-09-12,8,2026-09-12T02:30:00Z,2026-09-13T03:14:34Z,195.0,195.0,False,P,0.0,26.190374820450685,0.0,0.0,,,3498.0778248204506,-3471.7141114504875,0.0,0.0,3497.0778248204506,-3471.7141114504875,,
2026-09-12,9,2026-09-12T03:00:00Z,2026-09-13T03:44:30Z,195.0,195.0,False,P,0.0,248.43699257713732,0.0,0.0,,,3885.80009674385,-3637.3703314815048,0.0,0.0,3884.80009674385,-3637.3703314815048,,
2026-09-12,10,2026-09-12T03:30:00Z,2026-09-13T04:14:30Z,213.0,213.0,False,P,0.0,297.68502331284583,0.0,0.0,,,3971.5274546514693,-3673.6237677737863,0.0,0.0,3970.5274546514693,-3673.6237677737863,,
2026-09-12,11,2026-09-12T04:00:00Z,2026-09-13T04:44:27Z,217.0,217.0,False,P,0.0,226.6622201388889,0.0,0.0,,,3904.348706111111,-3677.5859302777776,0.0,0.0,3903.348706111111,-3677.5859302777776,,
2026-09-12,12,2026-09-12T04:30:00Z,2026-09-13T05:14:26Z,195.0,195.0,False,P,0.0,166.21298118420833,0.0,0.0,,,3883.9901235453194,-3717.7079175730973,0.0,0.0,3882.9901235453194,-3717.7079175730973,,
2026-09-12,13,2026-09-12T05:00:00Z,2026-09-13T05:44:30Z,85.57,85.57,False,N,0.0,-347.1628095102702,0.0,0.0,,,3581.8832346563963,-3929.2390968055556,0.0,0.0,3581.8832346563963,-3928.2390968055556,,
2026-09-12,14,2026-09-12T05:30:00Z,2026-09-13T06:15:07Z,54.99049666961853,54.99049666961853,False,N,0.0,-897.6263000929044,0.0,0.0,55.27875,1.0,3011.1995390737625,-3908.342259641577,0.0,0.0,3011.1995390737625,-3907.342259641577,,
2026-09-12,15,2026-09-12T06:00:00Z,2026-09-13T06:44:31Z,109.48,109.48,False,N,0.0,-666.8527187208995,0.0,0.0,109.48,0.0,3181.034730723545,-3847.1329659781745,0.0,0.0,3181.034730723545,-3846.1329659781745,,
2026-09-12,16,2026-09-12T06:30:00Z,2026-09-13T07:14:35Z,104.1,104.1,False,N,0.0,-341.88036059075245,0.0,0.0,104.1,0.0,3327.6510657981366,-3669.613494484127,0.0,0.0,3327.6510657981366,-3668.613494484127,,
2026-09-12,17,2026-09-12T07:00:00Z,2026-09-13T07:44:29Z,68.4,68.4,False,N,0.0,-661.9763354077314,0.0,0.0,68.4,0.0,2897.761055425602,-3559.406118839102,0.0,0.0,2897.761055425602,-3558.406118839102,,
2026-09-12,18,2026-09-12T07:30:00Z,2026-09-13T08:14:29Z,54.6,54.6,False,N,0.0,-688.886895925926,0.0,0.0,54.6,0.0,2663.4043312962963,-3351.9725902645505,0.0,0.0,2663.4043312962963,-3350.9725902645505,,
2026-09-12,19,2026-09-12T08:00:00Z,2026-09-13T08:44:28Z,-13.64,-13.64,False,N,0.0,-454.2496100770682,0.0,0.0,,,2800.104568248629,-3254.2296031415126,0.0,0.0,2800.104568248629,-3253.2296031415126,,
2026-09-12,20,2026-09-12T08:30:00Z,2026-09-13T09:14:31Z,-0.1,-0.1,False,N,0.0,-54.367255952604864,0.0,0.0,,,3046.0160079121947,-3100.2734680822346,0.0,0.0,3046.0160079121947,-3099.2734680822346,,
2026-09-12,21,2026-09-12T09:00:00Z,2026-09-13T09:44:30Z,82.21999999999998,82.21999999999998,False,P,0.0,196.06498495426214,0.0,0.0,,,3018.9540474382225,-2822.744066667762,0.0,0.0,3017.9540474382225,-2822.744066667762,,
2026-09-12,22,2026-09-12T09:30:00Z,2026-09-13T10:14:27Z,4.51999999999999,4.51999999999999,False,N,0.0,-113.04462492750743,0.0,0.0,4.52,0.0,2592.0876723703755,-2705.0584953185175,0.0,0.0,2592.0876723703755,-2704.0584953185175,,
2026-09-12,23,2026-09-12T10:00:00Z,2026-09-13T10:44:26Z,-0.8,-0.8,False,N,0.0,-141.4947348834572,0.0,0.0,-0.8,0.0,2260.3895075407854,-2401.748159067761,0.0,0.0,2260.3895075407854,-2400.748159067761,,
2026-09-12,24,2026-09-12T10:30:00Z,2026-09-13T11:14:31Z,-2.31,-2.31,False,N,0.0,-408.6177175757576,0.0,0.0,-2.31,0.0,2019.830842777778,-2428.2171489646466,0.0,0.0,2019.830842777778,-2427.2171489646466,,
2026-09-12,25,2026-09-12T11:00:00Z,2026-09-13T11:44:50Z,-0.61999999999999,-0.61999999999999,False,N,0.0,-239.9938568538374,0.0,0.0,-0.62,0.0,2137.1027543084037,-2377.198989316998,0.0,0.0,2137.1027543084037,-2376.198989316998,,
2026-09-12,26,2026-09-12T11:30:00Z,2026-09-13T12:14:37Z,-10.3,-10.3,False,N,0.0,-402.9477409343434,0.0,0.0,-10.3,1.0,1804.5914151767677,-2207.884086111111,0.0,0.0,1804.5914151767677,-2206.884086111111,,
2026-09-12,27,2026-09-12T12:00:00Z,2026-09-13T12:44:30Z,-14.35999999999999,-14.35999999999999,False,N,0.0,-741.5120860345805,0.0,0.0,,,1423.9416676804242,-2165.762509506803,0.0,0.0,1423.9416676804242,-2164.762509506803,,
2026-09-12,28,2026-09-12T12:30:00Z,2026-09-13T13:14:25Z,-25.10999999999999,-25.10999999999999,False,N,0.0,-1149.329418101615,0.0,0.0,,,1189.2916668438447,-2338.804418101615,0.0,0.0,1189.2916668438447,-2337.804418101615,,
2026-09-12,29,2026-09-12T13:00:00Z,2026-09-13T13:44:29Z,-49.66777751388888,-49.66777751388888,False,N,0.0,-1821.0442590025252,0.0,0.0,,,1011.7898286111111,-2832.990688169192,0.0,0.0,1011.7898286111111,-2831.990688169192,,
2026-09-12,30,2026-09-12T13:30:00Z,2026-09-13T14:14:25Z,-67.5,-67.5,False,N,0.0,-1643.291866539841,0.0,0.0,,,921.0309505284064,-2564.5603757570125,0.0,0.0,921.0309505284064,-2563.5603757570125,,
2026-09-12,31,2026-09-12T14:00:00Z,2026-09-13T14:44:44Z,-30.0,-30.0,False,N,0.0,-994.6189600212704,0.0,0.0,,,1105.6000009787113,-2100.4669433546037,0.0,0.0,1105.6000009787113,-2099.4669433546037,,
2026-09-12,32,2026-09-12T14:30:00Z,2026-09-13T15:14:26Z,-33.03,-33.03,False,N,0.0,-940.4186346156648,0.0,0.0,,,861.1694445831845,-1802.131134615665,0.0,0.0,861.1694445831845,-1801.131134615665,,
2026-09-12,33,2026-09-12T15:00:00Z,2026-09-13T15:44:27Z,-14.35999999999999,-14.35999999999999,False,N,0.0,-920.5851627420635,0.0,0.0,,,962.6356266468254,-1882.7928755,0.0,0.0,962.6356266468254,-1881.7928755,,
2026-09-12,34,2026-09-12T15:30:00Z,2026-09-13T16:14:38Z,186.41,186.41,False,P,0.0,40.21786960470085,0.0,0.0,,,1490.368426868799,-1450.2282541239317,0.0,0.0,1489.368426868799,-1450.2282541239317,,
2026-09-12,35,2026-09-12T16:00:00Z,2026-09-13T16:44:31Z,195.0,195.0,False,P,0.0,238.18095084822107,0.0,0.0,,,1561.4256730704433,-1323.081155246067,0.0,0.0,1560.4256730704433,-1323.081155246067,,
2026-09-12,36,2026-09-12T16:30:00Z,2026-09-13T17:14:57Z,197.2,197.2,False,P,0.0,177.41975511363637,0.0,0.0,,,1412.2479115025253,-1234.7548614003738,0.0,0.0,1411.2479115025253,-1234.7548614003738,,
2026-09-12,37,2026-09-12T17:00:00Z,2026-09-13T17:44:29Z,149.0,149.0,False,N,0.0,-33.884882908950615,0.0,0.0,,,1089.8397772299384,-1124.0131054166666,0.0,0.0,1089.8397772299384,-1123.0131054166666,,
2026-09-12,38,2026-09-12T17:30:00Z,2026-09-13T18:14:33Z,139.72,139.72,False,N,0.0,-70.06587847222222,0.0,0.0,,,884.5891630555556,-953.7055491666666,0.0,0.0,884.5891630555556,-952.7055491666666,,
2026-09-12,39,2026-09-12T18:00:00Z,2026-09-13T18:44:28Z,214.0,214.0,False,P,0.0,126.54247082726388,0.0,0.0,,,859.6976962251681,-732.6872908065758,0.0,0.0,858.6976962251681,-732.6872908065758,,
2026-09-12,40,2026-09-12T18:30:00Z,2026-09-13T19:14:34Z,214.0,214.0,False,P,0.0,40.89147166666667,0.0,0.0,,,660.1220847222222,-618.7116677777777,0.0,0.0,659.1220847222222,-618.7116677777777,,
2026-09-12,41,2026-09-12T19:00:00Z,2026-09-13T19:44:26Z,215.0,215.0,False,P,0.0,293.67277777777775,0.0,0.0,,,668.2794444444445,-374.41277777777776,-0.5,0.0,667.2794444444445,-374.41277777777776,-0.5,
2026-09-12,42,2026-09-12T19:30:00Z,2026-09-13T20:14:24Z,213.8,213.8,False,P,0.0,232.08926632936507,0.0,0.0,,,600.4682556349206,-368.9166648611111,-0.533,0.0,599.4682556349206,-368.9166648611111,-0.533,
2026-09-12,43,2026-09-12T20:00:00Z,2026-09-13T20:44:36Z,213.8,213.8,False,P,0.0,302.78651507853965,0.0,0.0,,,598.8487373737373,-296.2833334063088,-0.554,0.0,597.8487373737373,-296.2833334063088,-0.554,
2026-09-12,44,2026-09-12T20:30:00Z,2026-09-13T21:14:40Z,213.8,213.8,False,P,0.0,174.75616666666667,0.0,0.0,,,526.4525,-352.2266666666667,-0.5,0.0,525.4525,-352.2266666666667,-0.5,
2026-09-12,45,2026-09-12T21:00:00Z,2026-09-13T21:45:28Z,212.0,212.0,False,P,0.0,349.77916666666664,0.0,0.0,212.0,1.0,479.4125,-129.83333333333334,0.0,0.0,478.4125,-129.83333333333334,,
2026-09-12,46,2026-09-12T21:30:00Z,2026-09-13T22:14:35Z,212.0,212.0,False,P,0.0,121.28333333333333,0.0,0.0,,,480.5,-359.69166666666666,0.0,0.0,479.5,-359.69166666666666,,
2026-09-12,47,2026-09-12T22:00:00Z,2026-09-13T22:45:01Z,145.93,145.93,False,N,0.0,-155.28333357142859,0.0,0.0,,,446.98750023809527,-602.6000002380953,0.0,0.0,446.98750023809527,-601.6000002380953,,
2026-09-12,48,2026-09-12T22:30:00Z,2026-09-13T23:14:41Z,147.93,147.93,False,N,0.0,-120.6875,0.0,0.0,,,441.3958333333333,-562.2666666666667,0.0,0.0,441.3958333333333,-561.2666666666667,,
2026-09-13,1,2026-09-12T23:00:00Z,2026-09-13T23:44:39Z,150.04,150.04,False,N,0.0,-199.09167222222223,0.0,0.0,,,376.8,-576.1583388888889,0.0,0.0,376.8,-575.1583388888889,,
2026-09-13,2,2026-09-12T23:30:00Z,2026-09-14T00:15:19Z,174.14,174.14,False,P,0.0,144.0624851388889,0.0,0.0,174.14,0.0,355.5,-212.11668152777779,0.0,0.0,354.5,-212.11668152777779,,
2026-09-13,3,2026-09-13T00:00:00Z,2026-09-14T00:44:35Z,172.94,172.94,False,P,0.0,296.325,0.0,0.0,172.94,0.0,379.5,-83.49166666666666,0.0,0.0,378.5,-83.49166666666666,,
2026-09-13,4,2026-09-13T00:30:00Z,2026-09-14T01:14:38Z,174.94,174.94,False,P,0.0,279.40833333333336,0.0,0.0,174.94,0.0,513.8333333333334,-234.59166666666667,0.0,0.0,512.8333333333334,-234.59166666666667,,
2026-09-13,5,2026-09-13T01:00:00Z,2026-09-14T01:44:41Z,174.16,174.16,False,P,0.0,209.09166666666667,0.0,0.0,174.16,0.0,530.5,-321.85833333333335,0.0,0.0,529.5,-321.85833333333335,,
2026-09-13,6,2026-09-13T01:30:00Z,2026-09-14T02:21:15Z,176.28,176.28,False,P,0.0,225.51666819444443,0.0,0.0,176.28,0.0,585.0833333333334,-359.8666651388889,0.0,0.0,584.0833333333334,-359.8666651388889,,
2026-09-13,7,2026-09-13T02:00:00Z,2026-09-14T02:44:47Z,173.24,173.24,False,P,0.0,306.1666666666667,0.0,0.0,173.24,0.0,418.0,-112.28333333333333,0.0,0.0,417.0,-112.28333333333333,,
2026-09-13,8,2026-09-13T02:30:00Z,2026-09-14T03:14:25Z,179.15,179.15,False,P,0.0,398.125,0.0,0.0,179.15,1.0,398.30833333333334,0.0,0.0,0.0,397.30833333333334,0.0,,
2026-09-13,9,2026-09-13T03:00:00Z,2026-09-14T03:44:28Z,198.0995853879943,198.0995853879943,False,P,0.0,334.825,0.0,0.0,198.0835,1.0,372.3666666666667,-37.7,0.0,0.0,371.3666666666667,-37.7,,
2026-09-13,10,2026-09-13T03:30:00Z,2026-09-14T04:14:54Z,177.54,177.54,False,P,0.0,281.175,0.0,0.0,177.54,0.0,332.5,-51.641666666666666,0.0,0.0,331.5,-51.641666666666666,,
2026-09-13,11,2026-09-13T04:00:00Z,2026-09-14T04:44:59Z,177.43,177.43,False,P,0.0,79.57499925179212,0.0,0.0,177.43,0.0,289.0000010976989,-209.42500074820788,0.0,0.0,288.0000010976989,-209.42500074820788,,
2026-09-13,12,2026-09-13T04:30:00Z,2026-09-14T05:14:37Z,174.74,174.74,False,P,0.0,85.00379051767676,0.0,0.0,174.74,0.0,318.5537878787879,-233.66666402777778,0.0,0.0,317.5537878787879,-233.66666402777778,,
2026-09-13,13,2026-09-13T05:00:00Z,2026-09-14T05:44:31Z,171.92,171.92,False,P,0.0,138.90927055109924,0.0,0.0,171.92,0.0,333.4592691622103,-194.6916652777778,0.0,0.0,332.4592691622103,-194.6916652777778,,
2026-09-13,14,2026-09-13T05:30:00Z,2026-09-14T06:15:13Z,196.02,196.02,False,P,0.0,270.7558914501634,0.0,0.0,196.02,1.0,300.8420191787169,-30.652780486111112,0.0,0.0,299.8420191787169,-30.652780486111112,,
2026-09-13,15,2026-09-13T06:00:00Z,2026-09-14T06:44:22Z,163.57,163.57,False,P,0.0,213.575,0.0,0.0,163.57,0.0,253.0,-40.166666666666664,0.0,0.0,252.0,-40.166666666666664,,
2026-09-13,16,2026-09-13T06:30:00Z,2026-09-14T07:14:32Z,240.0,240.0,False,P,0.0,269.98611224769905,0.0,0.0,,,335.50000010734317,-66.1666655300787,0.0,0.0,334.50000010734317,-66.1666655300787,,
2026-09-13,17,2026-09-13T07:00:00Z,2026-09-14T07:44:32Z,225.0,225.0,False,P,0.0,226.4,0.0,0.0,225.0,1.0,298.0,-71.65,0.0,0.0,297.0,-71.65,,
2026-09-13,18,2026-09-13T07:30:00Z,2026-09-14T08:14:34Z,250.0,250.0,False,P,0.0,325.84166666666664,0.0,0.0,,,327.0,-1.3083333333333333,0.0,0.0,326.0,-1.3083333333333333,,
2026-09-13,19,2026-09-13T08:00:00Z,2026-09-14T08:44:31Z,240.0,240.0,False,P,0.0,222.00933231060606,0.0,0.0,,,349.75000300505053,-128.4833343560606,0.0,0.0,348.75000300505053,-128.4833343560606,,
2026-09-13,20,2026-09-13T08:30:00Z,2026-09-14T09:14:32Z,240.0,240.0,False,P,0.0,242.20738013888888,0.0,0.0,,,294.5,-52.76666763888889,0.0,0.0,293.5,-52.76666763888889,,
2026-09-13,21,2026-09-13T09:00:00Z,2026-09-14T09:44:34Z,225.0,225.0,False,P,0.0,266.86347166666667,0.0,0.0,,,540.1430555555555,-273.1180561111111,0.0,0.0,539.1430555555555,-273.1180561111111,,
2026-09-13,22,2026-09-13T09:30:00Z,2026-09-14T10:14:59Z,219.99,219.99,False,P,0.0,288.12833166666667,0.0,0.0,,,305.216665,-17.63,0.0,0.0,304.216665,-17.63,,
2026-09-13,23,2026-09-13T10:00:00Z,2026-09-14T10:44:43Z,219.99,219.99,False,P,0.0,246.41708847222222,0.0,0.0,,,275.61666680555555,-27.44166166666667,0.0,0.0,274.61666680555555,-27.44166166666667,,
2026-09-13,24,2026-09-13T10:30:00Z,2026-09-14T11:14:25Z,219.99,219.99,False,P,0.0,149.59098133838384,0.0,0.0,,,235.74166809343436,-85.975,0.0,0.0,234.74166809343436,-85.975,,
2026-09-13,25,2026-09-13T11:00:00Z,2026-09-14T11:44:24Z,219.99,219.99,False,P,0.0,144.99166666666667,0.0,0.0,,,173.75,-28.825,0.0,0.0,172.75,-28.825,,
2026-09-13,26,2026-09-13T11:30:00Z,2026-09-14T12:14:33Z,219.99,219.99,False,P,0.0,51.208333333333336,0.0,0.0,,,167.5,-116.64166666666667,0.0,0.0,166.5,-116.64166666666667,,
2026-09-13,27,2026-09-13T12:00:00Z,2026-09-14T12:44:38Z,219.99,219.99,False,P,0.0,87.24166666666666,0.0,0.0,,,167.5,-80.55833333333334,0.0,0.0,166.5,-80.55833333333334,,
2026-09-13,28,2026-09-13T12:30:00Z,2026-09-14T13:14:38Z,161.3,161.3,False,N,0.0,-34.14999958333333,0.0,0.0,,,165.9,-200.12499958333333,0.0,0.0,165.9,-199.12499958333333,,
2026-09-13,29,2026-09-13T13:00:00Z,2026-09-14T13:44:43Z,165.0,165.0,False,N,0.0,-16.90000013888889,0.0,0.0,,,125.35666666666667,-142.3650001388889,0.0,0.0,125.35666666666667,-141.3650001388889,,
2026-09-13,30,2026-09-13T13:30:00Z,2026-09-14T14:14:34Z,170.79478195827136,170.79478195827136,False,N,0.0,-15.223352222222223,0.0,0.0,,,225.9583334920635,-242.49167666666668,0.0,0.0,225.9583334920635,-241.49167666666668,,
2026-09-13,31,2026-09-13T14:00:00Z,2026-09-14T14:44:39Z,269.0,269.0,False,P,0.0,228.70737016483517,0.0,0.0,,,482.17964313657126,-254.47749574786326,0.0,0.0,481.17964313657126,-254.47749574786326,,
2026-09-13,32,2026-09-13T14:30:00Z,2026-09-14T15:14:58Z,245.0,245.0,False,P,0.0,109.15023805555556,0.0,0.0,,,618.5401311706349,-509.350542281746,0.0,0.0,617.5401311706349,-509.350542281746,,
2026-09-13,33,2026-09-13T15:00:00Z,2026-09-14T15:44:37Z,276.0,276.0,False,P,0.0,362.5861120833333,0.0,0.0,,,570.75,-208.68055458333333,0.0,0.0,569.75,-208.68055458333333,,
2026-09-13,34,2026-09-13T15:30:00Z,2026-09-14T16:14:32Z,276.5,276.5,False,P,0.0,418.21389569444443,0.0,0.0,,,609.5000001388889,-192.2141598611111,0.0,0.0,608.5000001388889,-192.2141598611111,,
2026-09-13,35,2026-09-13T16:00:00Z,2026-09-14T16:45:03Z,276.0,276.0,False,P,0.0,357.7194413293704,0.0,0.0,,,607.0000015872963,-249.7708364484074,0.0,0.0,606.0000015872963,-249.7708364484074,,
2026-09-13,36,2026-09-13T16:30:00Z,2026-09-14T17:14:36Z,276.0,276.0,False,P,0.0,228.32555289676267,0.0,0.0,,,510.6833499229765,-283.0555500867099,0.0,0.1,509.6833499229765,-283.0555500867099,,0.1
2026-09-13,37,2026-09-13T17:00:00Z,2026-09-14T17:44:35Z,276.0,276.0,False,P,0.0,218.83663322394992,0.0,0.0,,,482.13333364631524,-264.100000664939,0.0,0.0,481.13333364631524,-264.100000664939,,
2026-09-13,38,2026-09-13T17:30:00Z,2026-09-14T18:14:35Z,245.0,245.0,False,P,0.0,31.280073194444444,0.0,0.0,,,498.82930625,-467.5543011111111,0.0,0.0,497.82930625,-467.5543011111111,,
2026-09-13,39,2026-09-13T18:00:00Z,2026-09-14T18:44:36Z,276.8,276.8,False,P,0.0,297.25926402777776,0.0,0.0,,,392.0,-95.02500222222223,0.0,0.0,391.0,-95.02500222222223,,
2026-09-13,40,2026-09-13T18:30:00Z,2026-09-14T19:14:40Z,221.0,221.0,False,P,0.0,107.1111138888889,0.0,0.0,,,396.3,-289.2166638888889,0.0,0.0,395.3,-289.2166638888889,,
2026-09-13,41,2026-09-13T19:00:00Z,2026-09-14T19:44:42Z,228.25319633736564,228.25319633736564,False,P,0.0,418.10833567461214,0.0,0.0,,,435.7666680357232,-18.191667205480133,0.0,0.0,434.7666680357232,-18.191667205480133,,
2026-09-13,42,2026-09-13T19:30:00Z,2026-09-14T20:14:33Z,226.0,226.0,False,P,0.0,359.5601351388889,0.0,0.0,,,414.6499948099415,-55.18333571907286,0.0,0.0,413.6499948099415,-55.18333571907286,,
2026-09-13,43,2026-09-13T20:00:00Z,2026-09-14T20:44:35Z,220.0,220.0,False,P,0.0,146.87172444444445,0.0,0.0,,,358.25,-211.600005,0.0,0.0,357.25,-211.600005,,
2026-09-13,44,2026-09-13T20:30:00Z,2026-09-14T21:14:36Z,220.0,220.0,False,P,0.0,12.729818520111111,0.0,0.0,,,210.30832949233334,-197.576674909,0.0,0.0,209.30832949233334,-197.576674909,,
2026-09-13,45,2026-09-13T21:00:00Z,2026-09-14T21:44:51Z,220.0,220.0,False,P,0.0,179.00816666666665,0.0,0.0,,,212.15,-33.63333333333333,0.0,0.0,211.15,-33.63333333333333,,
2026-09-13,46,2026-09-13T21:30:00Z,2026-09-14T22:14:41Z,151.01,151.01,False,N,0.0,-85.2204038888889,0.0,0.0,,,265.7936511111111,-351.51531275396826,0.0,0.0,265.7936511111111,-350.51531275396826,,
2026-09-13,47,2026-09-13T22:00:00Z,2026-09-14T22:44:38Z,219.25,219.25,False,P,0.0,105.89007723189545,0.0,0.0,,,486.7099216666667,-381.5099253474696,0.0,0.0,485.7099216666667,-381.5099253474696,,
2026-09-13,48,2026-09-13T22:30:00Z,2026-09-14T23:15:30Z,144.49,144.49,False,N,0.0,-44.474444444444444,0.0,0.0,,,528.9283333333333,-573.605,0.0,0.0,528.9283333333333,-572.605,,
2026-09-14,1,2026-09-13T23:00:00Z,2026-09-14T23:45:14Z,215.0,215.0,False,P,0.0,84.24796444444445,0.0,0.0,,,580.4416659722223,-495.92500125,0.0,0.0,579.4416659722223,-495.92500125,,
2026-09-14,2,2026-09-13T23:30:00Z,2026-09-15T00:15:40Z,219.25,219.25,False,P,0.0,164.15664430555555,0.0,0.0,,,528.0808495833334,-364.45585569444444,0.0,0.0,527.0808495833334,-364.45585569444444,,
2026-09-14,3,2026-09-14T00:00:00Z,2026-09-15T00:45:18Z,223.75,223.75,False,P,0.0,140.49599458333333,0.0,0.0,,,528.3808333333334,-388.7558365277778,0.0,0.0,527.3808333333334,-388.7558365277778,,
2026-09-14,4,2026-09-14T00:30:00Z,2026-09-15T01:14:42Z,215.0,215.0,False,P,0.0,15.294788888888888,0.0,0.0,,,528.1111118055555,-513.4444472222223,0.0,0.0,527.1111118055555,-513.4444472222223,,
2026-09-14,5,2026-09-14T01:00:00Z,2026-09-15T01:44:36Z,220.0,220.0,False,P,0.0,6.721639361111111,0.0,0.0,,,529.3701568518519,-522.9918328611111,0.0,0.0,528.3701568518519,-522.9918328611111,,
2026-09-14,6,2026-09-14T01:30:00Z,2026-09-15T02:18:00Z,187.86406489851552,187.86406489851552,False,P,0.0,6.551230158730159,0.0,0.0,,,537.59375,-531.3314087301587,0.0,0.0,536.59375,-531.3314087301587,,
2026-09-14,7,2026-09-14T02:00:00Z,2026-09-15T02:45:03Z,220.0,220.0,False,P,0.0,48.69150793650794,0.0,0.0,,,572.0520833333334,-524.027242063492,0.0,0.0,571.0520833333334,-524.027242063492,,
2026-09-14,8,2026-09-14T02:30:00Z,2026-09-15T03:15:17Z,135.0,135.0,False,N,0.0,-92.70642857142857,0.0,0.0,,,541.2666666666667,-633.8114285714286,0.0,0.0,541.2666666666667,-632.8114285714286,,
2026-09-14,9,2026-09-14T03:00:00Z,2026-09-15T03:44:37Z,135.25,135.25,False,N,0.0,-69.54680972222222,0.0,0.0,,,528.0787547222222,-598.0801430555556,0.0,0.0,528.0787547222222,-597.0801430555556,,
2026-09-14,10,2026-09-14T03:30:00Z,2026-09-15T04:14:43Z,145.86,145.86,False,N,0.0,-55.76315953065134,0.0,0.0,,,529.5833333333334,-586.4142706417624,0.0,0.0,529.5833333333334,-585.4142706417624,,
2026-09-14,11,2026-09-14T04:00:00Z,2026-09-15T04:45:01Z,195.0,195.0,False,P,0.0,33.325687294061304,0.0,0.0,,,528.7720804166667,-645.601396039272,0.0,150.0,528.7720804166667,-645.601396039272,,149.0
2026-09-14,12,2026-09-14T04:30:00Z,2026-09-15T05:17:33Z,195.54,195.54,False,P,0.0,98.44854872863247,0.0,0.0,,,528.5275797222222,-580.2961734935898,0.0,150.0,528.5275797222222,-580.2961734935898,,149.0
2026-09-14,13,2026-09-14T05:00:00Z,2026-09-15T05:44:41Z,176.61,176.61,False,N,0.0,-25.71262605668098,0.0,0.0,,,355.7620882539683,-781.6299593900143,0.0,400.0,355.7620882539683,-780.6299593900143,,400.0
2026-09-14,14,2026-09-14T05:30:00Z,2026-09-15T06:14:44Z,174.52103830210132,174.52103830210132,False,N,0.0,-31.446169789867522,0.0,0.0,,,393.85001665189174,-825.2166666946267,0.0,400.0,393.85001665189174,-824.2166666946267,,400.0
2026-09-14,15,2026-09-14T06:00:00Z,2026-09-15T06:44:44Z,240.0,240.0,False,P,0.0,70.26133632625259,0.0,0.0,,,399.6583347175314,-704.4283397410957,0.0,375.0,398.6583347175314,-704.4283397410957,,375.0
2026-09-14,16,2026-09-14T06:30:00Z,2026-09-15T07:14:42Z,240.0,240.0,False,P,0.0,109.11250458333333,0.0,0.0,,,332.7500011111111,-599.11332875,0.0,375.0,331.7500011111111,-599.11332875,,375.0
2026-09-14,17,2026-09-14T07:00:00Z,2026-09-15T07:44:39Z,235.89,235.89,False,P,0.0,168.97749055555556,0.0,0.0,,,215.55833333333334,-335.7966701388889,0.0,288.5,215.55833333333334,-335.7966701388889,,287.5
2026-09-14,18,2026-09-14T07:30:00Z,2026-09-15T08:14:45Z,217.0,217.0,False,P,0.0,106.07207176767676,0.0,0.0,,,233.37500166666666,-416.15499809343436,0.0,288.5,233.37500166666666,-416.15499809343436,,287.5
2026-09-14,19,2026-09-14T08:00:00Z,2026-09-15T08:44:34Z,240.0,240.0,False,P,0.0,253.5265688095238,0.0,0.0,,,407.44962166666664,-153.75676577380952,0.0,0.0,406.44962166666664,-153.75676577380952,,
2026-09-14,20,2026-09-14T08:30:00Z,2026-09-15T09:14:35Z,230.0,230.0,False,P,0.0,123.54090426477072,0.0,0.0,,,473.179762191358,-349.9864453494268,0.0,0.0,472.179762191358,-349.9864453494268,,
2026-09-14,21,2026-09-14T09:00:00Z,2026-09-15T09:44:37Z,210.0,210.0,False,P,0.0,24.684562784992785,0.0,0.0,,,612.5,-587.8821038816739,0.0,0.0,611.5,-587.8821038816739,,
2026-09-14,22,2026-09-14T09:30:00Z,2026-09-15T10:14:45Z,145.01,145.01,False,N,0.0,-30.8093465,0.0,0.0,,,635.0271607777778,-665.8177191255629,0.0,0.0,635.0271607777778,-664.8177191255629,,
2026-09-14,23,2026-09-14T10:00:00Z,2026-09-15T10:44:43Z,159.93,159.93,False,N,0.0,-17.235558707369268,0.0,0.0,,,705.000003974767,-722.3188920407026,0.0,0.0,705.000003974767,-721.3188920407026,,
2026-09-14,24,2026-09-14T10:30:00Z,2026-09-15T11:14:29Z,145.87,145.87,False,N,0.0,-88.30207628968255,0.0,0.0,,,705.8333333333334,-794.3020762896825,0.0,0.0,705.8333333333334,-793.3020762896825,,
2026-09-14,25,2026-09-14T11:00:00Z,2026-09-15T11:44:29Z,139.87,139.87,False,N,0.0,-205.96137566137565,0.0,0.0,,,705.0833333333334,-911.1113756613756,0.0,0.0,705.0833333333334,-910.1113756613756,,
2026-09-14,26,2026-09-14T11:30:00Z,2026-09-15T12:14:36Z,133.1,133.1,False,N,0.0,-530.5613751587301,0.0,0.0,,,705.1836722222222,-1235.7950473809524,0.0,0.0,705.1836722222222,-1234.7950473809524,,
2026-09-14,27,2026-09-14T12:00:00Z,2026-09-15T12:44:31Z,134.0,134.0,False,N,0.0,-429.08155303030304,0.0,0.0,,,705.0,-1134.281553030303,0.0,0.0,705.0,-1133.281553030303,,
2026-09-14,28,2026-09-14T12:30:00Z,2026-09-15T13:14:27Z,135.5,135.5,False,N,0.0,-296.6969807051282,0.0,0.0,,,712.6880607253613,-1008.7479245990381,0.0,0.0,712.6880607253613,-1007.7479245990381,,
2026-09-14,29,2026-09-14T13:00:00Z,2026-09-15T13:44:27Z,133.2,133.2,False,N,0.0,-492.2534960660019,0.0,0.0,,,653.4166666666666,-1145.9118293993351,0.0,0.0,653.4166666666666,-1144.9118293993351,,
2026-09-14,30,2026-09-14T13:30:00Z,2026-09-15T14:14:24Z,133.2,133.2,False,N,0.0,-338.65700674843674,0.0,0.0,,,590.0,-929.0571918873256,0.0,0.0,590.0,-928.0571918873256,,
2026-09-14,31,2026-09-14T14:00:00Z,2026-09-15T14:44:30Z,133.2,133.2,False,N,0.0,-504.69478616402114,0.0,0.0,,,590.4586385251439,-1095.5590782473546,0.0,0.0,590.4586385251439,-1094.5590782473546,,
2026-09-14,32,2026-09-14T14:30:00Z,2026-09-15T15:14:38Z,133.2,133.2,False,N,0.0,-509.2238343687331,0.0,0.0,,,591.375,-1100.8246677020666,0.0,0.0,591.375,-1099.8246677020666,,
2026-09-14,33,2026-09-14T15:00:00Z,2026-09-15T15:44:39Z,135.5,135.5,False,N,0.0,-218.75444555444557,0.0,0.0,,,548.1166666666667,-792.0127788877788,0.0,25.0,548.1166666666667,-791.0127788877788,,25.0
2026-09-14,34,2026-09-14T15:30:00Z,2026-09-15T16:14:38Z,146.44,146.44,False,N,0.0,-9.237777777777778,0.0,0.0,,,655.3333333333334,-689.7711111111112,0.0,25.0,655.3333333333334,-688.7711111111112,,25.0
2026-09-14,35,2026-09-14T16:00:00Z,2026-09-15T16:44:37Z,179.34,179.34,False,N,0.0,-67.90020315476191,0.0,0.0,,,752.3083344444444,-1570.5364852380953,0.0,750.0,752.3083344444444,-1569.5364852380953,,750.0
2026-09-14,36,2026-09-14T16:30:00Z,2026-09-15T17:14:42Z,179.0,179.0,False,N,0.0006,-214.56093173744708,0.0,0.0,,,665.1964377642342,-1630.049582531098,0.0,750.0,665.1964377642342,-1629.049582531098,,750.0
2026-09-14,37,2026-09-14T17:00:00Z,2026-09-15T17:44:38Z,269.5,269.5,False,P,0.0174,515.0235802869353,0.0,0.0,,,803.0153781379731,-959.2784260833611,0.0,671.05,802.0153781379731,-959.2784260833611,,671.05
2026-09-14,38,2026-09-14T17:30:00Z,2026-09-15T18:14:42Z,269.45,269.45,False,P,0.0168,386.75343870924075,0.0,0.0,,,722.3133071194629,-1009.7259313139074,0.0,674.3,721.3133071194629,-1009.7259313139074,,674.3
2026-09-14,39,2026-09-14T18:00:00Z,2026-09-15T18:44:41Z,270.0,270.0,False,P,0.006,382.52111972222224,0.0,0.0,,,701.1,-936.0624913888889,0.0,617.55,700.1,-936.0624913888889,,617.55
2026-09-14,40,2026-09-14T18:30:00Z,2026-09-15T19:14:44Z,269.5,269.5,False,P,0.0078,101.76950125,0.0,0.0,,,593.3016845833333,-1108.9198686573188,0.0,618.15,592.3016845833333,-1108.9198686573188,,618.15
2026-09-14,41,2026-09-14T19:00:00Z,2026-09-15T19:44:37Z,222.2,222.2,False,P,0.003,642.672719124617,0.0,0.0,,,613.141904140176,-735.6769070529804,0.0,765.8,613.141904140176,-735.6769070529804,,764.8
2026-09-14,42,2026-09-14T19:30:00Z,2026-09-15T20:14:35Z,222.2,222.2,False,P,0.0006,699.3999963888889,0.0,0.0,,,583.1333333333333,-637.2000052777778,0.0,753.7,583.1333333333333,-637.2000052777778,,752.7
2026-09-14,43,2026-09-14T20:00:00Z,2026-09-15T20:44:36Z,233.0,233.0,False,P,0.0,772.0358877777778,0.0,0.0,,,509.35,-487.49333444444443,0.0,750.0,508.35,-487.49333444444443,,750.0
2026-09-14,44,2026-09-14T20:30:00Z,2026-09-15T21:14:42Z,204.28,204.28,False,P,0.0,532.9313232142857,0.0,0.0,,,482.6250001190476,-700.4083384523809,0.0,750.0,482.6250001190476,-700.4083384523809,,749.0
2026-09-14,45,2026-09-14T21:00:00Z,2026-09-15T21:44:41Z,229.0,229.0,False,P,0.0,893.2384205555555,0.0,0.0,,,661.0333333333333,-517.783328888889,0.0,749.5,660.0333333333333,-517.783328888889,,749.5
2026-09-14,46,2026-09-14T21:30:00Z,2026-09-15T22:14:45Z,229.0,229.0,False,P,0.0,987.393279467644,0.0,0.0,,,710.6026590740507,-473.4713652225952,0.0,749.5,709.6026590740507,-473.4713652225952,,749.5
2026-09-14,47,2026-09-14T22:00:00Z,2026-09-15T22:44:49Z,203.5,203.5,False,P,0.0,199.1570088888889,0.0,0.0,,,853.24861125,-772.4569494444445,0.0,117.5,852.24861125,-772.4569494444445,,117.5
2026-09-14,48,2026-09-14T22:30:00Z,2026-09-15T23:14:38Z,213.5,213.5,False,P,0.0,102.40970629740798,0.0,0.0,,,877.9397900502737,-893.7183583437725,0.0,117.5,876.9397900502737,-893.7183583437725,,117.5
2026-09-15,1,2026-09-14T23:00:00Z,2026-09-15T23:44:37Z,218.25,218.25,False,P,0.0,4.5124477994228,0.0,0.0,,,837.3166666666667,-951.1795564433963,0.0,117.5,836.3166666666667,-951.1795564433963,,117.5
2026-09-15,2,2026-09-14T23:30:00Z,2026-09-16T00:14:54Z,217.75,217.75,False,P,0.0,47.593376064213565,0.0,0.0,,,705.7500020833334,-776.1205128246753,0.0,117.5,704.7500020833334,-776.1205128246753,,117.5
2026-09-15,3,2026-09-15T00:00:00Z,2026-09-16T00:44:50Z,145.2707020732917,145.2707020732917,False,N,0.0,-68.59037630127982,0.0,0.0,,,615.1809174931649,-802.139498644275,0.0,117.5,615.1809174931649,-801.139498644275,,117.5
2026-09-15,4,2026-09-15T00:30:00Z,2026-09-16T01:14:47Z,214.0,214.0,False,P,0.0,102.48746236111111,0.0,0.0,,,742.0555912222222,-757.2055931944444,0.0,117.5,741.0555912222222,-757.2055931944444,,117.5
2026-09-15,5,2026-09-15T01:00:00Z,2026-09-16T01:44:38Z,217.5,217.5,False,P,0.0,190.78926041666668,0.0,0.0,,,782.5358341666666,-709.6431225,0.0,117.5,781.5358341666666,-709.6431225,,117.5
2026-09-15,6,2026-09-15T01:30:00Z,2026-09-16T02:16:57Z,137.0,137.0,False,N,0.0,-81.84939142195768,0.0,0.0,,,782.5981489300849,-982.3355025330687,0.0,117.5,782.5981489300849,-981.3355025330687,,117.5
2026-09-15,7,2026-09-15T02:00:00Z,2026-09-16T02:45:27Z,217.0,217.0,False,P,0.0,27.698112757329586,0.0,0.0,,,783.0095835237813,-872.916053909337,0.0,117.5,782.0095835237813,-872.916053909337,,117.5
2026-09-15,8,2026-09-15T02:30:00Z,2026-09-16T03:14:38Z,143.38,143.38,False,N,0.0,-26.826137301338967,0.0,0.0,,,782.6135275561744,-927.4447120224545,0.0,117.5,782.6135275561744,-926.4447120224545,,117.5
2026-09-15,9,2026-09-15T03:00:00Z,2026-09-16T03:44:35Z,138.61,138.61,False,N,0.0,-46.34632959447987,0.0,0.0,,,782.5169534262037,-946.5241073722576,0.0,117.5,782.5169534262037,-945.5241073722576,,117.5
2026-09-15,10,2026-09-15T03:30:00Z,2026-09-16T04:14:43Z,137.0,137.0,False,N,0.0,-123.36833393536008,0.0,0.0,,,782.6051214282782,-1023.863472824249,0.0,117.5,782.6051214282782,-1022.863472824249,,117.5
2026-09-15,11,2026-09-15T04:00:00Z,2026-09-16T04:44:31Z,125.7,125.7,False,N,0.0,-177.36910938378958,0.0,0.0,,,840.2431506841558,-1017.6358482726785,0.0,0.0,840.2431506841558,-1016.6358482726785,,
2026-09-15,12,2026-09-15T04:30:00Z,2026-09-16T05:14:38Z,136.24,136.24,False,N,0.0,-52.50708541666667,0.0,0.0,,,944.72,-997.98541875,0.0,0.0,944.72,-996.98541875,,
2026-09-15,13,2026-09-15T05:00:00Z,2026-09-16T05:44:40Z,202.02,202.02,False,P,0.0,71.3820689859871,0.0,0.0,,,1036.9117441666667,-1190.769034764013,0.0,225.0,1036.9117441666667,-1190.769034764013,,224.0
2026-09-15,14,2026-09-15T05:30:00Z,2026-09-16T06:14:40Z,149.56,149.56,False,N,0.0,-3.979322025229044,0.0,0.0,,,1281.7033283814058,-1510.8199542742746,0.0,225.0,1281.7033283814058,-1509.8199542742746,,225.0
2026-09-15,15,2026-09-15T06:00:00Z,2026-09-16T06:44:38Z,201.15,201.15,False,P,0.0,131.8929688477469,0.0,0.0,,,1309.945002101114,-1377.8402731144781,0.0,200.0,1308.945002101114,-1377.8402731144781,,200.0
2026-09-15,16,2026-09-15T06:30:00Z,2026-09-16T07:15:15Z,203.99013333333335,203.99013333333335,False,P,0.0,156.00391101370852,0.0,0.0,,,1133.9375756944444,-1177.9572000974026,0.0,200.0,1133.9375756944444,-1177.9572000974026,,199.0
2026-09-15,17,2026-09-15T07:00:00Z,2026-09-16T07:44:40Z,217.0,217.0,False,P,0.0,146.6549025974026,0.0,0.0,,,1281.3025,-1134.2234307359308,0.0,0.0,1280.3025,-1134.2234307359308,,
2026-09-15,18,2026-09-15T07:30:00Z,2026-09-16T08:14:59Z,217.0,217.0,False,P,0.0,99.57166662037037,0.0,0.0,,,1391.5583336574075,-1292.6300000462963,0.0,0.0,1390.5583336574075,-1292.6300000462963,,
2026-09-15,19,2026-09-15T08:00:00Z,2026-09-16T08:44:35Z,56.96643108894925,56.96643108894925,False,N,0.0,-119.7293731418919,0.0,0.0,,,1459.0076388888888,-1579.049309114114,0.0,0.0,1459.0076388888888,-1578.049309114114,,
2026-09-15,20,2026-09-15T08:30:00Z,2026-09-16T09:14:40Z,50.0,50.0,False,N,0.0,-391.52590888888886,0.0,0.0,,,1382.9518863888889,-1774.6863255555556,0.0,0.0,1382.9518863888889,-1773.6863255555556,,
2026-09-15,21,2026-09-15T09:00:00Z,2026-09-16T09:44:34Z,31.91,31.91,False,N,0.0,-805.60527625,0.0,0.0,,,1191.5,-1997.23027625,0.0,0.0,1191.5,-1996.23027625,,
2026-09-15,22,2026-09-15T09:30:00Z,2026-09-16T10:14:33Z,26.0,26.0,False,N,0.0,-971.9213078298611,0.0,0.0,,,1185.229021892361,-2156.798540329861,0.0,0.0,1185.229021892361,-2155.798540329861,,
2026-09-15,23,2026-09-15T10:00:00Z,2026-09-16T10:44:39Z,21.42999999999999,21.42999999999999,False,N,0.0,-731.0053841666667,0.0,0.0,,,1149.8987366666668,-1880.6298680555556,0.0,0.0,1149.8987366666668,-1879.6298680555556,,
2026-09-15,24,2026-09-15T10:30:00Z,2026-09-16T11:14:36Z,31.19,31.19,False,N,0.0,-172.85088815476192,0.0,0.0,,,1277.2730031944445,-1449.7183357936508,0.0,0.0,1277.2730031944445,-1448.7183357936508,,
2026-09-15,25,2026-09-15T11:00:00Z,2026-09-16T11:44:35Z,108.49,108.49,False,P,0.0,110.00019883895895,0.0,0.0,,,1159.0557025109413,-1048.8484520994468,0.0,0.0,1158.0557025109413,-1048.8484520994468,,
2026-09-15,26,2026-09-15T11:30:00Z,2026-09-16T12:14:26Z,206.5,206.5,False,P,0.0,112.18439207184979,0.0,0.0,,,989.9083333354969,-877.5227772614835,0.0,0.0,988.9083333354969,-877.5227772614835,,
2026-09-15,27,2026-09-15T12:00:00Z,2026-09-16T12:44:26Z,38.52,38.52,False,N,0.0,-19.504917546296298,0.0,0.0,,,948.9416652777778,-968.1993606018518,0.0,0.0,948.9416652777778,-967.1993606018518,,
2026-09-15,28,2026-09-15T12:30:00Z,2026-09-16T13:14:26Z,29.03,29.03,False,N,0.0,-246.80416125,0.0,0.0,,,894.2416666666667,-1141.41666125,0.0,0.0,894.2416666666667,-1140.41666125,,
2026-09-15,29,2026-09-15T13:00:00Z,2026-09-16T13:44:31Z,85.0,85.0,False,N,0.0,-7.969904346344062,0.0,0.0,,,1125.8000030610633,-1133.7351851851852,0.0,0.0,1125.8000030610633,-1132.7351851851852,,
2026-09-15,30,2026-09-15T13:30:00Z,2026-09-16T14:14:25Z,85.0,85.0,False,N,0.0,-6.12124913207244,0.0,0.0,,,1088.0204175345941,-1094.1185653966,0.0,0.0,1088.0204175345941,-1093.1185653966,,
2026-09-15,31,2026-09-15T14:00:00Z,2026-09-16T14:44:27Z,207.95,207.95,False,P,0.0,259.0627777777778,0.0,0.0,,,1091.7166666666667,-832.5205555555556,0.0,0.0,1090.7166666666667,-832.5205555555556,,
2026-09-15,32,2026-09-15T14:30:00Z,2026-09-16T15:14:27Z,206.5,206.5,False,P,0.0,92.04777777777778,0.0,0.0,,,1069.4,-977.3938888888889,0.0,0.0,1068.4,-977.3938888888889,,
2026-09-15,33,2026-09-15T15:00:00Z,2026-09-16T15:44:23Z,206.5,206.5,False,P,0.0,38.49972513888889,0.0,0.0,,,1051.1916666666666,-1013.0180526388889,0.0,0.0,1050.1916666666666,-1013.0180526388889,,
2026-09-15,34,2026-09-15T15:30:00Z,2026-09-16T16:14:32Z,137.10592264951205,137.10592264951205,False,N,0.0,-71.09583305555556,0.0,0.0,137.31275,1.0,945.2583333333333,-1016.6916663888888,0.0,0.0,945.2583333333333,-1015.6916663888888,,
2026-09-15,35,2026-09-15T16:00:00Z,2026-09-16T16:44:24Z,209.0,209.0,False,P,0.0,67.14979317761409,0.0,0.0,,,732.7813006436946,-1240.5914831685398,0.0,574.35,731.7813006436946,-1240.5914831685398,,574.35
2026-09-15,36,2026-09-15T16:30:00Z,2026-09-16T17:14:26Z,268.1,268.1,False,P,0.0,285.1002794444444,0.0,0.0,,,754.0333333333333,-1046.7163872222222,0.0,577.95,753.0333333333333,-1046.7163872222222,,577.95
2026-09-15,37,2026-09-15T17:00:00Z,2026-09-16T17:44:28Z,270.0,270.0,False,P,0.0,313.2467113888889,0.0,0.0,,,780.0333423611111,-1099.8624972222221,0.0,633.35,780.0333423611111,-1099.8624972222221,,632.35
2026-09-15,38,2026-09-15T17:30:00Z,2026-09-16T18:14:27Z,166.0,166.0,False,N,0.0,-78.91770833333334,0.0,0.0,,,773.4333333333333,-1486.0916666666667,0.0,634.0,773.4333333333333,-1485.0916666666667,,634.0
2026-09-15,39,2026-09-15T18:00:00Z,2026-09-16T18:44:36Z,217.0,217.0,False,P,0.0,96.04992744949494,0.0,0.0,,,1166.7918545328282,-1398.80625,0.0,328.35,1166.7918545328282,-1398.80625,,327.35
2026-09-15,40,2026-09-15T18:30:00Z,2026-09-16T19:14:31Z,255.73013333333333,255.73013333333333,False,P,0.0006,176.4278391042291,0.0,0.0,,,1112.1083909097847,-1262.2751225126262,0.0,327.35,1112.1083909097847,-1262.2751225126262,,326.35
2026-09-15,41,2026-09-15T19:00:00Z,2026-09-16T19:44:30Z,229.11,229.11,False,P,0.0,351.09010515923893,0.0,0.0,,,1281.0484384925721,-1042.6216065277779,-0.173,113.2,1280.0484384925721,-1042.6216065277779,-0.173,113.2
2026-09-15,42,2026-09-15T19:30:00Z,2026-09-16T20:14:35Z,196.26,196.26,False,P,0.0,238.87610303569446,0.0,0.0,,,1220.7758252579167,-1088.6372245634723,-0.19,107.1,1220.7758252579167,-1088.6372245634723,-0.19,106.1
2026-09-15,43,2026-09-15T20:00:00Z,2026-09-16T20:44:30Z,132.51,132.51,False,N,0.0,-187.48661927453801,0.0,0.0,,,882.1374928104952,-1069.85177598065,-0.195,0.0,882.1374928104952,-1068.85177598065,-0.195,
2026-09-15,44,2026-09-15T20:30:00Z,2026-09-16T21:14:35Z,132.51,132.51,False,N,0.0,-422.8776969095719,0.0,0.0,132.51,1.0,791.6059206481482,-1214.560678940877,-0.178,0.0,791.6059206481482,-1213.560678940877,-0.178,
2026-09-15,45,2026-09-15T21:00:00Z,2026-09-16T21:44:23Z,132.55,132.55,False,N,0.0,-641.7241016313131,0.0,0.0,132.55,1.0,807.9211201111111,-1449.6907682979797,0.0,0.0,807.9211201111111,-1448.6907682979797,,
2026-09-15,46,2026-09-15T21:30:00Z,2026-09-16T22:14:38Z,53.85,53.85,False,N,0.0,-456.09360639794687,0.0,0.0,,,757.4037518244305,-1213.9531652694745,0.0,0.0,757.4037518244305,-1212.9531652694745,,
2026-09-15,47,2026-09-15T22:00:00Z,2026-09-16T22:44:29Z,45.53999999999999,45.53999999999999,False,N,0.0,-369.2929180473856,0.0,0.0,,,728.9011030208334,-1098.3773544015523,0.0,0.0,728.9011030208334,-1097.3773544015523,,
2026-09-15,48,2026-09-15T22:30:00Z,2026-09-16T23:14:29Z,100.0,100.0,False,N,0.0,-403.51666666666665,0.0,0.0,100.0,1.0,780.0,-1183.6,0.0,0.0,780.0,-1182.6,,
2026-09-16,1,2026-09-15T23:00:00Z,2026-09-16T23:44:27Z,123.65,123.65,False,N,0.0,-198.7566673611111,0.0,0.0,123.65,0.0,1125.618332638889,-1324.1416666666667,0.0,0.0,1125.618332638889,-1323.1416666666667,,
2026-09-16,2,2026-09-15T23:30:00Z,2026-09-17T00:14:24Z,163.35153333333332,163.35153333333332,False,P,0.0,5.110833333333333,0.0,0.0,,,940.7833333333333,-935.4475,0.0,0.0,939.7833333333333,-935.4475,,
2026-09-16,3,2026-09-16T00:00:00Z,2026-09-17T00:44:28Z,162.15,162.15,False,P,0.0,82.63492186507936,0.0,0.0,,,1019.1083349801587,-936.7805555555556,0.0,0.0,1018.1083349801587,-936.7805555555556,,
2026-09-16,4,2026-09-16T00:30:00Z,2026-09-17T01:14:25Z,93.0,93.0,False,N,0.0,-62.92167361111111,0.0,0.0,93.0,1.0,913.3249972222222,-977.0466708333333,0.0,0.0,913.3249972222222,-976.0466708333333,,
2026-09-16,5,2026-09-16T01:00:00Z,2026-09-17T01:44:23Z,117.77,117.77,False,N,0.0,-111.78444444444445,0.0,0.0,117.77,0.0,796.2666666666667,-907.8833333333333,0.0,0.0,796.2666666666667,-906.8833333333333,,
2026-09-16,6,2026-09-16T01:30:00Z,2026-09-17T02:17:37Z,100.0,100.0,False,N,0.0,-55.98333375,0.0,0.0,100.0,1.0,805.0249995833333,-860.6416666666667,0.0,0.0,805.0249995833333,-859.6416666666667,,
2026-09-16,7,2026-09-16T02:00:00Z,2026-09-17T02:45:32Z,107.93999999999998,107.93999999999998,False,N,0.0,-3.2988095238095236,0.0,0.0,,,780.0,-783.2988095238095,0.0,0.0,780.0,-782.2988095238095,,
2026-09-16,8,2026-09-16T02:30:00Z,2026-09-17T03:14:32Z,100.0,100.0,False,N,0.0,-240.7325468864469,0.0,0.0,,,780.0,-1021.603117997558,0.0,0.0,780.0,-1020.603117997558,,
2026-09-16,9,2026-09-16T03:00:00Z,2026-09-17T03:44:24Z,100.0,100.0,False,N,0.0,-452.1802920833333,0.0,0.0,,,738.6108461111111,-1190.7302920833333,0.0,0.0,738.6108461111111,-1189.7302920833333,,
2026-09-16,10,2026-09-16T03:30:00Z,2026-09-17T04:14:27Z,55.0,55.0,False,N,0.0,-717.3399713563169,0.0,0.0,,,707.8428982576359,-1425.333535245206,0.0,0.0,707.8428982576359,-1424.333535245206,,
2026-09-16,11,2026-09-16T04:00:00Z,2026-09-17T04:44:29Z,100.0,100.0,False,N,0.0,-476.7194658460934,0.0,0.0,,,689.3878432305145,-1166.4386198107397,0.0,0.0,689.3878432305145,-1165.4386198107397,,
2026-09-16,12,2026-09-16T04:30:00Z,2026-09-17T05:14:26Z,103.0,103.0,False,N,0.0,-530.8687878692778,0.0,0.0,,,625.0884793418049,-1156.136564804333,0.0,0.0,625.0884793418049,-1155.136564804333,,
2026-09-16,13,2026-09-16T05:00:00Z,2026-09-17T05:44:24Z,125.0,125.0,False,N,0.0,-72.41777313284085,0.0,0.0,,,520.6042432070299,-843.4172089434321,0.0,250.0,520.6042432070299,-842.4172089434321,,250.0
2026-09-16,14,2026-09-16T05:30:00Z,2026-09-17T06:14:25Z,191.87,191.87,False,P,0.0,235.8546445252674,0.0,0.0,,,452.4977273376202,-467.88632523041605,0.0,250.0,452.4977273376202,-467.88632523041605,,249.0
2026-09-16,15,2026-09-16T06:00:00Z,2026-09-17T06:44:27Z,190.0,190.0,False,P,0.0,214.68124069444445,0.0,0.0,,,441.46666666666664,-477.4979259722222,0.0,250.0,441.46666666666664,-477.4979259722222,,249.0
2026-09-16,16,2026-09-16T06:30:00Z,2026-09-17T07:14:34Z,190.0,190.0,False,P,0.0,222.45681395833333,0.0,0.0,,,444.2916666666667,-472.2868765972222,0.0,250.0,444.2916666666667,-472.2868765972222,,249.0
2026-09-16,17,2026-09-16T07:00:00Z,2026-09-17T07:44:26Z,119.0,119.0,False,N,0.0,-261.67422371031745,0.0,0.0,,,492.59166666666664,-753.7818845039683,0.0,0.0,492.59166666666664,-752.7818845039683,,
2026-09-16,18,2026-09-16T07:30:00Z,2026-09-17T08:14:35Z,120.0,120.0,False,N,0.0,-253.19951335029458,0.0,0.0,,,509.84334337427566,-763.7297911280724,0.0,0.0,509.84334337427566,-762.7297911280724,,
2026-09-16,19,2026-09-16T08:00:00Z,2026-09-17T08:44:27Z,125.17,125.17,False,N,0.0,-324.9002080762199,0.0,0.0,,,555.3972806944445,-780.4247914095532,-100.0,0.0,555.3972806944445,-779.4247914095532,-100.0,
2026-09-16,20,2026-09-16T08:30:00Z,2026-09-17T09:14:25Z,110.0,110.0,False,N,0.0,-399.71584967664,0.0,0.0,,,555.8866603069819,-855.61584967664,-100.0,0.0,555.8866603069819,-854.61584967664,-100.0,
2026-09-16,21,2026-09-16T09:00:00Z,2026-09-17T09:44:26Z,110.0,110.0,False,N,0.0,-164.19194722883597,0.0,0.0,,,555.67,-645.2099368121693,-75.0,0.0,555.67,-644.2099368121693,-75.0,
2026-09-16,22,2026-09-16T09:30:00Z,2026-09-17T10:14:32Z,110.0,110.0,False,N,0.0,-332.192328989156,0.0,0.0,,,555.5833348868232,-812.8895512113783,-75.0,0.0,555.5833348868232,-811.8895512113783,-75.0,
2026-09-16,23,2026-09-16T10:00:00Z,2026-09-17T10:44:24Z,110.1,110.1,False,N,0.0,-228.22227117724867,0.0,0.0,,,555.5,-684.1938981216931,-100.0,0.0,555.5,-683.1938981216931,-100.0,
2026-09-16,24,2026-09-16T10:30:00Z,2026-09-17T11:14:22Z,110.0,110.0,False,N,0.0,-291.5427104739705,0.0,0.0,,,555.5000269658119,-747.5010438073039,-100.0,0.0,555.5000269658119,-746.5010438073039,-100.0,
2026-09-16,25,2026-09-16T11:00:00Z,2026-09-17T11:44:46Z,111.0,111.0,False,N,0.0,-123.30431935591292,0.0,0.0,,,604.70023789903,-651.6009860225796,-75.0,0.0,604.70023789903,-650.6009860225796,-75.0,
2026-09-16,26,2026-09-16T11:30:00Z,2026-09-17T12:14:26Z,111.1,111.1,False,N,0.0,-34.52864212962963,0.0,0.0,,,555.6833333333333,-515.5918612962963,-75.0,0.0,555.6833333333333,-514.5918612962963,-75.0,
2026-09-16,27,2026-09-16T12:00:00Z,2026-09-17T12:45:10Z,234.75,234.75,False,P,0.0,130.6946847542735,0.0,0.0,,,555.5,-350.4307319123932,-75.0,0.0,554.5,-350.4307319123932,-75.0,
2026-09-16,28,2026-09-16T12:30:00Z,2026-09-17T13:15:05Z,234.75,234.75,False,P,0.0,115.81284477520533,0.0,0.0,,,556.10925810941,-365.92048828035024,-75.0,0.0,555.10925810941,-365.92048828035024,-75.0,
2026-09-16,29,2026-09-16T13:00:00Z,2026-09-17T13:44:52Z,227.0,227.0,False,P,0.0,62.19542547979798,0.0,0.0,,,555.5097222222222,-443.5573522979798,-50.0,0.0,554.5097222222222,-443.5573522979798,-50.0,
2026-09-16,30,2026-09-16T13:30:00Z,2026-09-17T14:14:28Z,115.32999999999998,115.32999999999998,False,N,0.0,-119.87930152777778,0.0,0.0,,,555.5,-625.6499793055556,-50.0,0.0,555.5,-624.6499793055556,-50.0,
2026-09-16,31,2026-09-16T14:00:00Z,2026-09-17T14:44:53Z,111.1,111.1,False,N,0.0,-247.05869593820435,0.0,0.0,,,555.5000006256049,-778.775760104871,-25.0,0.0,555.5000006256049,-777.775760104871,-25.0,
2026-09-16,32,2026-09-16T14:30:00Z,2026-09-17T15:14:27Z,113.0,113.0,False,N,0.0,-304.5103562419507,0.0,0.0,,,569.2500059721726,-849.327738325284,-25.0,0.0,569.2500059721726,-848.327738325284,-25.0,
2026-09-16,33,2026-09-16T15:00:00Z,2026-09-17T15:44:34Z,139.8,139.8,False,N,0.0,-35.042943015040514,0.0,0.0,,,576.0962706746031,-611.5662961896437,0.0,0.0,576.0962706746031,-610.5662961896437,,
2026-09-16,34,2026-09-16T15:30:00Z,2026-09-17T16:14:51Z,264.6,264.6,False,P,0.0,180.99531246572872,0.0,0.0,,,606.989503968254,-426.1472867406205,0.0,0.0,605.989503968254,-426.1472867406205,,
2026-09-16,35,2026-09-16T16:00:00Z,2026-09-17T16:44:23Z,275.0,275.0,False,P,0.0,256.7792190568956,0.0,0.0,,,588.3320833333333,-332.03093955421554,0.0,0.0,587.3320833333333,-332.03093955421554,,
2026-09-16,36,2026-09-16T16:30:00Z,2026-09-17T17:14:35Z,264.6,264.6,False,P,0.0,68.56202301996152,0.0,0.0,,,669.7500036507673,-601.6129769800385,0.0,0.0,668.7500036507673,-601.6129769800385,,
2026-09-16,37,2026-09-16T17:00:00Z,2026-09-17T17:44:27Z,229.0,229.0,False,P,0.0,76.21964014165674,0.0,0.0,,,623.4166833702453,-1080.9033960686581,0.0,532.9,623.4166833702453,-1080.9033960686581,,531.9
2026-09-16,38,2026-09-16T17:30:00Z,2026-09-17T18:15:08Z,229.0,229.0,False,P,0.0,29.785555555555554,0.0,0.0,,,560.0666666666667,-1064.1977777777777,0.0,534.1,560.0666666666667,-1064.1977777777777,,533.1
2026-09-16,39,2026-09-16T18:00:00Z,2026-09-17T18:44:31Z,209.67,209.67,False,P,0.0,24.91111111111111,0.0,0.0,,,560.0,-1307.6833333333334,0.0,772.85,560.0,-1307.6833333333334,,771.85
2026-09-16,40,2026-09-16T18:30:00Z,2026-09-17T19:14:27Z,209.67,209.67,False,P,0.0,48.1095272630719,0.0,0.0,,,560.0000308333333,-1280.1071394035948,0.0,768.6,560.0000308333333,-1280.1071394035948,,767.6
2026-09-16,41,2026-09-16T19:00:00Z,2026-09-17T19:45:11Z,207.0901204819277,207.0901204819277,False,P,0.0,160.66724381507382,0.0,0.0,,,571.5833333333334,-1173.231243053613,-0.174,762.7,571.5833333333334,-1173.231243053613,-0.174,761.7
2026-09-16,42,2026-09-16T19:30:00Z,2026-09-17T20:14:28Z,124.6,124.6,False,N,0.0,-311.4511303952991,0.0,0.0,,,615.6833333333333,-1684.2627970619658,-0.19,757.05,615.6833333333333,-1683.2627970619658,-0.19,757.05
2026-09-16,43,2026-09-16T20:00:00Z,2026-09-17T20:44:32Z,122.0,122.0,False,N,0.0,-210.59002296031747,0.0,0.0,,,911.0905708888889,-1875.4003379244843,-0.195,753.4,911.0905708888889,-1874.4003379244843,-0.195,753.4
2026-09-16,44,2026-09-16T20:30:00Z,2026-09-17T21:14:28Z,123.7378224696584,123.7378224696584,False,N,0.0,-142.478308857895,0.0,0.0,,,1086.3565324119463,-1980.435275652172,-0.178,752.05,1086.3565324119463,-1979.435275652172,-0.178,752.05
2026-09-16,45,2026-09-16T21:00:00Z,2026-09-17T21:45:18Z,113.0,113.0,False,N,0.0,-83.625935,0.0,0.0,113.0,1.0,1581.1743427777778,-2264.758314400778,0.0,600.0,1581.1743427777778,-2263.758314400778,,600.0
2026-09-16,46,2026-09-16T21:30:00Z,2026-09-17T22:15:16Z,111.0,111.0,False,N,0.0,-284.48804738095237,0.0,0.0,111.0,1.0,1758.3051617857143,-2642.3077777777776,0.0,600.0,1758.3051617857143,-2641.3077777777776,,600.0
2026-09-16,47,2026-09-16T22:00:00Z,2026-09-17T22:47:23Z,105.0,105.0,False,N,0.0,-88.65780345238095,0.0,0.0,105.0,1.0,2571.337593769841,-2777.2608119444444,0.0,117.5,2571.337593769841,-2776.2608119444444,,117.5
2026-09-16,48,2026-09-16T22:30:00Z,2026-09-17T23:14:52Z,155.63,155.63,False,P,0.0,11.397289416667762,0.0,0.0,,,2817.7729220382353,-2923.743520481279,0.0,117.5,2816.7729220382353,-2923.743520481279,,117.5
2026-09-17,1,2026-09-16T23:00:00Z,2026-09-17T23:44:29Z,195.0,195.0,False,P,0.0,73.40828108585859,0.0,0.0,,,2856.7459798358586,-2900.5196190303213,0.0,117.5,2855.7459798358586,-2900.5196190303213,,117.5
2026-09-17,2,2026-09-16T23:30:00Z,2026-09-18T00:14:49Z,24.44,24.44,False,N,0.0,-104.3766918001443,0.0,0.0,,,2696.094729060967,-2917.868432917388,0.0,117.5,2696.094729060967,-2916.868432917388,,117.5
2026-09-17,3,2026-09-17T00:00:00Z,2026-09-18T00:44:59Z,122.65,122.65,False,N,0.0,-266.72123350347664,0.0,0.0,122.65,0.0,2391.907832153089,-2776.1202584922526,0.0,117.5,2391.907832153089,-2775.1202584922526,,117.5
2026-09-17,4,2026-09-17T00:30:00Z,2026-09-18T01:14:30Z,112.57,112.57,False,N,0.0,-98.86052229491919,0.0,0.0,112.57,0.0,2312.1748943717475,-2528.228564258111,0.0,117.5,2312.1748943717475,-2527.228564258111,,117.5
2026-09-17,5,2026-09-17T01:00:00Z,2026-09-18T01:44:48Z,143.1,143.1,False,P,0.0,60.662536454734386,0.0,0.0,,,2374.686607149179,-2431.63319932963,0.0,117.5,2373.686607149179,-2431.63319932963,,117.5
2026-09-17,6,2026-09-17T01:30:00Z,2026-09-18T02:16:55Z,93.04233305153647,93.04233305153647,False,N,0.0,-108.61463113304093,0.0,0.0,94.1275,1.0,2135.499257755848,-2361.7388880555554,0.0,117.5,2135.499257755848,-2360.7388880555554,,117.5
2026-09-17,7,2026-09-17T02:00:00Z,2026-09-18T02:44:32Z,92.03,92.03,False,N,0.0,-397.2381549145299,0.0,0.0,92.03,1.0,1720.295196474359,-2235.6277777777777,0.0,117.5,1720.295196474359,-2234.6277777777777,,117.5
2026-09-17,8,2026-09-17T02:30:00Z,2026-09-18T03:15:01Z,141.97,141.97,False,P,0.0,19.839809128484134,0.0,0.0,,,2088.3181424618174,-2185.820005995205,0.0,117.5,2087.3181424618174,-2185.820005995205,,117.5
2026-09-17,9,2026-09-17T03:00:00Z,2026-09-18T03:44:27Z,117.82,117.82,False,N,0.0,-41.63619365006007,0.0,0.0,117.82,0.0,2138.802023386977,-2297.760358492797,0.0,117.5,2138.802023386977,-2296.760358492797,,117.5
2026-09-17,10,2026-09-17T03:30:00Z,2026-09-18T04:14:27Z,158.63,158.63,False,P,0.0,76.91605078751901,0.0,0.0,,,2046.7102152319635,-2086.8802770192306,0.0,117.5,2045.7102152319635,-2086.8802770192306,,117.5
2026-09-17,11,2026-09-17T04:00:00Z,2026-09-18T04:44:42Z,122.09,122.09,False,N,0.0,-211.61786956413334,0.0,0.0,122.09,0.0,1630.4987971025332,-1959.552130138889,0.0,117.5,1630.4987971025332,-1958.552130138889,,117.5
2026-09-17,12,2026-09-17T04:30:00Z,2026-09-18T05:14:31Z,85.81504731350202,85.81504731350202,False,N,0.0,-239.1967361111111,0.0,0.0,86.77126972916666,1.0,1619.97583875,-1976.49583875,0.0,117.5,1619.97583875,-1975.49583875,,117.5
2026-09-17,13,2026-09-17T05:00:00Z,2026-09-18T05:44:53Z,96.0,96.0,False,N,0.0,-4.176879861111111,0.0,0.0,,,1573.3314509722222,-2044.5749975,0.0,467.5,1573.3314509722222,-2043.5749975,,467.5
2026-09-17,14,2026-09-17T05:30:00Z,2026-09-18T06:14:30Z,170.01,170.01,False,P,0.0,225.5683701388889,0.0,0.0,,,1836.9961479166666,-2078.6501727777777,0.0,467.5,1835.9961479166666,-2078.6501727777777,,467.5
2026-09-17,15,2026-09-17T06:00:00Z,2026-09-18T06:45:15Z,204.4,204.4,False,P,0.0,389.3570774537037,0.0,0.0,,,2443.4373415410055,-2053.7883554166665,0.0,0.0,2442.4373415410055,-2053.7883554166665,,
2026-09-17,16,2026-09-17T06:30:00Z,2026-09-18T07:14:28Z,204.4,204.4,False,P,0.0,984.2916728035576,0.0,0.0,,,2875.214073907374,-1890.3790851128383,0.0,0.0,2874.214073907374,-1890.3790851128383,,
2026-09-17,17,2026-09-17T07:00:00Z,2026-09-18T07:46:52Z,203.75,203.75,False,P,0.0,285.78968058012714,0.0,0.0,,,2218.7732626094203,-1932.2559702437652,0.0,0.0,2217.7732626094203,-1932.2559702437652,,
2026-09-17,18,2026-09-17T07:30:00Z,2026-09-18T08:15:48Z,24.98,24.98,False,N,0.0,-80.02849953703704,0.0,0.0,,,1804.8931712962963,-1885.017216468254,0.0,0.0,1804.8931712962963,-1884.017216468254,,
2026-09-17,19,2026-09-17T08:00:00Z,2026-09-18T08:45:03Z,-8.36072222222222,-8.36072222222222,False,N,0.0,-513.7338310185186,0.0,0.0,-8.042166666666667,1.0,1843.5037037037036,-2357.2505555555554,0.0,0.0,1843.5037037037036,-2356.2505555555554,,
2026-09-17,20,2026-09-17T08:30:00Z,2026-09-18T09:15:08Z,-10.98,-10.98,False,N,0.0,-907.9467128703703,0.0,0.0,-10.98,1.0,1637.9498551851852,-2545.934675833333,0.0,0.0,1637.9498551851852,-2544.934675833333,,
2026-09-17,21,2026-09-17T09:00:00Z,2026-09-18T09:44:54Z,-10.98,-10.98,False,N,0.0,-582.3548343796297,0.0,0.0,-10.98,1.0,1735.8781046527777,-2317.983939861111,0.0,0.0,1735.8781046527777,-2316.983939861111,,
2026-09-17,22,2026-09-17T09:30:00Z,2026-09-18T10:14:46Z,-10.98,-10.98,False,N,0.0,-366.0915700757576,0.0,0.0,-10.98,1.0,1895.1675965909092,-2261.252464520202,0.0,0.0,1895.1675965909092,-2260.252464520202,,
2026-09-17,23,2026-09-17T10:00:00Z,2026-09-18T10:44:32Z,13.60475310841708,13.60475310841708,False,N,0.0,-321.25275163869884,0.0,0.0,14.211111453704204,0.6666656944444445,1829.2378044724123,-2150.586427199408,0.0,0.0,1829.2378044724123,-2149.586427199408,,
2026-09-17,24,2026-09-17T10:30:00Z,2026-09-18T11:14:29Z,-0.66,-0.66,False,N,0.0,-581.5149936115231,0.0,0.0,-0.66,0.0,1680.050944999588,-2260.82417935144,0.0,0.0,1680.050944999588,-2259.82417935144,,
2026-09-17,25,2026-09-17T11:00:00Z,2026-09-18T11:44:34Z,-1.47999999999999,-1.47999999999999,False,N,0.0,-127.32977890836445,0.0,0.0,-1.48,0.0,2190.3518877583024,-2317.666196897365,0.0,0.0,2190.3518877583024,-2316.666196897365,,
2026-09-17,26,2026-09-17T11:30:00Z,2026-09-18T12:14:29Z,-2.25,-2.25,False,N,0.0,-148.43413942460415,0.0,0.0,-2.25,0.0,1976.7349680059515,-2124.102187936507,0.0,0.0,1976.7349680059515,-2123.102187936507,,
2026-09-17,27,2026-09-17T12:00:00Z,2026-09-18T12:45:18Z,58.0,58.0,False,P,0.0,178.56344701719576,0.0,0.0,,,2360.3026136838625,-2181.610416666667,0.0,0.0,2359.3026136838625,-2181.610416666667,,
2026-09-17,28,2026-09-17T12:30:00Z,2026-09-18T13:14:36Z,6.5,6.5,False,N,0.0,-435.8452259856281,0.0,0.0,6.5,0.0,2094.553876683856,-2529.7274351628703,0.0,0.0,2094.553876683856,-2528.7274351628703,,
2026-09-17,29,2026-09-17T13:00:00Z,2026-09-18T13:44:28Z,8.16,8.16,False,N,0.0,-481.76029913358605,0.0,0.0,8.16,0.0,2130.1497971977146,-2611.6998031944445,0.0,0.0,2130.1497971977146,-2610.6998031944445,,
2026-09-17,30,2026-09-17T13:30:00Z,2026-09-18T14:14:31Z,14.88,14.88,False,N,0.0,-53.2433573015873,0.0,0.0,14.88,0.0,2676.7966426984126,-2729.9454525,0.0,0.0,2676.7966426984126,-2728.9454525,,
2026-09-17,31,2026-09-17T14:00:00Z,2026-09-18T14:44:30Z,46.7,46.7,False,N,0.0,-23.35758322502727,0.0,0.0,46.7,0.0,2719.4192336267784,-2742.2363925331174,0.0,0.0,2719.4192336267784,-2741.2363925331174,,
2026-09-17,32,2026-09-17T14:30:00Z,2026-09-18T15:14:32Z,57.92999999999999,57.92999999999999,False,N,0.0,-286.9930537321272,0.0,0.0,57.93,0.0,2579.3073629345395,-2865.9927774998987,0.0,0.0,2579.3073629345395,-2864.9927774998987,,
2026-09-17,33,2026-09-17T15:00:00Z,2026-09-18T15:44:37Z,129.0,129.0,False,P,0.0,27.438090472368195,0.0,0.0,,,2917.42124971968,-2889.67504223719,0.0,0.0,2916.42124971968,-2889.67504223719,,
2026-09-17,34,2026-09-17T15:30:00Z,2026-09-18T16:14:33Z,107.2,107.2,False,N,0.0,-231.89404092290934,0.0,0.0,107.2,0.0,2874.2176257437573,-3105.665432018411,0.0,0.0,2874.2176257437573,-3104.665432018411,,
2026-09-17,35,2026-09-17T16:00:00Z,2026-09-18T16:44:34Z,150.0,150.0,False,N,0.0,-186.73886044333972,0.0,0.0,150.0,0.32666666666666666,2779.661859159835,-3166.480528030303,0.0,200.15,2779.661859159835,-3165.480528030303,,200.15
2026-09-17,36,2026-09-17T16:30:00Z,2026-09-18T17:14:36Z,52.5,52.5,False,N,0.0,-101.78889379475201,0.0,0.0,52.5,1.0,2912.3813893127385,-3214.0058585218253,0.0,200.15,2912.3813893127385,-3213.0058585218253,,200.15
2026-09-17,37,2026-09-17T17:00:00Z,2026-09-18T17:44:28Z,189.0,189.0,False,P,0.0,86.87297394119769,0.0,0.0,,,3064.110356976912,-3763.70693859127,0.0,786.5,3064.110356976912,-3763.70693859127,,785.5
2026-09-17,38,2026-09-17T17:30:00Z,2026-09-18T18:14:29Z,165.0,165.0,False,N,0.0,-21.306642610065587,0.0,0.0,,,3243.999757708333,-4052.545848254005,0.0,787.1,3243.999757708333,-4051.545848254005,,787.1
2026-09-17,39,2026-09-17T18:00:00Z,2026-09-18T18:44:35Z,192.57,192.57,False,P,0.0,32.85286055555556,0.0,0.0,,,3410.4775694444443,-4130.141662916667,0.0,752.15,3410.4775694444443,-4130.141662916667,,751.15
2026-09-17,40,2026-09-17T18:30:00Z,2026-09-18T19:14:38Z,158.14,158.14,False,P,0.0,31.886201963329523,0.0,0.0,,,3513.1640371731605,-4233.607000953337,0.0,752.35,3512.1640371731605,-4233.607000953337,,752.35
2026-09-17,41,2026-09-17T19:00:00Z,2026-09-18T19:44:36Z,115.82999999999998,115.82999999999998,False,N,0.0,-120.37155164141414,0.0,0.0,,,3335.838446969697,-3906.2995819444445,-0.174,450.0,3335.838446969697,-3905.2995819444445,-0.174,450.0
2026-09-17,42,2026-09-17T19:30:00Z,2026-09-18T20:14:35Z,109.0,109.0,False,N,0.0,-142.82833968197505,0.0,0.0,,,3040.224735667795,-3633.3275448355994,-0.193,450.1,3040.224735667795,-3632.3275448355994,-0.193,450.1
2026-09-17,43,2026-09-17T20:00:00Z,2026-09-18T20:44:37Z,96.95,96.95,False,N,0.0,-198.22225907245533,0.0,0.0,,,2619.872952722771,-3270.639721679293,-0.194,452.2,2619.872952722771,-3269.639721679293,-0.194,452.2
2026-09-17,44,2026-09-17T20:30:00Z,2026-09-18T21:14:33Z,94.67268197751898,94.67268197751898,False,N,0.0,-116.4637212962963,0.0,0.0,95.045,1.0,2534.9446203703706,-3102.194957771164,-0.175,450.85,2534.9446203703706,-3101.194957771164,-0.175,450.85
2026-09-17,45,2026-09-17T21:00:00Z,2026-09-18T21:44:29Z,133.11,133.11,False,P,0.0,25.536482126068375,0.0,0.0,,,2628.588017959402,-3052.900277777778,0.0,450.1,2627.588017959402,-3052.900277777778,,450.1
2026-09-17,46,2026-09-17T21:30:00Z,2026-09-18T22:14:36Z,144.01,144.01,False,P,0.0,61.90268497578347,0.0,0.0,,,2679.8610981980055,-3067.45709,0.0,450.1,2678.8610981980055,-3067.45709,,450.1
2026-09-17,47,2026-09-17T22:00:00Z,2026-09-18T22:44:40Z,89.7,89.7,False,N,0.0,-66.25566753968253,0.0,0.0,89.7,0.04864333333333334,2907.362753015873,-3090.9857074434103,0.0,117.5,2907.362753015873,-3089.9857074434103,,117.5
2026-09-17,48,2026-09-17T22:30:00Z,2026-09-18T23:14:37Z,130.28,130.28,False,N,0.0,-213.11975771011396,0.0,0.0,130.28,0.0,2731.9919968732193,-3062.0816593879167,0.0,117.5,2731.9919968732193,-3061.0816593879167,,117.5
2026-09-18,1,2026-09-17T23:00:00Z,2026-09-18T23:45:26Z,121.68,121.68,False,N,0.0,-589.6718589385213,0.0,0.0,121.68,0.0,2416.27910217259,-3123.2298577231486,0.0,117.5,2416.27910217259,-3122.2298577231486,,117.5
2026-09-18,2,2026-09-17T23:30:00Z,2026-09-19T00:15:27Z,122.64,122.64,False,N,0.0,-476.9041597804929,0.0,0.0,122.64,0.0,2669.9701100409357,-3264.324541112472,0.0,117.5,2669.9701100409357,-3263.324541112472,,117.5
2026-09-18,3,2026-09-18T00:00:00Z,2026-09-19T00:44:37Z,120.23,120.23,False,N,0.0,-393.5845949594485,0.0,0.0,120.23,0.0,2703.5294369849958,-3214.289954953139,0.0,117.5,2703.5294369849958,-3213.289954953139,,117.5
2026-09-18,4,2026-09-18T00:30:00Z,2026-09-19T01:15:17Z,118.88,118.88,False,N,0.0,-296.9205305303039,0.0,0.0,118.88,0.0,2578.3433898863627,-2992.486546961284,0.0,117.5,2578.3433898863627,-2991.486546961284,,117.5
2026-09-18,5,2026-09-18T01:00:00Z,2026-09-19T01:44:39Z,100.5,100.5,False,N,0.0,-175.21835110743982,0.0,0.0,100.5,1.0,2581.887879633301,-2874.058715194648,0.0,117.5,2581.887879633301,-2873.058715194648,,117.5
2026-09-18,6,2026-09-18T01:30:00Z,2026-09-19T02:16:47Z,140.0,140.0,False,P,0.0,8.237413194444445,0.0,0.0,,,2654.0703905555556,-2763.123610277778,0.0,117.5,2653.0703905555556,-2763.123610277778,,117.5
2026-09-18,7,2026-09-18T02:00:00Z,2026-09-19T02:45:01Z,115.12,115.12,False,N,0.0,-542.2492405555555,0.0,0.0,115.12,0.0,2160.4232295833335,-2819.597778611111,0.0,117.5,2160.4232295833335,-2818.597778611111,,117.5
2026-09-18,8,2026-09-18T02:30:00Z,2026-09-19T03:15:13Z,117.16,117.16,False,N,0.0,-19.96393555778395,0.0,0.0,117.16,0.0,2604.0480088866607,-2741.6350967261665,0.0,117.5,2604.0480088866607,-2740.6350967261665,,117.5
2026-09-18,9,2026-09-18T03:00:00Z,2026-09-19T03:44:30Z,121.41,121.41,False,N,0.0,-323.37841132747025,0.0,0.0,121.41,0.0,2315.9224354494936,-2756.548813881036,0.0,117.5,2315.9224354494936,-2755.548813881036,,117.5
2026-09-18,10,2026-09-18T03:30:00Z,2026-09-19T04:14:28Z,123.43,123.43,False,N,0.0,-198.17741029761905,0.0,0.0,123.43,0.0,2400.319603608124,-2715.7415971421337,0.0,117.5,2400.319603608124,-2714.7415971421337,,117.5
2026-09-18,11,2026-09-18T04:00:00Z,2026-09-19T04:44:43Z,174.96,174.96,False,P,0.0,37.0458885671267,0.0,0.0,,,2460.816318884587,-2541.2630904889133,0.0,117.5,2459.816318884587,-2541.2630904889133,,117.5
2026-09-18,12,2026-09-18T04:30:00Z,2026-09-19T05:14:37Z,140.76,140.76,False,N,0.0,-62.136813419590275,0.0,0.0,140.76,0.0,2264.2014386592627,-2443.764442274854,0.0,117.5,2264.2014386592627,-2442.764442274854,,117.5
2026-09-18,13,2026-09-18T05:00:00Z,2026-09-19T05:45:05Z,186.2504,186.2504,False,P,0.0,261.6827707078853,0.0,0.0,,,2320.068679874552,-2325.467709336918,0.0,267.5,2320.068679874552,-2325.467709336918,,266.5
2026-09-18,14,2026-09-18T05:30:00Z,2026-09-19T06:14:55Z,126.17,126.17,False,N,0.0,-116.16867575576852,0.0,0.0,,,2198.4346572157224,-2582.11166186688,0.0,267.5,2198.4346572157224,-2581.11166186688,,267.5
2026-09-18,15,2026-09-18T06:00:00Z,2026-09-19T06:44:26Z,80.29,80.29,False,N,0.0,-505.5834204886063,0.0,0.0,,,2052.349363049422,-2707.9503054621514,0.0,150.0,2052.349363049422,-2706.9503054621514,,150.0
2026-09-18,16,2026-09-18T06:30:00Z,2026-09-19T07:14:32Z,52.21,52.21,False,N,0.0,-875.3475031944445,0.0,0.0,,,1812.5954822777921,-2837.5888143055554,0.0,150.0,1812.5954822777921,-2836.5888143055554,,150.0
2026-09-18,17,2026-09-18T07:00:00Z,2026-09-19T07:44:46Z,49.58447091466994,49.58447091466994,False,N,0.0,-691.9005115684282,0.0,0.0,50.607,1.0,1937.1000057926829,-2628.9412546239837,0.0,0.0,1937.1000057926829,-2627.9412546239837,,
2026-09-18,18,2026-09-18T07:30:00Z,2026-09-19T08:14:28Z,38.63,38.63,False,N,0.0,-578.8759175918734,0.0,0.0,,,2101.03049111183,-2679.8992468543147,0.0,0.0,2101.03049111183,-2678.8992468543147,,
2026-09-18,19,2026-09-18T08:00:00Z,2026-09-19T08:44:30Z,26.57999999999999,26.57999999999999,False,N,0.0,-321.4942964380191,0.0,0.0,,,2364.23208995087,-2685.753393677384,0.0,0.0,2364.23208995087,-2684.753393677384,,
2026-09-18,20,2026-09-18T08:30:00Z,2026-09-19T09:14:29Z,15.75851618792537,15.75851618792537,False,N,0.0,-277.4903267037037,0.0,0.0,15.851041666666667,1.0,2292.1055066296294,-2569.7000506111112,0.0,0.0,2292.1055066296294,-2568.7000506111112,,
2026-09-18,21,2026-09-18T09:00:00Z,2026-09-19T09:44:34Z,60.95,60.95,False,N,0.0,-476.8819382850411,0.0,0.0,60.95,0.0,2161.6055621177366,-2638.1222317941697,0.0,0.0,2161.6055621177366,-2637.1222317941697,,
2026-09-18,22,2026-09-18T09:30:00Z,2026-09-19T10:14:31Z,-10.98,-10.98,False,N,0.0,-452.0204024006918,0.0,0.0,-10.98,1.0,2086.8943258354116,-2538.6700378436835,0.0,0.0,2086.8943258354116,-2537.6700378436835,,
2026-09-18,23,2026-09-18T10:00:00Z,2026-09-19T10:44:35Z,-10.98,-10.98,False,N,0.0,-405.91336631661255,0.0,0.0,-10.98,1.0,2124.741110086968,-2530.9163705954124,0.0,0.0,2124.741110086968,-2529.9163705954124,,
2026-09-18,24,2026-09-18T10:30:00Z,2026-09-19T11:14:30Z,-10.98,-10.98,False,N,0.0,-400.47333747303753,0.0,0.0,-10.98,1.0,1810.163462183257,-2209.8121291726643,0.0,0.0,1810.163462183257,-2208.8121291726643,,
2026-09-18,25,2026-09-18T11:00:00Z,2026-09-19T11:44:30Z,27.51999999999999,27.51999999999999,False,N,0.0,-6.282284039198943,0.0,0.0,,,2128.66150240372,-2134.9627413728554,0.0,0.0,2128.66150240372,-2133.9627413728554,,
2026-09-18,26,2026-09-18T11:30:00Z,2026-09-19T12:14:34Z,-10.98,-10.98,False,N,0.0,-107.1413284056757,0.0,0.0,-10.98,1.0,2185.6030295002283,-2292.6696729984965,0.0,0.0,2185.6030295002283,-2291.6696729984965,,
2026-09-18,27,2026-09-18T12:00:00Z,2026-09-19T12:44:28Z,-10.98,-10.98,False,N,0.0,-455.20593930555555,0.0,0.0,-10.98,1.0,1583.033315,-2038.4274929166668,0.0,0.0,1583.033315,-2037.4274929166668,,
2026-09-18,28,2026-09-18T12:30:00Z,2026-09-19T13:14:36Z,-10.98,-10.98,False,N,0.0,-250.62166081871345,0.0,0.0,-10.98,1.0,1571.66667251462,-1822.1772229020469,0.0,0.0,1571.66667251462,-1821.1772229020469,,
2026-09-18,29,2026-09-18T13:00:00Z,2026-09-19T13:44:31Z,-10.98,-10.98,False,N,0.0,-363.18486583333333,0.0,0.0,-10.98,1.0,1385.7833368055556,-1748.742223611111,0.0,0.0,1385.7833368055556,-1747.742223611111,,
2026-09-18,30,2026-09-18T13:30:00Z,2026-09-19T14:14:32Z,-10.98,-10.98,False,N,0.0,-449.94934930555553,0.0,0.0,-10.98,1.0,1326.0833440277777,-1775.8583333333333,0.0,0.0,1326.0833440277777,-1774.8583333333333,,
2026-09-18,31,2026-09-18T14:00:00Z,2026-09-19T14:44:58Z,-10.98,-10.98,False,N,0.0,-358.90304521464645,0.0,0.0,-10.98,1.0,1421.2666770075757,-1779.965556212121,0.0,0.0,1421.2666770075757,-1778.965556212121,,
2026-09-18,32,2026-09-18T14:30:00Z,2026-09-19T15:14:32Z,-10.98,-10.98,False,N,0.0,-683.6316666666667,0.0,0.0,-10.98,1.0,1278.1966666666667,-1961.84,0.0,0.0,1278.1966666666667,-1960.84,,
2026-09-18,33,2026-09-18T15:00:00Z,2026-09-19T15:44:35Z,1.29078162895011,1.29078162895011,False,N,0.0,-702.0513693055556,0.0,0.0,1.90965415,1.0,1339.5225204166666,-2041.6461098611112,0.0,0.0,1339.5225204166666,-2040.6461098611112,,
2026-09-18,34,2026-09-18T15:30:00Z,2026-09-19T16:14:42Z,0.28961427632848,0.28961427632848,False,N,0.0,-575.2112878787879,0.0,0.0,1.1092222222222223,1.0,1326.1470454545454,-1901.3333333333333,0.0,0.0,1326.1470454545454,-1900.3333333333333,,
2026-09-18,35,2026-09-18T16:00:00Z,2026-09-19T16:44:43Z,124.49,124.49,False,P,0.0,10.887071999907604,0.0,0.0,,,1655.1921215727186,-1944.4749985998003,0.0,300.0,1654.1921215727186,-1944.4749985998003,,300.0
2026-09-18,36,2026-09-18T16:30:00Z,2026-09-19T17:14:32Z,137.75,137.75,False,P,0.0,21.4893125,0.0,0.0,,,1831.8109612455198,-2109.9994444444446,0.0,300.0,1831.8109612455198,-2109.9994444444446,,299.0
2026-09-18,37,2026-09-18T17:00:00Z,2026-09-19T17:44:26Z,64.02,64.02,False,N,0.0,-154.01831622715272,0.0,0.0,,,2254.3566865098214,-3008.3750008149664,0.0,600.0,2254.3566865098214,-3007.3750008149664,,600.0
2026-09-18,38,2026-09-18T17:30:00Z,2026-09-19T18:14:30Z,66.82999999999998,66.82999999999998,False,N,0.0,-290.23579492755994,0.0,0.0,,,2544.7508649335514,-3435.091993138889,0.0,600.0,2544.7508649335514,-3434.091993138889,,600.0
2026-09-18,39,2026-09-18T18:00:00Z,2026-09-19T18:44:35Z,34.10999999999999,34.10999999999999,False,N,0.0,-783.1208914142246,0.0,0.0,,,2394.2995891413307,-3777.733726115283,0.0,600.0,2394.2995891413307,-3776.733726115283,,600.0
2026-09-18,40,2026-09-18T18:30:00Z,2026-09-19T19:14:31Z,49.18846816616547,49.18846816616547,False,N,0.0,-735.2365582164903,0.0,0.0,49.200654779761905,1.0,2430.336177508723,-3765.810847783126,0.0,600.0,2430.336177508723,-3764.810847783126,,600.0
2026-09-18,41,2026-09-18T19:00:00Z,2026-09-19T19:44:33Z,74.59,74.59,False,N,0.0,-800.1984700357143,0.0,0.0,74.59,0.0,2283.597644964286,-3683.500585361111,-0.455,600.0,2283.597644964286,-3682.500585361111,-0.455,600.0
2026-09-18,42,2026-09-18T19:30:00Z,2026-09-19T20:14:35Z,17.94696776850153,17.94696776850153,False,N,0.0,-612.2902778173368,0.0,0.0,18.087,1.0,2088.281350374212,-3300.259875504347,-0.482,600.0,2088.281350374212,-3299.259875504347,-0.482,600.0
2026-09-18,43,2026-09-18T20:00:00Z,2026-09-19T20:44:35Z,4.19,4.19,False,N,0.0,-927.8556239737275,0.0,0.0,4.19,1.0,1974.8443760262726,-3352.5333333333333,-0.495,450.0,1974.8443760262726,-3351.5333333333333,-0.495,450.0
2026-09-18,44,2026-09-18T20:30:00Z,2026-09-19T21:14:35Z,22.32999999999999,22.32999999999999,False,N,0.0,-773.1787342736317,0.0,0.0,22.33,0.0,1733.7508771152573,-2955.975004629625,-0.453,450.0,1733.7508771152573,-2954.975004629625,-0.453,450.0
2026-09-18,45,2026-09-18T21:00:00Z,2026-09-19T21:44:38Z,16.08999999999999,16.08999999999999,False,N,0.0,-688.8028078340066,0.0,0.0,16.09,0.0,2210.8354321659936,-2899.419025210527,0.0,0.0,2210.8354321659936,-2898.419025210527,,
2026-09-18,46,2026-09-18T21:30:00Z,2026-09-19T22:14:43Z,24.12999158741608,24.12999158741608,False,N,0.0,-948.3555853487617,0.0,0.0,24.95300859598854,0.36354166666666665,2178.1227597645266,-3125.965114911618,0.0,0.0,2178.1227597645266,-3124.965114911618,,
2026-09-18,47,2026-09-18T22:00:00Z,2026-09-19T22:44:46Z,-14.4564911650059,-14.4564911650059,False,N,0.0,-1019.6969574808827,0.0,0.0,-14.384333333333334,1.0,2273.4262596024505,-3413.0698923164637,0.0,120.0,2273.4262596024505,-3412.0698923164637,,120.0
2026-09-18,48,2026-09-18T22:30:00Z,2026-09-19T23:14:49Z,-0.5,-0.5,False,N,0.0,-719.5095886981336,0.0,0.0,-0.5,0.0,2558.886874875099,-3398.384988028533,0.0,120.0,2558.886874875099,-3397.384988028533,,120.0
2026-09-19,1,2026-09-18T23:00:00Z,2026-09-19T23:45:04Z,-3.25999999999999,-3.25999999999999,False,N,0.0,-818.9540478065152,0.0,0.0,-3.26,0.0,2420.5659537212628,-3359.195644654077,0.0,120.0,2420.5659537212628,-3358.195644654077,,120.0
2026-09-19,2,2026-09-18T23:30:00Z,2026-09-20T00:16:57Z,-2.04,-2.04,False,N,0.0,-504.36549883909896,0.0,0.0,-2.04,0.0,2700.614501160901,-3324.8009236764856,0.0,120.0,2700.614501160901,-3323.8009236764856,,120.0
2026-09-19,3,2026-09-19T00:00:00Z,2026-09-20T00:44:49Z,-0.35999999999999,-0.35999999999999,False,N,0.0,-574.9539578194822,0.0,0.0,-0.36,0.0,2482.8572749582954,-3177.574774871557,0.0,120.0,2482.8572749582954,-3176.574774871557,,120.0
2026-09-19,4,2026-09-19T00:30:00Z,2026-09-20T01:15:20Z,-2.24,-2.24,False,N,0.0,-715.9775955092592,0.0,0.0,-2.24,0.0,2232.3770804166666,-3067.509675925926,0.0,120.0,2232.3770804166666,-3066.509675925926,,120.0
2026-09-19,5,2026-09-19T01:00:00Z,2026-09-20T01:44:52Z,-0.25,-0.25,False,N,0.0,-497.94163920635646,0.0,0.0,-0.25,0.0,2417.2694469047547,-3034.8608370436436,0.0,120.0,2417.2694469047547,-3033.8608370436436,,120.0
2026-09-19,6,2026-09-19T01:30:00Z,2026-09-20T02:16:24Z,-0.2,-0.2,False,N,0.0,-705.9875440112434,0.0,0.0,-0.2,0.0,2104.92578932209,-2930.499354103836,0.0,120.0,2104.92578932209,-2929.499354103836,,120.0
2026-09-19,7,2026-09-19T02:00:00Z,2026-09-20T02:44:56Z,1.13999999999999,1.13999999999999,False,N,0.0,-600.2387376034397,0.0,0.0,1.14,0.0,2215.8670957298937,-2935.4448699216136,0.0,120.0,2215.8670957298937,-2934.4448699216136,,120.0
2026-09-19,8,2026-09-19T02:30:00Z,2026-09-20T03:15:44Z,2.56,2.56,False,N,0.0,-291.4631796922323,0.0,0.0,2.56,0.0,2382.010299752212,-2793.2224341168617,0.0,120.0,2382.010299752212,-2792.2224341168617,,120.0
2026-09-19,9,2026-09-19T03:00:00Z,2026-09-20T03:45:02Z,1.06,1.06,False,N,0.0,-623.1229083669064,0.0,0.0,1.06,0.0,1982.7733426227899,-2725.1204036517797,0.0,120.0,1982.7733426227899,-2724.1204036517797,,120.0
2026-09-19,10,2026-09-19T03:30:00Z,2026-09-20T04:14:59Z,-13.61999999999999,-13.61999999999999,False,N,0.0,-204.65512734262586,0.0,0.0,,,2371.5353151688487,-2695.644770423595,0.0,120.0,2371.5353151688487,-2694.644770423595,,120.0
2026-09-19,11,2026-09-19T04:00:00Z,2026-09-20T04:45:37Z,2.18,2.18,False,N,0.0,-459.99946518518516,0.0,0.0,2.18,0.0,1916.6952127314814,-2496.286898611111,0.0,120.0,1916.6952127314814,-2495.286898611111,,120.0
2026-09-19,12,2026-09-19T04:30:00Z,2026-09-20T05:15:22Z,3.91,3.91,False,N,0.0,-251.35272318086194,0.0,0.0,3.91,0.0,2104.120824596916,-2475.0291698754977,0.0,120.0,2104.120824596916,-2474.0291698754977,,120.0
2026-09-19,13,2026-09-19T05:00:00Z,2026-09-20T05:45:00Z,6.78,6.78,False,N,0.0,-185.67277388285024,0.0,0.0,6.78,0.0,2247.17042611715,-2551.787084589372,0.0,120.0,2247.17042611715,-2550.787084589372,,120.0
2026-09-19,14,2026-09-19T05:30:00Z,2026-09-20T06:14:41Z,-6.47819770042267,-6.47819770042267,False,N,0.0,-425.5875069501435,0.0,0.0,-5.926,1.0,2253.7675419225748,-2798.780025966523,0.0,120.0,2253.7675419225748,-2797.780025966523,,120.0
2026-09-19,15,2026-09-19T06:00:00Z,2026-09-20T06:45:19Z,11.08999999999999,11.08999999999999,False,N,0.0,-384.4355773346607,0.0,0.0,11.09,0.0,2270.9960344708948,-2950.329961097879,-3.9,300.0,2270.9960344708948,-2949.329961097879,-3.9,300.0
2026-09-19,16,2026-09-19T06:30:00Z,2026-09-20T07:15:19Z,14.49,14.49,False,N,0.0,-417.74053986813857,0.0,0.0,14.49,0.0,2258.2020717985283,-2971.0273181751354,-3.945,300.0,2258.2020717985283,-2970.0273181751354,-3.945,300.0
2026-09-19,17,2026-09-19T07:00:00Z,2026-09-20T07:45:07Z,10.94999999999999,10.94999999999999,False,N,0.0,-627.1458194117647,0.0,0.0,10.95,0.0,1978.2794100326798,-3051.301548888889,-4.05,450.0,1978.2794100326798,-3050.301548888889,-4.05,450.0
2026-09-19,18,2026-09-19T07:30:00Z,2026-09-20T08:15:00Z,12.50999999999999,12.50999999999999,False,N,0.0,-640.825217871732,0.0,0.0,12.51,0.0,1903.5739815727125,-2989.61194311683,-4.67,450.0,1903.5739815727125,-2988.61194311683,-4.67,450.0
2026-09-19,19,2026-09-19T08:00:00Z,2026-09-20T08:44:43Z,8.60999999999999,8.60999999999999,False,N,0.0,-757.3845480555556,0.0,0.0,8.61,0.0,1875.699256388889,-2627.70926,-5.195,0.0,1875.699256388889,-2626.70926,-5.195,
2026-09-19,20,2026-09-19T08:30:00Z,2026-09-20T09:15:22Z,5.95999999999999,5.95999999999999,False,N,0.0,-627.0586250210314,0.0,0.0,5.96,0.0,2013.9845318080152,-2635.2000839099205,-5.295,0.0,2013.9845318080152,-2634.2000839099205,-5.295,
2026-09-19,21,2026-09-19T09:00:00Z,2026-09-20T09:44:44Z,5.51999999999999,5.51999999999999,False,N,0.0,-413.2947447222222,0.0,0.0,5.52,0.0,2208.5423581944447,-2616.309047361111,-5.385,0.0,2208.5423581944447,-2615.309047361111,-5.385,
2026-09-19,22,2026-09-19T09:30:00Z,2026-09-20T10:15:00Z,4.16999999999999,4.16999999999999,False,N,0.0,-513.2847176388889,0.0,0.0,4.17,0.0,1936.2499229166667,-2443.5596556944442,-5.505,0.0,1936.2499229166667,-2442.5596556944442,-5.505,
2026-09-19,23,2026-09-19T10:00:00Z,2026-09-20T10:44:58Z,2.99,2.99,False,N,0.0,-669.0833333333334,0.0,0.0,2.99,0.0,1769.2509347222222,-2432.7592680555554,-5.575,0.0,1769.2509347222222,-2431.7592680555554,-5.575,
2026-09-19,24,2026-09-19T10:30:00Z,2026-09-20T11:14:42Z,0.75,0.75,False,N,0.0,-736.5183333333333,0.0,0.0,0.75,0.0,1762.0770645833334,-2492.89373125,-5.685,0.0,1762.0770645833334,-2491.89373125,-5.685,
2026-09-19,25,2026-09-19T11:00:00Z,2026-09-20T11:44:37Z,1.53,1.53,False,N,0.0,-453.34933555555557,0.0,0.0,1.53,0.0,2063.208560555556,-2510.5418961111113,-5.76,0.0,2063.208560555556,-2509.5418961111113,-5.76,
2026-09-19,26,2026-09-19T11:30:00Z,2026-09-20T12:14:43Z,-13.61999999999999,-13.61999999999999,False,N,0.0,-284.34441417588164,0.0,0.0,,,2234.686331379674,-2513.8085666452957,-5.735,0.0,2234.686331379674,-2512.8085666452957,-5.735,
2026-09-19,27,2026-09-19T12:00:00Z,2026-09-20T12:44:45Z,-14.3,-14.3,False,N,0.0,-752.0502330102918,0.0,0.0,,,1939.9752312847725,-2686.6002242609716,-5.71,0.0,1939.9752312847725,-2685.6002242609716,-5.71,
2026-09-19,28,2026-09-19T12:30:00Z,2026-09-20T13:14:37Z,-2.18999999999999,-2.18999999999999,False,N,0.0,-595.5555555555555,0.0,0.0,-2.19,0.0,1908.0166666666667,-2497.6516666666666,-5.69,0.0,1908.0166666666667,-2496.6516666666666,-5.69,
2026-09-19,29,2026-09-19T13:00:00Z,2026-09-20T13:44:40Z,-1.46999999999999,-1.46999999999999,False,N,0.0,-574.1775008333333,0.0,0.0,-1.47,0.0,1907.8750002325498,-2476.2583264596133,-5.565,0.0,1907.8750002325498,-2475.2583264596133,-5.565,
2026-09-19,30,2026-09-19T13:30:00Z,2026-09-20T14:14:43Z,-12.61999999999999,-12.61999999999999,False,N,0.0,-438.7065473628851,0.0,0.0,-12.62,1.0,1960.0583187878788,-2392.9083402582073,-5.425,0.0,1960.0583187878788,-2391.9083402582073,-5.425,
2026-09-19,31,2026-09-19T14:00:00Z,2026-09-20T14:44:38Z,2.04999999999999,2.04999999999999,False,N,0.0,-323.72917009058335,0.0,0.0,2.05,0.0,2235.4261076871944,-2553.226949353861,-5.445,0.0,2235.4261076871944,-2552.226949353861,-5.445,
2026-09-19,32,2026-09-19T14:30:00Z,2026-09-20T15:14:44Z,60.0,60.0,False,P,0.0,99.97735846831141,0.0,0.0,,,2744.823950551645,-2639.083958447981,-5.385,0.0,2743.823950551645,-2639.083958447981,-5.385,
2026-09-19,33,2026-09-19T15:00:00Z,2026-09-20T15:44:42Z,-13.61999999999999,-13.61999999999999,False,N,0.0,-560.1061212717618,0.0,0.0,,,2582.3903474257863,-3137.4915989558826,-5.255,0.0,2582.3903474257863,-3136.4915989558826,-5.255,
2026-09-19,34,2026-09-19T15:30:00Z,2026-09-20T16:14:53Z,49.7,49.7,False,N,0.0,-777.8830747973785,0.0,0.0,49.7,0.0,2401.10413909151,-3173.8807912896827,-5.14,0.0,2401.10413909151,-3172.8807912896827,-5.14,
2026-09-19,35,2026-09-19T16:00:00Z,2026-09-20T16:44:58Z,62.62362023751853,62.62362023751853,False,N,0.0,-587.427486881636,0.0,0.0,76.07816666666666,1.0,2756.135820757253,-3339.1918863233127,-4.975,0.0,2756.135820757253,-3338.1918863233127,-4.975,
2026-09-19,36,2026-09-19T16:30:00Z,2026-09-20T17:14:44Z,51.57999999999999,51.57999999999999,False,N,0.0,-60.14661997190871,0.0,0.0,51.58,1.0,2998.414317187136,-3054.225912722191,-4.985,0.0,2998.414317187136,-3053.225912722191,-4.985,
2026-09-19,37,2026-09-19T17:00:00Z,2026-09-20T17:44:42Z,127.18979591836735,127.18979591836735,False,P,0.0,268.36928319826245,0.0,0.0,,,3264.884960258244,-3389.7931551695124,-4.995,400.0,3264.884960258244,-3389.7931551695124,-4.995,399.0
2026-09-19,38,2026-09-19T17:30:00Z,2026-09-20T18:14:37Z,168.0,168.0,False,P,0.0,711.1917766666667,0.0,0.0,,,3752.655836111111,-3436.4058356944442,-4.895,400.0,3751.655836111111,-3436.4058356944442,-4.895,400.0
2026-09-19,39,2026-09-19T18:00:00Z,2026-09-20T18:44:46Z,120.24,120.24,False,P,0.0,399.65076911919186,0.0,0.0,,,3692.1260937270936,-3687.69670343715,-4.765,400.0,3692.1260937270936,-3687.69670343715,-4.765,399.0
2026-09-19,40,2026-09-19T18:30:00Z,2026-09-20T19:14:40Z,118.35,118.35,False,P,0.0,299.6781890076671,0.0,0.0,,,3653.687109051984,-3748.9581588018464,-4.84,400.0,3653.687109051984,-3748.9581588018464,-4.84,399.0
2026-09-19,41,2026-09-19T19:00:00Z,2026-09-20T19:44:41Z,21.85,21.85,False,N,0.0,-172.64790948953873,0.0,0.0,,,3320.4240957924485,-3889.012580274151,-4.89,400.0,3320.4240957924485,-3888.012580274151,-4.89,400.0
2026-09-19,42,2026-09-19T19:30:00Z,2026-09-20T20:14:42Z,84.28,84.28,False,P,0.0,22.217314166666668,0.0,0.0,,,3203.1572877777776,-3576.675003611111,-4.857,400.0,3203.1572877777776,-3576.675003611111,-4.857,399.0
2026-09-19,43,2026-09-19T20:00:00Z,2026-09-20T20:44:47Z,85.84,85.84,False,P,0.0,76.75187333753914,0.0,0.0,,,3338.9971010618274,-3657.998560273572,-4.84,400.0,3338.9971010618274,-3657.998560273572,-4.84,399.0
2026-09-19,44,2026-09-19T20:30:00Z,2026-09-20T21:15:13Z,81.7,81.7,False,P,0.0,19.20357728455187,0.0,0.0,,,3084.408021728996,-3460.8402617382153,-4.848,400.0,3084.408021728996,-3460.8402617382153,-4.848,399.0
2026-09-19,45,2026-09-19T21:00:00Z,2026-09-20T21:44:42Z,35.5,35.5,False,N,0.0,-214.89540915824915,0.0,0.0,35.5,0.0,3170.3159347306396,-3380.1656835942763,-4.325,0.0,3170.3159347306396,-3379.1656835942763,-4.325,
2026-09-19,46,2026-09-19T21:30:00Z,2026-09-20T22:14:50Z,-6.36,-6.36,False,N,0.0,-298.8119711287879,0.0,0.0,-6.36,1.0,3000.368373593434,-3293.9016512905982,-4.27,0.0,3000.368373593434,-3292.9016512905982,-4.27,
2026-09-19,47,2026-09-19T22:00:00Z,2026-09-20T22:44:41Z,-5.07,-5.07,False,N,0.0,-417.95761890872916,0.0,0.0,-5.07,1.0,2444.5031755753957,-3129.710396825396,0.0,267.5,2444.5031755753957,-3128.710396825396,,267.5
2026-09-19,48,2026-09-19T22:30:00Z,2026-09-20T23:14:45Z,7.12,7.12,False,N,0.0,-405.61266709242784,0.0,0.0,7.12,0.0,2300.7956662409056,-2973.606110446969,0.0,267.5,2300.7956662409056,-2972.606110446969,,267.5
2026-09-20,1,2026-09-19T23:00:00Z,2026-09-20T23:44:45Z,4.16999999999999,4.16999999999999,False,N,0.0,-603.4934819160245,0.0,0.0,4.17,0.0,2102.6856846774276,-2973.5852265016892,0.0,267.5,2102.6856846774276,-2972.5852265016892,,267.5
2026-09-20,2,2026-09-19T23:30:00Z,2026-09-21T00:15:06Z,1.20999999999999,1.20999999999999,False,N,0.0,-813.1295055841238,0.0,0.0,1.21,0.0,1910.1188023021405,-2990.19881275456,0.0,267.5,1910.1188023021405,-2989.19881275456,,267.5
2026-09-20,3,2026-09-20T00:00:00Z,2026-09-21T00:44:52Z,-14.99,-14.99,False,N,0.0,-842.9558247282422,0.0,0.0,,,2062.2305317995356,-3172.615525144909,0.0,267.5,2062.2305317995356,-3171.615525144909,,267.5
2026-09-20,4,2026-09-20T00:30:00Z,2026-09-21T01:15:40Z,-2.82704492449793,-2.82704492449793,False,N,0.0,-605.167907717865,0.0,0.0,-1.8589473684210527,0.6333333333333333,2350.876311171024,-3223.3111118724537,0.0,267.5,2350.876311171024,-3222.3111118724537,,267.5
2026-09-20,5,2026-09-20T01:00:00Z,2026-09-21T01:45:01Z,-6.91839324551005,-6.91839324551005,False,N,0.0,-158.98908628142283,0.0,0.0,-4.677333333333333,1.0,2811.741662468577,-3238.0019140476193,0.0,267.5,2811.741662468577,-3237.0019140476193,,267.5
2026-09-20,6,2026-09-20T01:30:00Z,2026-09-21T02:21:04Z,0.05,0.05,False,N,0.0,-115.01464733676195,0.0,0.0,0.05,0.0,2840.8550882187938,-3223.109324355961,0.0,267.5,2840.8550882187938,-3222.109324355961,,267.5
2026-09-20,7,2026-09-20T02:00:00Z,2026-09-21T02:46:38Z,-0.63,-0.63,False,N,0.0,-195.32547661008334,0.0,0.0,-0.63,0.0,2711.9354498113707,-3174.2030425640137,0.0,267.5,2711.9354498113707,-3173.2030425640137,,267.5
2026-09-20,8,2026-09-20T02:30:00Z,2026-09-21T03:14:55Z,-0.46,-0.46,False,N,0.0,-324.99233785714284,0.0,0.0,-0.46,0.0,2504.7243288095237,-3096.7075408249157,0.0,267.5,2504.7243288095237,-3095.7075408249157,,267.5
2026-09-20,9,2026-09-20T03:00:00Z,2026-09-21T03:45:04Z,-0.44,-0.44,False,N,0.0,-202.5353331003945,0.0,0.0,-0.44,0.0,2604.916864252485,-3074.9460285329956,0.0,267.5,2604.916864252485,-3073.9460285329956,,267.5
2026-09-20,10,2026-09-20T03:30:00Z,2026-09-21T04:14:52Z,0.60999999999999,0.60999999999999,False,N,0.0,-84.13749998192456,0.0,0.0,0.61,0.0,2663.5305554300007,-3014.809722120737,0.0,267.5,2663.5305554300007,-3013.809722120737,,267.5
2026-09-20,11,2026-09-20T04:00:00Z,2026-09-21T04:44:30Z,33.5,33.5,False,P,0.0,4.889427962958333,0.0,0.0,,,2686.346680975647,-2948.6979347685137,0.0,267.5,2685.346680975647,-2948.6979347685137,,267.5
2026-09-20,12,2026-09-20T04:30:00Z,2026-09-21T05:14:32Z,54.17,54.17,False,P,0.0,58.57780181096681,0.0,0.0,,,2636.686360422078,-2845.094436785714,0.0,267.5,2635.686360422078,-2845.094436785714,,267.5
2026-09-20,13,2026-09-20T05:00:00Z,2026-09-21T05:45:11Z,11.60999999999999,11.60999999999999,False,N,0.0,-222.46045459576834,0.0,0.0,11.61,0.0,2369.703463339327,-2859.205617222378,0.0,267.5,2369.703463339327,-2858.205617222378,,267.5
2026-09-20,14,2026-09-20T05:30:00Z,2026-09-21T06:14:43Z,10.56,10.56,False,N,0.0,-166.2396289697906,0.0,0.0,10.56,0.0,2381.6020780528193,-2815.02213644128,0.0,267.5,2381.6020780528193,-2814.02213644128,,267.5
2026-09-20,15,2026-09-20T06:00:00Z,2026-09-21T06:44:33Z,7.91999999999999,7.91999999999999,False,N,0.0,-300.3831851234599,0.0,0.0,7.92,0.0,2464.8864845987623,-2765.080089103221,0.0,0.0,2464.8864845987623,-2764.080089103221,,
2026-09-20,16,2026-09-20T06:30:00Z,2026-09-21T07:14:29Z,9.35999999999999,9.35999999999999,False,N,0.0,-61.55836200050075,0.0,0.0,9.36,0.0,2645.928767305055,-2707.1177030848394,0.0,0.0,2645.928767305055,-2706.1177030848394,,
2026-09-20,17,2026-09-20T07:00:00Z,2026-09-21T07:44:37Z,40.63,40.63,False,P,0.0,15.147801482134474,0.0,0.0,,,2656.1058969647383,-2640.7536964922406,0.0,0.0,2655.1058969647383,-2640.7536964922406,,
2026-09-20,18,2026-09-20T07:30:00Z,2026-09-21T08:14:36Z,13.66999999999999,13.66999999999999,False,N,0.0,-61.45897700423473,0.0,0.0,13.67,0.0,2556.7768037673695,-2618.070478671132,0.0,0.0,2556.7768037673695,-2617.070478671132,,
2026-09-20,19,2026-09-20T08:00:00Z,2026-09-21T08:44:55Z,3.06999999999999,3.06999999999999,False,N,0.0,-398.38164751557434,0.0,0.0,3.07,0.0,2272.6769108454378,-2670.5280094496156,0.0,0.0,2272.6769108454378,-2669.5280094496156,,
2026-09-20,20,2026-09-20T08:30:00Z,2026-09-21T09:14:32Z,1.12,1.12,False,N,0.0,-681.5975216945156,0.0,0.0,1.12,0.0,1988.172719327271,-2669.4151616414306,0.0,0.0,1988.172719327271,-2668.4151616414306,,
2026-09-20,21,2026-09-20T09:00:00Z,2026-09-21T09:44:39Z,0.11,0.11,False,N,0.0,-783.5895764489064,0.0,0.0,0.11,0.0,1862.5912483801533,-2645.957268361061,0.0,0.0,1862.5912483801533,-2644.957268361061,,
2026-09-20,22,2026-09-20T09:30:00Z,2026-09-21T10:14:32Z,-0.86999999999999,-0.86999999999999,False,N,0.0,-722.2791975565136,0.0,0.0,-0.87,0.0,1649.7846913323754,-2371.693056468251,0.0,0.0,1649.7846913323754,-2370.693056468251,,
2026-09-20,23,2026-09-20T10:00:00Z,2026-09-21T10:44:31Z,-2.85999999999999,-2.85999999999999,False,N,0.0,-730.1364863554893,0.0,0.0,-2.86,0.0,1669.364307988257,-2399.4333332658234,0.0,0.0,1669.364307988257,-2398.4333332658234,,
2026-09-20,24,2026-09-20T10:30:00Z,2026-09-21T11:14:33Z,-2.81,-2.81,False,N,0.0,-666.4044157035205,0.0,0.0,-2.81,0.0,1736.2622509056832,-2402.6122560841104,0.0,0.0,1736.2622509056832,-2401.6122560841104,,
2026-09-20,25,2026-09-20T11:00:00Z,2026-09-21T11:44:29Z,-16.21,-16.21,False,N,0.0,-1046.9714302777777,0.0,0.0,-16.21,1.0,1259.3499991269814,-2305.9000020436483,0.0,0.0,1259.3499991269814,-2304.9000020436483,,
2026-09-20,26,2026-09-20T11:30:00Z,2026-09-21T12:14:29Z,-4.51999999999999,-4.51999999999999,False,N,0.0,-1005.3920633333333,0.0,0.0,-4.52,0.0,1243.22833375,-2248.2166666666667,0.0,0.0,1243.22833375,-2247.2166666666667,,
2026-09-20,27,2026-09-20T12:00:00Z,2026-09-21T12:46:44Z,-19.62394480562841,-19.62394480562841,False,N,0.0,-782.3633315277777,0.0,0.0,-19.23,1.0,1463.7616684722223,-2246.233333333333,0.0,0.0,1463.7616684722223,-2245.233333333333,,
2026-09-20,28,2026-09-20T12:30:00Z,2026-09-21T13:14:38Z,-25.50959109496462,-25.50959109496462,False,N,0.0,-1104.0918609722223,0.0,0.0,-25.320333333333334,1.0,1242.5000033333333,-2346.87334375,0.0,0.0,1242.5000033333333,-2345.87334375,,
2026-09-20,29,2026-09-20T13:00:00Z,2026-09-21T13:44:56Z,-49.89999999999999,-49.89999999999999,False,N,0.0,-1386.7454283333334,0.0,0.0,,,1244.9180988888888,-2632.2508883333335,0.0,0.0,1244.9180988888888,-2631.2508883333335,,
2026-09-20,30,2026-09-20T13:30:00Z,2026-09-21T14:14:37Z,-50.0,-50.0,False,N,0.0,-1481.4888218813132,0.0,0.0,-50.0,1.0,1345.4991688888888,-2826.8707413257575,0.0,0.0,1345.4991688888888,-2825.8707413257575,,
2026-09-20,31,2026-09-20T14:00:00Z,2026-09-21T14:44:22Z,-30.83999999999999,-30.83999999999999,False,N,0.0,-900.1563723594714,0.0,0.0,-30.84,1.0,1544.7916671759274,-2445.063150341005,0.0,0.0,1544.7916671759274,-2444.063150341005,,
2026-09-20,32,2026-09-20T14:30:00Z,2026-09-21T15:14:37Z,-30.0,-30.0,False,N,0.0,-943.9378339790379,0.0,0.0,-30.0,1.0,1498.4290624839189,-2442.664988049919,0.0,0.0,1498.4290624839189,-2441.664988049919,,
2026-09-20,33,2026-09-20T15:00:00Z,2026-09-21T15:44:24Z,-19.03,-19.03,False,N,0.0,-975.8785551776775,0.0,0.0,-19.03,0.0,1394.0797781818114,-2370.2250003237505,0.0,0.0,1394.0797781818114,-2369.2250003237505,,
2026-09-20,34,2026-09-20T15:30:00Z,2026-09-21T16:14:25Z,38.18999999999999,38.18999999999999,False,N,0.0,-406.9811321700748,0.0,0.0,38.19,0.0,1949.055812897816,-2355.8642846075863,0.0,0.0,1949.055812897816,-2354.8642846075863,,
2026-09-20,35,2026-09-20T16:00:00Z,2026-09-21T16:44:24Z,10.0,10.0,False,N,0.0,-374.73288755131364,0.0,0.0,10.0,1.0,1724.4173902264642,-2099.1419444444446,0.0,0.0,1724.4173902264642,-2098.1419444444446,,
2026-09-20,36,2026-09-20T16:30:00Z,2026-09-21T17:14:24Z,170.0,170.0,False,P,0.0,215.19799262626262,0.0,0.0,,,2099.2217138596575,-1883.5541386788195,0.0,0.0,2098.2217138596575,-1883.5541386788195,,
2026-09-20,37,2026-09-20T17:00:00Z,2026-09-21T17:44:25Z,200.0,200.0,False,P,0.0,454.4266801322751,0.0,0.0,,,2241.071406283069,-1786.5955159126984,0.0,0.0,2240.071406283069,-1786.5955159126984,,
2026-09-20,38,2026-09-20T17:30:00Z,2026-09-21T18:14:25Z,210.0,210.0,False,P,0.0,426.0353624206349,0.0,0.0,,,2235.0511957539684,-1809.8558333333333,0.0,0.0,2234.0511957539684,-1809.8558333333333,,
2026-09-20,39,2026-09-20T18:00:00Z,2026-09-21T18:44:39Z,170.0,170.0,False,P,0.0,246.0169459385707,0.0,0.0,,,2152.7629281250984,-1907.2688297150812,0.0,0.0,2151.7629281250984,-1907.2688297150812,,
2026-09-20,40,2026-09-20T18:30:00Z,2026-09-21T19:14:25Z,214.57,214.57,False,P,0.0,383.72643347943426,0.0,0.0,,,2004.6717745733627,-1620.6736708409958,0.0,0.0,2003.6717745733627,-1620.6736708409958,,
2026-09-20,41,2026-09-20T19:00:00Z,2026-09-21T19:44:28Z,225.0,225.0,False,P,0.0,529.133539265873,0.0,0.0,,,1875.1520547025857,-1345.8570259126984,0.0,0.0,1874.1520547025857,-1345.8570259126984,,
2026-09-20,42,2026-09-20T19:30:00Z,2026-09-21T20:14:25Z,225.0,225.0,False,P,0.0,425.953373015873,0.0,0.0,,,1624.3380952380953,-1198.6180555555557,0.0,0.0,1623.3380952380953,-1198.6180555555557,,
2026-09-20,43,2026-09-20T20:00:00Z,2026-09-21T20:44:23Z,233.0,233.0,False,P,0.0,615.651942948718,0.0,0.0,,,1509.6977762820513,-893.9959333333334,0.0,0.0,1508.6977762820513,-893.9959333333334,,
2026-09-20,44,2026-09-20T20:30:00Z,2026-09-21T21:14:26Z,233.0,233.0,False,P,0.0,232.77480024572648,0.0,0.0,,,1039.4035042735043,-807.3836155555556,0.0,0.0,1038.4035042735043,-807.3836155555556,,
2026-09-20,45,2026-09-20T21:00:00Z,2026-09-21T21:44:25Z,233.0,233.0,False,P,0.0,212.10452410223056,0.0,0.0,,,825.0149180206023,-613.4383776494417,0.0,0.0,824.0149180206023,-613.4383776494417,,
2026-09-20,46,2026-09-20T21:30:00Z,2026-09-21T22:14:27Z,233.0,233.0,False,P,0.0,24.121075841214786,0.0,0.0,,,529.9794871794871,-506.67046510811366,0.0,0.0,528.9794871794871,-506.67046510811366,,
2026-09-20,47,2026-09-20T22:00:00Z,2026-09-21T22:45:00Z,132.0,132.0,False,N,0.0,-5.053366175213675,0.0,0.0,,,301.4175926388889,-424.5583661752137,0.0,117.5,301.4175926388889,-423.5583661752137,,117.5
2026-09-20,48,2026-09-20T22:30:00Z,2026-09-21T23:14:26Z,125.1,125.1,False,N,0.0,-114.91453152777778,0.0,0.0,,,238.8842598611111,-471.83425902777776,0.0,117.5,238.8842598611111,-470.83425902777776,,117.5
2026-09-21,1,2026-09-20T23:00:00Z,2026-09-21T23:44:29Z,125.1,125.1,False,N,0.0,-119.15305888888889,0.0,0.0,,,239.08333333333334,-476.2388944343059,0.0,117.5,239.08333333333334,-475.2388944343059,,117.5
2026-09-21,2,2026-09-20T23:30:00Z,2026-09-22T00:18:02Z,125.1,125.1,False,N,0.0,-195.97613978632478,0.0,0.0,,,238.65000076923076,-552.3766703418803,0.0,117.5,238.65000076923076,-551.3766703418803,,117.5
2026-09-21,3,2026-09-21T00:00:00Z,2026-09-22T00:44:26Z,125.10999999999999,125.10999999999999,False,N,0.0,-33.41666625,0.0,0.0,,,238.0,-389.97666833333335,0.0,117.5,238.0,-388.97666833333335,,117.5
2026-09-21,4,2026-09-21T00:30:00Z,2026-09-22T01:15:06Z,125.1,125.1,False,N,0.0,-198.17839019638888,0.0,0.0,,,238.38785636925925,-554.2982699494908,0.0,117.5,238.38785636925925,-553.2982699494908,,117.5
2026-09-21,5,2026-09-21T01:00:00Z,2026-09-22T01:44:27Z,122.34,122.34,False,N,0.0,-241.53541652777778,0.0,0.0,,,238.0,-597.3041665277777,0.0,117.5,238.0,-596.3041665277777,,117.5
2026-09-21,6,2026-09-21T01:30:00Z,2026-09-22T02:16:35Z,125.10999999999999,125.10999999999999,False,N,0.0,-75.23551634920635,0.0,0.0,,,238.0,-431.2269896825397,0.0,117.5,238.0,-430.2269896825397,,117.5
2026-09-21,7,2026-09-21T02:00:00Z,2026-09-22T02:44:52Z,238.0,238.0,False,P,0.0,176.52035123015872,0.0,0.0,,,238.31666666666666,-180.20664918650795,0.0,117.5,237.31666666666666,-180.20664918650795,,117.5
2026-09-21,8,2026-09-21T02:30:00Z,2026-09-22T03:14:43Z,141.32,141.32,False,P,0.0,22.774852916666667,0.0,0.0,141.32,0.0,238.00208402777778,-332.9333315277778,0.0,117.5,237.00208402777778,-332.9333315277778,,117.5
2026-09-21,9,2026-09-21T03:00:00Z,2026-09-22T03:44:29Z,114.43191603067228,114.43191603067228,False,N,0.0,-268.75602555555554,0.0,0.0,,,238.0013888888889,-624.5402716666666,0.0,117.5,238.0013888888889,-623.5402716666666,,117.5
2026-09-21,10,2026-09-21T03:30:00Z,2026-09-22T04:14:45Z,130.0,130.0,False,P,0.0,23.31773396062271,0.0,0.0,130.0,0.16666666666666666,238.21342963261648,-333.4253881227106,0.0,117.5,237.21342963261648,-333.4253881227106,,117.5
2026-09-21,11,2026-09-21T04:00:00Z,2026-09-22T04:44:23Z,238.0,238.0,False,P,0.0,38.384953508409154,0.0,0.0,,,240.5225806451613,-320.92910935897436,0.0,117.5,239.5225806451613,-320.92910935897436,,117.5
2026-09-21,12,2026-09-21T04:30:00Z,2026-09-22T05:14:32Z,125.29999999999998,125.29999999999998,False,N,0.0,-197.11591499999602,0.0,0.0,,,245.05000188491667,-559.9742483333293,0.0,117.5,245.05000188491667,-558.9742483333293,,117.5
2026-09-21,13,2026-09-21T05:00:00Z,2026-09-22T05:44:26Z,238.0,238.0,False,P,0.0,18.379928055555556,0.0,0.0,,,262.7583363888889,-362.2208302777778,0.0,117.5,261.7583363888889,-362.2208302777778,,117.5
2026-09-21,14,2026-09-21T05:30:00Z,2026-09-22T06:14:27Z,238.0,238.0,False,P,0.0,91.92928805555556,0.0,0.0,,,255.2,-281.65000305555554,0.0,117.5,254.2,-281.65000305555554,,117.5
2026-09-21,15,2026-09-21T06:00:00Z,2026-09-22T06:44:27Z,238.0,238.0,False,P,0.0,68.6573637145749,0.0,0.0,,,344.13282302013045,-276.10512222559606,0.0,0.0,343.13282302013045,-276.10512222559606,,
2026-09-21,16,2026-09-21T06:30:00Z,2026-09-22T07:14:27Z,238.0,238.0,False,P,0.0,31.6373074498187,0.0,0.0,,,392.0652033152033,-360.6945625320513,0.0,0.0,391.0652033152033,-360.6945625320513,,
2026-09-21,17,2026-09-21T07:00:00Z,2026-09-22T07:44:23Z,158.94,158.94,False,N,0.0,-10.9170276003626,0.0,0.0,,,350.0291245791246,-361.22531884615387,0.0,0.0,350.0291245791246,-360.22531884615387,,
2026-09-21,18,2026-09-21T07:30:00Z,2026-09-22T08:14:36Z,238.0,238.0,False,P,0.0,143.6757575757576,0.0,0.0,,,301.53409090909093,-157.93333333333334,0.0,0.0,300.53409090909093,-157.93333333333334,,
2026-09-21,19,2026-09-21T08:00:00Z,2026-09-22T08:44:26Z,238.0,238.0,False,P,0.0,234.17833875,0.0,0.0,,,335.4583333333333,-101.58832791666667,0.0,0.0,334.4583333333333,-101.58832791666667,,
2026-09-21,20,2026-09-21T08:30:00Z,2026-09-22T09:14:26Z,238.0,238.0,False,P,0.0,16.69555111111111,0.0,0.0,,,375.5,-359.01694888888886,0.0,0.0,374.5,-359.01694888888886,,
2026-09-21,21,2026-09-21T09:00:00Z,2026-09-22T09:44:24Z,145.0,145.0,False,N,0.0,-3.9505582788671023,0.0,0.0,,,222.86666666666667,-226.83597494553376,0.0,0.0,222.86666666666667,-225.83597494553376,,
2026-09-21,22,2026-09-21T09:30:00Z,2026-09-22T10:14:22Z,189.0,189.0,False,P,0.0,31.9264592161651,0.0,0.0,,,211.33333333333334,-180.12076300605713,0.0,0.0,210.33333333333334,-180.12076300605713,,
2026-09-21,23,2026-09-21T10:00:00Z,2026-09-22T10:44:25Z,132.06,132.06,False,N,0.0,-137.89497280422816,0.0,0.0,,,395.16666782406946,-533.2968246097837,0.0,0.0,395.16666782406946,-532.2968246097837,,
2026-09-21,24,2026-09-21T10:30:00Z,2026-09-22T11:14:28Z,126.0,126.0,False,N,0.0,-160.04374638888888,0.0,0.0,,,443.53333694444444,-603.4254166666667,0.0,0.0,443.53333694444444,-602.4254166666667,,
2026-09-21,25,2026-09-21T11:00:00Z,2026-09-22T11:44:28Z,181.0,181.0,False,P,0.0,39.79543974537847,0.0,0.0,,,474.44167697954134,-435.00895136847697,0.0,0.0,473.44167697954134,-435.00895136847697,,
2026-09-21,26,2026-09-21T11:30:00Z,2026-09-22T12:14:22Z,189.0,189.0,False,P,0.0,204.89138875,0.0,0.0,,,445.35833333333335,-240.67277791666666,0.0,0.0,444.35833333333335,-240.67277791666666,,
2026-09-21,27,2026-09-21T12:00:00Z,2026-09-22T12:44:27Z,239.0,239.0,False,P,0.0,395.2374994047619,0.0,0.0,,,510.0,-115.3744055952381,0.0,0.0,509.0,-115.3744055952381,,
2026-09-21,28,2026-09-21T12:30:00Z,2026-09-22T13:14:28Z,189.0,189.0,False,P,0.0,15.525475006157636,0.0,0.0,,,518.3083333333333,-503.42195346606456,0.0,0.0,517.3083333333333,-503.42195346606456,,
2026-09-21,29,2026-09-21T13:00:00Z,2026-09-22T13:44:24Z,126.0,126.0,False,N,0.0,-111.81837158057573,0.0,0.0,,,568.3003813559322,-680.8995693253968,0.0,0.0,568.3003813559322,-679.8995693253968,,
2026-09-21,30,2026-09-21T13:30:00Z,2026-09-22T14:14:23Z,137.46,137.46,False,N,0.0,-8.753466998959329,0.0,0.0,,,618.0475017104817,-626.8634674962891,0.0,0.0,618.0475017104817,-625.8634674962891,,
2026-09-21,31,2026-09-21T14:00:00Z,2026-09-22T14:44:23Z,126.0,126.0,False,N,0.0,-173.6516822658398,0.0,0.0,,,529.6788855910476,-703.6818698168315,0.0,0.0,529.6788855910476,-702.6818698168315,,
2026-09-21,32,2026-09-21T14:30:00Z,2026-09-22T15:14:30Z,125.4,125.4,False,N,0.0,-296.4157632356493,0.0,0.0,,,408.4092346810173,-704.8416626388889,0.0,0.0,408.4092346810173,-703.8416626388889,,
2026-09-21,33,2026-09-21T15:00:00Z,2026-09-22T15:44:22Z,119.0,119.0,False,N,0.0,-293.0224765942029,0.0,0.0,119.0,1.0,535.5974743978605,-829.0657840476191,0.0,0.0,535.5974743978605,-828.0657840476191,,
2026-09-21,34,2026-09-21T15:30:00Z,2026-09-22T16:14:20Z,126.0,126.0,False,N,0.0,-188.89473234265412,0.0,0.0,,,786.6691611295681,-976.7193298611111,0.0,0.0,786.6691611295681,-975.7193298611111,,
2026-09-21,35,2026-09-21T16:00:00Z,2026-09-22T16:44:27Z,139.6,139.6,False,N,0.0,-9.153113037546095,0.0,0.0,,,956.6002750993102,-967.0238343987128,0.0,0.0,956.6002750993102,-966.0238343987128,,
2026-09-21,36,2026-09-21T16:30:00Z,2026-09-22T17:14:23Z,135.55888891136019,135.55888891136019,False,N,0.0,-513.318626984219,0.0,0.0,135.6975,1.0,827.7516604774497,-1342.2483397164317,0.0,0.0,827.7516604774497,-1341.2483397164317,,
2026-09-21,37,2026-09-21T17:00:00Z,2026-09-22T17:44:23Z,176.75,176.75,False,N,0.0,-102.7513576010101,0.0,0.0,,,1191.031976010101,-1294.3750002777779,0.0,0.0,1191.031976010101,-1293.3750002777779,,
2026-09-21,38,2026-09-21T17:30:00Z,2026-09-22T18:14:29Z,235.0,235.0,False,P,0.0,25.013554463554463,0.0,0.0,,,1362.471490971491,-1337.175,0.0,0.0,1361.471490971491,-1337.175,,
2026-09-21,39,2026-09-21T18:00:00Z,2026-09-22T18:44:22Z,155.72,155.72,False,N,0.0,-106.95386382024883,0.0,0.0,,,1172.0891917353067,-1278.9083333333333,0.0,0.0,1172.0891917353067,-1277.9083333333333,,
2026-09-21,40,2026-09-21T18:30:00Z,2026-09-22T19:14:23Z,154.8,154.8,False,N,0.0,-67.919743755005,0.0,0.0,,,1185.0654591082427,-1252.3277814423077,0.0,0.0,1185.0654591082427,-1251.3277814423077,,
2026-09-21,41,2026-09-21T19:00:00Z,2026-09-22T19:44:22Z,155.83,155.83,False,N,0.0,-2.2908657023532024,0.0,0.0,,,1275.5951583254246,-1277.2005672905004,0.0,0.0,1275.5951583254246,-1276.2005672905004,,
2026-09-21,42,2026-09-21T19:30:00Z,2026-09-22T20:14:27Z,127.45,127.45,False,N,0.0,-56.214454623015875,0.0,0.0,,,1236.464434265873,-1292.6954166666667,0.0,0.0,1236.464434265873,-1291.6954166666667,,
2026-09-21,43,2026-09-21T20:00:00Z,2026-09-22T20:44:22Z,182.5,182.5,False,N,0.0,-242.64449666666667,0.0,0.0,182.5,0.0,928.6452481730769,-1170.3433389102563,0.0,0.0,928.6452481730769,-1169.3433389102563,,
2026-09-21,44,2026-09-21T20:30:00Z,2026-09-22T21:14:25Z,162.85,162.85,False,N,0.0,-306.84775307701534,0.0,0.0,162.85,0.0,874.7212180340957,-1180.7764037286524,0.0,0.0,874.7212180340957,-1179.7764037286524,,
2026-09-21,45,2026-09-21T21:00:00Z,2026-09-22T21:44:30Z,187.5,187.5,False,P,0.0,31.227847485380117,0.0,0.0,,,1030.7640280409357,-999.105,0.0,0.0,1029.7640280409357,-999.105,,
2026-09-21,46,2026-09-21T21:30:00Z,2026-09-22T22:14:24Z,126.5,126.5,False,N,0.0,-184.4489839680909,0.0,0.0,126.5,1.0,710.1880254763536,-894.5974766526341,0.0,0.0,710.1880254763536,-893.5974766526341,,
2026-09-21,47,2026-09-21T22:00:00Z,2026-09-22T22:44:36Z,139.3,139.3,False,N,0.0,-126.69416666666666,0.0,0.0,139.3,0.0,645.5891666666666,-772.15,0.0,0.0,645.5891666666666,-771.15,,
2026-09-21,48,2026-09-21T22:30:00Z,2026-09-22T23:14:34Z,176.961226433552,176.961226433552,False,P,0.0,82.26598902777778,0.0,0.0,,,730.5203695833334,-648.6787027777777,0.0,0.0,729.5203695833334,-648.6787027777777,,
2026-09-22,1,2026-09-21T23:00:00Z,2026-09-22T23:44:38Z,169.87,169.87,False,P,0.0,52.09916489920346,0.0,0.0,,,724.1647872404733,-671.673106547619,0.0,0.0,723.1647872404733,-671.673106547619,,
2026-09-22,2,2026-09-21T23:30:00Z,2026-09-23T00:14:37Z,139.68,139.68,False,N,0.0,-77.93500073412699,0.0,0.0,139.68,0.0,544.839999265873,-622.6209526984127,0.0,0.0,544.839999265873,-621.6209526984127,,
2026-09-22,3,2026-09-22T00:00:00Z,2026-09-23T00:44:33Z,158.67,158.67,False,P,0.0,19.352387260097224,0.0,0.0,,,622.3421242045416,-602.4921390656527,0.0,0.0,621.3421242045416,-602.4921390656527,,
2026-09-22,4,2026-09-22T00:30:00Z,2026-09-23T01:14:37Z,123.32999999999998,123.32999999999998,False,N,0.0,-194.34362319444443,0.0,0.0,123.33,1.0,465.8499973611111,-659.775,0.0,0.0,465.8499973611111,-658.775,,
2026-09-22,5,2026-09-22T01:00:00Z,2026-09-23T01:44:42Z,126.5,126.5,False,N,0.0,-130.92296338870105,0.0,0.0,126.5,1.0,483.7321710557434,-613.9333651525579,0.0,0.0,483.7321710557434,-612.9333651525579,,
2026-09-22,6,2026-09-22T01:30:00Z,2026-09-23T02:15:54Z,165.25,165.25,False,P,0.0,42.15250864424516,0.0,0.0,,,682.0066741055158,-640.0150011178363,0.0,0.0,681.0066741055158,-640.0150011178363,,
2026-09-22,7,2026-09-22T02:00:00Z,2026-09-23T02:45:04Z,126.2,126.2,False,N,0.0,-247.68333333333334,0.0,0.0,126.2,1.0,286.0416666666667,-533.725,0.0,0.0,286.0416666666667,-532.725,,
2026-09-22,8,2026-09-22T02:30:00Z,2026-09-23T03:14:35Z,126.29438744760238,126.29438744760238,False,N,0.0,-195.01739110060691,0.0,0.0,126.3775,1.0,331.2446088993931,-526.112,0.0,0.0,331.2446088993931,-525.112,,
2026-09-22,9,2026-09-22T03:00:00Z,2026-09-23T03:44:35Z,157.67,157.67,False,P,0.0,14.412624246031745,0.0,0.0,,,475.2726636904762,-460.2402777777778,0.0,0.0,474.2726636904762,-460.2402777777778,,
2026-09-22,10,2026-09-22T03:30:00Z,2026-09-23T04:14:33Z,184.20851041290138,184.20851041290138,False,P,0.0,187.2408563690476,0.0,0.0,,,714.9332674801587,-527.328805922619,0.0,0.0,713.9332674801587,-527.328805922619,,
2026-09-22,11,2026-09-22T04:00:00Z,2026-09-23T04:44:58Z,190.0,190.0,False,P,0.0,128.53433591498043,0.0,0.0,,,700.026652910037,-571.2602103283567,0.0,0.0,699.026652910037,-571.2602103283567,,
2026-09-22,12,2026-09-22T04:30:00Z,2026-09-23T05:14:34Z,152.57,152.57,False,N,0.0,-181.3315948611111,0.0,0.0,152.57,0.0,442.67222458333333,-623.7833333333333,0.0,0.0,442.67222458333333,-622.7833333333333,,
2026-09-22,13,2026-09-22T05:00:00Z,2026-09-23T05:44:32Z,138.0,138.0,False,N,0.0,-67.65832956565905,0.0,0.0,,,362.12500279011726,-880.1749867372306,0.0,450.0,362.12500279011726,-879.1749867372306,,450.0
2026-09-22,14,2026-09-22T05:30:00Z,2026-09-23T06:14:33Z,140.94,140.94,False,N,0.0,-24.48415486111111,0.0,0.0,,,475.9345734126984,-950.7357619444444,0.0,450.0,475.9345734126984,-949.7357619444444,,450.0
2026-09-22,15,2026-09-22T06:00:00Z,2026-09-23T06:44:35Z,141.67682118661966,141.67682118661966,False,N,0.0,-8.992732407407408,0.0,0.0,,,428.0072675925926,-1186.866985925926,0.0,750.0,428.0072675925926,-1185.866985925926,,750.0
2026-09-22,16,2026-09-22T06:30:00Z,2026-09-23T07:14:33Z,138.0,138.0,False,N,0.0,-63.79027902777778,0.0,0.0,,,412.08749875,-1225.8916666666667,0.0,750.0,412.08749875,-1224.8916666666667,,750.0
2026-09-22,17,2026-09-22T07:00:00Z,2026-09-23T07:44:39Z,150.92,150.92,False,N,0.0,-504.04583333333335,0.0,0.0,150.92,0.0,410.5995833333333,-914.54375,0.0,0.0,410.5995833333333,-913.54375,,
2026-09-22,18,2026-09-22T07:30:00Z,2026-09-23T08:15:00Z,150.12,150.12,False,N,0.0,-546.2833333333333,0.0,0.0,150.12,0.0,389.475,-935.7416666666667,0.0,0.0,389.475,-934.7416666666667,,
2026-09-22,19,2026-09-22T08:00:00Z,2026-09-23T08:44:39Z,133.27,133.27,False,N,0.0,-670.8298066666666,0.0,0.0,133.27,0.0,241.8416677777778,-912.4291666666667,0.0,0.0,241.8416677777778,-911.4291666666667,,
2026-09-22,20,2026-09-22T08:30:00Z,2026-09-23T09:16:31Z,127.12,127.12,False,N,0.0,-531.1357123232323,0.0,0.0,127.12,1.0,344.33333166666665,-875.3787878787879,0.0,0.0,344.33333166666665,-874.3787878787879,,
2026-09-22,21,2026-09-22T09:00:00Z,2026-09-23T09:44:33Z,127.12,127.12,False,N,0.0,-724.2399819624819,0.0,0.0,127.12,1.0,309.2503968253968,-1033.4903787878789,0.0,0.0,309.2503968253968,-1032.4903787878789,,
2026-09-22,22,2026-09-22T09:30:00Z,2026-09-23T10:14:30Z,127.12,127.12,False,N,0.0,-705.3987405926018,0.0,0.0,127.12,1.0,71.53229578907204,-776.9560375568875,0.0,0.0,71.53229578907204,-775.9560375568875,,
2026-09-22,23,2026-09-22T10:00:00Z,2026-09-23T10:44:40Z,105.5,105.5,False,N,0.0,-589.6365079365079,0.0,0.0,105.5,1.0,6.525,-596.0698412698413,0.0,0.0,6.525,-595.0698412698413,,
2026-09-22,24,2026-09-22T10:30:00Z,2026-09-23T11:14:30Z,105.5,105.5,False,N,0.0,-903.6430644551282,0.0,0.0,105.5,1.0,0.18823449074074075,-904.0571186217949,0.0,0.0,0.18823449074074075,-903.0571186217949,,
2026-09-22,25,2026-09-22T11:00:00Z,2026-09-23T11:44:34Z,103.04550078624578,103.04550078624578,False,N,0.0,-625.7670726495727,0.0,0.0,103.64016666666667,1.0,1.715,-627.7920729273504,0.0,0.0,1.715,-626.7920729273504,,
2026-09-22,26,2026-09-22T11:30:00Z,2026-09-23T12:14:19Z,105.0,105.0,False,N,0.0,-472.641029040404,0.0,0.0,105.0,1.0,0.0,-472.96602904040407,0.0,0.0,0.0,-471.96602904040407,,
2026-09-22,27,2026-09-22T12:00:00Z,2026-09-23T12:44:24Z,109.0,109.0,False,N,0.0,-415.0098692833507,0.0,0.0,,,4.425004027777778,-419.40739289446185,0.0,0.0,4.425004027777778,-418.40739289446185,,
2026-09-22,28,2026-09-22T12:30:00Z,2026-09-23T13:14:37Z,109.0,109.0,False,N,0.0,-455.5701179262452,0.0,0.0,109.0,1.0,0.011111111111111112,-455.92387862068966,0.0,0.0,0.011111111111111112,-454.92387862068966,,
2026-09-22,29,2026-09-22T13:00:00Z,2026-09-23T13:44:39Z,109.0,109.0,False,N,0.0,-341.2712991269841,0.0,0.0,,,36.18333333333333,-378.4528096825397,0.0,0.0,36.18333333333333,-377.4528096825397,,
2026-09-22,30,2026-09-22T13:30:00Z,2026-09-23T14:14:56Z,111.2,111.2,False,N,0.0,-97.30369083333333,0.0,0.0,,,118.89999972222222,-215.9775,0.0,0.0,118.89999972222222,-214.9775,,
2026-09-22,31,2026-09-22T14:00:00Z,2026-09-23T14:44:24Z,111.0,111.0,False,N,0.0,-211.58047316137566,0.0,0.0,,,128.5416663888889,-339.7888062169312,0.0,0.0,128.5416663888889,-338.7888062169312,,
2026-09-22,32,2026-09-22T14:30:00Z,2026-09-23T15:14:22Z,111.0,111.0,False,N,0.0,-411.05245973389356,0.0,0.0,,,219.33333333333334,-630.3857930672269,0.0,0.0,219.33333333333334,-629.3857930672269,,
2026-09-22,33,2026-09-22T15:00:00Z,2026-09-23T15:44:21Z,293.0,293.0,False,P,0.0,73.69525210084034,0.0,0.0,,,298.8983333333333,-225.56974901027078,0.0,0.0,297.8983333333333,-225.56974901027078,,
2026-09-22,34,2026-09-22T15:30:00Z,2026-09-23T16:14:24Z,293.0,293.0,False,P,0.0,104.20565517857143,0.0,0.0,,,377.4416669444444,-274.32142898809525,0.0,0.0,376.4416669444444,-274.32142898809525,,
2026-09-22,35,2026-09-22T16:00:00Z,2026-09-23T16:45:14Z,146.48,146.48,False,N,0.0,-21.117034503968252,0.0,0.0,,,335.968253968254,-357.4500106944445,0.0,0.0,335.968253968254,-356.4500106944445,,
2026-09-22,36,2026-09-22T16:30:00Z,2026-09-23T17:15:08Z,155.44,155.44,False,N,0.0,-117.92342959820833,0.0,0.0,,,332.00002140376387,-450.65835070931945,0.0,0.0,332.00002140376387,-449.65835070931945,,
2026-09-22,37,2026-09-22T17:00:00Z,2026-09-23T17:45:08Z,210.0,210.0,False,N,0.0,-56.79399108113011,0.0,0.0,,,340.13334690589255,-697.1416971922412,0.0,300.0,340.13334690589255,-696.1416971922412,,300.0
2026-09-22,38,2026-09-22T17:30:00Z,2026-09-23T18:14:52Z,190.0,190.0,False,N,0.0,-198.5676687281523,0.0,0.0,,,355.0666666885144,-853.9083370614857,0.0,300.0,355.0666666885144,-852.9083370614857,,300.0
2026-09-22,39,2026-09-22T18:00:00Z,2026-09-23T18:45:12Z,270.0953390166667,270.0953390166667,False,P,0.0,193.98780175019425,0.0,0.0,,,369.0003107070707,-475.3316510275835,0.0,300.0,369.0003107070707,-475.3316510275835,,299.0
2026-09-22,40,2026-09-22T18:30:00Z,2026-09-23T19:15:21Z,240.0,240.0,False,P,0.0,6.070027357503608,0.0,0.0,,,411.6583340909091,-705.9120087536076,0.0,300.0,410.6583340909091,-705.9120087536076,,300.0
2026-09-22,41,2026-09-22T19:00:00Z,2026-09-23T19:44:39Z,153.53,153.53,False,N,0.0,-188.31923410714285,0.0,0.0,,,376.10766666666666,-564.541032718254,0.0,0.0,376.10766666666666,-563.541032718254,,
2026-09-22,42,2026-09-22T19:30:00Z,2026-09-23T20:14:37Z,165.8,165.8,False,N,0.0,-27.904970819585053,0.0,0.0,,,248.85066923228345,-276.9956374862517,0.0,0.0,248.85066923228345,-275.9956374862517,,
2026-09-22,43,2026-09-22T20:00:00Z,2026-09-23T20:45:19Z,594.0,594.0,False,P,0.0,146.01665930555555,0.0,0.0,,,225.25833333333333,-79.85000736111111,0.0,0.0,224.25833333333333,-79.85000736111111,,
2026-09-22,44,2026-09-22T20:30:00Z,2026-09-23T21:14:30Z,127.35,127.35,False,N,0.0,-323.5666663888889,0.0,0.0,,,71.41666833333333,-394.98333305555553,0.0,0.0,71.41666833333333,-393.98333305555553,,
2026-09-22,45,2026-09-22T21:00:00Z,2026-09-23T21:44:22Z,126.5,126.5,False,N,0.0,-58.421103747029115,0.0,0.0,,,0.10000378787878787,-58.79777041369578,0.0,0.0,0.10000378787878787,-57.79777041369578,,
2026-09-22,46,2026-09-22T21:30:00Z,2026-09-23T22:14:28Z,126.5,126.5,False,N,0.0,-40.13333333333333,0.0,0.0,,,2.65,-42.78333333333333,0.0,0.0,2.65,-41.78333333333333,,
2026-09-22,47,2026-09-22T22:00:00Z,2026-09-23T22:44:22Z,222.85,222.85,False,P,0.0,70.375,0.0,0.0,,,122.89166666666667,-52.6,0.0,0.0,121.89166666666667,-52.6,,
2026-09-22,48,2026-09-22T22:30:00Z,2026-09-23T23:14:24Z,182.0,182.0,False,P,0.0,114.79479166666667,0.0,0.0,,,331.7916666666667,-217.03854166666667,0.0,0.0,330.7916666666667,-217.03854166666667,,
2026-09-23,1,2026-09-22T23:00:00Z,2026-09-23T23:44:23Z,179.45,179.45,False,P,0.0,50.095,0.0,0.0,,,266.5,-216.405,0.0,0.0,265.5,-216.405,,
2026-09-23,2,2026-09-22T23:30:00Z,2026-09-24T00:14:19Z,179.45,179.45,False,P,0.0,9.696568627450981,0.0,0.0,,,125.0,-115.97009803921569,0.0,0.0,124.0,-115.97009803921569,,
2026-09-23,3,2026-09-23T00:00:00Z,2026-09-24T00:44:23Z,178.45,178.45,False,P,0.0,39.204166666666666,0.0,0.0,,,125.0,-86.12083333333334,0.0,0.0,124.0,-86.12083333333334,,
2026-09-23,4,2026-09-23T00:30:00Z,2026-09-24T01:14:29Z,126.5,126.5,False,N,0.0,-82.32261890873016,0.0,0.0,,,47.291666666666664,-129.74761890873015,0.0,0.0,47.291666666666664,-128.74761890873015,,
2026-09-23,5,2026-09-23T01:00:00Z,2026-09-24T01:44:21Z,124.00500478145175,124.00500478145175,False,N,0.0,-76.11166666666666,0.0,0.0,,,5.716666666666667,-82.12,0.0,0.0,5.716666666666667,-81.12,,
2026-09-23,6,2026-09-23T01:30:00Z,2026-09-24T02:17:07Z,122.43,122.43,False,N,0.0,-109.57396,0.0,0.0,,,35.441665,-144.58333333333334,0.0,0.0,35.441665,-143.58333333333334,,
2026-09-23,7,2026-09-23T02:00:00Z,2026-09-24T02:45:01Z,178.95,178.95,False,P,0.0,229.18913543650794,0.0,0.0,,,569.5588372222222,-340.9874141468254,0.0,0.0,568.5588372222222,-340.9874141468254,,
2026-09-23,8,2026-09-23T02:30:00Z,2026-09-24T03:14:30Z,142.11,142.11,False,P,0.0,148.32500333333334,0.0,0.0,142.11,0.0,470.0083333333333,-321.8749966666667,0.0,0.0,469.0083333333333,-321.8749966666667,,
2026-09-23,9,2026-09-23T03:00:00Z,2026-09-24T03:44:25Z,126.6,126.6,False,N,0.0,-30.45705128205128,0.0,0.0,,,187.07500277777777,-218.0903873931624,0.0,0.0,187.07500277777777,-217.0903873931624,,
2026-09-23,10,2026-09-23T03:30:00Z,2026-09-24T04:14:20Z,117.01,117.01,False,N,0.0,-286.7702058484692,0.0,0.0,,,105.91554653679654,-392.73134071859903,0.0,0.0,105.91554653679654,-391.73134071859903,,
2026-09-23,11,2026-09-23T04:00:00Z,2026-09-24T04:44:20Z,117.02,117.02,False,N,0.0,-550.4337971632227,0.0,0.0,,,178.41497716694658,-1029.4925203396879,0.0,300.0,178.41497716694658,-1028.4925203396879,,300.0
2026-09-23,12,2026-09-23T04:30:00Z,2026-09-24T05:14:38Z,117.01,117.01,False,N,0.0,-927.5231326958525,0.0,0.0,,,311.4073529390681,-1539.0555406812168,0.0,300.0,311.4073529390681,-1538.0555406812168,,300.0
2026-09-23,13,2026-09-23T05:00:00Z,2026-09-24T05:44:28Z,118.1,118.1,False,N,0.0,-356.10131237244235,0.0,0.0,,,352.87778127264664,-1459.5252012613312,0.0,750.0,352.87778127264664,-1458.5252012613312,,750.0
2026-09-23,14,2026-09-23T05:30:00Z,2026-09-24T06:14:23Z,206.0,206.0,False,P,0.0,227.8566836904762,0.0,0.0,,,381.2916673015873,-904.0216496428571,0.0,750.0,381.2916673015873,-904.0216496428571,,749.0
2026-09-23,15,2026-09-23T06:00:00Z,2026-09-24T06:44:25Z,194.8,194.8,False,P,0.0,289.99414141414144,0.0,0.0,,,353.90833333333336,-813.8530808080808,0.0,750.0,353.90833333333336,-813.8530808080808,,749.0
2026-09-23,16,2026-09-23T06:30:00Z,2026-09-24T07:14:25Z,196.44,196.44,False,P,0.0,476.5905044725444,0.0,0.0,,,353.87916666666666,-626.679316579043,0.0,750.0,353.87916666666666,-626.679316579043,,749.0
2026-09-23,17,2026-09-23T07:00:00Z,2026-09-24T07:44:24Z,117.02,117.02,False,N,0.0,-344.7565968338158,0.0,0.0,,,378.1333218605006,-721.6662680255039,0.0,0.0,378.1333218605006,-720.6662680255039,,
2026-09-23,18,2026-09-23T07:30:00Z,2026-09-24T08:14:22Z,105.54,105.54,False,N,0.0,-619.8674457824361,0.0,0.0,,,526.4260908333333,-1146.606054810214,0.0,0.0,526.4260908333333,-1145.606054810214,,
2026-09-23,19,2026-09-23T08:00:00Z,2026-09-24T08:44:51Z,105.53,105.53,False,N,0.0,-612.2695298651348,0.0,0.0,,,740.6236665538346,-1352.8734975415823,0.0,0.0,740.6236665538346,-1351.8734975415823,,
2026-09-23,20,2026-09-23T08:30:00Z,2026-09-24T09:14:31Z,96.93,96.93,False,N,0.0,-438.79854260531135,0.0,0.0,,,752.918335,-1192.5352784386446,0.0,0.0,752.918335,-1191.5352784386446,,
2026-09-23,21,2026-09-23T09:00:00Z,2026-09-24T09:44:26Z,90.16,90.16,False,N,0.0,-275.57492284721815,0.0,0.0,,,789.0368518518559,-1064.9489969212964,0.0,0.0,789.0368518518559,-1063.9489969212964,,
2026-09-23,22,2026-09-23T09:30:00Z,2026-09-24T10:14:27Z,90.0,90.0,False,N,0.0,-52.59536388888889,0.0,0.0,,,801.16,-854.2849829166666,0.0,0.0,801.16,-853.2849829166666,,
2026-09-23,23,2026-09-23T10:00:00Z,2026-09-24T10:44:45Z,179.9,179.9,False,P,0.0,222.55833333333334,0.0,0.0,,,761.1166666666667,-539.2666666666667,0.0,0.0,760.1166666666667,-539.2666666666667,,
2026-09-23,24,2026-09-23T10:30:00Z,2026-09-24T11:14:25Z,166.47,166.47,False,P,0.0,85.18745454665483,0.0,0.0,,,749.7858155892723,-664.3194260426175,0.0,0.0,748.7858155892723,-664.3194260426175,,
2026-09-23,25,2026-09-23T11:00:00Z,2026-09-24T11:44:32Z,166.47,166.47,False,P,0.0,258.8677777777778,0.0,0.0,,,764.6333329166666,-505.8580551388889,0.0,0.0,763.6333329166666,-505.8580551388889,,
2026-09-23,26,2026-09-23T11:30:00Z,2026-09-24T12:14:31Z,179.9,179.9,False,P,0.0,333.4630883336313,0.0,0.0,,,724.5000000017393,-391.4930581689611,0.0,0.0,723.5000000017393,-391.4930581689611,,
2026-09-23,27,2026-09-23T12:00:00Z,2026-09-24T12:44:32Z,179.9,179.9,False,P,0.0,306.00517958333336,0.0,0.0,,,746.1241666666666,-440.86251930555557,0.0,0.0,745.1241666666666,-440.86251930555557,,
2026-09-23,28,2026-09-23T12:30:00Z,2026-09-24T13:14:35Z,179.9,179.9,False,P,0.0,272.2026633064516,0.0,0.0,,,752.1829480286739,-480.0874979166667,0.0,0.0,751.1829480286739,-480.0874979166667,,
2026-09-23,29,2026-09-23T13:00:00Z,2026-09-24T13:44:34Z,182.5,182.5,False,P,0.0,488.229247889785,0.0,0.0,,,912.5721656170576,-424.8439495328283,0.0,0.0,911.5721656170576,-424.8439495328283,,
2026-09-23,30,2026-09-23T13:30:00Z,2026-09-24T14:14:28Z,179.9,179.9,False,P,0.0,316.4933483866701,0.0,0.0,,,1055.9146309867258,-739.4924673141774,0.0,0.0,1054.9146309867258,-739.4924673141774,,
2026-09-23,31,2026-09-23T14:00:00Z,2026-09-24T14:44:31Z,95.0,95.0,False,N,0.0,-440.24255334757805,0.0,0.0,,,1215.9507010654286,-1656.531325708689,0.0,0.0,1215.9507010654286,-1655.531325708689,,
2026-09-23,32,2026-09-23T14:30:00Z,2026-09-24T15:15:17Z,88.0,88.0,False,N,0.0,-543.3766990156091,0.0,0.0,,,1319.323852190941,-1863.173561049087,0.0,0.0,1319.323852190941,-1862.173561049087,,
2026-09-23,33,2026-09-23T15:00:00Z,2026-09-24T15:44:31Z,110.0,110.0,False,N,0.0,-715.2370829968686,0.0,0.0,,,972.0015956964165,-1987.6046053788036,0.0,300.0,972.0015956964165,-1986.6046053788036,,300.0
2026-09-23,34,2026-09-23T15:30:00Z,2026-09-24T16:14:42Z,118.5,118.5,False,N,0.0,-315.2818195881896,0.0,0.0,,,676.6375008072988,-1293.38291537931,0.0,300.0,676.6375008072988,-1292.38291537931,,300.0
2026-09-23,35,2026-09-23T16:00:00Z,2026-09-24T16:44:30Z,196.53,196.53,False,P,0.0,134.0095874980067,0.0,0.0,,,634.8234238397426,-951.4837680575488,0.0,450.0,634.8234238397426,-951.4837680575488,,449.0
2026-09-23,36,2026-09-23T16:30:00Z,2026-09-24T17:14:22Z,147.73,147.73,False,N,0.0,-120.37970213059626,0.0,0.0,,,728.6364467611692,-1299.5630354639295,0.0,450.0,728.6364467611692,-1298.5630354639295,,450.0
2026-09-23,37,2026-09-23T17:00:00Z,2026-09-24T17:44:38Z,190.0,190.0,False,N,0.0,-44.11853631270543,0.0,0.0,,,755.5666776645919,-1550.3046222849277,0.0,750.0,755.5666776645919,-1549.3046222849277,,750.0
2026-09-23,38,2026-09-23T17:30:00Z,2026-09-24T18:14:33Z,221.91,221.91,False,P,0.0,227.17125498656085,0.0,0.0,,,777.3869876388889,-1300.5228759856614,0.0,750.0,777.3869876388889,-1300.5228759856614,,749.0
2026-09-23,39,2026-09-23T18:00:00Z,2026-09-24T18:44:28Z,149.01789801218706,149.01789801218706,False,N,0.0,-380.34949458333335,0.0,0.0,,,778.000000925926,-1158.944864861111,0.0,0.0,778.000000925926,-1157.944864861111,,
2026-09-23,40,2026-09-23T18:30:00Z,2026-09-24T19:14:26Z,120.0,120.0,False,N,0.0,-497.203350599839,0.0,0.0,,,568.0166668961352,-1065.2075172665056,0.0,0.0,568.0166668961352,-1064.2075172665056,,
2026-09-23,41,2026-09-23T19:00:00Z,2026-09-24T19:44:37Z,121.0,121.0,False,N,0.0,-382.96608447870653,0.0,0.0,,,568.2212636904762,-951.5316931691827,0.0,0.0,568.2212636904762,-950.5316931691827,,
2026-09-23,42,2026-09-23T19:30:00Z,2026-09-24T20:14:25Z,131.93,131.93,False,N,0.0,-332.6309573931624,0.0,0.0,,,661.4200327777778,-994.4312564209401,0.0,0.0,661.4200327777778,-993.4312564209401,,
2026-09-23,43,2026-09-23T20:00:00Z,2026-09-24T20:44:29Z,131.93,131.93,False,N,0.0,-130.47189504315386,0.0,0.0,,,944.2821896465779,-1075.0797112931539,0.0,0.0,944.2821896465779,-1074.0797112931539,,
2026-09-23,44,2026-09-23T20:30:00Z,2026-09-24T21:14:48Z,121.0,121.0,False,N,0.0,-219.23786931878305,0.0,0.0,,,834.6738095238095,-1054.2783455092592,0.0,0.0,834.6738095238095,-1053.2783455092592,,
2026-09-23,45,2026-09-23T21:00:00Z,2026-09-24T21:44:28Z,195.0,195.0,False,P,0.0,16.88956550925926,0.0,0.0,,,835.5388888888889,-819.4954664351852,0.0,0.0,834.5388888888889,-819.4954664351852,,
2026-09-23,46,2026-09-23T21:30:00Z,2026-09-24T22:14:51Z,120.85,120.85,False,N,0.0,-31.370004928266177,0.0,0.0,,,742.5083347222222,-774.400758956044,0.0,0.0,742.5083347222222,-773.400758956044,,
2026-09-23,47,2026-09-23T22:00:00Z,2026-09-24T22:44:26Z,120.65,120.65,False,N,0.0,-238.2367724611037,0.0,0.0,,,934.1441655555556,-1173.030549683326,0.0,0.0,934.1441655555556,-1172.030549683326,,
2026-09-23,48,2026-09-23T22:30:00Z,2026-09-24T23:14:20Z,120.65,120.65,False,N,0.0,-96.12671716630592,0.0,0.0,,,768.8958363888889,-865.0600535551948,0.0,0.0,768.8958363888889,-864.0600535551948,,
2026-09-24,1,2026-09-23T23:00:00Z,2026-09-24T23:44:24Z,120.65,120.65,False,N,0.0,-108.29179292929292,0.0,0.0,,,716.1833333333333,-824.4751262626263,0.0,0.0,716.1833333333333,-823.4751262626263,,
2026-09-24,2,2026-09-23T23:30:00Z,2026-09-25T00:14:29Z,120.9,120.9,False,N,0.0,-49.45571581196581,0.0,0.0,,,533.6083333333333,-583.5057158119658,0.0,0.0,533.6083333333333,-582.5057158119658,,
2026-09-24,3,2026-09-24T00:00:00Z,2026-09-25T00:44:21Z,120.9,120.9,False,N,0.0,-78.6422077922078,0.0,0.0,,,555.1083333333333,-633.7505411255411,0.0,0.0,555.1083333333333,-632.7505411255411,,
2026-09-24,4,2026-09-24T00:30:00Z,2026-09-25T01:14:26Z,121.15,121.15,False,N,0.0,-61.37239057239057,0.0,0.0,,,542.375,-603.5390572390572,0.0,0.0,542.375,-602.5390572390572,,
2026-09-24,5,2026-09-24T01:00:00Z,2026-09-25T01:44:26Z,142.02,142.02,False,P,0.0,176.26729222643098,0.0,0.0,142.02,0.0,616.575,-474.4996905513468,0.0,33.33,615.575,-474.4996905513468,,33.33
2026-09-24,6,2026-09-24T01:30:00Z,2026-09-25T02:15:18Z,121.15,121.15,False,N,0.0,-105.31350527777778,0.0,0.0,,,528.775,-685.1877832575758,0.0,50.156,528.775,-684.1877832575758,,50.156
2026-09-24,7,2026-09-24T02:00:00Z,2026-09-25T02:44:31Z,121.15,121.15,False,N,0.0,-91.72080848544974,0.0,0.0,,,686.5416661143155,-829.1009175132275,0.0,50.344,686.5416661143155,-828.1009175132275,,50.344
2026-09-24,8,2026-09-24T02:30:00Z,2026-09-25T03:14:24Z,121.15,121.15,False,N,0.0,-123.04392054945055,0.0,0.0,,,604.730505952381,-762.0161747359584,0.0,33.67,604.730505952381,-761.0161747359584,,33.67
2026-09-24,9,2026-09-24T03:00:00Z,2026-09-25T03:44:22Z,143.37,143.37,False,P,0.0,190.9296626984127,0.0,0.0,143.37,0.0,648.025,-457.5453373015873,0.0,0.0,647.025,-457.5453373015873,,
2026-09-24,10,2026-09-24T03:30:00Z,2026-09-25T04:14:27Z,146.35,146.35,False,P,0.0,48.466619629629626,0.0,0.0,146.35,0.0,501.39125,-453.3375942592593,0.0,0.0,500.39125,-453.3375942592593,,
2026-09-24,11,2026-09-24T04:00:00Z,2026-09-25T04:44:23Z,125.55329185122758,125.55329185122758,False,N,0.0,-80.96035773148148,0.0,0.0,,,352.9795833333333,-434.0186910648148,0.0,0.0,352.9795833333333,-433.0186910648148,,
2026-09-24,12,2026-09-24T04:30:00Z,2026-09-25T05:14:25Z,209.0,209.0,False,P,0.0,25.476364470899473,0.0,0.0,,,388.52254101190476,-363.39220695767193,0.0,0.0,387.52254101190476,-363.39220695767193,,
2026-09-24,13,2026-09-24T05:00:00Z,2026-09-25T05:44:35Z,209.0,209.0,False,P,0.0,73.7747104100529,0.0,0.0,,,538.8562103753306,-465.4052036574074,0.0,0.0,537.8562103753306,-465.4052036574074,,
2026-09-24,14,2026-09-24T05:30:00Z,2026-09-25T06:14:22Z,165.42,165.42,False,P,0.0,4.434209565436211,0.0,0.0,,,731.4529397008058,-727.1641623081964,0.0,0.0,730.4529397008058,-727.1641623081964,,
2026-09-24,15,2026-09-24T06:00:00Z,2026-09-25T06:44:50Z,202.0,202.0,False,P,0.0,167.68098247804025,0.0,0.0,,,967.8349649758248,-800.3625057553604,0.0,0.0,966.8349649758248,-800.3625057553604,,
2026-09-24,16,2026-09-24T06:30:00Z,2026-09-25T07:14:20Z,202.0,202.0,False,P,0.0,146.67843081578943,0.0,0.0,,,764.1371342875486,-617.6116575160496,0.0,0.0,763.1371342875486,-617.6116575160496,,
2026-09-24,17,2026-09-24T07:00:00Z,2026-09-25T07:44:37Z,196.9,196.9,False,P,0.0,71.17597806721056,0.0,0.0,,,768.1874314005439,-696.7307937683438,0.0,0.0,767.1874314005439,-696.7307937683438,,
2026-09-24,18,2026-09-24T07:30:00Z,2026-09-25T08:14:34Z,196.9,196.9,False,P,0.0,76.45916666666666,0.0,0.0,,,795.9666666666667,-719.4241666666667,0.0,0.0,794.9666666666667,-719.4241666666667,,
2026-09-24,19,2026-09-24T08:00:00Z,2026-09-25T08:44:30Z,196.9,196.9,False,P,0.0,134.59498058756944,0.0,0.0,,,929.3666776510555,-794.2800079288334,0.0,0.0,928.3666776510555,-794.2800079288334,,
2026-09-24,20,2026-09-24T08:30:00Z,2026-09-25T09:14:23Z,196.9,196.9,False,P,0.0,144.88152979930888,0.0,0.0,,,1067.246002692239,-921.773658001018,0.0,0.0,1066.246002692239,-921.773658001018,,
2026-09-24,21,2026-09-24T09:00:00Z,2026-09-25T09:44:20Z,199.9,199.9,False,P,0.0,472.90936586805554,0.0,0.0,,,1495.6378526736112,-1023.2123227541879,0.0,0.0,1494.6378526736112,-1023.2123227541879,,
2026-09-24,22,2026-09-24T09:30:00Z,2026-09-25T10:14:26Z,196.0,196.0,False,P,0.0,259.52299125,0.0,0.0,,,1469.4981666666667,-1210.6995702777779,0.0,0.0,1468.4981666666667,-1210.6995702777779,,
2026-09-24,23,2026-09-24T10:00:00Z,2026-09-25T10:44:23Z,120.0,120.0,False,N,0.0,-43.84994833333333,0.0,0.0,,,1413.0,-1457.4701319444443,0.0,0.0,1413.0,-1456.4701319444443,,
2026-09-24,24,2026-09-24T10:30:00Z,2026-09-25T11:14:22Z,114.01,114.01,False,N,0.0,-110.23164791666666,0.0,0.0,,,1414.5166666666667,-1524.7733145833333,0.0,0.0,1414.5166666666667,-1523.7733145833333,,
2026-09-24,25,2026-09-24T11:00:00Z,2026-09-25T11:44:25Z,121.00680728333333,121.00680728333333,False,N,0.0,-19.344271666666668,0.0,0.0,,,1414.49,-1434.43498,0.0,0.0,1414.49,-1433.43498,,
2026-09-24,26,2026-09-24T11:30:00Z,2026-09-25T12:14:18Z,179.0,179.0,False,P,0.0,131.35181620155055,0.0,0.0,,,1460.0166693172316,-1329.2400042944369,0.0,0.0,1459.0166693172316,-1329.2400042944369,,
2026-09-24,27,2026-09-24T12:00:00Z,2026-09-25T12:44:25Z,114.0,114.0,False,N,0.0,-39.91890583333333,0.0,0.0,114.0,1.0,1437.335008611111,-1477.2316633333332,0.0,0.0,1437.335008611111,-1476.2316633333332,,
2026-09-24,28,2026-09-24T12:30:00Z,2026-09-25T13:14:27Z,192.0,192.0,False,P,0.0,351.6151875,0.0,0.0,,,1864.1333355555555,-1513.0083495833333,0.0,0.0,1863.1333355555555,-1513.0083495833333,,
2026-09-24,29,2026-09-24T13:00:00Z,2026-09-25T13:44:49Z,106.86952003468103,106.86952003468103,False,N,0.0,-126.85876245208334,0.0,0.0,108.94444444444444,1.0,1710.4750096743055,-1837.5541652298612,0.0,0.0,1710.4750096743055,-1836.5541652298612,,
2026-09-24,30,2026-09-24T13:30:00Z,2026-09-25T14:14:53Z,142.06,142.06,False,N,0.0,-342.2629836111111,0.0,0.0,142.06,0.0,1609.8755421551725,-1951.7694444444444,0.0,0.0,1609.8755421551725,-1950.7694444444444,,
2026-09-24,31,2026-09-24T14:00:00Z,2026-09-25T14:44:35Z,196.0,196.0,False,P,0.0,350.7185489592409,0.0,0.0,,,2234.377375546271,-1882.9255422387614,0.0,0.0,2233.377375546271,-1882.9255422387614,,
2026-09-24,32,2026-09-24T14:30:00Z,2026-09-25T15:14:27Z,169.49,169.49,False,P,0.0,0.24182513985748275,0.0,0.0,,,1952.7099588235603,-1952.29441378894,0.0,0.0,1952.468133683703,-1952.29441378894,,
2026-09-24,33,2026-09-24T15:00:00Z,2026-09-25T15:44:22Z,185.6704,185.6704,False,P,0.0,83.17050063158179,0.0,0.0,,,2083.7902069618885,-2300.5243463377233,0.0,300.0,2083.7902069618885,-2300.5243463377233,,299.0
2026-09-24,34,2026-09-24T15:30:00Z,2026-09-25T16:14:38Z,187.84,187.84,False,P,0.0,164.03243840711573,0.0,0.0,,,2098.3298682263044,-2234.0705226100404,0.0,300.0,2098.3298682263044,-2234.0705226100404,,299.0
2026-09-24,35,2026-09-24T16:00:00Z,2026-09-25T16:44:37Z,220.0,220.0,False,P,0.0,486.7794053980002,0.0,0.0,,,2148.3653713702224,-2411.212429779871,0.0,749.5,2147.3653713702224,-2411.212429779871,,749.5
2026-09-24,36,2026-09-24T16:30:00Z,2026-09-25T17:14:24Z,220.0,220.0,False,P,0.0,371.0097664285714,0.0,0.0,,,2338.370136845238,-2716.7603949228396,0.0,749.5,2337.370136845238,-2716.7603949228396,,749.5
2026-09-24,37,2026-09-24T17:00:00Z,2026-09-25T17:44:24Z,198.0,198.0,False,P,0.0,40.780980144362346,0.0,0.0,,,2485.1340350054734,-3043.624999305556,0.0,599.5,2484.1340350054734,-3043.624999305556,,599.5
2026-09-24,38,2026-09-24T17:30:00Z,2026-09-25T18:14:27Z,169.7018801044801,169.7018801044801,False,N,0.0,-120.12007716269841,0.0,0.0,,,2364.330352281746,-3083.6627777777776,0.0,599.5,2364.330352281746,-3082.6627777777776,,599.5
2026-09-24,39,2026-09-24T18:00:00Z,2026-09-25T18:44:27Z,198.0,198.0,False,P,0.0,63.53022591269841,0.0,0.0,,,2410.427368690476,-3097.458558888889,0.0,750.0,2409.427368690476,-3097.458558888889,,750.0
2026-09-24,40,2026-09-24T18:30:00Z,2026-09-25T19:14:30Z,202.0,202.0,False,P,0.0,394.2979773026928,0.0,0.0,,,2373.564643722944,-2729.40028561217,0.0,750.0,2372.564643722944,-2729.40028561217,,750.0
2026-09-24,41,2026-09-24T19:00:00Z,2026-09-25T19:44:41Z,201.48694543547046,201.48694543547046,False,P,0.0,282.4594061221106,0.0,0.0,,,2363.277861128762,-2680.7919419411032,-0.469,600.0,2362.277861128762,-2680.7919419411032,-0.469,600.0
2026-09-24,42,2026-09-24T19:30:00Z,2026-09-25T20:14:27Z,202.0,202.0,False,P,0.0,319.1132993861112,0.0,0.0,,,2251.8610525156623,-2532.1860591924146,-0.5,600.0,2250.8610525156623,-2532.1860591924146,-0.5,600.0
2026-09-24,43,2026-09-24T20:00:00Z,2026-09-25T20:44:28Z,197.6,197.6,False,P,0.0,67.1066818606702,0.0,0.0,,,2034.6279753791887,-2567.621345925926,-0.515,600.0,2034.6279753791887,-2567.621345925926,-0.515,599.0
2026-09-24,44,2026-09-24T20:30:00Z,2026-09-25T21:14:26Z,130.0,130.0,False,N,0.0,-164.03673670634922,0.0,0.0,130.0,1.0,1478.6324285714286,-2242.499998611111,-0.473,600.0,1478.6324285714286,-2241.499998611111,-0.473,600.0
2026-09-24,45,2026-09-24T21:00:00Z,2026-09-25T21:44:29Z,132.2434596783487,132.2434596783487,False,N,0.0,-185.01798152777778,0.0,0.0,132.45,1.0,1460.268407361111,-2245.1116231944443,0.0,600.0,1460.268407361111,-2244.1116231944443,,600.0
2026-09-24,46,2026-09-24T21:30:00Z,2026-09-25T22:14:24Z,179.51,179.51,False,P,0.0,50.740819962962966,0.0,0.0,,,1523.465945649684,-2072.283970384541,0.0,600.0,1523.465945649684,-2072.283970384541,,599.0
2026-09-24,47,2026-09-24T22:00:00Z,2026-09-25T22:44:30Z,182.0,182.0,False,P,0.0,38.07454419254658,0.0,0.0,,,1807.3194251449274,-1888.6713272325742,0.0,120.0,1806.3194251449274,-1888.6713272325742,,120.0
2026-09-24,48,2026-09-24T22:30:00Z,2026-09-25T23:14:44Z,182.0,182.0,False,P,0.0,74.29072787601626,0.0,0.0,,,1670.5571167649052,-1715.985413222527,0.0,120.0,1669.5571167649052,-1715.985413222527,,120.0
2026-09-25,1,2026-09-24T23:00:00Z,2026-09-25T23:44:31Z,182.0,182.0,False,P,0.0,199.59843168128654,0.0,0.0,,,1627.8662094590643,-1547.3166666666666,0.0,120.0,1626.8662094590643,-1547.3166666666666,,120.0
2026-09-25,2,2026-09-24T23:30:00Z,2026-09-26T00:14:28Z,182.0,182.0,False,P,0.0,106.42216066276804,0.0,0.0,,,1340.043549551657,-1353.6662443128655,0.0,120.0,1339.043549551657,-1353.6662443128655,,120.0
2026-09-25,3,2026-09-25T00:00:00Z,2026-09-26T00:44:37Z,126.43,126.43,False,N,0.0,-113.48145149577778,0.0,0.0,126.43,1.0,1062.9277728097777,-1296.412510032,0.0,120.0,1062.9277728097777,-1295.412510032,,120.0
2026-09-25,4,2026-09-25T00:30:00Z,2026-09-26T01:14:34Z,129.66,129.66,False,N,0.0,-221.33889305555556,0.0,0.0,129.66,1.0,921.9194444444445,-1263.7666708333334,0.0,120.0,921.9194444444445,-1262.7666708333334,,120.0
2026-09-25,5,2026-09-25T01:00:00Z,2026-09-26T01:44:29Z,131.9,131.9,False,N,0.0,-232.4032549973264,0.0,0.0,131.9,1.0,891.6124943082292,-1244.2211202804515,0.0,120.0,891.6124943082292,-1243.2211202804515,,120.0
2026-09-25,6,2026-09-25T01:30:00Z,2026-09-26T02:15:12Z,181.45,181.45,False,P,0.0,34.92107261904762,0.0,0.0,,,1064.23333,-1149.2833351785714,0.0,120.0,1063.23333,-1149.2833351785714,,120.0
2026-09-25,7,2026-09-25T02:00:00Z,2026-09-26T02:44:26Z,167.49,167.49,False,P,0.0,26.272384305555555,0.0,0.0,,,973.6837702314815,-1067.6366990277777,0.0,120.0,972.6837702314815,-1067.6366990277777,,120.0
2026-09-25,8,2026-09-25T02:30:00Z,2026-09-26T03:14:24Z,174.25,174.25,False,P,0.0,18.134358867521367,0.0,0.0,,,1021.7916670405983,-1123.4066666666668,0.0,120.0,1020.7916670405983,-1123.4066666666668,,120.0
2026-09-25,9,2026-09-25T03:00:00Z,2026-09-26T03:44:22Z,124.69080406745368,124.69080406745368,False,N,0.0,-146.40133527777778,0.0,0.0,124.81216666666667,1.0,909.5222213888889,-1176.5562483333333,0.0,120.0,909.5222213888889,-1175.5562483333333,,120.0
2026-09-25,10,2026-09-25T03:30:00Z,2026-09-26T04:14:29Z,123.44895814805079,123.44895814805079,False,N,0.0,-229.6458352777778,0.0,0.0,123.83941666666666,1.0,796.8590179273505,-1146.6381866471572,0.0,120.0,796.8590179273505,-1145.6381866471572,,120.0
2026-09-25,11,2026-09-25T04:00:00Z,2026-09-26T04:44:21Z,121.1,121.1,False,N,0.0,-196.18875,0.0,0.0,121.1,1.0,662.6500004166667,-1279.16375,0.0,420.0,662.6500004166667,-1278.16375,,420.0
2026-09-25,12,2026-09-25T04:30:00Z,2026-09-26T05:14:23Z,121.1,121.1,False,N,0.0,-274.8125,0.0,0.0,121.1,1.0,637.825,-1332.8875,0.0,420.0,637.825,-1331.8875,,420.0
2026-09-25,13,2026-09-25T05:00:00Z,2026-09-26T05:44:25Z,211.9,211.9,False,P,0.0,2.110832555918664,0.0,0.0,,,791.3166668982827,-1359.583334110748,0.0,570.0,791.3166668982827,-1359.583334110748,,569.0
2026-09-25,14,2026-09-25T05:30:00Z,2026-09-26T06:14:52Z,132.66968123223796,132.66968123223796,False,N,0.0,-91.50694023809524,0.0,0.0,,,991.341675805008,-1653.0916624603174,0.0,570.0,991.341675805008,-1652.0916624603174,,570.0
2026-09-25,15,2026-09-25T06:00:00Z,2026-09-26T06:44:30Z,134.23,134.23,False,N,0.0,-166.66320875,0.0,0.0,,,901.5829183712453,-1668.0079185251423,0.0,600.0,901.5829183712453,-1667.0079185251423,,600.0
2026-09-25,16,2026-09-25T06:30:00Z,2026-09-26T07:14:22Z,134.73603909420743,134.73603909420743,False,N,0.0,-16.125275436507938,0.0,0.0,,,969.9215391468254,-1586.0677783333333,0.0,600.0,969.9215391468254,-1585.0677783333333,,600.0
2026-09-25,17,2026-09-25T07:00:00Z,2026-09-26T07:44:21Z,170.12,170.12,False,N,0.0,-251.399259534774,0.0,0.0,170.12,0.0,997.7516305115176,-1248.2613949158726,0.0,0.0,997.7516305115176,-1247.2613949158726,,
2026-09-25,18,2026-09-25T07:30:00Z,2026-09-26T08:14:22Z,135.0,135.0,False,N,0.0,-633.7426790867037,0.0,0.0,135.0,0.2222222222222222,621.2041685984815,-1254.6150022145175,0.0,0.0,621.2041685984815,-1253.6150022145175,,
2026-09-25,19,2026-09-25T08:00:00Z,2026-09-26T08:44:22Z,115.00622556695588,115.00622556695588,False,N,0.0,-284.0594096578628,0.0,0.0,115.03194444444445,1.0,937.6959025036465,-1222.4962460004604,0.0,0.0,937.6959025036465,-1221.4962460004604,,
2026-09-25,20,2026-09-25T08:30:00Z,2026-09-26T09:14:27Z,127.04999999999998,127.04999999999998,False,N,0.0,-247.02718400542784,0.0,0.0,127.05,0.0,885.1709698140166,-1131.2716119204981,0.0,0.0,885.1709698140166,-1130.2716119204981,,
2026-09-25,21,2026-09-25T09:00:00Z,2026-09-26T09:44:22Z,103.67,103.67,False,N,0.0,-191.08130986111112,0.0,0.0,103.67,1.0,997.55166625,-1188.7500072222222,0.0,0.0,997.55166625,-1187.7500072222222,,
2026-09-25,22,2026-09-25T09:30:00Z,2026-09-26T10:14:28Z,118.5,118.5,False,N,0.0,-154.1535173768759,0.0,0.0,118.5,1.0,1024.167982623124,-1177.876556359203,0.0,0.0,1024.167982623124,-1176.876556359203,,
2026-09-25,23,2026-09-25T10:00:00Z,2026-09-26T10:44:22Z,155.6,155.6,False,P,0.0,134.61773010281385,0.0,0.0,,,1372.3577301028138,-1237.4541668686868,0.0,0.0,1371.3577301028138,-1237.4541668686868,,
2026-09-25,24,2026-09-25T10:30:00Z,2026-09-26T11:14:22Z,130.46,130.46,False,N,0.0,-105.58036700396825,0.0,0.0,130.46,0.0,1197.0291595701044,-1302.1758342096741,0.0,0.0,1197.0291595701044,-1301.1758342096741,,
2026-09-25,25,2026-09-25T11:00:00Z,2026-09-26T11:44:19Z,128.4,128.4,False,N,0.0,-212.9016638888889,0.0,0.0,128.4,0.0,1163.3166694444444,-1376.0116666666668,0.0,0.0,1163.3166694444444,-1375.0116666666668,,
2026-09-25,26,2026-09-25T11:30:00Z,2026-09-26T12:14:21Z,132.54,132.54,False,N,0.0,-241.05798083333335,0.0,0.0,132.54,0.0,1047.4749841666667,-1288.275,0.0,0.0,1047.4749841666667,-1287.275,,
2026-09-25,27,2026-09-25T12:00:00Z,2026-09-26T12:44:39Z,4.49433834136341,4.49433834136341,False,N,0.0,-328.78125,0.0,0.0,6.494769305555556,1.0,946.1666744444444,-1274.9479166666667,0.0,0.0,946.1666744444444,-1273.9479166666667,,
2026-09-25,28,2026-09-25T12:30:00Z,2026-09-26T13:14:27Z,90.00166147442901,90.00166147442901,False,N,0.0,-527.2416959920237,0.0,0.0,90.04166666666667,1.0,956.8923050694444,-1484.2496230025658,0.0,0.0,956.8923050694444,-1483.2496230025658,,
2026-09-25,29,2026-09-25T13:00:00Z,2026-09-26T13:44:34Z,115.98056958296267,115.98056958296267,False,N,0.0,-265.6638888888889,0.0,0.0,118.03375,1.0,999.975,-1265.9666666666667,0.0,0.0,999.975,-1264.9666666666667,,
2026-09-25,30,2026-09-25T13:30:00Z,2026-09-26T14:14:30Z,98.0600135483273,98.0600135483273,False,N,0.0,-300.24109125,0.0,0.0,98.39625,1.0,962.8916666666667,-1263.1999991666667,0.0,0.0,962.8916666666667,-1262.1999991666667,,
2026-09-25,31,2026-09-25T14:00:00Z,2026-09-26T14:44:23Z,87.54999999999998,87.54999999999998,False,N,0.0,-17.533896805555557,0.0,0.0,,,1252.3333254166666,-1269.8422245833333,0.0,0.0,1252.3333254166666,-1268.8422245833333,,
2026-09-25,32,2026-09-25T14:30:00Z,2026-09-26T15:14:22Z,189.0,189.0,False,P,0.0,82.60996898873348,0.0,0.0,,,1127.8933023220668,-1045.1834852083334,0.0,0.0,1126.8933023220668,-1045.1834852083334,,
2026-09-25,33,2026-09-25T15:00:00Z,2026-09-26T15:44:21Z,181.71,181.71,False,P,0.0,67.66239767399678,0.0,0.0,,,940.8251887082888,-1172.9851846454033,0.0,300.0,940.8251887082888,-1172.9851846454033,,299.0
2026-09-25,34,2026-09-25T15:30:00Z,2026-09-26T16:14:19Z,181.71,181.71,False,P,0.0,68.70419583333333,0.0,0.0,,,869.3250033333334,-1100.0333333333333,0.0,300.0,869.3250033333334,-1100.0333333333333,,299.0
2026-09-25,35,2026-09-25T16:00:00Z,2026-09-26T16:44:26Z,207.1,207.1,False,P,0.0,112.55625387820513,0.0,0.0,,,755.5875001282051,-1393.39722625,0.0,750.0,755.5875001282051,-1393.39722625,,749.0
2026-09-25,36,2026-09-25T16:30:00Z,2026-09-26T17:14:25Z,166.33794521382265,166.33794521382265,False,N,0.0,-9.551716688034189,0.0,0.0,,,700.191669909188,-1460.606663215812,0.0,750.0,700.191669909188,-1459.606663215812,,750.0
2026-09-25,37,2026-09-25T17:00:00Z,2026-09-26T17:44:25Z,209.91,209.91,False,P,0.0,1.2861111111111112,0.0,0.0,,,602.6777777777778,-1350.95,0.0,750.0,601.6777777777778,-1350.95,,750.0
2026-09-25,38,2026-09-25T17:30:00Z,2026-09-26T18:14:20Z,220.58,220.58,False,P,0.0,75.45416847222222,0.0,0.0,,,765.6083351388888,-1439.9666666666667,0.0,750.0,764.6083351388888,-1439.9666666666667,,750.0
2026-09-25,39,2026-09-25T18:00:00Z,2026-09-26T18:44:26Z,222.08,222.08,False,P,0.0,149.84805555555556,0.0,0.0,,,651.2216666666667,-1251.1852777777779,0.0,750.0,651.2216666666667,-1251.1852777777779,,749.0
2026-09-25,40,2026-09-25T18:30:00Z,2026-09-26T19:14:23Z,221.5,221.5,False,P,0.0,165.32499777777778,0.0,0.0,,,619.90416375,-1203.6750016666667,0.0,750.0,619.90416375,-1203.6750016666667,,749.0
2026-09-25,41,2026-09-25T19:00:00Z,2026-09-26T19:44:24Z,192.99,192.99,False,P,0.0,152.81825166666667,0.0,0.0,,,665.5111086111111,-1262.4677794444444,0.0,750.0,665.5111086111111,-1262.4677794444444,,749.0
2026-09-25,42,2026-09-25T19:30:00Z,2026-09-26T20:14:25Z,194.2,194.2,False,P,0.0,392.3433554706714,0.0,0.0,,,798.4058611651159,-1155.8412730445161,0.0,750.0,798.4058611651159,-1155.8412730445161,,749.0
2026-09-25,43,2026-09-25T20:00:00Z,2026-09-26T20:44:26Z,182.7,182.7,False,P,0.0,376.09608558728445,0.0,0.0,,,717.2577407384183,-1090.396647966661,0.0,750.0,717.2577407384183,-1090.396647966661,,749.0
2026-09-25,44,2026-09-25T20:30:00Z,2026-09-26T21:14:44Z,182.7,182.7,False,P,0.0,313.6351347685185,0.0,0.0,,,802.1047601851852,-1238.1112377327547,0.0,750.0,802.1047601851852,-1238.1112377327547,,749.0
2026-09-25,45,2026-09-25T21:00:00Z,2026-09-26T21:44:24Z,163.42,163.42,False,P,0.0,270.7761111111111,0.0,0.0,,,1019.6,-1498.848888888889,0.0,750.0,1019.6,-1498.848888888889,,749.0
2026-09-25,46,2026-09-25T21:30:00Z,2026-09-26T22:14:40Z,163.89,163.89,False,P,0.0,384.01823777777776,0.0,0.0,,,1247.8932377777778,-1613.8335168599033,0.0,750.0,1247.8932377777778,-1613.8335168599033,,749.0
2026-09-25,47,2026-09-25T22:00:00Z,2026-09-26T22:44:33Z,153.75,153.75,False,N,0.0,-267.61634159722223,0.0,0.0,153.75,0.0,1477.789584861111,-1862.5954519860659,0.0,117.5,1477.789584861111,-1861.5954519860659,,117.5
2026-09-25,48,2026-09-25T22:30:00Z,2026-09-26T23:14:36Z,120.0,120.0,False,N,0.0,-336.1346870528793,0.0,0.0,120.0,1.0,2054.914448401666,-2508.4739801278565,0.0,117.5,2054.914448401666,-2507.4739801278565,,117.5
2026-09-26,1,2026-09-25T23:00:00Z,2026-09-26T23:44:31Z,150.09,150.09,False,N,0.0,-3.192445201740186,0.0,0.0,150.09,0.0,2467.4506131280777,-2587.974386069625,0.0,117.5,2467.4506131280777,-2586.974386069625,,117.5
2026-09-26,2,2026-09-25T23:30:00Z,2026-09-27T00:14:26Z,184.03,184.03,False,P,0.0,84.90381991403123,0.0,0.0,,,2626.7293744065464,-2659.244254152122,0.0,117.5,2625.7293744065464,-2659.244254152122,,117.5
2026-09-26,3,2026-09-26T00:00:00Z,2026-09-27T00:44:30Z,149.54,149.54,False,N,0.0,-116.21056938317021,0.0,0.0,149.54,0.0,2502.6157855422325,-2736.2749702694136,0.0,117.5,2502.6157855422325,-2735.2749702694136,,117.5
2026-09-26,4,2026-09-26T00:30:00Z,2026-09-27T01:14:27Z,182.63,182.63,False,P,0.0,68.39236957397242,0.0,0.0,,,2731.7195036759576,-2780.7963133455555,0.0,117.5,2730.7195036759576,-2780.7963133455555,,117.5
2026-09-26,5,2026-09-26T01:00:00Z,2026-09-27T01:44:25Z,144.52,144.52,False,N,0.0,-207.52185070938614,0.0,0.0,144.52,0.0,2645.530608518113,-2970.2860499476014,0.0,117.5,2645.530608518113,-2969.2860499476014,,117.5
2026-09-26,6,2026-09-26T01:30:00Z,2026-09-27T02:15:47Z,163.04,163.04,False,P,0.0,0.7685104260553427,0.0,0.0,,,3019.168467466948,-3135.4999758119598,0.0,117.5,3018.3999570408932,-3135.4999758119598,,117.5
2026-09-26,7,2026-09-26T02:00:00Z,2026-09-27T02:44:30Z,144.6,144.6,False,N,0.0,-46.80707392343264,0.0,0.0,144.6,0.0,2966.8211899840385,-3130.513935287069,0.0,117.5,2966.8211899840385,-3129.513935287069,,117.5
2026-09-26,8,2026-09-26T02:30:00Z,2026-09-27T03:14:44Z,143.41,143.41,False,N,0.0,-101.23747701237096,0.0,0.0,143.41,0.0,2885.4376618892534,-3104.026293883631,0.0,117.5,2885.4376618892534,-3103.026293883631,,117.5
2026-09-26,9,2026-09-26T03:00:00Z,2026-09-27T03:44:32Z,148.75,148.75,False,N,0.0,-84.09683233465609,0.0,0.0,148.75,0.0,2913.1734454431216,-3114.636962876984,0.0,117.5,2913.1734454431216,-3113.636962876984,,117.5
2026-09-26,10,2026-09-26T03:30:00Z,2026-09-27T04:14:22Z,150.86,150.86,False,N,0.0,-116.61212368902706,0.0,0.0,150.86,0.0,2901.639544235593,-3135.1593239478107,0.0,117.5,2901.639544235593,-3134.1593239478107,,117.5
2026-09-26,11,2026-09-26T04:00:00Z,2026-09-27T04:44:26Z,172.550101010101,172.550101010101,False,P,0.0,154.96248247474747,0.0,0.0,,,2605.6655401136363,-3218.1000174494948,0.0,767.5,2605.6655401136363,-3218.1000174494948,,766.5
2026-09-26,12,2026-09-26T04:30:00Z,2026-09-27T05:14:41Z,169.0,169.0,False,P,0.0,23.20955380952381,0.0,0.0,,,2423.4345815873016,-3166.8292218055553,0.0,767.5,2423.4345815873016,-3166.8292218055553,,766.5
2026-09-26,13,2026-09-26T05:00:00Z,2026-09-27T05:44:21Z,181.4,181.4,False,P,0.0,261.1789847637016,0.0,0.0,,,2571.8528736525905,-3028.0454184722153,0.0,717.5,2571.8528736525905,-3028.0454184722153,,716.5
2026-09-26,14,2026-09-26T05:30:00Z,2026-09-27T06:14:22Z,181.4,181.4,False,P,0.0,286.50130952380954,0.0,0.0,,,2502.1808928571427,-2933.077083333333,0.0,717.5,2502.1808928571427,-2933.077083333333,,716.5
2026-09-26,15,2026-09-26T06:00:00Z,2026-09-27T06:44:27Z,165.65,165.65,False,N,0.0,-222.20159077380953,0.0,0.0,165.65,0.0,2377.317853670635,-2716.6830688690475,0.0,117.5,2377.317853670635,-2715.6830688690475,,117.5
2026-09-26,16,2026-09-26T06:30:00Z,2026-09-27T07:14:22Z,200.4,200.4,False,P,0.0,263.6905688637057,0.0,0.0,,,2550.9221637717205,-2404.601023612013,0.0,117.5,2549.9221637717205,-2404.601023612013,,117.5
2026-09-26,17,2026-09-26T07:00:00Z,2026-09-27T07:44:21Z,200.4,200.4,False,P,0.0,155.66856389753764,0.0,0.0,,,2187.0901525681625,-2031.3307998396774,0.0,0.0,2186.0901525681625,-2031.3307998396774,,
2026-09-26,18,2026-09-26T07:30:00Z,2026-09-27T08:14:23Z,200.3,200.3,False,P,0.0,296.67777722222223,0.0,0.0,,,2016.2611111111112,-1719.583333888889,0.0,0.0,2015.2611111111112,-1719.583333888889,,
2026-09-26,19,2026-09-26T08:00:00Z,2026-09-27T08:44:27Z,199.4,199.4,False,P,0.0,177.39340541666667,0.0,0.0,,,1692.3504833333334,-1515.18576125,0.0,0.0,1691.3504833333334,-1515.18576125,,
2026-09-26,20,2026-09-26T08:30:00Z,2026-09-27T09:15:24Z,180.0,180.0,False,P,0.0,71.14725190308255,0.0,0.0,,,1587.1897548484849,-1516.5972461200054,0.0,0.0,1586.1897548484849,-1516.5972461200054,,
2026-09-26,21,2026-09-26T09:00:00Z,2026-09-27T09:44:21Z,180.0,180.0,False,P,0.0,24.51355218855219,0.0,0.0,,,1296.6885521885522,-1272.6600004166667,0.0,0.0,1295.6885521885522,-1272.6600004166667,,
2026-09-26,22,2026-09-26T09:30:00Z,2026-09-27T10:14:28Z,20.0,20.0,False,N,0.0,-121.31731273148148,0.0,0.0,,,1167.3962962962962,-1289.38583125,0.0,0.0,1167.3962962962962,-1288.38583125,,
2026-09-26,23,2026-09-26T10:00:00Z,2026-09-27T10:44:20Z,1.67375,1.67375,False,N,0.0,-84.65,0.0,0.0,,,1133.0,-1218.1833333333334,0.0,0.0,1133.0,-1217.1833333333334,,
2026-09-26,24,2026-09-26T10:30:00Z,2026-09-27T11:14:37Z,1.46771707578152,1.46771707578152,False,N,0.0,-128.3818298611111,0.0,0.0,,,1133.05,-1261.7361122222221,0.0,0.0,1133.05,-1260.7361122222221,,
2026-09-26,25,2026-09-26T11:00:00Z,2026-09-27T11:44:26Z,-13.47,-13.47,False,N,0.0,-305.5126125378788,0.0,0.0,,,1133.0057983333334,-1439.7820067045454,0.0,0.0,1133.0057983333334,-1438.7820067045454,,
2026-09-26,26,2026-09-26T11:30:00Z,2026-09-27T12:14:25Z,-14.26999999999999,-14.26999999999999,False,N,0.0,-559.060040149196,0.0,0.0,,,1133.1287059394037,-1692.9847180349998,0.0,0.0,1133.1287059394037,-1691.9847180349998,,
2026-09-26,27,2026-09-26T12:00:00Z,2026-09-27T12:44:26Z,-20.0,-20.0,False,N,0.0,-574.4933823172514,0.0,0.0,,,1133.112143678845,-1708.6510260672515,0.0,0.0,1133.112143678845,-1707.6510260672515,,
2026-09-26,28,2026-09-26T12:30:00Z,2026-09-27T13:14:20Z,-28.1,-28.1,False,N,0.0,-631.2170675,0.0,0.0,,,1146.3303755092593,-1778.0592566666667,0.0,0.0,1146.3303755092593,-1777.0592566666667,,
2026-09-26,29,2026-09-26T13:00:00Z,2026-09-27T13:44:22Z,-13.47,-13.47,False,N,0.0,-307.13611556818057,0.0,0.0,,,1145.0666669570694,-1452.6861155681806,0.0,0.0,1145.0666669570694,-1451.6861155681806,,
2026-09-26,30,2026-09-26T13:30:00Z,2026-09-27T14:14:31Z,-13.47,-13.47,False,N,0.0,-233.63666891666668,0.0,0.0,,,1133.0,-1366.8666689166666,0.0,0.0,1133.0,-1365.8666689166666,,
2026-09-26,31,2026-09-26T14:00:00Z,2026-09-27T14:44:32Z,83.21999999999998,83.21999999999998,False,N,0.0,-12.888159761902777,0.0,0.0,,,1135.2083340674583,-1149.2460764285695,0.0,0.0,1135.2083340674583,-1148.2460764285695,,
2026-09-26,32,2026-09-26T14:30:00Z,2026-09-27T15:14:49Z,68.57,68.57,False,N,0.0,-98.48044558156819,0.0,0.0,,,1101.7596153846155,-1201.050013609485,0.0,0.0,1101.7596153846155,-1200.050013609485,,
2026-09-26,33,2026-09-26T15:00:00Z,2026-09-27T15:44:38Z,50.0,50.0,False,N,0.0,-172.61150479702368,0.0,0.0,,,1157.9050423376073,-1330.9223652630883,0.0,0.0,1157.9050423376073,-1329.9223652630883,,
2026-09-26,34,2026-09-26T15:30:00Z,2026-09-27T16:14:36Z,188.0,188.0,False,P,0.0,3.2244957330976707,0.0,0.0,,,1230.7756989181946,-1227.1928698517636,0.0,0.0,1229.7756989181946,-1227.1928698517636,,
2026-09-26,35,2026-09-26T16:00:00Z,2026-09-27T16:44:37Z,199.28,199.28,False,P,0.0,96.02870375,0.0,0.0,,,1318.031479675926,-1371.5271477314816,0.0,150.0,1318.031479675926,-1371.5271477314816,,149.0
2026-09-26,36,2026-09-26T16:30:00Z,2026-09-27T17:14:51Z,121.0,121.0,False,N,0.0,-55.66341076388889,0.0,0.0,,,1633.0601454861112,-1838.5442997329192,0.0,150.0,1633.0601454861112,-1837.5442997329192,,150.0
2026-09-26,37,2026-09-26T17:00:00Z,2026-09-27T17:44:33Z,174.0,174.0,False,N,0.0,-112.86710905629008,0.0,0.0,,,1649.0879510429163,-2511.5750016373536,0.0,750.0,1649.0879510429163,-2510.5750016373536,,750.0
2026-09-26,38,2026-09-26T17:30:00Z,2026-09-27T18:14:41Z,154.24,154.24,False,N,0.0,-27.283799543650794,0.0,0.0,,,1875.5493085644573,-2652.829225115684,0.0,750.0,1875.5493085644573,-2651.829225115684,,750.0
2026-09-26,39,2026-09-26T18:00:00Z,2026-09-27T18:44:42Z,197.0,197.0,False,P,0.0,45.94156532431171,0.0,0.0,,,1763.1653467221677,-2467.500542053253,0.0,750.0,1763.1653467221677,-2467.500542053253,,749.0
2026-09-26,40,2026-09-26T18:30:00Z,2026-09-27T19:14:52Z,200.0,200.0,False,P,0.0,112.61474381649506,0.0,0.0,,,1808.2373628641142,-2445.655952797619,0.0,750.0,1808.2373628641142,-2445.655952797619,,749.0
2026-09-26,41,2026-09-26T19:00:00Z,2026-09-27T19:44:43Z,194.0,194.0,False,P,0.0,227.82782529761906,0.0,0.0,,,2095.8399305555554,-2618.813494146825,0.0,750.0,2095.8399305555554,-2618.813494146825,,749.0
2026-09-26,42,2026-09-26T19:30:00Z,2026-09-27T20:15:10Z,132.69,132.69,False,N,0.0,-73.74272833333333,0.0,0.0,,,1729.1611605555556,-2552.7516196825395,0.0,750.0,1729.1611605555556,-2551.7516196825395,,750.0
2026-09-26,43,2026-09-26T20:00:00Z,2026-09-27T20:44:42Z,170.15,170.15,False,N,0.0,-237.27139196581197,0.0,0.0,170.15,0.0,1669.9354135897436,-2656.902084535718,0.0,750.0,1669.9354135897436,-2655.902084535718,,750.0
2026-09-26,44,2026-09-26T20:30:00Z,2026-09-27T21:14:41Z,163.01,163.01,False,N,0.0,-289.4,0.0,0.0,163.01,0.0,1438.9333333333334,-2478.5,0.0,750.0,1438.9333333333334,-2477.5,,750.0
2026-09-26,45,2026-09-26T21:00:00Z,2026-09-27T21:44:59Z,156.62,156.62,False,N,0.0,-287.09943035816826,0.0,0.0,156.62,0.0,1671.7172668432072,-2708.4512903923173,0.0,750.0,1671.7172668432072,-2707.4512903923173,,750.0
2026-09-26,46,2026-09-26T21:30:00Z,2026-09-27T22:14:39Z,157.17,157.17,False,N,0.0,-258.53941299603173,0.0,0.0,157.17,0.0,1805.6297543650794,-2813.6550870833335,0.0,750.0,1805.6297543650794,-2812.6550870833335,,750.0
2026-09-26,47,2026-09-26T22:00:00Z,2026-09-27T22:44:42Z,138.53,138.53,False,N,0.0,-358.66297014472457,0.0,0.0,138.53,0.0,2201.4331723552755,-2915.163775460804,0.0,355.5,2201.4331723552755,-2914.163775460804,,355.5
2026-09-26,48,2026-09-26T22:30:00Z,2026-09-27T23:14:43Z,140.81,140.81,False,N,0.0,-450.1343441874235,0.0,0.0,140.81,0.0,2272.0938706273914,-3077.5658241431606,0.0,355.5,2272.0938706273914,-3076.5658241431606,,355.5
2026-09-27,1,2026-09-26T23:00:00Z,2026-09-27T23:44:38Z,140.15,140.15,False,N,0.0,-709.0271797883598,0.0,0.0,140.15,0.0,2184.691896785714,-3249.0959683597885,0.0,355.5,2184.691896785714,-3248.0959683597885,,355.5
2026-09-27,2,2026-09-26T23:30:00Z,2026-09-28T00:14:40Z,142.89,142.89,False,N,0.0,-397.6578939980185,0.0,0.0,142.89,0.0,2192.208772668648,-2945.3666916501297,0.0,355.5,2192.208772668648,-2944.3666916501297,,355.5
2026-09-27,3,2026-09-27T00:00:00Z,2026-09-28T00:44:35Z,141.97,141.97,False,N,0.0,-546.1504753703704,0.0,0.0,141.97,0.0,2221.02822875,-3122.620543148148,0.0,355.5,2221.02822875,-3121.620543148148,,355.5
2026-09-27,4,2026-09-27T00:30:00Z,2026-09-28T01:14:40Z,142.86,142.86,False,N,0.0,-511.39179312830686,0.0,0.0,142.86,0.0,2340.842731871693,-3208.155573703704,0.0,355.5,2340.842731871693,-3207.155573703704,,355.5
2026-09-27,5,2026-09-27T01:00:00Z,2026-09-28T01:44:39Z,140.98,140.98,False,N,0.0,-597.6161601190477,0.0,0.0,140.98,0.0,2244.4421732142855,-3197.448363690476,0.0,355.5,2244.4421732142855,-3196.448363690476,,355.5
2026-09-27,6,2026-09-27T01:30:00Z,2026-09-28T02:17:23Z,136.31,136.31,False,N,0.0,-624.466652638889,0.0,0.0,136.31,0.0,2188.5250140277776,-3168.679183333333,0.0,355.5,2188.5250140277776,-3167.679183333333,,355.5
2026-09-27,7,2026-09-27T02:00:00Z,2026-09-28T02:44:40Z,125.2,125.2,False,N,0.0,-586.2927205411255,0.0,0.0,125.2,0.0,2335.999502375541,-3276.825271051587,0.0,355.5,2335.999502375541,-3275.825271051587,,355.5
2026-09-27,8,2026-09-27T02:30:00Z,2026-09-28T03:14:37Z,118.13,118.13,False,N,0.0,-465.06872944444444,0.0,0.0,118.13,0.0,2203.495733888889,-3023.964249074074,0.0,355.5,2203.495733888889,-3022.964249074074,,355.5
2026-09-27,9,2026-09-27T03:00:00Z,2026-09-28T03:44:32Z,117.04,117.04,False,N,0.0,-516.3708333333333,0.0,0.0,117.04,0.0,2328.429166666667,-3200.2166666666667,0.0,355.5,2328.429166666667,-3199.2166666666667,,355.5
2026-09-27,10,2026-09-27T03:30:00Z,2026-09-28T04:14:23Z,114.39,114.39,False,N,0.0,-382.0268522685185,0.0,0.0,114.39,0.0,2261.4064810648147,-2998.7166666666667,0.0,355.5,2261.4064810648147,-2997.7166666666667,,355.5
2026-09-27,11,2026-09-27T04:00:00Z,2026-09-28T04:44:27Z,117.46,117.46,False,N,0.0,-486.6325511913029,0.0,0.0,117.46,0.0,2317.2507821420304,-3309.358454099702,0.0,505.5,2317.2507821420304,-3308.358454099702,,505.5
2026-09-27,12,2026-09-27T04:30:00Z,2026-09-28T05:14:30Z,60.1046690501596,60.1046690501596,False,N,0.0,-448.3757129960317,0.0,0.0,60.537,1.0,2386.6826203373016,-3340.5167668269232,0.0,505.5,2386.6826203373016,-3339.5167668269232,,505.5
2026-09-27,13,2026-09-27T05:00:00Z,2026-09-28T05:44:40Z,15.24546224196368,15.24546224196368,False,N,0.0,-448.0430174621212,0.0,0.0,17.36841666666667,1.0,2217.82447864899,-3371.350358042929,0.0,705.5,2217.82447864899,-3370.350358042929,,705.5
2026-09-27,14,2026-09-27T05:30:00Z,2026-09-28T06:14:27Z,115.81,115.81,False,N,0.0,-287.8672781746032,0.0,0.0,115.81,0.0,2228.26605515873,-3221.5599043650795,0.0,705.5,2228.26605515873,-3220.5599043650795,,705.5
2026-09-27,15,2026-09-27T06:00:00Z,2026-09-28T06:44:38Z,72.73,72.73,False,N,0.0,-451.21942739083164,0.0,0.0,72.73,0.0,2232.4966472902383,-3038.8373164832806,0.0,355.5,2232.4966472902383,-3037.8373164832806,,355.5
2026-09-27,16,2026-09-27T06:30:00Z,2026-09-28T07:14:26Z,77.96,77.96,False,N,0.0,-83.2831253427313,0.0,0.0,77.96,0.0,2264.4172173345173,-2702.44737211285,0.0,355.5,2264.4172173345173,-2701.44737211285,,355.5
2026-09-27,17,2026-09-27T07:00:00Z,2026-09-28T07:51:46Z,58.0,58.0,False,N,0.0,-19.462711095900463,0.0,0.0,,,2567.800733070766,-2587.269283230409,0.0,0.0,2567.800733070766,-2586.269283230409,,
2026-09-27,18,2026-09-27T07:30:00Z,2026-09-28T08:14:47Z,184.0,184.0,False,P,0.0,135.63905271825396,0.0,0.0,,,2439.845928829365,-2304.15198,0.0,0.0,2438.845928829365,-2304.15198,,
2026-09-27,19,2026-09-27T08:00:00Z,2026-09-28T08:44:32Z,-13.47,-13.47,False,N,0.0,-354.21493398454163,0.0,0.0,,,1960.4238261845878,-2314.2423680608254,0.0,0.0,1960.4238261845878,-2313.2423680608254,,
2026-09-27,20,2026-09-27T08:30:00Z,2026-09-28T09:14:32Z,-13.47,-13.47,False,N,0.0,-591.3806568434344,0.0,0.0,,,1673.3187876010102,-2263.75,0.0,0.0,1673.3187876010102,-2262.75,,
2026-09-27,21,2026-09-27T09:00:00Z,2026-09-28T09:44:49Z,-2.0,-2.0,False,N,0.0,-616.3093241599678,0.0,0.0,-2.0,0.0,1687.01122236781,-2252.8725001781663,-50.0,0.0,1687.01122236781,-2251.953628270895,-49.91887190727132,
2026-09-27,22,2026-09-27T09:30:00Z,2026-09-28T10:15:12Z,-13.47,-13.47,False,N,0.0,-441.822859284891,0.0,0.0,,,1869.2619665484424,-2261.3803018084204,-50.0,0.0,1869.2619665484424,-2260.3803018084204,-50.0,
2026-09-27,23,2026-09-27T10:00:00Z,2026-09-28T10:45:28Z,-7.63999999999999,-7.63999999999999,False,N,0.0,-56.307042185211436,0.0,0.0,,,1953.6553561481219,-1884.8895259974747,-125.0,0.0,1953.6553561481219,-1884.8895259974747,-124.0,
2026-09-27,24,2026-09-27T10:30:00Z,2026-09-28T11:14:27Z,54.0,54.0,False,P,0.0,148.36624025060672,0.0,0.0,,,1992.2166748266302,-1718.130559702361,-125.0,0.0,1991.2166748266302,-1718.130559702361,-125.0,
2026-09-27,25,2026-09-27T11:00:00Z,2026-09-28T11:44:25Z,52.79999999999999,52.79999999999999,False,P,0.0,167.18437629629167,0.0,0.0,,,1965.035426192125,-1797.4854392129582,0.0,0.0,1964.035426192125,-1797.4854392129582,,
2026-09-27,26,2026-09-27T11:30:00Z,2026-09-28T12:14:22Z,12.72,12.72,False,N,0.0,-78.97333333333333,0.0,0.0,12.72,0.0,1678.1116666666667,-1757.0,0.0,0.0,1678.1116666666667,-1756.0,,
2026-09-27,27,2026-09-27T12:00:00Z,2026-09-28T12:44:29Z,-13.47,-13.47,False,N,0.0,-86.2455327532824,0.0,0.0,,,1805.7751697467177,-1891.4101794253681,0.0,0.0,1805.7751697467177,-1890.4101794253681,,
2026-09-27,28,2026-09-27T12:30:00Z,2026-09-28T13:14:50Z,-9.63940668810207,-9.63940668810207,False,N,0.0,-70.82270069444445,0.0,0.0,,,1899.8413820833334,-1970.4330555555555,0.0,0.0,1899.8413820833334,-1969.4330555555555,,
2026-09-27,29,2026-09-27T13:00:00Z,2026-09-28T13:44:24Z,-11.49,-11.49,False,N,0.0,-106.49505718150952,0.0,0.0,,,1779.423566570859,-1885.69625908967,0.0,0.0,1779.423566570859,-1884.69625908967,,
2026-09-27,30,2026-09-27T13:30:00Z,2026-09-28T14:14:57Z,-14.26999999999999,-14.26999999999999,False,N,0.0,-571.6652531944444,0.0,0.0,,,1230.7973297222222,-1802.2621558333333,0.0,0.0,1230.7973297222222,-1801.2621558333333,,
2026-09-27,31,2026-09-27T14:00:00Z,2026-09-28T14:44:31Z,-14.26999999999999,-14.26999999999999,False,N,0.0,-477.5765251388889,0.0,0.0,,,1310.1,-1788.10833625,0.0,0.0,1310.1,-1787.10833625,,
2026-09-27,32,2026-09-27T14:30:00Z,2026-09-28T15:14:29Z,-13.47,-13.47,False,N,0.0,-205.90736790923944,0.0,0.0,,,1565.9233360123292,-1771.6833333333334,0.0,0.0,1565.9233360123292,-1770.6833333333334,,
2026-09-27,33,2026-09-27T15:00:00Z,2026-09-28T15:44:37Z,127.0,127.0,False,P,0.0,55.2336352457265,0.0,0.0,,,1756.8150241346154,-2081.390123333333,0.0,380.0,1756.8150241346154,-2081.390123333333,,379.0
2026-09-27,34,2026-09-27T15:30:00Z,2026-09-28T16:14:28Z,127.0,127.0,False,P,0.0,51.782043745974235,0.0,0.0,,,1765.1879774959743,-2092.4338729586498,0.0,380.0,1765.1879774959743,-2092.4338729586498,,379.0
2026-09-27,35,2026-09-27T16:00:00Z,2026-09-28T16:44:26Z,154.82,154.82,False,P,0.0,3.28722875,0.0,0.0,,,2133.4420243013783,-2129.6088924561404,0.0,0.0,2132.4420243013783,-2129.6088924561404,,
2026-09-27,36,2026-09-27T16:30:00Z,2026-09-28T17:14:24Z,156.55,156.55,False,N,0.0,-97.80439129255808,0.0,0.0,156.55,0.0,2197.374973786807,-2294.6826771385513,0.0,0.0,2197.374973786807,-2293.6826771385513,,
2026-09-27,37,2026-09-27T17:00:00Z,2026-09-28T17:44:38Z,183.0,183.0,False,P,0.0,327.21605199603505,0.0,0.0,,,2072.8043806388923,-2344.878232309524,0.0,599.5,2072.583702628761,-2344.878232309524,,598.7206780101312
2026-09-27,38,2026-09-27T17:30:00Z,2026-09-28T18:15:26Z,202.0,202.0,False,P,0.0,535.8587026938515,0.0,0.0,,,2046.304736047445,-2110.4707741712277,0.0,599.5,2045.617236047445,-2110.4707741712277,,599.1875
2026-09-27,39,2026-09-27T18:00:00Z,2026-09-28T18:44:28Z,202.0,202.0,False,P,0.0,197.72827077777777,0.0,0.0,,,2084.131812444444,-2036.8706981851851,0.0,150.0,2083.131812444444,-2036.8706981851851,,150.0
2026-09-27,40,2026-09-27T18:30:00Z,2026-09-28T19:14:45Z,206.45,206.45,False,P,0.0,433.1939035858586,0.0,0.0,,,2246.6625019444446,-1962.949730050505,0.0,150.0,2245.6625019444446,-1962.949730050505,,150.0
2026-09-27,41,2026-09-27T19:00:00Z,2026-09-28T19:44:32Z,182.91,182.91,False,P,0.0,24.756908273809525,0.0,0.0,,,1982.8458818055456,-1957.450136031736,-0.182,0.0,1981.8458818055456,-1957.450136031736,-0.182,
2026-09-27,42,2026-09-27T19:30:00Z,2026-09-28T20:14:29Z,164.83,164.83,False,N,0.0,-368.5504734126984,0.0,0.0,164.83,0.0,1562.7795293650793,-1930.8338888888889,-0.199,0.0,1562.7795293650793,-1929.8338888888889,-0.199,
2026-09-27,43,2026-09-27T20:00:00Z,2026-09-28T20:44:29Z,161.04,161.04,False,N,0.0,-392.0541666666667,0.0,0.0,161.04,0.0,1423.4916694444444,-1815.0583333333334,-0.202,0.0,1423.4916694444444,-1814.0583333333334,-0.202,
2026-09-27,44,2026-09-27T20:30:00Z,2026-09-28T21:14:26Z,160.41,160.41,False,N,0.0,-242.5884489157706,0.0,0.0,160.41,0.0,1430.2823844175628,-1672.8083333333334,-0.186,0.0,1430.2823844175628,-1671.8083333333334,-0.186,
2026-09-27,45,2026-09-27T21:00:00Z,2026-09-28T21:44:31Z,179.0,179.0,False,P,0.0,183.80035255952382,0.0,0.0,,,1686.7822970039683,-1502.6027777777779,0.0,0.0,1685.7822970039683,-1502.6027777777779,,
2026-09-27,46,2026-09-27T21:30:00Z,2026-09-28T22:14:27Z,176.14,176.14,False,P,0.0,134.45856535750093,0.0,0.0,,,1540.978509454723,-1406.2900058953187,0.0,0.0,1539.978509454723,-1406.2900058953187,,
2026-09-27,47,2026-09-27T22:00:00Z,2026-09-28T22:44:30Z,117.61964928361373,117.61964928361373,False,N,0.0,-46.74678266636142,0.0,0.0,119.86416666666666,1.0,1217.2329395558609,-1380.8,0.0,117.5,1217.2329395558609,-1379.8,,117.5
2026-09-27,48,2026-09-27T22:30:00Z,2026-09-28T23:14:34Z,126.66,126.66,False,N,0.0,-160.9031719764957,0.0,0.0,,,1031.5152629143772,-1310.197243720238,0.0,117.5,1031.5152629143772,-1309.197243720238,,117.5
2026-09-28,1,2026-09-27T23:00:00Z,2026-09-28T23:44:34Z,130.0,130.0,False,N,0.0,-115.9187451388889,0.0,0.0,,,1013.4583379166667,-1247.5604163888888,0.0,117.5,1013.4583379166667,-1246.5604163888888,,117.5
2026-09-28,2,2026-09-27T23:30:00Z,2026-09-29T00:14:28Z,121.26,121.26,False,N,0.0,-113.86851162699074,0.0,0.0,121.26,1.0,848.1016669841204,-1079.6708355952314,0.0,117.5,848.1016669841204,-1078.6708355952314,,117.5
2026-09-28,3,2026-09-28T00:00:00Z,2026-09-29T00:44:26Z,175.07,175.07,False,P,0.0,103.82310988644562,0.0,0.0,,,972.4466657358046,-985.67694586096,0.0,117.5,971.4466657358046,-985.67694586096,,117.5
2026-09-28,4,2026-09-28T00:30:00Z,2026-09-29T01:14:23Z,179.0,179.0,False,P,0.0,34.79333333333334,0.0,0.0,,,668.8833341666667,-751.6649998611111,0.0,117.5,667.8833341666667,-751.6649998611111,,117.5
2026-09-28,5,2026-09-28T01:00:00Z,2026-09-29T01:44:22Z,118.01,118.01,False,N,0.0,-87.89527638888889,0.0,0.0,,,616.0083329166666,-821.8416727777778,0.0,117.5,616.0083329166666,-820.8416727777778,,117.5
2026-09-28,6,2026-09-28T01:30:00Z,2026-09-29T02:15:48Z,125.67,125.67,False,N,0.0,-125.65138666666667,0.0,0.0,,,613.0,-857.1166644444445,0.0,117.5,613.0,-856.1166644444445,,117.5
2026-09-28,7,2026-09-28T02:00:00Z,2026-09-29T02:44:30Z,100.26,100.26,False,N,0.0,-204.9361014141414,0.0,0.0,,,613.0888900643199,-936.4513814141415,0.0,117.5,613.0888900643199,-935.4513814141415,,117.5
2026-09-28,8,2026-09-28T02:30:00Z,2026-09-29T03:14:31Z,70.0,70.0,False,N,0.0,-209.16754840053764,0.0,0.0,,,635.8425677777777,-963.1225887455197,0.0,117.5,635.8425677777777,-962.1225887455197,,117.5
2026-09-28,9,2026-09-28T03:00:00Z,2026-09-29T03:44:27Z,100.26,100.26,False,N,0.0,-142.27819291666665,0.0,0.0,,,586.3333333333334,-846.4783179166667,0.0,117.5,586.3333333333334,-845.4783179166667,,117.5
2026-09-28,10,2026-09-28T03:30:00Z,2026-09-29T04:14:27Z,43.03,43.03,False,N,0.0,-245.23917132073723,0.0,0.0,,,473.8101694345139,-837.3609732228088,0.0,117.5,473.8101694345139,-836.3609732228088,,117.5
2026-09-28,11,2026-09-28T04:00:00Z,2026-09-29T04:44:51Z,185.86,185.86,False,P,0.0,151.0146466558607,0.0,0.0,,,638.7511194047454,-1005.9559868163616,0.0,517.5,638.7511194047454,-1005.9559868163616,,516.5
2026-09-28,12,2026-09-28T04:30:00Z,2026-09-29T05:14:22Z,184.98,184.98,False,P,0.0,61.09991245851371,0.0,0.0,,,726.6476406926407,-1066.222728234127,0.0,400.0,726.6476406926407,-1066.222728234127,,399.0
2026-09-28,13,2026-09-28T05:00:00Z,2026-09-29T05:44:32Z,214.24,214.24,False,P,0.0,177.61907966269843,0.0,0.0,,,808.0462828174603,-1131.1858069047619,0.0,500.0,808.0462828174603,-1131.1858069047619,,499.0
2026-09-28,14,2026-09-28T05:30:00Z,2026-09-29T06:14:24Z,153.8,153.8,False,N,0.0,-149.2467387225235,0.0,0.0,,,730.9265921306431,-1380.7557423336345,0.0,500.0,730.9265921306431,-1379.7557423336345,,500.0
2026-09-28,15,2026-09-28T06:00:00Z,2026-09-29T06:44:30Z,219.3,219.3,False,P,0.0,155.8250028148688,0.0,0.0,,,706.6416674577225,-1051.077774962909,0.0,500.0,706.6416674577225,-1051.077774962909,,499.0
2026-09-28,16,2026-09-28T06:30:00Z,2026-09-29T07:14:23Z,210.0,210.0,False,P,0.0,31.02324384259722,0.0,0.0,,,700.0418489351806,-1169.0543487962916,0.0,500.0,699.0418489351806,-1169.0543487962916,,500.0
2026-09-28,17,2026-09-28T07:00:00Z,2026-09-29T07:44:26Z,210.0,210.0,False,P,0.0,89.33166666666666,0.0,0.0,,,625.8,-1136.3266666666666,0.0,600.0,624.8,-1136.3266666666666,,600.0
2026-09-28,18,2026-09-28T07:30:00Z,2026-09-29T08:14:22Z,135.3,135.3,False,N,0.0,-110.96666473484848,0.0,0.0,,,462.35000061353537,-1173.3166647348485,0.0,600.0,462.35000061353537,-1172.3166647348485,,600.0
2026-09-28,19,2026-09-28T08:00:00Z,2026-09-29T08:44:33Z,122.19492259207989,122.19492259207989,False,N,0.0,-50.05555555555556,0.0,0.0,,,462.03333333333336,-912.0972222222222,0.0,400.0,462.03333333333336,-911.0972222222222,,400.0
2026-09-28,20,2026-09-28T08:30:00Z,2026-09-29T09:14:35Z,115.4,115.4,False,N,0.0,-122.12955128205128,0.0,0.0,,,483.37638888888887,-1005.6170512820513,0.0,400.0,483.37638888888887,-1004.6170512820513,,400.0
2026-09-28,21,2026-09-28T09:00:00Z,2026-09-29T09:44:35Z,114.0,114.0,False,N,0.0,-230.3093376068376,0.0,0.0,114.0,1.0,578.3402777777778,-808.8371153846153,0.0,0.0,578.3402777777778,-807.8371153846153,,
2026-09-28,22,2026-09-28T09:30:00Z,2026-09-29T10:14:34Z,113.28543465740249,113.28543465740249,False,N,0.0,-607.3808333333334,0.0,0.0,113.30883333333334,1.0,583.0,-1190.575,0.0,0.0,583.0,-1189.575,,
2026-09-28,23,2026-09-28T10:00:00Z,2026-09-29T10:44:58Z,113.03253145192623,113.03253145192623,False,N,0.0,-519.4354166666667,0.0,0.0,113.58677777777778,1.0,586.0,-1105.56875,0.0,0.0,586.0,-1104.56875,,
2026-09-28,24,2026-09-28T10:30:00Z,2026-09-29T11:14:45Z,115.44158393258164,115.44158393258164,False,N,0.0,-376.88304305555556,0.0,0.0,118.24708333333334,1.0,602.0836538194444,-979.2917097222222,0.0,0.0,602.0836538194444,-978.2917097222222,,
2026-09-28,25,2026-09-28T11:00:00Z,2026-09-29T11:45:03Z,116.0,116.0,False,N,0.0,-391.1666666666667,0.0,0.0,,,745.4,-1136.6333333333334,0.0,0.0,745.4,-1135.6333333333334,,
2026-09-28,26,2026-09-28T11:30:00Z,2026-09-29T12:15:02Z,125.0,125.0,False,N,0.0,-26.699569735819736,0.0,0.0,,,781.8472222222222,-808.6610534395235,0.0,0.0,781.8472222222222,-807.6610534395235,,
2026-09-28,27,2026-09-28T12:00:00Z,2026-09-29T12:44:35Z,116.35,116.35,False,N,0.0,-448.7016387321937,0.0,0.0,,,787.6827777777778,-1236.7627498433048,0.0,0.0,787.6827777777778,-1235.7627498433048,,
2026-09-28,28,2026-09-28T12:30:00Z,2026-09-29T13:14:34Z,125.0,125.0,False,N,0.0,-56.389470833333334,0.0,0.0,,,786.7333315263539,-843.4044455569793,0.0,0.0,786.7333315263539,-842.4044455569793,,
2026-09-28,29,2026-09-28T13:00:00Z,2026-09-29T13:44:50Z,110.0,110.0,False,N,0.0,-502.0213070758408,0.0,0.0,,,855.4583439393939,-1357.5041215202853,0.0,0.0,855.4583439393939,-1356.5041215202853,,
2026-09-28,30,2026-09-28T13:30:00Z,2026-09-29T14:14:32Z,125.0,125.0,False,N,0.0,-287.1188627437028,0.0,0.0,,,987.6923202614379,-1274.9871993940296,0.0,0.0,987.6923202614379,-1273.9871993940296,,
2026-09-28,31,2026-09-28T14:00:00Z,2026-09-29T14:45:05Z,120.0,120.0,False,N,0.0,-325.1835782111135,0.0,0.0,,,882.4633746051895,-1457.803480171898,0.0,250.0,882.4633746051895,-1456.803480171898,,250.0
2026-09-28,32,2026-09-28T14:30:00Z,2026-09-29T15:14:40Z,144.74,144.74,False,P,0.0,11.517750904891141,0.0,0.0,,,684.6900958333333,-923.4911785453256,0.0,250.0,684.6900958333333,-923.4911785453256,,249.0
2026-09-28,33,2026-09-28T15:00:00Z,2026-09-29T15:44:27Z,228.0,228.0,False,P,0.0,437.0724911390924,0.0,0.0,,,557.1333336111111,-1370.210842194241,0.0,1250.0,557.1333336111111,-1370.210842194241,,1249.0
2026-09-28,34,2026-09-28T15:30:00Z,2026-09-29T16:14:56Z,232.2,232.2,False,P,0.0,599.5628738262593,0.0,0.0,,,607.0000036274445,-1258.0762928404074,0.0,1250.0,607.0000036274445,-1258.0762928404074,,1249.0
2026-09-28,35,2026-09-28T16:00:00Z,2026-09-29T16:44:27Z,297.11,297.11,False,P,0.0,122.64302129888172,0.0,0.0,,,397.7170493404189,-1175.0403120344515,0.0,900.0,397.7170493404189,-1175.0403120344515,,899.0
2026-09-28,36,2026-09-28T16:30:00Z,2026-09-29T17:14:36Z,295.67,295.67,False,P,0.0,50.985594404761905,0.0,0.0,,,392.0000025,-1241.2160722619049,0.0,900.0,392.0000025,-1241.2160722619049,,899.0
2026-09-28,37,2026-09-28T17:00:00Z,2026-09-29T17:44:31Z,350.22,350.22,False,P,0.0,29.401578842598767,0.0,0.0,,,392.00000228394447,-1362.6956433796236,0.0,1000.0,392.00000228394447,-1362.6956433796236,,999.0
2026-09-28,38,2026-09-28T17:30:00Z,2026-09-29T18:14:25Z,192.0,192.0,False,N,0.0,-113.65013006033394,0.0,0.0,,,392.0,-1506.015748810334,0.0,1000.0,392.0,-1505.015748810334,,1000.0
2026-09-28,39,2026-09-28T18:00:00Z,2026-09-29T18:44:36Z,196.06742232204485,196.06742232204485,False,N,0.0,-2.4448444949424104,0.0,0.0,,,327.9333353377485,-1580.7138921338312,0.0,1250.0,327.9333353377485,-1579.7138921338312,,1250.0
2026-09-28,40,2026-09-28T18:30:00Z,2026-09-29T19:14:43Z,250.0,250.0,False,P,0.0,109.1587532746314,0.0,0.0,,,196.40266794528625,-1337.6873406142574,0.0,1250.0,195.40266794528625,-1337.6873406142574,,1250.0
2026-09-28,41,2026-09-28T19:00:00Z,2026-09-29T19:44:29Z,135.0,135.0,False,N,0.0,-206.7233918554178,0.0,0.0,,,47.09266842180543,-1004.2016643554178,0.0,750.0,47.09266842180543,-1003.2016643554178,,750.0
2026-09-28,42,2026-09-28T19:30:00Z,2026-09-29T20:14:25Z,133.67,133.67,False,N,0.0,-76.94464341269841,0.0,0.0,,,0.0,-827.180060079365,0.0,750.0,0.0,-826.180060079365,,750.0
2026-09-28,43,2026-09-28T20:00:00Z,2026-09-29T20:44:32Z,127.0,127.0,False,N,0.0,-93.54324948593073,0.0,0.0,,,0.04166669537037037,-843.8432494859308,0.0,750.0,0.04166669537037037,-842.8432494859308,,750.0
2026-09-28,44,2026-09-28T20:30:00Z,2026-09-29T21:14:29Z,193.0,193.0,False,P,0.0,56.16354912037037,0.0,0.0,,,82.85949777777778,-777.1171922457454,0.0,750.0,82.85949777777778,-777.1171922457454,,749.0
2026-09-28,45,2026-09-28T21:00:00Z,2026-09-29T21:44:29Z,126.76,126.76,False,N,0.0,-34.99985119047619,0.0,0.0,,,259.0,-294.43110119047617,0.0,0.0,259.0,-293.43110119047617,,
2026-09-28,46,2026-09-28T21:30:00Z,2026-09-29T22:14:23Z,155.22,155.22,False,P,0.0,52.67541666666666,0.0,0.0,155.22,0.0,262.8575,-210.50044540229885,0.0,0.0,261.8575,-210.50044540229885,,
2026-09-28,47,2026-09-28T22:00:00Z,2026-09-29T22:44:29Z,200.0,200.0,False,P,0.0,223.02199503367004,0.0,0.0,200.0,1.0,426.03657836700336,-320.4230493994213,0.0,117.5,425.03657836700336,-320.4230493994213,,117.5
2026-09-28,48,2026-09-28T22:30:00Z,2026-09-29T23:14:32Z,220.0,220.0,False,P,0.0,292.6014117327117,0.0,0.0,220.0,1.0,506.90151659382286,-331.8252770299145,0.0,117.5,505.90151659382286,-331.8252770299145,,117.5
2026-09-29,1,2026-09-28T23:00:00Z,2026-09-29T23:44:45Z,179.0,179.0,False,P,0.0,69.97777777777777,0.0,0.0,,,450.81666666666666,-498.4322222222222,0.0,117.5,449.81666666666666,-498.4322222222222,,117.5
2026-09-29,2,2026-09-28T23:30:00Z,2026-09-30T00:14:28Z,124.52,124.52,False,N,0.0,-42.871667879629626,0.0,0.0,,,363.30798957738097,-523.9417057702317,0.0,117.5,363.30798957738097,-522.9417057702317,,117.5
2026-09-29,3,2026-09-29T00:00:00Z,2026-09-30T00:44:30Z,120.01,120.01,False,N,0.0,-124.2189774537037,0.0,0.0,,,447.5,-689.903699675926,0.0,117.5,447.5,-688.903699675926,,117.5
2026-09-29,4,2026-09-29T00:30:00Z,2026-09-30T01:14:26Z,120.01,120.01,False,N,0.0,-225.15188469664594,0.0,0.0,,,447.5,-790.7700103655142,0.0,117.5,447.5,-789.7700103655142,,117.5
2026-09-29,5,2026-09-29T01:00:00Z,2026-09-30T01:44:49Z,120.01,120.01,False,N,0.0,-134.7174413497151,0.0,0.0,,,512.000000006164,-764.5712869052707,0.0,117.5,512.000000006164,-763.5712869052707,,117.5
2026-09-29,6,2026-09-29T01:30:00Z,2026-09-30T02:16:06Z,115.0,115.0,False,N,0.0,-192.67737980380457,0.0,0.0,,,473.69166364857637,-783.6051686287351,0.0,117.5,473.69166364857637,-782.6051686287351,,117.5
2026-09-29,7,2026-09-29T02:00:00Z,2026-09-30T02:45:14Z,105.01,105.01,False,N,0.0,-244.32764236111112,0.0,0.0,,,448.55,-810.3526423611111,0.0,117.5,448.55,-809.3526423611111,,117.5
2026-09-29,8,2026-09-29T02:30:00Z,2026-09-30T03:14:28Z,105.0,105.0,False,N,0.0,-324.2630170920302,0.0,0.0,105.0,1.0,479.39382416666666,-921.5237932229826,0.0,117.5,479.39382416666666,-920.5237932229826,,117.5
2026-09-29,9,2026-09-29T03:00:00Z,2026-09-30T03:44:22Z,105.0,105.0,False,N,0.0,-266.23541694444447,0.0,0.0,105.0,1.0,613.0983333333334,-996.9187502777778,0.0,117.5,613.0983333333334,-995.9187502777778,,117.5
2026-09-29,10,2026-09-29T03:30:00Z,2026-09-30T04:14:23Z,104.61756747822066,104.61756747822066,False,N,0.0,-280.28083875,0.0,0.0,104.77440486111111,1.0,992.475,-1390.6229205555555,0.0,117.5,992.475,-1389.6229205555555,,117.5
2026-09-29,11,2026-09-29T04:00:00Z,2026-09-30T04:44:25Z,114.43,114.43,False,N,0.0,-38.54121368055556,0.0,0.0,,,1192.3316666695014,-2098.6615836805554,0.0,867.5,1192.3316666695014,-2097.6615836805554,,867.5
2026-09-29,12,2026-09-29T04:30:00Z,2026-09-30T05:14:44Z,165.67,165.67,False,P,0.0,146.0842416883117,0.0,0.0,,,1494.5999956565656,-2215.8546466450216,0.0,867.5,1494.5999956565656,-2215.8546466450216,,866.5
2026-09-29,13,2026-09-29T05:00:00Z,2026-09-30T05:44:23Z,160.0,160.0,False,P,0.0,5.825198373015873,0.0,0.0,,,1738.1244441269841,-2600.0205794940475,0.0,867.5,1737.1244441269841,-2600.0205794940475,,867.5
2026-09-29,14,2026-09-29T05:30:00Z,2026-09-30T06:14:31Z,194.02,194.02,False,P,0.0,323.82864589711556,0.0,0.0,,,2335.070293770134,-2878.9462040756284,0.0,867.5,2335.070293770134,-2878.9462040756284,,866.5
2026-09-29,15,2026-09-29T06:00:00Z,2026-09-30T06:44:27Z,187.87,187.87,False,P,0.0,256.10633703351647,0.0,0.0,,,2617.801005098993,-2811.591130227242,0.0,450.0,2617.801005098993,-2811.591130227242,,449.0
2026-09-29,16,2026-09-29T06:30:00Z,2026-09-30T07:14:23Z,195.0,195.0,False,P,0.0,499.73013899224486,0.0,0.0,,,2863.003656135102,-2813.3175158928443,0.0,450.0,2862.003656135102,-2813.3175158928443,,450.0
2026-09-29,17,2026-09-29T07:00:00Z,2026-09-30T07:44:29Z,162.0,162.0,False,P,0.0,214.82159365990117,0.0,0.0,,,2574.588288398966,-2609.6259697284095,0.0,250.0,2574.588288398966,-2609.6259697284095,,249.0
2026-09-29,18,2026-09-29T07:30:00Z,2026-09-30T08:14:34Z,159.3,159.3,False,N,0.0,-88.29925298238798,0.0,0.0,159.3,0.0,2210.7017597683757,-2548.827397847938,0.0,250.0,2210.7017597683757,-2547.827397847938,,250.0
2026-09-29,19,2026-09-29T08:00:00Z,2026-09-30T08:44:25Z,154.41020408163266,154.41020408163266,False,P,0.0,116.17574153935976,0.0,0.0,,,2421.2754397526014,-2555.0372539626255,0.0,250.0,2421.2754397526014,-2555.0372539626255,,249.0
2026-09-29,20,2026-09-29T08:30:00Z,2026-09-30T09:14:37Z,195.0,195.0,False,P,0.0,313.2137335128267,0.0,0.0,,,2620.2442964017155,-2556.9831224136665,0.0,250.0,2619.2442964017155,-2556.9831224136665,,250.0
2026-09-29,21,2026-09-29T09:00:00Z,2026-09-30T09:44:24Z,53.09861468657953,53.09861468657953,False,N,0.0,-517.8470863072913,0.0,0.0,53.306,1.0,2199.9070803321542,-2718.0710881855985,0.0,0.0,2199.9070803321542,-2717.0710881855985,,
2026-09-29,22,2026-09-29T09:30:00Z,2026-09-30T10:14:33Z,48.00687096581752,48.00687096581752,False,N,0.0,-571.8446021836166,0.0,0.0,48.926,1.0,2163.9767910867886,-2735.7636122338813,0.0,0.0,2163.9767910867886,-2734.7636122338813,,
2026-09-29,23,2026-09-29T10:00:00Z,2026-09-30T10:45:29Z,73.48,73.48,False,N,0.0,-574.9961872479613,0.0,0.0,73.48,0.0,2075.118395935124,-2649.9979492208513,0.0,0.0,2075.118395935124,-2648.9979492208513,,
2026-09-29,24,2026-09-29T10:30:00Z,2026-09-30T11:14:23Z,85.53,85.53,False,N,0.0,-7.542086109147139,0.0,0.0,85.53,0.0,2710.538865908511,-2718.0340188092423,0.0,0.0,2710.538865908511,-2717.0340188092423,,
2026-09-29,25,2026-09-29T11:00:00Z,2026-09-30T11:45:00Z,95.5,95.5,False,N,0.0,-19.374756195549303,0.0,0.0,95.5,0.14675347222222224,2671.9278737515992,-2690.644731421576,0.0,0.0,2671.9278737515992,-2689.644731421576,,
2026-09-29,26,2026-09-29T11:30:00Z,2026-09-30T12:14:57Z,165.1,165.1,False,P,0.0,438.01493882329993,0.0,0.0,,,3015.924520289803,-2577.8590795319446,0.0,0.0,3014.924520289803,-2577.8590795319446,,
2026-09-29,27,2026-09-29T12:00:00Z,2026-09-30T12:44:45Z,162.37,162.37,False,P,0.0,821.2195628816596,0.0,0.0,,,2842.883947326104,-2621.548969341598,0.0,600.0,2841.883947326104,-2621.548969341598,,600.0
2026-09-29,28,2026-09-29T12:30:00Z,2026-09-30T13:14:32Z,177.5,177.5,False,P,0.0,808.1177990145628,0.0,0.0,,,2930.1218665293295,-2721.630561853788,0.0,600.0,2929.1218665293295,-2721.630561853788,,600.0
2026-09-29,29,2026-09-29T13:00:00Z,2026-09-30T13:44:38Z,185.0,185.0,False,P,0.0,941.3935044898016,0.0,0.0,,,3393.136821239754,-3051.5518579637865,0.0,600.0,3392.136821239754,-3051.5518579637865,,600.0
2026-09-29,30,2026-09-29T13:30:00Z,2026-09-30T14:14:36Z,115.0,115.0,False,P,0.0,577.11567718293,0.0,0.0,,,3225.1803624972576,-3247.870580338768,0.0,600.0,3225.1803624972576,-3247.870580338768,,599.0
2026-09-29,31,2026-09-29T14:00:00Z,2026-09-30T14:45:07Z,135.54,135.54,False,P,0.0,262.2851904984235,0.0,0.0,,,3158.7171349685045,-3496.0561459430646,0.0,600.0,3158.7171349685045,-3496.0561459430646,,599.0
2026-09-29,32,2026-09-29T14:30:00Z,2026-09-30T15:14:27Z,193.0561814793292,193.0561814793292,False,P,0.0,616.178667190342,0.0,0.0,,,3515.493516851778,-3499.1224642349002,0.0,600.0,3514.493516851778,-3499.1224642349002,,600.0
2026-09-29,33,2026-09-29T15:00:00Z,2026-09-30T15:44:26Z,184.0,184.0,False,P,0.0,566.4094168145743,0.0,0.0,,,3338.695131440803,-3522.2114928968253,0.0,750.0,3338.695131440803,-3522.2114928968253,,749.0
2026-09-29,34,2026-09-29T15:30:00Z,2026-09-30T16:14:31Z,220.0,220.0,False,P,0.0,1151.0368969051312,0.0,0.0,,,4037.0946952180557,-3635.5187498096925,0.0,750.0,4036.0946952180557,-3635.5187498096925,,750.0
2026-09-29,35,2026-09-29T16:00:00Z,2026-09-30T16:44:42Z,215.0,215.0,False,P,0.0,836.4587296640638,0.0,0.0,,,4551.177340775175,-4464.470683450854,0.0,750.0,4550.177340775175,-4464.470683450854,,750.0
2026-09-29,36,2026-09-29T16:30:00Z,2026-09-30T17:14:22Z,222.0,222.0,False,P,0.0,1337.9440817145369,0.0,0.0,,,5213.398248381203,-4625.076876064815,0.0,750.0,5212.398248381203,-4625.076876064815,,750.0
2026-09-29,37,2026-09-29T17:00:00Z,2026-09-30T17:44:23Z,220.0,220.0,False,P,0.0,1124.319765968484,0.0,0.0,,,4859.692067218484,-4485.0354875,0.0,750.0,4858.692067218484,-4485.0354875,,750.0
2026-09-29,38,2026-09-29T17:30:00Z,2026-09-30T18:14:22Z,220.0,220.0,False,P,0.0,1232.554319591413,0.0,0.0,,,4877.237096535858,-4394.064981839436,0.0,750.0,4876.237096535858,-4394.064981839436,,750.0
2026-09-29,39,2026-09-29T18:00:00Z,2026-09-30T18:44:36Z,191.0,191.0,False,P,0.0,334.7898552172555,0.0,0.0,,,4371.4150809117,-4486.600766954475,0.0,450.0,4371.4150809117,-4486.600766954475,,449.0
2026-09-29,40,2026-09-29T18:30:00Z,2026-09-30T19:14:21Z,215.0,215.0,False,P,0.0,466.421395765143,0.0,0.0,,,4328.516950824667,-4291.551576968906,-20.826,450.0,4327.516950824667,-4291.551576968906,-20.826,450.0
2026-09-29,41,2026-09-29T19:00:00Z,2026-09-30T19:44:56Z,158.0,158.0,False,P,0.0,451.29278416727175,0.0,0.0,,,4015.268855217108,-4153.8307812280655,-10.34,600.0,4015.268855217108,-4153.8307812280655,-10.34,599.0
2026-09-29,42,2026-09-29T19:30:00Z,2026-09-30T20:15:50Z,151.0,151.0,False,P,0.0,120.15004672568172,0.0,0.0,,,3658.4766340867927,-4137.946267480159,0.0,600.0,3658.4766340867927,-4137.946267480159,,599.0
2026-09-29,43,2026-09-29T20:00:00Z,2026-09-30T20:44:27Z,145.94,145.94,False,P,0.0,186.13104056748563,0.0,0.0,,,3707.1240706927515,-4120.043093406385,0.0,599.5,3707.1240706927515,-4120.043093406385,,598.5
2026-09-29,44,2026-09-29T20:30:00Z,2026-09-30T21:14:24Z,69.48,69.48,False,N,0.0,-62.37566022222222,0.0,0.0,69.48,1.0,3246.4525360674584,-3908.6975225502647,0.0,599.5,3246.4525360674584,-3907.6975225502647,,599.5
2026-09-29,45,2026-09-29T21:00:00Z,2026-09-30T21:44:22Z,64.51962037732575,64.51962037732575,False,N,0.0,-243.51918678030302,0.0,0.0,64.77266666666667,1.0,3081.8169901641413,-3925.5125751388887,0.0,600.0,3081.8169901641413,-3924.5125751388887,,600.0
2026-09-29,46,2026-09-29T21:30:00Z,2026-09-30T22:14:34Z,43.03999999999999,43.03999999999999,False,N,0.0,-89.55990696043771,0.0,0.0,,,3123.9670107247475,-3813.522728712963,0.0,600.0,3123.9670107247475,-3812.522728712963,,600.0
2026-09-29,47,2026-09-29T22:00:00Z,2026-09-30T22:44:28Z,42.14880716238919,42.14880716238919,False,N,0.0,-52.530854965277776,0.0,0.0,,,3719.9491450347223,-3772.385492488426,0.0,0.0,3719.9491450347223,-3771.385492488426,,
2026-09-29,48,2026-09-29T22:30:00Z,2026-09-30T23:14:50Z,40.90999999999999,40.90999999999999,False,N,0.0,-71.72132817307693,0.0,0.0,40.91,1.0,3539.1875267288838,-3610.4009520491604,0.0,0.0,3539.1875267288838,-3609.4009520491604,,
2026-09-30,1,2026-09-29T23:00:00Z,2026-09-30T23:44:32Z,29.37970641121515,29.37970641121515,False,N,0.0,-192.73904604497355,0.0,0.0,29.52375,1.0,3320.6559539550262,-3513.7987317328043,0.0,0.0,3320.6559539550262,-3512.7987317328043,,
2026-09-30,2,2026-09-29T23:30:00Z,2026-10-01T00:14:26Z,22.91832158952749,22.91832158952749,False,N,0.0,-206.60442441498316,0.0,0.0,23.000333333333334,1.0,3096.9039057239056,-3303.2252349007936,0.0,0.0,3096.9039057239056,-3302.2252349007936,,
2026-09-30,3,2026-09-30T00:00:00Z,2026-10-01T00:44:25Z,57.46,57.46,False,N,0.0,-423.5697796178821,0.0,0.0,57.46,0.0,2812.856331493229,-3237.1078849397823,0.0,0.0,2812.856331493229,-3236.1078849397823,,
2026-09-30,4,2026-09-30T00:30:00Z,2026-10-01T01:15:00Z,52.32,52.32,False,N,0.0,-482.08884242724866,0.0,0.0,52.32,0.0,2618.2208797949734,-3100.5439618055557,0.0,0.0,2618.2208797949734,-3099.5439618055557,,
2026-09-30,5,2026-09-30T01:00:00Z,2026-10-01T01:44:23Z,48.89999999999999,48.89999999999999,False,N,0.0,-378.54449650981394,0.0,0.0,48.9,0.0,2619.678717915654,-2998.2168508123527,0.0,0.0,2619.678717915654,-2997.2168508123527,,
2026-09-30,6,2026-09-30T01:30:00Z,2026-10-01T02:16:39Z,45.25999999999999,45.25999999999999,False,N,0.0,-47.00796981060606,0.0,0.0,45.26,0.0,2834.8270053914143,-2881.6182391955267,0.0,0.0,2834.8270053914143,-2880.6182391955267,,
2026-09-30,7,2026-09-30T02:00:00Z,2026-10-01T02:45:45Z,45.15999999999999,45.15999999999999,False,N,0.0,-308.95917778439156,0.0,0.0,45.16,0.0,2493.023877771164,-2801.8732423863635,0.0,0.0,2493.023877771164,-2800.8732423863635,,
2026-09-30,8,2026-09-30T02:30:00Z,2026-10-01T03:14:34Z,50.56,50.56,False,N,0.0,-271.9836352702037,0.0,0.0,50.56,0.0,2671.29526086616,-2943.1947119772713,0.0,0.0,2671.29526086616,-2942.1947119772713,,
2026-09-30,9,2026-09-30T03:00:00Z,2026-10-01T03:44:28Z,45.40999999999999,45.40999999999999,False,N,0.0,-431.14598151945125,0.0,0.0,45.41,0.0,2646.196427013556,-3077.118658476522,0.0,0.0,2646.196427013556,-3076.118658476522,,
2026-09-30,10,2026-09-30T03:30:00Z,2026-10-01T04:14:37Z,47.36999999999999,47.36999999999999,False,N,0.0,-674.4073882019387,0.0,0.0,47.37,0.0,2627.8937411006395,-3301.9535326085042,0.0,0.0,2627.8937411006395,-3300.9535326085042,,
2026-09-30,11,2026-09-30T04:00:00Z,2026-10-01T04:44:21Z,55.0,55.0,False,N,0.0,-477.1082435042735,0.0,0.0,55.0,0.13333333333333333,3055.731534412393,-3532.730649455128,0.0,0.0,3055.731534412393,-3531.730649455128,,
2026-09-30,12,2026-09-30T04:30:00Z,2026-10-01T05:14:24Z,165.9,165.9,False,P,0.0,127.0400726741602,0.0,0.0,,,3754.4029719102714,-3627.06989642936,0.0,0.0,3753.4029719102714,-3627.06989642936,,
2026-09-30,13,2026-09-30T05:00:00Z,2026-10-01T05:44:24Z,176.0,176.0,False,P,0.0,442.18591150745004,0.0,0.0,,,4019.0710225572866,-3726.6067859197988,0.0,150.0,4018.0710225572866,-3726.6067859197988,,150.0
2026-09-30,14,2026-09-30T05:30:00Z,2026-10-01T06:14:25Z,178.6,178.6,False,P,0.0,194.35988977311888,0.0,0.0,,,3832.8409837957315,-3788.317146047167,0.0,150.0,3831.8409837957315,-3788.317146047167,,150.0
2026-09-30,15,2026-09-30T06:00:00Z,2026-10-01T06:44:23Z,185.8,185.8,False,P,0.0,308.5749094505377,0.0,0.0,,,3963.1441559187915,-3954.29094204313,0.0,300.0,3962.1441559187915,-3954.29094204313,,300.0
2026-09-30,16,2026-09-30T06:30:00Z,2026-10-01T07:14:33Z,199.0,199.0,False,P,0.0,890.2612787911806,0.0,0.0,,,4435.073473586933,-3844.443460505364,0.0,300.0,4434.073473586933,-3844.443460505364,,300.0
2026-09-30,17,2026-09-30T07:00:00Z,2026-10-01T07:44:28Z,214.0,214.0,False,P,0.0,606.3678550830033,0.0,0.0,,,4245.791535638559,-3639.163445277314,0.0,0.0,4244.791535638559,-3639.163445277314,,
2026-09-30,18,2026-09-30T07:30:00Z,2026-10-01T08:14:25Z,214.95,214.95,False,P,0.0,448.97075173809526,0.0,0.0,,,3913.661029515873,-3464.5979194310967,0.0,0.0,3912.661029515873,-3464.5979194310967,,
2026-09-30,19,2026-09-30T08:00:00Z,2026-10-01T08:44:25Z,113.56005904846594,113.56005904846594,False,N,0.0,-309.50644739959114,0.0,0.0,113.56741666666667,1.0,2880.3699416281866,-3189.279121663059,0.0,0.0,2880.3699416281866,-3188.279121663059,,
2026-09-30,20,2026-09-30T08:30:00Z,2026-10-01T09:14:49Z,25.89,25.89,False,N,0.0,-590.8040125694445,0.0,0.0,,,2319.4907096527777,-2910.228484097222,0.0,0.0,2319.4907096527777,-2909.228484097222,,
2026-09-30,21,2026-09-30T09:00:00Z,2026-10-01T09:44:24Z,3.37,3.37,False,N,0.0,-346.58389069444445,0.0,0.0,,,2337.8458315277776,-2684.0116666666668,0.0,0.0,2337.8458315277776,-2683.0116666666668,,
2026-09-30,22,2026-09-30T09:30:00Z,2026-10-01T10:14:29Z,61.00910432130581,61.00910432130581,False,N,0.0,-379.6308087311598,0.0,0.0,61.07044555555556,1.0,2111.30974876884,-2490.4030600732394,0.0,0.0,2111.30974876884,-2489.4030600732394,,
2026-09-30,23,2026-09-30T10:00:00Z,2026-10-01T10:44:24Z,78.17,78.17,False,N,0.0,-11.971798571428572,0.0,0.0,,,2193.5845951785714,-2206.143522361111,0.0,0.0,2193.5845951785714,-2205.143522361111,,
2026-09-30,24,2026-09-30T10:30:00Z,2026-10-01T11:14:21Z,49.89999999999999,49.89999999999999,False,N,0.0,-63.518285416666664,0.0,0.0,,,1943.3111158333334,-2007.0269445833333,0.0,0.0,1943.3111158333334,-2006.0269445833333,,
2026-09-30,25,2026-09-30T11:00:00Z,2026-10-01T11:44:23Z,187.63684017095653,187.63684017095653,False,P,0.0,241.24334107852732,0.0,0.0,,,2109.5416744118606,-1868.1483381251128,0.0,0.0,2108.5416744118606,-1868.1483381251128,,
2026-09-30,26,2026-09-30T11:30:00Z,2026-10-01T12:14:23Z,184.9,184.9,False,P,0.0,0.16719737103174603,0.0,0.0,,,2023.6492423611112,-2024.2161359623017,0.0,0.0,2023.4820449900794,-2024.2161359623017,,
2026-09-30,27,2026-09-30T12:00:00Z,2026-10-01T12:46:45Z,70.15,70.15,False,N,0.0,-126.38811275098067,0.0,0.0,,,2027.4166666760389,-2881.591446084314,-11.44,739.0,2027.4166666760389,-2880.591446084314,-11.44,739.0
2026-09-30,28,2026-09-30T12:30:00Z,2026-10-01T13:14:22Z,49.89999999999999,49.89999999999999,False,N,0.0,-295.749564554881,0.0,0.0,,,1971.5300883694874,-2994.947066272053,-11.44,739.0,1971.5300883694874,-2993.947066272053,-11.44,739.0
2026-09-30,29,2026-09-30T13:00:00Z,2026-10-01T13:44:26Z,60.0,60.0,False,N,0.0,-188.9365020436508,0.0,0.0,,,1964.0001628571429,-2891.709002043651,-11.44,750.0,1964.0001628571429,-2890.709002043651,-11.44,750.0
2026-09-30,30,2026-09-30T13:30:00Z,2026-10-01T14:14:29Z,49.89999999999999,49.89999999999999,False,N,0.0,-500.5401511742424,0.0,0.0,,,1964.8507575757576,-3203.985832916667,-11.44,750.0,1964.8507575757576,-3202.985832916667,-11.44,750.0
2026-09-30,31,2026-09-30T14:00:00Z,2026-10-01T14:44:41Z,25.25,25.25,False,N,0.0,-673.6908724482925,0.0,0.0,,,1996.025624549062,-3408.405015330688,-11.44,750.0,1996.025624549062,-3407.405015330688,-11.44,750.0
2026-09-30,32,2026-09-30T14:30:00Z,2026-10-01T15:14:32Z,25.25,25.25,False,N,0.0,-656.8531926336651,0.0,0.0,,,2150.1325882502183,-3545.7844255850746,-11.44,750.0,2150.1325882502183,-3544.7844255850746,-11.44,750.0
2026-09-30,33,2026-09-30T15:00:00Z,2026-10-01T15:44:38Z,60.0,60.0,False,N,0.0,-299.3553984035409,0.0,0.0,,,2067.709366970391,-3606.014137748779,-11.44,1250.0,2067.709366970391,-3605.014137748779,-11.44,1250.0
2026-09-30,34,2026-09-30T15:30:00Z,2026-10-01T16:14:49Z,79.0,79.0,False,N,0.0,-58.67248885406261,0.0,0.0,,,2310.6246415815667,-3607.22826989418,-11.44,1250.0,2310.6246415815667,-3606.22826989418,-11.44,1250.0
2026-09-30,35,2026-09-30T16:00:00Z,2026-10-01T16:44:33Z,75.0,75.0,False,N,0.0,-111.28918657828282,0.0,0.0,75.0,1.0,2511.0560250619287,-3860.6069612794613,-11.44,1250.0,2511.0560250619287,-3859.6069612794613,-11.44,1250.0
2026-09-30,36,2026-09-30T16:30:00Z,2026-10-01T17:14:59Z,115.29999999999998,115.29999999999998,False,N,0.0,-76.42543101934524,0.0,0.0,,,2782.06024416584,-4096.965688597884,-11.44,1250.0,2782.06024416584,-4095.9656885978834,-11.44,1250.0
2026-09-30,37,2026-09-30T17:00:00Z,2026-10-01T17:44:28Z,75.75,75.75,False,N,0.0,-504.46449074074076,0.0,0.0,,,2553.5516203703705,-4458.016111111111,0.0,1400.0,2553.5516203703705,-4457.016111111111,,1400.0
2026-09-30,38,2026-09-30T17:30:00Z,2026-10-01T18:14:31Z,125.39,125.39,False,N,0.0,-269.2283286507936,0.0,0.0,,,2671.7529632010583,-4340.5896251851855,0.0,1400.0,2671.7529632010583,-4339.5896251851855,,1400.0
2026-09-30,39,2026-09-30T18:00:00Z,2026-10-01T18:44:35Z,201.75018181818183,201.75018181818183,False,P,0.0,180.55917226851852,0.0,0.0,,,2824.7245533493106,-4044.104092113629,0.0,1400.0,2824.7245533493106,-4044.104092113629,,1399.0
2026-09-30,40,2026-09-30T18:30:00Z,2026-10-01T19:14:37Z,172.42,172.42,False,N,0.0,-152.4251073046398,0.0,0.0,172.42,0.0,2520.08817644536,-4071.9967807539683,0.0,1400.0,2520.08817644536,-4070.9967807539683,,1400.0
2026-09-30,41,2026-09-30T19:00:00Z,2026-10-01T19:44:41Z,169.22,169.22,False,N,0.0,-174.69127370215463,0.0,0.0,169.22,0.0,2290.684652594137,-3714.290387826355,0.0,1250.0,2290.684652594137,-3713.290387826355,,1250.0
2026-09-30,42,2026-09-30T19:30:00Z,2026-10-01T20:14:31Z,158.01,158.01,False,N,0.0,-245.78918419612793,0.0,0.0,158.01,0.0,2203.1678396133957,-3698.090277777778,0.0,1250.0,2203.1678396133957,-3697.090277777778,,1250.0
2026-09-30,43,2026-09-30T20:00:00Z,2026-10-01T20:44:38Z,145.41,145.41,False,N,0.0,-82.94534225228475,0.0,0.0,145.41,0.0,3115.6307688588263,-3198.424722222222,0.0,0.0,3115.6307688588263,-3197.424722222222,,
2026-09-30,44,2026-09-30T20:30:00Z,2026-10-01T21:14:36Z,203.9,203.9,False,P,0.0,405.8031725964175,0.0,0.0,,,3178.7011801414014,-2773.26500367017,0.0,0.0,3177.7011801414014,-2773.26500367017,,
2026-09-30,45,2026-09-30T21:00:00Z,2026-10-01T21:45:10Z,138.15013333333334,138.15013333333334,False,P,0.0,48.47726589021627,0.0,0.0,,,2611.9107338994663,-2864.0257322328,0.0,300.0,2611.9107338994663,-2864.0257322328,,299.0
2026-09-30,46,2026-09-30T21:30:00Z,2026-10-01T22:15:12Z,107.0,107.0,False,N,0.0,-212.07299019228483,0.0,0.0,107.0,1.0,2327.4340095321418,-2840.2678208613606,0.0,300.0,2327.4340095321418,-2839.2678208613606,,300.0
2026-09-30,47,2026-09-30T22:00:00Z,2026-10-01T22:44:32Z,107.0,107.0,False,N,0.0,-505.8089768452381,0.0,0.0,107.0,1.0,1814.7173326785714,-2690.90753109127,0.0,370.0,1814.7173326785714,-2689.90753109127,,370.0
2026-09-30,48,2026-09-30T22:30:00Z,2026-10-01T23:14:45Z,140.16,140.16,False,P,0.0,43.63322293237127,0.0,0.0,,,2137.717952376816,-2464.1061175,0.0,370.0,2137.717952376816,-2464.1061175,,369.0
