settlementDate,settlementPeriod,startTime,createdDateTime,bmUnit,bmUnitType,leadPartyName,nationalGridBmUnit,bidOfferPairCashflows,totalCashflow,side
2026-09-01,1,2026-08-31T23:00:00Z,2026-09-01T23:44:26Z,T_LKSDB-1,T,Lakeside Energy Storage Ltd,LKSDB-1,"{'negative1': -5178.984947136, 'positive1': 0.0, 'negative2': 0.0, 'positive2': 0.0, 'negative3': None, 'positive3': None, 'negative4': None, 'positive4': None, 'negative5': None, 'positive5': None, 'negative6': None, 'positive6': None}",-5178.984947136,bid
2026-09-01,2,2026-08-31T23:30:00Z,2026-09-02T00:14:27Z,T_LKSDB-1,T,Lakeside Energy Storage Ltd,LKSDB-1,"{'negative1': -5183.4345552, 'positive1': 0.0, 'negative2': 0.0, 'positive2': 0.0, 'negative3': None, 'positive3': None, 'negative4': None, 'positive4': None, 'negative5': None, 'positive5': None, 'negative6': None, 'positive6': None}",-5183.4345552,bid
2026-09-01,3,2026-09-01T00:00:00Z,2026-09-02T00:44:28Z,T_LKSDB-1,T,Lakeside Energy Storage Ltd,LKSDB-1,"{'negative1': -562.72536, 'positive1': 0.0, 'negative2': -2093.4198936, 'positive2': 0.0, 'negative3': 0.0, 'positive3': None, 'negative4': None, 'positive4': None, 'negative5': None, 'positive5': None, 'negative6': None, 'positive6': None}",-2656.1452536,bid
2026-09-01,4,2026-09-01T00:30:00Z,2026-09-02T01:14:26Z,T_LKSDB-1,T,Lakeside Energy Storage Ltd,LKSDB-1,"{'negative1': -3274.47440352, 'positive1': 0.0, 'negative2': -4244.952190464, 'positive2': 0.0, 'negative3': 0.0, 'positive3': None, 'negative4': None, 'positive4': None, 'negative5': None, 'positive5': None, 'negative6': None, 'positive6': None}",-7519.426593984,bid
2026-09-01,5,2026-09-01T01:00:00Z,2026-09-02T01:44:31Z,T_LKSDB-1,T,Lakeside Energy Storage Ltd,LKSDB-1,"{'negative1': -217.9949112, 'positive1': 0.0, 'negative2': 0.0, 'positive2': 0.0, 'negative3': None, 'positive3': None, 'negative4': None, 'positive4': None, 'negative5': None, 'positive5': None, 'negative6': None, 'positive6': None}",-217.9949112,bid
2026-09-01,7,2026-09-01T02:00:00Z,2026-09-02T02:44:53Z,T_LKSDB-1,T,Lakeside Energy Storage Ltd,LKSDB-1,"{'negative1': -377.23803264, 'positive1': 0.0, 'negative2': 0.0, 'positive2': 0.0, 'negative3': 0.0, 'positive3': None, 'negative4': None, 'positive4': None, 'negative5': None, 'positive5': None, 'negative6': None, 'positive6': None}",-377.23803264,bid
2026-09-01,8,2026-09-01T02:30:00Z,2026-09-02T03:14:33Z,T_LKSDB-1,T,Lakeside Energy Storage Ltd,LKSDB-1,"{'negative1': -337.3089984, 'positive1': 0.0, 'negative2': 0.0, 'positive2': 0.0, 'negative3': 0.0, 'positive3': None, 'negative4': None, 'positive4': None, 'negative5': None, 'positive5': None, 'negative6': None, 'positive6': None}",-337.3089984,bid
2026-09-01,11,2026-09-01T04:00:00Z,2026-09-02T04:44:30Z,T_LKSDB-1,T,Lakeside Energy Storage Ltd,LKSDB-1,"{'negative1': -346.46755752, 'positive1': 0.0, 'negative2': 0.0, 'positive2': 0.0, 'negative3': None, 'positive3': None, 'negative4': None, 'positive4': None, 'negative5': None, 'positive5': None, 'negative6': None, 'positive6': None}",-346.46755752,bid
2026-09-01,12,2026-09-01T04:30:00Z,2026-09-02T05:14:40Z,T_LKSDB-1,T,Lakeside Energy Storage Ltd,LKSDB-1,"{'negative1': -488.30697, 'positive1': 0.0, 'negative2': 0.0, 'positive2': 0.0, 'negative3': 0.0, 'positive3': None, 'negative4': None, 'positive4': None, 'negative5': None, 'positive5': None, 'negative6': None, 'positive6': None}",-488.30697,bid
2026-09-01,13,2026-09-01T05:00:00Z,2026-09-02T05:45:03Z,T_LKSDB-1,T,Lakeside Energy Storage Ltd,LKSDB-1,"{'negative1': -500.4177984, 'positive1': 0.0, 'negative2': 0.0, 'positive2': 0.0, 'negative3': 0.0, 'positive3': None, 'negative4': None, 'positive4': None, 'negative5': None, 'positive5': None, 'negative6': None, 'positive6': None}",-500.4177984,bid
2026-09-01,38,2026-09-01T17:30:00Z,2026-09-02T18:14:24Z,T_LKSDB-1,T,Lakeside Energy Storage Ltd,LKSDB-1,"{'negative1': -5923.00247616, 'positive1': 0.0, 'negative2': 0.0, 'positive2': 0.0, 'negative3': None, 'positive3': 0.0, 'negative4': None, 'positive4': None, 'negative5': None, 'positive5': None, 'negative6': None, 'positive6': None}",-5923.00247616,bid
2026-09-01,39,2026-09-01T18:00:00Z,2026-09-02T18:44:27Z,T_LKSDB-1,T,Lakeside Energy Storage Ltd,LKSDB-1,"{'negative1': 0.0, 'positive1': 0.0, 'negative2': 0.0, 'positive2': 0.0, 'negative3': 0.0, 'positive3': None, 'negative4': None, 'positive4': None, 'negative5': None, 'positive5': None, 'negative6': None, 'positive6': None}",0.0,bid
2026-09-01,40,2026-09-01T18:30:00Z,2026-09-02T19:14:26Z,T_LKSDB-1,T,Lakeside Energy Storage Ltd,LKSDB-1,"{'negative1': 0.0, 'positive1': 0.0, 'negative2': 0.0, 'positive2': 0.0, 'negative3': 0.0, 'positive3': None, 'negative4': None, 'positive4': None, 'negative5': None, 'positive5': None, 'negative6': None, 'positive6': None}",0.0,bid
2026-09-01,41,2026-09-01T19:00:00Z,2026-09-02T19:44:27Z,T_LKSDB-1,T,Lakeside Energy Storage Ltd,LKSDB-1,"{'negative1': -230.0626788768, 'positive1': 0.0, 'negative2': 0.0, 'positive2': 0.0, 'negative3': 0.0, 'positive3': None, 'negative4': None, 'positive4': None, 'negative5': None, 'positive5': None, 'negative6': None, 'positive6': None}",-230.0626788768,bid
2026-09-01,42,2026-09-01T19:30:00Z,2026-09-02T20:14:22Z,T_LKSDB-1,T,Lakeside Energy Storage Ltd,LKSDB-1,"{'negative1': 0.0, 'positive1': 0.0, 'negative2': 0.0, 'positive2': 0.0, 'negative3': None, 'positive3': None, 'negative4': None, 'positive4': None, 'negative5': None, 'positive5': None, 'negative6': None, 'positive6': None}",0.0,bid
2026-09-01,44,2026-09-01T20:30:00Z,2026-09-02T21:14:52Z,T_LKSDB-1,T,Lakeside Energy Storage Ltd,LKSDB-1,"{'negative1': -2147.5822095, 'positive1': 0.0, 'negative2': 0.0, 'positive2': 0.0, 'negative3': None, 'positive3': None, 'negative4': None, 'positive4': None, 'negative5': None, 'positive5': None, 'negative6': None, 'positive6': None}",-2147.5822095,bid
2026-09-01,45,2026-09-01T21:00:00Z,2026-09-02T21:44:36Z,T_LKSDB-1,T,Lakeside Energy Storage Ltd,LKSDB-1,"{'negative1': -393.719769108, 'positive1': 0.0, 'negative2': 0.0, 'positive2': 0.0, 'negative3': None, 'positive3': None, 'negative4': None, 'positive4': None, 'negative5': None, 'positive5': None, 'negative6': None, 'positive6': None}",-393.719769108,bid
2026-09-01,46,2026-09-01T21:30:00Z,2026-09-02T22:14:40Z,T_LKSDB-1,T,Lakeside Energy Storage Ltd,LKSDB-1,"{'negative1': -9.580195368, 'positive1': 0.0, 'negative2': 0.0, 'positive2': 0.0, 'negative3': None, 'positive3': 0.0, 'negative4': None, 'positive4': None, 'negative5': None, 'positive5': None, 'negative6': None, 'positive6': None}",-9.580195368,bid
2026-09-01,47,2026-09-01T22:00:00Z,2026-09-02T22:44:36Z,T_LKSDB-1,T,Lakeside Energy Storage Ltd,LKSDB-1,"{'negative1': 0.0, 'positive1': 0.0, 'negative2': 0.0, 'positive2': 0.0, 'negative3': None, 'positive3': None, 'negative4': None, 'positive4': None, 'negative5': None, 'positive5': None, 'negative6': None, 'positive6': None}",0.0,bid
2026-09-01,48,2026-09-01T22:30:00Z,2026-09-02T23:14:36Z,T_LKSDB-1,T,Lakeside Energy Storage Ltd,LKSDB-1,"{'negative1': -14.6054143872, 'positive1': 0.0, 'negative2': 0.0, 'positive2': 0.0, 'negative3': 0.0, 'positive3': None, 'negative4': None, 'positive4': None, 'negative5': None, 'positive5': None, 'negative6': None, 'positive6': None}",-14.6054143872,bid
2026-09-01,1,2026-08-31T23:00:00Z,2026-09-01T23:44:26Z,T_LKSDB-1,T,Lakeside Energy Storage Ltd,LKSDB-1,"{'negative1': 0.0, 'positive1': 0.0, 'negative2': 0.0, 'positive2': 0.0, 'negative3': None, 'positive3': None, 'negative4': None, 'positive4': None, 'negative5': None, 'positive5': None, 'negative6': None, 'positive6': None}",0.0,offer
2026-09-01,2,2026-08-31T23:30:00Z,2026-09-02T00:14:27Z,T_LKSDB-1,T,Lakeside Energy Storage Ltd,LKSDB-1,"{'negative1': 0.0, 'positive1': 0.0, 'negative2': 0.0, 'positive2': 0.0, 'negative3': None, 'positive3': None, 'negative4': None, 'positive4': None, 'negative5': None, 'positive5': None, 'negative6': None, 'positive6': None}",0.0,offer
2026-09-01,3,2026-09-01T00:00:00Z,2026-09-02T00:44:28Z,T_LKSDB-1,T,Lakeside Energy Storage Ltd,LKSDB-1,"{'negative1': 0.0, 'positive1': 0.0, 'negative2': 0.0, 'positive2': 0.0, 'negative3': 0.0, 'positive3': None, 'negative4': None, 'positive4': None, 'negative5': None, 'positive5': None, 'negative6': None, 'positive6': None}",0.0,offer
2026-09-01,4,2026-09-01T00:30:00Z,2026-09-02T01:14:26Z,T_LKSDB-1,T,Lakeside Energy Storage Ltd,LKSDB-1,"{'negative1': 0.0, 'positive1': 0.0, 'negative2': 0.0, 'positive2': 0.0, 'negative3': 0.0, 'positive3': None, 'negative4': None, 'positive4': None, 'negative5': None, 'positive5': None, 'negative6': None, 'positive6': None}",0.0,offer
2026-09-01,5,2026-09-01T01:00:00Z,2026-09-02T01:44:31Z,T_LKSDB-1,T,Lakeside Energy Storage Ltd,LKSDB-1,"{'negative1': 0.0, 'positive1': 0.0, 'negative2': 0.0, 'positive2': 0.0, 'negative3': None, 'positive3': None, 'negative4': None, 'positive4': None, 'negative5': None, 'positive5': None, 'negative6': None, 'positive6': None}",0.0,offer
2026-09-01,7,2026-09-01T02:00:00Z,2026-09-02T02:44:53Z,T_LKSDB-1,T,Lakeside Energy Storage Ltd,LKSDB-1,"{'negative1': 0.0, 'positive1': 0.0, 'negative2': 0.0, 'positive2': 0.0, 'negative3': 0.0, 'positive3': None, 'negative4': None, 'positive4': None, 'negative5': None, 'positive5': None, 'negative6': None, 'positive6': None}",0.0,offer
2026-09-01,8,2026-09-01T02:30:00Z,2026-09-02T03:14:33Z,T_LKSDB-1,T,Lakeside Energy Storage Ltd,LKSDB-1,"{'negative1': 0.0, 'positive1': 0.0, 'negative2': 0.0, 'positive2': 0.0, 'negative3': 0.0, 'positive3': None, 'negative4': None, 'positive4': None, 'negative5': None, 'positive5': None, 'negative6': None, 'positive6': None}",0.0,offer
2026-09-01,11,2026-09-01T04:00:00Z,2026-09-02T04:44:30Z,T_LKSDB-1,T,Lakeside Energy Storage Ltd,LKSDB-1,"{'negative1': 0.0, 'positive1': 0.0, 'negative2': 0.0, 'positive2': 0.0, 'negative3': None, 'positive3': None, 'negative4': None, 'positive4': None, 'negative5': None, 'positive5': None, 'negative6': None, 'positive6': None}",0.0,offer
2026-09-01,12,2026-09-01T04:30:00Z,2026-09-02T05:14:40Z,T_LKSDB-1,T,Lakeside Energy Storage Ltd,LKSDB-1,"{'negative1': 0.0, 'positive1': 0.0, 'negative2': 0.0, 'positive2': 0.0, 'negative3': 0.0, 'positive3': None, 'negative4': None, 'positive4': None, 'negative5': None, 'positive5': None, 'negative6': None, 'positive6': None}",0.0,offer
2026-09-01,13,2026-09-01T05:00:00Z,2026-09-02T05:45:03Z,T_LKSDB-1,T,Lakeside Energy Storage Ltd,LKSDB-1,"{'negative1': 0.0, 'positive1': 0.0, 'negative2': 0.0, 'positive2': 0.0, 'negative3': 0.0, 'positive3': None, 'negative4': None, 'positive4': None, 'negative5': None, 'positive5': None, 'negative6': None, 'positive6': None}",0.0,offer
2026-09-01,38,2026-09-01T17:30:00Z,2026-09-02T18:14:24Z,T_LKSDB-1,T,Lakeside Energy Storage Ltd,LKSDB-1,"{'negative1': 0.0, 'positive1': 0.0, 'negative2': 0.0, 'positive2': 0.0, 'negative3': None, 'positive3': 0.0, 'negative4': None, 'positive4': None, 'negative5': None, 'positive5': None, 'negative6': None, 'positive6': None}",0.0,offer
2026-09-01,39,2026-09-01T18:00:00Z,2026-09-02T18:44:27Z,T_LKSDB-1,T,Lakeside Energy Storage Ltd,LKSDB-1,"{'negative1': 0.0, 'positive1': 1344.1796208, 'negative2': 0.0, 'positive2': 0.0, 'negative3': 0.0, 'positive3': None, 'negative4': None, 'positive4': None, 'negative5': None, 'positive5': None, 'negative6': None, 'positive6': None}",1344.1796208,offer
2026-09-01,40,2026-09-01T18:30:00Z,2026-09-02T19:14:26Z,T_LKSDB-1,T,Lakeside Energy Storage Ltd,LKSDB-1,"{'negative1': 0.0, 'positive1': 200.623824, 'negative2': 0.0, 'positive2': 0.0, 'negative3': 0.0, 'positive3': None, 'negative4': None, 'positive4': None, 'negative5': None, 'positive5': None, 'negative6': None, 'positive6': None}",200.623824,offer
2026-09-01,41,2026-09-01T19:00:00Z,2026-09-02T19:44:27Z,T_LKSDB-1,T,Lakeside Energy Storage Ltd,LKSDB-1,"{'negative1': 0.0, 'positive1': 0.0, 'negative2': 0.0, 'positive2': 0.0, 'negative3': 0.0, 'positive3': None, 'negative4': None, 'positive4': None, 'negative5': None, 'positive5': None, 'negative6': None, 'positive6': None}",0.0,offer
2026-09-01,42,2026-09-01T19:30:00Z,2026-09-02T20:14:22Z,T_LKSDB-1,T,Lakeside Energy Storage Ltd,LKSDB-1,"{'negative1': 0.0, 'positive1': 1524.7410624, 'negative2': 0.0, 'positive2': 0.0, 'negative3': None, 'positive3': None, 'negative4': None, 'positive4': None, 'negative5': None, 'positive5': None, 'negative6': None, 'positive6': None}",1524.7410624,offer
2026-09-01,44,2026-09-01T20:30:00Z,2026-09-02T21:14:52Z,T_LKSDB-1,T,Lakeside Energy Storage Ltd,LKSDB-1,"{'negative1': 0.0, 'positive1': 0.0, 'negative2': 0.0, 'positive2': 0.0, 'negative3': None, 'positive3': None, 'negative4': None, 'positive4': None, 'negative5': None, 'positive5': None, 'negative6': None, 'positive6': None}",0.0,offer
2026-09-01,45,2026-09-01T21:00:00Z,2026-09-02T21:44:36Z,T_LKSDB-1,T,Lakeside Energy Storage Ltd,LKSDB-1,"{'negative1': 0.0, 'positive1': 0.0, 'negative2': 0.0, 'positive2': 0.0, 'negative3': None, 'positive3': None, 'negative4': None, 'positive4': None, 'negative5': None, 'positive5': None, 'negative6': None, 'positive6': None}",0.0,offer
2026-09-01,46,2026-09-01T21:30:00Z,2026-09-02T22:14:40Z,T_LKSDB-1,T,Lakeside Energy Storage Ltd,LKSDB-1,"{'negative1': 0.0, 'positive1': 0.0, 'negative2': 0.0, 'positive2': 0.0, 'negative3': None, 'positive3': 0.0, 'negative4': None, 'positive4': None, 'negative5': None, 'positive5': None, 'negative6': None, 'positive6': None}",0.0,offer
2026-09-01,47,2026-09-01T22:00:00Z,2026-09-02T22:44:36Z,T_LKSDB-1,T,Lakeside Energy Storage Ltd,LKSDB-1,"{'negative1': 0.0, 'positive1': 777.213432, 'negative2': 0.0, 'positive2': 0.0, 'negative3': None, 'positive3': None, 'negative4': None, 'positive4': None, 'negative5': None, 'positive5': None, 'negative6': None, 'positive6': None}",777.213432,offer
2026-09-01,48,2026-09-01T22:30:00Z,2026-09-02T23:14:36Z,T_LKSDB-1,T,Lakeside Energy Storage Ltd,LKSDB-1,"{'negative1': 0.0, 'positive1': 1.4977465559999998, 'negative2': 0.0, 'positive2': 0.0, 'negative3': 0.0, 'positive3': None, 'negative4': None, 'positive4': None, 'negative5': None, 'positive5': None, 'negative6': None, 'positive6': None}",1.4977465559999998,offer
2026-09-02,5,2026-09-02T01:00:00Z,2026-09-03T01:44:43Z,T_LKSDB-1,T,Lakeside Energy Storage Ltd,LKSDB-1,"{'negative1': -501.3452350368, 'positive1': 0.0, 'negative2': 0.0, 'positive2': 0.0, 'negative3': None, 'positive3': 0.0, 'negative4': None, 'positive4': None, 'negative5': None, 'positive5': None, 'negative6': None, 'positive6': None}",-501.3452350368,bid
2026-09-02,6,2026-09-02T01:30:00Z,2026-09-03T02:17:31Z,T_LKSDB-1,T,Lakeside Energy Storage Ltd,LKSDB-1,"{'negative1': -166.2770253312, 'positive1': 0.0, 'negative2': 0.0, 'positive2': 0.0, 'negative3': None, 'positive3': 0.0, 'negative4': None, 'positive4': None, 'negative5': None, 'positive5': None, 'negative6': None, 'positive6': None}",-166.2770253312,bid
2026-09-02,28,2026-09-02T12:30:00Z,2026-09-03T13:14:25Z,T_LKSDB-1,T,Lakeside Energy Storage Ltd,LKSDB-1,"{'negative1': -29.45744928, 'positive1': 0.0, 'negative2': 0.0, 'positive2': 0.0, 'negative3': None, 'positive3': None, 'negative4': None, 'positive4': None, 'negative5': None, 'positive5': None, 'negative6': None, 'positive6': None}",-29.45744928,bid
2026-09-02,36,2026-09-02T16:30:00Z,2026-09-03T17:14:26Z,T_LKSDB-1,T,Lakeside Energy Storage Ltd,LKSDB-1,"{'negative1': -65.631718944, 'positive1': 0.0, 'negative2': 0.0, 'positive2': 0.0, 'negative3': None, 'positive3': None, 'negative4': None, 'positive4': None, 'negative5': None, 'positive5': None, 'negative6': None, 'positive6': None}",-65.631718944,bid
2026-09-02,37,2026-09-02T17:00:00Z,2026-09-03T17:44:30Z,T_LKSDB-1,T,Lakeside Energy Storage Ltd,LKSDB-1,"{'negative1': -6419.318545433966, 'positive1': 0.0, 'negative2': -15.1065548119536, 'positive2': 0.0, 'negative3': 0.0, 'positive3': None, 'negative4': None, 'positive4': None, 'negative5': None, 'positive5': None, 'negative6': None, 'positive6': None}",-6434.42510024592,bid
2026-09-02,38,2026-09-02T17:30:00Z,2026-09-03T18:14:37Z,T_LKSDB-1,T,Lakeside Energy Storage Ltd,LKSDB-1,"{'negative1': -6794.571086784, 'positive1': 0.0, 'negative2': 0.0, 'positive2': 0.0, 'negative3': 0.0, 'positive3': None, 'negative4': None, 'positive4': None, 'negative5': None, 'positive5': None, 'negative6': None, 'positive6': None}",-6794.571086784,bid
2026-09-02,39,2026-09-02T18:00:00Z,2026-09-03T18:44:35Z,T_LKSDB-1,T,Lakeside Energy Storage Ltd,LKSDB-1,"{'negative1': -6654.891234816, 'positive1': 0.0, 'negative2': -9.65604096, 'positive2': 0.0, 'negative3': 0.0, 'positive3': None, 'negative4': None, 'positive4': None, 'negative5': None, 'positive5': None, 'negative6': None, 'positive6': None}",-6664.547275776,bid
2026-09-02,40,2026-09-02T18:30:00Z,2026-09-03T19:14:40Z,T_LKSDB-1,T,Lakeside Energy Storage Ltd,LKSDB-1,"{'negative1': -5057.043637189186, 'positive1': 0.0, 'negative2': -2.5485662464944, 'positive2': 0.0, 'negative3': 0.0, 'positive3': None, 'negative4': None, 'positive4': None, 'negative5': None, 'positive5': None, 'negative6': None, 'positive6': None}",-5059.59220343568,bid
2026-09-02,41,2026-09-02T19:00:00Z,2026-09-03T19:44:38Z,T_LKSDB-1,T,Lakeside Energy Storage Ltd,LKSDB-1,"{'negative1': -424.453136976, 'positive1': 0.0, 'negative2': 0.0, 'positive2': 0.0, 'negative3': 0.0, 'positive3': None, 'negative4': None, 'positive4': None, 'negative5': None, 'positive5': None, 'negative6': None, 'positive6': None}",-424.453136976,bid
2026-09-02,42,2026-09-02T19:30:00Z,2026-09-03T20:14:37Z,T_LKSDB-1,T,Lakeside Energy Storage Ltd,LKSDB-1,"{'negative1': -6311.7600678, 'positive1': 0.0, 'negative2': -181.662426, 'positive2': 0.0, 'negative3': 0.0, 'positive3': None, 'negative4': None, 'positive4': None, 'negative5': None, 'positive5': None, 'negative6': None, 'positive6': None}",-6493.4224938,bid
2026-09-02,43,2026-09-02T20:00:00Z,2026-09-03T20:44:34Z,T_LKSDB-1,T,Lakeside Energy Storage Ltd,LKSDB-1,"{'negative1': -5336.5396478328, 'positive1': 0.0, 'negative2': -169.0833122352, 'positive2': 0.0, 'negative3': 0.0, 'positive3': None, 'negative4': None, 'positive4': None, 'negative5': None, 'positive5': None, 'negative6': None, 'positive6': None}",-5505.622960068,bid
2026-09-02,44,2026-09-02T20:30:00Z,2026-09-03T21:14:30Z,T_LKSDB-1,T,Lakeside Energy Storage Ltd,LKSDB-1,"{'negative1': -262.71934416, 'positive1': 0.0, 'negative2': 0.0, 'positive2': 0.0, 'negative3': 0.0, 'positive3': None, 'negative4': None, 'positive4': None, 'negative5': None, 'positive5': None, 'negative6': None, 'positive6': None}",-262.71934416,bid
2026-09-02,46,2026-09-02T21:30:00Z,2026-09-03T22:15:13Z,T_LKSDB-1,T,Lakeside Energy Storage Ltd,LKSDB-1,"{'negative1': -4720.316477184, 'positive1': 0.0, 'negative2': 0.0, 'positive2': 0.0, 'negative3': 0.0, 'positive3': None, 'negative4': None, 'positive4': None, 'negative5': None, 'positive5': None, 'negative6': None, 'positive6': None}",-4720.316477184,bid
2026-09-02,47,2026-09-02T22:00:00Z,2026-09-03T22:44:37Z,T_LKSDB-1,T,Lakeside Energy Storage Ltd,LKSDB-1,"{'negative1': -100.6211662848, 'positive1': 0.0, 'negative2': 0.0, 'positive2': 0.0, 'negative3': 0.0, 'positive3': None, 'negative4': None, 'positive4': None, 'negative5': None, 'positive5': None, 'negative6': None, 'positive6': None}",-100.6211662848,bid
2026-09-02,48,2026-09-02T22:30:00Z,2026-09-03T23:14:54Z,T_LKSDB-1,T,Lakeside Energy Storage Ltd,LKSDB-1,"{'negative1': -530.66632536, 'positive1': 0.0, 'negative2': 0.0, 'positive2': 0.0, 'negative3': None, 'positive3': None, 'negative4': None, 'positive4': None, 'negative5': None, 'positive5': None, 'negative6': None, 'positive6': None}",-530.66632536,bid
2026-09-02,5,2026-09-02T01:00:00Z,2026-09-03T01:44:43Z,T_LKSDB-1,T,Lakeside Energy Storage Ltd,LKSDB-1,"{'negative1': 0.0, 'positive1': 0.0, 'negative2': 0.0, 'positive2': 0.0, 'negative3': None, 'positive3': 0.0, 'negative4': None, 'positive4': None, 'negative5': None, 'positive5': None, 'negative6': None, 'positive6': None}",0.0,offer
2026-09-02,6,2026-09-02T01:30:00Z,2026-09-03T02:17:31Z,T_LKSDB-1,T,Lakeside Energy Storage Ltd,LKSDB-1,"{'negative1': 0.0, 'positive1': 0.0, 'negative2': 0.0, 'positive2': 0.0, 'negative3': None, 'positive3': 0.0, 'negative4': None, 'positive4': None, 'negative5': None, 'positive5': None, 'negative6': None, 'positive6': None}",0.0,offer
2026-09-02,28,2026-09-02T12:30:00Z,2026-09-03T13:14:25Z,T_LKSDB-1,T,Lakeside Energy Storage Ltd,LKSDB-1,"{'negative1': 6.00240384, 'positive1': 2424.97115136, 'negative2': 0.0, 'positive2': 0.0, 'negative3': None, 'positive3': None, 'negative4': None, 'positive4': None, 'negative5': None, 'positive5': None, 'negative6': None, 'positive6': None}",2430.9735552,offer
2026-09-02,36,2026-09-02T16:30:00Z,2026-09-03T17:14:26Z,T_LKSDB-1,T,Lakeside Energy Storage Ltd,LKSDB-1,"{'negative1': 0.0, 'positive1': 0.0, 'negative2': 0.0, 'positive2': 0.0, 'negative3': None, 'positive3': None, 'negative4': None, 'positive4': None, 'negative5': None, 'positive5': None, 'negative6': None, 'positive6': None}",0.0,offer
2026-09-02,37,2026-09-02T17:00:00Z,2026-09-03T17:44:30Z,T_LKSDB-1,T,Lakeside Energy Storage Ltd,LKSDB-1,"{'negative1': 0.0, 'positive1': 0.0, 'negative2': 0.002171304345599933, 'positive2': 0.0, 'negative3': 0.0, 'positive3': None, 'negative4': None, 'positive4': None, 'negative5': None, 'positive5': None, 'negative6': None, 'positive6': None}",0.002171304345599933,offer
2026-09-02,38,2026-09-02T17:30:00Z,2026-09-03T18:14:37Z,T_LKSDB-1,T,Lakeside Energy Storage Ltd,LKSDB-1,"{'negative1': 0.0, 'positive1': 0.0, 'negative2': 0.0, 'positive2': 0.0, 'negative3': 0.0, 'positive3': None, 'negative4': None, 'positive4': None, 'negative5': None, 'positive5': None, 'negative6': None, 'positive6': None}",0.0,offer
2026-09-02,39,2026-09-02T18:00:00Z,2026-09-03T18:44:35Z,T_LKSDB-1,T,Lakeside Energy Storage Ltd,LKSDB-1,"{'negative1': 0.0, 'positive1': 0.0, 'negative2': 0.0, 'positive2': 0.0, 'negative3': 0.0, 'positive3': None, 'negative4': None, 'positive4': None, 'negative5': None, 'positive5': None, 'negative6': None, 'positive6': None}",0.0,offer
2026-09-02,40,2026-09-02T18:30:00Z,2026-09-03T19:14:40Z,T_LKSDB-1,T,Lakeside Energy Storage Ltd,LKSDB-1,"{'negative1': 0.0, 'positive1': 0.0, 'negative2': 0.000835117056000067, 'positive2': 0.0, 'negative3': 0.0, 'positive3': None, 'negative4': None, 'positive4': None, 'negative5': None, 'positive5': None, 'negative6': None, 'positive6': None}",0.000835117056000067,offer
2026-09-02,41,2026-09-02T19:00:00Z,2026-09-03T19:44:38Z,T_LKSDB-1,T,Lakeside Energy Storage Ltd,LKSDB-1,"{'negative1': 0.0, 'positive1': 0.0, 'negative2': 0.0, 'positive2': 0.0, 'negative3': 0.0, 'positive3': None, 'negative4': None, 'positive4': None, 'negative5': None, 'positive5': None, 'negative6': None, 'positive6': None}",0.0,offer
2026-09-02,42,2026-09-02T19:30:00Z,2026-09-03T20:14:37Z,T_LKSDB-1,T,Lakeside Energy Storage Ltd,LKSDB-1,"{'negative1': 0.0, 'positive1': 0.0, 'negative2': 0.0, 'positive2': 0.0, 'negative3': 0.0, 'positive3': None, 'negative4': None, 'positive4': None, 'negative5': None, 'positive5': None, 'negative6': None, 'positive6': None}",0.0,offer
2026-09-02,43,2026-09-02T20:00:00Z,2026-09-03T20:44:34Z,T_LKSDB-1,T,Lakeside Energy Storage Ltd,LKSDB-1,"{'negative1': 0.0, 'positive1': 0.0, 'negative2': 0.0, 'positive2': 0.0, 'negative3': 0.0, 'positive3': None, 'negative4': None, 'positive4': None, 'negative5': None, 'positive5': None, 'negative6': None, 'positive6': None}",0.0,offer
2026-09-02,44,2026-09-02T20:30:00Z,2026-09-03T21:14:30Z,T_LKSDB-1,T,Lakeside Energy Storage Ltd,LKSDB-1,"{'negative1': 0.0, 'positive1': 0.0, 'negative2': 0.0, 'positive2': 0.0, 'negative3': 0.0, 'positive3': None, 'negative4': None, 'positive4': None, 'negative5': None, 'positive5': None, 'negative6': None, 'positive6': None}",0.0,offer
2026-09-02,46,2026-09-02T21:30:00Z,2026-09-03T22:15:13Z,T_LKSDB-1,T,Lakeside Energy Storage Ltd,LKSDB-1,"{'negative1': 0.0, 'positive1': 0.0, 'negative2': 0.0, 'positive2': 0.0, 'negative3': 0.0, 'positive3': None, 'negative4': None, 'positive4': None, 'negative5': None, 'positive5': None, 'negative6': None, 'positive6': None}",0.0,offer
2026-09-02,47,2026-09-02T22:00:00Z,2026-09-03T22:44:37Z,T_LKSDB-1,T,Lakeside Energy Storage Ltd,LKSDB-1,"{'negative1': 0.0, 'positive1': 0.0, 'negative2': 0.0, 'positive2': 0.0, 'negative3': 0.0, 'positive3': None, 'negative4': None, 'positive4': None, 'negative5': None, 'positive5': None, 'negative6': None, 'positive6': None}",0.0,offer
2026-09-02,48,2026-09-02T22:30:00Z,2026-09-03T23:14:54Z,T_LKSDB-1,T,Lakeside Energy Storage Ltd,LKSDB-1,"{'negative1': 0.0, 'positive1': 0.0, 'negative2': 0.0, 'positive2': 0.0, 'negative3': None, 'positive3': None, 'negative4': None, 'positive4': None, 'negative5': None, 'positive5': None, 'negative6': None, 'positive6': None}",0.0,offer
2026-09-03,1,2026-09-02T23:00:00Z,2026-09-03T23:44:34Z,T_LKSDB-1,T,Lakeside Energy Storage Ltd,LKSDB-1,"{'negative1': -385.5820264128, 'positive1': 0.0, 'negative2': 0.0, 'positive2': 0.0, 'negative3': 0.0, 'positive3': None, 'negative4': None, 'positive4': None, 'negative5': None, 'positive5': None, 'negative6': None, 'positive6': None}",-385.5820264128,bid
2026-09-03,2,2026-09-02T23:30:00Z,2026-09-04T00:15:08Z,T_LKSDB-1,T,Lakeside Energy Storage Ltd,LKSDB-1,"{'negative1': -220.89824784, 'positive1': 0.0, 'negative2': 0.0, 'positive2': 0.0, 'negative3': 0.0, 'positive3': None, 'negative4': None, 'positive4': None, 'negative5': None, 'positive5': None, 'negative6': None, 'positive6': None}",-220.89824784,bid
2026-09-03,3,2026-09-03T00:00:00Z,2026-09-04T00:44:27Z,T_LKSDB-1,T,Lakeside Energy Storage Ltd,LKSDB-1,"{'negative1': -90.01974672, 'positive1': 0.0, 'negative2': 0.0, 'positive2': 0.0, 'negative3': 0.0, 'positive3': None, 'negative4': None, 'positive4': None, 'negative5': None, 'positive5': None, 'negative6': None, 'positive6': None}",-90.01974672,bid
2026-09-03,5,2026-09-03T01:00:00Z,2026-09-04T01:44:25Z,T_LKSDB-1,T,Lakeside Energy Storage Ltd,LKSDB-1,"{'negative1': -171.32948352, 'positive1': 0.0, 'negative2': 0.0, 'positive2': 0.0, 'negative3': 0.0, 'positive3': None, 'negative4': None, 'positive4': None, 'negative5': None, 'positive5': None, 'negative6': None, 'positive6': None}",-171.32948352,bid
2026-09-03,6,2026-09-03T01:30:00Z,2026-09-04T02:15:20Z,T_LKSDB-1,T,Lakeside Energy Storage Ltd,LKSDB-1,"{'negative1': 0.0, 'positive1': 0.0, 'negative2': 0.0, 'positive2': 0.0, 'negative3': None, 'positive3': None, 'negative4': None, 'positive4': None, 'negative5': None, 'positive5': None, 'negative6': None, 'positive6': None}",0.0,bid
2026-09-03,7,2026-09-03T02:00:00Z,2026-09-04T02:45:13Z,T_LKSDB-1,T,Lakeside Energy Storage Ltd,LKSDB-1,"{'negative1': 0.0, 'positive1': 0.0, 'negative2': 0.0, 'positive2': 0.0, 'negative3': None, 'positive3': 0.0, 'negative4': None, 'positive4': None, 'negative5': None, 'positive5': None, 'negative6': None, 'positive6': None}",0.0,bid
2026-09-03,8,2026-09-03T02:30:00Z,2026-09-04T03:14:43Z,T_LKSDB-1,T,Lakeside Energy Storage Ltd,LKSDB-1,"{'negative1': 0.0, 'positive1': 0.0, 'negative2': 0.0, 'positive2': 0.0, 'negative3': None, 'positive3': 0.0, 'negative4': None, 'positive4': None, 'negative5': None, 'positive5': None, 'negative6': None, 'positive6': None}",0.0,bid
2026-09-03,9,2026-09-03T03:00:00Z,2026-09-04T03:44:28Z,T_LKSDB-1,T,Lakeside Energy Storage Ltd,LKSDB-1,"{'negative1': 0.0, 'positive1': 0.0, 'negative2': 0.0, 'positive2': 0.0, 'negative3': None, 'positive3': 0.0, 'negative4': None, 'positive4': None, 'negative5': None, 'positive5': None, 'negative6': None, 'positive6': None}",0.0,bid
2026-09-03,11,2026-09-03T04:00:00Z,2026-09-04T04:44:56Z,T_LKSDB-1,T,Lakeside Energy Storage Ltd,LKSDB-1,"{'negative1': 0.0, 'positive1': 0.0, 'negative2': 0.0, 'positive2': 0.0, 'negative3': None, 'positive3': None, 'negative4': None, 'positive4': None, 'negative5': None, 'positive5': None, 'negative6': None, 'positive6': None}",0.0,bid
2026-09-03,12,2026-09-03T04:30:00Z,2026-09-04T05:14:27Z,T_LKSDB-1,T,Lakeside Energy Storage Ltd,LKSDB-1,"{'negative1': -72.088380792, 'positive1': 0.0, 'negative2': 0.0, 'positive2': 0.0, 'negative3': None, 'positive3': None, 'negative4': None, 'positive4': None, 'negative5': None, 'positive5': None, 'negative6': None, 'positive6': None}",-72.088380792,bid
2026-09-03,13,2026-09-03T05:00:00Z,2026-09-04T05:44:57Z,T_LKSDB-1,T,Lakeside Energy Storage Ltd,LKSDB-1,"{'negative1': -334.850948784, 'positive1': 0.0, 'negative2': -1549.0718389872, 'positive2': 0.0, 'negative3': 0.0, 'positive3': None, 'negative4': None, 'positive4': None, 'negative5': None, 'positive5': None, 'negative6': None, 'positive6': None}",-1883.9227877712,bid
2026-09-03,27,2026-09-03T12:00:00Z,2026-09-04T12:44:29Z,T_LKSDB-1,T,Lakeside Energy Storage Ltd,LKSDB-1,"{'negative1': 0.0, 'positive1': 0.0, 'negative2': 0.0, 'positive2': 0.0, 'negative3': None, 'positive3': 0.0, 'negative4': None, 'positive4': None, 'negative5': None, 'positive5': None, 'negative6': None, 'positive6': None}",0.0,bid
2026-09-03,28,2026-09-03T12:30:00Z,2026-09-04T13:14:26Z,T_LKSDB-1,T,Lakeside Energy Storage Ltd,LKSDB-1,"{'negative1': 1.3864248, 'positive1': 2.0388599999993e-05, 'negative2': 0.0, 'positive2': 0.0, 'negative3': None, 'positive3': 0.0, 'negative4': None, 'positive4': None, 'negative5': None, 'positive5': None, 'negative6': None, 'positive6': None}",1.3864451886,bid
2026-09-03,29,2026-09-03T13:00:00Z,2026-09-04T13:44:26Z,T_LKSDB-1,T,Lakeside Energy Storage Ltd,LKSDB-1,"{'negative1': 6.932124, 'positive1': 0.0, 'negative2': 0.0, 'positive2': 0.0, 'negative3': None, 'positive3': None, 'negative4': None, 'positive4': None, 'negative5': None, 'positive5': None, 'negative6': None, 'positive6': None}",6.932124,bid
2026-09-03,30,2026-09-03T13:30:00Z,2026-09-04T14:14:47Z,T_LKSDB-1,T,Lakeside Energy Storage Ltd,LKSDB-1,"{'negative1': 0.0, 'positive1': 0.0, 'negative2': 0.0, 'positive2': 4.8524868000006e-05, 'negative3': None, 'positive3': 0.0, 'negative4': None, 'positive4': None, 'negative5': None, 'positive5': None, 'negative6': None, 'positive6': None}",4.8524868000006e-05,bid
2026-09-03,31,2026-09-03T14:00:00Z,2026-09-04T14:44:45Z,T_LKSDB-1,T,Lakeside Energy Storage Ltd,LKSDB-1,"{'negative1': 0.0, 'positive1': 0.0, 'negative2': 0.0, 'positive2': 0.0, 'negative3': None, 'positive3': 0.0, 'negative4': None, 'positive4': None, 'negative5': None, 'positive5': None, 'negative6': None, 'positive6': None}",0.0,bid
2026-09-03,35,2026-09-03T16:00:00Z,2026-09-04T16:45:16Z,T_LKSDB-1,T,Lakeside Energy Storage Ltd,LKSDB-1,"{'negative1': 0.0, 'positive1': 0.0, 'negative2': 0.0, 'positive2': 0.0, 'negative3': 0.0, 'positive3': 0.0, 'negative4': None, 'positive4': None, 'negative5': None, 'positive5': None, 'negative6': None, 'positive6': None}",0.0,bid
2026-09-03,37,2026-09-03T17:00:00Z,2026-09-04T17:44:39Z,T_LKSDB-1,T,Lakeside Energy Storage Ltd,LKSDB-1,"{'negative1': 0.0, 'positive1': 0.0, 'negative2': 0.0, 'positive2': 0.0, 'negative3': 0.0, 'positive3': 0.0, 'negative4': None, 'positive4': None, 'negative5': None, 'positive5': None, 'negative6': None, 'positive6': None}",0.0,bid
2026-09-03,38,2026-09-03T17:30:00Z,2026-09-04T18:14:30Z,T_LKSDB-1,T,Lakeside Energy Storage Ltd,LKSDB-1,"{'negative1': 0.0, 'positive1': 0.0, 'negative2': 0.0, 'positive2': 0.0, 'negative3': 0.0, 'positive3': 0.0, 'negative4': None, 'positive4': None, 'negative5': None, 'positive5': None, 'negative6': None, 'positive6': None}",0.0,bid
2026-09-03,39,2026-09-03T18:00:00Z,2026-09-04T18:45:07Z,T_LKSDB-1,T,Lakeside Energy Storage Ltd,LKSDB-1,"{'negative1': 0.0, 'positive1': 0.0, 'negative2': 0.0, 'positive2': 0.0, 'negative3': 0.0, 'positive3': None, 'negative4': None, 'positive4': None, 'negative5': None, 'positive5': None, 'negative6': None, 'positive6': None}",0.0,bid
2026-09-03,40,2026-09-03T18:30:00Z,2026-09-04T19:15:11Z,T_LKSDB-1,T,Lakeside Energy Storage Ltd,LKSDB-1,"{'negative1': -42.5540112233016, 'positive1': 0.0, 'negative2': 0.0, 'positive2': 0.0, 'negative3': 0.0, 'positive3': None, 'negative4': None, 'positive4': None, 'negative5': None, 'positive5': None, 'negative6': None, 'positive6': None}",-42.5540112233016,bid
2026-09-03,41,2026-09-03T19:00:00Z,2026-09-04T19:45:05Z,T_LKSDB-1,T,Lakeside Energy Storage Ltd,LKSDB-1,"{'negative1': 0.0, 'positive1': 0.0, 'negative2': 0.0, 'positive2': 0.0, 'negative3': None, 'positive3': None, 'negative4': None, 'positive4': None, 'negative5': None, 'positive5': None, 'negative6': None, 'positive6': None}",0.0,bid
2026-09-03,42,2026-09-03T19:30:00Z,2026-09-04T20:14:29Z,T_LKSDB-1,T,Lakeside Energy Storage Ltd,LKSDB-1,"{'negative1': 0.0, 'positive1': 0.0, 'negative2': 0.0, 'positive2': 0.0, 'negative3': None, 'positive3': None, 'negative4': None, 'positive4': None, 'negative5': None, 'positive5': None, 'negative6': None, 'positive6': None}",0.0,bid
2026-09-03,46,2026-09-03T21:30:00Z,2026-09-04T22:14:28Z,T_LKSDB-1,T,Lakeside Energy Storage Ltd,LKSDB-1,"{'negative1': 0.0, 'positive1': 0.0, 'negative2': 0.0, 'positive2': 0.0, 'negative3': None, 'positive3': 0.0, 'negative4': None, 'positive4': None, 'negative5': None, 'positive5': None, 'negative6': None, 'positive6': None}",0.0,bid
2026-09-03,47,2026-09-03T22:00:00Z,2026-09-04T22:44:30Z,T_LKSDB-1,T,Lakeside Energy Storage Ltd,LKSDB-1,"{'negative1': 0.0, 'positive1': 0.0, 'negative2': 0.0, 'positive2': 0.0, 'negative3': None, 'positive3': 0.0, 'negative4': None, 'positive4': None, 'negative5': None, 'positive5': None, 'negative6': None, 'positive6': None}",0.0,bid
2026-09-03,48,2026-09-03T22:30:00Z,2026-09-04T23:14:49Z,T_LKSDB-1,T,Lakeside Energy Storage Ltd,LKSDB-1,"{'negative1': 0.0, 'positive1': 0.0, 'negative2': 0.0, 'positive2': 0.0, 'negative3': None, 'positive3': 0.0, 'negative4': None, 'positive4': None, 'negative5': None, 'positive5': None, 'negative6': None, 'positive6': None}",0.0,bid
2026-09-03,1,2026-09-02T23:00:00Z,2026-09-03T23:44:34Z,T_LKSDB-1,T,Lakeside Energy Storage Ltd,LKSDB-1,"{'negative1': 56.0278728, 'positive1': 0.0, 'negative2': 0.0, 'positive2': 0.0, 'negative3': 0.0, 'positive3': None, 'negative4': None, 'positive4': None, 'negative5': None, 'positive5': None, 'negative6': None, 'positive6': None}",56.0278728,offer
2026-09-03,2,2026-09-02T23:30:00Z,2026-09-04T00:15:08Z,T_LKSDB-1,T,Lakeside Energy Storage Ltd,LKSDB-1,"{'negative1': 78.3339798528, 'positive1': 0.0, 'negative2': 0.0, 'positive2': 0.0, 'negative3': 0.0, 'positive3': None, 'negative4': None, 'positive4': None, 'negative5': None, 'positive5': None, 'negative6': None, 'positive6': None}",78.3339798528,offer
2026-09-03,3,2026-09-03T00:00:00Z,2026-09-04T00:44:27Z,T_LKSDB-1,T,Lakeside Energy Storage Ltd,LKSDB-1,"{'negative1': 5.2710239808, 'positive1': 0.0, 'negative2': 0.0, 'positive2': 0.0, 'negative3': 0.0, 'positive3': None, 'negative4': None, 'positive4': None, 'negative5': None, 'positive5': None, 'negative6': None, 'positive6': None}",5.2710239808,offer
2026-09-03,5,2026-09-03T01:00:00Z,2026-09-04T01:44:25Z,T_LKSDB-1,T,Lakeside Energy Storage Ltd,LKSDB-1,"{'negative1': 0.0, 'positive1': 0.0, 'negative2': 0.0, 'positive2': 0.0, 'negative3': 0.0, 'positive3': None, 'negative4': None, 'positive4': None, 'negative5': None, 'positive5': None, 'negative6': None, 'positive6': None}",0.0,offer
2026-09-03,6,2026-09-03T01:30:00Z,2026-09-04T02:15:20Z,T_LKSDB-1,T,Lakeside Energy Storage Ltd,LKSDB-1,"{'negative1': 0.0, 'positive1': 316.652899968, 'negative2': 0.0, 'positive2': 0.0, 'negative3': None, 'positive3': None, 'negative4': None, 'positive4': None, 'negative5': None, 'positive5': None, 'negative6': None, 'positive6': None}",316.652899968,offer
2026-09-03,7,2026-09-03T02:00:00Z,2026-09-04T02:45:13Z,T_LKSDB-1,T,Lakeside Energy Storage Ltd,LKSDB-1,"{'negative1': 0.0, 'positive1': 2884.1801638752, 'negative2': 0.0, 'positive2': 0.0, 'negative3': None, 'positive3': 0.0, 'negative4': None, 'positive4': None, 'negative5': None, 'positive5': None, 'negative6': None, 'positive6': None}",2884.1801638752,offer
2026-09-03,8,2026-09-03T02:30:00Z,2026-09-04T03:14:43Z,T_LKSDB-1,T,Lakeside Energy Storage Ltd,LKSDB-1,"{'negative1': 0.0, 'positive1': 3912.144994944, 'negative2': 0.0, 'positive2': 0.0, 'negative3': None, 'positive3': 0.0, 'negative4': None, 'positive4': None, 'negative5': None, 'positive5': None, 'negative6': None, 'positive6': None}",3912.144994944,offer
2026-09-03,9,2026-09-03T03:00:00Z,2026-09-04T03:44:28Z,T_LKSDB-1,T,Lakeside Energy Storage Ltd,LKSDB-1,"{'negative1': 0.0, 'positive1': 2592.4869880272, 'negative2': 0.0, 'positive2': 0.0, 'negative3': None, 'positive3': 0.0, 'negative4': None, 'positive4': None, 'negative5': None, 'positive5': None, 'negative6': None, 'positive6': None}",2592.4869880272,offer
2026-09-03,11,2026-09-03T04:00:00Z,2026-09-04T04:44:56Z,T_LKSDB-1,T,Lakeside Energy Storage Ltd,LKSDB-1,"{'negative1': 0.0, 'positive1': 4330.24504416, 'negative2': 0.0, 'positive2': 0.0, 'negative3': None, 'positive3': None, 'negative4': None, 'positive4': None, 'negative5': None, 'positive5': None, 'negative6': None, 'positive6': None}",4330.24504416,offer
2026-09-03,12,2026-09-03T04:30:00Z,2026-09-04T05:14:27Z,T_LKSDB-1,T,Lakeside Energy Storage Ltd,LKSDB-1,"{'negative1': 0.0, 'positive1': 0.0, 'negative2': 0.0, 'positive2': 0.0, 'negative3': None, 'positive3': None, 'negative4': None, 'positive4': None, 'negative5': None, 'positive5': None, 'negative6': None, 'positive6': None}",0.0,offer
2026-09-03,13,2026-09-03T05:00:00Z,2026-09-04T05:44:57Z,T_LKSDB-1,T,Lakeside Energy Storage Ltd,LKSDB-1,"{'negative1': 0.0, 'positive1': 2838.87604224, 'negative2': 0.0, 'positive2': 0.0, 'negative3': 0.0, 'positive3': None, 'negative4': None, 'positive4': None, 'negative5': None, 'positive5': None, 'negative6': None, 'positive6': None}",2838.87604224,offer
2026-09-03,27,2026-09-03T12:00:00Z,2026-09-04T12:44:29Z,T_LKSDB-1,T,Lakeside Energy Storage Ltd,LKSDB-1,"{'negative1': 0.0, 'positive1': 2924.48369592, 'negative2': 0.0, 'positive2': 0.0, 'negative3': None, 'positive3': 0.0, 'negative4': None, 'positive4': None, 'negative5': None, 'positive5': None, 'negative6': None, 'positive6': None}",2924.48369592,offer
2026-09-03,28,2026-09-03T12:30:00Z,2026-09-04T13:14:26Z,T_LKSDB-1,T,Lakeside Energy Storage Ltd,LKSDB-1,"{'negative1': 0.0, 'positive1': 1796.2194318737295, 'negative2': 0.0, 'positive2': 86.37426504, 'negative3': None, 'positive3': 0.0, 'negative4': None, 'positive4': None, 'negative5': None, 'positive5': None, 'negative6': None, 'positive6': None}",1882.5936969137294,offer
2026-09-03,29,2026-09-03T13:00:00Z,2026-09-04T13:44:26Z,T_LKSDB-1,T,Lakeside Energy Storage Ltd,LKSDB-1,"{'negative1': 0.0, 'positive1': 2503.8831888, 'negative2': 0.0, 'positive2': 0.0, 'negative3': None, 'positive3': None, 'negative4': None, 'positive4': None, 'negative5': None, 'positive5': None, 'negative6': None, 'positive6': None}",2503.8831888,offer
2026-09-03,30,2026-09-03T13:30:00Z,2026-09-04T14:14:47Z,T_LKSDB-1,T,Lakeside Energy Storage Ltd,LKSDB-1,"{'negative1': 0.0, 'positive1': 6621.517340993088, 'negative2': 0.0, 'positive2': 54.445449397872, 'negative3': None, 'positive3': 0.0, 'negative4': None, 'positive4': None, 'negative5': None, 'positive5': None, 'negative6': None, 'positive6': None}",6675.96279039096,offer
2026-09-03,31,2026-09-03T14:00:00Z,2026-09-04T14:44:45Z,T_LKSDB-1,T,Lakeside Energy Storage Ltd,LKSDB-1,"{'negative1': 0.0, 'positive1': 224.790023808, 'negative2': 0.0, 'positive2': 0.0, 'negative3': None, 'positive3': 0.0, 'negative4': None, 'positive4': None, 'negative5': None, 'positive5': None, 'negative6': None, 'positive6': None}",224.790023808,offer
2026-09-03,35,2026-09-03T16:00:00Z,2026-09-04T16:45:16Z,T_LKSDB-1,T,Lakeside Energy Storage Ltd,LKSDB-1,"{'negative1': 0.0, 'positive1': 3612.804463008, 'negative2': 0.0, 'positive2': 0.0, 'negative3': 0.0, 'positive3': 0.0, 'negative4': None, 'positive4': None, 'negative5': None, 'positive5': None, 'negative6': None, 'positive6': None}",3612.804463008,offer
2026-09-03,37,2026-09-03T17:00:00Z,2026-09-04T17:44:39Z,T_LKSDB-1,T,Lakeside Energy Storage Ltd,LKSDB-1,"{'negative1': 0.0, 'positive1': 1763.43448032, 'negative2': 0.0, 'positive2': 0.0, 'negative3': 0.0, 'positive3': 0.0, 'negative4': None, 'positive4': None, 'negative5': None, 'positive5': None, 'negative6': None, 'positive6': None}",1763.43448032,offer
2026-09-03,38,2026-09-03T17:30:00Z,2026-09-04T18:14:30Z,T_LKSDB-1,T,Lakeside Energy Storage Ltd,LKSDB-1,"{'negative1': 0.0, 'positive1': 6336.437613696, 'negative2': 0.0, 'positive2': 0.0, 'negative3': 0.0, 'positive3': 0.0, 'negative4': None, 'positive4': None, 'negative5': None, 'positive5': None, 'negative6': None, 'positive6': None}",6336.437613696,offer
2026-09-03,39,2026-09-03T18:00:00Z,2026-09-04T18:45:07Z,T_LKSDB-1,T,Lakeside Energy Storage Ltd,LKSDB-1,"{'negative1': 0.0, 'positive1': 1358.268958944, 'negative2': 0.0, 'positive2': 0.0, 'negative3': 0.0, 'positive3': None, 'negative4': None, 'positive4': None, 'negative5': None, 'positive5': None, 'negative6': None, 'positive6': None}",1358.268958944,offer
2026-09-03,40,2026-09-03T18:30:00Z,2026-09-04T19:15:11Z,T_LKSDB-1,T,Lakeside Energy Storage Ltd,LKSDB-1,"{'negative1': 0.0, 'positive1': 1131.2735825623895, 'negative2': 0.0, 'positive2': 0.0, 'negative3': 0.0, 'positive3': None, 'negative4': None, 'positive4': None, 'negative5': None, 'positive5': None, 'negative6': None, 'positive6': None}",1131.2735825623895,offer
2026-09-03,41,2026-09-03T19:00:00Z,2026-09-04T19:45:05Z,T_LKSDB-1,T,Lakeside Energy Storage Ltd,LKSDB-1,"{'negative1': 0.0, 'positive1': 256.490219088, 'negative2': 0.0, 'positive2': 0.0, 'negative3': None, 'positive3': None, 'negative4': None, 'positive4': None, 'negative5': None, 'positive5': None, 'negative6': None, 'positive6': None}",256.490219088,offer
2026-09-03,42,2026-09-03T19:30:00Z,2026-09-04T20:14:29Z,T_LKSDB-1,T,Lakeside Energy Storage Ltd,LKSDB-1,"{'negative1': 0.0, 'positive1': 82.270447632, 'negative2': 0.0, 'positive2': 0.0, 'negative3': None, 'positive3': None, 'negative4': None, 'positive4': None, 'negative5': None, 'positive5': None, 'negative6': None, 'positive6': None}",82.270447632,offer
2026-09-03,46,2026-09-03T21:30:00Z,2026-09-04T22:14:28Z,T_LKSDB-1,T,Lakeside Energy Storage Ltd,LKSDB-1,"{'negative1': 0.0, 'positive1': 145.18314288, 'negative2': 0.0, 'positive2': 0.0, 'negative3': None, 'positive3': 0.0, 'negative4': None, 'positive4': None, 'negative5': None, 'positive5': None, 'negative6': None, 'positive6': None}",145.18314288,offer
2026-09-03,47,2026-09-03T22:00:00Z,2026-09-04T22:44:30Z,T_LKSDB-1,T,Lakeside Energy Storage Ltd,LKSDB-1,"{'negative1': 0.0, 'positive1': 190.20117168, 'negative2': 0.0, 'positive2': 0.0, 'negative3': None, 'positive3': 0.0, 'negative4': None, 'positive4': None, 'negative5': None, 'positive5': None, 'negative6': None, 'positive6': None}",190.20117168,offer
2026-09-03,48,2026-09-03T22:30:00Z,2026-09-04T23:14:49Z,T_LKSDB-1,T,Lakeside Energy Storage Ltd,LKSDB-1,"{'negative1': 0.0, 'positive1': 28.54404, 'negative2': 0.0, 'positive2': 0.0, 'negative3': None, 'positive3': 0.0, 'negative4': None, 'positive4': None, 'negative5': None, 'positive5': None, 'negative6': None, 'positive6': None}",28.54404,offer
2026-09-04,1,2026-09-03T23:00:00Z,2026-09-04T23:44:34Z,T_LKSDB-1,T,Lakeside Energy Storage Ltd,LKSDB-1,"{'negative1': 0.0, 'positive1': 0.0, 'negative2': 0.0, 'positive2': 0.0, 'negative3': None, 'positive3': 0.0, 'negative4': None, 'positive4': None, 'negative5': None, 'positive5': None, 'negative6': None, 'positive6': None}",0.0,bid
2026-09-04,4,2026-09-04T00:30:00Z,2026-09-05T01:14:44Z,T_LKSDB-1,T,Lakeside Energy Storage Ltd,LKSDB-1,"{'negative1': -8.3185488, 'positive1': 0.0, 'negative2': 0.0, 'positive2': 0.0, 'negative3': None, 'positive3': None, 'negative4': None, 'positive4': None, 'negative5': None, 'positive5': None, 'negative6': None, 'positive6': None}",-8.3185488,bid
2026-09-04,6,2026-09-04T01:30:00Z,2026-09-05T02:15:36Z,T_LKSDB-1,T,Lakeside Energy Storage Ltd,LKSDB-1,"{'negative1': -17.402218145568, 'positive1': 0.0, 'negative2': -213.133651729116, 'positive2': None, 'negative3': 0.0, 'positive3': None, 'negative4': None, 'positive4': None, 'negative5': None, 'positive5': None, 'negative6': None, 'positive6': None}",-230.535869874684,bid
2026-09-04,7,2026-09-04T02:00:00Z,2026-09-05T02:44:25Z,T_LKSDB-1,T,Lakeside Energy Storage Ltd,LKSDB-1,"{'negative1': -2730.441312, 'positive1': 0.0, 'negative2': 0.0, 'positive2': 0.0, 'negative3': None, 'positive3': 0.0, 'negative4': None, 'positive4': None, 'negative5': None, 'positive5': None, 'negative6': None, 'positive6': None}",-2730.441312,bid
2026-09-04,8,2026-09-04T02:30:00Z,2026-09-05T03:14:32Z,T_LKSDB-1,T,Lakeside Energy Storage Ltd,LKSDB-1,"{'negative1': -2959.4460672, 'positive1': 0.0, 'negative2': 0.0, 'positive2': 0.0, 'negative3': None, 'positive3': 0.0, 'negative4': None, 'positive4': None, 'negative5': None, 'positive5': None, 'negative6': None, 'positive6': None}",-2959.4460672,bid
2026-09-04,9,2026-09-04T03:00:00Z,2026-09-05T03:44:31Z,T_LKSDB-1,T,Lakeside Energy Storage Ltd,LKSDB-1,"{'negative1': -2949.75740448, 'positive1': 0.0, 'negative2': 0.0, 'positive2': 0.0, 'negative3': None, 'positive3': 0.0, 'negative4': None, 'positive4': None, 'negative5': None, 'positive5': None, 'negative6': None, 'positive6': None}",-2949.75740448,bid
2026-09-04,10,2026-09-04T03:30:00Z,2026-09-05T04:14:26Z,T_LKSDB-1,T,Lakeside Energy Storage Ltd,LKSDB-1,"{'negative1': -97.5390624, 'positive1': 0.0, 'negative2': 0.0, 'positive2': 0.0, 'negative3': None, 'positive3': 0.0, 'negative4': None, 'positive4': None, 'negative5': None, 'positive5': None, 'negative6': None, 'positive6': None}",-97.5390624,bid
2026-09-04,11,2026-09-04T04:00:00Z,2026-09-05T04:44:27Z,T_LKSDB-1,T,Lakeside Energy Storage Ltd,LKSDB-1,"{'negative1': 0.0, 'positive1': 0.0, 'negative2': 0.0, 'positive2': 0.0, 'negative3': None, 'positive3': None, 'negative4': None, 'positive4': None, 'negative5': None, 'positive5': None, 'negative6': None, 'positive6': None}",0.0,bid
2026-09-04,12,2026-09-04T04:30:00Z,2026-09-05T05:14:26Z,T_LKSDB-1,T,Lakeside Energy Storage Ltd,LKSDB-1,"{'negative1': 0.0, 'positive1': 0.0, 'negative2': 0.0, 'positive2': 0.0, 'negative3': None, 'positive3': None, 'negative4': None, 'positive4': None, 'negative5': None, 'positive5': None, 'negative6': None, 'positive6': None}",0.0,bid
2026-09-04,13,2026-09-04T05:00:00Z,2026-09-05T05:44:32Z,T_LKSDB-1,T,Lakeside Energy Storage Ltd,LKSDB-1,"{'negative1': 0.0, 'positive1': 0.0, 'negative2': 0.0, 'positive2': 0.0, 'negative3': 0.0, 'positive3': None, 'negative4': None, 'positive4': None, 'negative5': None, 'positive5': None, 'negative6': None, 'positive6': None}",0.0,bid
2026-09-04,14,2026-09-04T05:30:00Z,2026-09-05T06:14:29Z,T_LKSDB-1,T,Lakeside Energy Storage Ltd,LKSDB-1,"{'negative1': 0.0, 'positive1': 0.0, 'negative2': 0.0, 'positive2': 0.0, 'negative3': 0.0, 'positive3': None, 'negative4': None, 'positive4': None, 'negative5': None, 'positive5': None, 'negative6': None, 'positive6': None}",0.0,bid
2026-09-04,15,2026-09-04T06:00:00Z,2026-09-05T06:44:33Z,T_LKSDB-1,T,Lakeside Energy Storage Ltd,LKSDB-1,"{'negative1': 0.0, 'positive1': 0.0, 'negative2': 0.0, 'positive2': 0.0, 'negative3': None, 'positive3': 0.0, 'negative4': None, 'positive4': None, 'negative5': None, 'positive5': None, 'negative6': None, 'positive6': None}",0.0,bid
2026-09-04,16,2026-09-04T06:30:00Z,2026-09-05T07:14:33Z,T_LKSDB-1,T,Lakeside Energy Storage Ltd,LKSDB-1,"{'negative1': 0.0, 'positive1': 0.0, 'negative2': 0.0, 'positive2': 0.0, 'negative3': None, 'positive3': 0.0, 'negative4': None, 'positive4': None, 'negative5': None, 'positive5': None, 'negative6': None, 'positive6': None}",0.0,bid
2026-09-04,17,2026-09-04T07:00:00Z,2026-09-05T07:44:32Z,T_LKSDB-1,T,Lakeside Energy Storage Ltd,LKSDB-1,"{'negative1': 0.0, 'positive1': 0.0, 'negative2': 0.0, 'positive2': 0.0, 'negative3': None, 'positive3': None, 'negative4': None, 'positive4': None, 'negative5': None, 'positive5': None, 'negative6': None, 'positive6': None}",0.0,bid
2026-09-04,18,2026-09-04T07:30:00Z,2026-09-05T08:14:29Z,T_LKSDB-1,T,Lakeside Energy Storage Ltd,LKSDB-1,"{'negative1': 0.0, 'positive1': 0.0, 'negative2': 0.0, 'positive2': 0.0, 'negative3': None, 'positive3': None, 'negative4': None, 'positive4': None, 'negative5': None, 'positive5': None, 'negative6': None, 'positive6': None}",0.0,bid
2026-09-04,19,2026-09-04T08:00:00Z,2026-09-05T08:44:26Z,T_LKSDB-1,T,Lakeside Energy Storage Ltd,LKSDB-1,"{'negative1': 0.0, 'positive1': 0.15291449999999998, 'negative2': 0.0, 'positive2': 0.15291449999999998, 'negative3': None, 'positive3': 0.0, 'negative4': None, 'positive4': None, 'negative5': None, 'positive5': None, 'negative6': None, 'positive6': None}",0.30582899999999996,bid
2026-09-04,25,2026-09-04T11:00:00Z,2026-09-05T11:44:41Z,T_LKSDB-1,T,Lakeside Energy Storage Ltd,LKSDB-1,"{'negative1': 0.0, 'positive1': 0.0, 'negative2': 0.0, 'positive2': 0.0, 'negative3': None, 'positive3': 0.0, 'negative4': None, 'positive4': None, 'negative5': None, 'positive5': None, 'negative6': None, 'positive6': None}",0.0,bid
2026-09-04,26,2026-09-04T11:30:00Z,2026-09-05T12:14:27Z,T_LKSDB-1,T,Lakeside Energy Storage Ltd,LKSDB-1,"{'negative1': 0.0, 'positive1': 0.0, 'negative2': 0.0, 'positive2': 0.0, 'negative3': None, 'positive3': 0.0, 'negative4': None, 'positive4': None, 'negative5': None, 'positive5': None, 'negative6': None, 'positive6': None}",0.0,bid
2026-09-04,27,2026-09-04T12:00:00Z,2026-09-05T12:44:30Z,T_LKSDB-1,T,Lakeside Energy Storage Ltd,LKSDB-1,"{'negative1': 0.0, 'positive1': 0.0, 'negative2': 0.0, 'positive2': 0.0, 'negative3': None, 'positive3': 0.0, 'negative4': None, 'positive4': None, 'negative5': None, 'positive5': None, 'negative6': None, 'positive6': None}",0.0,bid
2026-09-04,28,2026-09-04T12:30:00Z,2026-09-05T13:14:29Z,T_LKSDB-1,T,Lakeside Energy Storage Ltd,LKSDB-1,"{'negative1': 0.0, 'positive1': 0.0, 'negative2': 0.0, 'positive2': 0.0, 'negative3': None, 'positive3': 0.0, 'negative4': None, 'positive4': None, 'negative5': None, 'positive5': None, 'negative6': None, 'positive6': None}",0.0,bid
2026-09-04,29,2026-09-04T13:00:00Z,2026-09-05T13:44:47Z,T_LKSDB-1,T,Lakeside Energy Storage Ltd,LKSDB-1,"{'negative1': 0.0, 'positive1': 0.0, 'negative2': 0.0, 'positive2': 0.0, 'negative3': None, 'positive3': 0.0, 'negative4': None, 'positive4': None, 'negative5': None, 'positive5': None, 'negative6': None, 'positive6': None}",0.0,bid
2026-09-04,30,2026-09-04T13:30:00Z,2026-09-05T14:14:28Z,T_LKSDB-1,T,Lakeside Energy Storage Ltd,LKSDB-1,"{'negative1': 0.0, 'positive1': 0.0, 'negative2': 0.0, 'positive2': 0.0, 'negative3': None, 'positive3': 0.0, 'negative4': None, 'positive4': None, 'negative5': None, 'positive5': None, 'negative6': None, 'positive6': None}",0.0,bid
2026-09-04,32,2026-09-04T14:30:00Z,2026-09-05T15:15:14Z,T_LKSDB-1,T,Lakeside Energy Storage Ltd,LKSDB-1,"{'negative1': 0.0, 'positive1': 0.0, 'negative2': 0.0, 'positive2': 0.0, 'negative3': None, 'positive3': 0.0, 'negative4': None, 'positive4': None, 'negative5': None, 'positive5': None, 'negative6': None, 'positive6': None}",0.0,bid
2026-09-04,33,2026-09-04T15:00:00Z,2026-09-05T15:44:30Z,T_LKSDB-1,T,Lakeside Energy Storage Ltd,LKSDB-1,"{'negative1': 0.0, 'positive1': 0.0, 'negative2': 0.0, 'positive2': 0.0, 'negative3': None, 'positive3': 0.0, 'negative4': None, 'positive4': None, 'negative5': None, 'positive5': None, 'negative6': None, 'positive6': None}",0.0,bid
2026-09-04,34,2026-09-04T15:30:00Z,2026-09-05T16:14:33Z,T_LKSDB-1,T,Lakeside Energy Storage Ltd,LKSDB-1,"{'negative1': 0.0, 'positive1': 0.0, 'negative2': 0.0, 'positive2': 0.0, 'negative3': None, 'positive3': 0.0, 'negative4': None, 'positive4': None, 'negative5': None, 'positive5': None, 'negative6': None, 'positive6': None}",0.0,bid
2026-09-04,35,2026-09-04T16:00:00Z,2026-09-05T16:44:36Z,T_LKSDB-1,T,Lakeside Energy Storage Ltd,LKSDB-1,"{'negative1': 0.0, 'positive1': 0.0, 'negative2': 0.0, 'positive2': 0.0, 'negative3': None, 'positive3': None, 'negative4': None, 'positive4': None, 'negative5': None, 'positive5': None, 'negative6': None, 'positive6': None}",0.0,bid
2026-09-04,36,2026-09-04T16:30:00Z,2026-09-05T17:14:37Z,T_LKSDB-1,T,Lakeside Energy Storage Ltd,LKSDB-1,"{'negative1': 0.0, 'positive1': 0.0, 'negative2': 0.0, 'positive2': 0.0, 'negative3': None, 'positive3': None, 'negative4': None, 'positive4': None, 'negative5': None, 'positive5': None, 'negative6': None, 'positive6': None}",0.0,bid
2026-09-04,39,2026-09-04T18:00:00Z,2026-09-05T18:44:32Z,T_LKSDB-1,T,Lakeside Energy Storage Ltd,LKSDB-1,"{'negative1': 0.0, 'positive1': 0.0, 'negative2': 0.0, 'positive2': 0.0, 'negative3': None, 'positive3': None, 'negative4': None, 'positive4': None, 'negative5': None, 'positive5': None, 'negative6': None, 'positive6': None}",0.0,bid
2026-09-04,40,2026-09-04T18:30:00Z,2026-09-05T19:14:34Z,T_LKSDB-1,T,Lakeside Energy Storage Ltd,LKSDB-1,"{'negative1': 0.0, 'positive1': 0.0, 'negative2': 0.0, 'positive2': 0.0, 'negative3': None, 'positive3': None, 'negative4': None, 'positive4': None, 'negative5': None, 'positive5': None, 'negative6': None, 'positive6': None}",0.0,bid
2026-09-04,41,2026-09-04T19:00:00Z,2026-09-05T19:46:00Z,T_LKSDB-1,T,Lakeside Energy Storage Ltd,LKSDB-1,"{'negative1': 0.0, 'positive1': 0.0, 'negative2': 0.0, 'positive2': 0.0, 'negative3': None, 'positive3': None, 'negative4': None, 'positive4': None, 'negative5': None, 'positive5': None, 'negative6': None, 'positive6': None}",0.0,bid
2026-09-04,42,2026-09-04T19:30:00Z,2026-09-05T20:14:28Z,T_LKSDB-1,T,Lakeside Energy Storage Ltd,LKSDB-1,"{'negative1': 0.0, 'positive1': 0.0, 'negative2': 0.0, 'positive2': 0.0, 'negative3': None, 'positive3': None, 'negative4': None, 'positive4': None, 'negative5': None, 'positive5': None, 'negative6': None, 'positive6': None}",0.0,bid
2026-09-04,47,2026-09-04T22:00:00Z,2026-09-05T22:44:27Z,T_LKSDB-1,T,Lakeside Energy Storage Ltd,LKSDB-1,"{'negative1': 0.0, 'positive1': 0.0, 'negative2': 0.0, 'positive2': 0.0, 'negative3': None, 'positive3': 0.0, 'negative4': None, 'positive4': None, 'negative5': None, 'positive5': None, 'negative6': None, 'positive6': None}",0.0,bid
2026-09-04,48,2026-09-04T22:30:00Z,2026-09-05T23:14:28Z,T_LKSDB-1,T,Lakeside Energy Storage Ltd,LKSDB-1,"{'negative1': 0.0, 'positive1': 0.0, 'negative2': 0.0, 'positive2': 0.0, 'negative3': None, 'positive3': 0.0, 'negative4': None, 'positive4': None, 'negative5': None, 'positive5': None, 'negative6': None, 'positive6': None}",0.0,bid
2026-09-04,1,2026-09-03T23:00:00Z,2026-09-04T23:44:34Z,T_LKSDB-1,T,Lakeside Energy Storage Ltd,LKSDB-1,"{'negative1': 0.0, 'positive1': 413.88858, 'negative2': 0.0, 'positive2': 0.0, 'negative3': None, 'positive3': 0.0, 'negative4': None, 'positive4': None, 'negative5': None, 'positive5': None, 'negative6': None, 'positive6': None}",413.88858,offer
2026-09-04,4,2026-09-04T00:30:00Z,2026-09-05T01:14:44Z,T_LKSDB-1,T,Lakeside Energy Storage Ltd,LKSDB-1,"{'negative1': 0.0, 'positive1': 0.0, 'negative2': 0.0, 'positive2': 0.0, 'negative3': None, 'positive3': None, 'negative4': None, 'positive4': None, 'negative5': None, 'positive5': None, 'negative6': None, 'positive6': None}",0.0,offer
2026-09-04,6,2026-09-04T01:30:00Z,2026-09-05T02:15:36Z,T_LKSDB-1,T,Lakeside Energy Storage Ltd,LKSDB-1,"{'negative1': 0.0, 'positive1': 0.0, 'negative2': 0.0, 'positive2': None, 'negative3': 0.0, 'positive3': None, 'negative4': None, 'positive4': None, 'negative5': None, 'positive5': None, 'negative6': None, 'positive6': None}",0.0,offer
2026-09-04,7,2026-09-04T02:00:00Z,2026-09-05T02:44:25Z,T_LKSDB-1,T,Lakeside Energy Storage Ltd,LKSDB-1,"{'negative1': 0.0, 'positive1': 0.0, 'negative2': 0.0, 'positive2': 0.0, 'negative3': None, 'positive3': 0.0, 'negative4': None, 'positive4': None, 'negative5': None, 'positive5': None, 'negative6': None, 'positive6': None}",0.0,offer
2026-09-04,8,2026-09-04T02:30:00Z,2026-09-05T03:14:32Z,T_LKSDB-1,T,Lakeside Energy Storage Ltd,LKSDB-1,"{'negative1': 0.0, 'positive1': 0.0, 'negative2': 0.0, 'positive2': 0.0, 'negative3': None, 'positive3': 0.0, 'negative4': None, 'positive4': None, 'negative5': None, 'positive5': None, 'negative6': None, 'positive6': None}",0.0,offer
2026-09-04,9,2026-09-04T03:00:00Z,2026-09-05T03:44:31Z,T_LKSDB-1,T,Lakeside Energy Storage Ltd,LKSDB-1,"{'negative1': 0.0, 'positive1': 0.0, 'negative2': 0.0, 'positive2': 0.0, 'negative3': None, 'positive3': 0.0, 'negative4': None, 'positive4': None, 'negative5': None, 'positive5': None, 'negative6': None, 'positive6': None}",0.0,offer
2026-09-04,10,2026-09-04T03:30:00Z,2026-09-05T04:14:26Z,T_LKSDB-1,T,Lakeside Energy Storage Ltd,LKSDB-1,"{'negative1': 0.0, 'positive1': 0.0, 'negative2': 0.0, 'positive2': 0.0, 'negative3': None, 'positive3': 0.0, 'negative4': None, 'positive4': None, 'negative5': None, 'positive5': None, 'negative6': None, 'positive6': None}",0.0,offer
2026-09-04,11,2026-09-04T04:00:00Z,2026-09-05T04:44:27Z,T_LKSDB-1,T,Lakeside Energy Storage Ltd,LKSDB-1,"{'negative1': 0.0, 'positive1': 3896.11466208, 'negative2': 0.0, 'positive2': 0.0, 'negative3': None, 'positive3': None, 'negative4': None, 'positive4': None, 'negative5': None, 'positive5': None, 'negative6': None, 'positive6': None}",3896.11466208,offer
2026-09-04,12,2026-09-04T04:30:00Z,2026-09-05T05:14:26Z,T_LKSDB-1,T,Lakeside Energy Storage Ltd,LKSDB-1,"{'negative1': 0.0, 'positive1': 5569.31735424, 'negative2': 0.0, 'positive2': 0.0, 'negative3': None, 'positive3': None, 'negative4': None, 'positive4': None, 'negative5': None, 'positive5': None, 'negative6': None, 'positive6': None}",5569.31735424,offer
2026-09-04,13,2026-09-04T05:00:00Z,2026-09-05T05:44:32Z,T_LKSDB-1,T,Lakeside Energy Storage Ltd,LKSDB-1,"{'negative1': 0.0, 'positive1': 925.54457472, 'negative2': 0.0, 'positive2': 0.0, 'negative3': 0.0, 'positive3': None, 'negative4': None, 'positive4': None, 'negative5': None, 'positive5': None, 'negative6': None, 'positive6': None}",925.54457472,offer
2026-09-04,14,2026-09-04T05:30:00Z,2026-09-05T06:14:29Z,T_LKSDB-1,T,Lakeside Energy Storage Ltd,LKSDB-1,"{'negative1': 0.0, 'positive1': 1.33749216, 'negative2': 0.0, 'positive2': 0.0, 'negative3': 0.0, 'positive3': None, 'negative4': None, 'positive4': None, 'negative5': None, 'positive5': None, 'negative6': None, 'positive6': None}",1.33749216,offer
2026-09-04,15,2026-09-04T06:00:00Z,2026-09-05T06:44:33Z,T_LKSDB-1,T,Lakeside Energy Storage Ltd,LKSDB-1,"{'negative1': 0.0, 'positive1': 287.5608144, 'negative2': 0.0, 'positive2': 405.1622592, 'negative3': None, 'positive3': 0.0, 'negative4': None, 'positive4': None, 'negative5': None, 'positive5': None, 'negative6': None, 'positive6': None}",692.7230736,offer
2026-09-04,16,2026-09-04T06:30:00Z,2026-09-05T07:14:33Z,T_LKSDB-1,T,Lakeside Energy Storage Ltd,LKSDB-1,"{'negative1': 0.0, 'positive1': 464.86008, 'negative2': 0.0, 'positive2': 1048.1371488, 'negative3': None, 'positive3': 0.0, 'negative4': None, 'positive4': None, 'negative5': None, 'positive5': None, 'negative6': None, 'positive6': None}",1512.9972288,offer
2026-09-04,17,2026-09-04T07:00:00Z,2026-09-05T07:44:32Z,T_LKSDB-1,T,Lakeside Energy Storage Ltd,LKSDB-1,"{'negative1': 0.0, 'positive1': 7.747668, 'negative2': 0.0, 'positive2': 0.0, 'negative3': None, 'positive3': None, 'negative4': None, 'positive4': None, 'negative5': None, 'positive5': None, 'negative6': None, 'positive6': None}",7.747668,offer
2026-09-04,18,2026-09-04T07:30:00Z,2026-09-05T08:14:29Z,T_LKSDB-1,T,Lakeside Energy Storage Ltd,LKSDB-1,"{'negative1': 0.0, 'positive1': 9.2972016, 'negative2': 0.0, 'positive2': 0.0, 'negative3': None, 'positive3': None, 'negative4': None, 'positive4': None, 'negative5': None, 'positive5': None, 'negative6': None, 'positive6': None}",9.2972016,offer
2026-09-04,19,2026-09-04T08:00:00Z,2026-09-05T08:44:26Z,T_LKSDB-1,T,Lakeside Energy Storage Ltd,LKSDB-1,"{'negative1': 0.0, 'positive1': 172.62348, 'negative2': 0.0, 'positive2': 27.2119848, 'negative3': None, 'positive3': 0.0, 'negative4': None, 'positive4': None, 'negative5': None, 'positive5': None, 'negative6': None, 'positive6': None}",199.8354648,offer
2026-09-04,25,2026-09-04T11:00:00Z,2026-09-05T11:44:41Z,T_LKSDB-1,T,Lakeside Energy Storage Ltd,LKSDB-1,"{'negative1': 0.0, 'positive1': 982.02915216, 'negative2': 0.0, 'positive2': 0.0, 'negative3': None, 'positive3': 0.0, 'negative4': None, 'positive4': None, 'negative5': None, 'positive5': None, 'negative6': None, 'positive6': None}",982.02915216,offer
2026-09-04,26,2026-09-04T11:30:00Z,2026-09-05T12:14:27Z,T_LKSDB-1,T,Lakeside Energy Storage Ltd,LKSDB-1,"{'negative1': 0.0, 'positive1': 1492.44552, 'negative2': 0.0, 'positive2': 194.21364816, 'negative3': None, 'positive3': 0.0, 'negative4': None, 'positive4': None, 'negative5': None, 'positive5': None, 'negative6': None, 'positive6': None}",1686.65916816,offer
2026-09-04,27,2026-09-04T12:00:00Z,2026-09-05T12:44:30Z,T_LKSDB-1,T,Lakeside Energy Storage Ltd,LKSDB-1,"{'negative1': 0.0, 'positive1': 2311.88238336, 'negative2': 0.0, 'positive2': 281.33005824, 'negative3': None, 'positive3': 0.0, 'negative4': None, 'positive4': None, 'negative5': None, 'positive5': None, 'negative6': None, 'positive6': None}",2593.2124416,offer
2026-09-04,28,2026-09-04T12:30:00Z,2026-09-05T13:14:29Z,T_LKSDB-1,T,Lakeside Energy Storage Ltd,LKSDB-1,"{'negative1': 0.0, 'positive1': 2301.26943744, 'negative2': 0.0, 'positive2': 0.0, 'negative3': None, 'positive3': 0.0, 'negative4': None, 'positive4': None, 'negative5': None, 'positive5': None, 'negative6': None, 'positive6': None}",2301.26943744,offer
2026-09-04,29,2026-09-04T13:00:00Z,2026-09-05T13:44:47Z,T_LKSDB-1,T,Lakeside Energy Storage Ltd,LKSDB-1,"{'negative1': 0.0, 'positive1': 3020.41613664, 'negative2': 0.0, 'positive2': 0.0, 'negative3': None, 'positive3': 0.0, 'negative4': None, 'positive4': None, 'negative5': None, 'positive5': None, 'negative6': None, 'positive6': None}",3020.41613664,offer
2026-09-04,30,2026-09-04T13:30:00Z,2026-09-05T14:14:28Z,T_LKSDB-1,T,Lakeside Energy Storage Ltd,LKSDB-1,"{'negative1': 0.0, 'positive1': 3525.05845296, 'negative2': 0.0, 'positive2': 0.0, 'negative3': None, 'positive3': 0.0, 'negative4': None, 'positive4': None, 'negative5': None, 'positive5': None, 'negative6': None, 'positive6': None}",3525.05845296,offer
2026-09-04,32,2026-09-04T14:30:00Z,2026-09-05T15:15:14Z,T_LKSDB-1,T,Lakeside Energy Storage Ltd,LKSDB-1,"{'negative1': 0.0, 'positive1': 3004.464096, 'negative2': 0.0, 'positive2': 0.0, 'negative3': None, 'positive3': 0.0, 'negative4': None, 'positive4': None, 'negative5': None, 'positive5': None, 'negative6': None, 'positive6': None}",3004.464096,offer
2026-09-04,33,2026-09-04T15:00:00Z,2026-09-05T15:44:30Z,T_LKSDB-1,T,Lakeside Energy Storage Ltd,LKSDB-1,"{'negative1': 0.0, 'positive1': 4470.671934432, 'negative2': 0.0, 'positive2': 0.0, 'negative3': None, 'positive3': 0.0, 'negative4': None, 'positive4': None, 'negative5': None, 'positive5': None, 'negative6': None, 'positive6': None}",4470.671934432,offer
2026-09-04,34,2026-09-04T15:30:00Z,2026-09-05T16:14:33Z,T_LKSDB-1,T,Lakeside Energy Storage Ltd,LKSDB-1,"{'negative1': 0.0, 'positive1': 4396.000725792, 'negative2': 0.0, 'positive2': 2934.399079872, 'negative3': None, 'positive3': 0.0, 'negative4': None, 'positive4': None, 'negative5': None, 'positive5': None, 'negative6': None, 'positive6': None}",7330.399805664,offer
2026-09-04,35,2026-09-04T16:00:00Z,2026-09-05T16:44:36Z,T_LKSDB-1,T,Lakeside Energy Storage Ltd,LKSDB-1,"{'negative1': 0.0, 'positive1': 4492.11421728, 'negative2': 0.0, 'positive2': 0.0, 'negative3': None, 'positive3': None, 'negative4': None, 'positive4': None, 'negative5': None, 'positive5': None, 'negative6': None, 'positive6': None}",4492.11421728,offer
2026-09-04,36,2026-09-04T16:30:00Z,2026-09-05T17:14:37Z,T_LKSDB-1,T,Lakeside Energy Storage Ltd,LKSDB-1,"{'negative1': 0.0, 'positive1': 1516.37358096, 'negative2': 0.0, 'positive2': 0.0, 'negative3': None, 'positive3': None, 'negative4': None, 'positive4': None, 'negative5': None, 'positive5': None, 'negative6': None, 'positive6': None}",1516.37358096,offer
2026-09-04,39,2026-09-04T18:00:00Z,2026-09-05T18:44:32Z,T_LKSDB-1,T,Lakeside Energy Storage Ltd,LKSDB-1,"{'negative1': 0.0, 'positive1': 535.86134064, 'negative2': 0.0, 'positive2': 0.0, 'negative3': None, 'positive3': None, 'negative4': None, 'positive4': None, 'negative5': None, 'positive5': None, 'negative6': None, 'positive6': None}",535.86134064,offer
2026-09-04,40,2026-09-04T18:30:00Z,2026-09-05T19:14:34Z,T_LKSDB-1,T,Lakeside Energy Storage Ltd,LKSDB-1,"{'negative1': 0.0, 'positive1': 83.22952737600001, 'negative2': 0.0, 'positive2': 0.0, 'negative3': None, 'positive3': None, 'negative4': None, 'positive4': None, 'negative5': None, 'positive5': None, 'negative6': None, 'positive6': None}",83.22952737600001,offer
2026-09-04,41,2026-09-04T19:00:00Z,2026-09-05T19:46:00Z,T_LKSDB-1,T,Lakeside Energy Storage Ltd,LKSDB-1,"{'negative1': 0.0, 'positive1': 68.40783072, 'negative2': 0.0, 'positive2': 0.0, 'negative3': None, 'positive3': None, 'negative4': None, 'positive4': None, 'negative5': None, 'positive5': None, 'negative6': None, 'positive6': None}",68.40783072,offer
2026-09-04,42,2026-09-04T19:30:00Z,2026-09-05T20:14:28Z,T_LKSDB-1,T,Lakeside Energy Storage Ltd,LKSDB-1,"{'negative1': 0.0, 'positive1': 24.75991584, 'negative2': 0.0, 'positive2': 0.0, 'negative3': None, 'positive3': None, 'negative4': None, 'positive4': None, 'negative5': None, 'positive5': None, 'negative6': None, 'positive6': None}",24.75991584,offer
2026-09-04,47,2026-09-04T22:00:00Z,2026-09-05T22:44:27Z,T_LKSDB-1,T,Lakeside Energy Storage Ltd,LKSDB-1,"{'negative1': 0.0, 'positive1': 981.416950464, 'negative2': 0.0, 'positive2': 38.752476096, 'negative3': None, 'positive3': 0.0, 'negative4': None, 'positive4': None, 'negative5': None, 'positive5': None, 'negative6': None, 'positive6': None}",1020.16942656,offer
2026-09-04,48,2026-09-04T22:30:00Z,2026-09-05T23:14:28Z,T_LKSDB-1,T,Lakeside Energy Storage Ltd,LKSDB-1,"{'negative1': 0.0, 'positive1': 276.146460576, 'negative2': 0.0, 'positive2': 34.477938144, 'negative3': None, 'positive3': 0.0, 'negative4': None, 'positive4': None, 'negative5': None, 'positive5': None, 'negative6': None, 'positive6': None}",310.62439872,offer
2026-09-05,1,2026-09-04T23:00:00Z,2026-09-05T23:44:27Z,T_LKSDB-1,T,Lakeside Energy Storage Ltd,LKSDB-1,"{'negative1': 0.0, 'positive1': 0.0, 'negative2': 0.0, 'positive2': 0.0, 'negative3': None, 'positive3': 0.0, 'negative4': None, 'positive4': None, 'negative5': None, 'positive5': None, 'negative6': None, 'positive6': None}",0.0,bid
2026-09-05,2,2026-09-04T23:30:00Z,2026-09-06T00:14:30Z,T_LKSDB-1,T,Lakeside Energy Storage Ltd,LKSDB-1,"{'negative1': 0.0, 'positive1': 0.0, 'negative2': 0.0, 'positive2': 0.0, 'negative3': None, 'positive3': 0.0, 'negative4': None, 'positive4': None, 'negative5': None, 'positive5': None, 'negative6': None, 'positive6': None}",0.0,bid
2026-09-05,3,2026-09-05T00:00:00Z,2026-09-06T00:44:27Z,T_LKSDB-1,T,Lakeside Energy Storage Ltd,LKSDB-1,"{'negative1': 0.0, 'positive1': 0.0, 'negative2': 0.0, 'positive2': 0.0, 'negative3': None, 'positive3': None, 'negative4': None, 'positive4': None, 'negative5': None, 'positive5': None, 'negative6': None, 'positive6': None}",0.0,bid
2026-09-05,5,2026-09-05T01:00:00Z,2026-09-06T01:44:45Z,T_LKSDB-1,T,Lakeside Energy Storage Ltd,LKSDB-1,"{'negative1': 0.0, 'positive1': 0.0, 'negative2': 0.0, 'positive2': 0.0, 'negative3': None, 'positive3': 0.0, 'negative4': None, 'positive4': None, 'negative5': None, 'positive5': None, 'negative6': None, 'positive6': None}",0.0,bid
2026-09-05,6,2026-09-05T01:30:00Z,2026-09-06T02:15:11Z,T_LKSDB-1,T,Lakeside Energy Storage Ltd,LKSDB-1,"{'negative1': 0.0, 'positive1': 0.0, 'negative2': 0.0, 'positive2': 0.0, 'negative3': None, 'positive3': 0.0, 'negative4': None, 'positive4': None, 'negative5': None, 'positive5': None, 'negative6': None, 'positive6': None}",0.0,bid
2026-09-05,7,2026-09-05T02:00:00Z,2026-09-06T02:44:31Z,T_LKSDB-1,T,Lakeside Energy Storage Ltd,LKSDB-1,"{'negative1': 0.0, 'positive1': 0.0, 'negative2': 0.0, 'positive2': 0.0, 'negative3': None, 'positive3': None, 'negative4': None, 'positive4': None, 'negative5': None, 'positive5': None, 'negative6': None, 'positive6': None}",0.0,bid
2026-09-05,8,2026-09-05T02:30:00Z,2026-09-06T03:14:30Z,T_LKSDB-1,T,Lakeside Energy Storage Ltd,LKSDB-1,"{'negative1': 0.0, 'positive1': 0.0, 'negative2': 0.0, 'positive2': 0.0, 'negative3': None, 'positive3': 0.0, 'negative4': None, 'positive4': None, 'negative5': None, 'positive5': None, 'negative6': None, 'positive6': None}",0.0,bid
2026-09-05,9,2026-09-05T03:00:00Z,2026-09-06T03:44:28Z,T_LKSDB-1,T,Lakeside Energy Storage Ltd,LKSDB-1,"{'negative1': 0.0, 'positive1': 0.0, 'negative2': 0.0, 'positive2': 0.0, 'negative3': None, 'positive3': 0.0, 'negative4': None, 'positive4': None, 'negative5': None, 'positive5': None, 'negative6': None, 'positive6': None}",0.0,bid
2026-09-05,10,2026-09-05T03:30:00Z,2026-09-06T04:14:29Z,T_LKSDB-1,T,Lakeside Energy Storage Ltd,LKSDB-1,"{'negative1': 0.0, 'positive1': 0.0, 'negative2': 0.0, 'positive2': 0.0, 'negative3': None, 'positive3': 0.0, 'negative4': None, 'positive4': None, 'negative5': None, 'positive5': None, 'negative6': None, 'positive6': None}",0.0,bid
2026-09-05,13,2026-09-05T05:00:00Z,2026-09-06T05:44:24Z,T_LKSDB-1,T,Lakeside Energy Storage Ltd,LKSDB-1,"{'negative1': 0.0, 'positive1': 0.0, 'negative2': 0.0, 'positive2': 0.0, 'negative3': None, 'positive3': 0.0, 'negative4': None, 'positive4': None, 'negative5': None, 'positive5': None, 'negative6': None, 'positive6': None}",0.0,bid
2026-09-05,14,2026-09-05T05:30:00Z,2026-09-06T06:14:42Z,T_LKSDB-1,T,Lakeside Energy Storage Ltd,LKSDB-1,"{'negative1': 0.0, 'positive1': 0.0, 'negative2': 0.0, 'positive2': 0.0, 'negative3': None, 'positive3': None, 'negative4': None, 'positive4': None, 'negative5': None, 'positive5': None, 'negative6': None, 'positive6': None}",0.0,bid
2026-09-05,15,2026-09-05T06:00:00Z,2026-09-06T06:44:32Z,T_LKSDB-1,T,Lakeside Energy Storage Ltd,LKSDB-1,"{'negative1': 0.0, 'positive1': 0.0, 'negative2': 0.0, 'positive2': 0.0, 'negative3': None, 'positive3': None, 'negative4': None, 'positive4': None, 'negative5': None, 'positive5': None, 'negative6': None, 'positive6': None}",0.0,bid
2026-09-05,16,2026-09-05T06:30:00Z,2026-09-06T07:14:31Z,T_LKSDB-1,T,Lakeside Energy Storage Ltd,LKSDB-1,"{'negative1': 0.0, 'positive1': 0.0, 'negative2': 0.0, 'positive2': 0.0, 'negative3': None, 'positive3': 0.0, 'negative4': None, 'positive4': None, 'negative5': None, 'positive5': None, 'negative6': None, 'positive6': None}",0.0,bid
2026-09-05,17,2026-09-05T07:00:00Z,2026-09-06T07:44:40Z,T_LKSDB-1,T,Lakeside Energy Storage Ltd,LKSDB-1,"{'negative1': 0.0, 'positive1': 0.0, 'negative2': 0.0, 'positive2': 0.0, 'negative3': None, 'positive3': None, 'negative4': None, 'positive4': None, 'negative5': None, 'positive5': None, 'negative6': None, 'positive6': None}",0.0,bid
2026-09-05,18,2026-09-05T07:30:00Z,2026-09-06T08:14:30Z,T_LKSDB-1,T,Lakeside Energy Storage Ltd,LKSDB-1,"{'negative1': 0.0, 'positive1': 0.0, 'negative2': 0.0, 'positive2': 0.0, 'negative3': None, 'positive3': None, 'negative4': None, 'positive4': None, 'negative5': None, 'positive5': None, 'negative6': None, 'positive6': None}",0.0,bid
2026-09-05,19,2026-09-05T08:00:00Z,2026-09-06T08:44:26Z,T_LKSDB-1,T,Lakeside Energy Storage Ltd,LKSDB-1,"{'negative1': 0.0, 'positive1': 0.0, 'negative2': 0.0, 'positive2': 0.0, 'negative3': None, 'positive3': None, 'negative4': None, 'positive4': None, 'negative5': None, 'positive5': None, 'negative6': None, 'positive6': None}",0.0,bid
2026-09-05,20,2026-09-05T08:30:00Z,2026-09-06T09:14:28Z,T_LKSDB-1,T,Lakeside Energy Storage Ltd,LKSDB-1,"{'negative1': 0.0, 'positive1': 0.0, 'negative2': 0.0, 'positive2': 0.0, 'negative3': None, 'positive3': 0.0, 'negative4': None, 'positive4': None, 'negative5': None, 'positive5': None, 'negative6': None, 'positive6': None}",0.0,bid
2026-09-05,22,2026-09-05T09:30:00Z,2026-09-06T10:14:29Z,T_LKSDB-1,T,Lakeside Energy Storage Ltd,LKSDB-1,"{'negative1': 0.0, 'positive1': 0.0, 'negative2': 0.0, 'positive2': 0.0, 'negative3': None, 'positive3': None, 'negative4': None, 'positive4': None, 'negative5': None, 'positive5': None, 'negative6': None, 'positive6': None}",0.0,bid
2026-09-05,26,2026-09-05T11:30:00Z,2026-09-06T12:15:02Z,T_LKSDB-1,T,Lakeside Energy Storage Ltd,LKSDB-1,"{'negative1': 6.1981344, 'positive1': 0.0, 'negative2': 0.0, 'positive2': 0.0, 'negative3': None, 'positive3': 0.0, 'negative4': None, 'positive4': None, 'negative5': None, 'positive5': None, 'negative6': None, 'positive6': None}",6.1981344,bid
2026-09-05,28,2026-09-05T12:30:00Z,2026-09-06T13:14:28Z,T_LKSDB-1,T,Lakeside Energy Storage Ltd,LKSDB-1,"{'negative1': 175.635759726, 'positive1': 0.0, 'negative2': 0.0, 'positive2': 0.0, 'negative3': None, 'positive3': 0.0, 'negative4': None, 'positive4': None, 'negative5': None, 'positive5': None, 'negative6': None, 'positive6': None}",175.635759726,bid
2026-09-05,29,2026-09-05T13:00:00Z,2026-09-06T13:44:50Z,T_LKSDB-1,T,Lakeside Energy Storage Ltd,LKSDB-1,"{'negative1': 0.0, 'positive1': 0.0, 'negative2': 0.0, 'positive2': 0.0, 'negative3': None, 'positive3': None, 'negative4': None, 'positive4': None, 'negative5': None, 'positive5': None, 'negative6': None, 'positive6': None}",0.0,bid
2026-09-05,30,2026-09-05T13:30:00Z,2026-09-06T14:14:26Z,T_LKSDB-1,T,Lakeside Energy Storage Ltd,LKSDB-1,"{'negative1': 900.8499024, 'positive1': 0.0, 'negative2': 0.0, 'positive2': 0.0, 'negative3': None, 'positive3': None, 'negative4': None, 'positive4': None, 'negative5': None, 'positive5': None, 'negative6': None, 'positive6': None}",900.8499024,bid
2026-09-05,38,2026-09-05T17:30:00Z,2026-09-06T18:14:29Z,T_LKSDB-1,T,Lakeside Energy Storage Ltd,LKSDB-1,"{'negative1': -277.9373952, 'positive1': 0.0, 'negative2': 0.0, 'positive2': 0.0, 'negative3': 0.0, 'positive3': None, 'negative4': None, 'positive4': None, 'negative5': None, 'positive5': None, 'negative6': None, 'positive6': None}",-277.9373952,bid
2026-09-05,39,2026-09-05T18:00:00Z,2026-09-06T18:44:29Z,T_LKSDB-1,T,Lakeside Energy Storage Ltd,LKSDB-1,"{'negative1': -5153.626422, 'positive1': 0.0, 'negative2': -170.18772192, 'positive2': 0.0, 'negative3': 0.0, 'positive3': None, 'negative4': None, 'positive4': None, 'negative5': None, 'positive5': None, 'negative6': None, 'positive6': None}",-5323.81414392,bid
2026-09-05,40,2026-09-05T18:30:00Z,2026-09-06T19:15:09Z,T_LKSDB-1,T,Lakeside Energy Storage Ltd,LKSDB-1,"{'negative1': -6253.29779616, 'positive1': 0.0, 'negative2': 0.0, 'positive2': 0.0, 'negative3': 0.0, 'positive3': None, 'negative4': None, 'positive4': None, 'negative5': None, 'positive5': None, 'negative6': None, 'positive6': None}",-6253.29779616,bid
2026-09-05,41,2026-09-05T19:00:00Z,2026-09-06T19:44:35Z,T_LKSDB-1,T,Lakeside Energy Storage Ltd,LKSDB-1,"{'negative1': -6359.2858944, 'positive1': 0.0, 'negative2': 0.0, 'positive2': 0.0, 'negative3': 0.0, 'positive3': None, 'negative4': None, 'positive4': None, 'negative5': None, 'positive5': None, 'negative6': None, 'positive6': None}",-6359.2858944,bid
2026-09-05,42,2026-09-05T19:30:00Z,2026-09-06T20:14:27Z,T_LKSDB-1,T,Lakeside Energy Storage Ltd,LKSDB-1,"{'negative1': -5801.4537984, 'positive1': 0.0, 'negative2': 0.0, 'positive2': 0.0, 'negative3': 0.0, 'positive3': None, 'negative4': None, 'positive4': None, 'negative5': None, 'positive5': None, 'negative6': None, 'positive6': None}",-5801.4537984,bid
2026-09-05,43,2026-09-05T20:00:00Z,2026-09-06T20:44:27Z,T_LKSDB-1,T,Lakeside Energy Storage Ltd,LKSDB-1,"{'negative1': -4152.750048, 'positive1': 0.0, 'negative2': 0.0, 'positive2': 0.0, 'negative3': 0.0, 'positive3': None, 'negative4': None, 'positive4': None, 'negative5': None, 'positive5': None, 'negative6': None, 'positive6': None}",-4152.750048,bid
2026-09-05,44,2026-09-05T20:30:00Z,2026-09-06T21:14:28Z,T_LKSDB-1,T,Lakeside Energy Storage Ltd,LKSDB-1,"{'negative1': -6931.2676788, 'positive1': 0.0, 'negative2': 0.0, 'positive2': 0.0, 'negative3': 0.0, 'positive3': None, 'negative4': None, 'positive4': None, 'negative5': None, 'positive5': None, 'negative6': None, 'positive6': None}",-6931.2676788,bid
2026-09-05,45,2026-09-05T21:00:00Z,2026-09-06T21:44:37Z,T_LKSDB-1,T,Lakeside Energy Storage Ltd,LKSDB-1,"{'negative1': -1215.976104, 'positive1': 0.0, 'negative2': 0.0, 'positive2': 0.0, 'negative3': 0.0, 'positive3': None, 'negative4': None, 'positive4': None, 'negative5': None, 'positive5': None, 'negative6': None, 'positive6': None}",-1215.976104,bid
2026-09-05,46,2026-09-05T21:30:00Z,2026-09-06T22:14:23Z,T_LKSDB-1,T,Lakeside Energy Storage Ltd,LKSDB-1,"{'negative1': -4565.26851408, 'positive1': 0.0, 'negative2': 0.0, 'positive2': 0.0, 'negative3': 0.0, 'positive3': None, 'negative4': None, 'positive4': None, 'negative5': None, 'positive5': None, 'negative6': None, 'positive6': None}",-4565.26851408,bid
2026-09-05,47,2026-09-05T22:00:00Z,2026-09-06T22:44:29Z,T_LKSDB-1,T,Lakeside Energy Storage Ltd,LKSDB-1,"{'negative1': -1833.2613576, 'positive1': 0.0, 'negative2': 0.0, 'positive2': 0.0, 'negative3': 0.0, 'positive3': None, 'negative4': None, 'positive4': None, 'negative5': None, 'positive5': None, 'negative6': None, 'positive6': None}",-1833.2613576,bid
2026-09-05,48,2026-09-05T22:30:00Z,2026-09-06T23:14:31Z,T_LKSDB-1,T,Lakeside Energy Storage Ltd,LKSDB-1,"{'negative1': -1864.333584, 'positive1': 0.0, 'negative2': 0.0, 'positive2': 0.0, 'negative3': 0.0, 'positive3': None, 'negative4': None, 'positive4': None, 'negative5': None, 'positive5': None, 'negative6': None, 'positive6': None}",-1864.333584,bid
2026-09-05,1,2026-09-04T23:00:00Z,2026-09-05T23:44:27Z,T_LKSDB-1,T,Lakeside Energy Storage Ltd,LKSDB-1,"{'negative1': 0.0, 'positive1': 480.962180736, 'negative2': 0.0, 'positive2': 125.443715904, 'negative3': None, 'positive3': 0.0, 'negative4': None, 'positive4': None, 'negative5': None, 'positive5': None, 'negative6': None, 'positive6': None}",606.40589664,offer
2026-09-05,2,2026-09-04T23:30:00Z,2026-09-06T00:14:30Z,T_LKSDB-1,T,Lakeside Energy Storage Ltd,LKSDB-1,"{'negative1': 0.0, 'positive1': 497.61232704, 'negative2': 0.0, 'positive2': 25.4449728, 'negative3': None, 'positive3': 0.0, 'negative4': None, 'positive4': None, 'negative5': None, 'positive5': None, 'negative6': None, 'positive6': None}",523.05729984,offer
2026-09-05,3,2026-09-05T00:00:00Z,2026-09-06T00:44:27Z,T_LKSDB-1,T,Lakeside Energy Storage Ltd,LKSDB-1,"{'negative1': 0.0, 'positive1': 22.70474496, 'negative2': 0.0, 'positive2': 0.0, 'negative3': None, 'positive3': None, 'negative4': None, 'positive4': None, 'negative5': None, 'positive5': None, 'negative6': None, 'positive6': None}",22.70474496,offer
2026-09-05,5,2026-09-05T01:00:00Z,2026-09-06T01:44:45Z,T_LKSDB-1,T,Lakeside Energy Storage Ltd,LKSDB-1,"{'negative1': 0.0, 'positive1': 211.11171984, 'negative2': 0.0, 'positive2': 0.0, 'negative3': None, 'positive3': 0.0, 'negative4': None, 'positive4': None, 'negative5': None, 'positive5': None, 'negative6': None, 'positive6': None}",211.11171984,offer
2026-09-05,6,2026-09-05T01:30:00Z,2026-09-06T02:15:11Z,T_LKSDB-1,T,Lakeside Energy Storage Ltd,LKSDB-1,"{'negative1': 0.0, 'positive1': 101.6983368, 'negative2': 0.0, 'positive2': 0.0, 'negative3': None, 'positive3': 0.0, 'negative4': None, 'positive4': None, 'negative5': None, 'positive5': None, 'negative6': None, 'positive6': None}",101.6983368,offer
2026-09-05,7,2026-09-05T02:00:00Z,2026-09-06T02:44:31Z,T_LKSDB-1,T,Lakeside Energy Storage Ltd,LKSDB-1,"{'negative1': 0.0, 'positive1': 178.3594728, 'negative2': 0.0, 'positive2': 0.0, 'negative3': None, 'positive3': None, 'negative4': None, 'positive4': None, 'negative5': None, 'positive5': None, 'negative6': None, 'positive6': None}",178.3594728,offer
2026-09-05,8,2026-09-05T02:30:00Z,2026-09-06T03:14:30Z,T_LKSDB-1,T,Lakeside Energy Storage Ltd,LKSDB-1,"{'negative1': 0.0, 'positive1': 80.6573016, 'negative2': 0.0, 'positive2': 0.0, 'negative3': None, 'positive3': 0.0, 'negative4': None, 'positive4': None, 'negative5': None, 'positive5': None, 'negative6': None, 'positive6': None}",80.6573016,offer
2026-09-05,9,2026-09-05T03:00:00Z,2026-09-06T03:44:28Z,T_LKSDB-1,T,Lakeside Energy Storage Ltd,LKSDB-1,"{'negative1': 0.0, 'positive1': 264.41567568, 'negative2': 0.0, 'positive2': 0.0, 'negative3': None, 'positive3': 0.0, 'negative4': None, 'positive4': None, 'negative5': None, 'positive5': None, 'negative6': None, 'positive6': None}",264.41567568,offer
2026-09-05,10,2026-09-05T03:30:00Z,2026-09-06T04:14:29Z,T_LKSDB-1,T,Lakeside Energy Storage Ltd,LKSDB-1,"{'negative1': 0.0, 'positive1': 117.82979712, 'negative2': 0.0, 'positive2': 0.0, 'negative3': None, 'positive3': 0.0, 'negative4': None, 'positive4': None, 'negative5': None, 'positive5': None, 'negative6': None, 'positive6': None}",117.82979712,offer
2026-09-05,13,2026-09-05T05:00:00Z,2026-09-06T05:44:24Z,T_LKSDB-1,T,Lakeside Energy Storage Ltd,LKSDB-1,"{'negative1': 0.0, 'positive1': 297.16093234285717, 'negative2': 0.0, 'positive2': 137.47738277350285, 'negative3': None, 'positive3': 0.0, 'negative4': None, 'positive4': None, 'negative5': None, 'positive5': None, 'negative6': None, 'positive6': None}",434.63831511636,offer
2026-09-05,14,2026-09-05T05:30:00Z,2026-09-06T06:14:42Z,T_LKSDB-1,T,Lakeside Energy Storage Ltd,LKSDB-1,"{'negative1': 0.0, 'positive1': 645.6661848, 'negative2': 0.0, 'positive2': 0.0, 'negative3': None, 'positive3': None, 'negative4': None, 'positive4': None, 'negative5': None, 'positive5': None, 'negative6': None, 'positive6': None}",645.6661848,offer
2026-09-05,15,2026-09-05T06:00:00Z,2026-09-06T06:44:32Z,T_LKSDB-1,T,Lakeside Energy Storage Ltd,LKSDB-1,"{'negative1': 0.0, 'positive1': 1083.31971696, 'negative2': 0.0, 'positive2': 0.0, 'negative3': None, 'positive3': None, 'negative4': None, 'positive4': None, 'negative5': None, 'positive5': None, 'negative6': None, 'positive6': None}",1083.31971696,offer
2026-09-05,16,2026-09-05T06:30:00Z,2026-09-06T07:14:31Z,T_LKSDB-1,T,Lakeside Energy Storage Ltd,LKSDB-1,"{'negative1': 0.0, 'positive1': 85.63212, 'negative2': 0.0, 'positive2': 43.9578216, 'negative3': None, 'positive3': 0.0, 'negative4': None, 'positive4': None, 'negative5': None, 'positive5': None, 'negative6': None, 'positive6': None}",129.5899416,offer
2026-09-05,17,2026-09-05T07:00:00Z,2026-09-06T07:44:40Z,T_LKSDB-1,T,Lakeside Energy Storage Ltd,LKSDB-1,"{'negative1': 0.0, 'positive1': 753.562656, 'negative2': 0.0, 'positive2': 0.0, 'negative3': None, 'positive3': None, 'negative4': None, 'positive4': None, 'negative5': None, 'positive5': None, 'negative6': None, 'positive6': None}",753.562656,offer
2026-09-05,18,2026-09-05T07:30:00Z,2026-09-06T08:14:30Z,T_LKSDB-1,T,Lakeside Energy Storage Ltd,LKSDB-1,"{'negative1': 0.0, 'positive1': 430.607232, 'negative2': 0.0, 'positive2': 0.0, 'negative3': None, 'positive3': None, 'negative4': None, 'positive4': None, 'negative5': None, 'positive5': None, 'negative6': None, 'positive6': None}",430.607232,offer
2026-09-05,19,2026-09-05T08:00:00Z,2026-09-06T08:44:26Z,T_LKSDB-1,T,Lakeside Energy Storage Ltd,LKSDB-1,"{'negative1': 0.0, 'positive1': 220.6862064, 'negative2': 0.0, 'positive2': 0.0, 'negative3': None, 'positive3': None, 'negative4': None, 'positive4': None, 'negative5': None, 'positive5': None, 'negative6': None, 'positive6': None}",220.6862064,offer
2026-09-05,20,2026-09-05T08:30:00Z,2026-09-06T09:14:28Z,T_LKSDB-1,T,Lakeside Energy Storage Ltd,LKSDB-1,"{'negative1': 0.0, 'positive1': 131.2839794025, 'negative2': 0.0, 'positive2': 533.9011908303, 'negative3': None, 'positive3': 0.0, 'negative4': None, 'positive4': None, 'negative5': None, 'positive5': None, 'negative6': None, 'positive6': None}",665.1851702328,offer
2026-09-05,22,2026-09-05T09:30:00Z,2026-09-06T10:14:29Z,T_LKSDB-1,T,Lakeside Energy Storage Ltd,LKSDB-1,"{'negative1': 0.0, 'positive1': 284.2986384, 'negative2': 0.0, 'positive2': 0.0, 'negative3': None, 'positive3': None, 'negative4': None, 'positive4': None, 'negative5': None, 'positive5': None, 'negative6': None, 'positive6': None}",284.2986384,offer
2026-09-05,26,2026-09-05T11:30:00Z,2026-09-06T12:15:02Z,T_LKSDB-1,T,Lakeside Energy Storage Ltd,LKSDB-1,"{'negative1': 0.0, 'positive1': 0.0, 'negative2': 0.0, 'positive2': 0.0, 'negative3': None, 'positive3': 0.0, 'negative4': None, 'positive4': None, 'negative5': None, 'positive5': None, 'negative6': None, 'positive6': None}",0.0,offer
2026-09-05,28,2026-09-05T12:30:00Z,2026-09-06T13:14:28Z,T_LKSDB-1,T,Lakeside Energy Storage Ltd,LKSDB-1,"{'negative1': 0.0, 'positive1': 0.50977412694, 'negative2': 0.0, 'positive2': 0.0, 'negative3': None, 'positive3': 0.0, 'negative4': None, 'positive4': None, 'negative5': None, 'positive5': None, 'negative6': None, 'positive6': None}",0.50977412694,offer
2026-09-05,29,2026-09-05T13:00:00Z,2026-09-06T13:44:50Z,T_LKSDB-1,T,Lakeside Energy Storage Ltd,LKSDB-1,"{'negative1': 0.0, 'positive1': 627.561108, 'negative2': 0.0, 'positive2': 0.0, 'negative3': None, 'positive3': None, 'negative4': None, 'positive4': None, 'negative5': None, 'positive5': None, 'negative6': None, 'positive6': None}",627.561108,offer
2026-09-05,30,2026-09-05T13:30:00Z,2026-09-06T14:14:26Z,T_LKSDB-1,T,Lakeside Energy Storage Ltd,LKSDB-1,"{'negative1': 0.0, 'positive1': 0.0, 'negative2': 0.0, 'positive2': 0.0, 'negative3': None, 'positive3': None, 'negative4': None, 'positive4': None, 'negative5': None, 'positive5': None, 'negative6': None, 'positive6': None}",0.0,offer
2026-09-05,38,2026-09-05T17:30:00Z,2026-09-06T18:14:29Z,T_LKSDB-1,T,Lakeside Energy Storage Ltd,LKSDB-1,"{'negative1': 0.0, 'positive1': 0.0, 'negative2': 0.0, 'positive2': 0.0, 'negative3': 0.0, 'positive3': None, 'negative4': None, 'positive4': None, 'negative5': None, 'positive5': None, 'negative6': None, 'positive6': None}",0.0,offer
2026-09-05,39,2026-09-05T18:00:00Z,2026-09-06T18:44:29Z,T_LKSDB-1,T,Lakeside Energy Storage Ltd,LKSDB-1,"{'negative1': 0.0, 'positive1': 0.0, 'negative2': 0.0, 'positive2': 0.0, 'negative3': 0.0, 'positive3': None, 'negative4': None, 'positive4': None, 'negative5': None, 'positive5': None, 'negative6': None, 'positive6': None}",0.0,offer
2026-09-05,40,2026-09-05T18:30:00Z,2026-09-06T19:15:09Z,T_LKSDB-1,T,Lakeside Energy Storage Ltd,LKSDB-1,"{'negative1': 0.0, 'positive1': 0.0, 'negative2': 0.0, 'positive2': 0.0, 'negative3': 0.0, 'positive3': None, 'negative4': None, 'positive4': None, 'negative5': None, 'positive5': None, 'negative6': None, 'positive6': None}",0.0,offer
2026-09-05,41,2026-09-05T19:00:00Z,2026-09-06T19:44:35Z,T_LKSDB-1,T,Lakeside Energy Storage Ltd,LKSDB-1,"{'negative1': 0.0, 'positive1': 0.0, 'negative2': 0.0, 'positive2': 0.0, 'negative3': 0.0, 'positive3': None, 'negative4': None, 'positive4': None, 'negative5': None, 'positive5': None, 'negative6': None, 'positive6': None}",0.0,offer
2026-09-05,42,2026-09-05T19:30:00Z,2026-09-06T20:14:27Z,T_LKSDB-1,T,Lakeside Energy Storage Ltd,LKSDB-1,"{'negative1': 0.0, 'positive1': 0.0, 'negative2': 0.0, 'positive2': 0.0, 'negative3': 0.0, 'positive3': None, 'negative4': None, 'positive4': None, 'negative5': None, 'positive5': None, 'negative6': None, 'positive6': None}",0.0,offer
2026-09-05,43,2026-09-05T20:00:00Z,2026-09-06T20:44:27Z,T_LKSDB-1,T,Lakeside Energy Storage Ltd,LKSDB-1,"{'negative1': 0.0, 'positive1': 0.0, 'negative2': 0.0, 'positive2': 0.0, 'negative3': 0.0, 'positive3': None, 'negative4': None, 'positive4': None, 'negative5': None, 'positive5': None, 'negative6': None, 'positive6': None}",0.0,offer
2026-09-05,44,2026-09-05T20:30:00Z,2026-09-06T21:14:28Z,T_LKSDB-1,T,Lakeside Energy Storage Ltd,LKSDB-1,"{'negative1': 0.0, 'positive1': 0.0, 'negative2': 0.0, 'positive2': 0.0, 'negative3': 0.0, 'positive3': None, 'negative4': None, 'positive4': None, 'negative5': None, 'positive5': None, 'negative6': None, 'positive6': None}",0.0,offer
2026-09-05,45,2026-09-05T21:00:00Z,2026-09-06T21:44:37Z,T_LKSDB-1,T,Lakeside Energy Storage Ltd,LKSDB-1,"{'negative1': 0.0, 'positive1': 0.0, 'negative2': 0.0, 'positive2': 0.0, 'negative3': 0.0, 'positive3': None, 'negative4': None, 'positive4': None, 'negative5': None, 'positive5': None, 'negative6': None, 'positive6': None}",0.0,offer
2026-09-05,46,2026-09-05T21:30:00Z,2026-09-06T22:14:23Z,T_LKSDB-1,T,Lakeside Energy Storage Ltd,LKSDB-1,"{'negative1': 0.0, 'positive1': 0.0, 'negative2': 0.0, 'positive2': 0.0, 'negative3': 0.0, 'positive3': None, 'negative4': None, 'positive4': None, 'negative5': None, 'positive5': None, 'negative6': None, 'positive6': None}",0.0,offer
2026-09-05,47,2026-09-05T22:00:00Z,2026-09-06T22:44:29Z,T_LKSDB-1,T,Lakeside Energy Storage Ltd,LKSDB-1,"{'negative1': 0.0, 'positive1': 0.0, 'negative2': 0.0, 'positive2': 0.0, 'negative3': 0.0, 'positive3': None, 'negative4': None, 'positive4': None, 'negative5': None, 'positive5': None, 'negative6': None, 'positive6': None}",0.0,offer
2026-09-05,48,2026-09-05T22:30:00Z,2026-09-06T23:14:31Z,T_LKSDB-1,T,Lakeside Energy Storage Ltd,LKSDB-1,"{'negative1': 0.0, 'positive1': 0.0, 'negative2': 0.0, 'positive2': 0.0, 'negative3': 0.0, 'positive3': None, 'negative4': None, 'positive4': None, 'negative5': None, 'positive5': None, 'negative6': None, 'positive6': None}",0.0,offer
2026-09-06,1,2026-09-05T23:00:00Z,2026-09-06T23:44:47Z,T_LKSDB-1,T,Lakeside Energy Storage Ltd,LKSDB-1,"{'negative1': -1864.333584, 'positive1': 0.0, 'negative2': 0.0, 'positive2': 0.0, 'negative3': 0.0, 'positive3': None, 'negative4': None, 'positive4': None, 'negative5': None, 'positive5': None, 'negative6': None, 'positive6': None}",-1864.333584,bid
2026-09-06,2,2026-09-05T23:30:00Z,2026-09-07T00:14:31Z,T_LKSDB-1,T,Lakeside Energy Storage Ltd,LKSDB-1,"{'negative1': -1864.333584, 'positive1': 0.0, 'negative2': 0.0, 'positive2': 0.0, 'negative3': 0.0, 'positive3': None, 'negative4': None, 'positive4': None, 'negative5': None, 'positive5': None, 'negative6': None, 'positive6': None}",-1864.333584,bid
2026-09-06,3,2026-09-06T00:00:00Z,2026-09-07T00:44:30Z,T_LKSDB-1,T,Lakeside Energy Storage Ltd,LKSDB-1,"{'negative1': -1864.333584, 'positive1': 0.0, 'negative2': 0.0, 'positive2': 0.0, 'negative3': 0.0, 'positive3': None, 'negative4': None, 'positive4': None, 'negative5': None, 'positive5': None, 'negative6': None, 'positive6': None}",-1864.333584,bid
2026-09-06,4,2026-09-06T00:30:00Z,2026-09-07T01:14:24Z,T_LKSDB-1,T,Lakeside Energy Storage Ltd,LKSDB-1,"{'negative1': -1717.535664, 'positive1': 0.0, 'negative2': 0.0, 'positive2': 0.0, 'negative3': 0.0, 'positive3': None, 'negative4': None, 'positive4': None, 'negative5': None, 'positive5': None, 'negative6': None, 'positive6': None}",-1717.535664,bid
2026-09-06,5,2026-09-06T01:00:00Z,2026-09-07T01:44:24Z,T_LKSDB-1,T,Lakeside Energy Storage Ltd,LKSDB-1,"{'negative1': -1515.688524, 'positive1': 0.0, 'negative2': 0.0, 'positive2': 0.0, 'negative3': 0.0, 'positive3': None, 'negative4': None, 'positive4': None, 'negative5': None, 'positive5': None, 'negative6': None, 'positive6': None}",-1515.688524,bid
2026-09-06,6,2026-09-06T01:30:00Z,2026-09-07T02:21:20Z,T_LKSDB-1,T,Lakeside Energy Storage Ltd,LKSDB-1,"{'negative1': -1017.798912, 'positive1': 0.0, 'negative2': 0.0, 'positive2': 0.0, 'negative3': None, 'positive3': None, 'negative4': None, 'positive4': None, 'negative5': None, 'positive5': None, 'negative6': None, 'positive6': None}",-1017.798912,bid
2026-09-06,7,2026-09-06T02:00:00Z,2026-09-07T02:46:31Z,T_LKSDB-1,T,Lakeside Energy Storage Ltd,LKSDB-1,"{'negative1': -1497.7501443936, 'positive1': 0.0, 'negative2': 0.0, 'positive2': 0.0, 'negative3': 0.0, 'positive3': None, 'negative4': None, 'positive4': None, 'negative5': None, 'positive5': None, 'negative6': None, 'positive6': None}",-1497.7501443936,bid
2026-09-06,8,2026-09-06T02:30:00Z,2026-09-07T03:14:39Z,T_LKSDB-1,T,Lakeside Energy Storage Ltd,LKSDB-1,"{'negative1': -3087.97172388, 'positive1': 0.0, 'negative2': 0.0, 'positive2': 0.0, 'negative3': 0.0, 'positive3': None, 'negative4': None, 'positive4': None, 'negative5': None, 'positive5': None, 'negative6': None, 'positive6': None}",-3087.97172388,bid
2026-09-06,12,2026-09-06T04:30:00Z,2026-09-07T05:14:38Z,T_LKSDB-1,T,Lakeside Energy Storage Ltd,LKSDB-1,"{'negative1': -1.32118128, 'positive1': 0.0, 'negative2': 0.0, 'positive2': 0.0, 'negative3': 0.0, 'positive3': None, 'negative4': None, 'positive4': None, 'negative5': None, 'positive5': None, 'negative6': None, 'positive6': None}",-1.32118128,bid
2026-09-06,16,2026-09-06T06:30:00Z,2026-09-07T07:14:37Z,T_LKSDB-1,T,Lakeside Energy Storage Ltd,LKSDB-1,"{'negative1': 0.0, 'positive1': 0.0, 'negative2': 0.0, 'positive2': 0.0, 'negative3': None, 'positive3': None, 'negative4': None, 'positive4': None, 'negative5': None, 'positive5': None, 'negative6': None, 'positive6': None}",0.0,bid
2026-09-06,17,2026-09-06T07:00:00Z,2026-09-07T07:44:46Z,T_LKSDB-1,T,Lakeside Energy Storage Ltd,LKSDB-1,"{'negative1': 0.0, 'positive1': 0.0, 'negative2': 0.0, 'positive2': 0.0, 'negative3': None, 'positive3': None, 'negative4': None, 'positive4': None, 'negative5': None, 'positive5': None, 'negative6': None, 'positive6': None}",0.0,bid
2026-09-06,18,2026-09-06T07:30:00Z,2026-09-07T08:14:58Z,T_LKSDB-1,T,Lakeside Energy Storage Ltd,LKSDB-1,"{'negative1': 0.0, 'positive1': 0.0, 'negative2': 0.0, 'positive2': 0.0, 'negative3': None, 'positive3': None, 'negative4': None, 'positive4': None, 'negative5': None, 'positive5': None, 'negative6': None, 'positive6': None}",0.0,bid
2026-09-06,31,2026-09-06T14:00:00Z,2026-09-07T14:44:26Z,T_LKSDB-1,T,Lakeside Energy Storage Ltd,LKSDB-1,"{'negative1': 0.0, 'positive1': 0.0, 'negative2': 0.0, 'positive2': 0.0, 'negative3': None, 'positive3': 0.0, 'negative4': None, 'positive4': None, 'negative5': None, 'positive5': None, 'negative6': None, 'positive6': None}",0.0,bid
2026-09-06,35,2026-09-06T16:00:00Z,2026-09-07T16:44:28Z,T_LKSDB-1,T,Lakeside Energy Storage Ltd,LKSDB-1,"{'negative1': 0.0, 'positive1': 0.0, 'negative2': 0.0, 'positive2': 0.0, 'negative3': None, 'positive3': None, 'negative4': None, 'positive4': None, 'negative5': None, 'positive5': None, 'negative6': None, 'positive6': None}",0.0,bid
2026-09-06,36,2026-09-06T16:30:00Z,2026-09-07T17:14:27Z,T_LKSDB-1,T,Lakeside Energy Storage Ltd,LKSDB-1,"{'negative1': 0.0, 'positive1': 0.0, 'negative2': 0.0, 'positive2': 0.0, 'negative3': None, 'positive3': None, 'negative4': None, 'positive4': None, 'negative5': None, 'positive5': None, 'negative6': None, 'positive6': None}",0.0,bid
2026-09-06,37,2026-09-06T17:00:00Z,2026-09-07T17:44:30Z,T_LKSDB-1,T,Lakeside Energy Storage Ltd,LKSDB-1,"{'negative1': -751.116024, 'positive1': 0.0, 'negative2': 0.0, 'positive2': 0.0, 'negative3': 0.0, 'positive3': None, 'negative4': None, 'positive4': None, 'negative5': None, 'positive5': None, 'negative6': None, 'positive6': None}",-751.116024,bid
2026-09-06,38,2026-09-06T17:30:00Z,2026-09-07T18:14:58Z,T_LKSDB-1,T,Lakeside Energy Storage Ltd,LKSDB-1,"{'negative1': 0.0, 'positive1': 0.0, 'negative2': 0.0, 'positive2': 0.0, 'negative3': 0.0, 'positive3': None, 'negative4': None, 'positive4': None, 'negative5': None, 'positive5': None, 'negative6': None, 'positive6': None}",0.0,bid
2026-09-06,39,2026-09-06T18:00:00Z,2026-09-07T18:44:39Z,T_LKSDB-1,T,Lakeside Energy Storage Ltd,LKSDB-1,"{'negative1': 0.0, 'positive1': 0.0, 'negative2': 0.0, 'positive2': 0.0, 'negative3': 0.0, 'positive3': None, 'negative4': None, 'positive4': None, 'negative5': None, 'positive5': None, 'negative6': None, 'positive6': None}",0.0,bid
2026-09-06,40,2026-09-06T18:30:00Z,2026-09-07T19:14:28Z,T_LKSDB-1,T,Lakeside Energy Storage Ltd,LKSDB-1,"{'negative1': -334.099017216, 'positive1': 0.0, 'negative2': 0.0, 'positive2': 0.0, 'negative3': 0.0, 'positive3': None, 'negative4': None, 'positive4': None, 'negative5': None, 'positive5': None, 'negative6': None, 'positive6': None}",-334.099017216,bid
2026-09-06,41,2026-09-06T19:00:00Z,2026-09-07T19:44:24Z,T_LKSDB-1,T,Lakeside Energy Storage Ltd,LKSDB-1,"{'negative1': 0.0, 'positive1': 0.0, 'negative2': 0.0, 'positive2': 0.0, 'negative3': None, 'positive3': None, 'negative4': None, 'positive4': None, 'negative5': None, 'positive5': None, 'negative6': None, 'positive6': None}",0.0,bid
2026-09-06,42,2026-09-06T19:30:00Z,2026-09-07T20:14:29Z,T_LKSDB-1,T,Lakeside Energy Storage Ltd,LKSDB-1,"{'negative1': -2101.663412352, 'positive1': -4.514851584, 'negative2': 0.0, 'positive2': 0.0, 'negative3': None, 'positive3': None, 'negative4': None, 'positive4': None, 'negative5': None, 'positive5': None, 'negative6': None, 'positive6': None}",-2106.178263936,bid
2026-09-06,43,2026-09-06T20:00:00Z,2026-09-07T20:44:25Z,T_LKSDB-1,T,Lakeside Energy Storage Ltd,LKSDB-1,"{'negative1': -5704.8798507696, 'positive1': 0.0, 'negative2': 0.0, 'positive2': 0.0, 'negative3': None, 'positive3': None, 'negative4': None, 'positive4': None, 'negative5': None, 'positive5': None, 'negative6': None, 'positive6': None}",-5704.8798507696,bid
2026-09-06,44,2026-09-06T20:30:00Z,2026-09-07T21:14:32Z,T_LKSDB-1,T,Lakeside Energy Storage Ltd,LKSDB-1,"{'negative1': 0.0, 'positive1': 0.0, 'negative2': 0.0, 'positive2': 0.0, 'negative3': None, 'positive3': None, 'negative4': None, 'positive4': None, 'negative5': None, 'positive5': None, 'negative6': None, 'positive6': None}",0.0,bid
2026-09-06,45,2026-09-06T21:00:00Z,2026-09-07T21:44:29Z,T_LKSDB-1,T,Lakeside Energy Storage Ltd,LKSDB-1,"{'negative1': 0.0, 'positive1': 0.0, 'negative2': 0.0, 'positive2': 0.0, 'negative3': None, 'positive3': None, 'negative4': None, 'positive4': None, 'negative5': None, 'positive5': None, 'negative6': None, 'positive6': None}",0.0,bid
2026-09-06,46,2026-09-06T21:30:00Z,2026-09-07T22:16:44Z,T_LKSDB-1,T,Lakeside Energy Storage Ltd,LKSDB-1,"{'negative1': 0.0, 'positive1': 0.0, 'negative2': 0.0, 'positive2': 0.0, 'negative3': None, 'positive3': None, 'negative4': None, 'positive4': None, 'negative5': None, 'positive5': None, 'negative6': None, 'positive6': None}",0.0,bid
2026-09-06,1,2026-09-05T23:00:00Z,2026-09-06T23:44:47Z,T_LKSDB-1,T,Lakeside Energy Storage Ltd,LKSDB-1,"{'negative1': 0.0, 'positive1': 0.0, 'negative2': 0.0, 'positive2': 0.0, 'negative3': 0.0, 'positive3': None, 'negative4': None, 'positive4': None, 'negative5': None, 'positive5': None, 'negative6': None, 'positive6': None}",0.0,offer
2026-09-06,2,2026-09-05T23:30:00Z,2026-09-07T00:14:31Z,T_LKSDB-1,T,Lakeside Energy Storage Ltd,LKSDB-1,"{'negative1': 0.0, 'positive1': 0.0, 'negative2': 0.0, 'positive2': 0.0, 'negative3': 0.0, 'positive3': None, 'negative4': None, 'positive4': None, 'negative5': None, 'positive5': None, 'negative6': None, 'positive6': None}",0.0,offer
2026-09-06,3,2026-09-06T00:00:00Z,2026-09-07T00:44:30Z,T_LKSDB-1,T,Lakeside Energy Storage Ltd,LKSDB-1,"{'negative1': 0.0, 'positive1': 0.0, 'negative2': 0.0, 'positive2': 0.0, 'negative3': 0.0, 'positive3': None, 'negative4': None, 'positive4': None, 'negative5': None, 'positive5': None, 'negative6': None, 'positive6': None}",0.0,offer
2026-09-06,4,2026-09-06T00:30:00Z,2026-09-07T01:14:24Z,T_LKSDB-1,T,Lakeside Energy Storage Ltd,LKSDB-1,"{'negative1': 0.0, 'positive1': 0.0, 'negative2': 0.0, 'positive2': 0.0, 'negative3': 0.0, 'positive3': None, 'negative4': None, 'positive4': None, 'negative5': None, 'positive5': None, 'negative6': None, 'positive6': None}",0.0,offer
2026-09-06,5,2026-09-06T01:00:00Z,2026-09-07T01:44:24Z,T_LKSDB-1,T,Lakeside Energy Storage Ltd,LKSDB-1,"{'negative1': 0.0, 'positive1': 0.0, 'negative2': 0.0, 'positive2': 0.0, 'negative3': 0.0, 'positive3': None, 'negative4': None, 'positive4': None, 'negative5': None, 'positive5': None, 'negative6': None, 'positive6': None}",0.0,offer
2026-09-06,6,2026-09-06T01:30:00Z,2026-09-07T02:21:20Z,T_LKSDB-1,T,Lakeside Energy Storage Ltd,LKSDB-1,"{'negative1': 0.0, 'positive1': 0.0, 'negative2': 0.0, 'positive2': 0.0, 'negative3': None, 'positive3': None, 'negative4': None, 'positive4': None, 'negative5': None, 'positive5': None, 'negative6': None, 'positive6': None}",0.0,offer
2026-09-06,7,2026-09-06T02:00:00Z,2026-09-07T02:46:31Z,T_LKSDB-1,T,Lakeside Energy Storage Ltd,LKSDB-1,"{'negative1': 0.0, 'positive1': 0.0, 'negative2': 0.0, 'positive2': 0.0, 'negative3': 0.0, 'positive3': None, 'negative4': None, 'positive4': None, 'negative5': None, 'positive5': None, 'negative6': None, 'positive6': None}",0.0,offer
2026-09-06,8,2026-09-06T02:30:00Z,2026-09-07T03:14:39Z,T_LKSDB-1,T,Lakeside Energy Storage Ltd,LKSDB-1,"{'negative1': 0.0, 'positive1': 0.0, 'negative2': 0.0, 'positive2': 0.0, 'negative3': 0.0, 'positive3': None, 'negative4': None, 'positive4': None, 'negative5': None, 'positive5': None, 'negative6': None, 'positive6': None}",0.0,offer
2026-09-06,12,2026-09-06T04:30:00Z,2026-09-07T05:14:38Z,T_LKSDB-1,T,Lakeside Energy Storage Ltd,LKSDB-1,"{'negative1': 0.0, 'positive1': 0.0, 'negative2': 0.0, 'positive2': 0.0, 'negative3': 0.0, 'positive3': None, 'negative4': None, 'positive4': None, 'negative5': None, 'positive5': None, 'negative6': None, 'positive6': None}",0.0,offer
2026-09-06,16,2026-09-06T06:30:00Z,2026-09-07T07:14:37Z,T_LKSDB-1,T,Lakeside Energy Storage Ltd,LKSDB-1,"{'negative1': 0.0, 'positive1': 15.6584448, 'negative2': 0.0, 'positive2': 0.0, 'negative3': None, 'positive3': None, 'negative4': None, 'positive4': None, 'negative5': None, 'positive5': None, 'negative6': None, 'positive6': None}",15.6584448,offer
2026-09-06,17,2026-09-06T07:00:00Z,2026-09-07T07:44:46Z,T_LKSDB-1,T,Lakeside Energy Storage Ltd,LKSDB-1,"{'negative1': 0.0, 'positive1': 29.359584, 'negative2': 0.0, 'positive2': 0.0, 'negative3': None, 'positive3': None, 'negative4': None, 'positive4': None, 'negative5': None, 'positive5': None, 'negative6': None, 'positive6': None}",29.359584,offer
2026-09-06,18,2026-09-06T07:30:00Z,2026-09-07T08:14:58Z,T_LKSDB-1,T,Lakeside Energy Storage Ltd,LKSDB-1,"{'negative1': 0.0, 'positive1': 21.898987488, 'negative2': 0.0, 'positive2': 0.0, 'negative3': None, 'positive3': None, 'negative4': None, 'positive4': None, 'negative5': None, 'positive5': None, 'negative6': None, 'positive6': None}",21.898987488,offer
2026-09-06,31,2026-09-06T14:00:00Z,2026-09-07T14:44:26Z,T_LKSDB-1,T,Lakeside Energy Storage Ltd,LKSDB-1,"{'negative1': 0.0, 'positive1': 563.408785872, 'negative2': 0.0, 'positive2': 0.0, 'negative3': None, 'positive3': 0.0, 'negative4': None, 'positive4': None, 'negative5': None, 'positive5': None, 'negative6': None, 'positive6': None}",563.408785872,offer
2026-09-06,35,2026-09-06T16:00:00Z,2026-09-07T16:44:28Z,T_LKSDB-1,T,Lakeside Energy Storage Ltd,LKSDB-1,"{'negative1': 0.0, 'positive1': 115.5426855264, 'negative2': 0.0, 'positive2': 0.0, 'negative3': None, 'positive3': None, 'negative4': None, 'positive4': None, 'negative5': None, 'positive5': None, 'negative6': None, 'positive6': None}",115.5426855264,offer
2026-09-06,36,2026-09-06T16:30:00Z,2026-09-07T17:14:27Z,T_LKSDB-1,T,Lakeside Energy Storage Ltd,LKSDB-1,"{'negative1': 0.0, 'positive1': 6255.6524347968, 'negative2': 0.0, 'positive2': 0.0, 'negative3': None, 'positive3': None, 'negative4': None, 'positive4': None, 'negative5': None, 'positive5': None, 'negative6': None, 'positive6': None}",6255.6524347968,offer
2026-09-06,37,2026-09-06T17:00:00Z,2026-09-07T17:44:30Z,T_LKSDB-1,T,Lakeside Energy Storage Ltd,LKSDB-1,"{'negative1': 0.0, 'positive1': 698.655340656, 'negative2': 0.0, 'positive2': 0.0, 'negative3': 0.0, 'positive3': None, 'negative4': None, 'positive4': None, 'negative5': None, 'positive5': None, 'negative6': None, 'positive6': None}",698.655340656,offer
2026-09-06,38,2026-09-06T17:30:00Z,2026-09-07T18:14:58Z,T_LKSDB-1,T,Lakeside Energy Storage Ltd,LKSDB-1,"{'negative1': 0.0, 'positive1': 1603.324435608, 'negative2': 0.0, 'positive2': 0.0, 'negative3': 0.0, 'positive3': None, 'negative4': None, 'positive4': None, 'negative5': None, 'positive5': None, 'negative6': None, 'positive6': None}",1603.324435608,offer
2026-09-06,39,2026-09-06T18:00:00Z,2026-09-07T18:44:39Z,T_LKSDB-1,T,Lakeside Energy Storage Ltd,LKSDB-1,"{'negative1': 0.0, 'positive1': 1261.282835376, 'negative2': 0.0, 'positive2': 0.0, 'negative3': 0.0, 'positive3': None, 'negative4': None, 'positive4': None, 'negative5': None, 'positive5': None, 'negative6': None, 'positive6': None}",1261.282835376,offer
2026-09-06,40,2026-09-06T18:30:00Z,2026-09-07T19:14:28Z,T_LKSDB-1,T,Lakeside Energy Storage Ltd,LKSDB-1,"{'negative1': 0.0, 'positive1': 46.606708512, 'negative2': 0.0, 'positive2': 0.0, 'negative3': 0.0, 'positive3': None, 'negative4': None, 'positive4': None, 'negative5': None, 'positive5': None, 'negative6': None, 'positive6': None}",46.606708512,offer
2026-09-06,41,2026-09-06T19:00:00Z,2026-09-07T19:44:24Z,T_LKSDB-1,T,Lakeside Energy Storage Ltd,LKSDB-1,"{'negative1': 0.0, 'positive1': 103.968811296, 'negative2': 0.0, 'positive2': 0.0, 'negative3': None, 'positive3': None, 'negative4': None, 'positive4': None, 'negative5': None, 'positive5': None, 'negative6': None, 'positive6': None}",103.968811296,offer
2026-09-06,42,2026-09-06T19:30:00Z,2026-09-07T20:14:29Z,T_LKSDB-1,T,Lakeside Energy Storage Ltd,LKSDB-1,"{'negative1': 0.0, 'positive1': 53.77697136, 'negative2': 0.0, 'positive2': 0.0, 'negative3': None, 'positive3': None, 'negative4': None, 'positive4': None, 'negative5': None, 'positive5': None, 'negative6': None, 'positive6': None}",53.77697136,offer
2026-09-06,43,2026-09-06T20:00:00Z,2026-09-07T20:44:25Z,T_LKSDB-1,T,Lakeside Energy Storage Ltd,LKSDB-1,"{'negative1': 0.0, 'positive1': 0.0, 'negative2': 0.0, 'positive2': 0.0, 'negative3': None, 'positive3': None, 'negative4': None, 'positive4': None, 'negative5': None, 'positive5': None, 'negative6': None, 'positive6': None}",0.0,offer
2026-09-06,44,2026-09-06T20:30:00Z,2026-09-07T21:14:32Z,T_LKSDB-1,T,Lakeside Energy Storage Ltd,LKSDB-1,"{'negative1': 0.0, 'positive1': 4425.73709112, 'negative2': 0.0, 'positive2': 0.0, 'negative3': None, 'positive3': None, 'negative4': None, 'positive4': None, 'negative5': None, 'positive5': None, 'negative6': None, 'positive6': None}",4425.73709112,offer
2026-09-06,45,2026-09-06T21:00:00Z,2026-09-07T21:44:29Z,T_LKSDB-1,T,Lakeside Energy Storage Ltd,LKSDB-1,"{'negative1': 0.0, 'positive1': 5246.94096648, 'negative2': 0.0, 'positive2': 0.0, 'negative3': None, 'positive3': None, 'negative4': None, 'positive4': None, 'negative5': None, 'positive5': None, 'negative6': None, 'positive6': None}",5246.94096648,offer
2026-09-06,46,2026-09-06T21:30:00Z,2026-09-07T22:16:44Z,T_LKSDB-1,T,Lakeside Energy Storage Ltd,LKSDB-1,"{'negative1': 0.0, 'positive1': 15.917787792, 'negative2': 0.0, 'positive2': 0.0, 'negative3': None, 'positive3': None, 'negative4': None, 'positive4': None, 'negative5': None, 'positive5': None, 'negative6': None, 'positive6': None}",15.917787792,offer
2026-09-07,1,2026-09-06T23:00:00Z,2026-09-07T23:44:29Z,T_LKSDB-1,T,Lakeside Energy Storage Ltd,LKSDB-1,"{'negative1': 0.0, 'positive1': -19.573056, 'negative2': 0.0, 'positive2': 0.0, 'negative3': None, 'positive3': None, 'negative4': None, 'positive4': None, 'negative5': None, 'positive5': None, 'negative6': None, 'positive6': None}",-19.573056,bid
2026-09-07,2,2026-09-06T23:30:00Z,2026-09-08T00:15:06Z,T_LKSDB-1,T,Lakeside Energy Storage Ltd,LKSDB-1,"{'negative1': 0.0, 'positive1': 0.0, 'negative2': 0.0, 'positive2': 0.0, 'negative3': None, 'positive3': None, 'negative4': None, 'positive4': None, 'negative5': None, 'positive5': None, 'negative6': None, 'positive6': None}",0.0,bid
2026-09-07,3,2026-09-07T00:00:00Z,2026-09-08T00:44:28Z,T_LKSDB-1,T,Lakeside Energy Storage Ltd,LKSDB-1,"{'negative1': 0.0, 'positive1': 0.0, 'negative2': 0.0, 'positive2': 0.0, 'negative3': None, 'positive3': 0.0, 'negative4': None, 'positive4': None, 'negative5': None, 'positive5': None, 'negative6': None, 'positive6': None}",0.0,bid
2026-09-07,4,2026-09-07T00:30:00Z,2026-09-08T01:14:31Z,T_LKSDB-1,T,Lakeside Energy Storage Ltd,LKSDB-1,"{'negative1': 0.0, 'positive1': 0.0, 'negative2': 0.0, 'positive2': 0.0, 'negative3': None, 'positive3': 0.0, 'negative4': None, 'positive4': None, 'negative5': None, 'positive5': None, 'negative6': None, 'positive6': None}",0.0,bid
2026-09-07,6,2026-09-07T01:30:00Z,2026-09-08T02:16:02Z,T_LKSDB-1,T,Lakeside Energy Storage Ltd,LKSDB-1,"{'negative1': -1931.8606272, 'positive1': 0.0, 'negative2': 0.0, 'positive2': 0.0, 'negative3': None, 'positive3': 0.0, 'negative4': None, 'positive4': None, 'negative5': None, 'positive5': None, 'negative6': None, 'positive6': None}",-1931.8606272,bid
2026-09-07,10,2026-09-07T03:30:00Z,2026-09-08T04:14:25Z,T_LKSDB-1,T,Lakeside Energy Storage Ltd,LKSDB-1,"{'negative1': -1258.6290552, 'positive1': 0.0, 'negative2': 0.0, 'positive2': 0.0, 'negative3': 0.0, 'positive3': None, 'negative4': None, 'positive4': None, 'negative5': None, 'positive5': None, 'negative6': None, 'positive6': None}",-1258.6290552,bid
2026-09-07,11,2026-09-07T04:00:00Z,2026-09-08T04:44:25Z,T_LKSDB-1,T,Lakeside Energy Storage Ltd,LKSDB-1,"{'negative1': -53.825904, 'positive1': 0.0, 'negative2': 0.0, 'positive2': 0.0, 'negative3': None, 'positive3': None, 'negative4': None, 'positive4': None, 'negative5': None, 'positive5': None, 'negative6': None, 'positive6': None}",-53.825904,bid
2026-09-07,12,2026-09-07T04:30:00Z,2026-09-08T05:14:27Z,T_LKSDB-1,T,Lakeside Energy Storage Ltd,LKSDB-1,"{'negative1': -1048.5449208, 'positive1': 0.0, 'negative2': 0.0, 'positive2': 0.0, 'negative3': None, 'positive3': None, 'negative4': None, 'positive4': None, 'negative5': None, 'positive5': None, 'negative6': None, 'positive6': None}",-1048.5449208,bid
2026-09-07,13,2026-09-07T05:00:00Z,2026-09-08T05:44:37Z,T_LKSDB-1,T,Lakeside Energy Storage Ltd,LKSDB-1,"{'negative1': -783.126126, 'positive1': 0.0, 'negative2': 0.0, 'positive2': 0.0, 'negative3': None, 'positive3': None, 'negative4': None, 'positive4': None, 'negative5': None, 'positive5': None, 'negative6': None, 'positive6': None}",-783.126126,bid
2026-09-07,14,2026-09-07T05:30:00Z,2026-09-08T06:14:27Z,T_LKSDB-1,T,Lakeside Energy Storage Ltd,LKSDB-1,"{'negative1': -1379.900448, 'positive1': 0.0, 'negative2': 0.0, 'positive2': 0.0, 'negative3': None, 'positive3': None, 'negative4': None, 'positive4': None, 'negative5': None, 'positive5': None, 'negative6': None, 'positive6': None}",-1379.900448,bid
2026-09-07,15,2026-09-07T06:00:00Z,2026-09-08T06:44:24Z,T_LKSDB-1,T,Lakeside Energy Storage Ltd,LKSDB-1,"{'negative1': 0.0, 'positive1': -83.8989258912, 'negative2': 0.0, 'positive2': 0.0, 'negative3': 0.0, 'positive3': None, 'negative4': None, 'positive4': None, 'negative5': None, 'positive5': None, 'negative6': None, 'positive6': None}",-83.8989258912,bid
2026-09-07,16,2026-09-07T06:30:00Z,2026-09-08T07:14:25Z,T_LKSDB-1,T,Lakeside Energy Storage Ltd,LKSDB-1,"{'negative1': -153.322272, 'positive1': 0.0, 'negative2': 0.0, 'positive2': 0.0, 'negative3': 0.0, 'positive3': None, 'negative4': None, 'positive4': None, 'negative5': None, 'positive5': None, 'negative6': None, 'positive6': None}",-153.322272,bid
2026-09-07,17,2026-09-07T07:00:00Z,2026-09-08T07:44:29Z,T_LKSDB-1,T,Lakeside Energy Storage Ltd,LKSDB-1,"{'negative1': 0.0, 'positive1': 0.0, 'negative2': 0.0, 'positive2': 0.0, 'negative3': None, 'positive3': None, 'negative4': None, 'positive4': None, 'negative5': None, 'positive5': None, 'negative6': None, 'positive6': None}",0.0,bid
2026-09-07,22,2026-09-07T09:30:00Z,2026-09-08T10:14:24Z,T_LKSDB-1,T,Lakeside Energy Storage Ltd,LKSDB-1,"{'negative1': 0.0, 'positive1': 0.0, 'negative2': 0.0, 'positive2': 0.0, 'negative3': None, 'positive3': 0.0, 'negative4': None, 'positive4': None, 'negative5': None, 'positive5': None, 'negative6': None, 'positive6': None}",0.0,bid
2026-09-07,23,2026-09-07T10:00:00Z,2026-09-08T10:44:25Z,T_LKSDB-1,T,Lakeside Energy Storage Ltd,LKSDB-1,"{'negative1': -43.15858848, 'positive1': 0.0, 'negative2': 0.0, 'positive2': 0.0, 'negative3': None, 'positive3': None, 'negative4': None, 'positive4': None, 'negative5': None, 'positive5': None, 'negative6': None, 'positive6': None}",-43.15858848,bid
2026-09-07,28,2026-09-07T12:30:00Z,2026-09-08T13:14:29Z,T_LKSDB-1,T,Lakeside Energy Storage Ltd,LKSDB-1,"{'negative1': 0.0, 'positive1': 0.0, 'negative2': 0.0, 'positive2': 0.0, 'negative3': None, 'positive3': None, 'negative4': None, 'positive4': None, 'negative5': None, 'positive5': None, 'negative6': None, 'positive6': None}",0.0,bid
2026-09-07,31,2026-09-07T14:00:00Z,2026-09-08T14:44:28Z,T_LKSDB-1,T,Lakeside Energy Storage Ltd,LKSDB-1,"{'negative1': -638.303453568, 'positive1': 0.0, 'negative2': 0.0, 'positive2': 0.0, 'negative3': None, 'positive3': 0.0, 'negative4': None, 'positive4': None, 'negative5': None, 'positive5': None, 'negative6': None, 'positive6': None}",-638.303453568,bid
2026-09-07,35,2026-09-07T16:00:00Z,2026-09-08T16:45:08Z,T_LKSDB-1,T,Lakeside Energy Storage Ltd,LKSDB-1,"{'negative1': 0.0, 'positive1': 0.0, 'negative2': 0.0, 'positive2': 0.0, 'negative3': None, 'positive3': None, 'negative4': None, 'positive4': None, 'negative5': None, 'positive5': None, 'negative6': None, 'positive6': None}",0.0,bid
2026-09-07,36,2026-09-07T16:30:00Z,2026-09-08T17:14:27Z,T_LKSDB-1,T,Lakeside Energy Storage Ltd,LKSDB-1,"{'negative1': -111.1022514624864, 'positive1': -523.2158850512213, 'negative2': 0.0, 'positive2': 0.0, 'negative3': 0.0, 'positive3': None, 'negative4': None, 'positive4': None, 'negative5': None, 'positive5': None, 'negative6': None, 'positive6': None}",-634.3181365137077,bid
2026-09-07,37,2026-09-07T17:00:00Z,2026-09-08T17:44:27Z,T_LKSDB-1,T,Lakeside Energy Storage Ltd,LKSDB-1,"{'negative1': 0.0, 'positive1': 0.0, 'negative2': 0.0, 'positive2': 0.0, 'negative3': None, 'positive3': None, 'negative4': None, 'positive4': None, 'negative5': None, 'positive5': None, 'negative6': None, 'positive6': None}",0.0,bid
2026-09-07,38,2026-09-07T17:30:00Z,2026-09-08T18:14:21Z,T_LKSDB-1,T,Lakeside Energy Storage Ltd,LKSDB-1,"{'negative1': -936.7351432704, 'positive1': 0.0, 'negative2': 0.0, 'positive2': 0.0, 'negative3': 0.0, 'positive3': None, 'negative4': None, 'positive4': None, 'negative5': None, 'positive5': None, 'negative6': None, 'positive6': None}",-936.7351432704,bid
2026-09-07,39,2026-09-07T18:00:00Z,2026-09-08T18:44:26Z,T_LKSDB-1,T,Lakeside Energy Storage Ltd,LKSDB-1,"{'negative1': 0.0, 'positive1': 0.0, 'negative2': 0.0, 'positive2': 0.0, 'negative3': 0.0, 'positive3': None, 'negative4': None, 'positive4': None, 'negative5': None, 'positive5': None, 'negative6': None, 'positive6': None}",0.0,bid
2026-09-07,40,2026-09-07T18:30:00Z,2026-09-08T19:14:25Z,T_LKSDB-1,T,Lakeside Energy Storage Ltd,LKSDB-1,"{'negative1': -84.88181952, 'positive1': 0.0, 'negative2': 0.0, 'positive2': 0.0, 'negative3': 0.0, 'positive3': None, 'negative4': None, 'positive4': None, 'negative5': None, 'positive5': None, 'negative6': None, 'positive6': None}",-84.88181952,bid
2026-09-07,42,2026-09-07T19:30:00Z,2026-09-08T20:14:34Z,T_LKSDB-1,T,Lakeside Energy Storage Ltd,LKSDB-1,"{'negative1': -1406.8134, 'positive1': 0.0, 'negative2': 0.0, 'positive2': 0.0, 'negative3': None, 'positive3': None, 'negative4': None, 'positive4': None, 'negative5': None, 'positive5': None, 'negative6': None, 'positive6': None}",-1406.8134,bid
2026-09-07,46,2026-09-07T21:30:00Z,2026-09-08T22:15:00Z,T_LKSDB-1,T,Lakeside Energy Storage Ltd,LKSDB-1,"{'negative1': 0.0, 'positive1': 0.0, 'negative2': 0.0, 'positive2': 0.0, 'negative3': None, 'positive3': 0.0, 'negative4': None, 'positive4': None, 'negative5': None, 'positive5': None, 'negative6': None, 'positive6': None}",0.0,bid
2026-09-07,1,2026-09-06T23:00:00Z,2026-09-07T23:44:29Z,T_LKSDB-1,T,Lakeside Energy Storage Ltd,LKSDB-1,"{'negative1': 0.0, 'positive1': 733.638100536, 'negative2': 0.0, 'positive2': 0.0, 'negative3': None, 'positive3': None, 'negative4': None, 'positive4': None, 'negative5': None, 'positive5': None, 'negative6': None, 'positive6': None}",733.638100536,offer
2026-09-07,2,2026-09-06T23:30:00Z,2026-09-08T00:15:06Z,T_LKSDB-1,T,Lakeside Energy Storage Ltd,LKSDB-1,"{'negative1': 0.0, 'positive1': 179.948968056, 'negative2': 0.0, 'positive2': 0.0, 'negative3': None, 'positive3': None, 'negative4': None, 'positive4': None, 'negative5': None, 'positive5': None, 'negative6': None, 'positive6': None}",179.948968056,offer
2026-09-07,3,2026-09-07T00:00:00Z,2026-09-08T00:44:28Z,T_LKSDB-1,T,Lakeside Energy Storage Ltd,LKSDB-1,"{'negative1': 0.0, 'positive1': 7749.5845284, 'negative2': 0.0, 'positive2': 0.0, 'negative3': None, 'positive3': 0.0, 'negative4': None, 'positive4': None, 'negative5': None, 'positive5': None, 'negative6': None, 'positive6': None}",7749.5845284,offer
2026-09-07,4,2026-09-07T00:30:00Z,2026-09-08T01:14:31Z,T_LKSDB-1,T,Lakeside Energy Storage Ltd,LKSDB-1,"{'negative1': 0.0, 'positive1': 60.554142, 'negative2': 0.0, 'positive2': 0.0, 'negative3': None, 'positive3': 0.0, 'negative4': None, 'positive4': None, 'negative5': None, 'positive5': None, 'negative6': None, 'positive6': None}",60.554142,offer
2026-09-07,6,2026-09-07T01:30:00Z,2026-09-08T02:16:02Z,T_LKSDB-1,T,Lakeside Energy Storage Ltd,LKSDB-1,"{'negative1': 0.0, 'positive1': 0.0, 'negative2': 0.0, 'positive2': 0.0, 'negative3': None, 'positive3': 0.0, 'negative4': None, 'positive4': None, 'negative5': None, 'positive5': None, 'negative6': None, 'positive6': None}",0.0,offer
2026-09-07,10,2026-09-07T03:30:00Z,2026-09-08T04:14:25Z,T_LKSDB-1,T,Lakeside Energy Storage Ltd,LKSDB-1,"{'negative1': 0.0, 'positive1': 0.0, 'negative2': 0.0, 'positive2': 0.0, 'negative3': 0.0, 'positive3': None, 'negative4': None, 'positive4': None, 'negative5': None, 'positive5': None, 'negative6': None, 'positive6': None}",0.0,offer
2026-09-07,11,2026-09-07T04:00:00Z,2026-09-08T04:44:25Z,T_LKSDB-1,T,Lakeside Energy Storage Ltd,LKSDB-1,"{'negative1': 0.0, 'positive1': 0.0, 'negative2': 0.0, 'positive2': 0.0, 'negative3': None, 'positive3': None, 'negative4': None, 'positive4': None, 'negative5': None, 'positive5': None, 'negative6': None, 'positive6': None}",0.0,offer
2026-09-07,12,2026-09-07T04:30:00Z,2026-09-08T05:14:27Z,T_LKSDB-1,T,Lakeside Energy Storage Ltd,LKSDB-1,"{'negative1': 0.0, 'positive1': 0.0, 'negative2': 0.0, 'positive2': 0.0, 'negative3': None, 'positive3': None, 'negative4': None, 'positive4': None, 'negative5': None, 'positive5': None, 'negative6': None, 'positive6': None}",0.0,offer
2026-09-07,13,2026-09-07T05:00:00Z,2026-09-08T05:44:37Z,T_LKSDB-1,T,Lakeside Energy Storage Ltd,LKSDB-1,"{'negative1': 0.0, 'positive1': 0.0, 'negative2': 0.0, 'positive2': 0.0, 'negative3': None, 'positive3': None, 'negative4': None, 'positive4': None, 'negative5': None, 'positive5': None, 'negative6': None, 'positive6': None}",0.0,offer
2026-09-07,14,2026-09-07T05:30:00Z,2026-09-08T06:14:27Z,T_LKSDB-1,T,Lakeside Energy Storage Ltd,LKSDB-1,"{'negative1': 451.05529875, 'positive1': 442.12849005, 'negative2': 0.0, 'positive2': 0.0, 'negative3': None, 'positive3': None, 'negative4': None, 'positive4': None, 'negative5': None, 'positive5': None, 'negative6': None, 'positive6': None}",893.1837888,offer
2026-09-07,15,2026-09-07T06:00:00Z,2026-09-08T06:44:24Z,T_LKSDB-1,T,Lakeside Energy Storage Ltd,LKSDB-1,"{'negative1': 0.0, 'positive1': 1949.3132688, 'negative2': 0.0, 'positive2': 0.0, 'negative3': 0.0, 'positive3': None, 'negative4': None, 'positive4': None, 'negative5': None, 'positive5': None, 'negative6': None, 'positive6': None}",1949.3132688,offer
2026-09-07,16,2026-09-07T06:30:00Z,2026-09-08T07:14:25Z,T_LKSDB-1,T,Lakeside Energy Storage Ltd,LKSDB-1,"{'negative1': 0.0, 'positive1': 0.0, 'negative2': 0.0, 'positive2': 0.0, 'negative3': 0.0, 'positive3': None, 'negative4': None, 'positive4': None, 'negative5': None, 'positive5': None, 'negative6': None, 'positive6': None}",0.0,offer
2026-09-07,17,2026-09-07T07:00:00Z,2026-09-08T07:44:29Z,T_LKSDB-1,T,Lakeside Energy Storage Ltd,LKSDB-1,"{'negative1': 0.0, 'positive1': 48.2802048, 'negative2': 0.0, 'positive2': 0.0, 'negative3': None, 'positive3': None, 'negative4': None, 'positive4': None, 'negative5': None, 'positive5': None, 'negative6': None, 'positive6': None}",48.2802048,offer
2026-09-07,22,2026-09-07T09:30:00Z,2026-09-08T10:14:24Z,T_LKSDB-1,T,Lakeside Energy Storage Ltd,LKSDB-1,"{'negative1': 0.0, 'positive1': 1350.93232512, 'negative2': 0.0, 'positive2': 0.0, 'negative3': None, 'positive3': 0.0, 'negative4': None, 'positive4': None, 'negative5': None, 'positive5': None, 'negative6': None, 'positive6': None}",1350.93232512,offer
2026-09-07,23,2026-09-07T10:00:00Z,2026-09-08T10:44:25Z,T_LKSDB-1,T,Lakeside Energy Storage Ltd,LKSDB-1,"{'negative1': 0.0, 'positive1': 0.0, 'negative2': 0.0, 'positive2': 0.0, 'negative3': None, 'positive3': None, 'negative4': None, 'positive4': None, 'negative5': None, 'positive5': None, 'negative6': None, 'positive6': None}",0.0,offer
2026-09-07,28,2026-09-07T12:30:00Z,2026-09-08T13:14:29Z,T_LKSDB-1,T,Lakeside Energy Storage Ltd,LKSDB-1,"{'negative1': 0.0, 'positive1': 660.7550536704, 'negative2': 0.0, 'positive2': 0.0, 'negative3': None, 'positive3': None, 'negative4': None, 'positive4': None, 'negative5': None, 'positive5': None, 'negative6': None, 'positive6': None}",660.7550536704,offer
2026-09-07,31,2026-09-07T14:00:00Z,2026-09-08T14:44:28Z,T_LKSDB-1,T,Lakeside Energy Storage Ltd,LKSDB-1,"{'negative1': 0.0, 'positive1': 0.0, 'negative2': 0.0, 'positive2': 0.0, 'negative3': None, 'positive3': 0.0, 'negative4': None, 'positive4': None, 'negative5': None, 'positive5': None, 'negative6': None, 'positive6': None}",0.0,offer
2026-09-07,35,2026-09-07T16:00:00Z,2026-09-08T16:45:08Z,T_LKSDB-1,T,Lakeside Energy Storage Ltd,LKSDB-1,"{'negative1': 0.0, 'positive1': 2119.2817724928, 'negative2': 0.0, 'positive2': 0.0, 'negative3': None, 'positive3': None, 'negative4': None, 'positive4': None, 'negative5': None, 'positive5': None, 'negative6': None, 'positive6': None}",2119.2817724928,offer
2026-09-07,36,2026-09-07T16:30:00Z,2026-09-08T17:14:27Z,T_LKSDB-1,T,Lakeside Energy Storage Ltd,LKSDB-1,"{'negative1': 15.8196709982304, 'positive1': 4660.105358715519, 'negative2': 0.0, 'positive2': 0.0, 'negative3': 0.0, 'positive3': None, 'negative4': None, 'positive4': None, 'negative5': None, 'positive5': None, 'negative6': None, 'positive6': None}",4675.92502971375,offer
2026-09-07,37,2026-09-07T17:00:00Z,2026-09-08T17:44:27Z,T_LKSDB-1,T,Lakeside Energy Storage Ltd,LKSDB-1,"{'negative1': 0.0, 'positive1': 587.8336762368, 'negative2': 0.0, 'positive2': 0.0, 'negative3': None, 'positive3': None, 'negative4': None, 'positive4': None, 'negative5': None, 'positive5': None, 'negative6': None, 'positive6': None}",587.8336762368,offer
2026-09-07,38,2026-09-07T17:30:00Z,2026-09-08T18:14:21Z,T_LKSDB-1,T,Lakeside Energy Storage Ltd,LKSDB-1,"{'negative1': 0.0, 'positive1': 0.0, 'negative2': 0.0, 'positive2': 0.0, 'negative3': 0.0, 'positive3': None, 'negative4': None, 'positive4': None, 'negative5': None, 'positive5': None, 'negative6': None, 'positive6': None}",0.0,offer
2026-09-07,39,2026-09-07T18:00:00Z,2026-09-08T18:44:26Z,T_LKSDB-1,T,Lakeside Energy Storage Ltd,LKSDB-1,"{'negative1': 0.0, 'positive1': 2100.9534813, 'negative2': 0.0, 'positive2': 0.0, 'negative3': 0.0, 'positive3': None, 'negative4': None, 'positive4': None, 'negative5': None, 'positive5': None, 'negative6': None, 'positive6': None}",2100.9534813,offer
2026-09-07,40,2026-09-07T18:30:00Z,2026-09-08T19:14:25Z,T_LKSDB-1,T,Lakeside Energy Storage Ltd,LKSDB-1,"{'negative1': 0.0, 'positive1': 1342.16522712, 'negative2': 0.0, 'positive2': 0.0, 'negative3': 0.0, 'positive3': None, 'negative4': None, 'positive4': None, 'negative5': None, 'positive5': None, 'negative6': None, 'positive6': None}",1342.16522712,offer
2026-09-07,42,2026-09-07T19:30:00Z,2026-09-08T20:14:34Z,T_LKSDB-1,T,Lakeside Energy Storage Ltd,LKSDB-1,"{'negative1': 0.0, 'positive1': 0.0, 'negative2': 0.0, 'positive2': 0.0, 'negative3': None, 'positive3': None, 'negative4': None, 'positive4': None, 'negative5': None, 'positive5': None, 'negative6': None, 'positive6': None}",0.0,offer
2026-09-07,46,2026-09-07T21:30:00Z,2026-09-08T22:15:00Z,T_LKSDB-1,T,Lakeside Energy Storage Ltd,LKSDB-1,"{'negative1': 0.0, 'positive1': 1668.6845784, 'negative2': 0.0, 'positive2': 0.0, 'negative3': None, 'positive3': 0.0, 'negative4': None, 'positive4': None, 'negative5': None, 'positive5': None, 'negative6': None, 'positive6': None}",1668.6845784,offer
2026-09-08,3,2026-09-08T00:00:00Z,2026-09-09T00:44:27Z,T_LKSDB-1,T,Lakeside Energy Storage Ltd,LKSDB-1,"{'negative1': 0.0, 'positive1': 0.0, 'negative2': 0.0, 'positive2': 0.0, 'negative3': None, 'positive3': None, 'negative4': None, 'positive4': None, 'negative5': None, 'positive5': None, 'negative6': None, 'positive6': None}",0.0,bid
2026-09-08,4,2026-09-08T00:30:00Z,2026-09-09T01:14:32Z,T_LKSDB-1,T,Lakeside Energy Storage Ltd,LKSDB-1,"{'negative1': 0.0, 'positive1': 0.0, 'negative2': 0.0, 'positive2': -0.000280250574545483, 'negative3': None, 'positive3': 0.0, 'negative4': None, 'positive4': None, 'negative5': None, 'positive5': None, 'negative6': None, 'positive6': None}",-0.000280250574545483,bid
2026-09-08,6,2026-09-08T01:30:00Z,2026-09-09T02:17:22Z,T_LKSDB-1,T,Lakeside Energy Storage Ltd,LKSDB-1,"{'negative1': 0.0, 'positive1': 0.0, 'negative2': 0.0, 'positive2': 0.0, 'negative3': None, 'positive3': 0.0, 'negative4': None, 'positive4': None, 'negative5': None, 'positive5': None, 'negative6': None, 'positive6': None}",0.0,bid
2026-09-08,11,2026-09-08T04:00:00Z,2026-09-09T04:44:34Z,T_LKSDB-1,T,Lakeside Energy Storage Ltd,LKSDB-1,"{'negative1': 0.0, 'positive1': 0.0, 'negative2': 0.0, 'positive2': 0.0, 'negative3': None, 'positive3': None, 'negative4': None, 'positive4': None, 'negative5': None, 'positive5': None, 'negative6': None, 'positive6': None}",0.0,bid
2026-09-08,12,2026-09-08T04:30:00Z,2026-09-09T05:14:49Z,T_LKSDB-1,T,Lakeside Energy Storage Ltd,LKSDB-1,"{'negative1': 0.0, 'positive1': 0.0, 'negative2': 0.0, 'positive2': 0.0, 'negative3': None, 'positive3': None, 'negative4': None, 'positive4': None, 'negative5': None, 'positive5': None, 'negative6': None, 'positive6': None}",0.0,bid
2026-09-08,13,2026-09-08T05:00:00Z,2026-09-09T05:44:59Z,T_LKSDB-1,T,Lakeside Energy Storage Ltd,LKSDB-1,"{'negative1': 0.0, 'positive1': 0.0, 'negative2': 0.0, 'positive2': 0.0, 'negative3': None, 'positive3': None, 'negative4': None, 'positive4': None, 'negative5': None, 'positive5': None, 'negative6': None, 'positive6': None}",0.0,bid
2026-09-08,18,2026-09-08T07:30:00Z,2026-09-09T08:15:05Z,T_LKSDB-1,T,Lakeside Energy Storage Ltd,LKSDB-1,"{'negative1': 0.0, 'positive1': 0.0, 'negative2': 0.0, 'positive2': 0.0, 'negative3': None, 'positive3': None, 'negative4': None, 'positive4': None, 'negative5': None, 'positive5': None, 'negative6': None, 'positive6': None}",0.0,bid
2026-09-08,23,2026-09-08T10:00:00Z,2026-09-09T10:44:26Z,T_LKSDB-1,T,Lakeside Energy Storage Ltd,LKSDB-1,"{'negative1': 0.0, 'positive1': 0.0, 'negative2': 0.0, 'positive2': 0.0, 'negative3': None, 'positive3': 0.0, 'negative4': None, 'positive4': None, 'negative5': None, 'positive5': None, 'negative6': None, 'positive6': None}",0.0,bid
2026-09-08,29,2026-09-08T13:00:00Z,2026-09-09T13:44:34Z,T_LKSDB-1,T,Lakeside Energy Storage Ltd,LKSDB-1,"{'negative1': 0.0, 'positive1': 0.0, 'negative2': 0.0, 'positive2': 0.0, 'negative3': None, 'positive3': 0.0, 'negative4': None, 'positive4': None, 'negative5': None, 'positive5': None, 'negative6': None, 'positive6': None}",0.0,bid
2026-09-08,30,2026-09-08T13:30:00Z,2026-09-09T14:15:01Z,T_LKSDB-1,T,Lakeside Energy Storage Ltd,LKSDB-1,"{'negative1': -0.5352415272, 'positive1': 0.0, 'negative2': 0.0, 'positive2': 0.0, 'negative3': None, 'positive3': 0.0, 'negative4': None, 'positive4': None, 'negative5': None, 'positive5': None, 'negative6': None, 'positive6': None}",-0.5352415272,bid
2026-09-08,31,2026-09-08T14:00:00Z,2026-09-09T14:44:53Z,T_LKSDB-1,T,Lakeside Energy Storage Ltd,LKSDB-1,"{'negative1': -3.96762156, 'positive1': 0.0, 'negative2': 0.0, 'positive2': 0.0, 'negative3': None, 'positive3': 0.0, 'negative4': None, 'positive4': None, 'negative5': None, 'positive5': None, 'negative6': None, 'positive6': None}",-3.96762156,bid
2026-09-08,33,2026-09-08T15:00:00Z,2026-09-09T15:44:34Z,T_LKSDB-1,T,Lakeside Energy Storage Ltd,LKSDB-1,"{'negative1': -2.26721232, 'positive1': 0.0, 'negative2': 0.0, 'positive2': 0.0, 'negative3': None, 'positive3': 0.0, 'negative4': None, 'positive4': None, 'negative5': None, 'positive5': None, 'negative6': None, 'positive6': None}",-2.26721232,bid
2026-09-08,34,2026-09-08T15:30:00Z,2026-09-09T16:15:25Z,T_LKSDB-1,T,Lakeside Energy Storage Ltd,LKSDB-1,"{'negative1': -83.58102684, 'positive1': 0.0, 'negative2': 0.0, 'positive2': 0.0, 'negative3': None, 'positive3': 0.0, 'negative4': None, 'positive4': None, 'negative5': None, 'positive5': None, 'negative6': None, 'positive6': None}",-83.58102684,bid
2026-09-08,35,2026-09-08T16:00:00Z,2026-09-09T16:44:40Z,T_LKSDB-1,T,Lakeside Energy Storage Ltd,LKSDB-1,"{'negative1': -21.90958956, 'positive1': 0.0, 'negative2': 0.0, 'positive2': 0.0, 'negative3': None, 'positive3': None, 'negative4': None, 'positive4': None, 'negative5': None, 'positive5': None, 'negative6': None, 'positive6': None}",-21.90958956,bid
2026-09-08,37,2026-09-08T17:00:00Z,2026-09-09T17:44:29Z,T_LKSDB-1,T,Lakeside Energy Storage Ltd,LKSDB-1,"{'negative1': -48.6879768, 'positive1': 0.0, 'negative2': 0.0, 'positive2': 0.0, 'negative3': 0.0, 'positive3': None, 'negative4': None, 'positive4': None, 'negative5': None, 'positive5': None, 'negative6': None, 'positive6': None}",-48.6879768,bid
2026-09-08,39,2026-09-08T18:00:00Z,2026-09-09T18:44:48Z,T_LKSDB-1,T,Lakeside Energy Storage Ltd,LKSDB-1,"{'negative1': -1430.91680292, 'positive1': 0.0, 'negative2': -1374.8236866, 'positive2': 0.0, 'negative3': 0.0, 'positive3': None, 'negative4': None, 'positive4': None, 'negative5': None, 'positive5': None, 'negative6': None, 'positive6': None}",-2805.74048952,bid
2026-09-08,40,2026-09-08T18:30:00Z,2026-09-09T19:14:40Z,T_LKSDB-1,T,Lakeside Energy Storage Ltd,LKSDB-1,"{'negative1': -5136.703884, 'positive1': 0.0, 'negative2': -4797.79641936, 'positive2': 0.0, 'negative3': 0.0, 'positive3': None, 'negative4': None, 'positive4': None, 'negative5': None, 'positive5': None, 'negative6': None, 'positive6': None}",-9934.50030336,bid
2026-09-08,41,2026-09-08T19:00:00Z,2026-09-09T19:44:44Z,T_LKSDB-1,T,Lakeside Energy Storage Ltd,LKSDB-1,"{'negative1': -3886.11201492, 'positive1': 0.0, 'negative2': -677.5335666, 'positive2': 0.0, 'negative3': 0.0, 'positive3': None, 'negative4': None, 'positive4': None, 'negative5': None, 'positive5': None, 'negative6': None, 'positive6': None}",-4563.64558152,bid
2026-09-08,42,2026-09-08T19:30:00Z,2026-09-09T20:14:43Z,T_LKSDB-1,T,Lakeside Energy Storage Ltd,LKSDB-1,"{'negative1': -4747.077738, 'positive1': 0.0, 'negative2': 0.0, 'positive2': 0.0, 'negative3': 0.0, 'positive3': None, 'negative4': None, 'positive4': None, 'negative5': None, 'positive5': None, 'negative6': None, 'positive6': None}",-4747.077738,bid
2026-09-08,43,2026-09-08T20:00:00Z,2026-09-09T20:44:45Z,T_LKSDB-1,T,Lakeside Energy Storage Ltd,LKSDB-1,"{'negative1': -5163.44557176, 'positive1': 0.0, 'negative2': 0.0, 'positive2': 0.0, 'negative3': 0.0, 'positive3': None, 'negative4': None, 'positive4': None, 'negative5': None, 'positive5': None, 'negative6': None, 'positive6': None}",-5163.44557176,bid
2026-09-08,45,2026-09-08T21:00:00Z,2026-09-09T21:44:47Z,T_LKSDB-1,T,Lakeside Energy Storage Ltd,LKSDB-1,"{'negative1': -40.1247648, 'positive1': 0.0, 'negative2': 0.0, 'positive2': 0.0, 'negative3': None, 'positive3': None, 'negative4': None, 'positive4': None, 'negative5': None, 'positive5': None, 'negative6': None, 'positive6': None}",-40.1247648,bid
2026-09-08,46,2026-09-08T21:30:00Z,2026-09-09T22:14:49Z,T_LKSDB-1,T,Lakeside Energy Storage Ltd,LKSDB-1,"{'negative1': -83.59326, 'positive1': 0.0, 'negative2': 0.0, 'positive2': 0.0, 'negative3': None, 'positive3': None, 'negative4': None, 'positive4': None, 'negative5': None, 'positive5': None, 'negative6': None, 'positive6': None}",-83.59326,bid
2026-09-08,47,2026-09-08T22:00:00Z,2026-09-09T22:44:40Z,T_LKSDB-1,T,Lakeside Energy Storage Ltd,LKSDB-1,"{'negative1': -16.739856144, 'positive1': 0.0, 'negative2': 0.0, 'positive2': 0.0, 'negative3': None, 'positive3': None, 'negative4': None, 'positive4': None, 'negative5': None, 'positive5': None, 'negative6': None, 'positive6': None}",-16.739856144,bid
2026-09-08,3,2026-09-08T00:00:00Z,2026-09-09T00:44:27Z,T_LKSDB-1,T,Lakeside Energy Storage Ltd,LKSDB-1,"{'negative1': 0.0, 'positive1': 398.3116896, 'negative2': 0.0, 'positive2': 0.0, 'negative3': None, 'positive3': None, 'negative4': None, 'positive4': None, 'negative5': None, 'positive5': None, 'negative6': None, 'positive6': None}",398.3116896,offer
2026-09-08,4,2026-09-08T00:30:00Z,2026-09-09T01:14:32Z,T_LKSDB-1,T,Lakeside Energy Storage Ltd,LKSDB-1,"{'negative1': 0.0, 'positive1': 2156.808421701818, 'negative2': 0.0, 'positive2': 1338.28320301938, 'negative3': None, 'positive3': 0.0, 'negative4': None, 'positive4': None, 'negative5': None, 'positive5': None, 'negative6': None, 'positive6': None}",3495.091624721198,offer
2026-09-08,6,2026-09-08T01:30:00Z,2026-09-09T02:17:22Z,T_LKSDB-1,T,Lakeside Energy Storage Ltd,LKSDB-1,"{'negative1': 0.0, 'positive1': 766.4482512, 'negative2': 0.0, 'positive2': 0.0, 'negative3': None, 'positive3': 0.0, 'negative4': None, 'positive4': None, 'negative5': None, 'positive5': None, 'negative6': None, 'positive6': None}",766.4482512,offer
2026-09-08,11,2026-09-08T04:00:00Z,2026-09-09T04:44:34Z,T_LKSDB-1,T,Lakeside Energy Storage Ltd,LKSDB-1,"{'negative1': 0.0, 'positive1': 8812.6461324, 'negative2': 0.0, 'positive2': 0.0, 'negative3': None, 'positive3': None, 'negative4': None, 'positive4': None, 'negative5': None, 'positive5': None, 'negative6': None, 'positive6': None}",8812.6461324,offer
2026-09-08,12,2026-09-08T04:30:00Z,2026-09-09T05:14:49Z,T_LKSDB-1,T,Lakeside Energy Storage Ltd,LKSDB-1,"{'negative1': 0.0, 'positive1': 2994.3105732, 'negative2': 0.0, 'positive2': 0.0, 'negative3': None, 'positive3': None, 'negative4': None, 'positive4': None, 'negative5': None, 'positive5': None, 'negative6': None, 'positive6': None}",2994.3105732,offer
2026-09-08,13,2026-09-08T05:00:00Z,2026-09-09T05:44:59Z,T_LKSDB-1,T,Lakeside Energy Storage Ltd,LKSDB-1,"{'negative1': 0.0, 'positive1': 5125.9387032, 'negative2': 0.0, 'positive2': 0.0, 'negative3': None, 'positive3': None, 'negative4': None, 'positive4': None, 'negative5': None, 'positive5': None, 'negative6': None, 'positive6': None}",5125.9387032,offer
2026-09-08,18,2026-09-08T07:30:00Z,2026-09-09T08:15:05Z,T_LKSDB-1,T,Lakeside Energy Storage Ltd,LKSDB-1,"{'negative1': 0.0, 'positive1': 260.8109712, 'negative2': 0.0, 'positive2': 0.0, 'negative3': None, 'positive3': None, 'negative4': None, 'positive4': None, 'negative5': None, 'positive5': None, 'negative6': None, 'positive6': None}",260.8109712,offer
2026-09-08,23,2026-09-08T10:00:00Z,2026-09-09T10:44:26Z,T_LKSDB-1,T,Lakeside Energy Storage Ltd,LKSDB-1,"{'negative1': 0.0, 'positive1': 167.594292, 'negative2': 0.0, 'positive2': 0.0, 'negative3': None, 'positive3': 0.0, 'negative4': None, 'positive4': None, 'negative5': None, 'positive5': None, 'negative6': None, 'positive6': None}",167.594292,offer
2026-09-08,29,2026-09-08T13:00:00Z,2026-09-09T13:44:34Z,T_LKSDB-1,T,Lakeside Energy Storage Ltd,LKSDB-1,"{'negative1': 0.0, 'positive1': 3613.1861376, 'negative2': 0.0, 'positive2': 0.0, 'negative3': None, 'positive3': 0.0, 'negative4': None, 'positive4': None, 'negative5': None, 'positive5': None, 'negative6': None, 'positive6': None}",3613.1861376,offer
2026-09-08,30,2026-09-08T13:30:00Z,2026-09-09T14:15:01Z,T_LKSDB-1,T,Lakeside Energy Storage Ltd,LKSDB-1,"{'negative1': 0.0, 'positive1': 0.0, 'negative2': 0.0, 'positive2': 0.0, 'negative3': None, 'positive3': 0.0, 'negative4': None, 'positive4': None, 'negative5': None, 'positive5': None, 'negative6': None, 'positive6': None}",0.0,offer
2026-09-08,31,2026-09-08T14:00:00Z,2026-09-09T14:44:53Z,T_LKSDB-1,T,Lakeside Energy Storage Ltd,LKSDB-1,"{'negative1': 0.0, 'positive1': 0.0, 'negative2': 0.0, 'positive2': 0.0, 'negative3': None, 'positive3': 0.0, 'negative4': None, 'positive4': None, 'negative5': None, 'positive5': None, 'negative6': None, 'positive6': None}",0.0,offer
2026-09-08,33,2026-09-08T15:00:00Z,2026-09-09T15:44:34Z,T_LKSDB-1,T,Lakeside Energy Storage Ltd,LKSDB-1,"{'negative1': 0.0, 'positive1': 0.0, 'negative2': 0.0, 'positive2': 0.0, 'negative3': None, 'positive3': 0.0, 'negative4': None, 'positive4': None, 'negative5': None, 'positive5': None, 'negative6': None, 'positive6': None}",0.0,offer
2026-09-08,34,2026-09-08T15:30:00Z,2026-09-09T16:15:25Z,T_LKSDB-1,T,Lakeside Energy Storage Ltd,LKSDB-1,"{'negative1': 0.0, 'positive1': 0.0, 'negative2': 0.0, 'positive2': 0.0, 'negative3': None, 'positive3': 0.0, 'negative4': None, 'positive4': None, 'negative5': None, 'positive5': None, 'negative6': None, 'positive6': None}",0.0,offer
2026-09-08,35,2026-09-08T16:00:00Z,2026-09-09T16:44:40Z,T_LKSDB-1,T,Lakeside Energy Storage Ltd,LKSDB-1,"{'negative1': 0.0, 'positive1': 0.0, 'negative2': 0.0, 'positive2': 0.0, 'negative3': None, 'positive3': None, 'negative4': None, 'positive4': None, 'negative5': None, 'positive5': None, 'negative6': None, 'positive6': None}",0.0,offer
2026-09-08,37,2026-09-08T17:00:00Z,2026-09-09T17:44:29Z,T_LKSDB-1,T,Lakeside Energy Storage Ltd,LKSDB-1,"{'negative1': 0.0, 'positive1': 0.0, 'negative2': 0.0, 'positive2': 0.0, 'negative3': 0.0, 'positive3': None, 'negative4': None, 'positive4': None, 'negative5': None, 'positive5': None, 'negative6': None, 'positive6': None}",0.0,offer
2026-09-08,39,2026-09-08T18:00:00Z,2026-09-09T18:44:48Z,T_LKSDB-1,T,Lakeside Energy Storage Ltd,LKSDB-1,"{'negative1': 0.0, 'positive1': 0.0, 'negative2': 0.0, 'positive2': 0.0, 'negative3': 0.0, 'positive3': None, 'negative4': None, 'positive4': None, 'negative5': None, 'positive5': None, 'negative6': None, 'positive6': None}",0.0,offer
2026-09-08,40,2026-09-08T18:30:00Z,2026-09-09T19:14:40Z,T_LKSDB-1,T,Lakeside Energy Storage Ltd,LKSDB-1,"{'negative1': 0.0, 'positive1': 0.0, 'negative2': 0.0, 'positive2': 0.0, 'negative3': 0.0, 'positive3': None, 'negative4': None, 'positive4': None, 'negative5': None, 'positive5': None, 'negative6': None, 'positive6': None}",0.0,offer
2026-09-08,41,2026-09-08T19:00:00Z,2026-09-09T19:44:44Z,T_LKSDB-1,T,Lakeside Energy Storage Ltd,LKSDB-1,"{'negative1': 0.0, 'positive1': 0.0, 'negative2': 0.0, 'positive2': 0.0, 'negative3': 0.0, 'positive3': None, 'negative4': None, 'positive4': None, 'negative5': None, 'positive5': None, 'negative6': None, 'positive6': None}",0.0,offer
2026-09-08,42,2026-09-08T19:30:00Z,2026-09-09T20:14:43Z,T_LKSDB-1,T,Lakeside Energy Storage Ltd,LKSDB-1,"{'negative1': 0.0, 'positive1': 0.0, 'negative2': 0.0, 'positive2': 0.0, 'negative3': 0.0, 'positive3': None, 'negative4': None, 'positive4': None, 'negative5': None, 'positive5': None, 'negative6': None, 'positive6': None}",0.0,offer
2026-09-08,43,2026-09-08T20:00:00Z,2026-09-09T20:44:45Z,T_LKSDB-1,T,Lakeside Energy Storage Ltd,LKSDB-1,"{'negative1': 0.0, 'positive1': 0.0, 'negative2': 0.0, 'positive2': 0.0, 'negative3': 0.0, 'positive3': None, 'negative4': None, 'positive4': None, 'negative5': None, 'positive5': None, 'negative6': None, 'positive6': None}",0.0,offer
2026-09-08,45,2026-09-08T21:00:00Z,2026-09-09T21:44:47Z,T_LKSDB-1,T,Lakeside Energy Storage Ltd,LKSDB-1,"{'negative1': 0.0, 'positive1': 0.0, 'negative2': 0.0, 'positive2': 0.0, 'negative3': None, 'positive3': None, 'negative4': None, 'positive4': None, 'negative5': None, 'positive5': None, 'negative6': None, 'positive6': None}",0.0,offer
2026-09-08,46,2026-09-08T21:30:00Z,2026-09-09T22:14:49Z,T_LKSDB-1,T,Lakeside Energy Storage Ltd,LKSDB-1,"{'negative1': 0.0, 'positive1': 0.0, 'negative2': 0.0, 'positive2': 0.0, 'negative3': None, 'positive3': None, 'negative4': None, 'positive4': None, 'negative5': None, 'positive5': None, 'negative6': None, 'positive6': None}",0.0,offer
2026-09-08,47,2026-09-08T22:00:00Z,2026-09-09T22:44:40Z,T_LKSDB-1,T,Lakeside Energy Storage Ltd,LKSDB-1,"{'negative1': 0.0, 'positive1': 0.0, 'negative2': 0.0, 'positive2': 0.0, 'negative3': None, 'positive3': None, 'negative4': None, 'positive4': None, 'negative5': None, 'positive5': None, 'negative6': None, 'positive6': None}",0.0,offer
2026-09-09,2,2026-09-08T23:30:00Z,2026-09-10T00:14:44Z,T_LKSDB-1,T,Lakeside Energy Storage Ltd,LKSDB-1,"{'negative1': -95.4171800208, 'positive1': 0.0, 'negative2': 0.0, 'positive2': 0.0, 'negative3': None, 'positive3': None, 'negative4': None, 'positive4': None, 'negative5': None, 'positive5': None, 'negative6': None, 'positive6': None}",-95.4171800208,bid
2026-09-09,5,2026-09-09T01:00:00Z,2026-09-10T01:44:44Z,T_LKSDB-1,T,Lakeside Energy Storage Ltd,LKSDB-1,"{'negative1': -50.219568432, 'positive1': 0.0, 'negative2': 0.0, 'positive2': 0.0, 'negative3': None, 'positive3': None, 'negative4': None, 'positive4': None, 'negative5': None, 'positive5': None, 'negative6': None, 'positive6': None}",-50.219568432,bid
2026-09-09,6,2026-09-09T01:30:00Z,2026-09-10T02:17:17Z,T_LKSDB-1,T,Lakeside Energy Storage Ltd,LKSDB-1,"{'negative1': -238.542950052, 'positive1': 0.0, 'negative2': 0.0, 'positive2': 0.0, 'negative3': None, 'positive3': None, 'negative4': None, 'positive4': None, 'negative5': None, 'positive5': None, 'negative6': None, 'positive6': None}",-238.542950052,bid
2026-09-09,7,2026-09-09T02:00:00Z,2026-09-10T02:45:25Z,T_LKSDB-1,T,Lakeside Energy Storage Ltd,LKSDB-1,"{'negative1': -4.184964036, 'positive1': 0.0, 'negative2': 0.0, 'positive2': 0.0, 'negative3': None, 'positive3': None, 'negative4': None, 'positive4': None, 'negative5': None, 'positive5': None, 'negative6': None, 'positive6': None}",-4.184964036,bid
2026-09-09,14,2026-09-09T05:30:00Z,2026-09-10T06:14:35Z,T_LKSDB-1,T,Lakeside Energy Storage Ltd,LKSDB-1,"{'negative1': -1397.1492036, 'positive1': 0.0, 'negative2': -68.001689808, 'positive2': 0.0, 'negative3': 0.0, 'positive3': None, 'negative4': None, 'positive4': None, 'negative5': None, 'positive5': None, 'negative6': None, 'positive6': None}",-1465.150893408,bid
2026-09-09,15,2026-09-09T06:00:00Z,2026-09-10T06:44:39Z,T_LKSDB-1,T,Lakeside Energy Storage Ltd,LKSDB-1,"{'negative1': -607.35192768, 'positive1': 0.0, 'negative2': 0.0, 'positive2': 0.0, 'negative3': 0.0, 'positive3': None, 'negative4': None, 'positive4': None, 'negative5': None, 'positive5': None, 'negative6': None, 'positive6': None}",-607.35192768,bid
2026-09-09,16,2026-09-09T06:30:00Z,2026-09-10T07:14:33Z,T_LKSDB-1,T,Lakeside Energy Storage Ltd,LKSDB-1,"{'negative1': -938.254012416, 'positive1': 0.0, 'negative2': 0.0, 'positive2': 0.0, 'negative3': 0.0, 'positive3': None, 'negative4': None, 'positive4': None, 'negative5': None, 'positive5': None, 'negative6': None, 'positive6': None}",-938.254012416,bid
2026-09-09,17,2026-09-09T07:00:00Z,2026-09-10T07:44:40Z,T_LKSDB-1,T,Lakeside Energy Storage Ltd,LKSDB-1,"{'negative1': -317.289024288, 'positive1': 0.0, 'negative2': 0.0, 'positive2': 0.0, 'negative3': None, 'positive3': None, 'negative4': None, 'positive4': None, 'negative5': None, 'positive5': None, 'negative6': None, 'positive6': None}",-317.289024288,bid
2026-09-09,18,2026-09-09T07:30:00Z,2026-09-10T08:15:01Z,T_LKSDB-1,T,Lakeside Energy Storage Ltd,LKSDB-1,"{'negative1': -2009.665971432, 'positive1': 0.0, 'negative2': 0.0, 'positive2': 0.0, 'negative3': None, 'positive3': None, 'negative4': None, 'positive4': None, 'negative5': None, 'positive5': None, 'negative6': None, 'positive6': None}",-2009.665971432,bid
2026-09-09,19,2026-09-09T08:00:00Z,2026-09-10T08:44:33Z,T_LKSDB-1,T,Lakeside Energy Storage Ltd,LKSDB-1,"{'negative1': -3434.780994336, 'positive1': 0.0, 'negative2': 0.0, 'positive2': 0.0, 'negative3': None, 'positive3': None, 'negative4': None, 'positive4': None, 'negative5': None, 'positive5': None, 'negative6': None, 'positive6': None}",-3434.780994336,bid
2026-09-09,20,2026-09-09T08:30:00Z,2026-09-10T09:14:49Z,T_LKSDB-1,T,Lakeside Energy Storage Ltd,LKSDB-1,"{'negative1': -3918.971098224, 'positive1': 0.0, 'negative2': 0.0, 'positive2': 0.0, 'negative3': None, 'positive3': None, 'negative4': None, 'positive4': None, 'negative5': None, 'positive5': None, 'negative6': None, 'positive6': None}",-3918.971098224,bid
2026-09-09,24,2026-09-09T10:30:00Z,2026-09-10T11:14:37Z,T_LKSDB-1,T,Lakeside Energy Storage Ltd,LKSDB-1,"{'negative1': -471.1907403, 'positive1': 0.0, 'negative2': -44.87123088, 'positive2': 0.0, 'negative3': 0.0, 'positive3': None, 'negative4': None, 'positive4': None, 'negative5': None, 'positive5': None, 'negative6': None, 'positive6': None}",-516.06197118,bid
2026-09-09,25,2026-09-09T11:00:00Z,2026-09-10T11:44:39Z,T_LKSDB-1,T,Lakeside Energy Storage Ltd,LKSDB-1,"{'negative1': -537.34563072, 'positive1': 0.0, 'negative2': 0.0, 'positive2': 0.0, 'negative3': 0.0, 'positive3': None, 'negative4': None, 'positive4': None, 'negative5': None, 'positive5': None, 'negative6': None, 'positive6': None}",-537.34563072,bid
2026-09-09,26,2026-09-09T11:30:00Z,2026-09-10T12:14:33Z,T_LKSDB-1,T,Lakeside Energy Storage Ltd,LKSDB-1,"{'negative1': -359.694050112, 'positive1': 0.0, 'negative2': -10.827977688, 'positive2': 0.0, 'negative3': 0.0, 'positive3': None, 'negative4': None, 'positive4': None, 'negative5': None, 'positive5': None, 'negative6': None, 'positive6': None}",-370.5220278,bid
2026-09-09,27,2026-09-09T12:00:00Z,2026-09-10T12:44:39Z,T_LKSDB-1,T,Lakeside Energy Storage Ltd,LKSDB-1,"{'negative1': -127.224864, 'positive1': 0.0, 'negative2': -1.4679792, 'positive2': 0.0, 'negative3': 0.0, 'positive3': None, 'negative4': None, 'positive4': None, 'negative5': None, 'positive5': None, 'negative6': None, 'positive6': None}",-128.6928432,bid
2026-09-09,32,2026-09-09T14:30:00Z,2026-09-10T15:14:42Z,T_LKSDB-1,T,Lakeside Energy Storage Ltd,LKSDB-1,"{'negative1': -120.700512, 'positive1': 0.0, 'negative2': 0.0, 'positive2': 0.0, 'negative3': None, 'positive3': None, 'negative4': None, 'positive4': None, 'negative5': None, 'positive5': None, 'negative6': None, 'positive6': None}",-120.700512,bid
2026-09-09,33,2026-09-09T15:00:00Z,2026-09-10T15:44:38Z,T_LKSDB-1,T,Lakeside Energy Storage Ltd,LKSDB-1,"{'negative1': -330.7846464, 'positive1': 0.0, 'negative2': 0.0, 'positive2': 0.0, 'negative3': None, 'positive3': None, 'negative4': None, 'positive4': None, 'negative5': None, 'positive5': None, 'negative6': None, 'positive6': None}",-330.7846464,bid
2026-09-09,34,2026-09-09T15:30:00Z,2026-09-10T16:14:37Z,T_LKSDB-1,T,Lakeside Energy Storage Ltd,LKSDB-1,"{'negative1': -169.81257168, 'positive1': 0.0, 'negative2': 0.0, 'positive2': 0.0, 'negative3': None, 'positive3': None, 'negative4': None, 'positive4': None, 'negative5': None, 'positive5': None, 'negative6': None, 'positive6': None}",-169.81257168,bid
2026-09-09,37,2026-09-09T17:00:00Z,2026-09-10T17:45:21Z,T_LKSDB-1,T,Lakeside Energy Storage Ltd,LKSDB-1,"{'negative1': -385.89910992, 'positive1': 0.0, 'negative2': 0.0, 'positive2': 0.0, 'negative3': 0.0, 'positive3': None, 'negative4': None, 'positive4': None, 'negative5': None, 'positive5': None, 'negative6': None, 'positive6': None}",-385.89910992,bid
2026-09-09,38,2026-09-09T17:30:00Z,2026-09-10T18:14:39Z,T_LKSDB-1,T,Lakeside Energy Storage Ltd,LKSDB-1,"{'negative1': -232.847598528, 'positive1': 0.0, 'negative2': 0.0, 'positive2': 0.0, 'negative3': None, 'positive3': None, 'negative4': None, 'positive4': None, 'negative5': None, 'positive5': None, 'negative6': None, 'positive6': None}",-232.847598528,bid
2026-09-09,39,2026-09-09T18:00:00Z,2026-09-10T18:44:45Z,T_LKSDB-1,T,Lakeside Energy Storage Ltd,LKSDB-1,"{'negative1': -2462.7439688184, 'positive1': 0.0, 'negative2': 0.0, 'positive2': 0.0, 'negative3': 0.0, 'positive3': None, 'negative4': None, 'positive4': None, 'negative5': None, 'positive5': None, 'negative6': None, 'positive6': None}",-2462.7439688184,bid
2026-09-09,44,2026-09-09T20:30:00Z,2026-09-10T21:14:50Z,T_LKSDB-1,T,Lakeside Energy Storage Ltd,LKSDB-1,"{'negative1': -1508.900343516, 'positive1': 0.0, 'negative2': 0.0, 'positive2': 0.0, 'negative3': None, 'positive3': None, 'negative4': None, 'positive4': None, 'negative5': None, 'positive5': None, 'negative6': None, 'positive6': None}",-1508.900343516,bid
2026-09-09,45,2026-09-09T21:00:00Z,2026-09-10T21:44:39Z,T_LKSDB-1,T,Lakeside Energy Storage Ltd,LKSDB-1,"{'negative1': -6713.758831824, 'positive1': 0.0, 'negative2': 0.0, 'positive2': 0.0, 'negative3': None, 'positive3': None, 'negative4': None, 'positive4': None, 'negative5': None, 'positive5': None, 'negative6': None, 'positive6': None}",-6713.758831824,bid
2026-09-09,46,2026-09-09T21:30:00Z,2026-09-10T22:14:34Z,T_LKSDB-1,T,Lakeside Energy Storage Ltd,LKSDB-1,"{'negative1': -1585.7581887288, 'positive1': 0.0, 'negative2': 0.0, 'positive2': 0.0, 'negative3': None, 'positive3': None, 'negative4': None, 'positive4': None, 'negative5': None, 'positive5': None, 'negative6': None, 'positive6': None}",-1585.7581887288,bid
2026-09-09,47,2026-09-09T22:00:00Z,2026-09-10T22:44:43Z,T_LKSDB-1,T,Lakeside Energy Storage Ltd,LKSDB-1,"{'negative1': -2896.60024656, 'positive1': 0.0, 'negative2': 0.0, 'positive2': 0.0, 'negative3': None, 'positive3': None, 'negative4': None, 'positive4': None, 'negative5': None, 'positive5': None, 'negative6': None, 'positive6': None}",-2896.60024656,bid
2026-09-09,2,2026-09-08T23:30:00Z,2026-09-10T00:14:44Z,T_LKSDB-1,T,Lakeside Energy Storage Ltd,LKSDB-1,"{'negative1': 0.0, 'positive1': 0.0, 'negative2': 0.0, 'positive2': 0.0, 'negative3': None, 'positive3': None, 'negative4': None, 'positive4': None, 'negative5': None, 'positive5': None, 'negative6': None, 'positive6': None}",0.0,offer
2026-09-09,5,2026-09-09T01:00:00Z,2026-09-10T01:44:44Z,T_LKSDB-1,T,Lakeside Energy Storage Ltd,LKSDB-1,"{'negative1': 0.0, 'positive1': 0.0, 'negative2': 0.0, 'positive2': 0.0, 'negative3': None, 'positive3': None, 'negative4': None, 'positive4': None, 'negative5': None, 'positive5': None, 'negative6': None, 'positive6': None}",0.0,offer
2026-09-09,6,2026-09-09T01:30:00Z,2026-09-10T02:17:17Z,T_LKSDB-1,T,Lakeside Energy Storage Ltd,LKSDB-1,"{'negative1': 0.0, 'positive1': 0.0, 'negative2': 0.0, 'positive2': 0.0, 'negative3': None, 'positive3': None, 'negative4': None, 'positive4': None, 'negative5': None, 'positive5': None, 'negative6': None, 'positive6': None}",0.0,offer
2026-09-09,7,2026-09-09T02:00:00Z,2026-09-10T02:45:25Z,T_LKSDB-1,T,Lakeside Energy Storage Ltd,LKSDB-1,"{'negative1': 0.0, 'positive1': 0.0, 'negative2': 0.0, 'positive2': 0.0, 'negative3': None, 'positive3': None, 'negative4': None, 'positive4': None, 'negative5': None, 'positive5': None, 'negative6': None, 'positive6': None}",0.0,offer
2026-09-09,14,2026-09-09T05:30:00Z,2026-09-10T06:14:35Z,T_LKSDB-1,T,Lakeside Energy Storage Ltd,LKSDB-1,"{'negative1': 0.0, 'positive1': 0.0, 'negative2': 0.0, 'positive2': 0.0, 'negative3': 0.0, 'positive3': None, 'negative4': None, 'positive4': None, 'negative5': None, 'positive5': None, 'negative6': None, 'positive6': None}",0.0,offer
2026-09-09,15,2026-09-09T06:00:00Z,2026-09-10T06:44:39Z,T_LKSDB-1,T,Lakeside Energy Storage Ltd,LKSDB-1,"{'negative1': 0.0, 'positive1': 0.0, 'negative2': 0.0, 'positive2': 0.0, 'negative3': 0.0, 'positive3': None, 'negative4': None, 'positive4': None, 'negative5': None, 'positive5': None, 'negative6': None, 'positive6': None}",0.0,offer
2026-09-09,16,2026-09-09T06:30:00Z,2026-09-10T07:14:33Z,T_LKSDB-1,T,Lakeside Energy Storage Ltd,LKSDB-1,"{'negative1': 0.0, 'positive1': 0.0, 'negative2': 0.0, 'positive2': 0.0, 'negative3': 0.0, 'positive3': None, 'negative4': None, 'positive4': None, 'negative5': None, 'positive5': None, 'negative6': None, 'positive6': None}",0.0,offer
2026-09-09,17,2026-09-09T07:00:00Z,2026-09-10T07:44:40Z,T_LKSDB-1,T,Lakeside Energy Storage Ltd,LKSDB-1,"{'negative1': 0.0, 'positive1': 0.0, 'negative2': 0.0, 'positive2': 0.0, 'negative3': None, 'positive3': None, 'negative4': None, 'positive4': None, 'negative5': None, 'positive5': None, 'negative6': None, 'positive6': None}",0.0,offer
2026-09-09,18,2026-09-09T07:30:00Z,2026-09-10T08:15:01Z,T_LKSDB-1,T,Lakeside Energy Storage Ltd,LKSDB-1,"{'negative1': 0.0, 'positive1': 0.0, 'negative2': 0.0, 'positive2': 0.0, 'negative3': None, 'positive3': None, 'negative4': None, 'positive4': None, 'negative5': None, 'positive5': None, 'negative6': None, 'positive6': None}",0.0,offer
2026-09-09,19,2026-09-09T08:00:00Z,2026-09-10T08:44:33Z,T_LKSDB-1,T,Lakeside Energy Storage Ltd,LKSDB-1,"{'negative1': 0.0, 'positive1': 0.0, 'negative2': 0.0, 'positive2': 0.0, 'negative3': None, 'positive3': None, 'negative4': None, 'positive4': None, 'negative5': None, 'positive5': None, 'negative6': None, 'positive6': None}",0.0,offer
2026-09-09,20,2026-09-09T08:30:00Z,2026-09-10T09:14:49Z,T_LKSDB-1,T,Lakeside Energy Storage Ltd,LKSDB-1,"{'negative1': 0.0, 'positive1': 0.0, 'negative2': 0.0, 'positive2': 0.0, 'negative3': None, 'positive3': None, 'negative4': None, 'positive4': None, 'negative5': None, 'positive5': None, 'negative6': None, 'positive6': None}",0.0,offer
2026-09-09,24,2026-09-09T10:30:00Z,2026-09-10T11:14:37Z,T_LKSDB-1,T,Lakeside Energy Storage Ltd,LKSDB-1,"{'negative1': 0.0, 'positive1': 0.0, 'negative2': 0.0, 'positive2': 0.0, 'negative3': 0.0, 'positive3': None, 'negative4': None, 'positive4': None, 'negative5': None, 'positive5': None, 'negative6': None, 'positive6': None}",0.0,offer
2026-09-09,25,2026-09-09T11:00:00Z,2026-09-10T11:44:39Z,T_LKSDB-1,T,Lakeside Energy Storage Ltd,LKSDB-1,"{'negative1': 0.0, 'positive1': 0.0, 'negative2': 0.0, 'positive2': 0.0, 'negative3': 0.0, 'positive3': None, 'negative4': None, 'positive4': None, 'negative5': None, 'positive5': None, 'negative6': None, 'positive6': None}",0.0,offer
2026-09-09,26,2026-09-09T11:30:00Z,2026-09-10T12:14:33Z,T_LKSDB-1,T,Lakeside Energy Storage Ltd,LKSDB-1,"{'negative1': 0.0, 'positive1': 0.0, 'negative2': 0.0, 'positive2': 0.0, 'negative3': 0.0, 'positive3': None, 'negative4': None, 'positive4': None, 'negative5': None, 'positive5': None, 'negative6': None, 'positive6': None}",0.0,offer
2026-09-09,27,2026-09-09T12:00:00Z,2026-09-10T12:44:39Z,T_LKSDB-1,T,Lakeside Energy Storage Ltd,LKSDB-1,"{'negative1': 0.0, 'positive1': 0.0, 'negative2': 0.0, 'positive2': 0.0, 'negative3': 0.0, 'positive3': None, 'negative4': None, 'positive4': None, 'negative5': None, 'positive5': None, 'negative6': None, 'positive6': None}",0.0,offer
2026-09-09,32,2026-09-09T14:30:00Z,2026-09-10T15:14:42Z,T_LKSDB-1,T,Lakeside Energy Storage Ltd,LKSDB-1,"{'negative1': 0.0, 'positive1': 0.0, 'negative2': 0.0, 'positive2': 0.0, 'negative3': None, 'positive3': None, 'negative4': None, 'positive4': None, 'negative5': None, 'positive5': None, 'negative6': None, 'positive6': None}",0.0,offer
2026-09-09,33,2026-09-09T15:00:00Z,2026-09-10T15:44:38Z,T_LKSDB-1,T,Lakeside Energy Storage Ltd,LKSDB-1,"{'negative1': 0.0, 'positive1': 0.0, 'negative2': 0.0, 'positive2': 0.0, 'negative3': None, 'positive3': None, 'negative4': None, 'positive4': None, 'negative5': None, 'positive5': None, 'negative6': None, 'positive6': None}",0.0,offer
2026-09-09,34,2026-09-09T15:30:00Z,2026-09-10T16:14:37Z,T_LKSDB-1,T,Lakeside Energy Storage Ltd,LKSDB-1,"{'negative1': 0.0, 'positive1': 0.0, 'negative2': 0.0, 'positive2': 0.0, 'negative3': None, 'positive3': None, 'negative4': None, 'positive4': None, 'negative5': None, 'positive5': None, 'negative6': None, 'positive6': None}",0.0,offer
2026-09-09,37,2026-09-09T17:00:00Z,2026-09-10T17:45:21Z,T_LKSDB-1,T,Lakeside Energy Storage Ltd,LKSDB-1,"{'negative1': 0.0, 'positive1': 0.0, 'negative2': 0.0, 'positive2': 0.0, 'negative3': 0.0, 'positive3': None, 'negative4': None, 'positive4': None, 'negative5': None, 'positive5': None, 'negative6': None, 'positive6': None}",0.0,offer
2026-09-09,38,2026-09-09T17:30:00Z,2026-09-10T18:14:39Z,T_LKSDB-1,T,Lakeside Energy Storage Ltd,LKSDB-1,"{'negative1': 0.0, 'positive1': 0.0, 'negative2': 0.0, 'positive2': 0.0, 'negative3': None, 'positive3': None, 'negative4': None, 'positive4': None, 'negative5': None, 'positive5': None, 'negative6': None, 'positive6': None}",0.0,offer
2026-09-09,39,2026-09-09T18:00:00Z,2026-09-10T18:44:45Z,T_LKSDB-1,T,Lakeside Energy Storage Ltd,LKSDB-1,"{'negative1': 0.0, 'positive1': 0.0, 'negative2': 0.0, 'positive2': 0.0, 'negative3': 0.0, 'positive3': None, 'negative4': None, 'positive4': None, 'negative5': None, 'positive5': None, 'negative6': None, 'positive6': None}",0.0,offer
2026-09-09,44,2026-09-09T20:30:00Z,2026-09-10T21:14:50Z,T_LKSDB-1,T,Lakeside Energy Storage Ltd,LKSDB-1,"{'negative1': 0.0, 'positive1': 0.0, 'negative2': 0.0, 'positive2': 0.0, 'negative3': None, 'positive3': None, 'negative4': None, 'positive4': None, 'negative5': None, 'positive5': None, 'negative6': None, 'positive6': None}",0.0,offer
2026-09-09,45,2026-09-09T21:00:00Z,2026-09-10T21:44:39Z,T_LKSDB-1,T,Lakeside Energy Storage Ltd,LKSDB-1,"{'negative1': 0.0, 'positive1': 0.0, 'negative2': 0.0, 'positive2': 0.0, 'negative3': None, 'positive3': None, 'negative4': None, 'positive4': None, 'negative5': None, 'positive5': None, 'negative6': None, 'positive6': None}",0.0,offer
2026-09-09,46,2026-09-09T21:30:00Z,2026-09-10T22:14:34Z,T_LKSDB-1,T,Lakeside Energy Storage Ltd,LKSDB-1,"{'negative1': 0.0, 'positive1': 0.0, 'negative2': 0.0, 'positive2': 0.0, 'negative3': None, 'positive3': None, 'negative4': None, 'positive4': None, 'negative5': None, 'positive5': None, 'negative6': None, 'positive6': None}",0.0,offer
2026-09-09,47,2026-09-09T22:00:00Z,2026-09-10T22:44:43Z,T_LKSDB-1,T,Lakeside Energy Storage Ltd,LKSDB-1,"{'negative1': 0.0, 'positive1': 0.0, 'negative2': 0.0, 'positive2': 0.0, 'negative3': None, 'positive3': None, 'negative4': None, 'positive4': None, 'negative5': None, 'positive5': None, 'negative6': None, 'positive6': None}",0.0,offer
2026-09-10,3,2026-09-10T00:00:00Z,2026-09-11T00:44:40Z,T_LKSDB-1,T,Lakeside Energy Storage Ltd,LKSDB-1,"{'negative1': -244.17795132, 'positive1': 0.0, 'negative2': 0.0, 'positive2': 0.0, 'negative3': None, 'positive3': None, 'negative4': None, 'positive4': None, 'negative5': None, 'positive5': None, 'negative6': None, 'positive6': None}",-244.17795132,bid
2026-09-10,4,2026-09-10T00:30:00Z,2026-09-11T01:14:41Z,T_LKSDB-1,T,Lakeside Energy Storage Ltd,LKSDB-1,"{'negative1': -1822.42685556, 'positive1': 0.0, 'negative2': 0.0, 'positive2': 0.0, 'negative3': None, 'positive3': None, 'negative4': None, 'positive4': None, 'negative5': None, 'positive5': None, 'negative6': None, 'positive6': None}",-1822.42685556,bid
2026-09-10,5,2026-09-10T01:00:00Z,2026-09-11T01:44:40Z,T_LKSDB-1,T,Lakeside Energy Storage Ltd,LKSDB-1,"{'negative1': -817.4197512, 'positive1': 0.0, 'negative2': 0.0, 'positive2': 0.0, 'negative3': None, 'positive3': None, 'negative4': None, 'positive4': None, 'negative5': None, 'positive5': None, 'negative6': None, 'positive6': None}",-817.4197512,bid
2026-09-10,6,2026-09-10T01:30:00Z,2026-09-11T02:15:18Z,T_LKSDB-1,T,Lakeside Energy Storage Ltd,LKSDB-1,"{'negative1': -525.03499404, 'positive1': 0.0, 'negative2': 0.0, 'positive2': 0.0, 'negative3': None, 'positive3': 0.0, 'negative4': None, 'positive4': None, 'negative5': None, 'positive5': None, 'negative6': None, 'positive6': None}",-525.03499404,bid
2026-09-10,7,2026-09-10T02:00:00Z,2026-09-11T02:44:37Z,T_LKSDB-1,T,Lakeside Energy Storage Ltd,LKSDB-1,"{'negative1': -79.64602704, 'positive1': 0.0, 'negative2': 0.0, 'positive2': 0.0, 'negative3': None, 'positive3': 0.0, 'negative4': None, 'positive4': None, 'negative5': None, 'positive5': None, 'negative6': None, 'positive6': None}",-79.64602704,bid
2026-09-10,8,2026-09-10T02:30:00Z,2026-09-11T03:14:52Z,T_LKSDB-1,T,Lakeside Energy Storage Ltd,LKSDB-1,"{'negative1': -475.427899152, 'positive1': 0.0, 'negative2': 0.0, 'positive2': 0.0, 'negative3': None, 'positive3': None, 'negative4': None, 'positive4': None, 'negative5': None, 'positive5': None, 'negative6': None, 'positive6': None}",-475.427899152,bid
2026-09-10,9,2026-09-10T03:00:00Z,2026-09-11T03:44:34Z,T_LKSDB-1,T,Lakeside Energy Storage Ltd,LKSDB-1,"{'negative1': -263.280438432, 'positive1': 0.0, 'negative2': 0.0, 'positive2': 0.0, 'negative3': None, 'positive3': None, 'negative4': None, 'positive4': None, 'negative5': None, 'positive5': None, 'negative6': None, 'positive6': None}",-263.280438432,bid
2026-09-10,13,2026-09-10T05:00:00Z,2026-09-11T05:44:36Z,T_LKSDB-1,T,Lakeside Energy Storage Ltd,LKSDB-1,"{'negative1': -3547.068354432, 'positive1': 0.0, 'negative2': 0.0, 'positive2': 0.0, 'negative3': 0.0, 'positive3': None, 'negative4': None, 'positive4': None, 'negative5': None, 'positive5': None, 'negative6': None, 'positive6': None}",-3547.068354432,bid
2026-09-10,14,2026-09-10T05:30:00Z,2026-09-11T06:14:42Z,T_LKSDB-1,T,Lakeside Energy Storage Ltd,LKSDB-1,"{'negative1': -970.941015936, 'positive1': 0.0, 'negative2': 0.0, 'positive2': 0.0, 'negative3': 0.0, 'positive3': None, 'negative4': None, 'positive4': None, 'negative5': None, 'positive5': None, 'negative6': None, 'positive6': None}",-970.941015936,bid
2026-09-10,15,2026-09-10T06:00:00Z,2026-09-11T06:44:36Z,T_LKSDB-1,T,Lakeside Energy Storage Ltd,LKSDB-1,"{'negative1': -192.760348752, 'positive1': 0.0, 'negative2': 0.0, 'positive2': 0.0, 'negative3': 0.0, 'positive3': None, 'negative4': None, 'positive4': None, 'negative5': None, 'positive5': None, 'negative6': None, 'positive6': None}",-192.760348752,bid
2026-09-10,17,2026-09-10T07:00:00Z,2026-09-11T07:45:06Z,T_LKSDB-1,T,Lakeside Energy Storage Ltd,LKSDB-1,"{'negative1': 0.0, 'positive1': 0.0, 'negative2': 0.0, 'positive2': 0.0, 'negative3': 0.0, 'positive3': None, 'negative4': None, 'positive4': None, 'negative5': None, 'positive5': None, 'negative6': None, 'positive6': None}",0.0,bid
2026-09-10,18,2026-09-10T07:30:00Z,2026-09-11T08:14:37Z,T_LKSDB-1,T,Lakeside Energy Storage Ltd,LKSDB-1,"{'negative1': -2003.9821190784, 'positive1': 0.0, 'negative2': 0.0, 'positive2': 0.0, 'negative3': 0.0, 'positive3': None, 'negative4': None, 'positive4': None, 'negative5': None, 'positive5': None, 'negative6': None, 'positive6': None}",-2003.9821190784,bid
2026-09-10,19,2026-09-10T08:00:00Z,2026-09-11T08:44:36Z,T_LKSDB-1,T,Lakeside Energy Storage Ltd,LKSDB-1,"{'negative1': -294.4629263808, 'positive1': 0.0, 'negative2': 0.0, 'positive2': 0.0, 'negative3': 0.0, 'positive3': None, 'negative4': None, 'positive4': None, 'negative5': None, 'positive5': None, 'negative6': None, 'positive6': None}",-294.4629263808,bid
2026-09-10,21,2026-09-10T09:00:00Z,2026-09-11T09:44:41Z,T_LKSDB-1,T,Lakeside Energy Storage Ltd,LKSDB-1,"{'negative1': -58.6565342208, 'positive1': 0.0, 'negative2': 0.0, 'positive2': 0.0, 'negative3': 0.0, 'positive3': None, 'negative4': None, 'positive4': None, 'negative5': None, 'positive5': None, 'negative6': None, 'positive6': None}",-58.6565342208,bid
2026-09-10,22,2026-09-10T09:30:00Z,2026-09-11T10:14:46Z,T_LKSDB-1,T,Lakeside Energy Storage Ltd,LKSDB-1,"{'negative1': -411.892943832, 'positive1': 0.0, 'negative2': -987.8247340416, 'positive2': 0.0, 'negative3': 0.0, 'positive3': None, 'negative4': None, 'positive4': None, 'negative5': None, 'positive5': None, 'negative6': None, 'positive6': None}",-1399.7176778736,bid
2026-09-10,23,2026-09-10T10:00:00Z,2026-09-11T10:44:43Z,T_LKSDB-1,T,Lakeside Energy Storage Ltd,LKSDB-1,"{'negative1': -2659.2443208, 'positive1': 0.0, 'negative2': 0.0, 'positive2': 0.0, 'negative3': None, 'positive3': None, 'negative4': None, 'positive4': None, 'negative5': None, 'positive5': None, 'negative6': None, 'positive6': None}",-2659.2443208,bid
2026-09-10,24,2026-09-10T10:30:00Z,2026-09-11T11:14:37Z,T_LKSDB-1,T,Lakeside Energy Storage Ltd,LKSDB-1,"{'negative1': -2529.3281616, 'positive1': 0.0, 'negative2': 0.0, 'positive2': 0.0, 'negative3': None, 'positive3': None, 'negative4': None, 'positive4': None, 'negative5': None, 'positive5': None, 'negative6': None, 'positive6': None}",-2529.3281616,bid
2026-09-10,25,2026-09-10T11:00:00Z,2026-09-11T11:44:32Z,T_LKSDB-1,T,Lakeside Energy Storage Ltd,LKSDB-1,"{'negative1': -206.143425792, 'positive1': 0.0, 'negative2': -1123.7587924176, 'positive2': 0.0, 'negative3': 0.0, 'positive3': None, 'negative4': None, 'positive4': None, 'negative5': None, 'positive5': None, 'negative6': None, 'positive6': None}",-1329.9022182096,bid
2026-09-10,26,2026-09-10T11:30:00Z,2026-09-11T12:15:35Z,T_LKSDB-1,T,Lakeside Energy Storage Ltd,LKSDB-1,"{'negative1': -448.5694254912, 'positive1': 0.0, 'negative2': 0.0, 'positive2': 0.0, 'negative3': None, 'positive3': 0.0, 'negative4': None, 'positive4': None, 'negative5': None, 'positive5': None, 'negative6': None, 'positive6': None}",-448.5694254912,bid
2026-09-10,27,2026-09-10T12:00:00Z,2026-09-11T12:44:27Z,T_LKSDB-1,T,Lakeside Energy Storage Ltd,LKSDB-1,"{'negative1': -0.4893264, 'positive1': 0.0, 'negative2': 0.0, 'positive2': 0.0, 'negative3': None, 'positive3': None, 'negative4': None, 'positive4': None, 'negative5': None, 'positive5': None, 'negative6': None, 'positive6': None}",-0.4893264,bid
2026-09-10,28,2026-09-10T12:30:00Z,2026-09-11T13:14:22Z,T_LKSDB-1,T,Lakeside Energy Storage Ltd,LKSDB-1,"{'negative1': -6.872589288, 'positive1': 0.0, 'negative2': 0.0, 'positive2': 0.0, 'negative3': None, 'positive3': None, 'negative4': None, 'positive4': None, 'negative5': None, 'positive5': None, 'negative6': None, 'positive6': None}",-6.872589288,bid
2026-09-10,29,2026-09-10T13:00:00Z,2026-09-11T13:44:28Z,T_LKSDB-1,T,Lakeside Energy Storage Ltd,LKSDB-1,"{'negative1': 0.0, 'positive1': 0.0, 'negative2': 0.0, 'positive2': 0.0, 'negative3': None, 'positive3': None, 'negative4': None, 'positive4': None, 'negative5': None, 'positive5': None, 'negative6': None, 'positive6': None}",0.0,bid
2026-09-10,30,2026-09-10T13:30:00Z,2026-09-11T14:14:30Z,T_LKSDB-1,T,Lakeside Energy Storage Ltd,LKSDB-1,"{'negative1': 0.0, 'positive1': 0.0, 'negative2': 0.0, 'positive2': 0.0, 'negative3': None, 'positive3': None, 'negative4': None, 'positive4': None, 'negative5': None, 'positive5': None, 'negative6': None, 'positive6': None}",0.0,bid
2026-09-10,31,2026-09-10T14:00:00Z,2026-09-11T14:44:25Z,T_LKSDB-1,T,Lakeside Energy Storage Ltd,LKSDB-1,"{'negative1': -142.507750788, 'positive1': 0.0, 'negative2': 0.0, 'positive2': 0.0, 'negative3': None, 'positive3': None, 'negative4': None, 'positive4': None, 'negative5': None, 'positive5': None, 'negative6': None, 'positive6': None}",-142.507750788,bid
2026-09-10,32,2026-09-10T14:30:00Z,2026-09-11T15:14:58Z,T_LKSDB-1,T,Lakeside Energy Storage Ltd,LKSDB-1,"{'negative1': -14.876338104, 'positive1': 0.0, 'negative2': 0.0, 'positive2': 0.0, 'negative3': None, 'positive3': 0.0, 'negative4': None, 'positive4': None, 'negative5': None, 'positive5': None, 'negative6': None, 'positive6': None}",-14.876338104,bid
2026-09-10,33,2026-09-10T15:00:00Z,2026-09-11T15:44:30Z,T_LKSDB-1,T,Lakeside Energy Storage Ltd,LKSDB-1,"{'negative1': 0.0, 'positive1': 0.0, 'negative2': 0.0, 'positive2': 0.0, 'negative3': None, 'positive3': 0.0, 'negative4': None, 'positive4': None, 'negative5': None, 'positive5': None, 'negative6': None, 'positive6': None}",0.0,bid
2026-09-10,35,2026-09-10T16:00:00Z,2026-09-11T16:45:02Z,T_LKSDB-1,T,Lakeside Energy Storage Ltd,LKSDB-1,"{'negative1': 0.0, 'positive1': 0.0, 'negative2': 0.0, 'positive2': 0.0, 'negative3': None, 'positive3': None, 'negative4': None, 'positive4': None, 'negative5': None, 'positive5': None, 'negative6': None, 'positive6': None}",0.0,bid
2026-09-10,36,2026-09-10T16:30:00Z,2026-09-11T17:15:16Z,T_LKSDB-1,T,Lakeside Energy Storage Ltd,LKSDB-1,"{'negative1': 0.0, 'positive1': 0.0, 'negative2': 0.0, 'positive2': 0.0, 'negative3': None, 'positive3': None, 'negative4': None, 'positive4': None, 'negative5': None, 'positive5': None, 'negative6': None, 'positive6': None}",0.0,bid
2026-09-10,37,2026-09-10T17:00:00Z,2026-09-11T17:44:47Z,T_LKSDB-1,T,Lakeside Energy Storage Ltd,LKSDB-1,"{'negative1': 0.0, 'positive1': 0.0, 'negative2': 0.0, 'positive2': 0.0, 'negative3': 0.0, 'positive3': None, 'negative4': None, 'positive4': None, 'negative5': None, 'positive5': None, 'negative6': None, 'positive6': None}",0.0,bid
2026-09-10,38,2026-09-10T17:30:00Z,2026-09-11T18:15:08Z,T_LKSDB-1,T,Lakeside Energy Storage Ltd,LKSDB-1,"{'negative1': 0.0, 'positive1': -4.3334745984, 'negative2': 0.0, 'positive2': 0.0, 'negative3': None, 'positive3': None, 'negative4': None, 'positive4': None, 'negative5': None, 'positive5': None, 'negative6': None, 'positive6': None}",-4.3334745984,bid
2026-09-10,39,2026-09-10T18:00:00Z,2026-09-11T18:44:46Z,T_LKSDB-1,T,Lakeside Energy Storage Ltd,LKSDB-1,"{'negative1': 0.0, 'positive1': 0.0, 'negative2': 0.0, 'positive2': 0.0, 'negative3': None, 'positive3': None, 'negative4': None, 'positive4': None, 'negative5': None, 'positive5': None, 'negative6': None, 'positive6': None}",0.0,bid
2026-09-10,40,2026-09-10T18:30:00Z,2026-09-11T19:15:10Z,T_LKSDB-1,T,Lakeside Energy Storage Ltd,LKSDB-1,"{'negative1': -3871.4007429216, 'positive1': 0.0, 'negative2': 0.0, 'positive2': 0.0, 'negative3': None, 'positive3': None, 'negative4': None, 'positive4': None, 'negative5': None, 'positive5': None, 'negative6': None, 'positive6': None}",-3871.4007429216,bid
2026-09-10,41,2026-09-10T19:00:00Z,2026-09-11T19:44:37Z,T_LKSDB-1,T,Lakeside Energy Storage Ltd,LKSDB-1,"{'negative1': -6492.1614996672, 'positive1': 0.0, 'negative2': 0.0, 'positive2': 0.0, 'negative3': None, 'positive3': None, 'negative4': None, 'positive4': None, 'negative5': None, 'positive5': None, 'negative6': None, 'positive6': None}",-6492.1614996672,bid
2026-09-10,42,2026-09-10T19:30:00Z,2026-09-11T20:14:30Z,T_LKSDB-1,T,Lakeside Energy Storage Ltd,LKSDB-1,"{'negative1': -6632.858498112, 'positive1': 0.0, 'negative2': 0.0, 'positive2': 0.0, 'negative3': None, 'positive3': None, 'negative4': None, 'positive4': None, 'negative5': None, 'positive5': None, 'negative6': None, 'positive6': None}",-6632.858498112,bid
2026-09-10,43,2026-09-10T20:00:00Z,2026-09-11T20:45:19Z,T_LKSDB-1,T,Lakeside Energy Storage Ltd,LKSDB-1,"{'negative1': -6522.3108564768, 'positive1': 0.0, 'negative2': -5219.3667714048, 'positive2': 0.0, 'negative3': 0.0, 'positive3': None, 'negative4': None, 'positive4': None, 'negative5': None, 'positive5': None, 'negative6': None, 'positive6': None}",-11741.6776278816,bid
2026-09-10,45,2026-09-10T21:00:00Z,2026-09-11T21:45:15Z,T_LKSDB-1,T,Lakeside Energy Storage Ltd,LKSDB-1,"{'negative1': -4217.151926592, 'positive1': 0.0, 'negative2': 0.0, 'positive2': 0.0, 'negative3': 0.0, 'positive3': None, 'negative4': None, 'positive4': None, 'negative5': None, 'positive5': None, 'negative6': None, 'positive6': None}",-4217.151926592,bid
2026-09-10,47,2026-09-10T22:00:00Z,2026-09-11T22:44:32Z,T_LKSDB-1,T,Lakeside Energy Storage Ltd,LKSDB-1,"{'negative1': 0.0, 'positive1': 0.0, 'negative2': 0.0, 'positive2': 0.0, 'negative3': None, 'positive3': None, 'negative4': None, 'positive4': None, 'negative5': None, 'positive5': None, 'negative6': None, 'positive6': None}",0.0,bid
2026-09-10,3,2026-09-10T00:00:00Z,2026-09-11T00:44:40Z,T_LKSDB-1,T,Lakeside Energy Storage Ltd,LKSDB-1,"{'negative1': 0.0, 'positive1': 0.0, 'negative2': 0.0, 'positive2': 0.0, 'negative3': None, 'positive3': None, 'negative4': None, 'positive4': None, 'negative5': None, 'positive5': None, 'negative6': None, 'positive6': None}",0.0,offer
2026-09-10,4,2026-09-10T00:30:00Z,2026-09-11T01:14:41Z,T_LKSDB-1,T,Lakeside Energy Storage Ltd,LKSDB-1,"{'negative1': 0.0, 'positive1': 0.0, 'negative2': 0.0, 'positive2': 0.0, 'negative3': None, 'positive3': None, 'negative4': None, 'positive4': None, 'negative5': None, 'positive5': None, 'negative6': None, 'positive6': None}",0.0,offer
2026-09-10,5,2026-09-10T01:00:00Z,2026-09-11T01:44:40Z,T_LKSDB-1,T,Lakeside Energy Storage Ltd,LKSDB-1,"{'negative1': 0.0, 'positive1': 0.0, 'negative2': 0.0, 'positive2': 0.0, 'negative3': None, 'positive3': None, 'negative4': None, 'positive4': None, 'negative5': None, 'positive5': None, 'negative6': None, 'positive6': None}",0.0,offer
2026-09-10,6,2026-09-10T01:30:00Z,2026-09-11T02:15:18Z,T_LKSDB-1,T,Lakeside Energy Storage Ltd,LKSDB-1,"{'negative1': 0.0, 'positive1': 0.0, 'negative2': 0.0, 'positive2': 0.0, 'negative3': None, 'positive3': 0.0, 'negative4': None, 'positive4': None, 'negative5': None, 'positive5': None, 'negative6': None, 'positive6': None}",0.0,offer
2026-09-10,7,2026-09-10T02:00:00Z,2026-09-11T02:44:37Z,T_LKSDB-1,T,Lakeside Energy Storage Ltd,LKSDB-1,"{'negative1': 0.0, 'positive1': 0.0, 'negative2': 0.0, 'positive2': 0.0, 'negative3': None, 'positive3': 0.0, 'negative4': None, 'positive4': None, 'negative5': None, 'positive5': None, 'negative6': None, 'positive6': None}",0.0,offer
2026-09-10,8,2026-09-10T02:30:00Z,2026-09-11T03:14:52Z,T_LKSDB-1,T,Lakeside Energy Storage Ltd,LKSDB-1,"{'negative1': 0.0, 'positive1': 0.0, 'negative2': 0.0, 'positive2': 0.0, 'negative3': None, 'positive3': None, 'negative4': None, 'positive4': None, 'negative5': None, 'positive5': None, 'negative6': None, 'positive6': None}",0.0,offer
2026-09-10,9,2026-09-10T03:00:00Z,2026-09-11T03:44:34Z,T_LKSDB-1,T,Lakeside Energy Storage Ltd,LKSDB-1,"{'negative1': 0.0, 'positive1': 0.0, 'negative2': 0.0, 'positive2': 0.0, 'negative3': None, 'positive3': None, 'negative4': None, 'positive4': None, 'negative5': None, 'positive5': None, 'negative6': None, 'positive6': None}",0.0,offer
2026-09-10,13,2026-09-10T05:00:00Z,2026-09-11T05:44:36Z,T_LKSDB-1,T,Lakeside Energy Storage Ltd,LKSDB-1,"{'negative1': 0.0, 'positive1': 0.0, 'negative2': 0.0, 'positive2': 0.0, 'negative3': 0.0, 'positive3': None, 'negative4': None, 'positive4': None, 'negative5': None, 'positive5': None, 'negative6': None, 'positive6': None}",0.0,offer
2026-09-10,14,2026-09-10T05:30:00Z,2026-09-11T06:14:42Z,T_LKSDB-1,T,Lakeside Energy Storage Ltd,LKSDB-1,"{'negative1': 0.0, 'positive1': 0.0, 'negative2': 0.0, 'positive2': 0.0, 'negative3': 0.0, 'positive3': None, 'negative4': None, 'positive4': None, 'negative5': None, 'positive5': None, 'negative6': None, 'positive6': None}",0.0,offer
2026-09-10,15,2026-09-10T06:00:00Z,2026-09-11T06:44:36Z,T_LKSDB-1,T,Lakeside Energy Storage Ltd,LKSDB-1,"{'negative1': 0.0, 'positive1': 0.0, 'negative2': 0.0, 'positive2': 0.0, 'negative3': 0.0, 'positive3': None, 'negative4': None, 'positive4': None, 'negative5': None, 'positive5': None, 'negative6': None, 'positive6': None}",0.0,offer
2026-09-10,17,2026-09-10T07:00:00Z,2026-09-11T07:45:06Z,T_LKSDB-1,T,Lakeside Energy Storage Ltd,LKSDB-1,"{'negative1': 0.0, 'positive1': 1113.8660805888, 'negative2': 0.0, 'positive2': 0.0, 'negative3': 0.0, 'positive3': None, 'negative4': None, 'positive4': None, 'negative5': None, 'positive5': None, 'negative6': None, 'positive6': None}",1113.8660805888,offer
2026-09-10,18,2026-09-10T07:30:00Z,2026-09-11T08:14:37Z,T_LKSDB-1,T,Lakeside Energy Storage Ltd,LKSDB-1,"{'negative1': 0.0, 'positive1': 0.0, 'negative2': 0.0, 'positive2': 0.0, 'negative3': 0.0, 'positive3': None, 'negative4': None, 'positive4': None, 'negative5': None, 'positive5': None, 'negative6': None, 'positive6': None}",0.0,offer
2026-09-10,19,2026-09-10T08:00:00Z,2026-09-11T08:44:36Z,T_LKSDB-1,T,Lakeside Energy Storage Ltd,LKSDB-1,"{'negative1': 0.0, 'positive1': 0.0, 'negative2': 0.0, 'positive2': 0.0, 'negative3': 0.0, 'positive3': None, 'negative4': None, 'positive4': None, 'negative5': None, 'positive5': None, 'negative6': None, 'positive6': None}",0.0,offer
2026-09-10,21,2026-09-10T09:00:00Z,2026-09-11T09:44:41Z,T_LKSDB-1,T,Lakeside Energy Storage Ltd,LKSDB-1,"{'negative1': 0.0, 'positive1': 0.0, 'negative2': 0.0, 'positive2': 0.0, 'negative3': 0.0, 'positive3': None, 'negative4': None, 'positive4': None, 'negative5': None, 'positive5': None, 'negative6': None, 'positive6': None}",0.0,offer
2026-09-10,22,2026-09-10T09:30:00Z,2026-09-11T10:14:46Z,T_LKSDB-1,T,Lakeside Energy Storage Ltd,LKSDB-1,"{'negative1': 0.0, 'positive1': 0.0, 'negative2': 0.0, 'positive2': 0.0, 'negative3': 0.0, 'positive3': None, 'negative4': None, 'positive4': None, 'negative5': None, 'positive5': None, 'negative6': None, 'positive6': None}",0.0,offer
2026-09-10,23,2026-09-10T10:00:00Z,2026-09-11T10:44:43Z,T_LKSDB-1,T,Lakeside Energy Storage Ltd,LKSDB-1,"{'negative1': 0.0, 'positive1': 0.0, 'negative2': 0.0, 'positive2': 0.0, 'negative3': None, 'positive3': None, 'negative4': None, 'positive4': None, 'negative5': None, 'positive5': None, 'negative6': None, 'positive6': None}",0.0,offer
2026-09-10,24,2026-09-10T10:30:00Z,2026-09-11T11:14:37Z,T_LKSDB-1,T,Lakeside Energy Storage Ltd,LKSDB-1,"{'negative1': 0.0, 'positive1': 0.0, 'negative2': 0.0, 'positive2': 0.0, 'negative3': None, 'positive3': None, 'negative4': None, 'positive4': None, 'negative5': None, 'positive5': None, 'negative6': None, 'positive6': None}",0.0,offer
2026-09-10,25,2026-09-10T11:00:00Z,2026-09-11T11:44:32Z,T_LKSDB-1,T,Lakeside Energy Storage Ltd,LKSDB-1,"{'negative1': 0.0, 'positive1': 0.0, 'negative2': 0.0, 'positive2': 0.0, 'negative3': 0.0, 'positive3': None, 'negative4': None, 'positive4': None, 'negative5': None, 'positive5': None, 'negative6': None, 'positive6': None}",0.0,offer
2026-09-10,26,2026-09-10T11:30:00Z,2026-09-11T12:15:35Z,T_LKSDB-1,T,Lakeside Energy Storage Ltd,LKSDB-1,"{'negative1': 0.0, 'positive1': 0.0, 'negative2': 0.0, 'positive2': 0.0, 'negative3': None, 'positive3': 0.0, 'negative4': None, 'positive4': None, 'negative5': None, 'positive5': None, 'negative6': None, 'positive6': None}",0.0,offer
2026-09-10,27,2026-09-10T12:00:00Z,2026-09-11T12:44:27Z,T_LKSDB-1,T,Lakeside Energy Storage Ltd,LKSDB-1,"{'negative1': 0.0, 'positive1': 0.0, 'negative2': 0.0, 'positive2': 0.0, 'negative3': None, 'positive3': None, 'negative4': None, 'positive4': None, 'negative5': None, 'positive5': None, 'negative6': None, 'positive6': None}",0.0,offer
2026-09-10,28,2026-09-10T12:30:00Z,2026-09-11T13:14:22Z,T_LKSDB-1,T,Lakeside Energy Storage Ltd,LKSDB-1,"{'negative1': 0.0, 'positive1': 0.0, 'negative2': 0.0, 'positive2': 0.0, 'negative3': None, 'positive3': None, 'negative4': None, 'positive4': None, 'negative5': None, 'positive5': None, 'negative6': None, 'positive6': None}",0.0,offer
2026-09-10,29,2026-09-10T13:00:00Z,2026-09-11T13:44:28Z,T_LKSDB-1,T,Lakeside Energy Storage Ltd,LKSDB-1,"{'negative1': 0.0, 'positive1': 535.065369696, 'negative2': 0.0, 'positive2': 0.0, 'negative3': None, 'positive3': None, 'negative4': None, 'positive4': None, 'negative5': None, 'positive5': None, 'negative6': None, 'positive6': None}",535.065369696,offer
2026-09-10,30,2026-09-10T13:30:00Z,2026-09-11T14:14:30Z,T_LKSDB-1,T,Lakeside Energy Storage Ltd,LKSDB-1,"{'negative1': 0.0, 'positive1': 507.7048471488, 'negative2': 0.0, 'positive2': 0.0, 'negative3': None, 'positive3': None, 'negative4': None, 'positive4': None, 'negative5': None, 'positive5': None, 'negative6': None, 'positive6': None}",507.7048471488,offer
2026-09-10,31,2026-09-10T14:00:00Z,2026-09-11T14:44:25Z,T_LKSDB-1,T,Lakeside Energy Storage Ltd,LKSDB-1,"{'negative1': 0.0, 'positive1': 0.0, 'negative2': 0.0, 'positive2': 0.0, 'negative3': None, 'positive3': None, 'negative4': None, 'positive4': None, 'negative5': None, 'positive5': None, 'negative6': None, 'positive6': None}",0.0,offer
2026-09-10,32,2026-09-10T14:30:00Z,2026-09-11T15:14:58Z,T_LKSDB-1,T,Lakeside Energy Storage Ltd,LKSDB-1,"{'negative1': 0.0, 'positive1': 1081.2130036992, 'negative2': 0.0, 'positive2': 0.0, 'negative3': None, 'positive3': 0.0, 'negative4': None, 'positive4': None, 'negative5': None, 'positive5': None, 'negative6': None, 'positive6': None}",1081.2130036992,offer
2026-09-10,33,2026-09-10T15:00:00Z,2026-09-11T15:44:30Z,T_LKSDB-1,T,Lakeside Energy Storage Ltd,LKSDB-1,"{'negative1': 0.0, 'positive1': 774.0106276032, 'negative2': 0.0, 'positive2': 0.0, 'negative3': None, 'positive3': 0.0, 'negative4': None, 'positive4': None, 'negative5': None, 'positive5': None, 'negative6': None, 'positive6': None}",774.0106276032,offer
2026-09-10,35,2026-09-10T16:00:00Z,2026-09-11T16:45:02Z,T_LKSDB-1,T,Lakeside Energy Storage Ltd,LKSDB-1,"{'negative1': 0.0, 'positive1': 179.3694424896, 'negative2': 0.0, 'positive2': 0.0, 'negative3': None, 'positive3': None, 'negative4': None, 'positive4': None, 'negative5': None, 'positive5': None, 'negative6': None, 'positive6': None}",179.3694424896,offer
2026-09-10,36,2026-09-10T16:30:00Z,2026-09-11T17:15:16Z,T_LKSDB-1,T,Lakeside Energy Storage Ltd,LKSDB-1,"{'negative1': 0.0, 'positive1': 8203.3652800512, 'negative2': 0.0, 'positive2': 0.0, 'negative3': None, 'positive3': None, 'negative4': None, 'positive4': None, 'negative5': None, 'positive5': None, 'negative6': None, 'positive6': None}",8203.3652800512,offer
2026-09-10,37,2026-09-10T17:00:00Z,2026-09-11T17:44:47Z,T_LKSDB-1,T,Lakeside Energy Storage Ltd,LKSDB-1,"{'negative1': 0.0, 'positive1': 2754.6365451744, 'negative2': 0.0, 'positive2': 0.0, 'negative3': 0.0, 'positive3': None, 'negative4': None, 'positive4': None, 'negative5': None, 'positive5': None, 'negative6': None, 'positive6': None}",2754.6365451744,offer
2026-09-10,38,2026-09-10T17:30:00Z,2026-09-11T18:15:08Z,T_LKSDB-1,T,Lakeside Energy Storage Ltd,LKSDB-1,"{'negative1': 0.0, 'positive1': 7889.6879739216, 'negative2': 0.0, 'positive2': 0.0, 'negative3': None, 'positive3': None, 'negative4': None, 'positive4': None, 'negative5': None, 'positive5': None, 'negative6': None, 'positive6': None}",7889.6879739216,offer
2026-09-10,39,2026-09-10T18:00:00Z,2026-09-11T18:44:46Z,T_LKSDB-1,T,Lakeside Energy Storage Ltd,LKSDB-1,"{'negative1': 0.0, 'positive1': 3096.5853364992, 'negative2': 0.0, 'positive2': 0.0, 'negative3': None, 'positive3': None, 'negative4': None, 'positive4': None, 'negative5': None, 'positive5': None, 'negative6': None, 'positive6': None}",3096.5853364992,offer
2026-09-10,40,2026-09-10T18:30:00Z,2026-09-11T19:15:10Z,T_LKSDB-1,T,Lakeside Energy Storage Ltd,LKSDB-1,"{'negative1': 0.0, 'positive1': 0.0, 'negative2': 0.0, 'positive2': 0.0, 'negative3': None, 'positive3': None, 'negative4': None, 'positive4': None, 'negative5': None, 'positive5': None, 'negative6': None, 'positive6': None}",0.0,offer
2026-09-10,41,2026-09-10T19:00:00Z,2026-09-11T19:44:37Z,T_LKSDB-1,T,Lakeside Energy Storage Ltd,LKSDB-1,"{'negative1': 0.0, 'positive1': 0.0, 'negative2': 0.0, 'positive2': 0.0, 'negative3': None, 'positive3': None, 'negative4': None, 'positive4': None, 'negative5': None, 'positive5': None, 'negative6': None, 'positive6': None}",0.0,offer
2026-09-10,42,2026-09-10T19:30:00Z,2026-09-11T20:14:30Z,T_LKSDB-1,T,Lakeside Energy Storage Ltd,LKSDB-1,"{'negative1': 0.0, 'positive1': 0.0, 'negative2': 0.0, 'positive2': 0.0, 'negative3': None, 'positive3': None, 'negative4': None, 'positive4': None, 'negative5': None, 'positive5': None, 'negative6': None, 'positive6': None}",0.0,offer
2026-09-10,43,2026-09-10T20:00:00Z,2026-09-11T20:45:19Z,T_LKSDB-1,T,Lakeside Energy Storage Ltd,LKSDB-1,"{'negative1': 0.0, 'positive1': 0.0, 'negative2': 0.0, 'positive2': 0.0, 'negative3': 0.0, 'positive3': None, 'negative4': None, 'positive4': None, 'negative5': None, 'positive5': None, 'negative6': None, 'positive6': None}",0.0,offer
2026-09-10,45,2026-09-10T21:00:00Z,2026-09-11T21:45:15Z,T_LKSDB-1,T,Lakeside Energy Storage Ltd,LKSDB-1,"{'negative1': 0.0, 'positive1': 0.0, 'negative2': 0.0, 'positive2': 0.0, 'negative3': 0.0, 'positive3': None, 'negative4': None, 'positive4': None, 'negative5': None, 'positive5': None, 'negative6': None, 'positive6': None}",0.0,offer
2026-09-10,47,2026-09-10T22:00:00Z,2026-09-11T22:44:32Z,T_LKSDB-1,T,Lakeside Energy Storage Ltd,LKSDB-1,"{'negative1': 0.0, 'positive1': 999.713408256, 'negative2': 0.0, 'positive2': 0.0, 'negative3': None, 'positive3': None, 'negative4': None, 'positive4': None, 'negative5': None, 'positive5': None, 'negative6': None, 'positive6': None}",999.713408256,offer
2026-09-11,1,2026-09-10T23:00:00Z,2026-09-11T23:44:31Z,T_LKSDB-1,T,Lakeside Energy Storage Ltd,LKSDB-1,"{'negative1': 0.0, 'positive1': 0.0, 'negative2': 0.0, 'positive2': 0.0, 'negative3': None, 'positive3': None, 'negative4': None, 'positive4': None, 'negative5': None, 'positive5': None, 'negative6': None, 'positive6': None}",0.0,bid
2026-09-11,2,2026-09-10T23:30:00Z,2026-09-12T00:15:26Z,T_LKSDB-1,T,Lakeside Energy Storage Ltd,LKSDB-1,"{'negative1': 0.0, 'positive1': 0.0, 'negative2': 0.0, 'positive2': 0.0, 'negative3': None, 'positive3': None, 'negative4': None, 'positive4': None, 'negative5': None, 'positive5': None, 'negative6': None, 'positive6': None}",0.0,bid
2026-09-11,4,2026-09-11T00:30:00Z,2026-09-12T01:14:30Z,T_LKSDB-1,T,Lakeside Energy Storage Ltd,LKSDB-1,"{'negative1': 0.0, 'positive1': 0.0, 'negative2': 0.0, 'positive2': 0.0, 'negative3': None, 'positive3': 0.0, 'negative4': None, 'positive4': None, 'negative5': None, 'positive5': None, 'negative6': None, 'positive6': None}",0.0,bid
2026-09-11,5,2026-09-11T01:00:00Z,2026-09-12T01:44:52Z,T_LKSDB-1,T,Lakeside Energy Storage Ltd,LKSDB-1,"{'negative1': 0.0, 'positive1': 0.0, 'negative2': 0.0, 'positive2': 0.0, 'negative3': None, 'positive3': 0.0, 'negative4': None, 'positive4': None, 'negative5': None, 'positive5': None, 'negative6': None, 'positive6': None}",0.0,bid
2026-09-11,7,2026-09-11T02:00:00Z,2026-09-12T02:44:31Z,T_LKSDB-1,T,Lakeside Energy Storage Ltd,LKSDB-1,"{'negative1': 0.0, 'positive1': 0.0, 'negative2': 0.0, 'positive2': 0.0, 'negative3': None, 'positive3': 0.0, 'negative4': None, 'positive4': None, 'negative5': None, 'positive5': None, 'negative6': None, 'positive6': None}",0.0,bid
2026-09-11,8,2026-09-11T02:30:00Z,2026-09-12T03:14:36Z,T_LKSDB-1,T,Lakeside Energy Storage Ltd,LKSDB-1,"{'negative1': 0.0, 'positive1': 0.0, 'negative2': 0.0, 'positive2': 0.0, 'negative3': None, 'positive3': 0.0, 'negative4': None, 'positive4': None, 'negative5': None, 'positive5': None, 'negative6': None, 'positive6': None}",0.0,bid
2026-09-11,9,2026-09-11T03:00:00Z,2026-09-12T03:44:33Z,T_LKSDB-1,T,Lakeside Energy Storage Ltd,LKSDB-1,"{'negative1': 0.0, 'positive1': 0.0, 'negative2': 0.0, 'positive2': 0.0, 'negative3': None, 'positive3': 0.0, 'negative4': None, 'positive4': None, 'negative5': None, 'positive5': None, 'negative6': None, 'positive6': None}",0.0,bid
2026-09-11,10,2026-09-11T03:30:00Z,2026-09-12T04:14:31Z,T_LKSDB-1,T,Lakeside Energy Storage Ltd,LKSDB-1,"{'negative1': 0.0, 'positive1': 0.0, 'negative2': 0.0, 'positive2': 0.0, 'negative3': None, 'positive3': None, 'negative4': None, 'positive4': None, 'negative5': None, 'positive5': None, 'negative6': None, 'positive6': None}",0.0,bid
2026-09-11,11,2026-09-11T04:00:00Z,2026-09-12T04:44:29Z,T_LKSDB-1,T,Lakeside Energy Storage Ltd,LKSDB-1,"{'negative1': 0.0, 'positive1': 0.0, 'negative2': 0.0, 'positive2': 0.0, 'negative3': None, 'positive3': None, 'negative4': None, 'positive4': None, 'negative5': None, 'positive5': None, 'negative6': None, 'positive6': None}",0.0,bid
2026-09-11,12,2026-09-11T04:30:00Z,2026-09-12T05:14:28Z,T_LKSDB-1,T,Lakeside Energy Storage Ltd,LKSDB-1,"{'negative1': 0.0, 'positive1': 0.0, 'negative2': 0.0, 'positive2': 0.0, 'negative3': None, 'positive3': None, 'negative4': None, 'positive4': None, 'negative5': None, 'positive5': None, 'negative6': None, 'positive6': None}",0.0,bid
2026-09-11,13,2026-09-11T05:00:00Z,2026-09-12T05:44:27Z,T_LKSDB-1,T,Lakeside Energy Storage Ltd,LKSDB-1,"{'negative1': 0.0, 'positive1': 0.0, 'negative2': 0.0, 'positive2': 0.0, 'negative3': None, 'positive3': None, 'negative4': None, 'positive4': None, 'negative5': None, 'positive5': None, 'negative6': None, 'positive6': None}",0.0,bid
2026-09-11,14,2026-09-11T05:30:00Z,2026-09-12T06:14:26Z,T_LKSDB-1,T,Lakeside Energy Storage Ltd,LKSDB-1,"{'negative1': 0.0, 'positive1': 0.0, 'negative2': 0.0, 'positive2': 0.0, 'negative3': None, 'positive3': None, 'negative4': None, 'positive4': None, 'negative5': None, 'positive5': None, 'negative6': None, 'positive6': None}",0.0,bid
2026-09-11,15,2026-09-11T06:00:00Z,2026-09-12T06:44:52Z,T_LKSDB-1,T,Lakeside Energy Storage Ltd,LKSDB-1,"{'negative1': 0.0, 'positive1': 0.0, 'negative2': 0.0, 'positive2': 0.0, 'negative3': None, 'positive3': None, 'negative4': None, 'positive4': None, 'negative5': None, 'positive5': None, 'negative6': None, 'positive6': None}",0.0,bid
2026-09-11,16,2026-09-11T06:30:00Z,2026-09-12T07:14:29Z,T_LKSDB-1,T,Lakeside Energy Storage Ltd,LKSDB-1,"{'negative1': 0.0, 'positive1': 0.0, 'negative2': 0.0, 'positive2': 0.0, 'negative3': None, 'positive3': None, 'negative4': None, 'positive4': None, 'negative5': None, 'positive5': None, 'negative6': None, 'positive6': None}",0.0,bid
2026-09-11,17,2026-09-11T07:00:00Z,2026-09-12T07:44:31Z,T_LKSDB-1,T,Lakeside Energy Storage Ltd,LKSDB-1,"{'negative1': 0.0, 'positive1': 0.0, 'negative2': 0.0, 'positive2': 0.0, 'negative3': None, 'positive3': None, 'negative4': None, 'positive4': None, 'negative5': None, 'positive5': None, 'negative6': None, 'positive6': None}",0.0,bid
2026-09-11,23,2026-09-11T10:00:00Z,2026-09-12T10:45:08Z,T_LKSDB-1,T,Lakeside Energy Storage Ltd,LKSDB-1,"{'negative1': 0.0, 'positive1': 0.0, 'negative2': 0.0, 'positive2': 0.0, 'negative3': None, 'positive3': None, 'negative4': None, 'positive4': None, 'negative5': None, 'positive5': None, 'negative6': None, 'positive6': None}",0.0,bid
2026-09-11,24,2026-09-11T10:30:00Z,2026-09-12T11:15:03Z,T_LKSDB-1,T,Lakeside Energy Storage Ltd,LKSDB-1,"{'negative1': 0.0, 'positive1': 0.0, 'negative2': 0.0, 'positive2': 0.0, 'negative3': None, 'positive3': None, 'negative4': None, 'positive4': None, 'negative5': None, 'positive5': None, 'negative6': None, 'positive6': None}",0.0,bid
2026-09-11,25,2026-09-11T11:00:00Z,2026-09-12T11:44:25Z,T_LKSDB-1,T,Lakeside Energy Storage Ltd,LKSDB-1,"{'negative1': 0.0, 'positive1': 0.0, 'negative2': 0.0, 'positive2': 0.0, 'negative3': None, 'positive3': 0.0, 'negative4': None, 'positive4': None, 'negative5': None, 'positive5': None, 'negative6': None, 'positive6': None}",0.0,bid
2026-09-11,26,2026-09-11T11:30:00Z,2026-09-12T12:14:47Z,T_LKSDB-1,T,Lakeside Energy Storage Ltd,LKSDB-1,"{'negative1': 0.0, 'positive1': 0.0, 'negative2': 0.0, 'positive2': 0.0, 'negative3': None, 'positive3': 0.0, 'negative4': None, 'positive4': None, 'negative5': None, 'positive5': None, 'negative6': None, 'positive6': None}",0.0,bid
2026-09-11,27,2026-09-11T12:00:00Z,2026-09-12T12:44:58Z,T_LKSDB-1,T,Lakeside Energy Storage Ltd,LKSDB-1,"{'negative1': 0.0, 'positive1': 0.0, 'negative2': 0.0, 'positive2': 0.0, 'negative3': None, 'positive3': 0.0, 'negative4': None, 'positive4': None, 'negative5': None, 'positive5': None, 'negative6': None, 'positive6': None}",0.0,bid
2026-09-11,28,2026-09-11T12:30:00Z,2026-09-12T13:14:55Z,T_LKSDB-1,T,Lakeside Energy Storage Ltd,LKSDB-1,"{'negative1': -161.3485298304, 'positive1': 0.0, 'negative2': 0.0, 'positive2': 0.0, 'negative3': None, 'positive3': 0.0, 'negative4': None, 'positive4': None, 'negative5': None, 'positive5': None, 'negative6': None, 'positive6': None}",-161.3485298304,bid
2026-09-11,29,2026-09-11T13:00:00Z,2026-09-12T13:44:27Z,T_LKSDB-1,T,Lakeside Energy Storage Ltd,LKSDB-1,"{'negative1': -1507.97347776, 'positive1': 0.0, 'negative2': 0.0, 'positive2': 0.0, 'negative3': None, 'positive3': 0.0, 'negative4': None, 'positive4': None, 'negative5': None, 'positive5': None, 'negative6': None, 'positive6': None}",-1507.97347776,bid
2026-09-11,30,2026-09-11T13:30:00Z,2026-09-12T14:14:29Z,T_LKSDB-1,T,Lakeside Energy Storage Ltd,LKSDB-1,"{'negative1': -145.06081128, 'positive1': 0.0, 'negative2': 0.0, 'positive2': 0.0, 'negative3': None, 'positive3': 0.0, 'negative4': None, 'positive4': None, 'negative5': None, 'positive5': None, 'negative6': None, 'positive6': None}",-145.06081128,bid
2026-09-11,31,2026-09-11T14:00:00Z,2026-09-12T14:44:31Z,T_LKSDB-1,T,Lakeside Energy Storage Ltd,LKSDB-1,"{'negative1': -25.586877456, 'positive1': 0.0, 'negative2': 0.0, 'positive2': 0.0, 'negative3': None, 'positive3': 0.0, 'negative4': None, 'positive4': None, 'negative5': None, 'positive5': None, 'negative6': None, 'positive6': None}",-25.586877456,bid
2026-09-11,34,2026-09-11T15:30:00Z,2026-09-12T16:14:52Z,T_LKSDB-1,T,Lakeside Energy Storage Ltd,LKSDB-1,"{'negative1': -1.2264150672, 'positive1': 0.0, 'negative2': 0.0, 'positive2': 0.0, 'negative3': None, 'positive3': 0.0, 'negative4': None, 'positive4': None, 'negative5': None, 'positive5': None, 'negative6': None, 'positive6': None}",-1.2264150672,bid
2026-09-11,35,2026-09-11T16:00:00Z,2026-09-12T16:44:30Z,T_LKSDB-1,T,Lakeside Energy Storage Ltd,LKSDB-1,"{'negative1': -214.62263676, 'positive1': 0.0, 'negative2': 0.0, 'positive2': 0.0, 'negative3': None, 'positive3': None, 'negative4': None, 'positive4': None, 'negative5': None, 'positive5': None, 'negative6': None, 'positive6': None}",-214.62263676,bid
2026-09-11,36,2026-09-11T16:30:00Z,2026-09-12T17:14:30Z,T_LKSDB-1,T,Lakeside Energy Storage Ltd,LKSDB-1,"{'negative1': -490.56602688, 'positive1': 0.0, 'negative2': 0.0, 'positive2': 0.0, 'negative3': None, 'positive3': None, 'negative4': None, 'positive4': None, 'negative5': None, 'positive5': None, 'negative6': None, 'positive6': None}",-490.56602688,bid
2026-09-11,37,2026-09-11T17:00:00Z,2026-09-12T17:44:33Z,T_LKSDB-1,T,Lakeside Energy Storage Ltd,LKSDB-1,"{'negative1': -756.586693152, 'positive1': 0.0, 'negative2': 0.0, 'positive2': 0.0, 'negative3': None, 'positive3': None, 'negative4': None, 'positive4': None, 'negative5': None, 'positive5': None, 'negative6': None, 'positive6': None}",-756.586693152,bid
2026-09-11,38,2026-09-11T17:30:00Z,2026-09-12T18:14:32Z,T_LKSDB-1,T,Lakeside Energy Storage Ltd,LKSDB-1,"{'negative1': -3080.94581232, 'positive1': 0.0, 'negative2': 0.0, 'positive2': 0.0, 'negative3': 0.0, 'positive3': None, 'negative4': None, 'positive4': None, 'negative5': None, 'positive5': None, 'negative6': None, 'positive6': None}",-3080.94581232,bid
2026-09-11,39,2026-09-11T18:00:00Z,2026-09-12T18:44:39Z,T_LKSDB-1,T,Lakeside Energy Storage Ltd,LKSDB-1,"{'negative1': -3617.51667624, 'positive1': 0.0, 'negative2': 0.0, 'positive2': 0.0, 'negative3': 0.0, 'positive3': None, 'negative4': None, 'positive4': None, 'negative5': None, 'positive5': None, 'negative6': None, 'positive6': None}",-3617.51667624,bid
2026-09-11,40,2026-09-11T18:30:00Z,2026-09-12T19:14:38Z,T_LKSDB-1,T,Lakeside Energy Storage Ltd,LKSDB-1,"{'negative1': -6750.31069836, 'positive1': 0.0, 'negative2': 0.0, 'positive2': 0.0, 'negative3': 0.0, 'positive3': None, 'negative4': None, 'positive4': None, 'negative5': None, 'positive5': None, 'negative6': None, 'positive6': None}",-6750.31069836,bid
2026-09-11,42,2026-09-11T19:30:00Z,2026-09-12T20:14:34Z,T_LKSDB-1,T,Lakeside Energy Storage Ltd,LKSDB-1,"{'negative1': -4176.5639328, 'positive1': 0.0, 'negative2': 0.0, 'positive2': 0.0, 'negative3': 0.0, 'positive3': None, 'negative4': None, 'positive4': None, 'negative5': None, 'positive5': None, 'negative6': None, 'positive6': None}",-4176.5639328,bid
2026-09-11,43,2026-09-11T20:00:00Z,2026-09-12T20:45:48Z,T_LKSDB-1,T,Lakeside Energy Storage Ltd,LKSDB-1,"{'negative1': -6289.9646544, 'positive1': 0.0, 'negative2': -131.1394752, 'positive2': 0.0, 'negative3': 0.0, 'positive3': None, 'negative4': None, 'positive4': None, 'negative5': None, 'positive5': None, 'negative6': None, 'positive6': None}",-6421.1041296,bid
2026-09-11,44,2026-09-11T20:30:00Z,2026-09-12T21:14:37Z,T_LKSDB-1,T,Lakeside Energy Storage Ltd,LKSDB-1,"{'negative1': -3503.0932297040813, 'positive1': 0.0, 'negative2': -179.43111249560027, 'positive2': 0.0, 'negative3': 0.0, 'positive3': None, 'negative4': None, 'positive4': None, 'negative5': None, 'positive5': None, 'negative6': None, 'positive6': None}",-3682.524342199682,bid
2026-09-11,45,2026-09-11T21:00:00Z,2026-09-12T21:44:37Z,T_LKSDB-1,T,Lakeside Energy Storage Ltd,LKSDB-1,"{'negative1': -2861.619117768, 'positive1': 0.0, 'negative2': 0.0, 'positive2': 0.0, 'negative3': 0.0, 'positive3': None, 'negative4': None, 'positive4': None, 'negative5': None, 'positive5': None, 'negative6': None, 'positive6': None}",-2861.619117768,bid
2026-09-11,46,2026-09-11T21:30:00Z,2026-09-12T22:14:56Z,T_LKSDB-1,T,Lakeside Energy Storage Ltd,LKSDB-1,"{'negative1': -5682.503443824, 'positive1': 0.0, 'negative2': 0.0, 'positive2': 0.0, 'negative3': 0.0, 'positive3': None, 'negative4': None, 'positive4': None, 'negative5': None, 'positive5': None, 'negative6': None, 'positive6': None}",-5682.503443824,bid
2026-09-11,1,2026-09-10T23:00:00Z,2026-09-11T23:44:31Z,T_LKSDB-1,T,Lakeside Energy Storage Ltd,LKSDB-1,"{'negative1': 0.0, 'positive1': 3179.029658112, 'negative2': 0.0, 'positive2': 0.0, 'negative3': None, 'positive3': None, 'negative4': None, 'positive4': None, 'negative5': None, 'positive5': None, 'negative6': None, 'positive6': None}",3179.029658112,offer
2026-09-11,2,2026-09-10T23:30:00Z,2026-09-12T00:15:26Z,T_LKSDB-1,T,Lakeside Energy Storage Ltd,LKSDB-1,"{'negative1': 0.0, 'positive1': 2335.613626368, 'negative2': 0.0, 'positive2': 0.0, 'negative3': None, 'positive3': None, 'negative4': None, 'positive4': None, 'negative5': None, 'positive5': None, 'negative6': None, 'positive6': None}",2335.613626368,offer
2026-09-11,4,2026-09-11T00:30:00Z,2026-09-12T01:14:30Z,T_LKSDB-1,T,Lakeside Energy Storage Ltd,LKSDB-1,"{'negative1': 0.0, 'positive1': 768.63390912, 'negative2': 0.0, 'positive2': 16.9633152, 'negative3': None, 'positive3': 0.0, 'negative4': None, 'positive4': None, 'negative5': None, 'positive5': None, 'negative6': None, 'positive6': None}",785.59722432,offer
2026-09-11,5,2026-09-11T01:00:00Z,2026-09-12T01:44:52Z,T_LKSDB-1,T,Lakeside Energy Storage Ltd,LKSDB-1,"{'negative1': 0.0, 'positive1': 7866.737424, 'negative2': 0.0, 'positive2': 0.0, 'negative3': None, 'positive3': 0.0, 'negative4': None, 'positive4': None, 'negative5': None, 'positive5': None, 'negative6': None, 'positive6': None}",7866.737424,offer
2026-09-11,7,2026-09-11T02:00:00Z,2026-09-12T02:44:31Z,T_LKSDB-1,T,Lakeside Energy Storage Ltd,LKSDB-1,"{'negative1': 0.0, 'positive1': 1550.1860352, 'negative2': 0.0, 'positive2': 0.0, 'negative3': None, 'positive3': 0.0, 'negative4': None, 'positive4': None, 'negative5': None, 'positive5': None, 'negative6': None, 'positive6': None}",1550.1860352,offer
2026-09-11,8,2026-09-11T02:30:00Z,2026-09-12T03:14:36Z,T_LKSDB-1,T,Lakeside Energy Storage Ltd,LKSDB-1,"{'negative1': 0.0, 'positive1': 1143.75152736, 'negative2': 0.0, 'positive2': 0.0, 'negative3': None, 'positive3': 0.0, 'negative4': None, 'positive4': None, 'negative5': None, 'positive5': None, 'negative6': None, 'positive6': None}",1143.75152736,offer
2026-09-11,9,2026-09-11T03:00:00Z,2026-09-12T03:44:33Z,T_LKSDB-1,T,Lakeside Energy Storage Ltd,LKSDB-1,"{'negative1': 0.0, 'positive1': 655.30591488, 'negative2': 0.0, 'positive2': 0.0, 'negative3': None, 'positive3': 0.0, 'negative4': None, 'positive4': None, 'negative5': None, 'positive5': None, 'negative6': None, 'positive6': None}",655.30591488,offer
2026-09-11,10,2026-09-11T03:30:00Z,2026-09-12T04:14:31Z,T_LKSDB-1,T,Lakeside Energy Storage Ltd,LKSDB-1,"{'negative1': 0.0, 'positive1': 6712.334892, 'negative2': 0.0, 'positive2': 0.0, 'negative3': None, 'positive3': None, 'negative4': None, 'positive4': None, 'negative5': None, 'positive5': None, 'negative6': None, 'positive6': None}",6712.334892,offer
2026-09-11,11,2026-09-11T04:00:00Z,2026-09-12T04:44:29Z,T_LKSDB-1,T,Lakeside Energy Storage Ltd,LKSDB-1,"{'negative1': 0.0, 'positive1': 5500.028736, 'negative2': 0.0, 'positive2': 0.0, 'negative3': None, 'positive3': None, 'negative4': None, 'positive4': None, 'negative5': None, 'positive5': None, 'negative6': None, 'positive6': None}",5500.028736,offer
2026-09-11,12,2026-09-11T04:30:00Z,2026-09-12T05:14:28Z,T_LKSDB-1,T,Lakeside Energy Storage Ltd,LKSDB-1,"{'negative1': 0.0, 'positive1': 7339.896, 'negative2': 0.0, 'positive2': 0.0, 'negative3': None, 'positive3': None, 'negative4': None, 'positive4': None, 'negative5': None, 'positive5': None, 'negative6': None, 'positive6': None}",7339.896,offer
2026-09-11,13,2026-09-11T05:00:00Z,2026-09-12T05:44:27Z,T_LKSDB-1,T,Lakeside Energy Storage Ltd,LKSDB-1,"{'negative1': 0.0, 'positive1': 7339.896, 'negative2': 0.0, 'positive2': 0.0, 'negative3': None, 'positive3': None, 'negative4': None, 'positive4': None, 'negative5': None, 'positive5': None, 'negative6': None, 'positive6': None}",7339.896,offer
2026-09-11,14,2026-09-11T05:30:00Z,2026-09-12T06:14:26Z,T_LKSDB-1,T,Lakeside Energy Storage Ltd,LKSDB-1,"{'negative1': 0.0, 'positive1': 4614.347952, 'negative2': 0.0, 'positive2': 0.0, 'negative3': None, 'positive3': None, 'negative4': None, 'positive4': None, 'negative5': None, 'positive5': None, 'negative6': None, 'positive6': None}",4614.347952,offer
2026-09-11,15,2026-09-11T06:00:00Z,2026-09-12T06:44:52Z,T_LKSDB-1,T,Lakeside Energy Storage Ltd,LKSDB-1,"{'negative1': 0.0, 'positive1': 457.8886467792, 'negative2': 0.0, 'positive2': 0.0, 'negative3': None, 'positive3': None, 'negative4': None, 'positive4': None, 'negative5': None, 'positive5': None, 'negative6': None, 'positive6': None}",457.8886467792,offer
2026-09-11,16,2026-09-11T06:30:00Z,2026-09-12T07:14:29Z,T_LKSDB-1,T,Lakeside Energy Storage Ltd,LKSDB-1,"{'negative1': 0.0, 'positive1': 162.6930356688, 'negative2': 0.0, 'positive2': 0.0, 'negative3': None, 'positive3': None, 'negative4': None, 'positive4': None, 'negative5': None, 'positive5': None, 'negative6': None, 'positive6': None}",162.6930356688,offer
2026-09-11,17,2026-09-11T07:00:00Z,2026-09-12T07:44:31Z,T_LKSDB-1,T,Lakeside Energy Storage Ltd,LKSDB-1,"{'negative1': 0.0, 'positive1': 30.1904602272, 'negative2': 0.0, 'positive2': 0.0, 'negative3': None, 'positive3': None, 'negative4': None, 'positive4': None, 'negative5': None, 'positive5': None, 'negative6': None, 'positive6': None}",30.1904602272,offer
2026-09-11,23,2026-09-11T10:00:00Z,2026-09-12T10:45:08Z,T_LKSDB-1,T,Lakeside Energy Storage Ltd,LKSDB-1,"{'negative1': 0.0, 'positive1': 108.467352, 'negative2': 0.0, 'positive2': 0.0, 'negative3': None, 'positive3': None, 'negative4': None, 'positive4': None, 'negative5': None, 'positive5': None, 'negative6': None, 'positive6': None}",108.467352,offer
2026-09-11,24,2026-09-11T10:30:00Z,2026-09-12T11:15:03Z,T_LKSDB-1,T,Lakeside Energy Storage Ltd,LKSDB-1,"{'negative1': 0.0, 'positive1': 356.392728, 'negative2': 0.0, 'positive2': 0.0, 'negative3': None, 'positive3': None, 'negative4': None, 'positive4': None, 'negative5': None, 'positive5': None, 'negative6': None, 'positive6': None}",356.392728,offer
2026-09-11,25,2026-09-11T11:00:00Z,2026-09-12T11:44:25Z,T_LKSDB-1,T,Lakeside Energy Storage Ltd,LKSDB-1,"{'negative1': 0.0, 'positive1': 3599.74597248, 'negative2': 0.0, 'positive2': 315.1399027392, 'negative3': None, 'positive3': 0.0, 'negative4': None, 'positive4': None, 'negative5': None, 'positive5': None, 'negative6': None, 'positive6': None}",3914.8858752192,offer
2026-09-11,26,2026-09-11T11:30:00Z,2026-09-12T12:14:47Z,T_LKSDB-1,T,Lakeside Energy Storage Ltd,LKSDB-1,"{'negative1': 0.0, 'positive1': 4386.811176, 'negative2': 0.0, 'positive2': 408.827313936, 'negative3': None, 'positive3': 0.0, 'negative4': None, 'positive4': None, 'negative5': None, 'positive5': None, 'negative6': None, 'positive6': None}",4795.638489936,offer
2026-09-11,27,2026-09-11T12:00:00Z,2026-09-12T12:44:58Z,T_LKSDB-1,T,Lakeside Energy Storage Ltd,LKSDB-1,"{'negative1': 0.0, 'positive1': 3865.331138256, 'negative2': 0.0, 'positive2': 5.402163456, 'negative3': None, 'positive3': 0.0, 'negative4': None, 'positive4': None, 'negative5': None, 'positive5': None, 'negative6': None, 'positive6': None}",3870.733301712,offer
2026-09-11,28,2026-09-11T12:30:00Z,2026-09-12T13:14:55Z,T_LKSDB-1,T,Lakeside Energy Storage Ltd,LKSDB-1,"{'negative1': 0.0, 'positive1': 0.0, 'negative2': 0.0, 'positive2': 0.0, 'negative3': None, 'positive3': 0.0, 'negative4': None, 'positive4': None, 'negative5': None, 'positive5': None, 'negative6': None, 'positive6': None}",0.0,offer
2026-09-11,29,2026-09-11T13:00:00Z,2026-09-12T13:44:27Z,T_LKSDB-1,T,Lakeside Energy Storage Ltd,LKSDB-1,"{'negative1': 0.0, 'positive1': 0.0, 'negative2': 0.0, 'positive2': 0.0, 'negative3': None, 'positive3': 0.0, 'negative4': None, 'positive4': None, 'negative5': None, 'positive5': None, 'negative6': None, 'positive6': None}",0.0,offer
2026-09-11,30,2026-09-11T13:30:00Z,2026-09-12T14:14:29Z,T_LKSDB-1,T,Lakeside Energy Storage Ltd,LKSDB-1,"{'negative1': 0.0, 'positive1': 0.0, 'negative2': 0.0, 'positive2': 0.0, 'negative3': None, 'positive3': 0.0, 'negative4': None, 'positive4': None, 'negative5': None, 'positive5': None, 'negative6': None, 'positive6': None}",0.0,offer
2026-09-11,31,2026-09-11T14:00:00Z,2026-09-12T14:44:31Z,T_LKSDB-1,T,Lakeside Energy Storage Ltd,LKSDB-1,"{'negative1': 0.0, 'positive1': 0.0, 'negative2': 0.0, 'positive2': 0.0, 'negative3': None, 'positive3': 0.0, 'negative4': None, 'positive4': None, 'negative5': None, 'positive5': None, 'negative6': None, 'positive6': None}",0.0,offer
2026-09-11,34,2026-09-11T15:30:00Z,2026-09-12T16:14:52Z,T_LKSDB-1,T,Lakeside Energy Storage Ltd,LKSDB-1,"{'negative1': 0.0, 'positive1': 0.0, 'negative2': 0.0, 'positive2': 0.0, 'negative3': None, 'positive3': 0.0, 'negative4': None, 'positive4': None, 'negative5': None, 'positive5': None, 'negative6': None, 'positive6': None}",0.0,offer
2026-09-11,35,2026-09-11T16:00:00Z,2026-09-12T16:44:30Z,T_LKSDB-1,T,Lakeside Energy Storage Ltd,LKSDB-1,"{'negative1': 19.63829952, 'positive1': 282.791513088, 'negative2': 0.0, 'positive2': 0.0, 'negative3': None, 'positive3': None, 'negative4': None, 'positive4': None, 'negative5': None, 'positive5': None, 'negative6': None, 'positive6': None}",302.429812608,offer
2026-09-11,36,2026-09-11T16:30:00Z,2026-09-12T17:14:30Z,T_LKSDB-1,T,Lakeside Energy Storage Ltd,LKSDB-1,"{'negative1': 0.0, 'positive1': 0.0, 'negative2': 0.0, 'positive2': 0.0, 'negative3': None, 'positive3': None, 'negative4': None, 'positive4': None, 'negative5': None, 'positive5': None, 'negative6': None, 'positive6': None}",0.0,offer
2026-09-11,37,2026-09-11T17:00:00Z,2026-09-12T17:44:33Z,T_LKSDB-1,T,Lakeside Energy Storage Ltd,LKSDB-1,"{'negative1': 0.0, 'positive1': 0.0, 'negative2': 0.0, 'positive2': 0.0, 'negative3': None, 'positive3': None, 'negative4': None, 'positive4': None, 'negative5': None, 'positive5': None, 'negative6': None, 'positive6': None}",0.0,offer
2026-09-11,38,2026-09-11T17:30:00Z,2026-09-12T18:14:32Z,T_LKSDB-1,T,Lakeside Energy Storage Ltd,LKSDB-1,"{'negative1': 0.0, 'positive1': 0.0, 'negative2': 0.0, 'positive2': 0.0, 'negative3': 0.0, 'positive3': None, 'negative4': None, 'positive4': None, 'negative5': None, 'positive5': None, 'negative6': None, 'positive6': None}",0.0,offer
2026-09-11,39,2026-09-11T18:00:00Z,2026-09-12T18:44:39Z,T_LKSDB-1,T,Lakeside Energy Storage Ltd,LKSDB-1,"{'negative1': 0.0, 'positive1': 0.0, 'negative2': 0.0, 'positive2': 0.0, 'negative3': 0.0, 'positive3': None, 'negative4': None, 'positive4': None, 'negative5': None, 'positive5': None, 'negative6': None, 'positive6': None}",0.0,offer
2026-09-11,40,2026-09-11T18:30:00Z,2026-09-12T19:14:38Z,T_LKSDB-1,T,Lakeside Energy Storage Ltd,LKSDB-1,"{'negative1': 0.0, 'positive1': 0.0, 'negative2': 0.0, 'positive2': 0.0, 'negative3': 0.0, 'positive3': None, 'negative4': None, 'positive4': None, 'negative5': None, 'positive5': None, 'negative6': None, 'positive6': None}",0.0,offer
2026-09-11,42,2026-09-11T19:30:00Z,2026-09-12T20:14:34Z,T_LKSDB-1,T,Lakeside Energy Storage Ltd,LKSDB-1,"{'negative1': 0.0, 'positive1': 0.0, 'negative2': 0.0, 'positive2': 0.0, 'negative3': 0.0, 'positive3': None, 'negative4': None, 'positive4': None, 'negative5': None, 'positive5': None, 'negative6': None, 'positive6': None}",0.0,offer
2026-09-11,43,2026-09-11T20:00:00Z,2026-09-12T20:45:48Z,T_LKSDB-1,T,Lakeside Energy Storage Ltd,LKSDB-1,"{'negative1': 0.0, 'positive1': 0.0, 'negative2': 0.0, 'positive2': 0.0, 'negative3': 0.0, 'positive3': None, 'negative4': None, 'positive4': None, 'negative5': None, 'positive5': None, 'negative6': None, 'positive6': None}",0.0,offer
2026-09-11,44,2026-09-11T20:30:00Z,2026-09-12T21:14:37Z,T_LKSDB-1,T,Lakeside Energy Storage Ltd,LKSDB-1,"{'negative1': 0.0, 'positive1': 0.0, 'negative2': 0.0, 'positive2': 0.0, 'negative3': 0.0, 'positive3': None, 'negative4': None, 'positive4': None, 'negative5': None, 'positive5': None, 'negative6': None, 'positive6': None}",0.0,offer
2026-09-11,45,2026-09-11T21:00:00Z,2026-09-12T21:44:37Z,T_LKSDB-1,T,Lakeside Energy Storage Ltd,LKSDB-1,"{'negative1': 0.0, 'positive1': 0.0, 'negative2': 0.0, 'positive2': 0.0, 'negative3': 0.0, 'positive3': None, 'negative4': None, 'positive4': None, 'negative5': None, 'positive5': None, 'negative6': None, 'positive6': None}",0.0,offer
2026-09-11,46,2026-09-11T21:30:00Z,2026-09-12T22:14:56Z,T_LKSDB-1,T,Lakeside Energy Storage Ltd,LKSDB-1,"{'negative1': 0.0, 'positive1': 0.0, 'negative2': 0.0, 'positive2': 0.0, 'negative3': 0.0, 'positive3': None, 'negative4': None, 'positive4': None, 'negative5': None, 'positive5': None, 'negative6': None, 'positive6': None}",0.0,offer
2026-09-12,1,2026-09-11T23:00:00Z,2026-09-12T23:44:33Z,T_LKSDB-1,T,Lakeside Energy Storage Ltd,LKSDB-1,"{'negative1': 0.0, 'positive1': 0.0, 'negative2': 0.0, 'positive2': 0.0, 'negative3': 0.0, 'positive3': None, 'negative4': None, 'positive4': None, 'negative5': None, 'positive5': None, 'negative6': None, 'positive6': None}",0.0,bid
2026-09-12,2,2026-09-11T23:30:00Z,2026-09-13T00:14:33Z,T_LKSDB-1,T,Lakeside Energy Storage Ltd,LKSDB-1,"{'negative1': 0.0, 'positive1': 0.0, 'negative2': 0.0, 'positive2': 0.0, 'negative3': 0.0, 'positive3': None, 'negative4': None, 'positive4': None, 'negative5': None, 'positive5': None, 'negative6': None, 'positive6': None}",0.0,bid
2026-09-12,3,2026-09-12T00:00:00Z,2026-09-13T00:44:32Z,T_LKSDB-1,T,Lakeside Energy Storage Ltd,LKSDB-1,"{'negative1': 0.0, 'positive1': 0.0, 'negative2': 0.0, 'positive2': 0.0, 'negative3': 0.0, 'positive3': None, 'negative4': None, 'positive4': None, 'negative5': None, 'positive5': None, 'negative6': None, 'positive6': None}",0.0,bid
2026-09-12,4,2026-09-12T00:30:00Z,2026-09-13T01:14:38Z,T_LKSDB-1,T,Lakeside Energy Storage Ltd,LKSDB-1,"{'negative1': 0.0, 'positive1': 0.0, 'negative2': 0.0, 'positive2': 0.0, 'negative3': 0.0, 'positive3': None, 'negative4': None, 'positive4': None, 'negative5': None, 'positive5': None, 'negative6': None, 'positive6': None}",0.0,bid
2026-09-12,5,2026-09-12T01:00:00Z,2026-09-13T01:45:13Z,T_LKSDB-1,T,Lakeside Energy Storage Ltd,LKSDB-1,"{'negative1': 0.0, 'positive1': 0.0, 'negative2': 0.0, 'positive2': 0.0, 'negative3': 0.0, 'positive3': None, 'negative4': None, 'positive4': None, 'negative5': None, 'positive5': None, 'negative6': None, 'positive6': None}",0.0,bid
2026-09-12,14,2026-09-12T05:30:00Z,2026-09-13T06:15:07Z,T_LKSDB-1,T,Lakeside Energy Storage Ltd,LKSDB-1,"{'negative1': -1239.6296528496, 'positive1': 0.0, 'negative2': 0.0, 'positive2': 0.0, 'negative3': None, 'positive3': None, 'negative4': None, 'positive4': None, 'negative5': None, 'positive5': None, 'negative6': None, 'positive6': None}",-1239.6296528496,bid
2026-09-12,15,2026-09-12T06:00:00Z,2026-09-13T06:44:31Z,T_LKSDB-1,T,Lakeside Energy Storage Ltd,LKSDB-1,"{'negative1': 0.0, 'positive1': 0.0, 'negative2': 0.0, 'positive2': 0.0, 'negative3': None, 'positive3': None, 'negative4': None, 'positive4': None, 'negative5': None, 'positive5': None, 'negative6': None, 'positive6': None}",0.0,bid
2026-09-12,16,2026-09-12T06:30:00Z,2026-09-13T07:14:35Z,T_LKSDB-1,T,Lakeside Energy Storage Ltd,LKSDB-1,"{'negative1': 0.0, 'positive1': 0.0, 'negative2': 0.0, 'positive2': 0.0, 'negative3': 0.0, 'positive3': None, 'negative4': None, 'positive4': None, 'negative5': None, 'positive5': None, 'negative6': None, 'positive6': None}",0.0,bid
2026-09-12,17,2026-09-12T07:00:00Z,2026-09-13T07:44:29Z,T_LKSDB-1,T,Lakeside Energy Storage Ltd,LKSDB-1,"{'negative1': 0.0, 'positive1': 0.0, 'negative2': 0.0, 'positive2': 0.0, 'negative3': 0.0, 'positive3': None, 'negative4': None, 'positive4': None, 'negative5': None, 'positive5': None, 'negative6': None, 'positive6': None}",0.0,bid
2026-09-12,23,2026-09-12T10:00:00Z,2026-09-13T10:44:26Z,T_LKSDB-1,T,Lakeside Energy Storage Ltd,LKSDB-1,"{'negative1': 0.0, 'positive1': 0.0, 'negative2': 0.0, 'positive2': 0.0, 'negative3': None, 'positive3': 0.0, 'negative4': None, 'positive4': None, 'negative5': None, 'positive5': None, 'negative6': None, 'positive6': None}",0.0,bid
2026-09-12,24,2026-09-12T10:30:00Z,2026-09-13T11:14:31Z,T_LKSDB-1,T,Lakeside Energy Storage Ltd,LKSDB-1,"{'negative1': 0.0, 'positive1': 0.0, 'negative2': 0.0, 'positive2': 0.0, 'negative3': None, 'positive3': 0.0, 'negative4': None, 'positive4': None, 'negative5': None, 'positive5': None, 'negative6': None, 'positive6': None}",0.0,bid
2026-09-12,25,2026-09-12T11:00:00Z,2026-09-13T11:44:50Z,T_LKSDB-1,T,Lakeside Energy Storage Ltd,LKSDB-1,"{'negative1': 0.0, 'positive1': 0.0, 'negative2': 0.0, 'positive2': 0.0, 'negative3': None, 'positive3': 0.0, 'negative4': None, 'positive4': None, 'negative5': None, 'positive5': None, 'negative6': None, 'positive6': None}",0.0,bid
2026-09-12,26,2026-09-12T11:30:00Z,2026-09-13T12:14:37Z,T_LKSDB-1,T,Lakeside Energy Storage Ltd,LKSDB-1,"{'negative1': 0.0, 'positive1': 0.0, 'negative2': 0.0, 'positive2': 0.0, 'negative3': None, 'positive3': 0.0, 'negative4': None, 'positive4': None, 'negative5': None, 'positive5': None, 'negative6': None, 'positive6': None}",0.0,bid
2026-09-12,27,2026-09-12T12:00:00Z,2026-09-13T12:44:30Z,T_LKSDB-1,T,Lakeside Energy Storage Ltd,LKSDB-1,"{'negative1': 0.0, 'positive1': 23.4700514496, 'negative2': 0.0, 'positive2': 0.0, 'negative3': None, 'positive3': 0.0, 'negative4': None, 'positive4': None, 'negative5': None, 'positive5': None, 'negative6': None, 'positive6': None}",23.4700514496,bid
2026-09-12,31,2026-09-12T14:00:00Z,2026-09-13T14:44:44Z,T_LKSDB-1,T,Lakeside Energy Storage Ltd,LKSDB-1,"{'negative1': 560.0751682176, 'positive1': 0.0, 'negative2': 0.0, 'positive2': 0.0, 'negative3': None, 'positive3': 0.0, 'negative4': None, 'positive4': None, 'negative5': None, 'positive5': None, 'negative6': None, 'positive6': None}",560.0751682176,bid
2026-09-12,34,2026-09-12T15:30:00Z,2026-09-13T16:14:38Z,T_LKSDB-1,T,Lakeside Energy Storage Ltd,LKSDB-1,"{'negative1': 0.0, 'positive1': 0.0, 'negative2': 0.0, 'positive2': 0.0, 'negative3': None, 'positive3': None, 'negative4': None, 'positive4': None, 'negative5': None, 'positive5': None, 'negative6': None, 'positive6': None}",0.0,bid
2026-09-12,35,2026-09-12T16:00:00Z,2026-09-13T16:44:31Z,T_LKSDB-1,T,Lakeside Energy Storage Ltd,LKSDB-1,"{'negative1': 0.0, 'positive1': 0.0, 'negative2': 0.0, 'positive2': 0.0, 'negative3': None, 'positive3': None, 'negative4': None, 'positive4': None, 'negative5': None, 'positive5': None, 'negative6': None, 'positive6': None}",0.0,bid
2026-09-12,36,2026-09-12T16:30:00Z,2026-09-13T17:14:57Z,T_LKSDB-1,T,Lakeside Energy Storage Ltd,LKSDB-1,"{'negative1': 0.0, 'positive1': 0.0, 'negative2': 0.0, 'positive2': 0.0, 'negative3': None, 'positive3': None, 'negative4': None, 'positive4': None, 'negative5': None, 'positive5': None, 'negative6': None, 'positive6': None}",0.0,bid
2026-09-12,37,2026-09-12T17:00:00Z,2026-09-13T17:44:29Z,T_LKSDB-1,T,Lakeside Energy Storage Ltd,LKSDB-1,"{'negative1': 0.0, 'positive1': 0.0, 'negative2': 0.0, 'positive2': 0.0, 'negative3': None, 'positive3': None, 'negative4': None, 'positive4': None, 'negative5': None, 'positive5': None, 'negative6': None, 'positive6': None}",0.0,bid
2026-09-12,38,2026-09-12T17:30:00Z,2026-09-13T18:14:33Z,T_LKSDB-1,T,Lakeside Energy Storage Ltd,LKSDB-1,"{'negative1': 0.0, 'positive1': 0.0, 'negative2': 0.0, 'positive2': 0.0, 'negative3': None, 'positive3': None, 'negative4': None, 'positive4': None, 'negative5': None, 'positive5': None, 'negative6': None, 'positive6': None}",0.0,bid
2026-09-12,39,2026-09-12T18:00:00Z,2026-09-13T18:44:28Z,T_LKSDB-1,T,Lakeside Energy Storage Ltd,LKSDB-1,"{'negative1': 0.0, 'positive1': 0.0, 'negative2': 0.0, 'positive2': 0.0, 'negative3': None, 'positive3': None, 'negative4': None, 'positive4': None, 'negative5': None, 'positive5': None, 'negative6': None, 'positive6': None}",0.0,bid
2026-09-12,40,2026-09-12T18:30:00Z,2026-09-13T19:14:34Z,T_LKSDB-1,T,Lakeside Energy Storage Ltd,LKSDB-1,"{'negative1': 0.0, 'positive1': 0.0, 'negative2': 0.0, 'positive2': 0.0, 'negative3': None, 'positive3': None, 'negative4': None, 'positive4': None, 'negative5': None, 'positive5': None, 'negative6': None, 'positive6': None}",0.0,bid
2026-09-12,46,2026-09-12T21:30:00Z,2026-09-13T22:14:35Z,T_LKSDB-1,T,Lakeside Energy Storage Ltd,LKSDB-1,"{'negative1': -331.4303941392, 'positive1': 0.0, 'negative2': 0.0, 'positive2': 0.0, 'negative3': None, 'positive3': 0.0, 'negative4': None, 'positive4': None, 'negative5': None, 'positive5': None, 'negative6': None, 'positive6': None}",-331.4303941392,bid
2026-09-12,47,2026-09-12T22:00:00Z,2026-09-13T22:45:01Z,T_LKSDB-1,T,Lakeside Energy Storage Ltd,LKSDB-1,"{'negative1': -5285.431381104, 'positive1': 0.0, 'negative2': 0.0, 'positive2': 0.0, 'negative3': None, 'positive3': None, 'negative4': None, 'positive4': None, 'negative5': None, 'positive5': None, 'negative6': None, 'positive6': None}",-5285.431381104,bid
2026-09-12,48,2026-09-12T22:30:00Z,2026-09-13T23:14:41Z,T_LKSDB-1,T,Lakeside Energy Storage Ltd,LKSDB-1,"{'negative1': -5428.9540764, 'positive1': 0.0, 'negative2': 0.0, 'positive2': 0.0, 'negative3': None, 'positive3': None, 'negative4': None, 'positive4': None, 'negative5': None, 'positive5': None, 'negative6': None, 'positive6': None}",-5428.9540764,bid
2026-09-12,1,2026-09-11T23:00:00Z,2026-09-12T23:44:33Z,T_LKSDB-1,T,Lakeside Energy Storage Ltd,LKSDB-1,"{'negative1': 0.0, 'positive1': 4.6084760352, 'negative2': 0.0, 'positive2': 0.0, 'negative3': 0.0, 'positive3': None, 'negative4': None, 'positive4': None, 'negative5': None, 'positive5': None, 'negative6': None, 'positive6': None}",4.6084760352,offer
2026-09-12,2,2026-09-11T23:30:00Z,2026-09-13T00:14:33Z,T_LKSDB-1,T,Lakeside Energy Storage Ltd,LKSDB-1,"{'negative1': 0.0, 'positive1': 4.6084760352, 'negative2': 0.0, 'positive2': 0.0, 'negative3': 0.0, 'positive3': None, 'negative4': None, 'positive4': None, 'negative5': None, 'positive5': None, 'negative6': None, 'positive6': None}",4.6084760352,offer
2026-09-12,3,2026-09-12T00:00:00Z,2026-09-13T00:44:32Z,T_LKSDB-1,T,Lakeside Energy Storage Ltd,LKSDB-1,"{'negative1': 0.0, 'positive1': 78.03124992, 'negative2': 0.0, 'positive2': 0.0, 'negative3': 0.0, 'positive3': None, 'negative4': None, 'positive4': None, 'negative5': None, 'positive5': None, 'negative6': None, 'positive6': None}",78.03124992,offer
2026-09-12,4,2026-09-12T00:30:00Z,2026-09-13T01:14:38Z,T_LKSDB-1,T,Lakeside Energy Storage Ltd,LKSDB-1,"{'negative1': 0.0, 'positive1': 222.08894208, 'negative2': 0.0, 'positive2': 0.0, 'negative3': 0.0, 'positive3': None, 'negative4': None, 'positive4': None, 'negative5': None, 'positive5': None, 'negative6': None, 'positive6': None}",222.08894208,offer
2026-09-12,5,2026-09-12T01:00:00Z,2026-09-13T01:45:13Z,T_LKSDB-1,T,Lakeside Energy Storage Ltd,LKSDB-1,"{'negative1': 0.0, 'positive1': 5.8047159744, 'negative2': 0.0, 'positive2': 0.0, 'negative3': 0.0, 'positive3': None, 'negative4': None, 'positive4': None, 'negative5': None, 'positive5': None, 'negative6': None, 'positive6': None}",5.8047159744,offer
2026-09-12,14,2026-09-12T05:30:00Z,2026-09-13T06:15:07Z,T_LKSDB-1,T,Lakeside Energy Storage Ltd,LKSDB-1,"{'negative1': 0.0, 'positive1': 248.2012745352, 'negative2': 0.0, 'positive2': 0.0, 'negative3': None, 'positive3': None, 'negative4': None, 'positive4': None, 'negative5': None, 'positive5': None, 'negative6': None, 'positive6': None}",248.2012745352,offer
2026-09-12,15,2026-09-12T06:00:00Z,2026-09-13T06:44:31Z,T_LKSDB-1,T,Lakeside Energy Storage Ltd,LKSDB-1,"{'negative1': 0.0, 'positive1': 53.956798812, 'negative2': 0.0, 'positive2': 0.0, 'negative3': None, 'positive3': None, 'negative4': None, 'positive4': None, 'negative5': None, 'positive5': None, 'negative6': None, 'positive6': None}",53.956798812,offer
2026-09-12,16,2026-09-12T06:30:00Z,2026-09-13T07:14:35Z,T_LKSDB-1,T,Lakeside Energy Storage Ltd,LKSDB-1,"{'negative1': 0.0, 'positive1': 230.798952, 'negative2': 0.0, 'positive2': 0.0, 'negative3': 0.0, 'positive3': None, 'negative4': None, 'positive4': None, 'negative5': None, 'positive5': None, 'negative6': None, 'positive6': None}",230.798952,offer
2026-09-12,17,2026-09-12T07:00:00Z,2026-09-13T07:44:29Z,T_LKSDB-1,T,Lakeside Energy Storage Ltd,LKSDB-1,"{'negative1': 0.0, 'positive1': 38.330568, 'negative2': 0.0, 'positive2': 0.0, 'negative3': 0.0, 'positive3': None, 'negative4': None, 'positive4': None, 'negative5': None, 'positive5': None, 'negative6': None, 'positive6': None}",38.330568,offer
2026-09-12,23,2026-09-12T10:00:00Z,2026-09-13T10:44:26Z,T_LKSDB-1,T,Lakeside Energy Storage Ltd,LKSDB-1,"{'negative1': 0.0, 'positive1': 2698.88791464, 'negative2': 0.0, 'positive2': 0.0, 'negative3': None, 'positive3': 0.0, 'negative4': None, 'positive4': None, 'negative5': None, 'positive5': None, 'negative6': None, 'positive6': None}",2698.88791464,offer
2026-09-12,24,2026-09-12T10:30:00Z,2026-09-13T11:14:31Z,T_LKSDB-1,T,Lakeside Energy Storage Ltd,LKSDB-1,"{'negative1': 0.0, 'positive1': 2766.666145392, 'negative2': 0.0, 'positive2': 0.0, 'negative3': None, 'positive3': 0.0, 'negative4': None, 'positive4': None, 'negative5': None, 'positive5': None, 'negative6': None, 'positive6': None}",2766.666145392,offer
2026-09-12,25,2026-09-12T11:00:00Z,2026-09-13T11:44:50Z,T_LKSDB-1,T,Lakeside Energy Storage Ltd,LKSDB-1,"{'negative1': 0.0, 'positive1': 2650.695788592, 'negative2': 0.0, 'positive2': 0.0, 'negative3': None, 'positive3': 0.0, 'negative4': None, 'positive4': None, 'negative5': None, 'positive5': None, 'negative6': None, 'positive6': None}",2650.695788592,offer
2026-09-12,26,2026-09-12T11:30:00Z,2026-09-13T12:14:37Z,T_LKSDB-1,T,Lakeside Energy Storage Ltd,LKSDB-1,"{'negative1': 0.0, 'positive1': 3458.0963370888, 'negative2': 0.0, 'positive2': 0.0, 'negative3': None, 'positive3': 0.0, 'negative4': None, 'positive4': None, 'negative5': None, 'positive5': None, 'negative6': None, 'positive6': None}",3458.0963370888,offer
2026-09-12,27,2026-09-12T12:00:00Z,2026-09-13T12:44:30Z,T_LKSDB-1,T,Lakeside Energy Storage Ltd,LKSDB-1,"{'negative1': 0.0, 'positive1': 1934.4706942176, 'negative2': 0.0, 'positive2': 0.0, 'negative3': None, 'positive3': 0.0, 'negative4': None, 'positive4': None, 'negative5': None, 'positive5': None, 'negative6': None, 'positive6': None}",1934.4706942176,offer
2026-09-12,31,2026-09-12T14:00:00Z,2026-09-13T14:44:44Z,T_LKSDB-1,T,Lakeside Energy Storage Ltd,LKSDB-1,"{'negative1': 0.0, 'positive1': 0.0, 'negative2': 0.0, 'positive2': 0.0, 'negative3': None, 'positive3': 0.0, 'negative4': None, 'positive4': None, 'negative5': None, 'positive5': None, 'negative6': None, 'positive6': None}",0.0,offer
2026-09-12,34,2026-09-12T15:30:00Z,2026-09-13T16:14:38Z,T_LKSDB-1,T,Lakeside Energy Storage Ltd,LKSDB-1,"{'negative1': 0.0, 'positive1': 5713.6279465944, 'negative2': 0.0, 'positive2': 0.0, 'negative3': None, 'positive3': None, 'negative4': None, 'positive4': None, 'negative5': None, 'positive5': None, 'negative6': None, 'positive6': None}",5713.6279465944,offer
2026-09-12,35,2026-09-12T16:00:00Z,2026-09-13T16:44:31Z,T_LKSDB-1,T,Lakeside Energy Storage Ltd,LKSDB-1,"{'negative1': 0.0, 'positive1': 9333.5130441648, 'negative2': 0.0, 'positive2': 0.0, 'negative3': None, 'positive3': None, 'negative4': None, 'positive4': None, 'negative5': None, 'positive5': None, 'negative6': None, 'positive6': None}",9333.5130441648,offer
2026-09-12,36,2026-09-12T16:30:00Z,2026-09-13T17:14:57Z,T_LKSDB-1,T,Lakeside Energy Storage Ltd,LKSDB-1,"{'negative1': 0.0, 'positive1': 9716.275408752, 'negative2': 0.0, 'positive2': 0.0, 'negative3': None, 'positive3': None, 'negative4': None, 'positive4': None, 'negative5': None, 'positive5': None, 'negative6': None, 'positive6': None}",9716.275408752,offer
2026-09-12,37,2026-09-12T17:00:00Z,2026-09-13T17:44:29Z,T_LKSDB-1,T,Lakeside Energy Storage Ltd,LKSDB-1,"{'negative1': 0.0, 'positive1': 10030.6967356728, 'negative2': 0.0, 'positive2': 0.0, 'negative3': None, 'positive3': None, 'negative4': None, 'positive4': None, 'negative5': None, 'positive5': None, 'negative6': None, 'positive6': None}",10030.6967356728,offer
2026-09-12,38,2026-09-12T17:30:00Z,2026-09-13T18:14:33Z,T_LKSDB-1,T,Lakeside Energy Storage Ltd,LKSDB-1,"{'negative1': 0.0, 'positive1': 1068.5141680752, 'negative2': 0.0, 'positive2': 0.0, 'negative3': None, 'positive3': None, 'negative4': None, 'positive4': None, 'negative5': None, 'positive5': None, 'negative6': None, 'positive6': None}",1068.5141680752,offer
2026-09-12,39,2026-09-12T18:00:00Z,2026-09-13T18:44:28Z,T_LKSDB-1,T,Lakeside Energy Storage Ltd,LKSDB-1,"{'negative1': 0.0, 'positive1': 287.815264128, 'negative2': 0.0, 'positive2': 0.0, 'negative3': None, 'positive3': None, 'negative4': None, 'positive4': None, 'negative5': None, 'positive5': None, 'negative6': None, 'positive6': None}",287.815264128,offer
2026-09-12,40,2026-09-12T18:30:00Z,2026-09-13T19:14:34Z,T_LKSDB-1,T,Lakeside Energy Storage Ltd,LKSDB-1,"{'negative1': 0.0, 'positive1': 244.6429745088, 'negative2': 0.0, 'positive2': 0.0, 'negative3': None, 'positive3': None, 'negative4': None, 'positive4': None, 'negative5': None, 'positive5': None, 'negative6': None, 'positive6': None}",244.6429745088,offer
2026-09-12,46,2026-09-12T21:30:00Z,2026-09-13T22:14:35Z,T_LKSDB-1,T,Lakeside Energy Storage Ltd,LKSDB-1,"{'negative1': 0.0, 'positive1': 0.0, 'negative2': 0.0, 'positive2': 0.0, 'negative3': None, 'positive3': 0.0, 'negative4': None, 'positive4': None, 'negative5': None, 'positive5': None, 'negative6': None, 'positive6': None}",0.0,offer
2026-09-12,47,2026-09-12T22:00:00Z,2026-09-13T22:45:01Z,T_LKSDB-1,T,Lakeside Energy Storage Ltd,LKSDB-1,"{'negative1': 0.0, 'positive1': 0.0, 'negative2': 0.0, 'positive2': 0.0, 'negative3': None, 'positive3': None, 'negative4': None, 'positive4': None, 'negative5': None, 'positive5': None, 'negative6': None, 'positive6': None}",0.0,offer
2026-09-12,48,2026-09-12T22:30:00Z,2026-09-13T23:14:41Z,T_LKSDB-1,T,Lakeside Energy Storage Ltd,LKSDB-1,"{'negative1': 0.0, 'positive1': 0.0, 'negative2': 0.0, 'positive2': 0.0, 'negative3': None, 'positive3': None, 'negative4': None, 'positive4': None, 'negative5': None, 'positive5': None, 'negative6': None, 'positive6': None}",0.0,offer
2026-09-13,1,2026-09-12T23:00:00Z,2026-09-13T23:44:39Z,T_LKSDB-1,T,Lakeside Energy Storage Ltd,LKSDB-1,"{'negative1': -5428.9540764, 'positive1': 0.0, 'negative2': 0.0, 'positive2': 0.0, 'negative3': None, 'positive3': None, 'negative4': None, 'positive4': None, 'negative5': None, 'positive5': None, 'negative6': None, 'positive6': None}",-5428.9540764,bid
2026-09-13,2,2026-09-12T23:30:00Z,2026-09-14T00:15:19Z,T_LKSDB-1,T,Lakeside Energy Storage Ltd,LKSDB-1,"{'negative1': -3922.1177116392, 'positive1': 0.0, 'negative2': 0.0, 'positive2': 0.0, 'negative3': None, 'positive3': None, 'negative4': None, 'positive4': None, 'negative5': None, 'positive5': None, 'negative6': None, 'positive6': None}",-3922.1177116392,bid
2026-09-13,3,2026-09-13T00:00:00Z,2026-09-14T00:44:35Z,T_LKSDB-1,T,Lakeside Energy Storage Ltd,LKSDB-1,"{'negative1': -229.222505448, 'positive1': 0.0, 'negative2': 0.0, 'positive2': 0.0, 'negative3': None, 'positive3': None, 'negative4': None, 'positive4': None, 'negative5': None, 'positive5': None, 'negative6': None, 'positive6': None}",-229.222505448,bid
2026-09-13,4,2026-09-13T00:30:00Z,2026-09-14T01:14:38Z,T_LKSDB-1,T,Lakeside Energy Storage Ltd,LKSDB-1,"{'negative1': -2294.6379229584, 'positive1': 0.0, 'negative2': 0.0, 'positive2': 0.0, 'negative3': None, 'positive3': None, 'negative4': None, 'positive4': None, 'negative5': None, 'positive5': None, 'negative6': None, 'positive6': None}",-2294.6379229584,bid
2026-09-13,5,2026-09-13T01:00:00Z,2026-09-14T01:44:41Z,T_LKSDB-1,T,Lakeside Energy Storage Ltd,LKSDB-1,"{'negative1': -3216.3536817072, 'positive1': 0.0, 'negative2': 0.0, 'positive2': 0.0, 'negative3': None, 'positive3': None, 'negative4': None, 'positive4': None, 'negative5': None, 'positive5': None, 'negative6': None, 'positive6': None}",-3216.3536817072,bid
2026-09-13,7,2026-09-13T02:00:00Z,2026-09-14T02:44:47Z,T_LKSDB-1,T,Lakeside Energy Storage Ltd,LKSDB-1,"{'negative1': -7.2596464704, 'positive1': 0.0, 'negative2': 0.0, 'positive2': 0.0, 'negative3': None, 'positive3': None, 'negative4': None, 'positive4': None, 'negative5': None, 'positive5': None, 'negative6': None, 'positive6': None}",-7.2596464704,bid
2026-09-13,9,2026-09-13T03:00:00Z,2026-09-14T03:44:28Z,T_LKSDB-1,T,Lakeside Energy Storage Ltd,LKSDB-1,"{'negative1': -125.8338721536, 'positive1': 0.0, 'negative2': 0.0, 'positive2': 0.0, 'negative3': None, 'positive3': None, 'negative4': None, 'positive4': None, 'negative5': None, 'positive5': None, 'negative6': None, 'positive6': None}",-125.8338721536,bid
2026-09-13,19,2026-09-13T08:00:00Z,2026-09-14T08:44:31Z,T_LKSDB-1,T,Lakeside Energy Storage Ltd,LKSDB-1,"{'negative1': -19.21421664, 'positive1': 0.0, 'negative2': 0.0, 'positive2': 0.0, 'negative3': 0.0, 'positive3': None, 'negative4': None, 'positive4': None, 'negative5': None, 'positive5': None, 'negative6': None, 'positive6': None}",-19.21421664,bid
2026-09-13,20,2026-09-13T08:30:00Z,2026-09-14T09:14:32Z,T_LKSDB-1,T,Lakeside Energy Storage Ltd,LKSDB-1,"{'negative1': -41.03817408, 'positive1': 0.0, 'negative2': 0.0, 'positive2': 0.0, 'negative3': 0.0, 'positive3': None, 'negative4': None, 'positive4': None, 'negative5': None, 'positive5': None, 'negative6': None, 'positive6': None}",-41.03817408,bid
2026-09-13,21,2026-09-13T09:00:00Z,2026-09-14T09:44:34Z,T_LKSDB-1,T,Lakeside Energy Storage Ltd,LKSDB-1,"{'negative1': -400.12219728, 'positive1': 0.0, 'negative2': 0.0, 'positive2': 0.0, 'negative3': None, 'positive3': None, 'negative4': None, 'positive4': None, 'negative5': None, 'positive5': None, 'negative6': None, 'positive6': None}",-400.12219728,bid
2026-09-13,22,2026-09-13T09:30:00Z,2026-09-14T10:14:59Z,T_LKSDB-1,T,Lakeside Energy Storage Ltd,LKSDB-1,"{'negative1': -38.984634288, 'positive1': 0.0, 'negative2': 0.0, 'positive2': 0.0, 'negative3': None, 'positive3': None, 'negative4': None, 'positive4': None, 'negative5': None, 'positive5': None, 'negative6': None, 'positive6': None}",-38.984634288,bid
2026-09-13,23,2026-09-13T10:00:00Z,2026-09-14T10:44:43Z,T_LKSDB-1,T,Lakeside Energy Storage Ltd,LKSDB-1,"{'negative1': -116.953902864, 'positive1': 0.0, 'negative2': 0.0, 'positive2': 0.0, 'negative3': None, 'positive3': None, 'negative4': None, 'positive4': None, 'negative5': None, 'positive5': None, 'negative6': None, 'positive6': None}",-116.953902864,bid
2026-09-13,26,2026-09-13T11:30:00Z,2026-09-14T12:14:33Z,T_LKSDB-1,T,Lakeside Energy Storage Ltd,LKSDB-1,"{'negative1': -666.6372463248, 'positive1': 0.0, 'negative2': 0.0, 'positive2': 0.0, 'negative3': None, 'positive3': None, 'negative4': None, 'positive4': None, 'negative5': None, 'positive5': None, 'negative6': None, 'positive6': None}",-666.6372463248,bid
2026-09-13,27,2026-09-13T12:00:00Z,2026-09-14T12:44:38Z,T_LKSDB-1,T,Lakeside Energy Storage Ltd,LKSDB-1,"{'negative1': -11.6953902864, 'positive1': 0.0, 'negative2': 0.0, 'positive2': 0.0, 'negative3': None, 'positive3': None, 'negative4': None, 'positive4': None, 'negative5': None, 'positive5': None, 'negative6': None, 'positive6': None}",-11.6953902864,bid
2026-09-13,30,2026-09-13T13:30:00Z,2026-09-14T14:14:34Z,T_LKSDB-1,T,Lakeside Energy Storage Ltd,LKSDB-1,"{'negative1': -197.36980344, 'positive1': 0.0, 'negative2': 0.0, 'positive2': 0.0, 'negative3': 0.0, 'positive3': None, 'negative4': None, 'positive4': None, 'negative5': None, 'positive5': None, 'negative6': None, 'positive6': None}",-197.36980344,bid
2026-09-13,32,2026-09-13T14:30:00Z,2026-09-14T15:14:58Z,T_LKSDB-1,T,Lakeside Energy Storage Ltd,LKSDB-1,"{'negative1': -48.2656881168, 'positive1': 0.0, 'negative2': 0.0, 'positive2': 0.0, 'negative3': None, 'positive3': None, 'negative4': None, 'positive4': None, 'negative5': None, 'positive5': None, 'negative6': None, 'positive6': None}",-48.2656881168,bid
2026-09-13,33,2026-09-13T15:00:00Z,2026-09-14T15:44:37Z,T_LKSDB-1,T,Lakeside Energy Storage Ltd,LKSDB-1,"{'negative1': -42.8883171984, 'positive1': 0.0, 'negative2': 0.0, 'positive2': 0.0, 'negative3': None, 'positive3': None, 'negative4': None, 'positive4': None, 'negative5': None, 'positive5': None, 'negative6': None, 'positive6': None}",-42.8883171984,bid
2026-09-13,34,2026-09-13T15:30:00Z,2026-09-14T16:14:32Z,T_LKSDB-1,T,Lakeside Energy Storage Ltd,LKSDB-1,"{'negative1': -405.910928592, 'positive1': 0.0, 'negative2': 0.0, 'positive2': 0.0, 'negative3': 0.0, 'positive3': None, 'negative4': None, 'positive4': None, 'negative5': None, 'positive5': None, 'negative6': None, 'positive6': None}",-405.910928592,bid
2026-09-13,35,2026-09-13T16:00:00Z,2026-09-14T16:45:03Z,T_LKSDB-1,T,Lakeside Energy Storage Ltd,LKSDB-1,"{'negative1': -3550.9689382752, 'positive1': 0.0, 'negative2': 0.0, 'positive2': 0.0, 'negative3': 0.0, 'positive3': None, 'negative4': None, 'positive4': None, 'negative5': None, 'positive5': None, 'negative6': None, 'positive6': None}",-3550.9689382752,bid
2026-09-13,36,2026-09-13T16:30:00Z,2026-09-14T17:14:36Z,T_LKSDB-1,T,Lakeside Energy Storage Ltd,LKSDB-1,"{'negative1': 0.0, 'positive1': 0.0, 'negative2': 0.0, 'positive2': 0.0, 'negative3': 0.0, 'positive3': None, 'negative4': None, 'positive4': None, 'negative5': None, 'positive5': None, 'negative6': None, 'positive6': None}",0.0,bid
2026-09-13,43,2026-09-13T20:00:00Z,2026-09-14T20:44:35Z,T_LKSDB-1,T,Lakeside Energy Storage Ltd,LKSDB-1,"{'negative1': -20.6613179136, 'positive1': 0.0, 'negative2': 0.0, 'positive2': 0.0, 'negative3': 0.0, 'positive3': None, 'negative4': None, 'positive4': None, 'negative5': None, 'positive5': None, 'negative6': None, 'positive6': None}",-20.6613179136,bid
2026-09-13,44,2026-09-13T20:30:00Z,2026-09-14T21:14:36Z,T_LKSDB-1,T,Lakeside Energy Storage Ltd,LKSDB-1,"{'negative1': -333.138306384, 'positive1': 0.0, 'negative2': 0.0, 'positive2': 0.0, 'negative3': None, 'positive3': None, 'negative4': None, 'positive4': None, 'negative5': None, 'positive5': None, 'negative6': None, 'positive6': None}",-333.138306384,bid
2026-09-13,45,2026-09-13T21:00:00Z,2026-09-14T21:44:51Z,T_LKSDB-1,T,Lakeside Energy Storage Ltd,LKSDB-1,"{'negative1': -73.902966192, 'positive1': 0.0, 'negative2': 0.0, 'positive2': 0.0, 'negative3': None, 'positive3': None, 'negative4': None, 'positive4': None, 'negative5': None, 'positive5': None, 'negative6': None, 'positive6': None}",-73.902966192,bid
2026-09-13,46,2026-09-13T21:30:00Z,2026-09-14T22:14:41Z,T_LKSDB-1,T,Lakeside Energy Storage Ltd,LKSDB-1,"{'negative1': -10.46750724, 'positive1': 0.0, 'negative2': 0.0, 'positive2': 0.0, 'negative3': None, 'positive3': None, 'negative4': None, 'positive4': None, 'negative5': None, 'positive5': None, 'negative6': None, 'positive6': None}",-10.46750724,bid
2026-09-13,47,2026-09-13T22:00:00Z,2026-09-14T22:44:38Z,T_LKSDB-1,T,Lakeside Energy Storage Ltd,LKSDB-1,"{'negative1': -1267.9003225008, 'positive1': 0.0, 'negative2': 0.0, 'positive2': 0.0, 'negative3': None, 'positive3': None, 'negative4': None, 'positive4': None, 'negative5': None, 'positive5': None, 'negative6': None, 'positive6': None}",-1267.9003225008,bid
2026-09-13,1,2026-09-12T23:00:00Z,2026-09-13T23:44:39Z,T_LKSDB-1,T,Lakeside Energy Storage Ltd,LKSDB-1,"{'negative1': 0.0, 'positive1': 0.0, 'negative2': 0.0, 'positive2': 0.0, 'negative3': None, 'positive3': None, 'negative4': None, 'positive4': None, 'negative5': None, 'positive5': None, 'negative6': None, 'positive6': None}",0.0,offer
2026-09-13,2,2026-09-12T23:30:00Z,2026-09-14T00:15:19Z,T_LKSDB-1,T,Lakeside Energy Storage Ltd,LKSDB-1,"{'negative1': 0.0, 'positive1': 0.0, 'negative2': 0.0, 'positive2': 0.0, 'negative3': None, 'positive3': None, 'negative4': None, 'positive4': None, 'negative5': None, 'positive5': None, 'negative6': None, 'positive6': None}",0.0,offer
2026-09-13,3,2026-09-13T00:00:00Z,2026-09-14T00:44:35Z,T_LKSDB-1,T,Lakeside Energy Storage Ltd,LKSDB-1,"{'negative1': 0.0, 'positive1': 0.0, 'negative2': 0.0, 'positive2': 0.0, 'negative3': None, 'positive3': None, 'negative4': None, 'positive4': None, 'negative5': None, 'positive5': None, 'negative6': None, 'positive6': None}",0.0,offer
2026-09-13,4,2026-09-13T00:30:00Z,2026-09-14T01:14:38Z,T_LKSDB-1,T,Lakeside Energy Storage Ltd,LKSDB-1,"{'negative1': 0.0, 'positive1': 0.0, 'negative2': 0.0, 'positive2': 0.0, 'negative3': None, 'positive3': None, 'negative4': None, 'positive4': None, 'negative5': None, 'positive5': None, 'negative6': None, 'positive6': None}",0.0,offer
2026-09-13,5,2026-09-13T01:00:00Z,2026-09-14T01:44:41Z,T_LKSDB-1,T,Lakeside Energy Storage Ltd,LKSDB-1,"{'negative1': 0.0, 'positive1': 0.0, 'negative2': 0.0, 'positive2': 0.0, 'negative3': None, 'positive3': None, 'negative4': None, 'positive4': None, 'negative5': None, 'positive5': None, 'negative6': None, 'positive6': None}",0.0,offer
2026-09-13,7,2026-09-13T02:00:00Z,2026-09-14T02:44:47Z,T_LKSDB-1,T,Lakeside Energy Storage Ltd,LKSDB-1,"{'negative1': 0.0, 'positive1': 0.0, 'negative2': 0.0, 'positive2': 0.0, 'negative3': None, 'positive3': None, 'negative4': None, 'positive4': None, 'negative5': None, 'positive5': None, 'negative6': None, 'positive6': None}",0.0,offer
2026-09-13,9,2026-09-13T03:00:00Z,2026-09-14T03:44:28Z,T_LKSDB-1,T,Lakeside Energy Storage Ltd,LKSDB-1,"{'negative1': 0.0, 'positive1': 0.0, 'negative2': 0.0, 'positive2': 0.0, 'negative3': None, 'positive3': None, 'negative4': None, 'positive4': None, 'negative5': None, 'positive5': None, 'negative6': None, 'positive6': None}",0.0,offer
2026-09-13,19,2026-09-13T08:00:00Z,2026-09-14T08:44:31Z,T_LKSDB-1,T,Lakeside Energy Storage Ltd,LKSDB-1,"{'negative1': 0.0, 'positive1': 0.0, 'negative2': 0.0, 'positive2': 0.0, 'negative3': 0.0, 'positive3': None, 'negative4': None, 'positive4': None, 'negative5': None, 'positive5': None, 'negative6': None, 'positive6': None}",0.0,offer
2026-09-13,20,2026-09-13T08:30:00Z,2026-09-14T09:14:32Z,T_LKSDB-1,T,Lakeside Energy Storage Ltd,LKSDB-1,"{'negative1': 0.0, 'positive1': 0.0, 'negative2': 0.0, 'positive2': 0.0, 'negative3': 0.0, 'positive3': None, 'negative4': None, 'positive4': None, 'negative5': None, 'positive5': None, 'negative6': None, 'positive6': None}",0.0,offer
2026-09-13,21,2026-09-13T09:00:00Z,2026-09-14T09:44:34Z,T_LKSDB-1,T,Lakeside Energy Storage Ltd,LKSDB-1,"{'negative1': 0.0, 'positive1': 0.0, 'negative2': 0.0, 'positive2': 0.0, 'negative3': None, 'positive3': None, 'negative4': None, 'positive4': None, 'negative5': None, 'positive5': None, 'negative6': None, 'positive6': None}",0.0,offer
2026-09-13,22,2026-09-13T09:30:00Z,2026-09-14T10:14:59Z,T_LKSDB-1,T,Lakeside Energy Storage Ltd,LKSDB-1,"{'negative1': 0.0, 'positive1': 0.0, 'negative2': 0.0, 'positive2': 0.0, 'negative3': None, 'positive3': None, 'negative4': None, 'positive4': None, 'negative5': None, 'positive5': None, 'negative6': None, 'positive6': None}",0.0,offer
2026-09-13,23,2026-09-13T10:00:00Z,2026-09-14T10:44:43Z,T_LKSDB-1,T,Lakeside Energy Storage Ltd,LKSDB-1,"{'negative1': 0.0, 'positive1': 0.0, 'negative2': 0.0, 'positive2': 0.0, 'negative3': None, 'positive3': None, 'negative4': None, 'positive4': None, 'negative5': None, 'positive5': None, 'negative6': None, 'positive6': None}",0.0,offer
2026-09-13,26,2026-09-13T11:30:00Z,2026-09-14T12:14:33Z,T_LKSDB-1,T,Lakeside Energy Storage Ltd,LKSDB-1,"{'negative1': 0.0, 'positive1': 0.0, 'negative2': 0.0, 'positive2': 0.0, 'negative3': None, 'positive3': None, 'negative4': None, 'positive4': None, 'negative5': None, 'positive5': None, 'negative6': None, 'positive6': None}",0.0,offer
2026-09-13,27,2026-09-13T12:00:00Z,2026-09-14T12:44:38Z,T_LKSDB-1,T,Lakeside Energy Storage Ltd,LKSDB-1,"{'negative1': 0.0, 'positive1': 0.0, 'negative2': 0.0, 'positive2': 0.0, 'negative3': None, 'positive3': None, 'negative4': None, 'positive4': None, 'negative5': None, 'positive5': None, 'negative6': None, 'positive6': None}",0.0,offer
2026-09-13,30,2026-09-13T13:30:00Z,2026-09-14T14:14:34Z,T_LKSDB-1,T,Lakeside Energy Storage Ltd,LKSDB-1,"{'negative1': 0.0, 'positive1': 0.0, 'negative2': 0.0, 'positive2': 0.0, 'negative3': 0.0, 'positive3': None, 'negative4': None, 'positive4': None, 'negative5': None, 'positive5': None, 'negative6': None, 'positive6': None}",0.0,offer
2026-09-13,32,2026-09-13T14:30:00Z,2026-09-14T15:14:58Z,T_LKSDB-1,T,Lakeside Energy Storage Ltd,LKSDB-1,"{'negative1': 0.0, 'positive1': 0.0, 'negative2': 0.0, 'positive2': 0.0, 'negative3': None, 'positive3': None, 'negative4': None, 'positive4': None, 'negative5': None, 'positive5': None, 'negative6': None, 'positive6': None}",0.0,offer
2026-09-13,33,2026-09-13T15:00:00Z,2026-09-14T15:44:37Z,T_LKSDB-1,T,Lakeside Energy Storage Ltd,LKSDB-1,"{'negative1': 0.0, 'positive1': 0.0, 'negative2': 0.0, 'positive2': 0.0, 'negative3': None, 'positive3': None, 'negative4': None, 'positive4': None, 'negative5': None, 'positive5': None, 'negative6': None, 'positive6': None}",0.0,offer
2026-09-13,34,2026-09-13T15:30:00Z,2026-09-14T16:14:32Z,T_LKSDB-1,T,Lakeside Energy Storage Ltd,LKSDB-1,"{'negative1': 0.0, 'positive1': 0.0, 'negative2': 0.0, 'positive2': 0.0, 'negative3': 0.0, 'positive3': None, 'negative4': None, 'positive4': None, 'negative5': None, 'positive5': None, 'negative6': None, 'positive6': None}",0.0,offer
2026-09-13,35,2026-09-13T16:00:00Z,2026-09-14T16:45:03Z,T_LKSDB-1,T,Lakeside Energy Storage Ltd,LKSDB-1,"{'negative1': 0.0, 'positive1': 0.0, 'negative2': 0.0, 'positive2': 0.0, 'negative3': 0.0, 'positive3': None, 'negative4': None, 'positive4': None, 'negative5': None, 'positive5': None, 'negative6': None, 'positive6': None}",0.0,offer
2026-09-13,36,2026-09-13T16:30:00Z,2026-09-14T17:14:36Z,T_LKSDB-1,T,Lakeside Energy Storage Ltd,LKSDB-1,"{'negative1': 0.0, 'positive1': 130.6501488, 'negative2': 0.0, 'positive2': 0.0, 'negative3': 0.0, 'positive3': None, 'negative4': None, 'positive4': None, 'negative5': None, 'positive5': None, 'negative6': None, 'positive6': None}",130.6501488,offer
2026-09-13,43,2026-09-13T20:00:00Z,2026-09-14T20:44:35Z,T_LKSDB-1,T,Lakeside Energy Storage Ltd,LKSDB-1,"{'negative1': 0.0, 'positive1': 0.0, 'negative2': 0.0, 'positive2': 0.0, 'negative3': 0.0, 'positive3': None, 'negative4': None, 'positive4': None, 'negative5': None, 'positive5': None, 'negative6': None, 'positive6': None}",0.0,offer
2026-09-13,44,2026-09-13T20:30:00Z,2026-09-14T21:14:36Z,T_LKSDB-1,T,Lakeside Energy Storage Ltd,LKSDB-1,"{'negative1': 0.0, 'positive1': 0.0, 'negative2': 0.0, 'positive2': 0.0, 'negative3': None, 'positive3': None, 'negative4': None, 'positive4': None, 'negative5': None, 'positive5': None, 'negative6': None, 'positive6': None}",0.0,offer
2026-09-13,45,2026-09-13T21:00:00Z,2026-09-14T21:44:51Z,T_LKSDB-1,T,Lakeside Energy Storage Ltd,LKSDB-1,"{'negative1': 0.0, 'positive1': 0.0, 'negative2': 0.0, 'positive2': 0.0, 'negative3': None, 'positive3': None, 'negative4': None, 'positive4': None, 'negative5': None, 'positive5': None, 'negative6': None, 'positive6': None}",0.0,offer
2026-09-13,46,2026-09-13T21:30:00Z,2026-09-14T22:14:41Z,T_LKSDB-1,T,Lakeside Energy Storage Ltd,LKSDB-1,"{'negative1': 0.0, 'positive1': 0.0, 'negative2': 0.0, 'positive2': 0.0, 'negative3': None, 'positive3': None, 'negative4': None, 'positive4': None, 'negative5': None, 'positive5': None, 'negative6': None, 'positive6': None}",0.0,offer
2026-09-13,47,2026-09-13T22:00:00Z,2026-09-14T22:44:38Z,T_LKSDB-1,T,Lakeside Energy Storage Ltd,LKSDB-1,"{'negative1': 0.0, 'positive1': 0.0, 'negative2': 0.0, 'positive2': 0.0, 'negative3': None, 'positive3': None, 'negative4': None, 'positive4': None, 'negative5': None, 'positive5': None, 'negative6': None, 'positive6': None}",0.0,offer
2026-09-14,1,2026-09-13T23:00:00Z,2026-09-14T23:45:14Z,T_LKSDB-1,T,Lakeside Energy Storage Ltd,LKSDB-1,"{'negative1': -208.148848488, 'positive1': 0.0, 'negative2': 0.0, 'positive2': 0.0, 'negative3': None, 'positive3': None, 'negative4': None, 'positive4': None, 'negative5': None, 'positive5': None, 'negative6': None, 'positive6': None}",-208.148848488,bid
2026-09-14,2,2026-09-13T23:30:00Z,2026-09-15T00:15:40Z,T_LKSDB-1,T,Lakeside Energy Storage Ltd,LKSDB-1,"{'negative1': -2610.081697392, 'positive1': 0.0, 'negative2': 0.0, 'positive2': 0.0, 'negative3': None, 'positive3': None, 'negative4': None, 'positive4': None, 'negative5': None, 'positive5': None, 'negative6': None, 'positive6': None}",-2610.081697392,bid
2026-09-14,3,2026-09-14T00:00:00Z,2026-09-15T00:45:18Z,T_LKSDB-1,T,Lakeside Energy Storage Ltd,LKSDB-1,"{'negative1': -5051.3164272, 'positive1': 0.0, 'negative2': 0.0, 'positive2': 0.0, 'negative3': None, 'positive3': None, 'negative4': None, 'positive4': None, 'negative5': None, 'positive5': None, 'negative6': None, 'positive6': None}",-5051.3164272,bid
2026-09-14,4,2026-09-14T00:30:00Z,2026-09-15T01:14:42Z,T_LKSDB-1,T,Lakeside Energy Storage Ltd,LKSDB-1,"{'negative1': -4648.57633368, 'positive1': 0.0, 'negative2': 0.0, 'positive2': 0.0, 'negative3': None, 'positive3': None, 'negative4': None, 'positive4': None, 'negative5': None, 'positive5': None, 'negative6': None, 'positive6': None}",-4648.57633368,bid
2026-09-14,5,2026-09-14T01:00:00Z,2026-09-15T01:44:36Z,T_LKSDB-1,T,Lakeside Energy Storage Ltd,LKSDB-1,"{'negative1': -5051.3164272, 'positive1': 0.0, 'negative2': 0.0, 'positive2': 0.0, 'negative3': None, 'positive3': None, 'negative4': None, 'positive4': None, 'negative5': None, 'positive5': None, 'negative6': None, 'positive6': None}",-5051.3164272,bid
2026-09-14,6,2026-09-14T01:30:00Z,2026-09-15T02:18:00Z,T_LKSDB-1,T,Lakeside Energy Storage Ltd,LKSDB-1,"{'negative1': -84.18860712, 'positive1': 0.0, 'negative2': 0.0, 'positive2': 0.0, 'negative3': None, 'positive3': None, 'negative4': None, 'positive4': None, 'negative5': None, 'positive5': None, 'negative6': None, 'positive6': None}",-84.18860712,bid
2026-09-14,13,2026-09-14T05:00:00Z,2026-09-15T05:44:41Z,T_LKSDB-1,T,Lakeside Energy Storage Ltd,LKSDB-1,"{'negative1': -5760.69902586, 'positive1': 0.0, 'negative2': 0.0, 'positive2': 0.0, 'negative3': 0.0, 'positive3': None, 'negative4': None, 'positive4': None, 'negative5': None, 'positive5': None, 'negative6': None, 'positive6': None}",-5760.69902586,bid
2026-09-14,14,2026-09-14T05:30:00Z,2026-09-15T06:14:44Z,T_LKSDB-1,T,Lakeside Energy Storage Ltd,LKSDB-1,"{'negative1': -5760.69902586, 'positive1': 0.0, 'negative2': 0.0, 'positive2': 0.0, 'negative3': 0.0, 'positive3': None, 'negative4': None, 'positive4': None, 'negative5': None, 'positive5': None, 'negative6': None, 'positive6': None}",-5760.69902586,bid
2026-09-14,23,2026-09-14T10:00:00Z,2026-09-15T10:44:43Z,T_LKSDB-1,T,Lakeside Energy Storage Ltd,LKSDB-1,"{'negative1': -230.641552008, 'positive1': 0.0, 'negative2': 0.0, 'positive2': 0.0, 'negative3': None, 'positive3': None, 'negative4': None, 'positive4': None, 'negative5': None, 'positive5': None, 'negative6': None, 'positive6': None}",-230.641552008,bid
2026-09-14,24,2026-09-14T10:30:00Z,2026-09-15T11:14:29Z,T_LKSDB-1,T,Lakeside Energy Storage Ltd,LKSDB-1,"{'negative1': -2738.6615061936, 'positive1': 0.0, 'negative2': 0.0, 'positive2': 0.0, 'negative3': None, 'positive3': None, 'negative4': None, 'positive4': None, 'negative5': None, 'positive5': None, 'negative6': None, 'positive6': None}",-2738.6615061936,bid
2026-09-14,25,2026-09-14T11:00:00Z,2026-09-15T11:44:29Z,T_LKSDB-1,T,Lakeside Energy Storage Ltd,LKSDB-1,"{'negative1': -2670.577120224, 'positive1': 0.0, 'negative2': 0.0, 'positive2': 0.0, 'negative3': None, 'positive3': None, 'negative4': None, 'positive4': None, 'negative5': None, 'positive5': None, 'negative6': None, 'positive6': None}",-2670.577120224,bid
2026-09-14,26,2026-09-14T11:30:00Z,2026-09-15T12:14:36Z,T_LKSDB-1,T,Lakeside Energy Storage Ltd,LKSDB-1,"{'negative1': -1103.784570324, 'positive1': 0.0, 'negative2': 0.0, 'positive2': 0.0, 'negative3': None, 'positive3': None, 'negative4': None, 'positive4': None, 'negative5': None, 'positive5': None, 'negative6': None, 'positive6': None}",-1103.784570324,bid
2026-09-14,28,2026-09-14T12:30:00Z,2026-09-15T13:14:27Z,T_LKSDB-1,T,Lakeside Energy Storage Ltd,LKSDB-1,"{'negative1': -25.7718428352, 'positive1': 0.0, 'negative2': 0.0, 'positive2': 0.0, 'negative3': None, 'positive3': 0.0, 'negative4': None, 'positive4': None, 'negative5': None, 'positive5': None, 'negative6': None, 'positive6': None}",-25.7718428352,bid
2026-09-14,29,2026-09-14T13:00:00Z,2026-09-15T13:44:27Z,T_LKSDB-1,T,Lakeside Energy Storage Ltd,LKSDB-1,"{'negative1': -1285.7662818, 'positive1': 0.0, 'negative2': 0.0, 'positive2': 0.0, 'negative3': None, 'positive3': 0.0, 'negative4': None, 'positive4': None, 'negative5': None, 'positive5': None, 'negative6': None, 'positive6': None}",-1285.7662818,bid
2026-09-14,35,2026-09-14T16:00:00Z,2026-09-15T16:44:37Z,T_LKSDB-1,T,Lakeside Energy Storage Ltd,LKSDB-1,"{'negative1': -2517.51092904, 'positive1': 0.0, 'negative2': -844.6181436, 'positive2': 0.0, 'negative3': 0.0, 'positive3': None, 'negative4': None, 'positive4': None, 'negative5': None, 'positive5': None, 'negative6': None, 'positive6': None}",-3362.12907264,bid
2026-09-14,36,2026-09-14T16:30:00Z,2026-09-15T17:14:42Z,T_LKSDB-1,T,Lakeside Energy Storage Ltd,LKSDB-1,"{'negative1': -3912.16864572, 'positive1': 0.0, 'negative2': -735.84904032, 'positive2': 0.0, 'negative3': 0.0, 'positive3': None, 'negative4': None, 'positive4': None, 'negative5': None, 'positive5': None, 'negative6': None, 'positive6': None}",-4648.01768604,bid
2026-09-14,37,2026-09-14T17:00:00Z,2026-09-15T17:44:38Z,T_LKSDB-1,T,Lakeside Energy Storage Ltd,LKSDB-1,"{'negative1': -3513.85695612, 'positive1': 0.0, 'negative2': 0.0, 'positive2': 0.0, 'negative3': 0.0, 'positive3': None, 'negative4': None, 'positive4': None, 'negative5': None, 'positive5': None, 'negative6': None, 'positive6': None}",-3513.85695612,bid
2026-09-14,43,2026-09-14T20:00:00Z,2026-09-15T20:44:36Z,T_LKSDB-1,T,Lakeside Energy Storage Ltd,LKSDB-1,"{'negative1': -35.527543272, 'positive1': 0.0, 'negative2': 0.0, 'positive2': 0.0, 'negative3': 0.0, 'positive3': None, 'negative4': None, 'positive4': None, 'negative5': None, 'positive5': None, 'negative6': None, 'positive6': None}",-35.527543272,bid
2026-09-14,44,2026-09-14T20:30:00Z,2026-09-15T21:14:42Z,T_LKSDB-1,T,Lakeside Energy Storage Ltd,LKSDB-1,"{'negative1': -101.8456240464, 'positive1': 0.0, 'negative2': 0.0, 'positive2': 0.0, 'negative3': 0.0, 'positive3': None, 'negative4': None, 'positive4': None, 'negative5': None, 'positive5': None, 'negative6': None, 'positive6': None}",-101.8456240464,bid
2026-09-14,45,2026-09-14T21:00:00Z,2026-09-15T21:44:41Z,T_LKSDB-1,T,Lakeside Energy Storage Ltd,LKSDB-1,"{'negative1': -1351.56844944, 'positive1': 0.0, 'negative2': 0.0, 'positive2': 0.0, 'negative3': None, 'positive3': None, 'negative4': None, 'positive4': None, 'negative5': None, 'positive5': None, 'negative6': None, 'positive6': None}",-1351.56844944,bid
2026-09-14,46,2026-09-14T21:30:00Z,2026-09-15T22:14:45Z,T_LKSDB-1,T,Lakeside Energy Storage Ltd,LKSDB-1,"{'negative1': -246.87740196, 'positive1': 0.0, 'negative2': 0.0, 'positive2': 0.0, 'negative3': None, 'positive3': None, 'negative4': None, 'positive4': None, 'negative5': None, 'positive5': None, 'negative6': None, 'positive6': None}",-246.87740196,bid
2026-09-14,47,2026-09-14T22:00:00Z,2026-09-15T22:44:49Z,T_LKSDB-1,T,Lakeside Energy Storage Ltd,LKSDB-1,"{'negative1': -4330.02484728, 'positive1': 0.0, 'negative2': 0.0, 'positive2': 0.0, 'negative3': None, 'positive3': None, 'negative4': None, 'positive4': None, 'negative5': None, 'positive5': None, 'negative6': None, 'positive6': None}",-4330.02484728,bid
2026-09-14,48,2026-09-14T22:30:00Z,2026-09-15T23:14:38Z,T_LKSDB-1,T,Lakeside Energy Storage Ltd,LKSDB-1,"{'negative1': -720.15389604, 'positive1': 0.0, 'negative2': 0.0, 'positive2': 0.0, 'negative3': None, 'positive3': None, 'negative4': None, 'positive4': None, 'negative5': None, 'positive5': None, 'negative6': None, 'positive6': None}",-720.15389604,bid
2026-09-14,1,2026-09-13T23:00:00Z,2026-09-14T23:45:14Z,T_LKSDB-1,T,Lakeside Energy Storage Ltd,LKSDB-1,"{'negative1': 0.0, 'positive1': 0.0, 'negative2': 0.0, 'positive2': 0.0, 'negative3': None, 'positive3': None, 'negative4': None, 'positive4': None, 'negative5': None, 'positive5': None, 'negative6': None, 'positive6': None}",0.0,offer
2026-09-14,2,2026-09-13T23:30:00Z,2026-09-15T00:15:40Z,T_LKSDB-1,T,Lakeside Energy Storage Ltd,LKSDB-1,"{'negative1': 0.0, 'positive1': 0.0, 'negative2': 0.0, 'positive2': 0.0, 'negative3': None, 'positive3': None, 'negative4': None, 'positive4': None, 'negative5': None, 'positive5': None, 'negative6': None, 'positive6': None}",0.0,offer
2026-09-14,3,2026-09-14T00:00:00Z,2026-09-15T00:45:18Z,T_LKSDB-1,T,Lakeside Energy Storage Ltd,LKSDB-1,"{'negative1': 0.0, 'positive1': 0.0, 'negative2': 0.0, 'positive2': 0.0, 'negative3': None, 'positive3': None, 'negative4': None, 'positive4': None, 'negative5': None, 'positive5': None, 'negative6': None, 'positive6': None}",0.0,offer
2026-09-14,4,2026-09-14T00:30:00Z,2026-09-15T01:14:42Z,T_LKSDB-1,T,Lakeside Energy Storage Ltd,LKSDB-1,"{'negative1': 0.0, 'positive1': 0.0, 'negative2': 0.0, 'positive2': 0.0, 'negative3': None, 'positive3': None, 'negative4': None, 'positive4': None, 'negative5': None, 'positive5': None, 'negative6': None, 'positive6': None}",0.0,offer
2026-09-14,5,2026-09-14T01:00:00Z,2026-09-15T01:44:36Z,T_LKSDB-1,T,Lakeside Energy Storage Ltd,LKSDB-1,"{'negative1': 0.0, 'positive1': 0.0, 'negative2': 0.0, 'positive2': 0.0, 'negative3': None, 'positive3': None, 'negative4': None, 'positive4': None, 'negative5': None, 'positive5': None, 'negative6': None, 'positive6': None}",0.0,offer
2026-09-14,6,2026-09-14T01:30:00Z,2026-09-15T02:18:00Z,T_LKSDB-1,T,Lakeside Energy Storage Ltd,LKSDB-1,"{'negative1': 0.0, 'positive1': 0.0, 'negative2': 0.0, 'positive2': 0.0, 'negative3': None, 'positive3': None, 'negative4': None, 'positive4': None, 'negative5': None, 'positive5': None, 'negative6': None, 'positive6': None}",0.0,offer
2026-09-14,13,2026-09-14T05:00:00Z,2026-09-15T05:44:41Z,T_LKSDB-1,T,Lakeside Energy Storage Ltd,LKSDB-1,"{'negative1': 0.0, 'positive1': 0.0, 'negative2': 0.0, 'positive2': 0.0, 'negative3': 0.0, 'positive3': None, 'negative4': None, 'positive4': None, 'negative5': None, 'positive5': None, 'negative6': None, 'positive6': None}",0.0,offer
2026-09-14,14,2026-09-14T05:30:00Z,2026-09-15T06:14:44Z,T_LKSDB-1,T,Lakeside Energy Storage Ltd,LKSDB-1,"{'negative1': 0.0, 'positive1': 0.0, 'negative2': 0.0, 'positive2': 0.0, 'negative3': 0.0, 'positive3': None, 'negative4': None, 'positive4': None, 'negative5': None, 'positive5': None, 'negative6': None, 'positive6': None}",0.0,offer
2026-09-14,23,2026-09-14T10:00:00Z,2026-09-15T10:44:43Z,T_LKSDB-1,T,Lakeside Energy Storage Ltd,LKSDB-1,"{'negative1': 0.0, 'positive1': 0.0, 'negative2': 0.0, 'positive2': 0.0, 'negative3': None, 'positive3': None, 'negative4': None, 'positive4': None, 'negative5': None, 'positive5': None, 'negative6': None, 'positive6': None}",0.0,offer
2026-09-14,24,2026-09-14T10:30:00Z,2026-09-15T11:14:29Z,T_LKSDB-1,T,Lakeside Energy Storage Ltd,LKSDB-1,"{'negative1': 0.0, 'positive1': 0.0, 'negative2': 0.0, 'positive2': 0.0, 'negative3': None, 'positive3': None, 'negative4': None, 'positive4': None, 'negative5': None, 'positive5': None, 'negative6': None, 'positive6': None}",0.0,offer
2026-09-14,25,2026-09-14T11:00:00Z,2026-09-15T11:44:29Z,T_LKSDB-1,T,Lakeside Energy Storage Ltd,LKSDB-1,"{'negative1': 0.0, 'positive1': 0.0, 'negative2': 0.0, 'positive2': 0.0, 'negative3': None, 'positive3': None, 'negative4': None, 'positive4': None, 'negative5': None, 'positive5': None, 'negative6': None, 'positive6': None}",0.0,offer
2026-09-14,26,2026-09-14T11:30:00Z,2026-09-15T12:14:36Z,T_LKSDB-1,T,Lakeside Energy Storage Ltd,LKSDB-1,"{'negative1': 0.0, 'positive1': 0.0, 'negative2': 0.0, 'positive2': 0.0, 'negative3': None, 'positive3': None, 'negative4': None, 'positive4': None, 'negative5': None, 'positive5': None, 'negative6': None, 'positive6': None}",0.0,offer
2026-09-14,28,2026-09-14T12:30:00Z,2026-09-15T13:14:27Z,T_LKSDB-1,T,Lakeside Energy Storage Ltd,LKSDB-1,"{'negative1': 0.0, 'positive1': 0.0, 'negative2': 0.0, 'positive2': 0.0, 'negative3': None, 'positive3': 0.0, 'negative4': None, 'positive4': None, 'negative5': None, 'positive5': None, 'negative6': None, 'positive6': None}",0.0,offer
2026-09-14,29,2026-09-14T13:00:00Z,2026-09-15T13:44:27Z,T_LKSDB-1,T,Lakeside Energy Storage Ltd,LKSDB-1,"{'negative1': 0.0, 'positive1': 0.0, 'negative2': 0.0, 'positive2': 0.0, 'negative3': None, 'positive3': 0.0, 'negative4': None, 'positive4': None, 'negative5': None, 'positive5': None, 'negative6': None, 'positive6': None}",0.0,offer
2026-09-14,35,2026-09-14T16:00:00Z,2026-09-15T16:44:37Z,T_LKSDB-1,T,Lakeside Energy Storage Ltd,LKSDB-1,"{'negative1': 0.0, 'positive1': 0.0, 'negative2': 0.0, 'positive2': 0.0, 'negative3': 0.0, 'positive3': None, 'negative4': None, 'positive4': None, 'negative5': None, 'positive5': None, 'negative6': None, 'positive6': None}",0.0,offer
2026-09-14,36,2026-09-14T16:30:00Z,2026-09-15T17:14:42Z,T_LKSDB-1,T,Lakeside Energy Storage Ltd,LKSDB-1,"{'negative1': 0.0, 'positive1': 0.0, 'negative2': 0.0, 'positive2': 0.0, 'negative3': 0.0, 'positive3': None, 'negative4': None, 'positive4': None, 'negative5': None, 'positive5': None, 'negative6': None, 'positive6': None}",0.0,offer
2026-09-14,37,2026-09-14T17:00:00Z,2026-09-15T17:44:38Z,T_LKSDB-1,T,Lakeside Energy Storage Ltd,LKSDB-1,"{'negative1': 0.0, 'positive1': 0.0, 'negative2': 0.0, 'positive2': 0.0, 'negative3': 0.0, 'positive3': None, 'negative4': None, 'positive4': None, 'negative5': None, 'positive5': None, 'negative6': None, 'positive6': None}",0.0,offer
2026-09-14,43,2026-09-14T20:00:00Z,2026-09-15T20:44:36Z,T_LKSDB-1,T,Lakeside Energy Storage Ltd,LKSDB-1,"{'negative1': 0.0, 'positive1': 0.0, 'negative2': 0.0, 'positive2': 0.0, 'negative3': 0.0, 'positive3': None, 'negative4': None, 'positive4': None, 'negative5': None, 'positive5': None, 'negative6': None, 'positive6': None}",0.0,offer
2026-09-14,44,2026-09-14T20:30:00Z,2026-09-15T21:14:42Z,T_LKSDB-1,T,Lakeside Energy Storage Ltd,LKSDB-1,"{'negative1': 0.0, 'positive1': 0.0, 'negative2': 0.0, 'positive2': 0.0, 'negative3': 0.0, 'positive3': None, 'negative4': None, 'positive4': None, 'negative5': None, 'positive5': None, 'negative6': None, 'positive6': None}",0.0,offer
2026-09-14,45,2026-09-14T21:00:00Z,2026-09-15T21:44:41Z,T_LKSDB-1,T,Lakeside Energy Storage Ltd,LKSDB-1,"{'negative1': 0.0, 'positive1': 0.0, 'negative2': 0.0, 'positive2': 0.0, 'negative3': None, 'positive3': None, 'negative4': None, 'positive4': None, 'negative5': None, 'positive5': None, 'negative6': None, 'positive6': None}",0.0,offer
2026-09-14,46,2026-09-14T21:30:00Z,2026-09-15T22:14:45Z,T_LKSDB-1,T,Lakeside Energy Storage Ltd,LKSDB-1,"{'negative1': 0.0, 'positive1': 0.0, 'negative2': 0.0, 'positive2': 0.0, 'negative3': None, 'positive3': None, 'negative4': None, 'positive4': None, 'negative5': None, 'positive5': None, 'negative6': None, 'positive6': None}",0.0,offer
2026-09-14,47,2026-09-14T22:00:00Z,2026-09-15T22:44:49Z,T_LKSDB-1,T,Lakeside Energy Storage Ltd,LKSDB-1,"{'negative1': 0.0, 'positive1': 0.0, 'negative2': 0.0, 'positive2': 0.0, 'negative3': None, 'positive3': None, 'negative4': None, 'positive4': None, 'negative5': None, 'positive5': None, 'negative6': None, 'positive6': None}",0.0,offer
2026-09-14,48,2026-09-14T22:30:00Z,2026-09-15T23:14:38Z,T_LKSDB-1,T,Lakeside Energy Storage Ltd,LKSDB-1,"{'negative1': 0.0, 'positive1': 0.0, 'negative2': 0.0, 'positive2': 0.0, 'negative3': None, 'positive3': None, 'negative4': None, 'positive4': None, 'negative5': None, 'positive5': None, 'negative6': None, 'positive6': None}",0.0,offer
2026-09-15,1,2026-09-14T23:00:00Z,2026-09-15T23:44:37Z,T_LKSDB-1,T,Lakeside Energy Storage Ltd,LKSDB-1,"{'negative1': -2632.60049832, 'positive1': 0.0, 'negative2': 0.0, 'positive2': 0.0, 'negative3': None, 'positive3': None, 'negative4': None, 'positive4': None, 'negative5': None, 'positive5': None, 'negative6': None, 'positive6': None}",-2632.60049832,bid
2026-09-15,2,2026-09-14T23:30:00Z,2026-09-16T00:14:54Z,T_LKSDB-1,T,Lakeside Energy Storage Ltd,LKSDB-1,"{'negative1': -5051.3164272, 'positive1': 0.0, 'negative2': 0.0, 'positive2': 0.0, 'negative3': None, 'positive3': None, 'negative4': None, 'positive4': None, 'negative5': None, 'positive5': None, 'negative6': None, 'positive6': None}",-5051.3164272,bid
2026-09-15,3,2026-09-15T00:00:00Z,2026-09-16T00:44:50Z,T_LKSDB-1,T,Lakeside Energy Storage Ltd,LKSDB-1,"{'negative1': -5051.3164272, 'positive1': 0.0, 'negative2': 0.0, 'positive2': 0.0, 'negative3': None, 'positive3': None, 'negative4': None, 'positive4': None, 'negative5': None, 'positive5': None, 'negative6': None, 'positive6': None}",-5051.3164272,bid
2026-09-15,4,2026-09-15T00:30:00Z,2026-09-16T01:14:47Z,T_LKSDB-1,T,Lakeside Energy Storage Ltd,LKSDB-1,"{'negative1': -5051.3164272, 'positive1': 0.0, 'negative2': 0.0, 'positive2': 0.0, 'negative3': None, 'positive3': None, 'negative4': None, 'positive4': None, 'negative5': None, 'positive5': None, 'negative6': None, 'positive6': None}",-5051.3164272,bid
2026-09-15,5,2026-09-15T01:00:00Z,2026-09-16T01:44:38Z,T_LKSDB-1,T,Lakeside Energy Storage Ltd,LKSDB-1,"{'negative1': -252.56582136, 'positive1': 0.0, 'negative2': 0.0, 'positive2': 0.0, 'negative3': None, 'positive3': None, 'negative4': None, 'positive4': None, 'negative5': None, 'positive5': None, 'negative6': None, 'positive6': None}",-252.56582136,bid
2026-09-15,12,2026-09-15T04:30:00Z,2026-09-16T05:14:38Z,T_LKSDB-1,T,Lakeside Energy Storage Ltd,LKSDB-1,"{'negative1': -57.43060848, 'positive1': 0.0, 'negative2': 0.0, 'positive2': 0.0, 'negative3': None, 'positive3': None, 'negative4': None, 'positive4': None, 'negative5': None, 'positive5': None, 'negative6': None, 'positive6': None}",-57.43060848,bid
2026-09-15,35,2026-09-15T16:00:00Z,2026-09-16T16:44:24Z,T_LKSDB-1,T,Lakeside Energy Storage Ltd,LKSDB-1,"{'negative1': -898.25647248, 'positive1': 0.0, 'negative2': -55.24698942, 'positive2': 0.0, 'negative3': 0.0, 'positive3': 0.0, 'negative4': None, 'positive4': None, 'negative5': None, 'positive5': None, 'negative6': None, 'positive6': None}",-953.5034619,bid
2026-09-15,36,2026-09-15T16:30:00Z,2026-09-16T17:14:26Z,T_LKSDB-1,T,Lakeside Energy Storage Ltd,LKSDB-1,"{'negative1': -5947.07733504, 'positive1': 0.0, 'negative2': 0.0, 'positive2': 0.0, 'negative3': None, 'positive3': 0.0, 'negative4': None, 'positive4': None, 'negative5': None, 'positive5': None, 'negative6': None, 'positive6': None}",-5947.07733504,bid
2026-09-15,37,2026-09-15T17:00:00Z,2026-09-16T17:44:28Z,T_LKSDB-1,T,Lakeside Energy Storage Ltd,LKSDB-1,"{'negative1': -965.26156752, 'positive1': 0.0, 'negative2': -577.4867064, 'positive2': 0.0, 'negative3': 0.0, 'positive3': 0.0, 'negative4': None, 'positive4': None, 'negative5': None, 'positive5': None, 'negative6': None, 'positive6': None}",-1542.74827392,bid
2026-09-15,38,2026-09-15T17:30:00Z,2026-09-16T18:14:27Z,T_LKSDB-1,T,Lakeside Energy Storage Ltd,LKSDB-1,"{'negative1': -909.75564288, 'positive1': 0.0, 'negative2': 0.0, 'positive2': 0.0, 'negative3': 0.0, 'positive3': 0.0, 'negative4': None, 'positive4': None, 'negative5': None, 'positive5': None, 'negative6': None, 'positive6': None}",-909.75564288,bid
2026-09-15,40,2026-09-15T18:30:00Z,2026-09-16T19:14:31Z,T_LKSDB-1,T,Lakeside Energy Storage Ltd,LKSDB-1,"{'negative1': -442.03300344, 'positive1': 0.0, 'negative2': 0.0, 'positive2': 0.0, 'negative3': 0.0, 'positive3': None, 'negative4': None, 'positive4': None, 'negative5': None, 'positive5': None, 'negative6': None, 'positive6': None}",-442.03300344,bid
2026-09-15,46,2026-09-15T21:30:00Z,2026-09-16T22:14:38Z,T_LKSDB-1,T,Lakeside Energy Storage Ltd,LKSDB-1,"{'negative1': -393.601923, 'positive1': 0.0, 'negative2': 0.0, 'positive2': 0.0, 'negative3': None, 'positive3': None, 'negative4': None, 'positive4': None, 'negative5': None, 'positive5': None, 'negative6': None, 'positive6': None}",-393.601923,bid
2026-09-15,47,2026-09-15T22:00:00Z,2026-09-16T22:44:29Z,T_LKSDB-1,T,Lakeside Energy Storage Ltd,LKSDB-1,"{'negative1': -71.563986, 'positive1': 0.0, 'negative2': 0.0, 'positive2': 0.0, 'negative3': None, 'positive3': None, 'negative4': None, 'positive4': None, 'negative5': None, 'positive5': None, 'negative6': None, 'positive6': None}",-71.563986,bid
2026-09-15,1,2026-09-14T23:00:00Z,2026-09-15T23:44:37Z,T_LKSDB-1,T,Lakeside Energy Storage Ltd,LKSDB-1,"{'negative1': 0.0, 'positive1': 0.0, 'negative2': 0.0, 'positive2': 0.0, 'negative3': None, 'positive3': None, 'negative4': None, 'positive4': None, 'negative5': None, 'positive5': None, 'negative6': None, 'positive6': None}",0.0,offer
2026-09-15,2,2026-09-14T23:30:00Z,2026-09-16T00:14:54Z,T_LKSDB-1,T,Lakeside Energy Storage Ltd,LKSDB-1,"{'negative1': 0.0, 'positive1': 0.0, 'negative2': 0.0, 'positive2': 0.0, 'negative3': None, 'positive3': None, 'negative4': None, 'positive4': None, 'negative5': None, 'positive5': None, 'negative6': None, 'positive6': None}",0.0,offer
2026-09-15,3,2026-09-15T00:00:00Z,2026-09-16T00:44:50Z,T_LKSDB-1,T,Lakeside Energy Storage Ltd,LKSDB-1,"{'negative1': 0.0, 'positive1': 0.0, 'negative2': 0.0, 'positive2': 0.0, 'negative3': None, 'positive3': None, 'negative4': None, 'positive4': None, 'negative5': None, 'positive5': None, 'negative6': None, 'positive6': None}",0.0,offer
2026-09-15,4,2026-09-15T00:30:00Z,2026-09-16T01:14:47Z,T_LKSDB-1,T,Lakeside Energy Storage Ltd,LKSDB-1,"{'negative1': 0.0, 'positive1': 0.0, 'negative2': 0.0, 'positive2': 0.0, 'negative3': None, 'positive3': None, 'negative4': None, 'positive4': None, 'negative5': None, 'positive5': None, 'negative6': None, 'positive6': None}",0.0,offer
2026-09-15,5,2026-09-15T01:00:00Z,2026-09-16T01:44:38Z,T_LKSDB-1,T,Lakeside Energy Storage Ltd,LKSDB-1,"{'negative1': 0.0, 'positive1': 0.0, 'negative2': 0.0, 'positive2': 0.0, 'negative3': None, 'positive3': None, 'negative4': None, 'positive4': None, 'negative5': None, 'positive5': None, 'negative6': None, 'positive6': None}",0.0,offer
2026-09-15,12,2026-09-15T04:30:00Z,2026-09-16T05:14:38Z,T_LKSDB-1,T,Lakeside Energy Storage Ltd,LKSDB-1,"{'negative1': 0.0, 'positive1': 0.0, 'negative2': 0.0, 'positive2': 0.0, 'negative3': None, 'positive3': None, 'negative4': None, 'positive4': None, 'negative5': None, 'positive5': None, 'negative6': None, 'positive6': None}",0.0,offer
2026-09-15,35,2026-09-15T16:00:00Z,2026-09-16T16:44:24Z,T_LKSDB-1,T,Lakeside Energy Storage Ltd,LKSDB-1,"{'negative1': 0.0, 'positive1': 0.0, 'negative2': 0.0, 'positive2': 0.0, 'negative3': 0.0, 'positive3': 0.0, 'negative4': None, 'positive4': None, 'negative5': None, 'positive5': None, 'negative6': None, 'positive6': None}",0.0,offer
2026-09-15,36,2026-09-15T16:30:00Z,2026-09-16T17:14:26Z,T_LKSDB-1,T,Lakeside Energy Storage Ltd,LKSDB-1,"{'negative1': 0.0, 'positive1': 0.0, 'negative2': 0.0, 'positive2': 0.0, 'negative3': None, 'positive3': 0.0, 'negative4': None, 'positive4': None, 'negative5': None, 'positive5': None, 'negative6': None, 'positive6': None}",0.0,offer
2026-09-15,37,2026-09-15T17:00:00Z,2026-09-16T17:44:28Z,T_LKSDB-1,T,Lakeside Energy Storage Ltd,LKSDB-1,"{'negative1': 0.0, 'positive1': 0.0, 'negative2': 0.0, 'positive2': 0.0, 'negative3': 0.0, 'positive3': 0.0, 'negative4': None, 'positive4': None, 'negative5': None, 'positive5': None, 'negative6': None, 'positive6': None}",0.0,offer
2026-09-15,38,2026-09-15T17:30:00Z,2026-09-16T18:14:27Z,T_LKSDB-1,T,Lakeside Energy Storage Ltd,LKSDB-1,"{'negative1': 0.0, 'positive1': 0.0, 'negative2': 0.0, 'positive2': 0.0, 'negative3': 0.0, 'positive3': 0.0, 'negative4': None, 'positive4': None, 'negative5': None, 'positive5': None, 'negative6': None, 'positive6': None}",0.0,offer
2026-09-15,40,2026-09-15T18:30:00Z,2026-09-16T19:14:31Z,T_LKSDB-1,T,Lakeside Energy Storage Ltd,LKSDB-1,"{'negative1': 0.0, 'positive1': 0.0, 'negative2': 0.0, 'positive2': 0.0, 'negative3': 0.0, 'positive3': None, 'negative4': None, 'positive4': None, 'negative5': None, 'positive5': None, 'negative6': None, 'positive6': None}",0.0,offer
2026-09-15,46,2026-09-15T21:30:00Z,2026-09-16T22:14:38Z,T_LKSDB-1,T,Lakeside Energy Storage Ltd,LKSDB-1,"{'negative1': 0.0, 'positive1': 0.0, 'negative2': 0.0, 'positive2': 0.0, 'negative3': None, 'positive3': None, 'negative4': None, 'positive4': None, 'negative5': None, 'positive5': None, 'negative6': None, 'positive6': None}",0.0,offer
2026-09-15,47,2026-09-15T22:00:00Z,2026-09-16T22:44:29Z,T_LKSDB-1,T,Lakeside Energy Storage Ltd,LKSDB-1,"{'negative1': 0.0, 'positive1': 0.0, 'negative2': 0.0, 'positive2': 0.0, 'negative3': None, 'positive3': None, 'negative4': None, 'positive4': None, 'negative5': None, 'positive5': None, 'negative6': None, 'positive6': None}",0.0,offer
2026-09-16,5,2026-09-16T01:00:00Z,2026-09-17T01:44:23Z,T_LKSDB-1,T,Lakeside Energy Storage Ltd,LKSDB-1,"{'negative1': 0.0, 'positive1': 0.0, 'negative2': 0.0, 'positive2': 0.0, 'negative3': None, 'positive3': 0.0, 'negative4': None, 'positive4': None, 'negative5': None, 'positive5': None, 'negative6': None, 'positive6': None}",0.0,bid
2026-09-16,8,2026-09-16T02:30:00Z,2026-09-17T03:14:32Z,T_LKSDB-1,T,Lakeside Energy Storage Ltd,LKSDB-1,"{'negative1': -821.999846304, 'positive1': 0.0, 'negative2': 0.0, 'positive2': 0.0, 'negative3': None, 'positive3': 0.0, 'negative4': None, 'positive4': None, 'negative5': None, 'positive5': None, 'negative6': None, 'positive6': None}",-821.999846304,bid
2026-09-16,9,2026-09-16T03:00:00Z,2026-09-17T03:44:24Z,T_LKSDB-1,T,Lakeside Energy Storage Ltd,LKSDB-1,"{'negative1': -332.0079624, 'positive1': 0.0, 'negative2': 0.0, 'positive2': 0.0, 'negative3': None, 'positive3': None, 'negative4': None, 'positive4': None, 'negative5': None, 'positive5': None, 'negative6': None, 'positive6': None}",-332.0079624,bid
2026-09-16,11,2026-09-16T04:00:00Z,2026-09-17T04:44:29Z,T_LKSDB-1,T,Lakeside Energy Storage Ltd,LKSDB-1,"{'negative1': -993.332592, 'positive1': 0.0, 'negative2': 0.0, 'positive2': 0.0, 'negative3': 0.0, 'positive3': None, 'negative4': None, 'positive4': None, 'negative5': None, 'positive5': None, 'negative6': None, 'positive6': None}",-993.332592,bid
2026-09-16,23,2026-09-16T10:00:00Z,2026-09-17T10:44:24Z,T_LKSDB-1,T,Lakeside Energy Storage Ltd,LKSDB-1,"{'negative1': -11.02615488, 'positive1': 0.0, 'negative2': 0.0, 'positive2': 0.0, 'negative3': None, 'positive3': 0.0, 'negative4': None, 'positive4': None, 'negative5': None, 'positive5': None, 'negative6': None, 'positive6': None}",-11.02615488,bid
2026-09-16,24,2026-09-16T10:30:00Z,2026-09-17T11:14:22Z,T_LKSDB-1,T,Lakeside Energy Storage Ltd,LKSDB-1,"{'negative1': -1168.8129498168, 'positive1': 0.0, 'negative2': 0.0, 'positive2': 0.0, 'negative3': None, 'positive3': 0.0, 'negative4': None, 'positive4': None, 'negative5': None, 'positive5': None, 'negative6': None, 'positive6': None}",-1168.8129498168,bid
2026-09-16,25,2026-09-16T11:00:00Z,2026-09-17T11:44:46Z,T_LKSDB-1,T,Lakeside Energy Storage Ltd,LKSDB-1,"{'negative1': 0.0, 'positive1': 0.0, 'negative2': 0.0, 'positive2': 0.0, 'negative3': None, 'positive3': 0.0, 'negative4': None, 'positive4': None, 'negative5': None, 'positive5': None, 'negative6': None, 'positive6': None}",0.0,bid
2026-09-16,26,2026-09-16T11:30:00Z,2026-09-17T12:14:26Z,T_LKSDB-1,T,Lakeside Energy Storage Ltd,LKSDB-1,"{'negative1': 0.0, 'positive1': 0.0, 'negative2': 0.0, 'positive2': 0.0, 'negative3': None, 'positive3': 0.0, 'negative4': None, 'positive4': None, 'negative5': None, 'positive5': None, 'negative6': None, 'positive6': None}",0.0,bid
2026-09-16,27,2026-09-16T12:00:00Z,2026-09-17T12:45:10Z,T_LKSDB-1,T,Lakeside Energy Storage Ltd,LKSDB-1,"{'negative1': -296.58073104, 'positive1': 0.0, 'negative2': 0.0, 'positive2': 0.0, 'negative3': None, 'positive3': 0.0, 'negative4': None, 'positive4': None, 'negative5': None, 'positive5': None, 'negative6': None, 'positive6': None}",-296.58073104,bid
2026-09-16,28,2026-09-16T12:30:00Z,2026-09-17T13:15:05Z,T_LKSDB-1,T,Lakeside Energy Storage Ltd,LKSDB-1,"{'negative1': -1487.552256, 'positive1': 0.0, 'negative2': 0.0, 'positive2': 0.0, 'negative3': None, 'positive3': 0.0, 'negative4': None, 'positive4': None, 'negative5': None, 'positive5': None, 'negative6': None, 'positive6': None}",-1487.552256,bid
2026-09-16,32,2026-09-16T14:30:00Z,2026-09-17T15:14:27Z,T_LKSDB-1,T,Lakeside Energy Storage Ltd,LKSDB-1,"{'negative1': -287.7239232, 'positive1': 0.0, 'negative2': 0.0, 'positive2': 0.0, 'negative3': None, 'positive3': None, 'negative4': None, 'positive4': None, 'negative5': None, 'positive5': None, 'negative6': None, 'positive6': None}",-287.7239232,bid
2026-09-16,33,2026-09-16T15:00:00Z,2026-09-17T15:44:34Z,T_LKSDB-1,T,Lakeside Energy Storage Ltd,LKSDB-1,"{'negative1': -154.137816, 'positive1': 0.0, 'negative2': 0.0, 'positive2': 0.0, 'negative3': None, 'positive3': None, 'negative4': None, 'positive4': None, 'negative5': None, 'positive5': None, 'negative6': None, 'positive6': None}",-154.137816,bid
2026-09-16,34,2026-09-16T15:30:00Z,2026-09-17T16:14:51Z,T_LKSDB-1,T,Lakeside Energy Storage Ltd,LKSDB-1,"{'negative1': -47.560079448, 'positive1': 0.0, 'negative2': 0.0, 'positive2': 0.0, 'negative3': None, 'positive3': None, 'negative4': None, 'positive4': None, 'negative5': None, 'positive5': None, 'negative6': None, 'positive6': None}",-47.560079448,bid
2026-09-16,36,2026-09-16T16:30:00Z,2026-09-17T17:14:35Z,T_LKSDB-1,T,Lakeside Energy Storage Ltd,LKSDB-1,"{'negative1': -5810.06594304, 'positive1': 0.0, 'negative2': 0.0, 'positive2': 0.0, 'negative3': 0.0, 'positive3': None, 'negative4': None, 'positive4': None, 'negative5': None, 'positive5': None, 'negative6': None, 'positive6': None}",-5810.06594304,bid
2026-09-16,37,2026-09-16T17:00:00Z,2026-09-17T17:44:27Z,T_LKSDB-1,T,Lakeside Energy Storage Ltd,LKSDB-1,"{'negative1': -816.120589608, 'positive1': 0.0, 'negative2': 0.0, 'positive2': 0.0, 'negative3': 0.0, 'positive3': None, 'negative4': None, 'positive4': None, 'negative5': None, 'positive5': None, 'negative6': None, 'positive6': None}",-816.120589608,bid
2026-09-16,44,2026-09-16T20:30:00Z,2026-09-17T21:14:28Z,T_LKSDB-1,T,Lakeside Energy Storage Ltd,LKSDB-1,"{'negative1': -232.72363584, 'positive1': 0.0, 'negative2': 0.0, 'positive2': 0.0, 'negative3': 0.0, 'positive3': None, 'negative4': None, 'positive4': None, 'negative5': None, 'positive5': None, 'negative6': None, 'positive6': None}",-232.72363584,bid
2026-09-16,46,2026-09-16T21:30:00Z,2026-09-17T22:15:16Z,T_LKSDB-1,T,Lakeside Energy Storage Ltd,LKSDB-1,"{'negative1': 0.0, 'positive1': 0.0, 'negative2': 0.0, 'positive2': 0.0, 'negative3': 0.0, 'positive3': None, 'negative4': None, 'positive4': None, 'negative5': None, 'positive5': None, 'negative6': None, 'positive6': None}",0.0,bid
2026-09-16,47,2026-09-16T22:00:00Z,2026-09-17T22:47:23Z,T_LKSDB-1,T,Lakeside Energy Storage Ltd,LKSDB-1,"{'negative1': 0.0, 'positive1': 0.0, 'negative2': 0.0, 'positive2': 0.0, 'negative3': 0.0, 'positive3': None, 'negative4': None, 'positive4': None, 'negative5': None, 'positive5': None, 'negative6': None, 'positive6': None}",0.0,bid
2026-09-16,5,2026-09-16T01:00:00Z,2026-09-17T01:44:23Z,T_LKSDB-1,T,Lakeside Energy Storage Ltd,LKSDB-1,"{'negative1': 0.0, 'positive1': 410.3817408, 'negative2': 0.0, 'positive2': 0.0, 'negative3': None, 'positive3': 0.0, 'negative4': None, 'positive4': None, 'negative5': None, 'positive5': None, 'negative6': None, 'positive6': None}",410.3817408,offer
2026-09-16,8,2026-09-16T02:30:00Z,2026-09-17T03:14:32Z,T_LKSDB-1,T,Lakeside Energy Storage Ltd,LKSDB-1,"{'negative1': 0.0, 'positive1': 0.0, 'negative2': 0.0, 'positive2': 0.0, 'negative3': None, 'positive3': 0.0, 'negative4': None, 'positive4': None, 'negative5': None, 'positive5': None, 'negative6': None, 'positive6': None}",0.0,offer
2026-09-16,9,2026-09-16T03:00:00Z,2026-09-17T03:44:24Z,T_LKSDB-1,T,Lakeside Energy Storage Ltd,LKSDB-1,"{'negative1': 0.0, 'positive1': 0.0, 'negative2': 0.0, 'positive2': 0.0, 'negative3': None, 'positive3': None, 'negative4': None, 'positive4': None, 'negative5': None, 'positive5': None, 'negative6': None, 'positive6': None}",0.0,offer
2026-09-16,11,2026-09-16T04:00:00Z,2026-09-17T04:44:29Z,T_LKSDB-1,T,Lakeside Energy Storage Ltd,LKSDB-1,"{'negative1': 0.0, 'positive1': 0.0, 'negative2': 0.0, 'positive2': 0.0, 'negative3': 0.0, 'positive3': None, 'negative4': None, 'positive4': None, 'negative5': None, 'positive5': None, 'negative6': None, 'positive6': None}",0.0,offer
2026-09-16,23,2026-09-16T10:00:00Z,2026-09-17T10:44:24Z,T_LKSDB-1,T,Lakeside Energy Storage Ltd,LKSDB-1,"{'negative1': 0.0, 'positive1': 0.0, 'negative2': 0.0, 'positive2': 0.0, 'negative3': None, 'positive3': 0.0, 'negative4': None, 'positive4': None, 'negative5': None, 'positive5': None, 'negative6': None, 'positive6': None}",0.0,offer
2026-09-16,24,2026-09-16T10:30:00Z,2026-09-17T11:14:22Z,T_LKSDB-1,T,Lakeside Energy Storage Ltd,LKSDB-1,"{'negative1': 0.0, 'positive1': 0.0, 'negative2': 0.0, 'positive2': 0.0, 'negative3': None, 'positive3': 0.0, 'negative4': None, 'positive4': None, 'negative5': None, 'positive5': None, 'negative6': None, 'positive6': None}",0.0,offer
2026-09-16,25,2026-09-16T11:00:00Z,2026-09-17T11:44:46Z,T_LKSDB-1,T,Lakeside Energy Storage Ltd,LKSDB-1,"{'negative1': 0.0, 'positive1': 1531.68949728, 'negative2': 0.0, 'positive2': 0.0, 'negative3': None, 'positive3': 0.0, 'negative4': None, 'positive4': None, 'negative5': None, 'positive5': None, 'negative6': None, 'positive6': None}",1531.68949728,offer
2026-09-16,26,2026-09-16T11:30:00Z,2026-09-17T12:14:26Z,T_LKSDB-1,T,Lakeside Energy Storage Ltd,LKSDB-1,"{'negative1': 0.0, 'positive1': 30.357809856, 'negative2': 0.0, 'positive2': 0.0, 'negative3': None, 'positive3': 0.0, 'negative4': None, 'positive4': None, 'negative5': None, 'positive5': None, 'negative6': None, 'positive6': None}",30.357809856,offer
2026-09-16,27,2026-09-16T12:00:00Z,2026-09-17T12:45:10Z,T_LKSDB-1,T,Lakeside Energy Storage Ltd,LKSDB-1,"{'negative1': 0.0, 'positive1': 0.0, 'negative2': 0.0, 'positive2': 0.0, 'negative3': None, 'positive3': 0.0, 'negative4': None, 'positive4': None, 'negative5': None, 'positive5': None, 'negative6': None, 'positive6': None}",0.0,offer
2026-09-16,28,2026-09-16T12:30:00Z,2026-09-17T13:15:05Z,T_LKSDB-1,T,Lakeside Energy Storage Ltd,LKSDB-1,"{'negative1': 0.0, 'positive1': 0.0, 'negative2': 0.0, 'positive2': 0.0, 'negative3': None, 'positive3': 0.0, 'negative4': None, 'positive4': None, 'negative5': None, 'positive5': None, 'negative6': None, 'positive6': None}",0.0,offer
2026-09-16,32,2026-09-16T14:30:00Z,2026-09-17T15:14:27Z,T_LKSDB-1,T,Lakeside Energy Storage Ltd,LKSDB-1,"{'negative1': 0.0, 'positive1': 0.0, 'negative2': 0.0, 'positive2': 0.0, 'negative3': None, 'positive3': None, 'negative4': None, 'positive4': None, 'negative5': None, 'positive5': None, 'negative6': None, 'positive6': None}",0.0,offer
2026-09-16,33,2026-09-16T15:00:00Z,2026-09-17T15:44:34Z,T_LKSDB-1,T,Lakeside Energy Storage Ltd,LKSDB-1,"{'negative1': 0.0, 'positive1': 0.0, 'negative2': 0.0, 'positive2': 0.0, 'negative3': None, 'positive3': None, 'negative4': None, 'positive4': None, 'negative5': None, 'positive5': None, 'negative6': None, 'positive6': None}",0.0,offer
2026-09-16,34,2026-09-16T15:30:00Z,2026-09-17T16:14:51Z,T_LKSDB-1,T,Lakeside Energy Storage Ltd,LKSDB-1,"{'negative1': 0.0, 'positive1': 0.0, 'negative2': 0.0, 'positive2': 0.0, 'negative3': None, 'positive3': None, 'negative4': None, 'positive4': None, 'negative5': None, 'positive5': None, 'negative6': None, 'positive6': None}",0.0,offer
2026-09-16,36,2026-09-16T16:30:00Z,2026-09-17T17:14:35Z,T_LKSDB-1,T,Lakeside Energy Storage Ltd,LKSDB-1,"{'negative1': 0.0, 'positive1': 0.0, 'negative2': 0.0, 'positive2': 0.0, 'negative3': 0.0, 'positive3': None, 'negative4': None, 'positive4': None, 'negative5': None, 'positive5': None, 'negative6': None, 'positive6': None}",0.0,offer
2026-09-16,37,2026-09-16T17:00:00Z,2026-09-17T17:44:27Z,T_LKSDB-1,T,Lakeside Energy Storage Ltd,LKSDB-1,"{'negative1': 0.0, 'positive1': 0.0, 'negative2': 0.0, 'positive2': 0.0, 'negative3': 0.0, 'positive3': None, 'negative4': None, 'positive4': None, 'negative5': None, 'positive5': None, 'negative6': None, 'positive6': None}",0.0,offer
2026-09-16,44,2026-09-16T20:30:00Z,2026-09-17T21:14:28Z,T_LKSDB-1,T,Lakeside Energy Storage Ltd,LKSDB-1,"{'negative1': 0.0, 'positive1': 0.0, 'negative2': 0.0, 'positive2': 0.0, 'negative3': 0.0, 'positive3': None, 'negative4': None, 'positive4': None, 'negative5': None, 'positive5': None, 'negative6': None, 'positive6': None}",0.0,offer
2026-09-16,46,2026-09-16T21:30:00Z,2026-09-17T22:15:16Z,T_LKSDB-1,T,Lakeside Energy Storage Ltd,LKSDB-1,"{'negative1': 0.0, 'positive1': 1.60662168, 'negative2': 0.0, 'positive2': 0.0, 'negative3': 0.0, 'positive3': None, 'negative4': None, 'positive4': None, 'negative5': None, 'positive5': None, 'negative6': None, 'positive6': None}",1.60662168,offer
2026-09-16,47,2026-09-16T22:00:00Z,2026-09-17T22:47:23Z,T_LKSDB-1,T,Lakeside Energy Storage Ltd,LKSDB-1,"{'negative1': 0.0, 'positive1': 1.60662168, 'negative2': 0.0, 'positive2': 0.0, 'negative3': 0.0, 'positive3': None, 'negative4': None, 'positive4': None, 'negative5': None, 'positive5': None, 'negative6': None, 'positive6': None}",1.60662168,offer
2026-09-17,1,2026-09-16T23:00:00Z,2026-09-17T23:44:29Z,T_LKSDB-1,T,Lakeside Energy Storage Ltd,LKSDB-1,"{'negative1': 0.0, 'positive1': 0.0, 'negative2': 0.0, 'positive2': 0.0, 'negative3': None, 'positive3': None, 'negative4': None, 'positive4': None, 'negative5': None, 'positive5': None, 'negative6': None, 'positive6': None}",0.0,bid
2026-09-17,2,2026-09-16T23:30:00Z,2026-09-18T00:14:49Z,T_LKSDB-1,T,Lakeside Energy Storage Ltd,LKSDB-1,"{'negative1': 0.0, 'positive1': 0.0, 'negative2': 0.0, 'positive2': 0.0, 'negative3': None, 'positive3': None, 'negative4': None, 'positive4': None, 'negative5': None, 'positive5': None, 'negative6': None, 'positive6': None}",0.0,bid
2026-09-17,3,2026-09-17T00:00:00Z,2026-09-18T00:44:59Z,T_LKSDB-1,T,Lakeside Energy Storage Ltd,LKSDB-1,"{'negative1': 0.0, 'positive1': 0.0, 'negative2': 0.0, 'positive2': 0.0, 'negative3': None, 'positive3': None, 'negative4': None, 'positive4': None, 'negative5': None, 'positive5': None, 'negative6': None, 'positive6': None}",0.0,bid
2026-09-17,4,2026-09-17T00:30:00Z,2026-09-18T01:14:30Z,T_LKSDB-1,T,Lakeside Energy Storage Ltd,LKSDB-1,"{'negative1': 0.0, 'positive1': 0.0, 'negative2': 0.0, 'positive2': 0.0, 'negative3': None, 'positive3': 0.0, 'negative4': None, 'positive4': None, 'negative5': None, 'positive5': None, 'negative6': None, 'positive6': None}",0.0,bid
2026-09-17,5,2026-09-17T01:00:00Z,2026-09-18T01:44:48Z,T_LKSDB-1,T,Lakeside Energy Storage Ltd,LKSDB-1,"{'negative1': 0.0, 'positive1': 0.0, 'negative2': 0.0, 'positive2': 0.0, 'negative3': None, 'positive3': 0.0, 'negative4': None, 'positive4': None, 'negative5': None, 'positive5': None, 'negative6': None, 'positive6': None}",0.0,bid
2026-09-17,6,2026-09-17T01:30:00Z,2026-09-18T02:16:55Z,T_LKSDB-1,T,Lakeside Energy Storage Ltd,LKSDB-1,"{'negative1': -12.565901952, 'positive1': 0.0, 'negative2': 0.0, 'positive2': 0.0, 'negative3': None, 'positive3': 0.0, 'negative4': None, 'positive4': None, 'negative5': None, 'positive5': None, 'negative6': None, 'positive6': None}",-12.565901952,bid
2026-09-17,7,2026-09-17T02:00:00Z,2026-09-18T02:44:32Z,T_LKSDB-1,T,Lakeside Energy Storage Ltd,LKSDB-1,"{'negative1': -296.2871352, 'positive1': 0.0, 'negative2': 0.0, 'positive2': 0.0, 'negative3': None, 'positive3': 0.0, 'negative4': None, 'positive4': None, 'negative5': None, 'positive5': None, 'negative6': None, 'positive6': None}",-296.2871352,bid
2026-09-17,8,2026-09-17T02:30:00Z,2026-09-18T03:15:01Z,T_LKSDB-1,T,Lakeside Energy Storage Ltd,LKSDB-1,"{'negative1': 0.0, 'positive1': 0.0, 'negative2': 0.0, 'positive2': 0.0, 'negative3': None, 'positive3': 0.0, 'negative4': None, 'positive4': None, 'negative5': None, 'positive5': None, 'negative6': None, 'positive6': None}",0.0,bid
2026-09-17,9,2026-09-17T03:00:00Z,2026-09-18T03:44:27Z,T_LKSDB-1,T,Lakeside Energy Storage Ltd,LKSDB-1,"{'negative1': 0.0, 'positive1': 0.0, 'negative2': 0.0, 'positive2': 0.0, 'negative3': None, 'positive3': None, 'negative4': None, 'positive4': None, 'negative5': None, 'positive5': None, 'negative6': None, 'positive6': None}",0.0,bid
2026-09-17,10,2026-09-17T03:30:00Z,2026-09-18T04:14:27Z,T_LKSDB-1,T,Lakeside Energy Storage Ltd,LKSDB-1,"{'negative1': 0.0, 'positive1': 0.0, 'negative2': 0.0, 'positive2': 0.0, 'negative3': None, 'positive3': None, 'negative4': None, 'positive4': None, 'negative5': None, 'positive5': None, 'negative6': None, 'positive6': None}",0.0,bid
2026-09-17,12,2026-09-17T04:30:00Z,2026-09-18T05:14:31Z,T_LKSDB-1,T,Lakeside Energy Storage Ltd,LKSDB-1,"{'negative1': -17.33031, 'positive1': 0.0, 'negative2': 0.0, 'positive2': 0.0, 'negative3': None, 'positive3': None, 'negative4': None, 'positive4': None, 'negative5': None, 'positive5': None, 'negative6': None, 'positive6': None}",-17.33031,bid
2026-09-17,13,2026-09-17T05:00:00Z,2026-09-18T05:44:53Z,T_LKSDB-1,T,Lakeside Energy Storage Ltd,LKSDB-1,"{'negative1': -294.61527, 'positive1': 0.0, 'negative2': 0.0, 'positive2': 0.0, 'negative3': None, 'positive3': None, 'negative4': None, 'positive4': None, 'negative5': None, 'positive5': None, 'negative6': None, 'positive6': None}",-294.61527,bid
2026-09-17,14,2026-09-17T05:30:00Z,2026-09-18T06:14:30Z,T_LKSDB-1,T,Lakeside Energy Storage Ltd,LKSDB-1,"{'negative1': 0.0, 'positive1': 0.0, 'negative2': 0.0, 'positive2': 0.0, 'negative3': 0.0, 'positive3': None, 'negative4': None, 'positive4': None, 'negative5': None, 'positive5': None, 'negative6': None, 'positive6': None}",0.0,bid
2026-09-17,15,2026-09-17T06:00:00Z,2026-09-18T06:45:15Z,T_LKSDB-1,T,Lakeside Energy Storage Ltd,LKSDB-1,"{'negative1': 0.0, 'positive1': 0.0, 'negative2': 0.0, 'positive2': 0.0, 'negative3': 0.0, 'positive3': None, 'negative4': None, 'positive4': None, 'negative5': None, 'positive5': None, 'negative6': None, 'positive6': None}",0.0,bid
2026-09-17,16,2026-09-17T06:30:00Z,2026-09-18T07:14:28Z,T_LKSDB-1,T,Lakeside Energy Storage Ltd,LKSDB-1,"{'negative1': 0.0, 'positive1': 0.0, 'negative2': 0.0, 'positive2': 0.0, 'negative3': None, 'positive3': None, 'negative4': None, 'positive4': None, 'negative5': None, 'positive5': None, 'negative6': None, 'positive6': None}",0.0,bid
2026-09-17,21,2026-09-17T09:00:00Z,2026-09-18T09:44:54Z,T_LKSDB-1,T,Lakeside Energy Storage Ltd,LKSDB-1,"{'negative1': 0.0, 'positive1': 0.0, 'negative2': 0.0, 'positive2': 0.0, 'negative3': None, 'positive3': 0.0, 'negative4': None, 'positive4': None, 'negative5': None, 'positive5': None, 'negative6': None, 'positive6': None}",0.0,bid
2026-09-17,22,2026-09-17T09:30:00Z,2026-09-18T10:14:46Z,T_LKSDB-1,T,Lakeside Energy Storage Ltd,LKSDB-1,"{'negative1': 0.0, 'positive1': 0.0, 'negative2': 0.0, 'positive2': 0.0, 'negative3': None, 'positive3': 0.0, 'negative4': None, 'positive4': None, 'negative5': None, 'positive5': None, 'negative6': None, 'positive6': None}",0.0,bid
2026-09-17,23,2026-09-17T10:00:00Z,2026-09-18T10:44:32Z,T_LKSDB-1,T,Lakeside Energy Storage Ltd,LKSDB-1,"{'negative1': 0.0, 'positive1': 0.0, 'negative2': 0.0, 'positive2': 0.0, 'negative3': None, 'positive3': 0.0, 'negative4': None, 'positive4': None, 'negative5': None, 'positive5': None, 'negative6': None, 'positive6': None}",0.0,bid
2026-09-17,24,2026-09-17T10:30:00Z,2026-09-18T11:14:29Z,T_LKSDB-1,T,Lakeside Energy Storage Ltd,LKSDB-1,"{'negative1': 0.0, 'positive1': 0.0, 'negative2': 0.0, 'positive2': 0.0, 'negative3': None, 'positive3': 0.0, 'negative4': None, 'positive4': None, 'negative5': None, 'positive5': None, 'negative6': None, 'positive6': None}",0.0,bid
2026-09-17,25,2026-09-17T11:00:00Z,2026-09-18T11:44:34Z,T_LKSDB-1,T,Lakeside Energy Storage Ltd,LKSDB-1,"{'negative1': 0.0, 'positive1': 0.0, 'negative2': 0.0, 'positive2': 0.0, 'negative3': None, 'positive3': 0.0, 'negative4': None, 'positive4': None, 'negative5': None, 'positive5': None, 'negative6': None, 'positive6': None}",0.0,bid
2026-09-17,26,2026-09-17T11:30:00Z,2026-09-18T12:14:29Z,T_LKSDB-1,T,Lakeside Energy Storage Ltd,LKSDB-1,"{'negative1': 0.0, 'positive1': 0.0, 'negative2': 0.0, 'positive2': 0.0, 'negative3': None, 'positive3': 0.0, 'negative4': None, 'positive4': None, 'negative5': None, 'positive5': None, 'negative6': None, 'positive6': None}",0.0,bid
2026-09-17,27,2026-09-17T12:00:00Z,2026-09-18T12:45:18Z,T_LKSDB-1,T,Lakeside Energy Storage Ltd,LKSDB-1,"{'negative1': 0.0, 'positive1': 0.0, 'negative2': 0.0, 'positive2': 0.0, 'negative3': None, 'positive3': 0.0, 'negative4': None, 'positive4': None, 'negative5': None, 'positive5': None, 'negative6': None, 'positive6': None}",0.0,bid
2026-09-17,28,2026-09-17T12:30:00Z,2026-09-18T13:14:36Z,T_LKSDB-1,T,Lakeside Energy Storage Ltd,LKSDB-1,"{'negative1': 0.0, 'positive1': 0.0, 'negative2': 0.0, 'positive2': 0.0, 'negative3': None, 'positive3': 0.0, 'negative4': None, 'positive4': None, 'negative5': None, 'positive5': None, 'negative6': None, 'positive6': None}",0.0,bid
2026-09-17,29,2026-09-17T13:00:00Z,2026-09-18T13:44:28Z,T_LKSDB-1,T,Lakeside Energy Storage Ltd,LKSDB-1,"{'negative1': 0.0, 'positive1': 0.0, 'negative2': 0.0, 'positive2': 0.0, 'negative3': None, 'positive3': 0.0, 'negative4': None, 'positive4': None, 'negative5': None, 'positive5': None, 'negative6': None, 'positive6': None}",0.0,bid
2026-09-17,31,2026-09-17T14:00:00Z,2026-09-18T14:44:30Z,T_LKSDB-1,T,Lakeside Energy Storage Ltd,LKSDB-1,"{'negative1': 0.0, 'positive1': 0.0, 'negative2': 0.0, 'positive2': 0.0, 'negative3': None, 'positive3': 0.0, 'negative4': None, 'positive4': None, 'negative5': None, 'positive5': None, 'negative6': None, 'positive6': None}",0.0,bid
2026-09-17,32,2026-09-17T14:30:00Z,2026-09-18T15:14:32Z,T_LKSDB-1,T,Lakeside Energy Storage Ltd,LKSDB-1,"{'negative1': 0.0, 'positive1': 0.0, 'negative2': 0.0, 'positive2': 0.0, 'negative3': None, 'positive3': 0.0, 'negative4': None, 'positive4': None, 'negative5': None, 'positive5': None, 'negative6': None, 'positive6': None}",0.0,bid
2026-09-17,33,2026-09-17T15:00:00Z,2026-09-18T15:44:37Z,T_LKSDB-1,T,Lakeside Energy Storage Ltd,LKSDB-1,"{'negative1': 0.0, 'positive1': 0.0, 'negative2': 0.0, 'positive2': 0.0, 'negative3': None, 'positive3': None, 'negative4': None, 'positive4': None, 'negative5': None, 'positive5': None, 'negative6': None, 'positive6': None}",0.0,bid
2026-09-17,34,2026-09-17T15:30:00Z,2026-09-18T16:14:33Z,T_LKSDB-1,T,Lakeside Energy Storage Ltd,LKSDB-1,"{'negative1': 0.0, 'positive1': 0.0, 'negative2': 0.0, 'positive2': 0.0, 'negative3': None, 'positive3': None, 'negative4': None, 'positive4': None, 'negative5': None, 'positive5': None, 'negative6': None, 'positive6': None}",0.0,bid
2026-09-17,35,2026-09-17T16:00:00Z,2026-09-18T16:44:34Z,T_LKSDB-1,T,Lakeside Energy Storage Ltd,LKSDB-1,"{'negative1': 0.0, 'positive1': 0.0, 'negative2': 0.0, 'positive2': 0.0, 'negative3': None, 'positive3': None, 'negative4': None, 'positive4': None, 'negative5': None, 'positive5': None, 'negative6': None, 'positive6': None}",0.0,bid
2026-09-17,36,2026-09-17T16:30:00Z,2026-09-18T17:14:36Z,T_LKSDB-1,T,Lakeside Energy Storage Ltd,LKSDB-1,"{'negative1': 0.0, 'positive1': 0.0, 'negative2': 0.0, 'positive2': 0.0, 'negative3': None, 'positive3': None, 'negative4': None, 'positive4': None, 'negative5': None, 'positive5': None, 'negative6': None, 'positive6': None}",0.0,bid
2026-09-17,37,2026-09-17T17:00:00Z,2026-09-18T17:44:28Z,T_LKSDB-1,T,Lakeside Energy Storage Ltd,LKSDB-1,"{'negative1': -3138.0198649632, 'positive1': 0.0, 'negative2': 0.0, 'positive2': 0.0, 'negative3': None, 'positive3': None, 'negative4': None, 'positive4': None, 'negative5': None, 'positive5': None, 'negative6': None, 'positive6': None}",-3138.0198649632,bid
2026-09-17,38,2026-09-17T17:30:00Z,2026-09-18T18:14:29Z,T_LKSDB-1,T,Lakeside Energy Storage Ltd,LKSDB-1,"{'negative1': -3357.9745283952, 'positive1': 0.0, 'negative2': 0.0, 'positive2': 0.0, 'negative3': None, 'positive3': None, 'negative4': None, 'positive4': None, 'negative5': None, 'positive5': None, 'negative6': None, 'positive6': None}",-3357.9745283952,bid
2026-09-17,39,2026-09-17T18:00:00Z,2026-09-18T18:44:35Z,T_LKSDB-1,T,Lakeside Energy Storage Ltd,LKSDB-1,"{'negative1': -1728.943493472, 'positive1': 0.0, 'negative2': 0.0, 'positive2': 0.0, 'negative3': None, 'positive3': None, 'negative4': None, 'positive4': None, 'negative5': None, 'positive5': None, 'negative6': None, 'positive6': None}",-1728.943493472,bid
2026-09-17,40,2026-09-17T18:30:00Z,2026-09-18T19:14:38Z,T_LKSDB-1,T,Lakeside Energy Storage Ltd,LKSDB-1,"{'negative1': -5638.278123792, 'positive1': 0.0, 'negative2': -129.740001696, 'positive2': 0.0, 'negative3': 0.0, 'positive3': None, 'negative4': None, 'positive4': None, 'negative5': None, 'positive5': None, 'negative6': None, 'positive6': None}",-5768.018125488,bid
2026-09-17,41,2026-09-17T19:00:00Z,2026-09-18T19:44:36Z,T_LKSDB-1,T,Lakeside Energy Storage Ltd,LKSDB-1,"{'negative1': -579.789802656, 'positive1': 0.0, 'negative2': 0.0, 'positive2': 0.0, 'negative3': 0.0, 'positive3': None, 'negative4': None, 'positive4': None, 'negative5': None, 'positive5': None, 'negative6': None, 'positive6': None}",-579.789802656,bid
2026-09-17,42,2026-09-17T19:30:00Z,2026-09-18T20:14:35Z,T_LKSDB-1,T,Lakeside Energy Storage Ltd,LKSDB-1,"{'negative1': -4805.754716277792, 'positive1': 0.0, 'negative2': -205.828749770688, 'positive2': 0.0, 'negative3': 0.0, 'positive3': None, 'negative4': None, 'positive4': None, 'negative5': None, 'positive5': None, 'negative6': None, 'positive6': None}",-5011.58346604848,bid
2026-09-17,43,2026-09-17T20:00:00Z,2026-09-18T20:44:37Z,T_LKSDB-1,T,Lakeside Energy Storage Ltd,LKSDB-1,"{'negative1': -301.31088624, 'positive1': 0.0, 'negative2': 0.0, 'positive2': 0.0, 'negative3': None, 'positive3': None, 'negative4': None, 'positive4': None, 'negative5': None, 'positive5': None, 'negative6': None, 'positive6': None}",-301.31088624,bid
2026-09-17,46,2026-09-17T21:30:00Z,2026-09-18T22:14:36Z,T_LKSDB-1,T,Lakeside Energy Storage Ltd,LKSDB-1,"{'negative1': 0.0, 'positive1': 0.0, 'negative2': 0.0, 'positive2': 0.0, 'negative3': None, 'positive3': None, 'negative4': None, 'positive4': None, 'negative5': None, 'positive5': None, 'negative6': None, 'positive6': None}",0.0,bid
2026-09-17,47,2026-09-17T22:00:00Z,2026-09-18T22:44:40Z,T_LKSDB-1,T,Lakeside Energy Storage Ltd,LKSDB-1,"{'negative1': 0.0, 'positive1': 0.0, 'negative2': 0.0, 'positive2': 0.0, 'negative3': None, 'positive3': None, 'negative4': None, 'positive4': None, 'negative5': None, 'positive5': None, 'negative6': None, 'positive6': None}",0.0,bid
2026-09-17,48,2026-09-17T22:30:00Z,2026-09-18T23:14:37Z,T_LKSDB-1,T,Lakeside Energy Storage Ltd,LKSDB-1,"{'negative1': 0.0, 'positive1': 0.0, 'negative2': 0.0, 'positive2': 0.0, 'negative3': None, 'positive3': None, 'negative4': None, 'positive4': None, 'negative5': None, 'positive5': None, 'negative6': None, 'positive6': None}",0.0,bid
2026-09-17,1,2026-09-16T23:00:00Z,2026-09-17T23:44:29Z,T_LKSDB-1,T,Lakeside Energy Storage Ltd,LKSDB-1,"{'negative1': 0.0, 'positive1': 202.4180208, 'negative2': 0.0, 'positive2': 0.0, 'negative3': None, 'positive3': None, 'negative4': None, 'positive4': None, 'negative5': None, 'positive5': None, 'negative6': None, 'positive6': None}",202.4180208,offer
2026-09-17,2,2026-09-16T23:30:00Z,2026-09-18T00:14:49Z,T_LKSDB-1,T,Lakeside Energy Storage Ltd,LKSDB-1,"{'negative1': 0.0, 'positive1': 1303.239312, 'negative2': 0.0, 'positive2': 0.0, 'negative3': None, 'positive3': None, 'negative4': None, 'positive4': None, 'negative5': None, 'positive5': None, 'negative6': None, 'positive6': None}",1303.239312,offer
2026-09-17,3,2026-09-17T00:00:00Z,2026-09-18T00:44:59Z,T_LKSDB-1,T,Lakeside Energy Storage Ltd,LKSDB-1,"{'negative1': 0.0, 'positive1': 1654.34731488, 'negative2': 0.0, 'positive2': 0.0, 'negative3': None, 'positive3': None, 'negative4': None, 'positive4': None, 'negative5': None, 'positive5': None, 'negative6': None, 'positive6': None}",1654.34731488,offer
2026-09-17,4,2026-09-17T00:30:00Z,2026-09-18T01:14:30Z,T_LKSDB-1,T,Lakeside Energy Storage Ltd,LKSDB-1,"{'negative1': 0.0, 'positive1': 155.54055168, 'negative2': 0.0, 'positive2': 353.48939136, 'negative3': None, 'positive3': 0.0, 'negative4': None, 'positive4': None, 'negative5': None, 'positive5': None, 'negative6': None, 'positive6': None}",509.02994304,offer
2026-09-17,5,2026-09-17T01:00:00Z,2026-09-18T01:44:48Z,T_LKSDB-1,T,Lakeside Energy Storage Ltd,LKSDB-1,"{'negative1': 0.0, 'positive1': 114.5023776, 'negative2': 0.0, 'positive2': 93.2982336, 'negative3': None, 'positive3': 0.0, 'negative4': None, 'positive4': None, 'negative5': None, 'positive5': None, 'negative6': None, 'positive6': None}",207.8006112,offer
2026-09-17,6,2026-09-17T01:30:00Z,2026-09-18T02:16:55Z,T_LKSDB-1,T,Lakeside Energy Storage Ltd,LKSDB-1,"{'negative1': 0.0, 'positive1': 68.70142656, 'negative2': 0.0, 'positive2': 0.0, 'negative3': None, 'positive3': 0.0, 'negative4': None, 'positive4': None, 'negative5': None, 'positive5': None, 'negative6': None, 'positive6': None}",68.70142656,offer
2026-09-17,7,2026-09-17T02:00:00Z,2026-09-18T02:44:32Z,T_LKSDB-1,T,Lakeside Energy Storage Ltd,LKSDB-1,"{'negative1': 0.0, 'positive1': 0.0, 'negative2': 0.0, 'positive2': 0.0, 'negative3': None, 'positive3': 0.0, 'negative4': None, 'positive4': None, 'negative5': None, 'positive5': None, 'negative6': None, 'positive6': None}",0.0,offer
2026-09-17,8,2026-09-17T02:30:00Z,2026-09-18T03:15:01Z,T_LKSDB-1,T,Lakeside Energy Storage Ltd,LKSDB-1,"{'negative1': 0.0, 'positive1': 1516.2594048, 'negative2': 0.0, 'positive2': 0.0, 'negative3': None, 'positive3': 0.0, 'negative4': None, 'positive4': None, 'negative5': None, 'positive5': None, 'negative6': None, 'positive6': None}",1516.2594048,offer
2026-09-17,9,2026-09-17T03:00:00Z,2026-09-18T03:44:27Z,T_LKSDB-1,T,Lakeside Energy Storage Ltd,LKSDB-1,"{'negative1': 0.0, 'positive1': 3196.93248, 'negative2': 0.0, 'positive2': 0.0, 'negative3': None, 'positive3': None, 'negative4': None, 'positive4': None, 'negative5': None, 'positive5': None, 'negative6': None, 'positive6': None}",3196.93248,offer
2026-09-17,10,2026-09-17T03:30:00Z,2026-09-18T04:14:27Z,T_LKSDB-1,T,Lakeside Energy Storage Ltd,LKSDB-1,"{'negative1': 0.0, 'positive1': 1694.2111056, 'negative2': 0.0, 'positive2': 0.0, 'negative3': None, 'positive3': None, 'negative4': None, 'positive4': None, 'negative5': None, 'positive5': None, 'negative6': None, 'positive6': None}",1694.2111056,offer
2026-09-17,12,2026-09-17T04:30:00Z,2026-09-18T05:14:31Z,T_LKSDB-1,T,Lakeside Energy Storage Ltd,LKSDB-1,"{'negative1': 34.66062, 'positive1': 2434.5619488, 'negative2': 0.0, 'positive2': 0.0, 'negative3': None, 'positive3': None, 'negative4': None, 'positive4': None, 'negative5': None, 'positive5': None, 'negative6': None, 'positive6': None}",2469.2225688,offer
2026-09-17,13,2026-09-17T05:00:00Z,2026-09-18T05:44:53Z,T_LKSDB-1,T,Lakeside Energy Storage Ltd,LKSDB-1,"{'negative1': 408.587544, 'positive1': 612.881316, 'negative2': 0.0, 'positive2': 0.0, 'negative3': None, 'positive3': None, 'negative4': None, 'positive4': None, 'negative5': None, 'positive5': None, 'negative6': None, 'positive6': None}",1021.46886,offer
2026-09-17,14,2026-09-17T05:30:00Z,2026-09-18T06:14:30Z,T_LKSDB-1,T,Lakeside Energy Storage Ltd,LKSDB-1,"{'negative1': 0.0, 'positive1': 682.31673216, 'negative2': 0.0, 'positive2': 0.0, 'negative3': 0.0, 'positive3': None, 'negative4': None, 'positive4': None, 'negative5': None, 'positive5': None, 'negative6': None, 'positive6': None}",682.31673216,offer
2026-09-17,15,2026-09-17T06:00:00Z,2026-09-18T06:45:15Z,T_LKSDB-1,T,Lakeside Energy Storage Ltd,LKSDB-1,"{'negative1': 0.0, 'positive1': 28.7071488, 'negative2': 0.0, 'positive2': 0.0, 'negative3': 0.0, 'positive3': None, 'negative4': None, 'positive4': None, 'negative5': None, 'positive5': None, 'negative6': None, 'positive6': None}",28.7071488,offer
2026-09-17,16,2026-09-17T06:30:00Z,2026-09-18T07:14:28Z,T_LKSDB-1,T,Lakeside Energy Storage Ltd,LKSDB-1,"{'negative1': 0.0, 'positive1': 417.558528, 'negative2': 0.0, 'positive2': 0.0, 'negative3': None, 'positive3': None, 'negative4': None, 'positive4': None, 'negative5': None, 'positive5': None, 'negative6': None, 'positive6': None}",417.558528,offer
2026-09-17,21,2026-09-17T09:00:00Z,2026-09-18T09:44:54Z,T_LKSDB-1,T,Lakeside Energy Storage Ltd,LKSDB-1,"{'negative1': 0.0, 'positive1': 46.992460824, 'negative2': 0.0, 'positive2': 0.0, 'negative3': None, 'positive3': 0.0, 'negative4': None, 'positive4': None, 'negative5': None, 'positive5': None, 'negative6': None, 'positive6': None}",46.992460824,offer
2026-09-17,22,2026-09-17T09:30:00Z,2026-09-18T10:14:46Z,T_LKSDB-1,T,Lakeside Energy Storage Ltd,LKSDB-1,"{'negative1': 0.0, 'positive1': 262.605168, 'negative2': 0.0, 'positive2': 0.0, 'negative3': None, 'positive3': 0.0, 'negative4': None, 'positive4': None, 'negative5': None, 'positive5': None, 'negative6': None, 'positive6': None}",262.605168,offer
2026-09-17,23,2026-09-17T10:00:00Z,2026-09-18T10:44:32Z,T_LKSDB-1,T,Lakeside Energy Storage Ltd,LKSDB-1,"{'negative1': 0.0, 'positive1': 621.4900353552, 'negative2': 0.0, 'positive2': 0.0, 'negative3': None, 'positive3': 0.0, 'negative4': None, 'positive4': None, 'negative5': None, 'positive5': None, 'negative6': None, 'positive6': None}",621.4900353552,offer
2026-09-17,24,2026-09-17T10:30:00Z,2026-09-18T11:14:29Z,T_LKSDB-1,T,Lakeside Energy Storage Ltd,LKSDB-1,"{'negative1': 0.0, 'positive1': 744.543147132, 'negative2': 0.0, 'positive2': 0.0, 'negative3': None, 'positive3': 0.0, 'negative4': None, 'positive4': None, 'negative5': None, 'positive5': None, 'negative6': None, 'positive6': None}",744.543147132,offer
2026-09-17,25,2026-09-17T11:00:00Z,2026-09-18T11:44:34Z,T_LKSDB-1,T,Lakeside Energy Storage Ltd,LKSDB-1,"{'negative1': 0.0, 'positive1': 1215.824412816, 'negative2': 0.0, 'positive2': 641.966877216, 'negative3': None, 'positive3': 0.0, 'negative4': None, 'positive4': None, 'negative5': None, 'positive5': None, 'negative6': None, 'positive6': None}",1857.791290032,offer
2026-09-17,26,2026-09-17T11:30:00Z,2026-09-18T12:14:29Z,T_LKSDB-1,T,Lakeside Energy Storage Ltd,LKSDB-1,"{'negative1': 0.0, 'positive1': 1330.326790416, 'negative2': 0.0, 'positive2': 131.7349854288, 'negative3': None, 'positive3': 0.0, 'negative4': None, 'positive4': None, 'negative5': None, 'positive5': None, 'negative6': None, 'positive6': None}",1462.0617758448,offer
2026-09-17,27,2026-09-17T12:00:00Z,2026-09-18T12:45:18Z,T_LKSDB-1,T,Lakeside Energy Storage Ltd,LKSDB-1,"{'negative1': 0.0, 'positive1': 1507.6146384, 'negative2': 0.0, 'positive2': 524.4763464, 'negative3': None, 'positive3': 0.0, 'negative4': None, 'positive4': None, 'negative5': None, 'positive5': None, 'negative6': None, 'positive6': None}",2032.0909848,offer
2026-09-17,28,2026-09-17T12:30:00Z,2026-09-18T13:14:36Z,T_LKSDB-1,T,Lakeside Energy Storage Ltd,LKSDB-1,"{'negative1': 0.0, 'positive1': 402.7907388024, 'negative2': 0.0, 'positive2': 13.922151624, 'negative3': None, 'positive3': 0.0, 'negative4': None, 'positive4': None, 'negative5': None, 'positive5': None, 'negative6': None, 'positive6': None}",416.7128904264,offer
2026-09-17,29,2026-09-17T13:00:00Z,2026-09-18T13:44:28Z,T_LKSDB-1,T,Lakeside Energy Storage Ltd,LKSDB-1,"{'negative1': 0.0, 'positive1': 268.5271592016, 'negative2': 0.0, 'positive2': 0.0, 'negative3': None, 'positive3': 0.0, 'negative4': None, 'positive4': None, 'negative5': None, 'positive5': None, 'negative6': None, 'positive6': None}",268.5271592016,offer
2026-09-17,31,2026-09-17T14:00:00Z,2026-09-18T14:44:30Z,T_LKSDB-1,T,Lakeside Energy Storage Ltd,LKSDB-1,"{'negative1': 0.0, 'positive1': 176.6797783776, 'negative2': 0.0, 'positive2': 0.0, 'negative3': None, 'positive3': 0.0, 'negative4': None, 'positive4': None, 'negative5': None, 'positive5': None, 'negative6': None, 'positive6': None}",176.6797783776,offer
2026-09-17,32,2026-09-17T14:30:00Z,2026-09-18T15:14:32Z,T_LKSDB-1,T,Lakeside Energy Storage Ltd,LKSDB-1,"{'negative1': 0.0, 'positive1': 14.248369224, 'negative2': 0.0, 'positive2': 0.0, 'negative3': None, 'positive3': 0.0, 'negative4': None, 'positive4': None, 'negative5': None, 'positive5': None, 'negative6': None, 'positive6': None}",14.248369224,offer
2026-09-17,33,2026-09-17T15:00:00Z,2026-09-18T15:44:37Z,T_LKSDB-1,T,Lakeside Energy Storage Ltd,LKSDB-1,"{'negative1': 0.0, 'positive1': 2501.8594979184, 'negative2': 0.0, 'positive2': 0.0, 'negative3': None, 'positive3': None, 'negative4': None, 'positive4': None, 'negative5': None, 'positive5': None, 'negative6': None, 'positive6': None}",2501.8594979184,offer
2026-09-17,34,2026-09-17T15:30:00Z,2026-09-18T16:14:33Z,T_LKSDB-1,T,Lakeside Energy Storage Ltd,LKSDB-1,"{'negative1': 0.0, 'positive1': 5243.0506584912, 'negative2': 0.0, 'positive2': 0.0, 'negative3': None, 'positive3': None, 'negative4': None, 'positive4': None, 'negative5': None, 'positive5': None, 'negative6': None, 'positive6': None}",5243.0506584912,offer
2026-09-17,35,2026-09-17T16:00:00Z,2026-09-18T16:44:34Z,T_LKSDB-1,T,Lakeside Energy Storage Ltd,LKSDB-1,"{'negative1': 0.0, 'positive1': 4661.5865440032, 'negative2': 0.0, 'positive2': 0.0, 'negative3': None, 'positive3': None, 'negative4': None, 'positive4': None, 'negative5': None, 'positive5': None, 'negative6': None, 'positive6': None}",4661.5865440032,offer
2026-09-17,36,2026-09-17T16:30:00Z,2026-09-18T17:14:36Z,T_LKSDB-1,T,Lakeside Energy Storage Ltd,LKSDB-1,"{'negative1': 0.0, 'positive1': 6299.44127568, 'negative2': 0.0, 'positive2': 0.0, 'negative3': None, 'positive3': None, 'negative4': None, 'positive4': None, 'negative5': None, 'positive5': None, 'negative6': None, 'positive6': None}",6299.44127568,offer
2026-09-17,37,2026-09-17T17:00:00Z,2026-09-18T17:44:28Z,T_LKSDB-1,T,Lakeside Energy Storage Ltd,LKSDB-1,"{'negative1': 0.0, 'positive1': 110.128615128, 'negative2': 0.0, 'positive2': 0.0, 'negative3': None, 'positive3': None, 'negative4': None, 'positive4': None, 'negative5': None, 'positive5': None, 'negative6': None, 'positive6': None}",110.128615128,offer
2026-09-17,38,2026-09-17T17:30:00Z,2026-09-18T18:14:29Z,T_LKSDB-1,T,Lakeside Energy Storage Ltd,LKSDB-1,"{'negative1': 0.0, 'positive1': 0.0, 'negative2': 0.0, 'positive2': 0.0, 'negative3': None, 'positive3': None, 'negative4': None, 'positive4': None, 'negative5': None, 'positive5': None, 'negative6': None, 'positive6': None}",0.0,offer
2026-09-17,39,2026-09-17T18:00:00Z,2026-09-18T18:44:35Z,T_LKSDB-1,T,Lakeside Energy Storage Ltd,LKSDB-1,"{'negative1': 0.0, 'positive1': 0.0, 'negative2': 0.0, 'positive2': 0.0, 'negative3': None, 'positive3': None, 'negative4': None, 'positive4': None, 'negative5': None, 'positive5': None, 'negative6': None, 'positive6': None}",0.0,offer
2026-09-17,40,2026-09-17T18:30:00Z,2026-09-18T19:14:38Z,T_LKSDB-1,T,Lakeside Energy Storage Ltd,LKSDB-1,"{'negative1': 0.0, 'positive1': 0.0, 'negative2': 0.0, 'positive2': 0.0, 'negative3': 0.0, 'positive3': None, 'negative4': None, 'positive4': None, 'negative5': None, 'positive5': None, 'negative6': None, 'positive6': None}",0.0,offer
2026-09-17,41,2026-09-17T19:00:00Z,2026-09-18T19:44:36Z,T_LKSDB-1,T,Lakeside Energy Storage Ltd,LKSDB-1,"{'negative1': 0.0, 'positive1': 0.0, 'negative2': 0.0, 'positive2': 0.0, 'negative3': 0.0, 'positive3': None, 'negative4': None, 'positive4': None, 'negative5': None, 'positive5': None, 'negative6': None, 'positive6': None}",0.0,offer
2026-09-17,42,2026-09-17T19:30:00Z,2026-09-18T20:14:35Z,T_LKSDB-1,T,Lakeside Energy Storage Ltd,LKSDB-1,"{'negative1': 0.0, 'positive1': 0.0, 'negative2': 0.000311537808000062, 'positive2': 0.0, 'negative3': 0.0, 'positive3': None, 'negative4': None, 'positive4': None, 'negative5': None, 'positive5': None, 'negative6': None, 'positive6': None}",0.000311537808000062,offer
2026-09-17,43,2026-09-17T20:00:00Z,2026-09-18T20:44:37Z,T_LKSDB-1,T,Lakeside Energy Storage Ltd,LKSDB-1,"{'negative1': 0.0, 'positive1': 0.0, 'negative2': 0.0, 'positive2': 0.0, 'negative3': None, 'positive3': None, 'negative4': None, 'positive4': None, 'negative5': None, 'positive5': None, 'negative6': None, 'positive6': None}",0.0,offer
2026-09-17,46,2026-09-17T21:30:00Z,2026-09-18T22:14:36Z,T_LKSDB-1,T,Lakeside Energy Storage Ltd,LKSDB-1,"{'negative1': 0.0, 'positive1': 2898.647262, 'negative2': 0.0, 'positive2': 0.0, 'negative3': None, 'positive3': None, 'negative4': None, 'positive4': None, 'negative5': None, 'positive5': None, 'negative6': None, 'positive6': None}",2898.647262,offer
2026-09-17,47,2026-09-17T22:00:00Z,2026-09-18T22:44:40Z,T_LKSDB-1,T,Lakeside Energy Storage Ltd,LKSDB-1,"{'negative1': 0.0, 'positive1': 8477.57988, 'negative2': 0.0, 'positive2': 0.0, 'negative3': None, 'positive3': None, 'negative4': None, 'positive4': None, 'negative5': None, 'positive5': None, 'negative6': None, 'positive6': None}",8477.57988,offer
2026-09-17,48,2026-09-17T22:30:00Z,2026-09-18T23:14:37Z,T_LKSDB-1,T,Lakeside Energy Storage Ltd,LKSDB-1,"{'negative1': 0.0, 'positive1': 6528.2666112, 'negative2': 0.0, 'positive2': 0.0, 'negative3': None, 'positive3': None, 'negative4': None, 'positive4': None, 'negative5': None, 'positive5': None, 'negative6': None, 'positive6': None}",6528.2666112,offer
2026-09-18,1,2026-09-17T23:00:00Z,2026-09-18T23:45:26Z,T_LKSDB-1,T,Lakeside Energy Storage Ltd,LKSDB-1,"{'negative1': 0.0, 'positive1': -1.1067008299066e-05, 'negative2': 0.0, 'positive2': -1.7975576880321e-05, 'negative3': None, 'positive3': 0.0, 'negative4': None, 'positive4': None, 'negative5': None, 'positive5': None, 'negative6': None, 'positive6': None}",-2.9042585179387e-05,bid
2026-09-18,2,2026-09-17T23:30:00Z,2026-09-19T00:15:27Z,T_LKSDB-1,T,Lakeside Energy Storage Ltd,LKSDB-1,"{'negative1': 0.0, 'positive1': 0.0, 'negative2': 0.0, 'positive2': -0.00059942484, 'negative3': None, 'positive3': 0.0, 'negative4': None, 'positive4': None, 'negative5': None, 'positive5': None, 'negative6': None, 'positive6': None}",-0.00059942484,bid
2026-09-18,3,2026-09-18T00:00:00Z,2026-09-19T00:44:37Z,T_LKSDB-1,T,Lakeside Energy Storage Ltd,LKSDB-1,"{'negative1': 0.0, 'positive1': -0.000253090488000011, 'negative2': 0.0, 'positive2': 0.0, 'negative3': None, 'positive3': 0.0, 'negative4': None, 'positive4': None, 'negative5': None, 'positive5': None, 'negative6': None, 'positive6': None}",-0.000253090488000011,bid
2026-09-18,4,2026-09-18T00:30:00Z,2026-09-19T01:15:17Z,T_LKSDB-1,T,Lakeside Energy Storage Ltd,LKSDB-1,"{'negative1': 0.0, 'positive1': 0.0, 'negative2': 0.0, 'positive2': 0.0, 'negative3': None, 'positive3': 0.0, 'negative4': None, 'positive4': None, 'negative5': None, 'positive5': None, 'negative6': None, 'positive6': None}",0.0,bid
2026-09-18,5,2026-09-18T01:00:00Z,2026-09-19T01:44:39Z,T_LKSDB-1,T,Lakeside Energy Storage Ltd,LKSDB-1,"{'negative1': 0.0, 'positive1': 0.0, 'negative2': 0.0, 'positive2': 0.0, 'negative3': None, 'positive3': 0.0, 'negative4': None, 'positive4': None, 'negative5': None, 'positive5': None, 'negative6': None, 'positive6': None}",0.0,bid
2026-09-18,6,2026-09-18T01:30:00Z,2026-09-19T02:16:47Z,T_LKSDB-1,T,Lakeside Energy Storage Ltd,LKSDB-1,"{'negative1': 0.0, 'positive1': 0.0, 'negative2': 0.0, 'positive2': -0.000226449383999989, 'negative3': None, 'positive3': 0.0, 'negative4': None, 'positive4': None, 'negative5': None, 'positive5': None, 'negative6': None, 'positive6': None}",-0.000226449383999989,bid
2026-09-18,7,2026-09-18T02:00:00Z,2026-09-19T02:45:01Z,T_LKSDB-1,T,Lakeside Energy Storage Ltd,LKSDB-1,"{'negative1': 0.0, 'positive1': 0.0, 'negative2': 0.0, 'positive2': 0.0, 'negative3': None, 'positive3': 0.0, 'negative4': None, 'positive4': None, 'negative5': None, 'positive5': None, 'negative6': None, 'positive6': None}",0.0,bid
2026-09-18,8,2026-09-18T02:30:00Z,2026-09-19T03:15:13Z,T_LKSDB-1,T,Lakeside Energy Storage Ltd,LKSDB-1,"{'negative1': 0.0, 'positive1': 0.0, 'negative2': 0.0, 'positive2': 0.0, 'negative3': None, 'positive3': 0.0, 'negative4': None, 'positive4': None, 'negative5': None, 'positive5': None, 'negative6': None, 'positive6': None}",0.0,bid
2026-09-18,11,2026-09-18T04:00:00Z,2026-09-19T04:44:43Z,T_LKSDB-1,T,Lakeside Energy Storage Ltd,LKSDB-1,"{'negative1': 0.0, 'positive1': 0.0, 'negative2': 0.0, 'positive2': 0.0, 'negative3': None, 'positive3': 0.0, 'negative4': None, 'positive4': None, 'negative5': None, 'positive5': None, 'negative6': None, 'positive6': None}",0.0,bid
2026-09-18,12,2026-09-18T04:30:00Z,2026-09-19T05:14:37Z,T_LKSDB-1,T,Lakeside Energy Storage Ltd,LKSDB-1,"{'negative1': 0.0, 'positive1': 0.0, 'negative2': 0.0, 'positive2': 0.0, 'negative3': None, 'positive3': 0.0, 'negative4': None, 'positive4': None, 'negative5': None, 'positive5': None, 'negative6': None, 'positive6': None}",0.0,bid
2026-09-18,13,2026-09-18T05:00:00Z,2026-09-19T05:45:05Z,T_LKSDB-1,T,Lakeside Energy Storage Ltd,LKSDB-1,"{'negative1': 0.0, 'positive1': 0.0, 'negative2': 0.0, 'positive2': 0.0, 'negative3': None, 'positive3': 0.0, 'negative4': None, 'positive4': None, 'negative5': None, 'positive5': None, 'negative6': None, 'positive6': None}",0.0,bid
2026-09-18,14,2026-09-18T05:30:00Z,2026-09-19T06:14:55Z,T_LKSDB-1,T,Lakeside Energy Storage Ltd,LKSDB-1,"{'negative1': -508.083912, 'positive1': 0.0, 'negative2': 0.0, 'positive2': 0.0, 'negative3': None, 'positive3': None, 'negative4': None, 'positive4': None, 'negative5': None, 'positive5': None, 'negative6': None, 'positive6': None}",-508.083912,bid
2026-09-18,15,2026-09-18T06:00:00Z,2026-09-19T06:44:26Z,T_LKSDB-1,T,Lakeside Energy Storage Ltd,LKSDB-1,"{'negative1': -1890.8686009756098, 'positive1': 0.0, 'negative2': -191.179858732848, 'positive2': 0.0, 'negative3': 0.0, 'positive3': None, 'negative4': None, 'positive4': None, 'negative5': None, 'positive5': None, 'negative6': None, 'positive6': None}",-2082.048459708458,bid
2026-09-18,16,2026-09-18T06:30:00Z,2026-09-19T07:14:32Z,T_LKSDB-1,T,Lakeside Energy Storage Ltd,LKSDB-1,"{'negative1': -3508.927677289188, 'positive1': 0.0, 'negative2': -158.113990169928, 'positive2': 0.0, 'negative3': 0.0, 'positive3': None, 'negative4': None, 'positive4': None, 'negative5': None, 'positive5': None, 'negative6': None, 'positive6': None}",-3667.041667459116,bid
2026-09-18,17,2026-09-18T07:00:00Z,2026-09-19T07:44:46Z,T_LKSDB-1,T,Lakeside Energy Storage Ltd,LKSDB-1,"{'negative1': -47.67670224, 'positive1': 0.0, 'negative2': 0.0, 'positive2': 0.0, 'negative3': 0.0, 'positive3': None, 'negative4': None, 'positive4': None, 'negative5': None, 'positive5': None, 'negative6': None, 'positive6': None}",-47.67670224,bid
2026-09-18,18,2026-09-18T07:30:00Z,2026-09-19T08:14:28Z,T_LKSDB-1,T,Lakeside Energy Storage Ltd,LKSDB-1,"{'negative1': -283.79707884, 'positive1': 0.0, 'negative2': 0.0, 'positive2': 0.0, 'negative3': 0.0, 'positive3': None, 'negative4': None, 'positive4': None, 'negative5': None, 'positive5': None, 'negative6': None, 'positive6': None}",-283.79707884,bid
2026-09-18,19,2026-09-18T08:00:00Z,2026-09-19T08:44:30Z,T_LKSDB-1,T,Lakeside Energy Storage Ltd,LKSDB-1,"{'negative1': -2.9971242, 'positive1': 0.0, 'negative2': 0.0, 'positive2': 0.0, 'negative3': 0.0, 'positive3': None, 'negative4': None, 'positive4': None, 'negative5': None, 'positive5': None, 'negative6': None, 'positive6': None}",-2.9971242,bid
2026-09-18,20,2026-09-18T08:30:00Z,2026-09-19T09:14:29Z,T_LKSDB-1,T,Lakeside Energy Storage Ltd,LKSDB-1,"{'negative1': 0.0, 'positive1': 0.0, 'negative2': 0.0, 'positive2': 0.0, 'negative3': 0.0, 'positive3': None, 'negative4': None, 'positive4': None, 'negative5': None, 'positive5': None, 'negative6': None, 'positive6': None}",0.0,bid
2026-09-18,23,2026-09-18T10:00:00Z,2026-09-19T10:44:35Z,T_LKSDB-1,T,Lakeside Energy Storage Ltd,LKSDB-1,"{'negative1': 0.0, 'positive1': 0.0, 'negative2': 0.0, 'positive2': 0.0, 'negative3': None, 'positive3': 0.0, 'negative4': None, 'positive4': None, 'negative5': None, 'positive5': None, 'negative6': None, 'positive6': None}",0.0,bid
2026-09-18,24,2026-09-18T10:30:00Z,2026-09-19T11:14:30Z,T_LKSDB-1,T,Lakeside Energy Storage Ltd,LKSDB-1,"{'negative1': 0.0, 'positive1': 0.0, 'negative2': 0.0, 'positive2': 0.0, 'negative3': None, 'positive3': 0.0, 'negative4': None, 'positive4': None, 'negative5': None, 'positive5': None, 'negative6': None, 'positive6': None}",0.0,bid
2026-09-18,25,2026-09-18T11:00:00Z,2026-09-19T11:44:30Z,T_LKSDB-1,T,Lakeside Energy Storage Ltd,LKSDB-1,"{'negative1': 0.0, 'positive1': 0.0, 'negative2': 0.0, 'positive2': 1.6604475839993e-05, 'negative3': None, 'positive3': 0.0, 'negative4': None, 'positive4': None, 'negative5': None, 'positive5': None, 'negative6': None, 'positive6': None}",1.6604475839993e-05,bid
2026-09-18,26,2026-09-18T11:30:00Z,2026-09-19T12:14:34Z,T_LKSDB-1,T,Lakeside Energy Storage Ltd,LKSDB-1,"{'negative1': 0.0, 'positive1': 0.0, 'negative2': 0.0, 'positive2': 0.0, 'negative3': None, 'positive3': 0.0, 'negative4': None, 'positive4': None, 'negative5': None, 'positive5': None, 'negative6': None, 'positive6': None}",0.0,bid
2026-09-18,27,2026-09-18T12:00:00Z,2026-09-19T12:44:28Z,T_LKSDB-1,T,Lakeside Energy Storage Ltd,LKSDB-1,"{'negative1': 0.0, 'positive1': 0.0, 'negative2': 0.0, 'positive2': 0.0, 'negative3': None, 'positive3': 0.0, 'negative4': None, 'positive4': None, 'negative5': None, 'positive5': None, 'negative6': None, 'positive6': None}",0.0,bid
2026-09-18,32,2026-09-18T14:30:00Z,2026-09-19T15:14:32Z,T_LKSDB-1,T,Lakeside Energy Storage Ltd,LKSDB-1,"{'negative1': -69.65561304, 'positive1': 0.0, 'negative2': 0.0, 'positive2': 0.0, 'negative3': None, 'positive3': None, 'negative4': None, 'positive4': None, 'negative5': None, 'positive5': None, 'negative6': None, 'positive6': None}",-69.65561304,bid
2026-09-18,33,2026-09-18T15:00:00Z,2026-09-19T15:44:35Z,T_LKSDB-1,T,Lakeside Energy Storage Ltd,LKSDB-1,"{'negative1': -236.00212272, 'positive1': 0.0, 'negative2': 0.0, 'positive2': 0.0, 'negative3': None, 'positive3': None, 'negative4': None, 'positive4': None, 'negative5': None, 'positive5': None, 'negative6': None, 'positive6': None}",-236.00212272,bid
2026-09-18,37,2026-09-18T17:00:00Z,2026-09-19T17:44:26Z,T_LKSDB-1,T,Lakeside Energy Storage Ltd,LKSDB-1,"{'negative1': -244.56533472, 'positive1': 0.0, 'negative2': 0.0, 'positive2': 0.0, 'negative3': None, 'positive3': None, 'negative4': None, 'positive4': None, 'negative5': None, 'positive5': None, 'negative6': None, 'positive6': None}",-244.56533472,bid
2026-09-18,38,2026-09-18T17:30:00Z,2026-09-19T18:14:30Z,T_LKSDB-1,T,Lakeside Energy Storage Ltd,LKSDB-1,"{'negative1': -662.3644482, 'positive1': 0.0, 'negative2': 0.0, 'positive2': 0.0, 'negative3': None, 'positive3': None, 'negative4': None, 'positive4': None, 'negative5': None, 'positive5': None, 'negative6': None, 'positive6': None}",-662.3644482,bid
2026-09-18,39,2026-09-18T18:00:00Z,2026-09-19T18:44:35Z,T_LKSDB-1,T,Lakeside Energy Storage Ltd,LKSDB-1,"{'negative1': -1782.71394048, 'positive1': 0.0, 'negative2': 0.0, 'positive2': 0.0, 'negative3': 0.0, 'positive3': None, 'negative4': None, 'positive4': None, 'negative5': None, 'positive5': None, 'negative6': None, 'positive6': None}",-1782.71394048,bid
2026-09-18,44,2026-09-18T20:30:00Z,2026-09-19T21:14:35Z,T_LKSDB-1,T,Lakeside Energy Storage Ltd,LKSDB-1,"{'negative1': 0.0, 'positive1': 0.0, 'negative2': 0.0, 'positive2': 0.0, 'negative3': 0.0, 'positive3': None, 'negative4': None, 'positive4': None, 'negative5': None, 'positive5': None, 'negative6': None, 'positive6': None}",0.0,bid
2026-09-18,45,2026-09-18T21:00:00Z,2026-09-19T21:44:38Z,T_LKSDB-1,T,Lakeside Energy Storage Ltd,LKSDB-1,"{'negative1': 0.0, 'positive1': 0.0, 'negative2': 0.0, 'positive2': 0.0, 'negative3': None, 'positive3': None, 'negative4': None, 'positive4': None, 'negative5': None, 'positive5': None, 'negative6': None, 'positive6': None}",0.0,bid
2026-09-18,46,2026-09-18T21:30:00Z,2026-09-19T22:14:43Z,T_LKSDB-1,T,Lakeside Energy Storage Ltd,LKSDB-1,"{'negative1': 0.0, 'positive1': 0.0, 'negative2': 0.0, 'positive2': 0.0, 'negative3': None, 'positive3': None, 'negative4': None, 'positive4': None, 'negative5': None, 'positive5': None, 'negative6': None, 'positive6': None}",0.0,bid
2026-09-18,47,2026-09-18T22:00:00Z,2026-09-19T22:44:46Z,T_LKSDB-1,T,Lakeside Energy Storage Ltd,LKSDB-1,"{'negative1': 0.0, 'positive1': 0.0, 'negative2': 0.0, 'positive2': 0.0, 'negative3': None, 'positive3': None, 'negative4': None, 'positive4': None, 'negative5': None, 'positive5': None, 'negative6': None, 'positive6': None}",0.0,bid
2026-09-18,48,2026-09-18T22:30:00Z,2026-09-19T23:14:49Z,T_LKSDB-1,T,Lakeside Energy Storage Ltd,LKSDB-1,"{'negative1': 0.0, 'positive1': 0.0, 'negative2': 0.0, 'positive2': 0.0, 'negative3': None, 'positive3': 0.0, 'negative4': None, 'positive4': None, 'negative5': None, 'positive5': None, 'negative6': None, 'positive6': None}",0.0,bid
2026-09-18,1,2026-09-17T23:00:00Z,2026-09-18T23:45:26Z,T_LKSDB-1,T,Lakeside Energy Storage Ltd,LKSDB-1,"{'negative1': 0.0, 'positive1': 6570.333570010195, 'negative2': 0.0, 'positive2': 386.2884677685555, 'negative3': None, 'positive3': 0.0, 'negative4': None, 'positive4': None, 'negative5': None, 'positive5': None, 'negative6': None, 'positive6': None}",6956.62203777875,offer
2026-09-18,2,2026-09-17T23:30:00Z,2026-09-19T00:15:27Z,T_LKSDB-1,T,Lakeside Energy Storage Ltd,LKSDB-1,"{'negative1': 0.0, 'positive1': 4052.34314959032, 'negative2': 0.0, 'positive2': 315.24196399308, 'negative3': None, 'positive3': 0.0, 'negative4': None, 'positive4': None, 'negative5': None, 'positive5': None, 'negative6': None, 'positive6': None}",4367.5851135834,offer
2026-09-18,3,2026-09-18T00:00:00Z,2026-09-19T00:44:37Z,T_LKSDB-1,T,Lakeside Energy Storage Ltd,LKSDB-1,"{'negative1': 0.0, 'positive1': 3189.1851993834, 'negative2': 0.0, 'positive2': 1539.9101808, 'negative3': None, 'positive3': 0.0, 'negative4': None, 'positive4': None, 'negative5': None, 'positive5': None, 'negative6': None, 'positive6': None}",4729.0953801834,offer
2026-09-18,4,2026-09-18T00:30:00Z,2026-09-19T01:15:17Z,T_LKSDB-1,T,Lakeside Energy Storage Ltd,LKSDB-1,"{'negative1': 0.0, 'positive1': 4379.47128, 'negative2': 0.0, 'positive2': 2676.1260816, 'negative3': None, 'positive3': 0.0, 'negative4': None, 'positive4': None, 'negative5': None, 'positive5': None, 'negative6': None, 'positive6': None}",7055.5973616,offer
2026-09-18,5,2026-09-18T01:00:00Z,2026-09-19T01:44:39Z,T_LKSDB-1,T,Lakeside Energy Storage Ltd,LKSDB-1,"{'negative1': 0.0, 'positive1': 3585.539196, 'negative2': 0.0, 'positive2': 4.4039376, 'negative3': None, 'positive3': 0.0, 'negative4': None, 'positive4': None, 'negative5': None, 'positive5': None, 'negative6': None, 'positive6': None}",3589.9431336,offer
2026-09-18,6,2026-09-18T01:30:00Z,2026-09-19T02:16:47Z,T_LKSDB-1,T,Lakeside Energy Storage Ltd,LKSDB-1,"{'negative1': 0.0, 'positive1': 4239.032054625, 'negative2': 0.0, 'positive2': 3554.1793849989, 'negative3': None, 'positive3': 0.0, 'negative4': None, 'positive4': None, 'negative5': None, 'positive5': None, 'negative6': None, 'positive6': None}",7793.2114396239,offer
2026-09-18,7,2026-09-18T02:00:00Z,2026-09-19T02:45:01Z,T_LKSDB-1,T,Lakeside Energy Storage Ltd,LKSDB-1,"{'negative1': 0.0, 'positive1': 1932.83928, 'negative2': 0.0, 'positive2': 0.0, 'negative3': None, 'positive3': 0.0, 'negative4': None, 'positive4': None, 'negative5': None, 'positive5': None, 'negative6': None, 'positive6': None}",1932.83928,offer
2026-09-18,8,2026-09-18T02:30:00Z,2026-09-19T03:15:13Z,T_LKSDB-1,T,Lakeside Energy Storage Ltd,LKSDB-1,"{'negative1': 0.0, 'positive1': 1146.6140868, 'negative2': 0.0, 'positive2': 0.0, 'negative3': None, 'positive3': 0.0, 'negative4': None, 'positive4': None, 'negative5': None, 'positive5': None, 'negative6': None, 'positive6': None}",1146.6140868,offer
2026-09-18,11,2026-09-18T04:00:00Z,2026-09-19T04:44:43Z,T_LKSDB-1,T,Lakeside Energy Storage Ltd,LKSDB-1,"{'negative1': 0.0, 'positive1': 2211.347556, 'negative2': 0.0, 'positive2': 0.0, 'negative3': None, 'positive3': 0.0, 'negative4': None, 'positive4': None, 'negative5': None, 'positive5': None, 'negative6': None, 'positive6': None}",2211.347556,offer
2026-09-18,12,2026-09-18T04:30:00Z,2026-09-19T05:14:37Z,T_LKSDB-1,T,Lakeside Energy Storage Ltd,LKSDB-1,"{'negative1': 0.0, 'positive1': 2187.69678, 'negative2': 0.0, 'positive2': 0.0, 'negative3': None, 'positive3': 0.0, 'negative4': None, 'positive4': None, 'negative5': None, 'positive5': None, 'negative6': None, 'positive6': None}",2187.69678,offer
2026-09-18,13,2026-09-18T05:00:00Z,2026-09-19T05:45:05Z,T_LKSDB-1,T,Lakeside Energy Storage Ltd,LKSDB-1,"{'negative1': 0.0, 'positive1': 584.10892368, 'negative2': 0.0, 'positive2': 0.0, 'negative3': None, 'positive3': 0.0, 'negative4': None, 'positive4': None, 'negative5': None, 'positive5': None, 'negative6': None, 'positive6': None}",584.10892368,offer
2026-09-18,14,2026-09-18T05:30:00Z,2026-09-19T06:14:55Z,T_LKSDB-1,T,Lakeside Energy Storage Ltd,LKSDB-1,"{'negative1': 0.0, 'positive1': 0.0, 'negative2': 0.0, 'positive2': 0.0, 'negative3': None, 'positive3': None, 'negative4': None, 'positive4': None, 'negative5': None, 'positive5': None, 'negative6': None, 'positive6': None}",0.0,offer
2026-09-18,15,2026-09-18T06:00:00Z,2026-09-19T06:44:26Z,T_LKSDB-1,T,Lakeside Energy Storage Ltd,LKSDB-1,"{'negative1': 0.0, 'positive1': 0.0, 'negative2': 0.000492210640975613, 'positive2': 0.0, 'negative3': 0.0, 'positive3': None, 'negative4': None, 'positive4': None, 'negative5': None, 'positive5': None, 'negative6': None, 'positive6': None}",0.000492210640975613,offer
2026-09-18,16,2026-09-18T06:30:00Z,2026-09-19T07:14:32Z,T_LKSDB-1,T,Lakeside Energy Storage Ltd,LKSDB-1,"{'negative1': 1.0767979495103e-05, 'positive1': 0.0, 'negative2': 0.000699736751999979, 'positive2': 0.0, 'negative3': 0.0, 'positive3': None, 'negative4': None, 'positive4': None, 'negative5': None, 'positive5': None, 'negative6': None, 'positive6': None}",0.000710504731495081,offer
2026-09-18,17,2026-09-18T07:00:00Z,2026-09-19T07:44:46Z,T_LKSDB-1,T,Lakeside Energy Storage Ltd,LKSDB-1,"{'negative1': 0.0, 'positive1': 0.0, 'negative2': 0.0, 'positive2': 0.0, 'negative3': 0.0, 'positive3': None, 'negative4': None, 'positive4': None, 'negative5': None, 'positive5': None, 'negative6': None, 'positive6': None}",0.0,offer
2026-09-18,18,2026-09-18T07:30:00Z,2026-09-19T08:14:28Z,T_LKSDB-1,T,Lakeside Energy Storage Ltd,LKSDB-1,"{'negative1': 0.0, 'positive1': 0.0, 'negative2': 0.0, 'positive2': 0.0, 'negative3': 0.0, 'positive3': None, 'negative4': None, 'positive4': None, 'negative5': None, 'positive5': None, 'negative6': None, 'positive6': None}",0.0,offer
2026-09-18,19,2026-09-18T08:00:00Z,2026-09-19T08:44:30Z,T_LKSDB-1,T,Lakeside Energy Storage Ltd,LKSDB-1,"{'negative1': 0.0, 'positive1': 99.5779224, 'negative2': 0.0, 'positive2': 0.0, 'negative3': 0.0, 'positive3': None, 'negative4': None, 'positive4': None, 'negative5': None, 'positive5': None, 'negative6': None, 'positive6': None}",99.5779224,offer
2026-09-18,20,2026-09-18T08:30:00Z,2026-09-19T09:14:29Z,T_LKSDB-1,T,Lakeside Energy Storage Ltd,LKSDB-1,"{'negative1': 0.0, 'positive1': 2973.881196, 'negative2': 0.0, 'positive2': 0.0, 'negative3': 0.0, 'positive3': None, 'negative4': None, 'positive4': None, 'negative5': None, 'positive5': None, 'negative6': None, 'positive6': None}",2973.881196,offer
2026-09-18,23,2026-09-18T10:00:00Z,2026-09-19T10:44:35Z,T_LKSDB-1,T,Lakeside Energy Storage Ltd,LKSDB-1,"{'negative1': 0.0, 'positive1': 302.849002224, 'negative2': 0.0, 'positive2': 0.0, 'negative3': None, 'positive3': 0.0, 'negative4': None, 'positive4': None, 'negative5': None, 'positive5': None, 'negative6': None, 'positive6': None}",302.849002224,offer
2026-09-18,24,2026-09-18T10:30:00Z,2026-09-19T11:14:30Z,T_LKSDB-1,T,Lakeside Energy Storage Ltd,LKSDB-1,"{'negative1': 0.0, 'positive1': 466.199203248, 'negative2': 0.0, 'positive2': 146.436634008, 'negative3': None, 'positive3': 0.0, 'negative4': None, 'positive4': None, 'negative5': None, 'positive5': None, 'negative6': None, 'positive6': None}",612.635837256,offer
2026-09-18,25,2026-09-18T11:00:00Z,2026-09-19T11:44:30Z,T_LKSDB-1,T,Lakeside Energy Storage Ltd,LKSDB-1,"{'negative1': 0.0, 'positive1': 1684.9290187488, 'negative2': 0.0, 'positive2': 278.5829309929068, 'negative3': None, 'positive3': 0.0, 'negative4': None, 'positive4': None, 'negative5': None, 'positive5': None, 'negative6': None, 'positive6': None}",1963.5119497417068,offer
2026-09-18,26,2026-09-18T11:30:00Z,2026-09-19T12:14:34Z,T_LKSDB-1,T,Lakeside Energy Storage Ltd,LKSDB-1,"{'negative1': 0.0, 'positive1': 3718.88064, 'negative2': 0.0, 'positive2': 187.57512, 'negative3': None, 'positive3': 0.0, 'negative4': None, 'positive4': None, 'negative5': None, 'positive5': None, 'negative6': None, 'positive6': None}",3906.45576,offer
2026-09-18,27,2026-09-18T12:00:00Z,2026-09-19T12:44:28Z,T_LKSDB-1,T,Lakeside Energy Storage Ltd,LKSDB-1,"{'negative1': 0.0, 'positive1': 534.996864, 'negative2': 0.0, 'positive2': 0.0, 'negative3': None, 'positive3': 0.0, 'negative4': None, 'positive4': None, 'negative5': None, 'positive5': None, 'negative6': None, 'positive6': None}",534.996864,offer
2026-09-18,32,2026-09-18T14:30:00Z,2026-09-19T15:14:32Z,T_LKSDB-1,T,Lakeside Energy Storage Ltd,LKSDB-1,"{'negative1': 0.0, 'positive1': 0.0, 'negative2': 0.0, 'positive2': 0.0, 'negative3': None, 'positive3': None, 'negative4': None, 'positive4': None, 'negative5': None, 'positive5': None, 'negative6': None, 'positive6': None}",0.0,offer
2026-09-18,33,2026-09-18T15:00:00Z,2026-09-19T15:44:35Z,T_LKSDB-1,T,Lakeside Energy Storage Ltd,LKSDB-1,"{'negative1': 0.0, 'positive1': 0.0, 'negative2': 0.0, 'positive2': 0.0, 'negative3': None, 'positive3': None, 'negative4': None, 'positive4': None, 'negative5': None, 'positive5': None, 'negative6': None, 'positive6': None}",0.0,offer
2026-09-18,37,2026-09-18T17:00:00Z,2026-09-19T17:44:26Z,T_LKSDB-1,T,Lakeside Energy Storage Ltd,LKSDB-1,"{'negative1': 0.0, 'positive1': 0.0, 'negative2': 0.0, 'positive2': 0.0, 'negative3': None, 'positive3': None, 'negative4': None, 'positive4': None, 'negative5': None, 'positive5': None, 'negative6': None, 'positive6': None}",0.0,offer
2026-09-18,38,2026-09-18T17:30:00Z,2026-09-19T18:14:30Z,T_LKSDB-1,T,Lakeside Energy Storage Ltd,LKSDB-1,"{'negative1': 0.0, 'positive1': 0.0, 'negative2': 0.0, 'positive2': 0.0, 'negative3': None, 'positive3': None, 'negative4': None, 'positive4': None, 'negative5': None, 'positive5': None, 'negative6': None, 'positive6': None}",0.0,offer
2026-09-18,39,2026-09-18T18:00:00Z,2026-09-19T18:44:35Z,T_LKSDB-1,T,Lakeside Energy Storage Ltd,LKSDB-1,"{'negative1': 0.0, 'positive1': 0.0, 'negative2': 0.0, 'positive2': 0.0, 'negative3': 0.0, 'positive3': None, 'negative4': None, 'positive4': None, 'negative5': None, 'positive5': None, 'negative6': None, 'positive6': None}",0.0,offer
2026-09-18,44,2026-09-18T20:30:00Z,2026-09-19T21:14:35Z,T_LKSDB-1,T,Lakeside Energy Storage Ltd,LKSDB-1,"{'negative1': 0.0, 'positive1': 550.72870776, 'negative2': 0.0, 'positive2': 0.0, 'negative3': 0.0, 'positive3': None, 'negative4': None, 'positive4': None, 'negative5': None, 'positive5': None, 'negative6': None, 'positive6': None}",550.72870776,offer
2026-09-18,45,2026-09-18T21:00:00Z,2026-09-19T21:44:38Z,T_LKSDB-1,T,Lakeside Energy Storage Ltd,LKSDB-1,"{'negative1': 0.0, 'positive1': 1639.62674568, 'negative2': 0.0, 'positive2': 0.0, 'negative3': None, 'positive3': None, 'negative4': None, 'positive4': None, 'negative5': None, 'positive5': None, 'negative6': None, 'positive6': None}",1639.62674568,offer
2026-09-18,46,2026-09-18T21:30:00Z,2026-09-19T22:14:43Z,T_LKSDB-1,T,Lakeside Energy Storage Ltd,LKSDB-1,"{'negative1': 0.0, 'positive1': 147.409578, 'negative2': 0.0, 'positive2': 0.0, 'negative3': None, 'positive3': None, 'negative4': None, 'positive4': None, 'negative5': None, 'positive5': None, 'negative6': None, 'positive6': None}",147.409578,offer
2026-09-18,47,2026-09-18T22:00:00Z,2026-09-19T22:44:46Z,T_LKSDB-1,T,Lakeside Energy Storage Ltd,LKSDB-1,"{'negative1': 0.0, 'positive1': 339.1031952, 'negative2': 0.0, 'positive2': 0.0, 'negative3': None, 'positive3': None, 'negative4': None, 'positive4': None, 'negative5': None, 'positive5': None, 'negative6': None, 'positive6': None}",339.1031952,offer
2026-09-18,48,2026-09-18T22:30:00Z,2026-09-19T23:14:49Z,T_LKSDB-1,T,Lakeside Energy Storage Ltd,LKSDB-1,"{'negative1': 0.0, 'positive1': 12.1108284, 'negative2': 0.0, 'positive2': 0.0, 'negative3': None, 'positive3': 0.0, 'negative4': None, 'positive4': None, 'negative5': None, 'positive5': None, 'negative6': None, 'positive6': None}",12.1108284,offer
2026-09-19,1,2026-09-18T23:00:00Z,2026-09-19T23:45:04Z,T_LKSDB-1,T,Lakeside Energy Storage Ltd,LKSDB-1,"{'negative1': 0.0, 'positive1': 0.0, 'negative2': 0.0, 'positive2': 0.0, 'negative3': None, 'positive3': 0.0, 'negative4': None, 'positive4': None, 'negative5': None, 'positive5': None, 'negative6': None, 'positive6': None}",0.0,bid
2026-09-19,2,2026-09-18T23:30:00Z,2026-09-20T00:16:57Z,T_LKSDB-1,T,Lakeside Energy Storage Ltd,LKSDB-1,"{'negative1': 0.0, 'positive1': 0.0, 'negative2': 0.0, 'positive2': 0.0, 'negative3': None, 'positive3': 0.0, 'negative4': None, 'positive4': None, 'negative5': None, 'positive5': None, 'negative6': None, 'positive6': None}",0.0,bid
2026-09-19,3,2026-09-19T00:00:00Z,2026-09-20T00:44:49Z,T_LKSDB-1,T,Lakeside Energy Storage Ltd,LKSDB-1,"{'negative1': 0.0, 'positive1': 0.0, 'negative2': 0.0, 'positive2': 0.0, 'negative3': None, 'positive3': 0.0, 'negative4': None, 'positive4': None, 'negative5': None, 'positive5': None, 'negative6': None, 'positive6': None}",0.0,bid
2026-09-19,4,2026-09-19T00:30:00Z,2026-09-20T01:15:20Z,T_LKSDB-1,T,Lakeside Energy Storage Ltd,LKSDB-1,"{'negative1': 0.0, 'positive1': 0.0, 'negative2': 0.0, 'positive2': 0.0, 'negative3': None, 'positive3': 0.0, 'negative4': None, 'positive4': None, 'negative5': None, 'positive5': None, 'negative6': None, 'positive6': None}",0.0,bid
2026-09-19,5,2026-09-19T01:00:00Z,2026-09-20T01:44:52Z,T_LKSDB-1,T,Lakeside Energy Storage Ltd,LKSDB-1,"{'negative1': 0.0, 'positive1': 0.0, 'negative2': 0.0, 'positive2': 0.0, 'negative3': None, 'positive3': None, 'negative4': None, 'positive4': None, 'negative5': None, 'positive5': None, 'negative6': None, 'positive6': None}",0.0,bid
2026-09-19,6,2026-09-19T01:30:00Z,2026-09-20T02:16:24Z,T_LKSDB-1,T,Lakeside Energy Storage Ltd,LKSDB-1,"{'negative1': 0.0, 'positive1': 0.0, 'negative2': 0.0, 'positive2': 0.0, 'negative3': None, 'positive3': None, 'negative4': None, 'positive4': None, 'negative5': None, 'positive5': None, 'negative6': None, 'positive6': None}",0.0,bid
2026-09-19,7,2026-09-19T02:00:00Z,2026-09-20T02:44:56Z,T_LKSDB-1,T,Lakeside Energy Storage Ltd,LKSDB-1,"{'negative1': 0.0, 'positive1': 0.0, 'negative2': 0.0, 'positive2': 0.0, 'negative3': None, 'positive3': 0.0, 'negative4': None, 'positive4': None, 'negative5': None, 'positive5': None, 'negative6': None, 'positive6': None}",0.0,bid
2026-09-19,8,2026-09-19T02:30:00Z,2026-09-20T03:15:44Z,T_LKSDB-1,T,Lakeside Energy Storage Ltd,LKSDB-1,"{'negative1': 0.0, 'positive1': 0.0, 'negative2': 0.0, 'positive2': 0.0, 'negative3': None, 'positive3': 0.0, 'negative4': None, 'positive4': None, 'negative5': None, 'positive5': None, 'negative6': None, 'positive6': None}",0.0,bid
2026-09-19,9,2026-09-19T03:00:00Z,2026-09-20T03:45:02Z,T_LKSDB-1,T,Lakeside Energy Storage Ltd,LKSDB-1,"{'negative1': 0.0, 'positive1': 0.0, 'negative2': 0.0, 'positive2': 0.0, 'negative3': None, 'positive3': None, 'negative4': None, 'positive4': None, 'negative5': None, 'positive5': None, 'negative6': None, 'positive6': None}",0.0,bid
2026-09-19,10,2026-09-19T03:30:00Z,2026-09-20T04:14:59Z,T_LKSDB-1,T,Lakeside Energy Storage Ltd,LKSDB-1,"{'negative1': 0.0, 'positive1': 0.0, 'negative2': 0.0, 'positive2': 0.0, 'negative3': None, 'positive3': 0.0, 'negative4': None, 'positive4': None, 'negative5': None, 'positive5': None, 'negative6': None, 'positive6': None}",0.0,bid
2026-09-19,11,2026-09-19T04:00:00Z,2026-09-20T04:45:37Z,T_LKSDB-1,T,Lakeside Energy Storage Ltd,LKSDB-1,"{'negative1': 0.0, 'positive1': 0.0, 'negative2': 0.0, 'positive2': 0.0, 'negative3': None, 'positive3': 0.0, 'negative4': None, 'positive4': None, 'negative5': None, 'positive5': None, 'negative6': None, 'positive6': None}",0.0,bid
2026-09-19,12,2026-09-19T04:30:00Z,2026-09-20T05:15:22Z,T_LKSDB-1,T,Lakeside Energy Storage Ltd,LKSDB-1,"{'negative1': 0.0, 'positive1': 0.0, 'negative2': 0.0, 'positive2': 0.0, 'negative3': None, 'positive3': 0.0, 'negative4': None, 'positive4': None, 'negative5': None, 'positive5': None, 'negative6': None, 'positive6': None}",0.0,bid
2026-09-19,13,2026-09-19T05:00:00Z,2026-09-20T05:45:00Z,T_LKSDB-1,T,Lakeside Energy Storage Ltd,LKSDB-1,"{'negative1': 0.0, 'positive1': 0.0, 'negative2': 0.0, 'positive2': 0.0, 'negative3': None, 'positive3': 0.0, 'negative4': None, 'positive4': None, 'negative5': None, 'positive5': None, 'negative6': None, 'positive6': None}",0.0,bid
2026-09-19,14,2026-09-19T05:30:00Z,2026-09-20T06:14:41Z,T_LKSDB-1,T,Lakeside Energy Storage Ltd,LKSDB-1,"{'negative1': 0.0, 'positive1': 0.0, 'negative2': 0.0, 'positive2': 0.0, 'negative3': None, 'positive3': 0.0, 'negative4': None, 'positive4': None, 'negative5': None, 'positive5': None, 'negative6': None, 'positive6': None}",0.0,bid
2026-09-19,15,2026-09-19T06:00:00Z,2026-09-20T06:45:19Z,T_LKSDB-1,T,Lakeside Energy Storage Ltd,LKSDB-1,"{'negative1': 0.0, 'positive1': 0.0, 'negative2': 0.0, 'positive2': 0.0, 'negative3': None, 'positive3': None, 'negative4': None, 'positive4': None, 'negative5': None, 'positive5': None, 'negative6': None, 'positive6': None}",0.0,bid
2026-09-19,16,2026-09-19T06:30:00Z,2026-09-20T07:15:19Z,T_LKSDB-1,T,Lakeside Energy Storage Ltd,LKSDB-1,"{'negative1': 0.0, 'positive1': 0.0, 'negative2': 0.0, 'positive2': 0.0, 'negative3': None, 'positive3': None, 'negative4': None, 'positive4': None, 'negative5': None, 'positive5': None, 'negative6': None, 'positive6': None}",0.0,bid
2026-09-19,18,2026-09-19T07:30:00Z,2026-09-20T08:15:00Z,T_LKSDB-1,T,Lakeside Energy Storage Ltd,LKSDB-1,"{'negative1': 0.0, 'positive1': 0.0, 'negative2': 0.0, 'positive2': 0.0, 'negative3': None, 'positive3': None, 'negative4': None, 'positive4': None, 'negative5': None, 'positive5': None, 'negative6': None, 'positive6': None}",0.0,bid
2026-09-19,25,2026-09-19T11:00:00Z,2026-09-20T11:44:37Z,T_LKSDB-1,T,Lakeside Energy Storage Ltd,LKSDB-1,"{'negative1': 0.0, 'positive1': 0.0, 'negative2': 0.0, 'positive2': 0.0, 'negative3': None, 'positive3': 0.0, 'negative4': None, 'positive4': None, 'negative5': None, 'positive5': None, 'negative6': None, 'positive6': None}",0.0,bid
2026-09-19,26,2026-09-19T11:30:00Z,2026-09-20T12:14:43Z,T_LKSDB-1,T,Lakeside Energy Storage Ltd,LKSDB-1,"{'negative1': 0.0, 'positive1': 0.0, 'negative2': 0.0, 'positive2': 0.0, 'negative3': None, 'positive3': 0.0, 'negative4': None, 'positive4': None, 'negative5': None, 'positive5': None, 'negative6': None, 'positive6': None}",0.0,bid
2026-09-19,27,2026-09-19T12:00:00Z,2026-09-20T12:44:45Z,T_LKSDB-1,T,Lakeside Energy Storage Ltd,LKSDB-1,"{'negative1': 0.0, 'positive1': 61.2349581312, 'negative2': 0.0, 'positive2': 0.0, 'negative3': None, 'positive3': None, 'negative4': None, 'positive4': None, 'negative5': None, 'positive5': None, 'negative6': None, 'positive6': None}",61.2349581312,bid
2026-09-19,28,2026-09-19T12:30:00Z,2026-09-20T13:14:37Z,T_LKSDB-1,T,Lakeside Energy Storage Ltd,LKSDB-1,"{'negative1': 0.0, 'positive1': 0.0, 'negative2': 0.0, 'positive2': 0.0, 'negative3': None, 'positive3': None, 'negative4': None, 'positive4': None, 'negative5': None, 'positive5': None, 'negative6': None, 'positive6': None}",0.0,bid
2026-09-19,31,2026-09-19T14:00:00Z,2026-09-20T14:44:38Z,T_LKSDB-1,T,Lakeside Energy Storage Ltd,LKSDB-1,"{'negative1': 0.0, 'positive1': 0.0, 'negative2': 0.0, 'positive2': 0.0, 'negative3': None, 'positive3': None, 'negative4': None, 'positive4': None, 'negative5': None, 'positive5': None, 'negative6': None, 'positive6': None}",0.0,bid
2026-09-19,32,2026-09-19T14:30:00Z,2026-09-20T15:14:44Z,T_LKSDB-1,T,Lakeside Energy Storage Ltd,LKSDB-1,"{'negative1': 0.0, 'positive1': 0.0, 'negative2': 0.0, 'positive2': 0.0, 'negative3': None, 'positive3': None, 'negative4': None, 'positive4': None, 'negative5': None, 'positive5': None, 'negative6': None, 'positive6': None}",0.0,bid
2026-09-19,33,2026-09-19T15:00:00Z,2026-09-20T15:44:42Z,T_LKSDB-1,T,Lakeside Energy Storage Ltd,LKSDB-1,"{'negative1': 0.0, 'positive1': 0.0, 'negative2': 0.0, 'positive2': 0.0, 'negative3': None, 'positive3': None, 'negative4': None, 'positive4': None, 'negative5': None, 'positive5': None, 'negative6': None, 'positive6': None}",0.0,bid
2026-09-19,34,2026-09-19T15:30:00Z,2026-09-20T16:14:53Z,T_LKSDB-1,T,Lakeside Energy Storage Ltd,LKSDB-1,"{'negative1': 0.0, 'positive1': 0.0, 'negative2': 0.0, 'positive2': 0.0, 'negative3': None, 'positive3': 0.0, 'negative4': None, 'positive4': None, 'negative5': None, 'positive5': None, 'negative6': None, 'positive6': None}",0.0,bid
2026-09-19,36,2026-09-19T16:30:00Z,2026-09-20T17:14:44Z,T_LKSDB-1,T,Lakeside Energy Storage Ltd,LKSDB-1,"{'negative1': 0.0, 'positive1': -83.2902038496, 'negative2': 0.0, 'positive2': 0.0, 'negative3': None, 'positive3': None, 'negative4': None, 'positive4': None, 'negative5': None, 'positive5': None, 'negative6': None, 'positive6': None}",-83.2902038496,bid
2026-09-19,37,2026-09-19T17:00:00Z,2026-09-20T17:44:42Z,T_LKSDB-1,T,Lakeside Energy Storage Ltd,LKSDB-1,"{'negative1': -501.6306754368, 'positive1': 0.0, 'negative2': 0.0, 'positive2': 0.0, 'negative3': 0.0, 'positive3': None, 'negative4': None, 'positive4': None, 'negative5': None, 'positive5': None, 'negative6': None, 'positive6': None}",-501.6306754368,bid
2026-09-19,38,2026-09-19T17:30:00Z,2026-09-20T18:14:37Z,T_LKSDB-1,T,Lakeside Energy Storage Ltd,LKSDB-1,"{'negative1': 0.0, 'positive1': 0.0, 'negative2': 0.0, 'positive2': 0.0, 'negative3': 0.0, 'positive3': None, 'negative4': None, 'positive4': None, 'negative5': None, 'positive5': None, 'negative6': None, 'positive6': None}",0.0,bid
2026-09-19,39,2026-09-19T18:00:00Z,2026-09-20T18:44:46Z,T_LKSDB-1,T,Lakeside Energy Storage Ltd,LKSDB-1,"{'negative1': 0.0, 'positive1': 0.0, 'negative2': 0.0, 'positive2': 0.0, 'negative3': 0.0, 'positive3': None, 'negative4': None, 'positive4': None, 'negative5': None, 'positive5': None, 'negative6': None, 'positive6': None}",0.0,bid
2026-09-19,40,2026-09-19T18:30:00Z,2026-09-20T19:14:40Z,T_LKSDB-1,T,Lakeside Energy Storage Ltd,LKSDB-1,"{'negative1': -104.872434048, 'positive1': 0.0, 'negative2': 0.0, 'positive2': 0.0, 'negative3': 0.0, 'positive3': None, 'negative4': None, 'positive4': None, 'negative5': None, 'positive5': None, 'negative6': None, 'positive6': None}",-104.872434048,bid
2026-09-19,41,2026-09-19T19:00:00Z,2026-09-20T19:44:41Z,T_LKSDB-1,T,Lakeside Energy Storage Ltd,LKSDB-1,"{'negative1': 0.0, 'positive1': 0.0, 'negative2': 0.0, 'positive2': 0.0, 'negative3': None, 'positive3': None, 'negative4': None, 'positive4': None, 'negative5': None, 'positive5': None, 'negative6': None, 'positive6': None}",0.0,bid
2026-09-19,45,2026-09-19T21:00:00Z,2026-09-20T21:44:42Z,T_LKSDB-1,T,Lakeside Energy Storage Ltd,LKSDB-1,"{'negative1': 0.0, 'positive1': 0.0, 'negative2': 0.0, 'positive2': 0.0, 'negative3': 0.0, 'positive3': None, 'negative4': None, 'positive4': None, 'negative5': None, 'positive5': None, 'negative6': None, 'positive6': None}",0.0,bid
2026-09-19,46,2026-09-19T21:30:00Z,2026-09-20T22:14:50Z,T_LKSDB-1,T,Lakeside Energy Storage Ltd,LKSDB-1,"{'negative1': 8.9996911488, 'positive1': 0.0, 'negative2': 0.0, 'positive2': 0.0, 'negative3': None, 'positive3': None, 'negative4': None, 'positive4': None, 'negative5': None, 'positive5': None, 'negative6': None, 'positive6': None}",8.9996911488,bid
2026-09-19,47,2026-09-19T22:00:00Z,2026-09-20T22:44:41Z,T_LKSDB-1,T,Lakeside Energy Storage Ltd,LKSDB-1,"{'negative1': 0.0, 'positive1': 0.0, 'negative2': 0.0, 'positive2': 0.0, 'negative3': None, 'positive3': None, 'negative4': None, 'positive4': None, 'negative5': None, 'positive5': None, 'negative6': None, 'positive6': None}",0.0,bid
2026-09-19,48,2026-09-19T22:30:00Z,2026-09-20T23:14:45Z,T_LKSDB-1,T,Lakeside Energy Storage Ltd,LKSDB-1,"{'negative1': 0.0, 'positive1': 0.0, 'negative2': 0.0, 'positive2': 0.0, 'negative3': None, 'positive3': None, 'negative4': None, 'positive4': None, 'negative5': None, 'positive5': None, 'negative6': None, 'positive6': None}",0.0,bid
2026-09-19,1,2026-09-18T23:00:00Z,2026-09-19T23:45:04Z,T_LKSDB-1,T,Lakeside Energy Storage Ltd,LKSDB-1,"{'negative1': 0.0, 'positive1': 17.126424, 'negative2': 0.0, 'positive2': 0.0, 'negative3': None, 'positive3': 0.0, 'negative4': None, 'positive4': None, 'negative5': None, 'positive5': None, 'negative6': None, 'positive6': None}",17.126424,offer
2026-09-19,2,2026-09-18T23:30:00Z,2026-09-20T00:16:57Z,T_LKSDB-1,T,Lakeside Energy Storage Ltd,LKSDB-1,"{'negative1': 0.0, 'positive1': 15.87864168, 'negative2': 0.0, 'positive2': 0.0, 'negative3': None, 'positive3': 0.0, 'negative4': None, 'positive4': None, 'negative5': None, 'positive5': None, 'negative6': None, 'positive6': None}",15.87864168,offer
2026-09-19,3,2026-09-19T00:00:00Z,2026-09-20T00:44:49Z,T_LKSDB-1,T,Lakeside Energy Storage Ltd,LKSDB-1,"{'negative1': 0.0, 'positive1': 15.87864168, 'negative2': 0.0, 'positive2': 176.74469568, 'negative3': None, 'positive3': 0.0, 'negative4': None, 'positive4': None, 'negative5': None, 'positive5': None, 'negative6': None, 'positive6': None}",192.62333736,offer
2026-09-19,4,2026-09-19T00:30:00Z,2026-09-20T01:15:20Z,T_LKSDB-1,T,Lakeside Energy Storage Ltd,LKSDB-1,"{'negative1': 0.0, 'positive1': 143.864683070328, 'negative2': 0.0, 'positive2': 9.476641260828, 'negative3': None, 'positive3': 0.0, 'negative4': None, 'positive4': None, 'negative5': None, 'positive5': None, 'negative6': None, 'positive6': None}",153.341324331156,offer
2026-09-19,5,2026-09-19T01:00:00Z,2026-09-20T01:44:52Z,T_LKSDB-1,T,Lakeside Energy Storage Ltd,LKSDB-1,"{'negative1': 0.0, 'positive1': 44.080968744, 'negative2': 0.0, 'positive2': 0.0, 'negative3': None, 'positive3': None, 'negative4': None, 'positive4': None, 'negative5': None, 'positive5': None, 'negative6': None, 'positive6': None}",44.080968744,offer
2026-09-19,6,2026-09-19T01:30:00Z,2026-09-20T02:16:24Z,T_LKSDB-1,T,Lakeside Energy Storage Ltd,LKSDB-1,"{'negative1': 0.0, 'positive1': 62.47882584, 'negative2': 0.0, 'positive2': 0.0, 'negative3': None, 'positive3': None, 'negative4': None, 'positive4': None, 'negative5': None, 'positive5': None, 'negative6': None, 'positive6': None}",62.47882584,offer
2026-09-19,7,2026-09-19T02:00:00Z,2026-09-20T02:44:56Z,T_LKSDB-1,T,Lakeside Energy Storage Ltd,LKSDB-1,"{'negative1': 0.0, 'positive1': 481.17096, 'negative2': 0.0, 'positive2': 0.0, 'negative3': None, 'positive3': 0.0, 'negative4': None, 'positive4': None, 'negative5': None, 'positive5': None, 'negative6': None, 'positive6': None}",481.17096,offer
2026-09-19,8,2026-09-19T02:30:00Z,2026-09-20T03:15:44Z,T_LKSDB-1,T,Lakeside Energy Storage Ltd,LKSDB-1,"{'negative1': 0.0, 'positive1': 330.29532, 'negative2': 0.0, 'positive2': 83.185488, 'negative3': None, 'positive3': 0.0, 'negative4': None, 'positive4': None, 'negative5': None, 'positive5': None, 'negative6': None, 'positive6': None}",413.480808,offer
2026-09-19,9,2026-09-19T03:00:00Z,2026-09-20T03:45:02Z,T_LKSDB-1,T,Lakeside Energy Storage Ltd,LKSDB-1,"{'negative1': 0.0, 'positive1': 293.59584, 'negative2': 0.0, 'positive2': 0.0, 'negative3': None, 'positive3': None, 'negative4': None, 'positive4': None, 'negative5': None, 'positive5': None, 'negative6': None, 'positive6': None}",293.59584,offer
2026-09-19,10,2026-09-19T03:30:00Z,2026-09-20T04:14:59Z,T_LKSDB-1,T,Lakeside Energy Storage Ltd,LKSDB-1,"{'negative1': 0.0, 'positive1': 480.400724, 'negative2': 0.0, 'positive2': 54.26203473028, 'negative3': None, 'positive3': 0.0, 'negative4': None, 'positive4': None, 'negative5': None, 'positive5': None, 'negative6': None, 'positive6': None}",534.66275873028,offer
2026-09-19,11,2026-09-19T04:00:00Z,2026-09-20T04:45:37Z,T_LKSDB-1,T,Lakeside Energy Storage Ltd,LKSDB-1,"{'negative1': 0.0, 'positive1': 160.22992968, 'negative2': 0.0, 'positive2': 0.0, 'negative3': None, 'positive3': 0.0, 'negative4': None, 'positive4': None, 'negative5': None, 'positive5': None, 'negative6': None, 'positive6': None}",160.22992968,offer
2026-09-19,12,2026-09-19T04:30:00Z,2026-09-20T05:15:22Z,T_LKSDB-1,T,Lakeside Energy Storage Ltd,LKSDB-1,"{'negative1': 0.0, 'positive1': 375.18286176, 'negative2': 0.0, 'positive2': 75.3562656, 'negative3': None, 'positive3': 0.0, 'negative4': None, 'positive4': None, 'negative5': None, 'positive5': None, 'negative6': None, 'positive6': None}",450.53912736,offer
2026-09-19,13,2026-09-19T05:00:00Z,2026-09-20T05:45:00Z,T_LKSDB-1,T,Lakeside Energy Storage Ltd,LKSDB-1,"{'negative1': 0.0, 'positive1': 424.7353152, 'negative2': 0.0, 'positive2': 2.51187552, 'negative3': None, 'positive3': 0.0, 'negative4': None, 'positive4': None, 'negative5': None, 'positive5': None, 'negative6': None, 'positive6': None}",427.24719072,offer
2026-09-19,14,2026-09-19T05:30:00Z,2026-09-20T06:14:41Z,T_LKSDB-1,T,Lakeside Energy Storage Ltd,LKSDB-1,"{'negative1': 0.0, 'positive1': 22.9983408, 'negative2': 0.0, 'positive2': 1413.72921312, 'negative3': None, 'positive3': 0.0, 'negative4': None, 'positive4': None, 'negative5': None, 'positive5': None, 'negative6': None, 'positive6': None}",1436.72755392,offer
2026-09-19,15,2026-09-19T06:00:00Z,2026-09-20T06:45:19Z,T_LKSDB-1,T,Lakeside Energy Storage Ltd,LKSDB-1,"{'negative1': 0.0, 'positive1': 695.31650352, 'negative2': 0.0, 'positive2': 0.0, 'negative3': None, 'positive3': None, 'negative4': None, 'positive4': None, 'negative5': None, 'positive5': None, 'negative6': None, 'positive6': None}",695.31650352,offer
2026-09-19,16,2026-09-19T06:30:00Z,2026-09-20T07:15:19Z,T_LKSDB-1,T,Lakeside Energy Storage Ltd,LKSDB-1,"{'negative1': 0.0, 'positive1': 334.25886384, 'negative2': 0.0, 'positive2': 0.0, 'negative3': None, 'positive3': None, 'negative4': None, 'positive4': None, 'negative5': None, 'positive5': None, 'negative6': None, 'positive6': None}",334.25886384,offer
2026-09-19,18,2026-09-19T07:30:00Z,2026-09-20T08:15:00Z,T_LKSDB-1,T,Lakeside Energy Storage Ltd,LKSDB-1,"{'negative1': 0.0, 'positive1': 5.338551024, 'negative2': 0.0, 'positive2': 0.0, 'negative3': None, 'positive3': None, 'negative4': None, 'positive4': None, 'negative5': None, 'positive5': None, 'negative6': None, 'positive6': None}",5.338551024,offer
2026-09-19,25,2026-09-19T11:00:00Z,2026-09-20T11:44:37Z,T_LKSDB-1,T,Lakeside Energy Storage Ltd,LKSDB-1,"{'negative1': 0.0, 'positive1': 524.519978004, 'negative2': 0.0, 'positive2': 0.0, 'negative3': None, 'positive3': 0.0, 'negative4': None, 'positive4': None, 'negative5': None, 'positive5': None, 'negative6': None, 'positive6': None}",524.519978004,offer
2026-09-19,26,2026-09-19T11:30:00Z,2026-09-20T12:14:43Z,T_LKSDB-1,T,Lakeside Energy Storage Ltd,LKSDB-1,"{'negative1': 0.0, 'positive1': 440.0003007972, 'negative2': 0.0, 'positive2': 2.7393715188, 'negative3': None, 'positive3': 0.0, 'negative4': None, 'positive4': None, 'negative5': None, 'positive5': None, 'negative6': None, 'positive6': None}",442.739672316,offer
2026-09-19,27,2026-09-19T12:00:00Z,2026-09-20T12:44:45Z,T_LKSDB-1,T,Lakeside Energy Storage Ltd,LKSDB-1,"{'negative1': 0.0, 'positive1': 742.043912544, 'negative2': 0.0, 'positive2': 0.0, 'negative3': None, 'positive3': None, 'negative4': None, 'positive4': None, 'negative5': None, 'positive5': None, 'negative6': None, 'positive6': None}",742.043912544,offer
2026-09-19,28,2026-09-19T12:30:00Z,2026-09-20T13:14:37Z,T_LKSDB-1,T,Lakeside Energy Storage Ltd,LKSDB-1,"{'negative1': 0.0, 'positive1': 135.47001384, 'negative2': 0.0, 'positive2': 0.0, 'negative3': None, 'positive3': None, 'negative4': None, 'positive4': None, 'negative5': None, 'positive5': None, 'negative6': None, 'positive6': None}",135.47001384,offer
2026-09-19,31,2026-09-19T14:00:00Z,2026-09-20T14:44:38Z,T_LKSDB-1,T,Lakeside Energy Storage Ltd,LKSDB-1,"{'negative1': 0.0, 'positive1': 2188.52863488, 'negative2': 0.0, 'positive2': 0.0, 'negative3': None, 'positive3': None, 'negative4': None, 'positive4': None, 'negative5': None, 'positive5': None, 'negative6': None, 'positive6': None}",2188.52863488,offer
2026-09-19,32,2026-09-19T14:30:00Z,2026-09-20T15:14:44Z,T_LKSDB-1,T,Lakeside Energy Storage Ltd,LKSDB-1,"{'negative1': 0.0, 'positive1': 4096.851031152, 'negative2': 0.0, 'positive2': 0.0, 'negative3': None, 'positive3': None, 'negative4': None, 'positive4': None, 'negative5': None, 'positive5': None, 'negative6': None, 'positive6': None}",4096.851031152,offer
2026-09-19,33,2026-09-19T15:00:00Z,2026-09-20T15:44:42Z,T_LKSDB-1,T,Lakeside Energy Storage Ltd,LKSDB-1,"{'negative1': 0.0, 'positive1': 378.4692594168, 'negative2': 0.0, 'positive2': 0.0, 'negative3': None, 'positive3': None, 'negative4': None, 'positive4': None, 'negative5': None, 'positive5': None, 'negative6': None, 'positive6': None}",378.4692594168,offer
2026-09-19,34,2026-09-19T15:30:00Z,2026-09-20T16:14:53Z,T_LKSDB-1,T,Lakeside Energy Storage Ltd,LKSDB-1,"{'negative1': 0.0, 'positive1': 70.5928362048, 'negative2': 0.0, 'positive2': 0.0, 'negative3': None, 'positive3': 0.0, 'negative4': None, 'positive4': None, 'negative5': None, 'positive5': None, 'negative6': None, 'positive6': None}",70.5928362048,offer
2026-09-19,36,2026-09-19T16:30:00Z,2026-09-20T17:14:44Z,T_LKSDB-1,T,Lakeside Energy Storage Ltd,LKSDB-1,"{'negative1': 0.0, 'positive1': 2325.2790528, 'negative2': 0.0, 'positive2': 0.0, 'negative3': None, 'positive3': None, 'negative4': None, 'positive4': None, 'negative5': None, 'positive5': None, 'negative6': None, 'positive6': None}",2325.2790528,offer
2026-09-19,37,2026-09-19T17:00:00Z,2026-09-20T17:44:42Z,T_LKSDB-1,T,Lakeside Energy Storage Ltd,LKSDB-1,"{'negative1': 0.0, 'positive1': 31.70835072, 'negative2': 0.0, 'positive2': 0.0, 'negative3': 0.0, 'positive3': None, 'negative4': None, 'positive4': None, 'negative5': None, 'positive5': None, 'negative6': None, 'positive6': None}",31.70835072,offer
2026-09-19,38,2026-09-19T17:30:00Z,2026-09-20T18:14:37Z,T_LKSDB-1,T,Lakeside Energy Storage Ltd,LKSDB-1,"{'negative1': 0.0, 'positive1': 1902.5010432, 'negative2': 0.0, 'positive2': 0.0, 'negative3': 0.0, 'positive3': None, 'negative4': None, 'positive4': None, 'negative5': None, 'positive5': None, 'negative6': None, 'positive6': None}",1902.5010432,offer
2026-09-19,39,2026-09-19T18:00:00Z,2026-09-20T18:44:46Z,T_LKSDB-1,T,Lakeside Energy Storage Ltd,LKSDB-1,"{'negative1': 0.0, 'positive1': 692.695345104, 'negative2': 0.0, 'positive2': 0.0, 'negative3': 0.0, 'positive3': None, 'negative4': None, 'positive4': None, 'negative5': None, 'positive5': None, 'negative6': None, 'positive6': None}",692.695345104,offer
2026-09-19,40,2026-09-19T18:30:00Z,2026-09-20T19:14:40Z,T_LKSDB-1,T,Lakeside Energy Storage Ltd,LKSDB-1,"{'negative1': 0.0, 'positive1': 0.0, 'negative2': 0.0, 'positive2': 0.0, 'negative3': 0.0, 'positive3': None, 'negative4': None, 'positive4': None, 'negative5': None, 'positive5': None, 'negative6': None, 'positive6': None}",0.0,offer
2026-09-19,41,2026-09-19T19:00:00Z,2026-09-20T19:44:41Z,T_LKSDB-1,T,Lakeside Energy Storage Ltd,LKSDB-1,"{'negative1': 0.0, 'positive1': 219.90328416, 'negative2': 0.0, 'positive2': 0.0, 'negative3': None, 'positive3': None, 'negative4': None, 'positive4': None, 'negative5': None, 'positive5': None, 'negative6': None, 'positive6': None}",219.90328416,offer
2026-09-19,45,2026-09-19T21:00:00Z,2026-09-20T21:44:42Z,T_LKSDB-1,T,Lakeside Energy Storage Ltd,LKSDB-1,"{'negative1': 0.0, 'positive1': 67.458537504, 'negative2': 0.0, 'positive2': 0.0, 'negative3': 0.0, 'positive3': None, 'negative4': None, 'positive4': None, 'negative5': None, 'positive5': None, 'negative6': None, 'positive6': None}",67.458537504,offer
2026-09-19,46,2026-09-19T21:30:00Z,2026-09-20T22:14:50Z,T_LKSDB-1,T,Lakeside Energy Storage Ltd,LKSDB-1,"{'negative1': 0.0, 'positive1': 0.0, 'negative2': 0.0, 'positive2': 0.0, 'negative3': None, 'positive3': None, 'negative4': None, 'positive4': None, 'negative5': None, 'positive5': None, 'negative6': None, 'positive6': None}",0.0,offer
2026-09-19,47,2026-09-19T22:00:00Z,2026-09-20T22:44:41Z,T_LKSDB-1,T,Lakeside Energy Storage Ltd,LKSDB-1,"{'negative1': 0.0, 'positive1': 21.466749168, 'negative2': 0.0, 'positive2': 0.0, 'negative3': None, 'positive3': None, 'negative4': None, 'positive4': None, 'negative5': None, 'positive5': None, 'negative6': None, 'positive6': None}",21.466749168,offer
2026-09-19,48,2026-09-19T22:30:00Z,2026-09-20T23:14:45Z,T_LKSDB-1,T,Lakeside Energy Storage Ltd,LKSDB-1,"{'negative1': 0.0, 'positive1': 910.58749776, 'negative2': 0.0, 'positive2': 0.0, 'negative3': None, 'positive3': None, 'negative4': None, 'positive4': None, 'negative5': None, 'positive5': None, 'negative6': None, 'positive6': None}",910.58749776,offer
2026-09-20,1,2026-09-19T23:00:00Z,2026-09-20T23:44:45Z,T_LKSDB-1,T,Lakeside Energy Storage Ltd,LKSDB-1,"{'negative1': 0.0, 'positive1': 0.0, 'negative2': 0.0, 'positive2': 0.0, 'negative3': None, 'positive3': None, 'negative4': None, 'positive4': None, 'negative5': None, 'positive5': None, 'negative6': None, 'positive6': None}",0.0,bid
2026-09-20,2,2026-09-19T23:30:00Z,2026-09-21T00:15:06Z,T_LKSDB-1,T,Lakeside Energy Storage Ltd,LKSDB-1,"{'negative1': 0.0, 'positive1': 0.0, 'negative2': 0.0, 'positive2': 0.0, 'negative3': None, 'positive3': 0.0, 'negative4': None, 'positive4': None, 'negative5': None, 'positive5': None, 'negative6': None, 'positive6': None}",0.0,bid
2026-09-20,3,2026-09-20T00:00:00Z,2026-09-21T00:44:52Z,T_LKSDB-1,T,Lakeside Energy Storage Ltd,LKSDB-1,"{'negative1': 0.0, 'positive1': 0.0, 'negative2': 0.0, 'positive2': 0.0, 'negative3': None, 'positive3': 0.0, 'negative4': None, 'positive4': None, 'negative5': None, 'positive5': None, 'negative6': None, 'positive6': None}",0.0,bid
2026-09-20,4,2026-09-20T00:30:00Z,2026-09-21T01:15:40Z,T_LKSDB-1,T,Lakeside Energy Storage Ltd,LKSDB-1,"{'negative1': 0.0, 'positive1': 0.0, 'negative2': 0.0, 'positive2': 0.0, 'negative3': None, 'positive3': 0.0, 'negative4': None, 'positive4': None, 'negative5': None, 'positive5': None, 'negative6': None, 'positive6': None}",0.0,bid
2026-09-20,5,2026-09-20T01:00:00Z,2026-09-21T01:45:01Z,T_LKSDB-1,T,Lakeside Energy Storage Ltd,LKSDB-1,"{'negative1': 0.0, 'positive1': 0.0, 'negative2': 0.0, 'positive2': 0.0, 'negative3': None, 'positive3': 0.0, 'negative4': None, 'positive4': None, 'negative5': None, 'positive5': None, 'negative6': None, 'positive6': None}",0.0,bid
2026-09-20,6,2026-09-20T01:30:00Z,2026-09-21T02:21:04Z,T_LKSDB-1,T,Lakeside Energy Storage Ltd,LKSDB-1,"{'negative1': 0.0, 'positive1': 0.0, 'negative2': 0.0, 'positive2': 0.0, 'negative3': None, 'positive3': 0.0, 'negative4': None, 'positive4': None, 'negative5': None, 'positive5': None, 'negative6': None, 'positive6': None}",0.0,bid
2026-09-20,7,2026-09-20T02:00:00Z,2026-09-21T02:46:38Z,T_LKSDB-1,T,Lakeside Energy Storage Ltd,LKSDB-1,"{'negative1': 0.0, 'positive1': 0.0, 'negative2': 0.0, 'positive2': 0.0, 'negative3': None, 'positive3': 0.0, 'negative4': None, 'positive4': None, 'negative5': None, 'positive5': None, 'negative6': None, 'positive6': None}",0.0,bid
2026-09-20,8,2026-09-20T02:30:00Z,2026-09-21T03:14:55Z,T_LKSDB-1,T,Lakeside Energy Storage Ltd,LKSDB-1,"{'negative1': 0.0, 'positive1': 0.0, 'negative2': 0.0, 'positive2': 0.0, 'negative3': None, 'positive3': 0.0, 'negative4': None, 'positive4': None, 'negative5': None, 'positive5': None, 'negative6': None, 'positive6': None}",0.0,bid
2026-09-20,9,2026-09-20T03:00:00Z,2026-09-21T03:45:04Z,T_LKSDB-1,T,Lakeside Energy Storage Ltd,LKSDB-1,"{'negative1': 0.0, 'positive1': 0.0, 'negative2': 0.0, 'positive2': 0.0, 'negative3': None, 'positive3': 0.0, 'negative4': None, 'positive4': None, 'negative5': None, 'positive5': None, 'negative6': None, 'positive6': None}",0.0,bid
2026-09-20,10,2026-09-20T03:30:00Z,2026-09-21T04:14:52Z,T_LKSDB-1,T,Lakeside Energy Storage Ltd,LKSDB-1,"{'negative1': 0.0, 'positive1': 0.0, 'negative2': 0.0, 'positive2': 0.0, 'negative3': None, 'positive3': 0.0, 'negative4': None, 'positive4': None, 'negative5': None, 'positive5': None, 'negative6': None, 'positive6': None}",0.0,bid
2026-09-20,11,2026-09-20T04:00:00Z,2026-09-21T04:44:30Z,T_LKSDB-1,T,Lakeside Energy Storage Ltd,LKSDB-1,"{'negative1': 0.0, 'positive1': 0.0, 'negative2': 0.0, 'positive2': 0.0, 'negative3': None, 'positive3': 0.0, 'negative4': None, 'positive4': None, 'negative5': None, 'positive5': None, 'negative6': None, 'positive6': None}",0.0,bid
2026-09-20,12,2026-09-20T04:30:00Z,2026-09-21T05:14:32Z,T_LKSDB-1,T,Lakeside Energy Storage Ltd,LKSDB-1,"{'negative1': 0.0, 'positive1': 0.0, 'negative2': 0.0, 'positive2': 0.0, 'negative3': None, 'positive3': 0.0, 'negative4': None, 'positive4': None, 'negative5': None, 'positive5': None, 'negative6': None, 'positive6': None}",0.0,bid
2026-09-20,13,2026-09-20T05:00:00Z,2026-09-21T05:45:11Z,T_LKSDB-1,T,Lakeside Energy Storage Ltd,LKSDB-1,"{'negative1': 0.0, 'positive1': 0.0, 'negative2': 0.0, 'positive2': 0.0, 'negative3': None, 'positive3': 0.0, 'negative4': None, 'positive4': None, 'negative5': None, 'positive5': None, 'negative6': None, 'positive6': None}",0.0,bid
2026-09-20,14,2026-09-20T05:30:00Z,2026-09-21T06:14:43Z,T_LKSDB-1,T,Lakeside Energy Storage Ltd,LKSDB-1,"{'negative1': 0.0, 'positive1': 0.0, 'negative2': 0.0, 'positive2': 0.000208643703509836, 'negative3': None, 'positive3': 0.0, 'negative4': None, 'positive4': None, 'negative5': None, 'positive5': None, 'negative6': None, 'positive6': None}",0.000208643703509836,bid
2026-09-20,15,2026-09-20T06:00:00Z,2026-09-21T06:44:33Z,T_LKSDB-1,T,Lakeside Energy Storage Ltd,LKSDB-1,"{'negative1': 0.0, 'positive1': 0.0, 'negative2': 0.0, 'positive2': 0.0, 'negative3': None, 'positive3': 0.0, 'negative4': None, 'positive4': None, 'negative5': None, 'positive5': None, 'negative6': None, 'positive6': None}",0.0,bid
2026-09-20,16,2026-09-20T06:30:00Z,2026-09-21T07:14:29Z,T_LKSDB-1,T,Lakeside Energy Storage Ltd,LKSDB-1,"{'negative1': 0.0, 'positive1': 0.0, 'negative2': 0.0, 'positive2': 0.0, 'negative3': None, 'positive3': 0.0, 'negative4': None, 'positive4': None, 'negative5': None, 'positive5': None, 'negative6': None, 'positive6': None}",0.0,bid
2026-09-20,17,2026-09-20T07:00:00Z,2026-09-21T07:44:37Z,T_LKSDB-1,T,Lakeside Energy Storage Ltd,LKSDB-1,"{'negative1': 0.0, 'positive1': 0.0, 'negative2': 0.0, 'positive2': 0.0, 'negative3': None, 'positive3': 0.0, 'negative4': None, 'positive4': None, 'negative5': None, 'positive5': None, 'negative6': None, 'positive6': None}",0.0,bid
2026-09-20,18,2026-09-20T07:30:00Z,2026-09-21T08:14:36Z,T_LKSDB-1,T,Lakeside Energy Storage Ltd,LKSDB-1,"{'negative1': 0.0, 'positive1': 0.0, 'negative2': 0.0, 'positive2': 0.0, 'negative3': None, 'positive3': 0.0, 'negative4': None, 'positive4': None, 'negative5': None, 'positive5': None, 'negative6': None, 'positive6': None}",0.0,bid
2026-09-20,19,2026-09-20T08:00:00Z,2026-09-21T08:44:55Z,T_LKSDB-1,T,Lakeside Energy Storage Ltd,LKSDB-1,"{'negative1': 0.0, 'positive1': 0.0, 'negative2': 0.0, 'positive2': 0.0, 'negative3': None, 'positive3': 0.0, 'negative4': None, 'positive4': None, 'negative5': None, 'positive5': None, 'negative6': None, 'positive6': None}",0.0,bid
2026-09-20,20,2026-09-20T08:30:00Z,2026-09-21T09:14:32Z,T_LKSDB-1,T,Lakeside Energy Storage Ltd,LKSDB-1,"{'negative1': 0.0, 'positive1': 0.0, 'negative2': 0.0, 'positive2': 0.0, 'negative3': None, 'positive3': 0.0, 'negative4': None, 'positive4': None, 'negative5': None, 'positive5': None, 'negative6': None, 'positive6': None}",0.0,bid
2026-09-20,22,2026-09-20T09:30:00Z,2026-09-21T10:14:32Z,T_LKSDB-1,T,Lakeside Energy Storage Ltd,LKSDB-1,"{'negative1': 0.0, 'positive1': 0.0, 'negative2': 0.0, 'positive2': 0.0, 'negative3': None, 'positive3': 0.0, 'negative4': None, 'positive4': None, 'negative5': None, 'positive5': None, 'negative6': None, 'positive6': None}",0.0,bid
2026-09-20,31,2026-09-20T14:00:00Z,2026-09-21T14:44:22Z,T_LKSDB-1,T,Lakeside Energy Storage Ltd,LKSDB-1,"{'negative1': 0.0, 'positive1': 0.0, 'negative2': 0.0, 'positive2': 0.0, 'negative3': None, 'positive3': 0.0, 'negative4': None, 'positive4': None, 'negative5': None, 'positive5': None, 'negative6': None, 'positive6': None}",0.0,bid
2026-09-20,32,2026-09-20T14:30:00Z,2026-09-21T15:14:37Z,T_LKSDB-1,T,Lakeside Energy Storage Ltd,LKSDB-1,"{'negative1': 142.7202, 'positive1': 0.0, 'negative2': 0.0, 'positive2': 0.0, 'negative3': None, 'positive3': None, 'negative4': None, 'positive4': None, 'negative5': None, 'positive5': None, 'negative6': None, 'positive6': None}",142.7202,bid
2026-09-20,39,2026-09-20T18:00:00Z,2026-09-21T18:44:39Z,T_LKSDB-1,T,Lakeside Energy Storage Ltd,LKSDB-1,"{'negative1': -28.0227442752, 'positive1': 0.0, 'negative2': 0.0, 'positive2': 0.0, 'negative3': 0.0, 'positive3': None, 'negative4': None, 'positive4': None, 'negative5': None, 'positive5': None, 'negative6': None, 'positive6': None}",-28.0227442752,bid
2026-09-20,40,2026-09-20T18:30:00Z,2026-09-21T19:14:25Z,T_LKSDB-1,T,Lakeside Energy Storage Ltd,LKSDB-1,"{'negative1': 0.0, 'positive1': 0.0, 'negative2': 0.0, 'positive2': 0.0, 'negative3': 0.0, 'positive3': None, 'negative4': None, 'positive4': None, 'negative5': None, 'positive5': None, 'negative6': None, 'positive6': None}",0.0,bid
2026-09-20,41,2026-09-20T19:00:00Z,2026-09-21T19:44:28Z,T_LKSDB-1,T,Lakeside Energy Storage Ltd,LKSDB-1,"{'negative1': 0.0, 'positive1': 0.0, 'negative2': 0.0, 'positive2': 0.0, 'negative3': 0.0, 'positive3': None, 'negative4': None, 'positive4': None, 'negative5': None, 'positive5': None, 'negative6': None, 'positive6': None}",0.0,bid
2026-09-20,45,2026-09-20T21:00:00Z,2026-09-21T21:44:25Z,T_LKSDB-1,T,Lakeside Energy Storage Ltd,LKSDB-1,"{'negative1': -478.78141608, 'positive1': 0.0, 'negative2': 0.0, 'positive2': 0.0, 'negative3': None, 'positive3': None, 'negative4': None, 'positive4': None, 'negative5': None, 'positive5': None, 'negative6': None, 'positive6': None}",-478.78141608,bid
2026-09-20,46,2026-09-20T21:30:00Z,2026-09-21T22:14:27Z,T_LKSDB-1,T,Lakeside Energy Storage Ltd,LKSDB-1,"{'negative1': -95.4414016776, 'positive1': 0.0, 'negative2': 0.0, 'positive2': 0.0, 'negative3': None, 'positive3': None, 'negative4': None, 'positive4': None, 'negative5': None, 'positive5': None, 'negative6': None, 'positive6': None}",-95.4414016776,bid
2026-09-20,1,2026-09-19T23:00:00Z,2026-09-20T23:44:45Z,T_LKSDB-1,T,Lakeside Energy Storage Ltd,LKSDB-1,"{'negative1': 0.0, 'positive1': 556.21731888, 'negative2': 0.0, 'positive2': 0.0, 'negative3': None, 'positive3': None, 'negative4': None, 'positive4': None, 'negative5': None, 'positive5': None, 'negative6': None, 'positive6': None}",556.21731888,offer
2026-09-20,2,2026-09-19T23:30:00Z,2026-09-21T00:15:06Z,T_LKSDB-1,T,Lakeside Energy Storage Ltd,LKSDB-1,"{'negative1': 0.0, 'positive1': 75.233934, 'negative2': 0.0, 'positive2': 959.8341222, 'negative3': None, 'positive3': 0.0, 'negative4': None, 'positive4': None, 'negative5': None, 'positive5': None, 'negative6': None, 'positive6': None}",1035.0680562,offer
2026-09-20,3,2026-09-20T00:00:00Z,2026-09-21T00:44:52Z,T_LKSDB-1,T,Lakeside Energy Storage Ltd,LKSDB-1,"{'negative1': 0.0, 'positive1': 75.233934, 'negative2': 0.0, 'positive2': 959.8341222, 'negative3': None, 'positive3': 0.0, 'negative4': None, 'positive4': None, 'negative5': None, 'positive5': None, 'negative6': None, 'positive6': None}",1035.0680562,offer
2026-09-20,4,2026-09-20T00:30:00Z,2026-09-21T01:15:40Z,T_LKSDB-1,T,Lakeside Energy Storage Ltd,LKSDB-1,"{'negative1': 0.0, 'positive1': 184.673414448, 'negative2': 0.0, 'positive2': 801.917890848, 'negative3': None, 'positive3': 0.0, 'negative4': None, 'positive4': None, 'negative5': None, 'positive5': None, 'negative6': None, 'positive6': None}",986.591305296,offer
2026-09-20,5,2026-09-20T01:00:00Z,2026-09-21T01:45:01Z,T_LKSDB-1,T,Lakeside Energy Storage Ltd,LKSDB-1,"{'negative1': 0.0, 'positive1': 186.510019536, 'negative2': 0.0, 'positive2': 0.0, 'negative3': None, 'positive3': 0.0, 'negative4': None, 'positive4': None, 'negative5': None, 'positive5': None, 'negative6': None, 'positive6': None}",186.510019536,offer
2026-09-20,6,2026-09-20T01:30:00Z,2026-09-21T02:21:04Z,T_LKSDB-1,T,Lakeside Energy Storage Ltd,LKSDB-1,"{'negative1': 0.0, 'positive1': 579.444012, 'negative2': 0.0, 'positive2': 0.0, 'negative3': None, 'positive3': 0.0, 'negative4': None, 'positive4': None, 'negative5': None, 'positive5': None, 'negative6': None, 'positive6': None}",579.444012,offer
2026-09-20,7,2026-09-20T02:00:00Z,2026-09-21T02:46:38Z,T_LKSDB-1,T,Lakeside Energy Storage Ltd,LKSDB-1,"{'negative1': 0.0, 'positive1': 1866.2093352, 'negative2': 0.0, 'positive2': 0.0, 'negative3': None, 'positive3': 0.0, 'negative4': None, 'positive4': None, 'negative5': None, 'positive5': None, 'negative6': None, 'positive6': None}",1866.2093352,offer
2026-09-20,8,2026-09-20T02:30:00Z,2026-09-21T03:14:55Z,T_LKSDB-1,T,Lakeside Energy Storage Ltd,LKSDB-1,"{'negative1': 0.0, 'positive1': 3023.7186005136, 'negative2': 0.0, 'positive2': 0.0, 'negative3': None, 'positive3': 0.0, 'negative4': None, 'positive4': None, 'negative5': None, 'positive5': None, 'negative6': None, 'positive6': None}",3023.7186005136,offer
2026-09-20,9,2026-09-20T03:00:00Z,2026-09-21T03:45:04Z,T_LKSDB-1,T,Lakeside Energy Storage Ltd,LKSDB-1,"{'negative1': 0.0, 'positive1': 3163.7359245888, 'negative2': 0.0, 'positive2': 339.5873021184, 'negative3': None, 'positive3': 0.0, 'negative4': None, 'positive4': None, 'negative5': None, 'positive5': None, 'negative6': None, 'positive6': None}",3503.3232267072,offer
2026-09-20,10,2026-09-20T03:30:00Z,2026-09-21T04:14:52Z,T_LKSDB-1,T,Lakeside Energy Storage Ltd,LKSDB-1,"{'negative1': 0.0, 'positive1': 3307.2633704286, 'negative2': 0.0, 'positive2': 597.2087419002, 'negative3': None, 'positive3': 0.0, 'negative4': None, 'positive4': None, 'negative5': None, 'positive5': None, 'negative6': None, 'positive6': None}",3904.4721123288,offer
2026-09-20,11,2026-09-20T04:00:00Z,2026-09-21T04:44:30Z,T_LKSDB-1,T,Lakeside Energy Storage Ltd,LKSDB-1,"{'negative1': 0.0, 'positive1': 3032.8626429504, 'negative2': 0.0, 'positive2': 770.8743715968, 'negative3': None, 'positive3': 0.0, 'negative4': None, 'positive4': None, 'negative5': None, 'positive5': None, 'negative6': None, 'positive6': None}",3803.7370145472,offer
2026-09-20,12,2026-09-20T04:30:00Z,2026-09-21T05:14:32Z,T_LKSDB-1,T,Lakeside Energy Storage Ltd,LKSDB-1,"{'negative1': 0.0, 'positive1': 2814.7023394272, 'negative2': 0.0, 'positive2': 0.0, 'negative3': None, 'positive3': 0.0, 'negative4': None, 'positive4': None, 'negative5': None, 'positive5': None, 'negative6': None, 'positive6': None}",2814.7023394272,offer
2026-09-20,13,2026-09-20T05:00:00Z,2026-09-21T05:45:11Z,T_LKSDB-1,T,Lakeside Energy Storage Ltd,LKSDB-1,"{'negative1': 0.0, 'positive1': 3208.953820546999, 'negative2': 0.0, 'positive2': 141.09080223125088, 'negative3': None, 'positive3': 0.0, 'negative4': None, 'positive4': None, 'negative5': None, 'positive5': None, 'negative6': None, 'positive6': None}",3350.04462277825,offer
2026-09-20,14,2026-09-20T05:30:00Z,2026-09-21T06:14:43Z,T_LKSDB-1,T,Lakeside Energy Storage Ltd,LKSDB-1,"{'negative1': 0.0, 'positive1': 3909.04380158817, 'negative2': 0.0, 'positive2': 1152.4939808522615, 'negative3': None, 'positive3': 0.0, 'negative4': None, 'positive4': None, 'negative5': None, 'positive5': None, 'negative6': None, 'positive6': None}",5061.537782440432,offer
2026-09-20,15,2026-09-20T06:00:00Z,2026-09-21T06:44:33Z,T_LKSDB-1,T,Lakeside Energy Storage Ltd,LKSDB-1,"{'negative1': 0.0, 'positive1': 1550.2124588256, 'negative2': 0.0, 'positive2': 0.0, 'negative3': None, 'positive3': 0.0, 'negative4': None, 'positive4': None, 'negative5': None, 'positive5': None, 'negative6': None, 'positive6': None}",1550.2124588256,offer
2026-09-20,16,2026-09-20T06:30:00Z,2026-09-21T07:14:29Z,T_LKSDB-1,T,Lakeside Energy Storage Ltd,LKSDB-1,"{'negative1': 0.0, 'positive1': 2659.71733632, 'negative2': 0.0, 'positive2': 0.0, 'negative3': None, 'positive3': 0.0, 'negative4': None, 'positive4': None, 'negative5': None, 'positive5': None, 'negative6': None, 'positive6': None}",2659.71733632,offer
2026-09-20,17,2026-09-20T07:00:00Z,2026-09-21T07:44:37Z,T_LKSDB-1,T,Lakeside Energy Storage Ltd,LKSDB-1,"{'negative1': 0.0, 'positive1': 2408.522026865472, 'negative2': 0.0, 'positive2': 1361.694335084928, 'negative3': None, 'positive3': 0.0, 'negative4': None, 'positive4': None, 'negative5': None, 'positive5': None, 'negative6': None, 'positive6': None}",3770.2163619504,offer
2026-09-20,18,2026-09-20T07:30:00Z,2026-09-21T08:14:36Z,T_LKSDB-1,T,Lakeside Energy Storage Ltd,LKSDB-1,"{'negative1': 0.0, 'positive1': 1965.257154, 'negative2': 0.0, 'positive2': 897.9751098, 'negative3': None, 'positive3': 0.0, 'negative4': None, 'positive4': None, 'negative5': None, 'positive5': None, 'negative6': None, 'positive6': None}",2863.2322638,offer
2026-09-20,19,2026-09-20T08:00:00Z,2026-09-21T08:44:55Z,T_LKSDB-1,T,Lakeside Energy Storage Ltd,LKSDB-1,"{'negative1': 0.0, 'positive1': 2252.3690929824, 'negative2': 0.0, 'positive2': 269.2048762656, 'negative3': None, 'positive3': 0.0, 'negative4': None, 'positive4': None, 'negative5': None, 'positive5': None, 'negative6': None, 'positive6': None}",2521.573969248,offer
2026-09-20,20,2026-09-20T08:30:00Z,2026-09-21T09:14:32Z,T_LKSDB-1,T,Lakeside Energy Storage Ltd,LKSDB-1,"{'negative1': 0.0, 'positive1': 2413.5351040656, 'negative2': 0.0, 'positive2': 15.5987469792, 'negative3': None, 'positive3': 0.0, 'negative4': None, 'positive4': None, 'negative5': None, 'positive5': None, 'negative6': None, 'positive6': None}",2429.1338510448,offer
2026-09-20,22,2026-09-20T09:30:00Z,2026-09-21T10:14:32Z,T_LKSDB-1,T,Lakeside Energy Storage Ltd,LKSDB-1,"{'negative1': 0.0, 'positive1': 454.34364012, 'negative2': 0.0, 'positive2': 97.02119196, 'negative3': None, 'positive3': 0.0, 'negative4': None, 'positive4': None, 'negative5': None, 'positive5': None, 'negative6': None, 'positive6': None}",551.36483208,offer
2026-09-20,31,2026-09-20T14:00:00Z,2026-09-21T14:44:22Z,T_LKSDB-1,T,Lakeside Energy Storage Ltd,LKSDB-1,"{'negative1': 0.0, 'positive1': 2280.261024, 'negative2': 0.0, 'positive2': 0.0, 'negative3': None, 'positive3': 0.0, 'negative4': None, 'positive4': None, 'negative5': None, 'positive5': None, 'negative6': None, 'positive6': None}",2280.261024,offer
2026-09-20,32,2026-09-20T14:30:00Z,2026-09-21T15:14:37Z,T_LKSDB-1,T,Lakeside Energy Storage Ltd,LKSDB-1,"{'negative1': 0.0, 'positive1': 0.0, 'negative2': 0.0, 'positive2': 0.0, 'negative3': None, 'positive3': None, 'negative4': None, 'positive4': None, 'negative5': None, 'positive5': None, 'negative6': None, 'positive6': None}",0.0,offer
2026-09-20,39,2026-09-20T18:00:00Z,2026-09-21T18:44:39Z,T_LKSDB-1,T,Lakeside Energy Storage Ltd,LKSDB-1,"{'negative1': 0.0, 'positive1': 0.0, 'negative2': 0.0, 'positive2': 0.0, 'negative3': 0.0, 'positive3': None, 'negative4': None, 'positive4': None, 'negative5': None, 'positive5': None, 'negative6': None, 'positive6': None}",0.0,offer
2026-09-20,40,2026-09-20T18:30:00Z,2026-09-21T19:14:25Z,T_LKSDB-1,T,Lakeside Energy Storage Ltd,LKSDB-1,"{'negative1': 0.0, 'positive1': 2014.0674624, 'negative2': 0.0, 'positive2': 0.0, 'negative3': 0.0, 'positive3': None, 'negative4': None, 'positive4': None, 'negative5': None, 'positive5': None, 'negative6': None, 'positive6': None}",2014.0674624,offer
2026-09-20,41,2026-09-20T19:00:00Z,2026-09-21T19:44:28Z,T_LKSDB-1,T,Lakeside Energy Storage Ltd,LKSDB-1,"{'negative1': 0.0, 'positive1': 3077.4950825472, 'negative2': 0.0, 'positive2': 0.0, 'negative3': 0.0, 'positive3': None, 'negative4': None, 'positive4': None, 'negative5': None, 'positive5': None, 'negative6': None, 'positive6': None}",3077.4950825472,offer
2026-09-20,45,2026-09-20T21:00:00Z,2026-09-21T21:44:25Z,T_LKSDB-1,T,Lakeside Energy Storage Ltd,LKSDB-1,"{'negative1': 0.0, 'positive1': 0.0, 'negative2': 0.0, 'positive2': 0.0, 'negative3': None, 'positive3': None, 'negative4': None, 'positive4': None, 'negative5': None, 'positive5': None, 'negative6': None, 'positive6': None}",0.0,offer
2026-09-20,46,2026-09-20T21:30:00Z,2026-09-21T22:14:27Z,T_LKSDB-1,T,Lakeside Energy Storage Ltd,LKSDB-1,"{'negative1': 0.0, 'positive1': 0.0, 'negative2': 0.0, 'positive2': 0.0, 'negative3': None, 'positive3': None, 'negative4': None, 'positive4': None, 'negative5': None, 'positive5': None, 'negative6': None, 'positive6': None}",0.0,offer
2026-09-21,1,2026-09-20T23:00:00Z,2026-09-21T23:44:29Z,T_LKSDB-1,T,Lakeside Energy Storage Ltd,LKSDB-1,"{'negative1': -189.829283616, 'positive1': 0.0, 'negative2': 0.0, 'positive2': 0.0, 'negative3': None, 'positive3': None, 'negative4': None, 'positive4': None, 'negative5': None, 'positive5': None, 'negative6': None, 'positive6': None}",-189.829283616,bid
2026-09-21,2,2026-09-20T23:30:00Z,2026-09-22T00:18:02Z,T_LKSDB-1,T,Lakeside Energy Storage Ltd,LKSDB-1,"{'negative1': -45.262692, 'positive1': 0.0, 'negative2': 0.0, 'positive2': 0.0, 'negative3': None, 'positive3': None, 'negative4': None, 'positive4': None, 'negative5': None, 'positive5': None, 'negative6': None, 'positive6': None}",-45.262692,bid
2026-09-21,3,2026-09-21T00:00:00Z,2026-09-22T00:44:26Z,T_LKSDB-1,T,Lakeside Energy Storage Ltd,LKSDB-1,"{'negative1': -48.8793034224, 'positive1': 0.0, 'negative2': 0.0, 'positive2': 0.0, 'negative3': None, 'positive3': None, 'negative4': None, 'positive4': None, 'negative5': None, 'positive5': None, 'negative6': None, 'positive6': None}",-48.8793034224,bid
2026-09-21,4,2026-09-21T00:30:00Z,2026-09-22T01:15:06Z,T_LKSDB-1,T,Lakeside Energy Storage Ltd,LKSDB-1,"{'negative1': -2633.3408491632, 'positive1': 0.0, 'negative2': 0.0, 'positive2': 0.0, 'negative3': None, 'positive3': None, 'negative4': None, 'positive4': None, 'negative5': None, 'positive5': None, 'negative6': None, 'positive6': None}",-2633.3408491632,bid
2026-09-21,5,2026-09-21T01:00:00Z,2026-09-22T01:44:27Z,T_LKSDB-1,T,Lakeside Energy Storage Ltd,LKSDB-1,"{'negative1': -2429.9694574272, 'positive1': 0.0, 'negative2': 0.0, 'positive2': 0.0, 'negative3': None, 'positive3': None, 'negative4': None, 'positive4': None, 'negative5': None, 'positive5': None, 'negative6': None, 'positive6': None}",-2429.9694574272,bid
2026-09-21,6,2026-09-21T01:30:00Z,2026-09-22T02:16:35Z,T_LKSDB-1,T,Lakeside Energy Storage Ltd,LKSDB-1,"{'negative1': -559.009741536, 'positive1': 0.0, 'negative2': 0.0, 'positive2': 0.0, 'negative3': None, 'positive3': None, 'negative4': None, 'positive4': None, 'negative5': None, 'positive5': None, 'negative6': None, 'positive6': None}",-559.009741536,bid
2026-09-21,7,2026-09-21T02:00:00Z,2026-09-22T02:44:52Z,T_LKSDB-1,T,Lakeside Energy Storage Ltd,LKSDB-1,"{'negative1': -127.4400045072, 'positive1': 0.0, 'negative2': 0.0, 'positive2': 0.0, 'negative3': None, 'positive3': None, 'negative4': None, 'positive4': None, 'negative5': None, 'positive5': None, 'negative6': None, 'positive6': None}",-127.4400045072,bid
2026-09-21,8,2026-09-21T02:30:00Z,2026-09-22T03:14:43Z,T_LKSDB-1,T,Lakeside Energy Storage Ltd,LKSDB-1,"{'negative1': -103.064373, 'positive1': 0.0, 'negative2': 0.0, 'positive2': 0.0, 'negative3': None, 'positive3': None, 'negative4': None, 'positive4': None, 'negative5': None, 'positive5': None, 'negative6': None, 'positive6': None}",-103.064373,bid
2026-09-21,13,2026-09-21T05:00:00Z,2026-09-22T05:44:26Z,T_LKSDB-1,T,Lakeside Energy Storage Ltd,LKSDB-1,"{'negative1': -1096.4367635472, 'positive1': 0.0, 'negative2': 0.0, 'positive2': 0.0, 'negative3': 0.0, 'positive3': None, 'negative4': None, 'positive4': None, 'negative5': None, 'positive5': None, 'negative6': None, 'positive6': None}",-1096.4367635472,bid
2026-09-21,15,2026-09-21T06:00:00Z,2026-09-22T06:44:27Z,T_LKSDB-1,T,Lakeside Energy Storage Ltd,LKSDB-1,"{'negative1': -1535.007130272, 'positive1': 0.0, 'negative2': 0.0, 'positive2': 0.0, 'negative3': 0.0, 'positive3': None, 'negative4': None, 'positive4': None, 'negative5': None, 'positive5': None, 'negative6': None, 'positive6': None}",-1535.007130272,bid
2026-09-21,16,2026-09-21T06:30:00Z,2026-09-22T07:14:27Z,T_LKSDB-1,T,Lakeside Energy Storage Ltd,LKSDB-1,"{'negative1': -383.135231304, 'positive1': 0.0, 'negative2': 0.0, 'positive2': 0.0, 'negative3': 0.0, 'positive3': None, 'negative4': None, 'positive4': None, 'negative5': None, 'positive5': None, 'negative6': None, 'positive6': None}",-383.135231304,bid
2026-09-21,17,2026-09-21T07:00:00Z,2026-09-22T07:44:23Z,T_LKSDB-1,T,Lakeside Energy Storage Ltd,LKSDB-1,"{'negative1': -726.040492632, 'positive1': 0.0, 'negative2': 0.0, 'positive2': 0.0, 'negative3': 0.0, 'positive3': None, 'negative4': None, 'positive4': None, 'negative5': None, 'positive5': None, 'negative6': None, 'positive6': None}",-726.040492632,bid
2026-09-21,18,2026-09-21T07:30:00Z,2026-09-22T08:14:36Z,T_LKSDB-1,T,Lakeside Energy Storage Ltd,LKSDB-1,"{'negative1': -1717.31546712, 'positive1': 0.0, 'negative2': 0.0, 'positive2': 0.0, 'negative3': 0.0, 'positive3': None, 'negative4': None, 'positive4': None, 'negative5': None, 'positive5': None, 'negative6': None, 'positive6': None}",-1717.31546712,bid
2026-09-21,24,2026-09-21T10:30:00Z,2026-09-22T11:14:28Z,T_LKSDB-1,T,Lakeside Energy Storage Ltd,LKSDB-1,"{'negative1': -59.2120827936, 'positive1': 0.0, 'negative2': 0.0, 'positive2': 0.0, 'negative3': None, 'positive3': 0.0, 'negative4': None, 'positive4': None, 'negative5': None, 'positive5': None, 'negative6': None, 'positive6': None}",-59.2120827936,bid
2026-09-21,25,2026-09-21T11:00:00Z,2026-09-22T11:44:28Z,T_LKSDB-1,T,Lakeside Energy Storage Ltd,LKSDB-1,"{'negative1': -16.3343676672, 'positive1': 0.0, 'negative2': 0.0, 'positive2': 0.0, 'negative3': None, 'positive3': 0.0, 'negative4': None, 'positive4': None, 'negative5': None, 'positive5': None, 'negative6': None, 'positive6': None}",-16.3343676672,bid
2026-09-21,26,2026-09-21T11:30:00Z,2026-09-22T12:14:22Z,T_LKSDB-1,T,Lakeside Energy Storage Ltd,LKSDB-1,"{'negative1': -171.5108605056, 'positive1': -6.1253878752, 'negative2': 0.0, 'positive2': 0.0, 'negative3': None, 'positive3': 0.0, 'negative4': None, 'positive4': None, 'negative5': None, 'positive5': None, 'negative6': None, 'positive6': None}",-177.6362483808,bid
2026-09-21,28,2026-09-21T12:30:00Z,2026-09-22T13:14:28Z,T_LKSDB-1,T,Lakeside Energy Storage Ltd,LKSDB-1,"{'negative1': -4.9842787104, 'positive1': 0.0, 'negative2': 0.0, 'positive2': 0.0, 'negative3': None, 'positive3': 0.0, 'negative4': None, 'positive4': None, 'negative5': None, 'positive5': None, 'negative6': None, 'positive6': None}",-4.9842787104,bid
2026-09-21,30,2026-09-21T13:30:00Z,2026-09-22T14:14:23Z,T_LKSDB-1,T,Lakeside Energy Storage Ltd,LKSDB-1,"{'negative1': -90.270934272, 'positive1': 0.0, 'negative2': 0.0, 'positive2': 0.0, 'negative3': None, 'positive3': 0.0, 'negative4': None, 'positive4': None, 'negative5': None, 'positive5': None, 'negative6': None, 'positive6': None}",-90.270934272,bid
2026-09-21,32,2026-09-21T14:30:00Z,2026-09-22T15:14:30Z,T_LKSDB-1,T,Lakeside Energy Storage Ltd,LKSDB-1,"{'negative1': -1145.824640208, 'positive1': 0.0, 'negative2': 0.0, 'positive2': 0.0, 'negative3': None, 'positive3': None, 'negative4': None, 'positive4': None, 'negative5': None, 'positive5': None, 'negative6': None, 'positive6': None}",-1145.824640208,bid
2026-09-21,33,2026-09-21T15:00:00Z,2026-09-22T15:44:22Z,T_LKSDB-1,T,Lakeside Energy Storage Ltd,LKSDB-1,"{'negative1': -850.127958864, 'positive1': 0.0, 'negative2': 0.0, 'positive2': 0.0, 'negative3': None, 'positive3': None, 'negative4': None, 'positive4': None, 'negative5': None, 'positive5': None, 'negative6': None, 'positive6': None}",-850.127958864,bid
2026-09-21,34,2026-09-21T15:30:00Z,2026-09-22T16:14:20Z,T_LKSDB-1,T,Lakeside Energy Storage Ltd,LKSDB-1,"{'negative1': -130.45441824, 'positive1': 0.0, 'negative2': 0.0, 'positive2': 0.0, 'negative3': None, 'positive3': None, 'negative4': None, 'positive4': None, 'negative5': None, 'positive5': None, 'negative6': None, 'positive6': None}",-130.45441824,bid
2026-09-21,36,2026-09-21T16:30:00Z,2026-09-22T17:14:23Z,T_LKSDB-1,T,Lakeside Energy Storage Ltd,LKSDB-1,"{'negative1': -1689.25259808, 'positive1': 0.0, 'negative2': 0.0, 'positive2': 0.0, 'negative3': 0.0, 'positive3': None, 'negative4': None, 'positive4': None, 'negative5': None, 'positive5': None, 'negative6': None, 'positive6': None}",-1689.25259808,bid
2026-09-21,37,2026-09-21T17:00:00Z,2026-09-22T17:44:23Z,T_LKSDB-1,T,Lakeside Energy Storage Ltd,LKSDB-1,"{'negative1': -1002.56455008, 'positive1': 0.0, 'negative2': 0.0, 'positive2': 0.0, 'negative3': 0.0, 'positive3': None, 'negative4': None, 'positive4': None, 'negative5': None, 'positive5': None, 'negative6': None, 'positive6': None}",-1002.56455008,bid
2026-09-21,41,2026-09-21T19:00:00Z,2026-09-22T19:44:22Z,T_LKSDB-1,T,Lakeside Energy Storage Ltd,LKSDB-1,"{'negative1': 0.0, 'positive1': 0.0, 'negative2': 0.0, 'positive2': 0.0, 'negative3': 0.0, 'positive3': None, 'negative4': None, 'positive4': None, 'negative5': None, 'positive5': None, 'negative6': None, 'positive6': None}",0.0,bid
2026-09-21,42,2026-09-21T19:30:00Z,2026-09-22T20:14:27Z,T_LKSDB-1,T,Lakeside Energy Storage Ltd,LKSDB-1,"{'negative1': 0.0, 'positive1': 0.0, 'negative2': 0.0, 'positive2': 0.0, 'negative3': 0.0, 'positive3': None, 'negative4': None, 'positive4': None, 'negative5': None, 'positive5': None, 'negative6': None, 'positive6': None}",0.0,bid
2026-09-21,44,2026-09-21T20:30:00Z,2026-09-22T21:14:25Z,T_LKSDB-1,T,Lakeside Energy Storage Ltd,LKSDB-1,"{'negative1': -387.68107356, 'positive1': 0.0, 'negative2': 0.0, 'positive2': 0.0, 'negative3': None, 'positive3': None, 'negative4': None, 'positive4': None, 'negative5': None, 'positive5': None, 'negative6': None, 'positive6': None}",-387.68107356,bid
2026-09-21,45,2026-09-21T21:00:00Z,2026-09-22T21:44:30Z,T_LKSDB-1,T,Lakeside Energy Storage Ltd,LKSDB-1,"{'negative1': 0.0, 'positive1': 0.0, 'negative2': 0.0, 'positive2': 0.0, 'negative3': None, 'positive3': None, 'negative4': None, 'positive4': None, 'negative5': None, 'positive5': None, 'negative6': None, 'positive6': None}",0.0,bid
2026-09-21,46,2026-09-21T21:30:00Z,2026-09-22T22:14:24Z,T_LKSDB-1,T,Lakeside Energy Storage Ltd,LKSDB-1,"{'negative1': 0.0, 'positive1': 0.0, 'negative2': 0.0, 'positive2': 0.0, 'negative3': None, 'positive3': None, 'negative4': None, 'positive4': None, 'negative5': None, 'positive5': None, 'negative6': None, 'positive6': None}",0.0,bid
2026-09-21,1,2026-09-20T23:00:00Z,2026-09-21T23:44:29Z,T_LKSDB-1,T,Lakeside Energy Storage Ltd,LKSDB-1,"{'negative1': 0.0, 'positive1': 0.0, 'negative2': 0.0, 'positive2': 0.0, 'negative3': None, 'positive3': None, 'negative4': None, 'positive4': None, 'negative5': None, 'positive5': None, 'negative6': None, 'positive6': None}",0.0,offer
2026-09-21,2,2026-09-20T23:30:00Z,2026-09-22T00:18:02Z,T_LKSDB-1,T,Lakeside Energy Storage Ltd,LKSDB-1,"{'negative1': 0.0, 'positive1': 0.0, 'negative2': 0.0, 'positive2': 0.0, 'negative3': None, 'positive3': None, 'negative4': None, 'positive4': None, 'negative5': None, 'positive5': None, 'negative6': None, 'positive6': None}",0.0,offer
2026-09-21,3,2026-09-21T00:00:00Z,2026-09-22T00:44:26Z,T_LKSDB-1,T,Lakeside Energy Storage Ltd,LKSDB-1,"{'negative1': 0.0, 'positive1': 0.0, 'negative2': 0.0, 'positive2': 0.0, 'negative3': None, 'positive3': None, 'negative4': None, 'positive4': None, 'negative5': None, 'positive5': None, 'negative6': None, 'positive6': None}",0.0,offer
2026-09-21,4,2026-09-21T00:30:00Z,2026-09-22T01:15:06Z,T_LKSDB-1,T,Lakeside Energy Storage Ltd,LKSDB-1,"{'negative1': 0.0, 'positive1': 0.0, 'negative2': 0.0, 'positive2': 0.0, 'negative3': None, 'positive3': None, 'negative4': None, 'positive4': None, 'negative5': None, 'positive5': None, 'negative6': None, 'positive6': None}",0.0,offer
2026-09-21,5,2026-09-21T01:00:00Z,2026-09-22T01:44:27Z,T_LKSDB-1,T,Lakeside Energy Storage Ltd,LKSDB-1,"{'negative1': 0.0, 'positive1': 0.0, 'negative2': 0.0, 'positive2': 0.0, 'negative3': None, 'positive3': None, 'negative4': None, 'positive4': None, 'negative5': None, 'positive5': None, 'negative6': None, 'positive6': None}",0.0,offer
2026-09-21,6,2026-09-21T01:30:00Z,2026-09-22T02:16:35Z,T_LKSDB-1,T,Lakeside Energy Storage Ltd,LKSDB-1,"{'negative1': 0.0, 'positive1': 0.0, 'negative2': 0.0, 'positive2': 0.0, 'negative3': None, 'positive3': None, 'negative4': None, 'positive4': None, 'negative5': None, 'positive5': None, 'negative6': None, 'positive6': None}",0.0,offer
2026-09-21,7,2026-09-21T02:00:00Z,2026-09-22T02:44:52Z,T_LKSDB-1,T,Lakeside Energy Storage Ltd,LKSDB-1,"{'negative1': 0.0, 'positive1': 0.0, 'negative2': 0.0, 'positive2': 0.0, 'negative3': None, 'positive3': None, 'negative4': None, 'positive4': None, 'negative5': None, 'positive5': None, 'negative6': None, 'positive6': None}",0.0,offer
2026-09-21,8,2026-09-21T02:30:00Z,2026-09-22T03:14:43Z,T_LKSDB-1,T,Lakeside Energy Storage Ltd,LKSDB-1,"{'negative1': 0.0, 'positive1': 0.0, 'negative2': 0.0, 'positive2': 0.0, 'negative3': None, 'positive3': None, 'negative4': None, 'positive4': None, 'negative5': None, 'positive5': None, 'negative6': None, 'positive6': None}",0.0,offer
2026-09-21,13,2026-09-21T05:00:00Z,2026-09-22T05:44:26Z,T_LKSDB-1,T,Lakeside Energy Storage Ltd,LKSDB-1,"{'negative1': 0.0, 'positive1': 0.0, 'negative2': 0.0, 'positive2': 0.0, 'negative3': 0.0, 'positive3': None, 'negative4': None, 'positive4': None, 'negative5': None, 'positive5': None, 'negative6': None, 'positive6': None}",0.0,offer
2026-09-21,15,2026-09-21T06:00:00Z,2026-09-22T06:44:27Z,T_LKSDB-1,T,Lakeside Energy Storage Ltd,LKSDB-1,"{'negative1': 0.0, 'positive1': 0.0, 'negative2': 0.0, 'positive2': 0.0, 'negative3': 0.0, 'positive3': None, 'negative4': None, 'positive4': None, 'negative5': None, 'positive5': None, 'negative6': None, 'positive6': None}",0.0,offer
2026-09-21,16,2026-09-21T06:30:00Z,2026-09-22T07:14:27Z,T_LKSDB-1,T,Lakeside Energy Storage Ltd,LKSDB-1,"{'negative1': 0.0, 'positive1': 0.0, 'negative2': 0.0, 'positive2': 0.0, 'negative3': 0.0, 'positive3': None, 'negative4': None, 'positive4': None, 'negative5': None, 'positive5': None, 'negative6': None, 'positive6': None}",0.0,offer
2026-09-21,17,2026-09-21T07:00:00Z,2026-09-22T07:44:23Z,T_LKSDB-1,T,Lakeside Energy Storage Ltd,LKSDB-1,"{'negative1': 0.0, 'positive1': 0.0, 'negative2': 0.0, 'positive2': 0.0, 'negative3': 0.0, 'positive3': None, 'negative4': None, 'positive4': None, 'negative5': None, 'positive5': None, 'negative6': None, 'positive6': None}",0.0,offer
2026-09-21,18,2026-09-21T07:30:00Z,2026-09-22T08:14:36Z,T_LKSDB-1,T,Lakeside Energy Storage Ltd,LKSDB-1,"{'negative1': 0.0, 'positive1': 0.0, 'negative2': 0.0, 'positive2': 0.0, 'negative3': 0.0, 'positive3': None, 'negative4': None, 'positive4': None, 'negative5': None, 'positive5': None, 'negative6': None, 'positive6': None}",0.0,offer
2026-09-21,24,2026-09-21T10:30:00Z,2026-09-22T11:14:28Z,T_LKSDB-1,T,Lakeside Energy Storage Ltd,LKSDB-1,"{'negative1': 0.0, 'positive1': 0.0, 'negative2': 0.0, 'positive2': 0.0, 'negative3': None, 'positive3': 0.0, 'negative4': None, 'positive4': None, 'negative5': None, 'positive5': None, 'negative6': None, 'positive6': None}",0.0,offer
2026-09-21,25,2026-09-21T11:00:00Z,2026-09-22T11:44:28Z,T_LKSDB-1,T,Lakeside Energy Storage Ltd,LKSDB-1,"{'negative1': 9.386838584736, 'positive1': 1404.750810795852, 'negative2': 0.0, 'positive2': 0.0, 'negative3': None, 'positive3': 0.0, 'negative4': None, 'positive4': None, 'negative5': None, 'positive5': None, 'negative6': None, 'positive6': None}",1414.137649380588,offer
2026-09-21,26,2026-09-21T11:30:00Z,2026-09-22T12:14:22Z,T_LKSDB-1,T,Lakeside Energy Storage Ltd,LKSDB-1,"{'negative1': 0.0, 'positive1': 8.85680784, 'negative2': 0.0, 'positive2': 0.0, 'negative3': None, 'positive3': 0.0, 'negative4': None, 'positive4': None, 'negative5': None, 'positive5': None, 'negative6': None, 'positive6': None}",8.85680784,offer
2026-09-21,28,2026-09-21T12:30:00Z,2026-09-22T13:14:28Z,T_LKSDB-1,T,Lakeside Energy Storage Ltd,LKSDB-1,"{'negative1': 0.0, 'positive1': 0.0, 'negative2': 0.0, 'positive2': 0.0, 'negative3': None, 'positive3': 0.0, 'negative4': None, 'positive4': None, 'negative5': None, 'positive5': None, 'negative6': None, 'positive6': None}",0.0,offer
2026-09-21,30,2026-09-21T13:30:00Z,2026-09-22T14:14:23Z,T_LKSDB-1,T,Lakeside Energy Storage Ltd,LKSDB-1,"{'negative1': 0.0, 'positive1': 0.0, 'negative2': 0.0, 'positive2': 0.0, 'negative3': None, 'positive3': 0.0, 'negative4': None, 'positive4': None, 'negative5': None, 'positive5': None, 'negative6': None, 'positive6': None}",0.0,offer
2026-09-21,32,2026-09-21T14:30:00Z,2026-09-22T15:14:30Z,T_LKSDB-1,T,Lakeside Energy Storage Ltd,LKSDB-1,"{'negative1': 0.0, 'positive1': 0.0, 'negative2': 0.0, 'positive2': 0.0, 'negative3': None, 'positive3': None, 'negative4': None, 'positive4': None, 'negative5': None, 'positive5': None, 'negative6': None, 'positive6': None}",0.0,offer
2026-09-21,33,2026-09-21T15:00:00Z,2026-09-22T15:44:22Z,T_LKSDB-1,T,Lakeside Energy Storage Ltd,LKSDB-1,"{'negative1': 0.0, 'positive1': 0.0, 'negative2': 0.0, 'positive2': 0.0, 'negative3': None, 'positive3': None, 'negative4': None, 'positive4': None, 'negative5': None, 'positive5': None, 'negative6': None, 'positive6': None}",0.0,offer
2026-09-21,34,2026-09-21T15:30:00Z,2026-09-22T16:14:20Z,T_LKSDB-1,T,Lakeside Energy Storage Ltd,LKSDB-1,"{'negative1': 0.0, 'positive1': 0.0, 'negative2': 0.0, 'positive2': 0.0, 'negative3': None, 'positive3': None, 'negative4': None, 'positive4': None, 'negative5': None, 'positive5': None, 'negative6': None, 'positive6': None}",0.0,offer
2026-09-21,36,2026-09-21T16:30:00Z,2026-09-22T17:14:23Z,T_LKSDB-1,T,Lakeside Energy Storage Ltd,LKSDB-1,"{'negative1': 0.0, 'positive1': 0.0, 'negative2': 0.0, 'positive2': 0.0, 'negative3': 0.0, 'positive3': None, 'negative4': None, 'positive4': None, 'negative5': None, 'positive5': None, 'negative6': None, 'positive6': None}",0.0,offer
2026-09-21,37,2026-09-21T17:00:00Z,2026-09-22T17:44:23Z,T_LKSDB-1,T,Lakeside Energy Storage Ltd,LKSDB-1,"{'negative1': 0.0, 'positive1': 0.0, 'negative2': 0.0, 'positive2': 0.0, 'negative3': 0.0, 'positive3': None, 'negative4': None, 'positive4': None, 'negative5': None, 'positive5': None, 'negative6': None, 'positive6': None}",0.0,offer
2026-09-21,41,2026-09-21T19:00:00Z,2026-09-22T19:44:22Z,T_LKSDB-1,T,Lakeside Energy Storage Ltd,LKSDB-1,"{'negative1': 0.0, 'positive1': 48.93264, 'negative2': 0.0, 'positive2': 0.0, 'negative3': 0.0, 'positive3': None, 'negative4': None, 'positive4': None, 'negative5': None, 'positive5': None, 'negative6': None, 'positive6': None}",48.93264,offer
2026-09-21,42,2026-09-21T19:30:00Z,2026-09-22T20:14:27Z,T_LKSDB-1,T,Lakeside Energy Storage Ltd,LKSDB-1,"{'negative1': 0.0, 'positive1': 1196.9417963664, 'negative2': 0.0, 'positive2': 0.0, 'negative3': 0.0, 'positive3': None, 'negative4': None, 'positive4': None, 'negative5': None, 'positive5': None, 'negative6': None, 'positive6': None}",1196.9417963664,offer
2026-09-21,44,2026-09-21T20:30:00Z,2026-09-22T21:14:25Z,T_LKSDB-1,T,Lakeside Energy Storage Ltd,LKSDB-1,"{'negative1': 0.0, 'positive1': 0.0, 'negative2': 0.0, 'positive2': 0.0, 'negative3': None, 'positive3': None, 'negative4': None, 'positive4': None, 'negative5': None, 'positive5': None, 'negative6': None, 'positive6': None}",0.0,offer
2026-09-21,45,2026-09-21T21:00:00Z,2026-09-22T21:44:30Z,T_LKSDB-1,T,Lakeside Energy Storage Ltd,LKSDB-1,"{'negative1': 0.0, 'positive1': 337.0075733376, 'negative2': 0.0, 'positive2': 0.0, 'negative3': None, 'positive3': None, 'negative4': None, 'positive4': None, 'negative5': None, 'positive5': None, 'negative6': None, 'positive6': None}",337.0075733376,offer
2026-09-21,46,2026-09-21T21:30:00Z,2026-09-22T22:14:24Z,T_LKSDB-1,T,Lakeside Energy Storage Ltd,LKSDB-1,"{'negative1': 0.0, 'positive1': 83.4001391808, 'negative2': 0.0, 'positive2': 0.0, 'negative3': None, 'positive3': None, 'negative4': None, 'positive4': None, 'negative5': None, 'positive5': None, 'negative6': None, 'positive6': None}",83.4001391808,offer
2026-09-22,3,2026-09-22T00:00:00Z,2026-09-23T00:44:33Z,T_LKSDB-1,T,Lakeside Energy Storage Ltd,LKSDB-1,"{'negative1': 0.0, 'positive1': 0.0, 'negative2': 0.0, 'positive2': 0.0, 'negative3': None, 'positive3': 0.0, 'negative4': None, 'positive4': None, 'negative5': None, 'positive5': None, 'negative6': None, 'positive6': None}",0.0,bid
2026-09-22,4,2026-09-22T00:30:00Z,2026-09-23T01:14:37Z,T_LKSDB-1,T,Lakeside Energy Storage Ltd,LKSDB-1,"{'negative1': 0.0, 'positive1': 0.0, 'negative2': 0.0, 'positive2': 0.0, 'negative3': None, 'positive3': 0.0, 'negative4': None, 'positive4': None, 'negative5': None, 'positive5': None, 'negative6': None, 'positive6': None}",0.0,bid
2026-09-22,5,2026-09-22T01:00:00Z,2026-09-23T01:44:42Z,T_LKSDB-1,T,Lakeside Energy Storage Ltd,LKSDB-1,"{'negative1': 0.0, 'positive1': 0.0, 'negative2': 0.0, 'positive2': 0.0, 'negative3': None, 'positive3': 0.0, 'negative4': None, 'positive4': None, 'negative5': None, 'positive5': None, 'negative6': None, 'positive6': None}",0.0,bid
2026-09-22,6,2026-09-22T01:30:00Z,2026-09-23T02:15:54Z,T_LKSDB-1,T,Lakeside Energy Storage Ltd,LKSDB-1,"{'negative1': -38.674565274744, 'positive1': -571.71103194744, 'negative2': 0.0, 'positive2': 0.0, 'negative3': None, 'positive3': 0.0, 'negative4': None, 'positive4': None, 'negative5': None, 'positive5': None, 'negative6': None, 'positive6': None}",-610.385597222184,bid
2026-09-22,7,2026-09-22T02:00:00Z,2026-09-23T02:45:04Z,T_LKSDB-1,T,Lakeside Energy Storage Ltd,LKSDB-1,"{'negative1': 0.0, 'positive1': 0.0, 'negative2': 0.0, 'positive2': 0.0, 'negative3': None, 'positive3': 0.0, 'negative4': None, 'positive4': None, 'negative5': None, 'positive5': None, 'negative6': None, 'positive6': None}",0.0,bid
2026-09-22,8,2026-09-22T02:30:00Z,2026-09-23T03:14:35Z,T_LKSDB-1,T,Lakeside Energy Storage Ltd,LKSDB-1,"{'negative1': 0.0, 'positive1': 0.0, 'negative2': 0.0, 'positive2': 0.0, 'negative3': None, 'positive3': 0.0, 'negative4': None, 'positive4': None, 'negative5': None, 'positive5': None, 'negative6': None, 'positive6': None}",0.0,bid
2026-09-22,9,2026-09-22T03:00:00Z,2026-09-23T03:44:35Z,T_LKSDB-1,T,Lakeside Energy Storage Ltd,LKSDB-1,"{'negative1': 0.0, 'positive1': 0.0, 'negative2': 0.0, 'positive2': 0.0, 'negative3': None, 'positive3': 0.0, 'negative4': None, 'positive4': None, 'negative5': None, 'positive5': None, 'negative6': None, 'positive6': None}",0.0,bid
2026-09-22,10,2026-09-22T03:30:00Z,2026-09-23T04:14:33Z,T_LKSDB-1,T,Lakeside Energy Storage Ltd,LKSDB-1,"{'negative1': 0.0, 'positive1': 0.0, 'negative2': 0.0, 'positive2': 0.0, 'negative3': None, 'positive3': 0.0, 'negative4': None, 'positive4': None, 'negative5': None, 'positive5': None, 'negative6': None, 'positive6': None}",0.0,bid
2026-09-22,11,2026-09-22T04:00:00Z,2026-09-23T04:44:58Z,T_LKSDB-1,T,Lakeside Energy Storage Ltd,LKSDB-1,"{'negative1': 0.0, 'positive1': 0.0, 'negative2': 0.0, 'positive2': 0.0, 'negative3': None, 'positive3': 0.0, 'negative4': None, 'positive4': None, 'negative5': None, 'positive5': None, 'negative6': None, 'positive6': None}",0.0,bid
2026-09-22,13,2026-09-22T05:00:00Z,2026-09-23T05:44:32Z,T_LKSDB-1,T,Lakeside Energy Storage Ltd,LKSDB-1,"{'negative1': -1.0602072, 'positive1': 0.0, 'negative2': 0.0, 'positive2': 0.0, 'negative3': None, 'positive3': 0.0, 'negative4': None, 'positive4': None, 'negative5': None, 'positive5': None, 'negative6': None, 'positive6': None}",-1.0602072,bid
2026-09-22,14,2026-09-22T05:30:00Z,2026-09-23T06:14:33Z,T_LKSDB-1,T,Lakeside Energy Storage Ltd,LKSDB-1,"{'negative1': -7.2753049152, 'positive1': 0.0, 'negative2': 0.0, 'positive2': 0.0, 'negative3': None, 'positive3': None, 'negative4': None, 'positive4': None, 'negative5': None, 'positive5': None, 'negative6': None, 'positive6': None}",-7.2753049152,bid
2026-09-22,15,2026-09-22T06:00:00Z,2026-09-23T06:44:35Z,T_LKSDB-1,T,Lakeside Energy Storage Ltd,LKSDB-1,"{'negative1': 0.0, 'positive1': 0.0, 'negative2': 0.0, 'positive2': 0.0, 'negative3': None, 'positive3': None, 'negative4': None, 'positive4': None, 'negative5': None, 'positive5': None, 'negative6': None, 'positive6': None}",0.0,bid
2026-09-22,16,2026-09-22T06:30:00Z,2026-09-23T07:14:33Z,T_LKSDB-1,T,Lakeside Energy Storage Ltd,LKSDB-1,"{'negative1': 0.0, 'positive1': 0.0, 'negative2': 0.0, 'positive2': 0.0, 'negative3': None, 'positive3': None, 'negative4': None, 'positive4': None, 'negative5': None, 'positive5': None, 'negative6': None, 'positive6': None}",0.0,bid
2026-09-22,17,2026-09-22T07:00:00Z,2026-09-23T07:44:39Z,T_LKSDB-1,T,Lakeside Energy Storage Ltd,LKSDB-1,"{'negative1': 0.0, 'positive1': 0.0, 'negative2': 0.0, 'positive2': 0.0, 'negative3': None, 'positive3': None, 'negative4': None, 'positive4': None, 'negative5': None, 'positive5': None, 'negative6': None, 'positive6': None}",0.0,bid
2026-09-22,19,2026-09-22T08:00:00Z,2026-09-23T08:44:39Z,T_LKSDB-1,T,Lakeside Energy Storage Ltd,LKSDB-1,"{'negative1': 0.0, 'positive1': 0.0, 'negative2': 0.0, 'positive2': 0.0, 'negative3': None, 'positive3': None, 'negative4': None, 'positive4': None, 'negative5': None, 'positive5': None, 'negative6': None, 'positive6': None}",0.0,bid
2026-09-22,20,2026-09-22T08:30:00Z,2026-09-23T09:16:31Z,T_LKSDB-1,T,Lakeside Energy Storage Ltd,LKSDB-1,"{'negative1': 0.0, 'positive1': 0.0, 'negative2': 0.0, 'positive2': 0.0, 'negative3': None, 'positive3': None, 'negative4': None, 'positive4': None, 'negative5': None, 'positive5': None, 'negative6': None, 'positive6': None}",0.0,bid
2026-09-22,23,2026-09-22T10:00:00Z,2026-09-23T10:44:40Z,T_LKSDB-1,T,Lakeside Energy Storage Ltd,LKSDB-1,"{'negative1': -65.419677504, 'positive1': 0.0, 'negative2': 0.0, 'positive2': 0.0, 'negative3': None, 'positive3': 0.0, 'negative4': None, 'positive4': None, 'negative5': None, 'positive5': None, 'negative6': None, 'positive6': None}",-65.419677504,bid
2026-09-22,24,2026-09-22T10:30:00Z,2026-09-23T11:14:30Z,T_LKSDB-1,T,Lakeside Energy Storage Ltd,LKSDB-1,"{'negative1': -1046.806180992, 'positive1': 0.0, 'negative2': 0.0, 'positive2': 0.0, 'negative3': 0.0, 'positive3': 0.0, 'negative4': None, 'positive4': None, 'negative5': None, 'positive5': None, 'negative6': None, 'positive6': None}",-1046.806180992,bid
2026-09-22,26,2026-09-22T11:30:00Z,2026-09-23T12:14:19Z,T_LKSDB-1,T,Lakeside Energy Storage Ltd,LKSDB-1,"{'negative1': -161.28198144, 'positive1': 0.0, 'negative2': 0.0, 'positive2': 0.0, 'negative3': 0.0, 'positive3': 0.0, 'negative4': None, 'positive4': None, 'negative5': None, 'positive5': None, 'negative6': None, 'positive6': None}",-161.28198144,bid
2026-09-22,28,2026-09-22T12:30:00Z,2026-09-23T13:14:37Z,T_LKSDB-1,T,Lakeside Energy Storage Ltd,LKSDB-1,"{'negative1': -100.8012384, 'positive1': 0.0, 'negative2': 0.0, 'positive2': 0.0, 'negative3': 0.0, 'positive3': 0.0, 'negative4': None, 'positive4': None, 'negative5': None, 'positive5': None, 'negative6': None, 'positive6': None}",-100.8012384,bid
2026-09-22,29,2026-09-22T13:00:00Z,2026-09-23T13:44:39Z,T_LKSDB-1,T,Lakeside Energy Storage Ltd,LKSDB-1,"{'negative1': -141.12173376, 'positive1': 0.0, 'negative2': 0.0, 'positive2': 0.0, 'negative3': 0.0, 'positive3': 0.0, 'negative4': None, 'positive4': None, 'negative5': None, 'positive5': None, 'negative6': None, 'positive6': None}",-141.12173376,bid
2026-09-22,35,2026-09-22T16:00:00Z,2026-09-23T16:45:14Z,T_LKSDB-1,T,Lakeside Energy Storage Ltd,LKSDB-1,"{'negative1': -335.6779104, 'positive1': 0.0, 'negative2': 0.0, 'positive2': 0.0, 'negative3': 0.0, 'positive3': 0.0, 'negative4': None, 'positive4': None, 'negative5': None, 'positive5': None, 'negative6': None, 'positive6': None}",-335.6779104,bid
2026-09-22,36,2026-09-22T16:30:00Z,2026-09-23T17:15:08Z,T_LKSDB-1,T,Lakeside Energy Storage Ltd,LKSDB-1,"{'negative1': -1084.3880796, 'positive1': 0.0, 'negative2': -256.89636, 'positive2': 0.0, 'negative3': 0.0, 'positive3': 0.0, 'negative4': None, 'positive4': None, 'negative5': None, 'positive5': None, 'negative6': None, 'positive6': None}",-1341.2844396,bid
2026-09-22,37,2026-09-22T17:00:00Z,2026-09-23T17:45:08Z,T_LKSDB-1,T,Lakeside Energy Storage Ltd,LKSDB-1,"{'negative1': -3182.77463616, 'positive1': 0.0, 'negative2': -1252.25965656, 'positive2': 0.0, 'negative3': 0.0, 'positive3': 0.0, 'negative4': None, 'positive4': None, 'negative5': None, 'positive5': None, 'negative6': None, 'positive6': None}",-4435.03429272,bid
2026-09-22,43,2026-09-22T20:00:00Z,2026-09-23T20:45:19Z,T_LKSDB-1,T,Lakeside Energy Storage Ltd,LKSDB-1,"{'negative1': -179.9429330304, 'positive1': 0.0, 'negative2': 0.0, 'positive2': 0.0, 'negative3': 0.0, 'positive3': None, 'negative4': None, 'positive4': None, 'negative5': None, 'positive5': None, 'negative6': None, 'positive6': None}",-179.9429330304,bid
2026-09-22,44,2026-09-22T20:30:00Z,2026-09-23T21:14:30Z,T_LKSDB-1,T,Lakeside Energy Storage Ltd,LKSDB-1,"{'negative1': -799.2814002048, 'positive1': 0.0, 'negative2': 0.0, 'positive2': 0.0, 'negative3': 0.0, 'positive3': None, 'negative4': None, 'positive4': None, 'negative5': None, 'positive5': None, 'negative6': None, 'positive6': None}",-799.2814002048,bid
2026-09-22,3,2026-09-22T00:00:00Z,2026-09-23T00:44:33Z,T_LKSDB-1,T,Lakeside Energy Storage Ltd,LKSDB-1,"{'negative1': 0.0, 'positive1': 7556.718974472, 'negative2': 0.0, 'positive2': 0.0, 'negative3': None, 'positive3': 0.0, 'negative4': None, 'positive4': None, 'negative5': None, 'positive5': None, 'negative6': None, 'positive6': None}",7556.718974472,offer
2026-09-22,4,2026-09-22T00:30:00Z,2026-09-23T01:14:37Z,T_LKSDB-1,T,Lakeside Energy Storage Ltd,LKSDB-1,"{'negative1': 0.0, 'positive1': 1975.303024992, 'negative2': 0.0, 'positive2': 0.0, 'negative3': None, 'positive3': 0.0, 'negative4': None, 'positive4': None, 'negative5': None, 'positive5': None, 'negative6': None, 'positive6': None}",1975.303024992,offer
2026-09-22,5,2026-09-22T01:00:00Z,2026-09-23T01:44:42Z,T_LKSDB-1,T,Lakeside Energy Storage Ltd,LKSDB-1,"{'negative1': 0.0, 'positive1': 5474.1127049856, 'negative2': 0.0, 'positive2': 0.0, 'negative3': None, 'positive3': 0.0, 'negative4': None, 'positive4': None, 'negative5': None, 'positive5': None, 'negative6': None, 'positive6': None}",5474.1127049856,offer
2026-09-22,6,2026-09-22T01:30:00Z,2026-09-23T02:15:54Z,T_LKSDB-1,T,Lakeside Energy Storage Ltd,LKSDB-1,"{'negative1': 0.0, 'positive1': 7187.4852615288, 'negative2': 0.0, 'positive2': 0.0, 'negative3': None, 'positive3': 0.0, 'negative4': None, 'positive4': None, 'negative5': None, 'positive5': None, 'negative6': None, 'positive6': None}",7187.4852615288,offer
2026-09-22,7,2026-09-22T02:00:00Z,2026-09-23T02:45:04Z,T_LKSDB-1,T,Lakeside Energy Storage Ltd,LKSDB-1,"{'negative1': 0.0, 'positive1': 608.6608758, 'negative2': 0.0, 'positive2': 0.0, 'negative3': None, 'positive3': 0.0, 'negative4': None, 'positive4': None, 'negative5': None, 'positive5': None, 'negative6': None, 'positive6': None}",608.6608758,offer
2026-09-22,8,2026-09-22T02:30:00Z,2026-09-23T03:14:35Z,T_LKSDB-1,T,Lakeside Energy Storage Ltd,LKSDB-1,"{'negative1': 0.0, 'positive1': 1779.618951, 'negative2': 0.0, 'positive2': 0.0, 'negative3': None, 'positive3': 0.0, 'negative4': None, 'positive4': None, 'negative5': None, 'positive5': None, 'negative6': None, 'positive6': None}",1779.618951,offer
2026-09-22,9,2026-09-22T03:00:00Z,2026-09-23T03:44:35Z,T_LKSDB-1,T,Lakeside Energy Storage Ltd,LKSDB-1,"{'negative1': 0.0, 'positive1': 1969.9159491, 'negative2': 0.0, 'positive2': 0.0, 'negative3': None, 'positive3': 0.0, 'negative4': None, 'positive4': None, 'negative5': None, 'positive5': None, 'negative6': None, 'positive6': None}",1969.9159491,offer
2026-09-22,10,2026-09-22T03:30:00Z,2026-09-23T04:14:33Z,T_LKSDB-1,T,Lakeside Energy Storage Ltd,LKSDB-1,"{'negative1': 0.0, 'positive1': 1792.93678452, 'negative2': 0.0, 'positive2': 0.0, 'negative3': None, 'positive3': 0.0, 'negative4': None, 'positive4': None, 'negative5': None, 'positive5': None, 'negative6': None, 'positive6': None}",1792.93678452,offer
2026-09-22,11,2026-09-22T04:00:00Z,2026-09-23T04:44:58Z,T_LKSDB-1,T,Lakeside Energy Storage Ltd,LKSDB-1,"{'negative1': 0.0, 'positive1': 2024.35758882, 'negative2': 0.0, 'positive2': 0.0, 'negative3': None, 'positive3': 0.0, 'negative4': None, 'positive4': None, 'negative5': None, 'positive5': None, 'negative6': None, 'positive6': None}",2024.35758882,offer
2026-09-22,13,2026-09-22T05:00:00Z,2026-09-23T05:44:32Z,T_LKSDB-1,T,Lakeside Energy Storage Ltd,LKSDB-1,"{'negative1': 0.0, 'positive1': 0.0, 'negative2': 0.0, 'positive2': 0.0, 'negative3': None, 'positive3': 0.0, 'negative4': None, 'positive4': None, 'negative5': None, 'positive5': None, 'negative6': None, 'positive6': None}",0.0,offer
2026-09-22,14,2026-09-22T05:30:00Z,2026-09-23T06:14:33Z,T_LKSDB-1,T,Lakeside Energy Storage Ltd,LKSDB-1,"{'negative1': 0.0, 'positive1': 779.456178, 'negative2': 0.0, 'positive2': 0.0, 'negative3': None, 'positive3': None, 'negative4': None, 'positive4': None, 'negative5': None, 'positive5': None, 'negative6': None, 'positive6': None}",779.456178,offer
2026-09-22,15,2026-09-22T06:00:00Z,2026-09-23T06:44:35Z,T_LKSDB-1,T,Lakeside Energy Storage Ltd,LKSDB-1,"{'negative1': 0.0, 'positive1': 549.0961517808, 'negative2': 0.0, 'positive2': 0.0, 'negative3': None, 'positive3': None, 'negative4': None, 'positive4': None, 'negative5': None, 'positive5': None, 'negative6': None, 'positive6': None}",549.0961517808,offer
2026-09-22,16,2026-09-22T06:30:00Z,2026-09-23T07:14:33Z,T_LKSDB-1,T,Lakeside Energy Storage Ltd,LKSDB-1,"{'negative1': 0.0, 'positive1': 60.2536955904, 'negative2': 0.0, 'positive2': 0.0, 'negative3': None, 'positive3': None, 'negative4': None, 'positive4': None, 'negative5': None, 'positive5': None, 'negative6': None, 'positive6': None}",60.2536955904,offer
2026-09-22,17,2026-09-22T07:00:00Z,2026-09-23T07:44:39Z,T_LKSDB-1,T,Lakeside Energy Storage Ltd,LKSDB-1,"{'negative1': 0.0, 'positive1': 2270.3022531072, 'negative2': 0.0, 'positive2': 0.0, 'negative3': None, 'positive3': None, 'negative4': None, 'positive4': None, 'negative5': None, 'positive5': None, 'negative6': None, 'positive6': None}",2270.3022531072,offer
2026-09-22,19,2026-09-22T08:00:00Z,2026-09-23T08:44:39Z,T_LKSDB-1,T,Lakeside Energy Storage Ltd,LKSDB-1,"{'negative1': 0.0, 'positive1': 146.94471792, 'negative2': 0.0, 'positive2': 0.0, 'negative3': None, 'positive3': None, 'negative4': None, 'positive4': None, 'negative5': None, 'positive5': None, 'negative6': None, 'positive6': None}",146.94471792,offer
2026-09-22,20,2026-09-22T08:30:00Z,2026-09-23T09:16:31Z,T_LKSDB-1,T,Lakeside Energy Storage Ltd,LKSDB-1,"{'negative1': 0.0, 'positive1': 6478.368367104, 'negative2': 0.0, 'positive2': 0.0, 'negative3': None, 'positive3': None, 'negative4': None, 'positive4': None, 'negative5': None, 'positive5': None, 'negative6': None, 'positive6': None}",6478.368367104,offer
2026-09-22,23,2026-09-22T10:00:00Z,2026-09-23T10:44:40Z,T_LKSDB-1,T,Lakeside Energy Storage Ltd,LKSDB-1,"{'negative1': 0.0, 'positive1': 0.0, 'negative2': 0.0, 'positive2': 0.0, 'negative3': None, 'positive3': 0.0, 'negative4': None, 'positive4': None, 'negative5': None, 'positive5': None, 'negative6': None, 'positive6': None}",0.0,offer
2026-09-22,24,2026-09-22T10:30:00Z,2026-09-23T11:14:30Z,T_LKSDB-1,T,Lakeside Energy Storage Ltd,LKSDB-1,"{'negative1': 0.0, 'positive1': 0.0, 'negative2': 0.0, 'positive2': 0.0, 'negative3': 0.0, 'positive3': 0.0, 'negative4': None, 'positive4': None, 'negative5': None, 'positive5': None, 'negative6': None, 'positive6': None}",0.0,offer
2026-09-22,26,2026-09-22T11:30:00Z,2026-09-23T12:14:19Z,T_LKSDB-1,T,Lakeside Energy Storage Ltd,LKSDB-1,"{'negative1': 0.0, 'positive1': 0.0, 'negative2': 0.0, 'positive2': 0.0, 'negative3': 0.0, 'positive3': 0.0, 'negative4': None, 'positive4': None, 'negative5': None, 'positive5': None, 'negative6': None, 'positive6': None}",0.0,offer
2026-09-22,28,2026-09-22T12:30:00Z,2026-09-23T13:14:37Z,T_LKSDB-1,T,Lakeside Energy Storage Ltd,LKSDB-1,"{'negative1': 0.0, 'positive1': 0.0, 'negative2': 0.0, 'positive2': 0.0, 'negative3': 0.0, 'positive3': 0.0, 'negative4': None, 'positive4': None, 'negative5': None, 'positive5': None, 'negative6': None, 'positive6': None}",0.0,offer
2026-09-22,29,2026-09-22T13:00:00Z,2026-09-23T13:44:39Z,T_LKSDB-1,T,Lakeside Energy Storage Ltd,LKSDB-1,"{'negative1': 0.0, 'positive1': 299.4677568, 'negative2': 0.0, 'positive2': 0.0, 'negative3': 0.0, 'positive3': 0.0, 'negative4': None, 'positive4': None, 'negative5': None, 'positive5': None, 'negative6': None, 'positive6': None}",299.4677568,offer
2026-09-22,35,2026-09-22T16:00:00Z,2026-09-23T16:45:14Z,T_LKSDB-1,T,Lakeside Energy Storage Ltd,LKSDB-1,"{'negative1': 0.0, 'positive1': 0.0, 'negative2': 0.0, 'positive2': 0.0, 'negative3': 0.0, 'positive3': 0.0, 'negative4': None, 'positive4': None, 'negative5': None, 'positive5': None, 'negative6': None, 'positive6': None}",0.0,offer
2026-09-22,36,2026-09-22T16:30:00Z,2026-09-23T17:15:08Z,T_LKSDB-1,T,Lakeside Energy Storage Ltd,LKSDB-1,"{'negative1': 0.0, 'positive1': 0.0, 'negative2': 0.0, 'positive2': 0.0, 'negative3': 0.0, 'positive3': 0.0, 'negative4': None, 'positive4': None, 'negative5': None, 'positive5': None, 'negative6': None, 'positive6': None}",0.0,offer
2026-09-22,37,2026-09-22T17:00:00Z,2026-09-23T17:45:08Z,T_LKSDB-1,T,Lakeside Energy Storage Ltd,LKSDB-1,"{'negative1': 0.0, 'positive1': 0.0, 'negative2': 0.0, 'positive2': 0.0, 'negative3': 0.0, 'positive3': 0.0, 'negative4': None, 'positive4': None, 'negative5': None, 'positive5': None, 'negative6': None, 'positive6': None}",0.0,offer
2026-09-22,43,2026-09-22T20:00:00Z,2026-09-23T20:45:19Z,T_LKSDB-1,T,Lakeside Energy Storage Ltd,LKSDB-1,"{'negative1': 0.0, 'positive1': 2041.3581743808, 'negative2': 0.0, 'positive2': 0.0, 'negative3': 0.0, 'positive3': None, 'negative4': None, 'positive4': None, 'negative5': None, 'positive5': None, 'negative6': None, 'positive6': None}",2041.3581743808,offer
2026-09-22,44,2026-09-22T20:30:00Z,2026-09-23T21:14:30Z,T_LKSDB-1,T,Lakeside Energy Storage Ltd,LKSDB-1,"{'negative1': 0.0, 'positive1': 0.0, 'negative2': 0.0, 'positive2': 0.0, 'negative3': 0.0, 'positive3': None, 'negative4': None, 'positive4': None, 'negative5': None, 'positive5': None, 'negative6': None, 'positive6': None}",0.0,offer
2026-09-23,5,2026-09-23T01:00:00Z,2026-09-24T01:44:21Z,T_LKSDB-1,T,Lakeside Energy Storage Ltd,LKSDB-1,"{'negative1': 0.0, 'positive1': 0.0, 'negative2': 0.0, 'positive2': 0.0, 'negative3': None, 'positive3': 0.0, 'negative4': None, 'positive4': None, 'negative5': None, 'positive5': None, 'negative6': None, 'positive6': None}",0.0,bid
2026-09-23,6,2026-09-23T01:30:00Z,2026-09-24T02:17:07Z,T_LKSDB-1,T,Lakeside Energy Storage Ltd,LKSDB-1,"{'negative1': -251.6145708384, 'positive1': 0.0, 'negative2': 0.0, 'positive2': 0.0, 'negative3': None, 'positive3': 0.0, 'negative4': None, 'positive4': None, 'negative5': None, 'positive5': None, 'negative6': None, 'positive6': None}",-251.6145708384,bid
2026-09-23,7,2026-09-23T02:00:00Z,2026-09-24T02:45:01Z,T_LKSDB-1,T,Lakeside Energy Storage Ltd,LKSDB-1,"{'negative1': -454.66775882100995, 'positive1': -858.7979751559567, 'negative2': 0.0, 'positive2': 0.0, 'negative3': None, 'positive3': 0.0, 'negative4': None, 'positive4': None, 'negative5': None, 'positive5': None, 'negative6': None, 'positive6': None}",-1313.4657339769667,bid
2026-09-23,8,2026-09-23T02:30:00Z,2026-09-24T03:14:30Z,T_LKSDB-1,T,Lakeside Energy Storage Ltd,LKSDB-1,"{'negative1': -270.9434529648, 'positive1': 0.0, 'negative2': 0.0, 'positive2': 0.0, 'negative3': None, 'positive3': 0.0, 'negative4': None, 'positive4': None, 'negative5': None, 'positive5': None, 'negative6': None, 'positive6': None}",-270.9434529648,bid
2026-09-23,10,2026-09-23T03:30:00Z,2026-09-24T04:14:20Z,T_LKSDB-1,T,Lakeside Energy Storage Ltd,LKSDB-1,"{'negative1': -9.420348744, 'positive1': 0.0, 'negative2': 0.0, 'positive2': 0.0, 'negative3': None, 'positive3': None, 'negative4': None, 'positive4': None, 'negative5': None, 'positive5': None, 'negative6': None, 'positive6': None}",-9.420348744,bid
2026-09-23,11,2026-09-23T04:00:00Z,2026-09-24T04:44:20Z,T_LKSDB-1,T,Lakeside Energy Storage Ltd,LKSDB-1,"{'negative1': -47.93767632, 'positive1': 0.0, 'negative2': 0.0, 'positive2': 0.0, 'negative3': None, 'positive3': None, 'negative4': None, 'positive4': None, 'negative5': None, 'positive5': None, 'negative6': None, 'positive6': None}",-47.93767632,bid
2026-09-23,14,2026-09-23T05:30:00Z,2026-09-24T06:14:23Z,T_LKSDB-1,T,Lakeside Energy Storage Ltd,LKSDB-1,"{'negative1': -4294.35295272, 'positive1': 0.0, 'negative2': 0.0, 'positive2': 0.0, 'negative3': 0.0, 'positive3': None, 'negative4': None, 'positive4': None, 'negative5': None, 'positive5': None, 'negative6': None, 'positive6': None}",-4294.35295272,bid
2026-09-23,15,2026-09-23T06:00:00Z,2026-09-24T06:44:25Z,T_LKSDB-1,T,Lakeside Energy Storage Ltd,LKSDB-1,"{'negative1': -4514.03604, 'positive1': 0.0, 'negative2': 0.0, 'positive2': 0.0, 'negative3': 0.0, 'positive3': None, 'negative4': None, 'positive4': None, 'negative5': None, 'positive5': None, 'negative6': None, 'positive6': None}",-4514.03604,bid
2026-09-23,16,2026-09-23T06:30:00Z,2026-09-24T07:14:25Z,T_LKSDB-1,T,Lakeside Energy Storage Ltd,LKSDB-1,"{'negative1': -4491.96741936, 'positive1': 0.0, 'negative2': 0.0, 'positive2': 0.0, 'negative3': 0.0, 'positive3': None, 'negative4': None, 'positive4': None, 'negative5': None, 'positive5': None, 'negative6': None, 'positive6': None}",-4491.96741936,bid
2026-09-23,17,2026-09-23T07:00:00Z,2026-09-24T07:44:24Z,T_LKSDB-1,T,Lakeside Energy Storage Ltd,LKSDB-1,"{'negative1': -3150.658921212, 'positive1': 0.0, 'negative2': 0.0, 'positive2': 0.0, 'negative3': 0.0, 'positive3': None, 'negative4': None, 'positive4': None, 'negative5': None, 'positive5': None, 'negative6': None, 'positive6': None}",-3150.658921212,bid
2026-09-23,18,2026-09-23T07:30:00Z,2026-09-24T08:14:22Z,T_LKSDB-1,T,Lakeside Energy Storage Ltd,LKSDB-1,"{'negative1': -481.0030802676, 'positive1': 0.0, 'negative2': -7.187593158, 'positive2': 0.0, 'negative3': 0.0, 'positive3': None, 'negative4': None, 'positive4': None, 'negative5': None, 'positive5': None, 'negative6': None, 'positive6': None}",-488.1906734256,bid
2026-09-23,20,2026-09-23T08:30:00Z,2026-09-24T09:14:31Z,T_LKSDB-1,T,Lakeside Energy Storage Ltd,LKSDB-1,"{'negative1': -3071.9094216912, 'positive1': 0.0, 'negative2': 0.0, 'positive2': 0.0, 'negative3': 0.0, 'positive3': None, 'negative4': None, 'positive4': None, 'negative5': None, 'positive5': None, 'negative6': None, 'positive6': None}",-3071.9094216912,bid
2026-09-23,21,2026-09-23T09:00:00Z,2026-09-24T09:44:26Z,T_LKSDB-1,T,Lakeside Energy Storage Ltd,LKSDB-1,"{'negative1': -342.4469256, 'positive1': 0.0, 'negative2': 0.0, 'positive2': 0.0, 'negative3': None, 'positive3': None, 'negative4': None, 'positive4': None, 'negative5': None, 'positive5': None, 'negative6': None, 'positive6': None}",-342.4469256,bid
2026-09-23,22,2026-09-23T09:30:00Z,2026-09-24T10:14:27Z,T_LKSDB-1,T,Lakeside Energy Storage Ltd,LKSDB-1,"{'negative1': -396.354384, 'positive1': 0.0, 'negative2': 0.0, 'positive2': 0.0, 'negative3': None, 'positive3': None, 'negative4': None, 'positive4': None, 'negative5': None, 'positive5': None, 'negative6': None, 'positive6': None}",-396.354384,bid
2026-09-23,23,2026-09-23T10:00:00Z,2026-09-24T10:44:45Z,T_LKSDB-1,T,Lakeside Energy Storage Ltd,LKSDB-1,"{'negative1': -101.535228, 'positive1': 0.0, 'negative2': 0.0, 'positive2': 0.0, 'negative3': None, 'positive3': None, 'negative4': None, 'positive4': None, 'negative5': None, 'positive5': None, 'negative6': None, 'positive6': None}",-101.535228,bid
2026-09-23,24,2026-09-23T10:30:00Z,2026-09-24T11:14:25Z,T_LKSDB-1,T,Lakeside Energy Storage Ltd,LKSDB-1,"{'negative1': -114.94277136, 'positive1': 0.0, 'negative2': 0.0, 'positive2': 0.0, 'negative3': None, 'positive3': None, 'negative4': None, 'positive4': None, 'negative5': None, 'positive5': None, 'negative6': None, 'positive6': None}",-114.94277136,bid
2026-09-23,25,2026-09-23T11:00:00Z,2026-09-24T11:44:32Z,T_LKSDB-1,T,Lakeside Energy Storage Ltd,LKSDB-1,"{'negative1': -1299.2431464, 'positive1': 0.0, 'negative2': 0.0, 'positive2': 0.0, 'negative3': None, 'positive3': None, 'negative4': None, 'positive4': None, 'negative5': None, 'positive5': None, 'negative6': None, 'positive6': None}",-1299.2431464,bid
2026-09-23,26,2026-09-23T11:30:00Z,2026-09-24T12:14:31Z,T_LKSDB-1,T,Lakeside Energy Storage Ltd,LKSDB-1,"{'negative1': -220.19688, 'positive1': 0.0, 'negative2': 0.0, 'positive2': 0.0, 'negative3': None, 'positive3': None, 'negative4': None, 'positive4': None, 'negative5': None, 'positive5': None, 'negative6': None, 'positive6': None}",-220.19688,bid
2026-09-23,28,2026-09-23T12:30:00Z,2026-09-24T13:14:35Z,T_LKSDB-1,T,Lakeside Energy Storage Ltd,LKSDB-1,"{'negative1': -449.6935713408, 'positive1': 0.0, 'negative2': 0.0, 'positive2': 0.0, 'negative3': None, 'positive3': 0.0, 'negative4': None, 'positive4': None, 'negative5': None, 'positive5': None, 'negative6': None, 'positive6': None}",-449.6935713408,bid
2026-09-23,29,2026-09-23T13:00:00Z,2026-09-24T13:44:34Z,T_LKSDB-1,T,Lakeside Energy Storage Ltd,LKSDB-1,"{'negative1': -715.0864318416, 'positive1': 0.0, 'negative2': 0.0, 'positive2': 0.0, 'negative3': None, 'positive3': None, 'negative4': None, 'positive4': None, 'negative5': None, 'positive5': None, 'negative6': None, 'positive6': None}",-715.0864318416,bid
2026-09-23,30,2026-09-23T13:30:00Z,2026-09-24T14:14:28Z,T_LKSDB-1,T,Lakeside Energy Storage Ltd,LKSDB-1,"{'negative1': -1727.6710817232, 'positive1': 0.0, 'negative2': 0.0, 'positive2': 0.0, 'negative3': None, 'positive3': None, 'negative4': None, 'positive4': None, 'negative5': None, 'positive5': None, 'negative6': None, 'positive6': None}",-1727.6710817232,bid
2026-09-23,35,2026-09-23T16:00:00Z,2026-09-24T16:44:30Z,T_LKSDB-1,T,Lakeside Energy Storage Ltd,LKSDB-1,"{'negative1': -4253.2250688, 'positive1': 0.0, 'negative2': 0.0, 'positive2': 0.0, 'negative3': 0.0, 'positive3': None, 'negative4': None, 'positive4': None, 'negative5': None, 'positive5': None, 'negative6': None, 'positive6': None}",-4253.2250688,bid
2026-09-23,36,2026-09-23T16:30:00Z,2026-09-24T17:14:22Z,T_LKSDB-1,T,Lakeside Energy Storage Ltd,LKSDB-1,"{'negative1': -4076.901193824, 'positive1': 0.0, 'negative2': -177.253595136, 'positive2': 0.0, 'negative3': 0.0, 'positive3': None, 'negative4': None, 'positive4': None, 'negative5': None, 'positive5': None, 'negative6': None, 'positive6': None}",-4254.15478896,bid
2026-09-23,37,2026-09-23T17:00:00Z,2026-09-24T17:44:38Z,T_LKSDB-1,T,Lakeside Energy Storage Ltd,LKSDB-1,"{'negative1': -3601.442304, 'positive1': 0.0, 'negative2': -348.556981248, 'positive2': 0.0, 'negative3': 0.0, 'positive3': None, 'negative4': None, 'positive4': None, 'negative5': None, 'positive5': None, 'negative6': None, 'positive6': None}",-3949.999285248,bid
2026-09-23,38,2026-09-23T17:30:00Z,2026-09-24T18:14:33Z,T_LKSDB-1,T,Lakeside Energy Storage Ltd,LKSDB-1,"{'negative1': -4789.570842576, 'positive1': 0.0, 'negative2': -74.103590016, 'positive2': 0.0, 'negative3': 0.0, 'positive3': None, 'negative4': None, 'positive4': None, 'negative5': None, 'positive5': None, 'negative6': None, 'positive6': None}",-4863.674432592,bid
2026-09-23,39,2026-09-23T18:00:00Z,2026-09-24T18:44:28Z,T_LKSDB-1,T,Lakeside Energy Storage Ltd,LKSDB-1,"{'negative1': -1120.72464252, 'positive1': 0.0, 'negative2': -115.7256936, 'positive2': 0.0, 'negative3': 0.0, 'positive3': None, 'negative4': None, 'positive4': None, 'negative5': None, 'positive5': None, 'negative6': None, 'positive6': None}",-1236.45033612,bid
2026-09-23,40,2026-09-23T18:30:00Z,2026-09-24T19:14:26Z,T_LKSDB-1,T,Lakeside Energy Storage Ltd,LKSDB-1,"{'negative1': -1462.71486348, 'positive1': 0.0, 'negative2': 0.0, 'positive2': 0.0, 'negative3': 0.0, 'positive3': None, 'negative4': None, 'positive4': None, 'negative5': None, 'positive5': None, 'negative6': None, 'positive6': None}",-1462.71486348,bid
2026-09-23,41,2026-09-23T19:00:00Z,2026-09-24T19:44:37Z,T_LKSDB-1,T,Lakeside Energy Storage Ltd,LKSDB-1,"{'negative1': -1274.71362174, 'positive1': 0.0, 'negative2': 0.0, 'positive2': 0.0, 'negative3': 0.0, 'positive3': None, 'negative4': None, 'positive4': None, 'negative5': None, 'positive5': None, 'negative6': None, 'positive6': None}",-1274.71362174,bid
2026-09-23,42,2026-09-23T19:30:00Z,2026-09-24T20:14:25Z,T_LKSDB-1,T,Lakeside Energy Storage Ltd,LKSDB-1,"{'negative1': -4890.1912205016, 'positive1': 0.0, 'negative2': -545.8620304944, 'positive2': 0.0, 'negative3': 0.0, 'positive3': None, 'negative4': None, 'positive4': None, 'negative5': None, 'positive5': None, 'negative6': None, 'positive6': None}",-5436.053250996,bid
2026-09-23,43,2026-09-23T20:00:00Z,2026-09-24T20:44:29Z,T_LKSDB-1,T,Lakeside Energy Storage Ltd,LKSDB-1,"{'negative1': -4688.07720732, 'positive1': 0.0, 'negative2': 0.0, 'positive2': 0.0, 'negative3': None, 'positive3': None, 'negative4': None, 'positive4': None, 'negative5': None, 'positive5': None, 'negative6': None, 'positive6': None}",-4688.07720732,bid
2026-09-23,44,2026-09-23T20:30:00Z,2026-09-24T21:14:48Z,T_LKSDB-1,T,Lakeside Energy Storage Ltd,LKSDB-1,"{'negative1': -4418.7397236, 'positive1': 0.0, 'negative2': 0.0, 'positive2': 0.0, 'negative3': None, 'positive3': None, 'negative4': None, 'positive4': None, 'negative5': None, 'positive5': None, 'negative6': None, 'positive6': None}",-4418.7397236,bid
2026-09-23,45,2026-09-23T21:00:00Z,2026-09-24T21:44:28Z,T_LKSDB-1,T,Lakeside Energy Storage Ltd,LKSDB-1,"{'negative1': -3090.61000872, 'positive1': 0.0, 'negative2': 0.0, 'positive2': 0.0, 'negative3': None, 'positive3': None, 'negative4': None, 'positive4': None, 'negative5': None, 'positive5': None, 'negative6': None, 'positive6': None}",-3090.61000872,bid
2026-09-23,46,2026-09-23T21:30:00Z,2026-09-24T22:14:51Z,T_LKSDB-1,T,Lakeside Energy Storage Ltd,LKSDB-1,"{'negative1': -1227.81780288, 'positive1': 0.0, 'negative2': 0.0, 'positive2': 0.0, 'negative3': None, 'positive3': None, 'negative4': None, 'positive4': None, 'negative5': None, 'positive5': None, 'negative6': None, 'positive6': None}",-1227.81780288,bid
2026-09-23,47,2026-09-23T22:00:00Z,2026-09-24T22:44:26Z,T_LKSDB-1,T,Lakeside Energy Storage Ltd,LKSDB-1,"{'negative1': -35.1091692, 'positive1': 0.0, 'negative2': 0.0, 'positive2': 0.0, 'negative3': None, 'positive3': None, 'negative4': None, 'positive4': None, 'negative5': None, 'positive5': None, 'negative6': None, 'positive6': None}",-35.1091692,bid
2026-09-23,48,2026-09-23T22:30:00Z,2026-09-24T23:14:20Z,T_LKSDB-1,T,Lakeside Energy Storage Ltd,LKSDB-1,"{'negative1': -596.8558764, 'positive1': 0.0, 'negative2': 0.0, 'positive2': 0.0, 'negative3': None, 'positive3': None, 'negative4': None, 'positive4': None, 'negative5': None, 'positive5': None, 'negative6': None, 'positive6': None}",-596.8558764,bid
2026-09-23,5,2026-09-23T01:00:00Z,2026-09-24T01:44:21Z,T_LKSDB-1,T,Lakeside Energy Storage Ltd,LKSDB-1,"{'negative1': 0.0, 'positive1': 155.764010736, 'negative2': 0.0, 'positive2': 0.0, 'negative3': None, 'positive3': 0.0, 'negative4': None, 'positive4': None, 'negative5': None, 'positive5': None, 'negative6': None, 'positive6': None}",155.764010736,offer
2026-09-23,6,2026-09-23T01:30:00Z,2026-09-24T02:17:07Z,T_LKSDB-1,T,Lakeside Energy Storage Ltd,LKSDB-1,"{'negative1': 0.0, 'positive1': 432.7906063968, 'negative2': 0.0, 'positive2': 0.0, 'negative3': None, 'positive3': 0.0, 'negative4': None, 'positive4': None, 'negative5': None, 'positive5': None, 'negative6': None, 'positive6': None}",432.7906063968,offer
2026-09-23,7,2026-09-23T02:00:00Z,2026-09-24T02:45:01Z,T_LKSDB-1,T,Lakeside Energy Storage Ltd,LKSDB-1,"{'negative1': 0.0, 'positive1': 2179.6122107736, 'negative2': 0.0, 'positive2': 0.0, 'negative3': None, 'positive3': 0.0, 'negative4': None, 'positive4': None, 'negative5': None, 'positive5': None, 'negative6': None, 'positive6': None}",2179.6122107736,offer
2026-09-23,8,2026-09-23T02:30:00Z,2026-09-24T03:14:30Z,T_LKSDB-1,T,Lakeside Energy Storage Ltd,LKSDB-1,"{'negative1': 0.0, 'positive1': 0.0, 'negative2': 0.0, 'positive2': 0.0, 'negative3': None, 'positive3': 0.0, 'negative4': None, 'positive4': None, 'negative5': None, 'positive5': None, 'negative6': None, 'positive6': None}",0.0,offer
2026-09-23,10,2026-09-23T03:30:00Z,2026-09-24T04:14:20Z,T_LKSDB-1,T,Lakeside Energy Storage Ltd,LKSDB-1,"{'negative1': 0.0, 'positive1': 0.0, 'negative2': 0.0, 'positive2': 0.0, 'negative3': None, 'positive3': None, 'negative4': None, 'positive4': None, 'negative5': None, 'positive5': None, 'negative6': None, 'positive6': None}",0.0,offer
2026-09-23,11,2026-09-23T04:00:00Z,2026-09-24T04:44:20Z,T_LKSDB-1,T,Lakeside Energy Storage Ltd,LKSDB-1,"{'negative1': 0.0, 'positive1': 0.0, 'negative2': 0.0, 'positive2': 0.0, 'negative3': None, 'positive3': None, 'negative4': None, 'positive4': None, 'negative5': None, 'positive5': None, 'negative6': None, 'positive6': None}",0.0,offer
2026-09-23,14,2026-09-23T05:30:00Z,2026-09-24T06:14:23Z,T_LKSDB-1,T,Lakeside Energy Storage Ltd,LKSDB-1,"{'negative1': 0.0, 'positive1': 0.0, 'negative2': 0.0, 'positive2': 0.0, 'negative3': 0.0, 'positive3': None, 'negative4': None, 'positive4': None, 'negative5': None, 'positive5': None, 'negative6': None, 'positive6': None}",0.0,offer
2026-09-23,15,2026-09-23T06:00:00Z,2026-09-24T06:44:25Z,T_LKSDB-1,T,Lakeside Energy Storage Ltd,LKSDB-1,"{'negative1': 0.0, 'positive1': 0.0, 'negative2': 0.0, 'positive2': 0.0, 'negative3': 0.0, 'positive3': None, 'negative4': None, 'positive4': None, 'negative5': None, 'positive5': None, 'negative6': None, 'positive6': None}",0.0,offer
2026-09-23,16,2026-09-23T06:30:00Z,2026-09-24T07:14:25Z,T_LKSDB-1,T,Lakeside Energy Storage Ltd,LKSDB-1,"{'negative1': 0.0, 'positive1': 0.0, 'negative2': 0.0, 'positive2': 0.0, 'negative3': 0.0, 'positive3': None, 'negative4': None, 'positive4': None, 'negative5': None, 'positive5': None, 'negative6': None, 'positive6': None}",0.0,offer
2026-09-23,17,2026-09-23T07:00:00Z,2026-09-24T07:44:24Z,T_LKSDB-1,T,Lakeside Energy Storage Ltd,LKSDB-1,"{'negative1': 0.0, 'positive1': 0.0, 'negative2': 0.0, 'positive2': 0.0, 'negative3': 0.0, 'positive3': None, 'negative4': None, 'positive4': None, 'negative5': None, 'positive5': None, 'negative6': None, 'positive6': None}",0.0,offer
2026-09-23,18,2026-09-23T07:30:00Z,2026-09-24T08:14:22Z,T_LKSDB-1,T,Lakeside Energy Storage Ltd,LKSDB-1,"{'negative1': 0.0, 'positive1': 0.0, 'negative2': 0.0, 'positive2': 0.0, 'negative3': 0.0, 'positive3': None, 'negative4': None, 'positive4': None, 'negative5': None, 'positive5': None, 'negative6': None, 'positive6': None}",0.0,offer
2026-09-23,20,2026-09-23T08:30:00Z,2026-09-24T09:14:31Z,T_LKSDB-1,T,Lakeside Energy Storage Ltd,LKSDB-1,"{'negative1': 0.0, 'positive1': 0.0, 'negative2': 0.0, 'positive2': 0.0, 'negative3': 0.0, 'positive3': None, 'negative4': None, 'positive4': None, 'negative5': None, 'positive5': None, 'negative6': None, 'positive6': None}",0.0,offer
2026-09-23,21,2026-09-23T09:00:00Z,2026-09-24T09:44:26Z,T_LKSDB-1,T,Lakeside Energy Storage Ltd,LKSDB-1,"{'negative1': 0.0, 'positive1': 0.0, 'negative2': 0.0, 'positive2': 0.0, 'negative3': None, 'positive3': None, 'negative4': None, 'positive4': None, 'negative5': None, 'positive5': None, 'negative6': None, 'positive6': None}",0.0,offer
2026-09-23,22,2026-09-23T09:30:00Z,2026-09-24T10:14:27Z,T_LKSDB-1,T,Lakeside Energy Storage Ltd,LKSDB-1,"{'negative1': 0.0, 'positive1': 0.0, 'negative2': 0.0, 'positive2': 0.0, 'negative3': None, 'positive3': None, 'negative4': None, 'positive4': None, 'negative5': None, 'positive5': None, 'negative6': None, 'positive6': None}",0.0,offer
2026-09-23,23,2026-09-23T10:00:00Z,2026-09-24T10:44:45Z,T_LKSDB-1,T,Lakeside Energy Storage Ltd,LKSDB-1,"{'negative1': 0.0, 'positive1': 0.0, 'negative2': 0.0, 'positive2': 0.0, 'negative3': None, 'positive3': None, 'negative4': None, 'positive4': None, 'negative5': None, 'positive5': None, 'negative6': None, 'positive6': None}",0.0,offer
2026-09-23,24,2026-09-23T10:30:00Z,2026-09-24T11:14:25Z,T_LKSDB-1,T,Lakeside Energy Storage Ltd,LKSDB-1,"{'negative1': 0.0, 'positive1': 0.0, 'negative2': 0.0, 'positive2': 0.0, 'negative3': None, 'positive3': None, 'negative4': None, 'positive4': None, 'negative5': None, 'positive5': None, 'negative6': None, 'positive6': None}",0.0,offer
2026-09-23,25,2026-09-23T11:00:00Z,2026-09-24T11:44:32Z,T_LKSDB-1,T,Lakeside Energy Storage Ltd,LKSDB-1,"{'negative1': 0.0, 'positive1': 0.0, 'negative2': 0.0, 'positive2': 0.0, 'negative3': None, 'positive3': None, 'negative4': None, 'positive4': None, 'negative5': None, 'positive5': None, 'negative6': None, 'positive6': None}",0.0,offer
2026-09-23,26,2026-09-23T11:30:00Z,2026-09-24T12:14:31Z,T_LKSDB-1,T,Lakeside Energy Storage Ltd,LKSDB-1,"{'negative1': 0.0, 'positive1': 0.0, 'negative2': 0.0, 'positive2': 0.0, 'negative3': None, 'positive3': None, 'negative4': None, 'positive4': None, 'negative5': None, 'positive5': None, 'negative6': None, 'positive6': None}",0.0,offer
2026-09-23,28,2026-09-23T12:30:00Z,2026-09-24T13:14:35Z,T_LKSDB-1,T,Lakeside Energy Storage Ltd,LKSDB-1,"{'negative1': 0.0, 'positive1': 49.84604928, 'negative2': 0.0, 'positive2': 0.0, 'negative3': None, 'positive3': 0.0, 'negative4': None, 'positive4': None, 'negative5': None, 'positive5': None, 'negative6': None, 'positive6': None}",49.84604928,offer
2026-09-23,29,2026-09-23T13:00:00Z,2026-09-24T13:44:34Z,T_LKSDB-1,T,Lakeside Energy Storage Ltd,LKSDB-1,"{'negative1': 0.0, 'positive1': 0.0, 'negative2': 0.0, 'positive2': 0.0, 'negative3': None, 'positive3': None, 'negative4': None, 'positive4': None, 'negative5': None, 'positive5': None, 'negative6': None, 'positive6': None}",0.0,offer
2026-09-23,30,2026-09-23T13:30:00Z,2026-09-24T14:14:28Z,T_LKSDB-1,T,Lakeside Energy Storage Ltd,LKSDB-1,"{'negative1': 113.6868336, 'positive1': 0.0, 'negative2': 0.0, 'positive2': 0.0, 'negative3': None, 'positive3': None, 'negative4': None, 'positive4': None, 'negative5': None, 'positive5': None, 'negative6': None, 'positive6': None}",113.6868336,offer
2026-09-23,35,2026-09-23T16:00:00Z,2026-09-24T16:44:30Z,T_LKSDB-1,T,Lakeside Energy Storage Ltd,LKSDB-1,"{'negative1': 0.0, 'positive1': 0.0, 'negative2': 0.0, 'positive2': 0.0, 'negative3': 0.0, 'positive3': None, 'negative4': None, 'positive4': None, 'negative5': None, 'positive5': None, 'negative6': None, 'positive6': None}",0.0,offer
2026-09-23,36,2026-09-23T16:30:00Z,2026-09-24T17:14:22Z,T_LKSDB-1,T,Lakeside Energy Storage Ltd,LKSDB-1,"{'negative1': 0.0, 'positive1': 0.0, 'negative2': 0.0, 'positive2': 0.0, 'negative3': 0.0, 'positive3': None, 'negative4': None, 'positive4': None, 'negative5': None, 'positive5': None, 'negative6': None, 'positive6': None}",0.0,offer
2026-09-23,37,2026-09-23T17:00:00Z,2026-09-24T17:44:38Z,T_LKSDB-1,T,Lakeside Energy Storage Ltd,LKSDB-1,"{'negative1': 0.0, 'positive1': 0.0, 'negative2': 0.0, 'positive2': 0.0, 'negative3': 0.0, 'positive3': None, 'negative4': None, 'positive4': None, 'negative5': None, 'positive5': None, 'negative6': None, 'positive6': None}",0.0,offer
2026-09-23,38,2026-09-23T17:30:00Z,2026-09-24T18:14:33Z,T_LKSDB-1,T,Lakeside Energy Storage Ltd,LKSDB-1,"{'negative1': 0.0, 'positive1': 0.0, 'negative2': 0.0, 'positive2': 0.0, 'negative3': 0.0, 'positive3': None, 'negative4': None, 'positive4': None, 'negative5': None, 'positive5': None, 'negative6': None, 'positive6': None}",0.0,offer
2026-09-23,39,2026-09-23T18:00:00Z,2026-09-24T18:44:28Z,T_LKSDB-1,T,Lakeside Energy Storage Ltd,LKSDB-1,"{'negative1': 0.0, 'positive1': 0.0, 'negative2': 0.0, 'positive2': 0.0, 'negative3': 0.0, 'positive3': None, 'negative4': None, 'positive4': None, 'negative5': None, 'positive5': None, 'negative6': None, 'positive6': None}",0.0,offer
2026-09-23,40,2026-09-23T18:30:00Z,2026-09-24T19:14:26Z,T_LKSDB-1,T,Lakeside Energy Storage Ltd,LKSDB-1,"{'negative1': 0.0, 'positive1': 0.0, 'negative2': 0.0, 'positive2': 0.0, 'negative3': 0.0, 'positive3': None, 'negative4': None, 'positive4': None, 'negative5': None, 'positive5': None, 'negative6': None, 'positive6': None}",0.0,offer
2026-09-23,41,2026-09-23T19:00:00Z,2026-09-24T19:44:37Z,T_LKSDB-1,T,Lakeside Energy Storage Ltd,LKSDB-1,"{'negative1': 0.0, 'positive1': 0.0, 'negative2': 0.0, 'positive2': 0.0, 'negative3': 0.0, 'positive3': None, 'negative4': None, 'positive4': None, 'negative5': None, 'positive5': None, 'negative6': None, 'positive6': None}",0.0,offer
2026-09-23,42,2026-09-23T19:30:00Z,2026-09-24T20:14:25Z,T_LKSDB-1,T,Lakeside Energy Storage Ltd,LKSDB-1,"{'negative1': 0.0, 'positive1': 0.0, 'negative2': 0.0, 'positive2': 0.0, 'negative3': 0.0, 'positive3': None, 'negative4': None, 'positive4': None, 'negative5': None, 'positive5': None, 'negative6': None, 'positive6': None}",0.0,offer
2026-09-23,43,2026-09-23T20:00:00Z,2026-09-24T20:44:29Z,T_LKSDB-1,T,Lakeside Energy Storage Ltd,LKSDB-1,"{'negative1': 0.0, 'positive1': 0.0, 'negative2': 0.0, 'positive2': 0.0, 'negative3': None, 'positive3': None, 'negative4': None, 'positive4': None, 'negative5': None, 'positive5': None, 'negative6': None, 'positive6': None}",0.0,offer
2026-09-23,44,2026-09-23T20:30:00Z,2026-09-24T21:14:48Z,T_LKSDB-1,T,Lakeside Energy Storage Ltd,LKSDB-1,"{'negative1': 0.0, 'positive1': 0.0, 'negative2': 0.0, 'positive2': 0.0, 'negative3': None, 'positive3': None, 'negative4': None, 'positive4': None, 'negative5': None, 'positive5': None, 'negative6': None, 'positive6': None}",0.0,offer
2026-09-23,45,2026-09-23T21:00:00Z,2026-09-24T21:44:28Z,T_LKSDB-1,T,Lakeside Energy Storage Ltd,LKSDB-1,"{'negative1': 0.0, 'positive1': 0.0, 'negative2': 0.0, 'positive2': 0.0, 'negative3': None, 'positive3': None, 'negative4': None, 'positive4': None, 'negative5': None, 'positive5': None, 'negative6': None, 'positive6': None}",0.0,offer
2026-09-23,46,2026-09-23T21:30:00Z,2026-09-24T22:14:51Z,T_LKSDB-1,T,Lakeside Energy Storage Ltd,LKSDB-1,"{'negative1': 0.0, 'positive1': 0.0, 'negative2': 0.0, 'positive2': 0.0, 'negative3': None, 'positive3': None, 'negative4': None, 'positive4': None, 'negative5': None, 'positive5': None, 'negative6': None, 'positive6': None}",0.0,offer
2026-09-23,47,2026-09-23T22:00:00Z,2026-09-24T22:44:26Z,T_LKSDB-1,T,Lakeside Energy Storage Ltd,LKSDB-1,"{'negative1': 0.0, 'positive1': 0.0, 'negative2': 0.0, 'positive2': 0.0, 'negative3': None, 'positive3': None, 'negative4': None, 'positive4': None, 'negative5': None, 'positive5': None, 'negative6': None, 'positive6': None}",0.0,offer
2026-09-23,48,2026-09-23T22:30:00Z,2026-09-24T23:14:20Z,T_LKSDB-1,T,Lakeside Energy Storage Ltd,LKSDB-1,"{'negative1': 0.0, 'positive1': 0.0, 'negative2': 0.0, 'positive2': 0.0, 'negative3': None, 'positive3': None, 'negative4': None, 'positive4': None, 'negative5': None, 'positive5': None, 'negative6': None, 'positive6': None}",0.0,offer
2026-09-24,1,2026-09-23T23:00:00Z,2026-09-24T23:44:24Z,T_LKSDB-1,T,Lakeside Energy Storage Ltd,LKSDB-1,"{'negative1': -217.67684904, 'positive1': 0.0, 'negative2': 0.0, 'positive2': 0.0, 'negative3': None, 'positive3': None, 'negative4': None, 'positive4': None, 'negative5': None, 'positive5': None, 'negative6': None, 'positive6': None}",-217.67684904,bid
2026-09-24,2,2026-09-23T23:30:00Z,2026-09-25T00:14:29Z,T_LKSDB-1,T,Lakeside Energy Storage Ltd,LKSDB-1,"{'negative1': -35.1091692, 'positive1': 0.0, 'negative2': 0.0, 'positive2': 0.0, 'negative3': None, 'positive3': None, 'negative4': None, 'positive4': None, 'negative5': None, 'positive5': None, 'negative6': None, 'positive6': None}",-35.1091692,bid
2026-09-24,8,2026-09-24T02:30:00Z,2026-09-25T03:14:24Z,T_LKSDB-1,T,Lakeside Energy Storage Ltd,LKSDB-1,"{'negative1': -7.02183384, 'positive1': 0.0, 'negative2': 0.0, 'positive2': 0.0, 'negative3': None, 'positive3': None, 'negative4': None, 'positive4': None, 'negative5': None, 'positive5': None, 'negative6': None, 'positive6': None}",-7.02183384,bid
2026-09-24,9,2026-09-24T03:00:00Z,2026-09-25T03:44:22Z,T_LKSDB-1,T,Lakeside Energy Storage Ltd,LKSDB-1,"{'negative1': -63.19650456, 'positive1': 0.0, 'negative2': 0.0, 'positive2': 0.0, 'negative3': None, 'positive3': None, 'negative4': None, 'positive4': None, 'negative5': None, 'positive5': None, 'negative6': None, 'positive6': None}",-63.19650456,bid
2026-09-24,10,2026-09-24T03:30:00Z,2026-09-25T04:14:27Z,T_LKSDB-1,T,Lakeside Energy Storage Ltd,LKSDB-1,"{'negative1': -7.02183384, 'positive1': 0.0, 'negative2': 0.0, 'positive2': 0.0, 'negative3': None, 'positive3': None, 'negative4': None, 'positive4': None, 'negative5': None, 'positive5': None, 'negative6': None, 'positive6': None}",-7.02183384,bid
2026-09-24,11,2026-09-24T04:00:00Z,2026-09-25T04:44:23Z,T_LKSDB-1,T,Lakeside Energy Storage Ltd,LKSDB-1,"{'negative1': -358.11352584, 'positive1': 0.0, 'negative2': 0.0, 'positive2': 0.0, 'negative3': None, 'positive3': None, 'negative4': None, 'positive4': None, 'negative5': None, 'positive5': None, 'negative6': None, 'positive6': None}",-358.11352584,bid
2026-09-24,13,2026-09-24T05:00:00Z,2026-09-25T05:44:35Z,T_LKSDB-1,T,Lakeside Energy Storage Ltd,LKSDB-1,"{'negative1': -116.36181792000001, 'positive1': 0.0, 'negative2': 0.0, 'positive2': 0.0, 'negative3': 0.0, 'positive3': None, 'negative4': None, 'positive4': None, 'negative5': None, 'positive5': None, 'negative6': None, 'positive6': None}",-116.36181792000001,bid
2026-09-24,14,2026-09-24T05:30:00Z,2026-09-25T06:14:22Z,T_LKSDB-1,T,Lakeside Energy Storage Ltd,LKSDB-1,"{'negative1': -528.32571408, 'positive1': 0.0, 'negative2': -84.14782992, 'positive2': 0.0, 'negative3': 0.0, 'positive3': None, 'negative4': None, 'positive4': None, 'negative5': None, 'positive5': None, 'negative6': None, 'positive6': None}",-612.473544,bid
2026-09-24,15,2026-09-24T06:00:00Z,2026-09-25T06:44:50Z,T_LKSDB-1,T,Lakeside Energy Storage Ltd,LKSDB-1,"{'negative1': -8.95467312, 'positive1': 0.0, 'negative2': 0.0, 'positive2': 0.0, 'negative3': 0.0, 'positive3': None, 'negative4': None, 'positive4': None, 'negative5': None, 'positive5': None, 'negative6': None, 'positive6': None}",-8.95467312,bid
2026-09-24,17,2026-09-24T07:00:00Z,2026-09-25T07:44:37Z,T_LKSDB-1,T,Lakeside Energy Storage Ltd,LKSDB-1,"{'negative1': -98.76645612, 'positive1': 0.0, 'negative2': 0.0, 'positive2': 0.0, 'negative3': 0.0, 'positive3': None, 'negative4': None, 'positive4': None, 'negative5': None, 'positive5': None, 'negative6': None, 'positive6': None}",-98.76645612,bid
2026-09-24,24,2026-09-24T10:30:00Z,2026-09-25T11:14:22Z,T_LKSDB-1,T,Lakeside Energy Storage Ltd,LKSDB-1,"{'negative1': -2480.33027808, 'positive1': 0.0, 'negative2': 0.0, 'positive2': 0.0, 'negative3': None, 'positive3': None, 'negative4': None, 'positive4': None, 'negative5': None, 'positive5': None, 'negative6': None, 'positive6': None}",-2480.33027808,bid
2026-09-24,25,2026-09-24T11:00:00Z,2026-09-25T11:44:25Z,T_LKSDB-1,T,Lakeside Energy Storage Ltd,LKSDB-1,"{'negative1': -485.359593984, 'positive1': 0.0, 'negative2': 0.0, 'positive2': 0.0, 'negative3': None, 'positive3': None, 'negative4': None, 'positive4': None, 'negative5': None, 'positive5': None, 'negative6': None, 'positive6': None}",-485.359593984,bid
2026-09-24,27,2026-09-24T12:00:00Z,2026-09-25T12:44:25Z,T_LKSDB-1,T,Lakeside Energy Storage Ltd,LKSDB-1,"{'negative1': 0.0, 'positive1': 0.0, 'negative2': 0.0, 'positive2': 0.0, 'negative3': None, 'positive3': 0.0, 'negative4': None, 'positive4': None, 'negative5': None, 'positive5': None, 'negative6': None, 'positive6': None}",0.0,bid
2026-09-24,28,2026-09-24T12:30:00Z,2026-09-25T13:14:27Z,T_LKSDB-1,T,Lakeside Energy Storage Ltd,LKSDB-1,"{'negative1': 0.0, 'positive1': 0.0, 'negative2': 0.0, 'positive2': 0.0, 'negative3': None, 'positive3': 0.0, 'negative4': None, 'positive4': None, 'negative5': None, 'positive5': None, 'negative6': None, 'positive6': None}",0.0,bid
2026-09-24,29,2026-09-24T13:00:00Z,2026-09-25T13:44:49Z,T_LKSDB-1,T,Lakeside Energy Storage Ltd,LKSDB-1,"{'negative1': 0.0, 'positive1': 0.0, 'negative2': 0.0, 'positive2': 0.0, 'negative3': None, 'positive3': 0.0, 'negative4': None, 'positive4': None, 'negative5': None, 'positive5': None, 'negative6': None, 'positive6': None}",0.0,bid
2026-09-24,30,2026-09-24T13:30:00Z,2026-09-25T14:14:53Z,T_LKSDB-1,T,Lakeside Energy Storage Ltd,LKSDB-1,"{'negative1': 0.0, 'positive1': 0.0, 'negative2': 0.0, 'positive2': 0.0, 'negative3': None, 'positive3': 0.0, 'negative4': None, 'positive4': None, 'negative5': None, 'positive5': None, 'negative6': None, 'positive6': None}",0.0,bid
2026-09-24,35,2026-09-24T16:00:00Z,2026-09-25T16:44:37Z,T_LKSDB-1,T,Lakeside Energy Storage Ltd,LKSDB-1,"{'negative1': -243.439884, 'positive1': 0.0, 'negative2': 0.0, 'positive2': 0.0, 'negative3': 0.0, 'positive3': None, 'negative4': None, 'positive4': None, 'negative5': None, 'positive5': None, 'negative6': None, 'positive6': None}",-243.439884,bid
2026-09-24,36,2026-09-24T16:30:00Z,2026-09-25T17:14:24Z,T_LKSDB-1,T,Lakeside Energy Storage Ltd,LKSDB-1,"{'negative1': -365.9345928, 'positive1': 0.0, 'negative2': 0.0, 'positive2': 0.0, 'negative3': 0.0, 'positive3': None, 'negative4': None, 'positive4': None, 'negative5': None, 'positive5': None, 'negative6': None, 'positive6': None}",-365.9345928,bid
2026-09-24,37,2026-09-24T17:00:00Z,2026-09-25T17:44:24Z,T_LKSDB-1,T,Lakeside Energy Storage Ltd,LKSDB-1,"{'negative1': -1874.3636334384, 'positive1': 0.0, 'negative2': 0.0, 'positive2': 0.0, 'negative3': 0.0, 'positive3': None, 'negative4': None, 'positive4': None, 'negative5': None, 'positive5': None, 'negative6': None, 'positive6': None}",-1874.3636334384,bid
2026-09-24,38,2026-09-24T17:30:00Z,2026-09-25T18:14:27Z,T_LKSDB-1,T,Lakeside Energy Storage Ltd,LKSDB-1,"{'negative1': -1703.3975563248, 'positive1': 0.0, 'negative2': 0.0, 'positive2': 0.0, 'negative3': 0.0, 'positive3': None, 'negative4': None, 'positive4': None, 'negative5': None, 'positive5': None, 'negative6': None, 'positive6': None}",-1703.3975563248,bid
2026-09-24,40,2026-09-24T18:30:00Z,2026-09-25T19:14:30Z,T_LKSDB-1,T,Lakeside Energy Storage Ltd,LKSDB-1,"{'negative1': -1603.7203006656, 'positive1': 0.0, 'negative2': 0.0, 'positive2': 0.0, 'negative3': 0.0, 'positive3': None, 'negative4': None, 'positive4': None, 'negative5': None, 'positive5': None, 'negative6': None, 'positive6': None}",-1603.7203006656,bid
2026-09-24,43,2026-09-24T20:00:00Z,2026-09-25T20:44:28Z,T_LKSDB-1,T,Lakeside Energy Storage Ltd,LKSDB-1,"{'negative1': -388.13370048, 'positive1': 0.0, 'negative2': 0.0, 'positive2': 0.0, 'negative3': 0.0, 'positive3': None, 'negative4': None, 'positive4': None, 'negative5': None, 'positive5': None, 'negative6': None, 'positive6': None}",-388.13370048,bid
2026-09-24,44,2026-09-24T20:30:00Z,2026-09-25T21:14:26Z,T_LKSDB-1,T,Lakeside Energy Storage Ltd,LKSDB-1,"{'negative1': -2532.572395632, 'positive1': 0.0, 'negative2': 0.0, 'positive2': 0.0, 'negative3': None, 'positive3': None, 'negative4': None, 'positive4': None, 'negative5': None, 'positive5': None, 'negative6': None, 'positive6': None}",-2532.572395632,bid
2026-09-24,45,2026-09-24T21:00:00Z,2026-09-25T21:44:29Z,T_LKSDB-1,T,Lakeside Energy Storage Ltd,LKSDB-1,"{'negative1': -106.736767632, 'positive1': 0.0, 'negative2': 0.0, 'positive2': 0.0, 'negative3': None, 'positive3': None, 'negative4': None, 'positive4': None, 'negative5': None, 'positive5': None, 'negative6': None, 'positive6': None}",-106.736767632,bid
2026-09-24,1,2026-09-23T23:00:00Z,2026-09-24T23:44:24Z,T_LKSDB-1,T,Lakeside Energy Storage Ltd,LKSDB-1,"{'negative1': 0.0, 'positive1': 0.0, 'negative2': 0.0, 'positive2': 0.0, 'negative3': None, 'positive3': None, 'negative4': None, 'positive4': None, 'negative5': None, 'positive5': None, 'negative6': None, 'positive6': None}",0.0,offer
2026-09-24,2,2026-09-23T23:30:00Z,2026-09-25T00:14:29Z,T_LKSDB-1,T,Lakeside Energy Storage Ltd,LKSDB-1,"{'negative1': 0.0, 'positive1': 0.0, 'negative2': 0.0, 'positive2': 0.0, 'negative3': None, 'positive3': None, 'negative4': None, 'positive4': None, 'negative5': None, 'positive5': None, 'negative6': None, 'positive6': None}",0.0,offer
2026-09-24,8,2026-09-24T02:30:00Z,2026-09-25T03:14:24Z,T_LKSDB-1,T,Lakeside Energy Storage Ltd,LKSDB-1,"{'negative1': 0.0, 'positive1': 0.0, 'negative2': 0.0, 'positive2': 0.0, 'negative3': None, 'positive3': None, 'negative4': None, 'positive4': None, 'negative5': None, 'positive5': None, 'negative6': None, 'positive6': None}",0.0,offer
2026-09-24,9,2026-09-24T03:00:00Z,2026-09-25T03:44:22Z,T_LKSDB-1,T,Lakeside Energy Storage Ltd,LKSDB-1,"{'negative1': 0.0, 'positive1': 0.0, 'negative2': 0.0, 'positive2': 0.0, 'negative3': None, 'positive3': None, 'negative4': None, 'positive4': None, 'negative5': None, 'positive5': None, 'negative6': None, 'positive6': None}",0.0,offer
2026-09-24,10,2026-09-24T03:30:00Z,2026-09-25T04:14:27Z,T_LKSDB-1,T,Lakeside Energy Storage Ltd,LKSDB-1,"{'negative1': 0.0, 'positive1': 0.0, 'negative2': 0.0, 'positive2': 0.0, 'negative3': None, 'positive3': None, 'negative4': None, 'positive4': None, 'negative5': None, 'positive5': None, 'negative6': None, 'positive6': None}",0.0,offer
2026-09-24,11,2026-09-24T04:00:00Z,2026-09-25T04:44:23Z,T_LKSDB-1,T,Lakeside Energy Storage Ltd,LKSDB-1,"{'negative1': 0.0, 'positive1': 0.0, 'negative2': 0.0, 'positive2': 0.0, 'negative3': None, 'positive3': None, 'negative4': None, 'positive4': None, 'negative5': None, 'positive5': None, 'negative6': None, 'positive6': None}",0.0,offer
2026-09-24,13,2026-09-24T05:00:00Z,2026-09-25T05:44:35Z,T_LKSDB-1,T,Lakeside Energy Storage Ltd,LKSDB-1,"{'negative1': 0.0, 'positive1': 0.0, 'negative2': 0.0, 'positive2': 0.0, 'negative3': 0.0, 'positive3': None, 'negative4': None, 'positive4': None, 'negative5': None, 'positive5': None, 'negative6': None, 'positive6': None}",0.0,offer
2026-09-24,14,2026-09-24T05:30:00Z,2026-09-25T06:14:22Z,T_LKSDB-1,T,Lakeside Energy Storage Ltd,LKSDB-1,"{'negative1': 0.0, 'positive1': 0.0, 'negative2': 0.0, 'positive2': 0.0, 'negative3': 0.0, 'positive3': None, 'negative4': None, 'positive4': None, 'negative5': None, 'positive5': None, 'negative6': None, 'positive6': None}",0.0,offer
2026-09-24,15,2026-09-24T06:00:00Z,2026-09-25T06:44:50Z,T_LKSDB-1,T,Lakeside Energy Storage Ltd,LKSDB-1,"{'negative1': 0.0, 'positive1': 0.0, 'negative2': 0.0, 'positive2': 0.0, 'negative3': 0.0, 'positive3': None, 'negative4': None, 'positive4': None, 'negative5': None, 'positive5': None, 'negative6': None, 'positive6': None}",0.0,offer
2026-09-24,17,2026-09-24T07:00:00Z,2026-09-25T07:44:37Z,T_LKSDB-1,T,Lakeside Energy Storage Ltd,LKSDB-1,"{'negative1': 0.0, 'positive1': 0.0, 'negative2': 0.0, 'positive2': 0.0, 'negative3': 0.0, 'positive3': None, 'negative4': None, 'positive4': None, 'negative5': None, 'positive5': None, 'negative6': None, 'positive6': None}",0.0,offer
2026-09-24,24,2026-09-24T10:30:00Z,2026-09-25T11:14:22Z,T_LKSDB-1,T,Lakeside Energy Storage Ltd,LKSDB-1,"{'negative1': 0.0, 'positive1': 0.0, 'negative2': 0.0, 'positive2': 0.0, 'negative3': None, 'positive3': None, 'negative4': None, 'positive4': None, 'negative5': None, 'positive5': None, 'negative6': None, 'positive6': None}",0.0,offer
2026-09-24,25,2026-09-24T11:00:00Z,2026-09-25T11:44:25Z,T_LKSDB-1,T,Lakeside Energy Storage Ltd,LKSDB-1,"{'negative1': 0.0, 'positive1': 0.0, 'negative2': 0.0, 'positive2': 0.0, 'negative3': None, 'positive3': None, 'negative4': None, 'positive4': None, 'negative5': None, 'positive5': None, 'negative6': None, 'positive6': None}",0.0,offer
2026-09-24,27,2026-09-24T12:00:00Z,2026-09-25T12:44:25Z,T_LKSDB-1,T,Lakeside Energy Storage Ltd,LKSDB-1,"{'negative1': 0.0, 'positive1': 124.024669344, 'negative2': 0.0, 'positive2': 0.0, 'negative3': None, 'positive3': 0.0, 'negative4': None, 'positive4': None, 'negative5': None, 'positive5': None, 'negative6': None, 'positive6': None}",124.024669344,offer
2026-09-24,28,2026-09-24T12:30:00Z,2026-09-25T13:14:27Z,T_LKSDB-1,T,Lakeside Energy Storage Ltd,LKSDB-1,"{'negative1': 0.0, 'positive1': 6325.258136544, 'negative2': 0.0, 'positive2': 2738.883823488, 'negative3': None, 'positive3': 0.0, 'negative4': None, 'positive4': None, 'negative5': None, 'positive5': None, 'negative6': None, 'positive6': None}",9064.141960032,offer
2026-09-24,29,2026-09-24T13:00:00Z,2026-09-25T13:44:49Z,T_LKSDB-1,T,Lakeside Energy Storage Ltd,LKSDB-1,"{'negative1': 0.0, 'positive1': 4854.450629952, 'negative2': 0.0, 'positive2': 0.0, 'negative3': None, 'positive3': 0.0, 'negative4': None, 'positive4': None, 'negative5': None, 'positive5': None, 'negative6': None, 'positive6': None}",4854.450629952,offer
2026-09-24,30,2026-09-24T13:30:00Z,2026-09-25T14:14:53Z,T_LKSDB-1,T,Lakeside Energy Storage Ltd,LKSDB-1,"{'negative1': 0.0, 'positive1': 8.770360176, 'negative2': 0.0, 'positive2': 0.0, 'negative3': None, 'positive3': 0.0, 'negative4': None, 'positive4': None, 'negative5': None, 'positive5': None, 'negative6': None, 'positive6': None}",8.770360176,offer
2026-09-24,35,2026-09-24T16:00:00Z,2026-09-25T16:44:37Z,T_LKSDB-1,T,Lakeside Energy Storage Ltd,LKSDB-1,"{'negative1': 0.0, 'positive1': 0.0, 'negative2': 0.0, 'positive2': 0.0, 'negative3': 0.0, 'positive3': None, 'negative4': None, 'positive4': None, 'negative5': None, 'positive5': None, 'negative6': None, 'positive6': None}",0.0,offer
2026-09-24,36,2026-09-24T16:30:00Z,2026-09-25T17:14:24Z,T_LKSDB-1,T,Lakeside Energy Storage Ltd,LKSDB-1,"{'negative1': 0.0, 'positive1': 0.0, 'negative2': 0.0, 'positive2': 0.0, 'negative3': 0.0, 'positive3': None, 'negative4': None, 'positive4': None, 'negative5': None, 'positive5': None, 'negative6': None, 'positive6': None}",0.0,offer
2026-09-24,37,2026-09-24T17:00:00Z,2026-09-25T17:44:24Z,T_LKSDB-1,T,Lakeside Energy Storage Ltd,LKSDB-1,"{'negative1': 0.0, 'positive1': 0.0, 'negative2': 0.0, 'positive2': 0.0, 'negative3': 0.0, 'positive3': None, 'negative4': None, 'positive4': None, 'negative5': None, 'positive5': None, 'negative6': None, 'positive6': None}",0.0,offer
2026-09-24,38,2026-09-24T17:30:00Z,2026-09-25T18:14:27Z,T_LKSDB-1,T,Lakeside Energy Storage Ltd,LKSDB-1,"{'negative1': 0.0, 'positive1': 0.0, 'negative2': 0.0, 'positive2': 0.0, 'negative3': 0.0, 'positive3': None, 'negative4': None, 'positive4': None, 'negative5': None, 'positive5': None, 'negative6': None, 'positive6': None}",0.0,offer
2026-09-24,40,2026-09-24T18:30:00Z,2026-09-25T19:14:30Z,T_LKSDB-1,T,Lakeside Energy Storage Ltd,LKSDB-1,"{'negative1': 0.0, 'positive1': 0.0, 'negative2': 0.0, 'positive2': 0.0, 'negative3': 0.0, 'positive3': None, 'negative4': None, 'positive4': None, 'negative5': None, 'positive5': None, 'negative6': None, 'positive6': None}",0.0,offer
2026-09-24,43,2026-09-24T20:00:00Z,2026-09-25T20:44:28Z,T_LKSDB-1,T,Lakeside Energy Storage Ltd,LKSDB-1,"{'negative1': 0.0, 'positive1': 0.0, 'negative2': 0.0, 'positive2': 0.0, 'negative3': 0.0, 'positive3': None, 'negative4': None, 'positive4': None, 'negative5': None, 'positive5': None, 'negative6': None, 'positive6': None}",0.0,offer
2026-09-24,44,2026-09-24T20:30:00Z,2026-09-25T21:14:26Z,T_LKSDB-1,T,Lakeside Energy Storage Ltd,LKSDB-1,"{'negative1': 0.0, 'positive1': 0.0, 'negative2': 0.0, 'positive2': 0.0, 'negative3': None, 'positive3': None, 'negative4': None, 'positive4': None, 'negative5': None, 'positive5': None, 'negative6': None, 'positive6': None}",0.0,offer
2026-09-24,45,2026-09-24T21:00:00Z,2026-09-25T21:44:29Z,T_LKSDB-1,T,Lakeside Energy Storage Ltd,LKSDB-1,"{'negative1': 0.0, 'positive1': 0.0, 'negative2': 0.0, 'positive2': 0.0, 'negative3': None, 'positive3': None, 'negative4': None, 'positive4': None, 'negative5': None, 'positive5': None, 'negative6': None, 'positive6': None}",0.0,offer
2026-09-25,3,2026-09-25T00:00:00Z,2026-09-26T00:44:37Z,T_LKSDB-1,T,Lakeside Energy Storage Ltd,LKSDB-1,"{'negative1': -24.701196672, 'positive1': 0.0, 'negative2': 0.0, 'positive2': 0.0, 'negative3': None, 'positive3': 0.0, 'negative4': None, 'positive4': None, 'negative5': None, 'positive5': None, 'negative6': None, 'positive6': None}",-24.701196672,bid
2026-09-25,4,2026-09-25T00:30:00Z,2026-09-26T01:14:34Z,T_LKSDB-1,T,Lakeside Energy Storage Ltd,LKSDB-1,"{'negative1': -173.937593232, 'positive1': 0.0, 'negative2': 0.0, 'positive2': 0.0, 'negative3': None, 'positive3': 0.0, 'negative4': None, 'positive4': None, 'negative5': None, 'positive5': None, 'negative6': None, 'positive6': None}",-173.937593232,bid
2026-09-25,5,2026-09-25T01:00:00Z,2026-09-26T01:44:29Z,T_LKSDB-1,T,Lakeside Energy Storage Ltd,LKSDB-1,"{'negative1': -29.847279312, 'positive1': 0.0, 'negative2': 0.0, 'positive2': 0.0, 'negative3': None, 'positive3': 0.0, 'negative4': None, 'positive4': None, 'negative5': None, 'positive5': None, 'negative6': None, 'positive6': None}",-29.847279312,bid
2026-09-25,14,2026-09-25T05:30:00Z,2026-09-26T06:14:52Z,T_LKSDB-1,T,Lakeside Energy Storage Ltd,LKSDB-1,"{'negative1': -784.0980913392, 'positive1': 0.0, 'negative2': 0.0, 'positive2': 0.0, 'negative3': None, 'positive3': None, 'negative4': None, 'positive4': None, 'negative5': None, 'positive5': None, 'negative6': None, 'positive6': None}",-784.0980913392,bid
2026-09-25,16,2026-09-25T06:30:00Z,2026-09-26T07:14:22Z,T_LKSDB-1,T,Lakeside Energy Storage Ltd,LKSDB-1,"{'negative1': -205.7710484016, 'positive1': 0.0, 'negative2': 0.0, 'positive2': 0.0, 'negative3': 0.0, 'positive3': None, 'negative4': None, 'positive4': None, 'negative5': None, 'positive5': None, 'negative6': None, 'positive6': None}",-205.7710484016,bid
2026-09-25,17,2026-09-25T07:00:00Z,2026-09-26T07:44:21Z,T_LKSDB-1,T,Lakeside Energy Storage Ltd,LKSDB-1,"{'negative1': 0.0, 'positive1': 0.0, 'negative2': 0.0, 'positive2': 0.0, 'negative3': None, 'positive3': None, 'negative4': None, 'positive4': None, 'negative5': None, 'positive5': None, 'negative6': None, 'positive6': None}",0.0,bid
2026-09-25,18,2026-09-25T07:30:00Z,2026-09-26T08:14:22Z,T_LKSDB-1,T,Lakeside Energy Storage Ltd,LKSDB-1,"{'negative1': 0.0, 'positive1': 0.0, 'negative2': 0.0, 'positive2': 0.0, 'negative3': None, 'positive3': None, 'negative4': None, 'positive4': None, 'negative5': None, 'positive5': None, 'negative6': None, 'positive6': None}",0.0,bid
2026-09-25,19,2026-09-25T08:00:00Z,2026-09-26T08:44:22Z,T_LKSDB-1,T,Lakeside Energy Storage Ltd,LKSDB-1,"{'negative1': 0.0, 'positive1': 0.0, 'negative2': 0.0, 'positive2': 0.0, 'negative3': None, 'positive3': None, 'negative4': None, 'positive4': None, 'negative5': None, 'positive5': None, 'negative6': None, 'positive6': None}",0.0,bid
2026-09-25,22,2026-09-25T09:30:00Z,2026-09-26T10:14:28Z,T_LKSDB-1,T,Lakeside Energy Storage Ltd,LKSDB-1,"{'negative1': 0.0, 'positive1': 0.0, 'negative2': 0.0, 'positive2': 0.0, 'negative3': None, 'positive3': 0.0, 'negative4': None, 'positive4': None, 'negative5': None, 'positive5': None, 'negative6': None, 'positive6': None}",0.0,bid
2026-09-25,24,2026-09-25T10:30:00Z,2026-09-26T11:14:22Z,T_LKSDB-1,T,Lakeside Energy Storage Ltd,LKSDB-1,"{'negative1': 0.0, 'positive1': 0.0, 'negative2': 0.0, 'positive2': 0.0, 'negative3': None, 'positive3': 0.0, 'negative4': None, 'positive4': None, 'negative5': None, 'positive5': None, 'negative6': None, 'positive6': None}",0.0,bid
2026-09-25,26,2026-09-25T11:30:00Z,2026-09-26T12:14:21Z,T_LKSDB-1,T,Lakeside Energy Storage Ltd,LKSDB-1,"{'negative1': 0.0, 'positive1': 0.0, 'negative2': 0.0, 'positive2': 0.0, 'negative3': None, 'positive3': 0.0, 'negative4': None, 'positive4': None, 'negative5': None, 'positive5': None, 'negative6': None, 'positive6': None}",0.0,bid
2026-09-25,28,2026-09-25T12:30:00Z,2026-09-26T13:14:27Z,T_LKSDB-1,T,Lakeside Energy Storage Ltd,LKSDB-1,"{'negative1': 0.0, 'positive1': 0.0, 'negative2': 0.0, 'positive2': 0.0, 'negative3': None, 'positive3': 0.0, 'negative4': None, 'positive4': None, 'negative5': None, 'positive5': None, 'negative6': None, 'positive6': None}",0.0,bid
2026-09-25,29,2026-09-25T13:00:00Z,2026-09-26T13:44:34Z,T_LKSDB-1,T,Lakeside Energy Storage Ltd,LKSDB-1,"{'negative1': 0.0, 'positive1': 0.0, 'negative2': 0.0, 'positive2': 0.0, 'negative3': None, 'positive3': 0.0, 'negative4': None, 'positive4': None, 'negative5': None, 'positive5': None, 'negative6': None, 'positive6': None}",0.0,bid
2026-09-25,30,2026-09-25T13:30:00Z,2026-09-26T14:14:30Z,T_LKSDB-1,T,Lakeside Energy Storage Ltd,LKSDB-1,"{'negative1': -72.81176832, 'positive1': 0.0, 'negative2': 0.0, 'positive2': 0.0, 'negative3': None, 'positive3': 0.0, 'negative4': None, 'positive4': None, 'negative5': None, 'positive5': None, 'negative6': None, 'positive6': None}",-72.81176832,bid
2026-09-25,35,2026-09-25T16:00:00Z,2026-09-26T16:44:26Z,T_LKSDB-1,T,Lakeside Energy Storage Ltd,LKSDB-1,"{'negative1': -68.505696, 'positive1': 0.0, 'negative2': 0.0, 'positive2': 0.0, 'negative3': 0.0, 'positive3': None, 'negative4': None, 'positive4': None, 'negative5': None, 'positive5': None, 'negative6': None, 'positive6': None}",-68.505696,bid
2026-09-25,36,2026-09-25T16:30:00Z,2026-09-26T17:14:25Z,T_LKSDB-1,T,Lakeside Energy Storage Ltd,LKSDB-1,"{'negative1': -4738.31064, 'positive1': 0.0, 'negative2': 0.0, 'positive2': 0.0, 'negative3': 0.0, 'positive3': None, 'negative4': None, 'positive4': None, 'negative5': None, 'positive5': None, 'negative6': None, 'positive6': None}",-4738.31064,bid
2026-09-25,37,2026-09-25T17:00:00Z,2026-09-26T17:44:25Z,T_LKSDB-1,T,Lakeside Energy Storage Ltd,LKSDB-1,"{'negative1': -863.1717696, 'positive1': 0.0, 'negative2': 0.0, 'positive2': 0.0, 'negative3': 0.0, 'positive3': None, 'negative4': None, 'positive4': None, 'negative5': None, 'positive5': None, 'negative6': None, 'positive6': None}",-863.1717696,bid
2026-09-25,38,2026-09-25T17:30:00Z,2026-09-26T18:14:20Z,T_LKSDB-1,T,Lakeside Energy Storage Ltd,LKSDB-1,"{'negative1': -21.92182272, 'positive1': 0.0, 'negative2': 0.0, 'positive2': 0.0, 'negative3': 0.0, 'positive3': None, 'negative4': None, 'positive4': None, 'negative5': None, 'positive5': None, 'negative6': None, 'positive6': None}",-21.92182272,bid
2026-09-25,39,2026-09-25T18:00:00Z,2026-09-26T18:44:26Z,T_LKSDB-1,T,Lakeside Energy Storage Ltd,LKSDB-1,"{'negative1': -3017.5943544, 'positive1': 0.0, 'negative2': 0.0, 'positive2': 0.0, 'negative3': 0.0, 'positive3': None, 'negative4': None, 'positive4': None, 'negative5': None, 'positive5': None, 'negative6': None, 'positive6': None}",-3017.5943544,bid
2026-09-25,41,2026-09-25T19:00:00Z,2026-09-26T19:44:24Z,T_LKSDB-1,T,Lakeside Energy Storage Ltd,LKSDB-1,"{'negative1': 0.0, 'positive1': 0.0, 'negative2': 0.0, 'positive2': 0.0, 'negative3': None, 'positive3': None, 'negative4': None, 'positive4': None, 'negative5': None, 'positive5': None, 'negative6': None, 'positive6': None}",0.0,bid
2026-09-25,42,2026-09-25T19:30:00Z,2026-09-26T20:14:25Z,T_LKSDB-1,T,Lakeside Energy Storage Ltd,LKSDB-1,"{'negative1': 0.0, 'positive1': 0.0, 'negative2': 0.0, 'positive2': 0.0, 'negative3': None, 'positive3': None, 'negative4': None, 'positive4': None, 'negative5': None, 'positive5': None, 'negative6': None, 'positive6': None}",0.0,bid
2026-09-25,43,2026-09-25T20:00:00Z,2026-09-26T20:44:26Z,T_LKSDB-1,T,Lakeside Energy Storage Ltd,LKSDB-1,"{'negative1': 0.0, 'positive1': 0.0, 'negative2': 0.0, 'positive2': 0.0, 'negative3': None, 'positive3': None, 'negative4': None, 'positive4': None, 'negative5': None, 'positive5': None, 'negative6': None, 'positive6': None}",0.0,bid
2026-09-25,47,2026-09-25T22:00:00Z,2026-09-26T22:44:33Z,T_LKSDB-1,T,Lakeside Energy Storage Ltd,LKSDB-1,"{'negative1': 0.0, 'positive1': 0.0, 'negative2': 0.0, 'positive2': 0.0, 'negative3': None, 'positive3': None, 'negative4': None, 'positive4': None, 'negative5': None, 'positive5': None, 'negative6': None, 'positive6': None}",0.0,bid
2026-09-25,3,2026-09-25T00:00:00Z,2026-09-26T00:44:37Z,T_LKSDB-1,T,Lakeside Energy Storage Ltd,LKSDB-1,"{'negative1': 0.0, 'positive1': 0.0, 'negative2': 0.0, 'positive2': 0.0, 'negative3': None, 'positive3': 0.0, 'negative4': None, 'positive4': None, 'negative5': None, 'positive5': None, 'negative6': None, 'positive6': None}",0.0,offer
2026-09-25,4,2026-09-25T00:30:00Z,2026-09-26T01:14:34Z,T_LKSDB-1,T,Lakeside Energy Storage Ltd,LKSDB-1,"{'negative1': 0.0, 'positive1': 0.0, 'negative2': 0.0, 'positive2': 0.0, 'negative3': None, 'positive3': 0.0, 'negative4': None, 'positive4': None, 'negative5': None, 'positive5': None, 'negative6': None, 'positive6': None}",0.0,offer
2026-09-25,5,2026-09-25T01:00:00Z,2026-09-26T01:44:29Z,T_LKSDB-1,T,Lakeside Energy Storage Ltd,LKSDB-1,"{'negative1': 0.0, 'positive1': 0.0, 'negative2': 0.0, 'positive2': 0.0, 'negative3': None, 'positive3': 0.0, 'negative4': None, 'positive4': None, 'negative5': None, 'positive5': None, 'negative6': None, 'positive6': None}",0.0,offer
2026-09-25,14,2026-09-25T05:30:00Z,2026-09-26T06:14:52Z,T_LKSDB-1,T,Lakeside Energy Storage Ltd,LKSDB-1,"{'negative1': 0.0, 'positive1': 0.0, 'negative2': 0.0, 'positive2': 0.0, 'negative3': None, 'positive3': None, 'negative4': None, 'positive4': None, 'negative5': None, 'positive5': None, 'negative6': None, 'positive6': None}",0.0,offer
2026-09-25,16,2026-09-25T06:30:00Z,2026-09-26T07:14:22Z,T_LKSDB-1,T,Lakeside Energy Storage Ltd,LKSDB-1,"{'negative1': 0.0, 'positive1': 0.0, 'negative2': 0.0, 'positive2': 0.0, 'negative3': 0.0, 'positive3': None, 'negative4': None, 'positive4': None, 'negative5': None, 'positive5': None, 'negative6': None, 'positive6': None}",0.0,offer
2026-09-25,17,2026-09-25T07:00:00Z,2026-09-26T07:44:21Z,T_LKSDB-1,T,Lakeside Energy Storage Ltd,LKSDB-1,"{'negative1': 0.0, 'positive1': 67.0188777336, 'negative2': 0.0, 'positive2': 0.0, 'negative3': None, 'positive3': None, 'negative4': None, 'positive4': None, 'negative5': None, 'positive5': None, 'negative6': None, 'positive6': None}",67.0188777336,offer
2026-09-25,18,2026-09-25T07:30:00Z,2026-09-26T08:14:22Z,T_LKSDB-1,T,Lakeside Energy Storage Ltd,LKSDB-1,"{'negative1': 0.0, 'positive1': 15.4658948616, 'negative2': 0.0, 'positive2': 0.0, 'negative3': None, 'positive3': None, 'negative4': None, 'positive4': None, 'negative5': None, 'positive5': None, 'negative6': None, 'positive6': None}",15.4658948616,offer
2026-09-25,19,2026-09-25T08:00:00Z,2026-09-26T08:44:22Z,T_LKSDB-1,T,Lakeside Energy Storage Ltd,LKSDB-1,"{'negative1': 0.0, 'positive1': 613.81103616, 'negative2': 0.0, 'positive2': 0.0, 'negative3': None, 'positive3': None, 'negative4': None, 'positive4': None, 'negative5': None, 'positive5': None, 'negative6': None, 'positive6': None}",613.81103616,offer
2026-09-25,22,2026-09-25T09:30:00Z,2026-09-26T10:14:28Z,T_LKSDB-1,T,Lakeside Energy Storage Ltd,LKSDB-1,"{'negative1': 0.0, 'positive1': 1759.943952, 'negative2': 0.0, 'positive2': 0.0, 'negative3': None, 'positive3': 0.0, 'negative4': None, 'positive4': None, 'negative5': None, 'positive5': None, 'negative6': None, 'positive6': None}",1759.943952,offer
2026-09-25,24,2026-09-25T10:30:00Z,2026-09-26T11:14:22Z,T_LKSDB-1,T,Lakeside Energy Storage Ltd,LKSDB-1,"{'negative1': 0.0, 'positive1': 2870.71488, 'negative2': 0.0, 'positive2': 0.0, 'negative3': None, 'positive3': 0.0, 'negative4': None, 'positive4': None, 'negative5': None, 'positive5': None, 'negative6': None, 'positive6': None}",2870.71488,offer
2026-09-25,26,2026-09-25T11:30:00Z,2026-09-26T12:14:21Z,T_LKSDB-1,T,Lakeside Energy Storage Ltd,LKSDB-1,"{'negative1': 0.0, 'positive1': 755.231259024, 'negative2': 0.0, 'positive2': 0.0, 'negative3': None, 'positive3': 0.0, 'negative4': None, 'positive4': None, 'negative5': None, 'positive5': None, 'negative6': None, 'positive6': None}",755.231259024,offer
2026-09-25,28,2026-09-25T12:30:00Z,2026-09-26T13:14:27Z,T_LKSDB-1,T,Lakeside Energy Storage Ltd,LKSDB-1,"{'negative1': 0.0, 'positive1': 310.9669272, 'negative2': 0.0, 'positive2': 0.0, 'negative3': None, 'positive3': 0.0, 'negative4': None, 'positive4': None, 'negative5': None, 'positive5': None, 'negative6': None, 'positive6': None}",310.9669272,offer
2026-09-25,29,2026-09-25T13:00:00Z,2026-09-26T13:44:34Z,T_LKSDB-1,T,Lakeside Energy Storage Ltd,LKSDB-1,"{'negative1': 0.0, 'positive1': 2761.2688752, 'negative2': 0.0, 'positive2': 0.0, 'negative3': None, 'positive3': 0.0, 'negative4': None, 'positive4': None, 'negative5': None, 'positive5': None, 'negative6': None, 'positive6': None}",2761.2688752,offer
2026-09-25,30,2026-09-25T13:30:00Z,2026-09-26T14:14:30Z,T_LKSDB-1,T,Lakeside Energy Storage Ltd,LKSDB-1,"{'negative1': 0.0, 'positive1': 0.0, 'negative2': 0.0, 'positive2': 0.0, 'negative3': None, 'positive3': 0.0, 'negative4': None, 'positive4': None, 'negative5': None, 'positive5': None, 'negative6': None, 'positive6': None}",0.0,offer
2026-09-25,35,2026-09-25T16:00:00Z,2026-09-26T16:44:26Z,T_LKSDB-1,T,Lakeside Energy Storage Ltd,LKSDB-1,"{'negative1': 0.0, 'positive1': 0.0, 'negative2': 0.0, 'positive2': 0.0, 'negative3': 0.0, 'positive3': None, 'negative4': None, 'positive4': None, 'negative5': None, 'positive5': None, 'negative6': None, 'positive6': None}",0.0,offer
2026-09-25,36,2026-09-25T16:30:00Z,2026-09-26T17:14:25Z,T_LKSDB-1,T,Lakeside Energy Storage Ltd,LKSDB-1,"{'negative1': 0.0, 'positive1': 0.0, 'negative2': 0.0, 'positive2': 0.0, 'negative3': 0.0, 'positive3': None, 'negative4': None, 'positive4': None, 'negative5': None, 'positive5': None, 'negative6': None, 'positive6': None}",0.0,offer
2026-09-25,37,2026-09-25T17:00:00Z,2026-09-26T17:44:25Z,T_LKSDB-1,T,Lakeside Energy Storage Ltd,LKSDB-1,"{'negative1': 0.0, 'positive1': 0.0, 'negative2': 0.0, 'positive2': 0.0, 'negative3': 0.0, 'positive3': None, 'negative4': None, 'positive4': None, 'negative5': None, 'positive5': None, 'negative6': None, 'positive6': None}",0.0,offer
2026-09-25,38,2026-09-25T17:30:00Z,2026-09-26T18:14:20Z,T_LKSDB-1,T,Lakeside Energy Storage Ltd,LKSDB-1,"{'negative1': 0.0, 'positive1': 1764.70672896, 'negative2': 0.0, 'positive2': 0.0, 'negative3': 0.0, 'positive3': None, 'negative4': None, 'positive4': None, 'negative5': None, 'positive5': None, 'negative6': None, 'positive6': None}",1764.70672896,offer
2026-09-25,39,2026-09-25T18:00:00Z,2026-09-26T18:44:26Z,T_LKSDB-1,T,Lakeside Energy Storage Ltd,LKSDB-1,"{'negative1': 0.0, 'positive1': 0.0, 'negative2': 0.0, 'positive2': 0.0, 'negative3': 0.0, 'positive3': None, 'negative4': None, 'positive4': None, 'negative5': None, 'positive5': None, 'negative6': None, 'positive6': None}",0.0,offer
2026-09-25,41,2026-09-25T19:00:00Z,2026-09-26T19:44:24Z,T_LKSDB-1,T,Lakeside Energy Storage Ltd,LKSDB-1,"{'negative1': 0.0, 'positive1': 376.781328, 'negative2': 0.0, 'positive2': 0.0, 'negative3': None, 'positive3': None, 'negative4': None, 'positive4': None, 'negative5': None, 'positive5': None, 'negative6': None, 'positive6': None}",376.781328,offer
2026-09-25,42,2026-09-25T19:30:00Z,2026-09-26T20:14:25Z,T_LKSDB-1,T,Lakeside Energy Storage Ltd,LKSDB-1,"{'negative1': 0.0, 'positive1': 242.216568, 'negative2': 0.0, 'positive2': 0.0, 'negative3': None, 'positive3': None, 'negative4': None, 'positive4': None, 'negative5': None, 'positive5': None, 'negative6': None, 'positive6': None}",242.216568,offer
2026-09-25,43,2026-09-25T20:00:00Z,2026-09-26T20:44:26Z,T_LKSDB-1,T,Lakeside Energy Storage Ltd,LKSDB-1,"{'negative1': 0.0, 'positive1': 3339.7240401, 'negative2': 0.0, 'positive2': 0.0, 'negative3': None, 'positive3': None, 'negative4': None, 'positive4': None, 'negative5': None, 'positive5': None, 'negative6': None, 'positive6': None}",3339.7240401,offer
2026-09-25,47,2026-09-25T22:00:00Z,2026-09-26T22:44:33Z,T_LKSDB-1,T,Lakeside Energy Storage Ltd,LKSDB-1,"{'negative1': 0.0, 'positive1': 18.00721152, 'negative2': 0.0, 'positive2': 0.0, 'negative3': None, 'positive3': None, 'negative4': None, 'positive4': None, 'negative5': None, 'positive5': None, 'negative6': None, 'positive6': None}",18.00721152,offer
2026-09-26,7,2026-09-26T02:00:00Z,2026-09-27T02:44:30Z,T_LKSDB-1,T,Lakeside Energy Storage Ltd,LKSDB-1,"{'negative1': 0.0, 'positive1': 0.0, 'negative2': 0.0, 'positive2': 0.0, 'negative3': None, 'positive3': None, 'negative4': None, 'positive4': None, 'negative5': None, 'positive5': None, 'negative6': None, 'positive6': None}",0.0,bid
2026-09-26,13,2026-09-26T05:00:00Z,2026-09-27T05:44:21Z,T_LKSDB-1,T,Lakeside Energy Storage Ltd,LKSDB-1,"{'negative1': 0.0, 'positive1': 0.0, 'negative2': 0.0, 'positive2': 0.0, 'negative3': None, 'positive3': None, 'negative4': None, 'positive4': None, 'negative5': None, 'positive5': None, 'negative6': None, 'positive6': None}",0.0,bid
2026-09-26,14,2026-09-26T05:30:00Z,2026-09-27T06:14:22Z,T_LKSDB-1,T,Lakeside Energy Storage Ltd,LKSDB-1,"{'negative1': 0.0, 'positive1': 0.0, 'negative2': 0.0, 'positive2': 0.0, 'negative3': None, 'positive3': None, 'negative4': None, 'positive4': None, 'negative5': None, 'positive5': None, 'negative6': None, 'positive6': None}",0.0,bid
2026-09-26,15,2026-09-26T06:00:00Z,2026-09-27T06:44:27Z,T_LKSDB-1,T,Lakeside Energy Storage Ltd,LKSDB-1,"{'negative1': 0.0, 'positive1': 0.0, 'negative2': 0.0, 'positive2': 0.0, 'negative3': None, 'positive3': None, 'negative4': None, 'positive4': None, 'negative5': None, 'positive5': None, 'negative6': None, 'positive6': None}",0.0,bid
2026-09-26,25,2026-09-26T11:00:00Z,2026-09-27T11:44:26Z,T_LKSDB-1,T,Lakeside Energy Storage Ltd,LKSDB-1,"{'negative1': 1.94099472, 'positive1': 0.0, 'negative2': 0.0, 'positive2': 0.0, 'negative3': None, 'positive3': 0.0, 'negative4': None, 'positive4': None, 'negative5': None, 'positive5': None, 'negative6': None, 'positive6': None}",1.94099472,bid
2026-09-26,26,2026-09-26T11:30:00Z,2026-09-27T12:14:25Z,T_LKSDB-1,T,Lakeside Energy Storage Ltd,LKSDB-1,"{'negative1': 6.2796888, 'positive1': 0.0, 'negative2': 0.0, 'positive2': 0.0, 'negative3': None, 'positive3': 0.0, 'negative4': None, 'positive4': None, 'negative5': None, 'positive5': None, 'negative6': None, 'positive6': None}",6.2796888,bid
2026-09-26,27,2026-09-26T12:00:00Z,2026-09-27T12:44:26Z,T_LKSDB-1,T,Lakeside Energy Storage Ltd,LKSDB-1,"{'negative1': -0.025281863999999998, 'positive1': 0.0, 'negative2': 0.0, 'positive2': 0.0, 'negative3': None, 'positive3': 0.0, 'negative4': None, 'positive4': None, 'negative5': None, 'positive5': None, 'negative6': None, 'positive6': None}",-0.025281863999999998,bid
2026-09-26,29,2026-09-26T13:00:00Z,2026-09-27T13:44:22Z,T_LKSDB-1,T,Lakeside Energy Storage Ltd,LKSDB-1,"{'negative1': -55.58747904, 'positive1': 0.0, 'negative2': 0.0, 'positive2': 0.0, 'negative3': None, 'positive3': 0.0, 'negative4': None, 'positive4': None, 'negative5': None, 'positive5': None, 'negative6': None, 'positive6': None}",-55.58747904,bid
2026-09-26,30,2026-09-26T13:30:00Z,2026-09-27T14:14:31Z,T_LKSDB-1,T,Lakeside Energy Storage Ltd,LKSDB-1,"{'negative1': -301.31088624, 'positive1': 0.0, 'negative2': 0.0, 'positive2': 0.0, 'negative3': None, 'positive3': 0.0, 'negative4': None, 'positive4': None, 'negative5': None, 'positive5': None, 'negative6': None, 'positive6': None}",-301.31088624,bid
2026-09-26,31,2026-09-26T14:00:00Z,2026-09-27T14:44:32Z,T_LKSDB-1,T,Lakeside Energy Storage Ltd,LKSDB-1,"{'negative1': -217.526788944, 'positive1': 0.0, 'negative2': 0.0, 'positive2': 0.0, 'negative3': None, 'positive3': 0.0, 'negative4': None, 'positive4': None, 'negative5': None, 'positive5': None, 'negative6': None, 'positive6': None}",-217.526788944,bid
2026-09-26,32,2026-09-26T14:30:00Z,2026-09-27T15:14:49Z,T_LKSDB-1,T,Lakeside Energy Storage Ltd,LKSDB-1,"{'negative1': -1593.0020952, 'positive1': 0.0, 'negative2': 0.0, 'positive2': 0.0, 'negative3': None, 'positive3': None, 'negative4': None, 'positive4': None, 'negative5': None, 'positive5': None, 'negative6': None, 'positive6': None}",-1593.0020952,bid
2026-09-26,35,2026-09-26T16:00:00Z,2026-09-27T16:44:37Z,T_LKSDB-1,T,Lakeside Energy Storage Ltd,LKSDB-1,"{'negative1': -132.118128, 'positive1': 0.0, 'negative2': 0.0, 'positive2': 0.0, 'negative3': 0.0, 'positive3': None, 'negative4': None, 'positive4': None, 'negative5': None, 'positive5': None, 'negative6': None, 'positive6': None}",-132.118128,bid
2026-09-26,7,2026-09-26T02:00:00Z,2026-09-27T02:44:30Z,T_LKSDB-1,T,Lakeside Energy Storage Ltd,LKSDB-1,"{'negative1': 0.0, 'positive1': 699.736752, 'negative2': 0.0, 'positive2': 0.0, 'negative3': None, 'positive3': None, 'negative4': None, 'positive4': None, 'negative5': None, 'positive5': None, 'negative6': None, 'positive6': None}",699.736752,offer
2026-09-26,13,2026-09-26T05:00:00Z,2026-09-27T05:44:21Z,T_LKSDB-1,T,Lakeside Energy Storage Ltd,LKSDB-1,"{'negative1': 0.0, 'positive1': 27.0352836, 'negative2': 0.0, 'positive2': 0.0, 'negative3': None, 'positive3': None, 'negative4': None, 'positive4': None, 'negative5': None, 'positive5': None, 'negative6': None, 'positive6': None}",27.0352836,offer
2026-09-26,14,2026-09-26T05:30:00Z,2026-09-27T06:14:22Z,T_LKSDB-1,T,Lakeside Energy Storage Ltd,LKSDB-1,"{'negative1': 0.0, 'positive1': 691.785198, 'negative2': 0.0, 'positive2': 0.0, 'negative3': None, 'positive3': None, 'negative4': None, 'positive4': None, 'negative5': None, 'positive5': None, 'negative6': None, 'positive6': None}",691.785198,offer
2026-09-26,15,2026-09-26T06:00:00Z,2026-09-27T06:44:27Z,T_LKSDB-1,T,Lakeside Energy Storage Ltd,LKSDB-1,"{'negative1': 0.0, 'positive1': 938.283372, 'negative2': 0.0, 'positive2': 0.0, 'negative3': None, 'positive3': None, 'negative4': None, 'positive4': None, 'negative5': None, 'positive5': None, 'negative6': None, 'positive6': None}",938.283372,offer
2026-09-26,25,2026-09-26T11:00:00Z,2026-09-27T11:44:26Z,T_LKSDB-1,T,Lakeside Energy Storage Ltd,LKSDB-1,"{'negative1': 0.0, 'positive1': 0.0, 'negative2': 0.0, 'positive2': 0.0, 'negative3': None, 'positive3': 0.0, 'negative4': None, 'positive4': None, 'negative5': None, 'positive5': None, 'negative6': None, 'positive6': None}",0.0,offer
2026-09-26,26,2026-09-26T11:30:00Z,2026-09-27T12:14:25Z,T_LKSDB-1,T,Lakeside Energy Storage Ltd,LKSDB-1,"{'negative1': 0.0, 'positive1': 0.0, 'negative2': 0.0, 'positive2': 0.0, 'negative3': None, 'positive3': 0.0, 'negative4': None, 'positive4': None, 'negative5': None, 'positive5': None, 'negative6': None, 'positive6': None}",0.0,offer
2026-09-26,27,2026-09-26T12:00:00Z,2026-09-27T12:44:26Z,T_LKSDB-1,T,Lakeside Energy Storage Ltd,LKSDB-1,"{'negative1': 0.0, 'positive1': 0.0, 'negative2': 0.0, 'positive2': 0.0, 'negative3': None, 'positive3': 0.0, 'negative4': None, 'positive4': None, 'negative5': None, 'positive5': None, 'negative6': None, 'positive6': None}",0.0,offer
2026-09-26,29,2026-09-26T13:00:00Z,2026-09-27T13:44:22Z,T_LKSDB-1,T,Lakeside Energy Storage Ltd,LKSDB-1,"{'negative1': 0.0, 'positive1': 0.0, 'negative2': 0.0, 'positive2': 0.0, 'negative3': None, 'positive3': 0.0, 'negative4': None, 'positive4': None, 'negative5': None, 'positive5': None, 'negative6': None, 'positive6': None}",0.0,offer
2026-09-26,30,2026-09-26T13:30:00Z,2026-09-27T14:14:31Z,T_LKSDB-1,T,Lakeside Energy Storage Ltd,LKSDB-1,"{'negative1': 0.0, 'positive1': 0.0, 'negative2': 0.0, 'positive2': 0.0, 'negative3': None, 'positive3': 0.0, 'negative4': None, 'positive4': None, 'negative5': None, 'positive5': None, 'negative6': None, 'positive6': None}",0.0,offer
2026-09-26,31,2026-09-26T14:00:00Z,2026-09-27T14:44:32Z,T_LKSDB-1,T,Lakeside Energy Storage Ltd,LKSDB-1,"{'negative1': 0.0, 'positive1': 0.0, 'negative2': 0.0, 'positive2': 0.0, 'negative3': None, 'positive3': 0.0, 'negative4': None, 'positive4': None, 'negative5': None, 'positive5': None, 'negative6': None, 'positive6': None}",0.0,offer
2026-09-26,32,2026-09-26T14:30:00Z,2026-09-27T15:14:49Z,T_LKSDB-1,T,Lakeside Energy Storage Ltd,LKSDB-1,"{'negative1': 0.0, 'positive1': 0.0, 'negative2': 0.0, 'positive2': 0.0, 'negative3': None, 'positive3': None, 'negative4': None, 'positive4': None, 'negative5': None, 'positive5': None, 'negative6': None, 'positive6': None}",0.0,offer
2026-09-26,35,2026-09-26T16:00:00Z,2026-09-27T16:44:37Z,T_LKSDB-1,T,Lakeside Energy Storage Ltd,LKSDB-1,"{'negative1': 0.0, 'positive1': 0.0, 'negative2': 0.0, 'positive2': 0.0, 'negative3': 0.0, 'positive3': None, 'negative4': None, 'positive4': None, 'negative5': None, 'positive5': None, 'negative6': None, 'positive6': None}",0.0,offer
2026-09-27,7,2026-09-27T02:00:00Z,2026-09-28T02:44:40Z,T_LKSDB-1,T,Lakeside Energy Storage Ltd,LKSDB-1,"{'negative1': 0.0, 'positive1': 0.0, 'negative2': 0.0, 'positive2': 0.0, 'negative3': None, 'positive3': None, 'negative4': None, 'positive4': None, 'negative5': None, 'positive5': None, 'negative6': None, 'positive6': None}",0.0,bid
2026-09-27,14,2026-09-27T05:30:00Z,2026-09-28T06:14:27Z,T_LKSDB-1,T,Lakeside Energy Storage Ltd,LKSDB-1,"{'negative1': 0.0, 'positive1': 0.0, 'negative2': 0.0, 'positive2': 0.0, 'negative3': None, 'positive3': None, 'negative4': None, 'positive4': None, 'negative5': None, 'positive5': None, 'negative6': None, 'positive6': None}",0.0,bid
2026-09-27,15,2026-09-27T06:00:00Z,2026-09-28T06:44:38Z,T_LKSDB-1,T,Lakeside Energy Storage Ltd,LKSDB-1,"{'negative1': 0.0, 'positive1': 0.0, 'negative2': 0.0, 'positive2': 0.0, 'negative3': None, 'positive3': None, 'negative4': None, 'positive4': None, 'negative5': None, 'positive5': None, 'negative6': None, 'positive6': None}",0.0,bid
2026-09-27,21,2026-09-27T09:00:00Z,2026-09-28T09:44:49Z,T_LKSDB-1,T,Lakeside Energy Storage Ltd,LKSDB-1,"{'negative1': 0.0, 'positive1': 0.0, 'negative2': 0.0, 'positive2': 0.0, 'negative3': None, 'positive3': 0.0, 'negative4': None, 'positive4': None, 'negative5': None, 'positive5': None, 'negative6': None, 'positive6': None}",0.0,bid
2026-09-27,22,2026-09-27T09:30:00Z,2026-09-28T10:15:12Z,T_LKSDB-1,T,Lakeside Energy Storage Ltd,LKSDB-1,"{'negative1': 0.0, 'positive1': 0.0, 'negative2': 0.0, 'positive2': 0.0, 'negative3': None, 'positive3': 0.0, 'negative4': None, 'positive4': None, 'negative5': None, 'positive5': None, 'negative6': None, 'positive6': None}",0.0,bid
2026-09-27,23,2026-09-27T10:00:00Z,2026-09-28T10:45:28Z,T_LKSDB-1,T,Lakeside Energy Storage Ltd,LKSDB-1,"{'negative1': 0.0, 'positive1': 0.0, 'negative2': 0.0, 'positive2': 0.0, 'negative3': None, 'positive3': 0.0, 'negative4': None, 'positive4': None, 'negative5': None, 'positive5': None, 'negative6': None, 'positive6': None}",0.0,bid
2026-09-27,24,2026-09-27T10:30:00Z,2026-09-28T11:14:27Z,T_LKSDB-1,T,Lakeside Energy Storage Ltd,LKSDB-1,"{'negative1': 0.0, 'positive1': 0.0, 'negative2': 0.0, 'positive2': 0.0, 'negative3': None, 'positive3': 0.0, 'negative4': None, 'positive4': None, 'negative5': None, 'positive5': None, 'negative6': None, 'positive6': None}",0.0,bid
2026-09-27,25,2026-09-27T11:00:00Z,2026-09-28T11:44:25Z,T_LKSDB-1,T,Lakeside Energy Storage Ltd,LKSDB-1,"{'negative1': 0.0, 'positive1': 0.0, 'negative2': 0.0, 'positive2': 0.0, 'negative3': None, 'positive3': 0.0, 'negative4': None, 'positive4': None, 'negative5': None, 'positive5': None, 'negative6': None, 'positive6': None}",0.0,bid
2026-09-27,26,2026-09-27T11:30:00Z,2026-09-28T12:14:22Z,T_LKSDB-1,T,Lakeside Energy Storage Ltd,LKSDB-1,"{'negative1': 0.0, 'positive1': 0.0, 'negative2': 0.0, 'positive2': 0.0, 'negative3': None, 'positive3': 0.0, 'negative4': None, 'positive4': None, 'negative5': None, 'positive5': None, 'negative6': None, 'positive6': None}",0.0,bid
2026-09-27,27,2026-09-27T12:00:00Z,2026-09-28T12:44:29Z,T_LKSDB-1,T,Lakeside Energy Storage Ltd,LKSDB-1,"{'negative1': 0.0, 'positive1': 0.0, 'negative2': 0.0, 'positive2': 0.0, 'negative3': None, 'positive3': None, 'negative4': None, 'positive4': None, 'negative5': None, 'positive5': None, 'negative6': None, 'positive6': None}",0.0,bid
2026-09-27,28,2026-09-27T12:30:00Z,2026-09-28T13:14:50Z,T_LKSDB-1,T,Lakeside Energy Storage Ltd,LKSDB-1,"{'negative1': 0.0, 'positive1': 0.0, 'negative2': 0.0, 'positive2': 0.0, 'negative3': None, 'positive3': 0.0, 'negative4': None, 'positive4': None, 'negative5': None, 'positive5': None, 'negative6': None, 'positive6': None}",0.0,bid
2026-09-27,29,2026-09-27T13:00:00Z,2026-09-28T13:44:24Z,T_LKSDB-1,T,Lakeside Energy Storage Ltd,LKSDB-1,"{'negative1': 0.0, 'positive1': 0.0, 'negative2': 0.0, 'positive2': 0.0, 'negative3': None, 'positive3': None, 'negative4': None, 'positive4': None, 'negative5': None, 'positive5': None, 'negative6': None, 'positive6': None}",0.0,bid
2026-09-27,32,2026-09-27T14:30:00Z,2026-09-28T15:14:29Z,T_LKSDB-1,T,Lakeside Energy Storage Ltd,LKSDB-1,"{'negative1': 0.0, 'positive1': 0.0, 'negative2': 0.0, 'positive2': 0.0, 'negative3': None, 'positive3': 0.0, 'negative4': None, 'positive4': None, 'negative5': None, 'positive5': None, 'negative6': None, 'positive6': None}",0.0,bid
2026-09-27,33,2026-09-27T15:00:00Z,2026-09-28T15:44:37Z,T_LKSDB-1,T,Lakeside Energy Storage Ltd,LKSDB-1,"{'negative1': 0.0, 'positive1': 0.0, 'negative2': 0.0, 'positive2': 0.0, 'negative3': None, 'positive3': 0.0, 'negative4': None, 'positive4': None, 'negative5': None, 'positive5': None, 'negative6': None, 'positive6': None}",0.0,bid
2026-09-27,35,2026-09-27T16:00:00Z,2026-09-28T16:44:26Z,T_LKSDB-1,T,Lakeside Energy Storage Ltd,LKSDB-1,"{'negative1': 0.0, 'positive1': 0.0, 'negative2': 0.0, 'positive2': 0.0, 'negative3': None, 'positive3': None, 'negative4': None, 'positive4': None, 'negative5': None, 'positive5': None, 'negative6': None, 'positive6': None}",0.0,bid
2026-09-27,36,2026-09-27T16:30:00Z,2026-09-28T17:14:24Z,T_LKSDB-1,T,Lakeside Energy Storage Ltd,LKSDB-1,"{'negative1': 0.0, 'positive1': 0.0, 'negative2': 0.0, 'positive2': 0.0, 'negative3': None, 'positive3': None, 'negative4': None, 'positive4': None, 'negative5': None, 'positive5': None, 'negative6': None, 'positive6': None}",0.0,bid
2026-09-27,39,2026-09-27T18:00:00Z,2026-09-28T18:44:28Z,T_LKSDB-1,T,Lakeside Energy Storage Ltd,LKSDB-1,"{'negative1': -2083.91065056, 'positive1': 0.0, 'negative2': 0.0, 'positive2': 0.0, 'negative3': 0.0, 'positive3': None, 'negative4': None, 'positive4': None, 'negative5': None, 'positive5': None, 'negative6': None, 'positive6': None}",-2083.91065056,bid
2026-09-27,45,2026-09-27T21:00:00Z,2026-09-28T21:44:31Z,T_LKSDB-1,T,Lakeside Energy Storage Ltd,LKSDB-1,"{'negative1': 0.0, 'positive1': 0.0, 'negative2': 0.0, 'positive2': 0.0, 'negative3': None, 'positive3': None, 'negative4': None, 'positive4': None, 'negative5': None, 'positive5': None, 'negative6': None, 'positive6': None}",0.0,bid
2026-09-27,46,2026-09-27T21:30:00Z,2026-09-28T22:14:27Z,T_LKSDB-1,T,Lakeside Energy Storage Ltd,LKSDB-1,"{'negative1': 0.0, 'positive1': 0.0, 'negative2': 0.0, 'positive2': -0.000332480977920038, 'negative3': None, 'positive3': 0.0, 'negative4': None, 'positive4': None, 'negative5': None, 'positive5': None, 'negative6': None, 'positive6': None}",-0.000332480977920038,bid
2026-09-27,47,2026-09-27T22:00:00Z,2026-09-28T22:44:30Z,T_LKSDB-1,T,Lakeside Energy Storage Ltd,LKSDB-1,"{'negative1': 0.0, 'positive1': 0.0, 'negative2': 0.0, 'positive2': 0.0, 'negative3': None, 'positive3': 0.0, 'negative4': None, 'positive4': None, 'negative5': None, 'positive5': None, 'negative6': None, 'positive6': None}",0.0,bid
2026-09-27,48,2026-09-27T22:30:00Z,2026-09-28T23:14:34Z,T_LKSDB-1,T,Lakeside Energy Storage Ltd,LKSDB-1,"{'negative1': -4.732601832, 'positive1': 0.0, 'negative2': 0.0, 'positive2': 0.0, 'negative3': None, 'positive3': None, 'negative4': None, 'positive4': None, 'negative5': None, 'positive5': None, 'negative6': None, 'positive6': None}",-4.732601832,bid
2026-09-27,7,2026-09-27T02:00:00Z,2026-09-28T02:44:40Z,T_LKSDB-1,T,Lakeside Energy Storage Ltd,LKSDB-1,"{'negative1': 0.0, 'positive1': 632.2097088, 'negative2': 0.0, 'positive2': 0.0, 'negative3': None, 'positive3': None, 'negative4': None, 'positive4': None, 'negative5': None, 'positive5': None, 'negative6': None, 'positive6': None}",632.2097088,offer
2026-09-27,14,2026-09-27T05:30:00Z,2026-09-28T06:14:27Z,T_LKSDB-1,T,Lakeside Energy Storage Ltd,LKSDB-1,"{'negative1': 0.0, 'positive1': 693.620172, 'negative2': 0.0, 'positive2': 0.0, 'negative3': None, 'positive3': None, 'negative4': None, 'positive4': None, 'negative5': None, 'positive5': None, 'negative6': None, 'positive6': None}",693.620172,offer
2026-09-27,15,2026-09-27T06:00:00Z,2026-09-28T06:44:38Z,T_LKSDB-1,T,Lakeside Energy Storage Ltd,LKSDB-1,"{'negative1': 0.0, 'positive1': 488.103084, 'negative2': 0.0, 'positive2': 0.0, 'negative3': None, 'positive3': None, 'negative4': None, 'positive4': None, 'negative5': None, 'positive5': None, 'negative6': None, 'positive6': None}",488.103084,offer
2026-09-27,21,2026-09-27T09:00:00Z,2026-09-28T09:44:49Z,T_LKSDB-1,T,Lakeside Energy Storage Ltd,LKSDB-1,"{'negative1': 0.0, 'positive1': 120.29274, 'negative2': 0.0, 'positive2': 0.0, 'negative3': None, 'positive3': 0.0, 'negative4': None, 'positive4': None, 'negative5': None, 'positive5': None, 'negative6': None, 'positive6': None}",120.29274,offer
2026-09-27,22,2026-09-27T09:30:00Z,2026-09-28T10:15:12Z,T_LKSDB-1,T,Lakeside Energy Storage Ltd,LKSDB-1,"{'negative1': 0.0, 'positive1': 122.3316, 'negative2': 0.0, 'positive2': 0.0, 'negative3': None, 'positive3': 0.0, 'negative4': None, 'positive4': None, 'negative5': None, 'positive5': None, 'negative6': None, 'positive6': None}",122.3316,offer
2026-09-27,23,2026-09-27T10:00:00Z,2026-09-28T10:45:28Z,T_LKSDB-1,T,Lakeside Energy Storage Ltd,LKSDB-1,"{'negative1': 0.0, 'positive1': 1071.96734448, 'negative2': 0.0, 'positive2': 0.0, 'negative3': None, 'positive3': 0.0, 'negative4': None, 'positive4': None, 'negative5': None, 'positive5': None, 'negative6': None, 'positive6': None}",1071.96734448,offer
2026-09-27,24,2026-09-27T10:30:00Z,2026-09-28T11:14:27Z,T_LKSDB-1,T,Lakeside Energy Storage Ltd,LKSDB-1,"{'negative1': 0.0, 'positive1': 1030.5213984, 'negative2': 0.0, 'positive2': 0.0, 'negative3': None, 'positive3': 0.0, 'negative4': None, 'positive4': None, 'negative5': None, 'positive5': None, 'negative6': None, 'positive6': None}",1030.5213984,offer
2026-09-27,25,2026-09-27T11:00:00Z,2026-09-28T11:44:25Z,T_LKSDB-1,T,Lakeside Energy Storage Ltd,LKSDB-1,"{'negative1': 0.0, 'positive1': 990.827240832, 'negative2': 0.0, 'positive2': 0.0, 'negative3': None, 'positive3': 0.0, 'negative4': None, 'positive4': None, 'negative5': None, 'positive5': None, 'negative6': None, 'positive6': None}",990.827240832,offer
2026-09-27,26,2026-09-27T11:30:00Z,2026-09-28T12:14:22Z,T_LKSDB-1,T,Lakeside Energy Storage Ltd,LKSDB-1,"{'negative1': 0.0, 'positive1': 232.82150112, 'negative2': 0.0, 'positive2': 0.0, 'negative3': None, 'positive3': 0.0, 'negative4': None, 'positive4': None, 'negative5': None, 'positive5': None, 'negative6': None, 'positive6': None}",232.82150112,offer
2026-09-27,27,2026-09-27T12:00:00Z,2026-09-28T12:44:29Z,T_LKSDB-1,T,Lakeside Energy Storage Ltd,LKSDB-1,"{'negative1': 0.0, 'positive1': 288.50684544, 'negative2': 0.0, 'positive2': 0.0, 'negative3': None, 'positive3': None, 'negative4': None, 'positive4': None, 'negative5': None, 'positive5': None, 'negative6': None, 'positive6': None}",288.50684544,offer
2026-09-27,28,2026-09-27T12:30:00Z,2026-09-28T13:14:50Z,T_LKSDB-1,T,Lakeside Energy Storage Ltd,LKSDB-1,"{'negative1': 0.0, 'positive1': 181.050768, 'negative2': 0.0, 'positive2': 0.0, 'negative3': None, 'positive3': 0.0, 'negative4': None, 'positive4': None, 'negative5': None, 'positive5': None, 'negative6': None, 'positive6': None}",181.050768,offer
2026-09-27,29,2026-09-27T13:00:00Z,2026-09-28T13:44:24Z,T_LKSDB-1,T,Lakeside Energy Storage Ltd,LKSDB-1,"{'negative1': 0.0, 'positive1': 1859.44032, 'negative2': 0.0, 'positive2': 0.0, 'negative3': None, 'positive3': None, 'negative4': None, 'positive4': None, 'negative5': None, 'positive5': None, 'negative6': None, 'positive6': None}",1859.44032,offer
2026-09-27,32,2026-09-27T14:30:00Z,2026-09-28T15:14:29Z,T_LKSDB-1,T,Lakeside Energy Storage Ltd,LKSDB-1,"{'negative1': 0.0, 'positive1': 364.0588416, 'negative2': 0.0, 'positive2': 0.0, 'negative3': None, 'positive3': 0.0, 'negative4': None, 'positive4': None, 'negative5': None, 'positive5': None, 'negative6': None, 'positive6': None}",364.0588416,offer
2026-09-27,33,2026-09-27T15:00:00Z,2026-09-28T15:44:37Z,T_LKSDB-1,T,Lakeside Energy Storage Ltd,LKSDB-1,"{'negative1': 0.0, 'positive1': 1094.86782, 'negative2': 0.0, 'positive2': 0.0, 'negative3': None, 'positive3': 0.0, 'negative4': None, 'positive4': None, 'negative5': None, 'positive5': None, 'negative6': None, 'positive6': None}",1094.86782,offer
2026-09-27,35,2026-09-27T16:00:00Z,2026-09-28T16:44:26Z,T_LKSDB-1,T,Lakeside Energy Storage Ltd,LKSDB-1,"{'negative1': 0.0, 'positive1': 1226.2519584, 'negative2': 0.0, 'positive2': 0.0, 'negative3': None, 'positive3': None, 'negative4': None, 'positive4': None, 'negative5': None, 'positive5': None, 'negative6': None, 'positive6': None}",1226.2519584,offer
2026-09-27,36,2026-09-27T16:30:00Z,2026-09-28T17:14:24Z,T_LKSDB-1,T,Lakeside Energy Storage Ltd,LKSDB-1,"{'negative1': 0.0, 'positive1': 2394.1109664, 'negative2': 0.0, 'positive2': 0.0, 'negative3': None, 'positive3': None, 'negative4': None, 'positive4': None, 'negative5': None, 'positive5': None, 'negative6': None, 'positive6': None}",2394.1109664,offer
2026-09-27,39,2026-09-27T18:00:00Z,2026-09-28T18:44:28Z,T_LKSDB-1,T,Lakeside Energy Storage Ltd,LKSDB-1,"{'negative1': 0.0, 'positive1': 0.0, 'negative2': 0.0, 'positive2': 0.0, 'negative3': 0.0, 'positive3': None, 'negative4': None, 'positive4': None, 'negative5': None, 'positive5': None, 'negative6': None, 'positive6': None}",0.0,offer
2026-09-27,45,2026-09-27T21:00:00Z,2026-09-28T21:44:31Z,T_LKSDB-1,T,Lakeside Energy Storage Ltd,LKSDB-1,"{'negative1': 0.0, 'positive1': 3436.582531032, 'negative2': 0.0, 'positive2': 0.0, 'negative3': None, 'positive3': None, 'negative4': None, 'positive4': None, 'negative5': None, 'positive5': None, 'negative6': None, 'positive6': None}",3436.582531032,offer
2026-09-27,46,2026-09-27T21:30:00Z,2026-09-28T22:14:27Z,T_LKSDB-1,T,Lakeside Energy Storage Ltd,LKSDB-1,"{'negative1': 0.0, 'positive1': 8300.532047512299, 'negative2': 0.0, 'positive2': 266.5816536261816, 'negative3': None, 'positive3': 0.0, 'negative4': None, 'positive4': None, 'negative5': None, 'positive5': None, 'negative6': None, 'positive6': None}",8567.11370113848,offer
2026-09-27,47,2026-09-27T22:00:00Z,2026-09-28T22:44:30Z,T_LKSDB-1,T,Lakeside Energy Storage Ltd,LKSDB-1,"{'negative1': 0.0, 'positive1': 1356.6166668, 'negative2': 0.0, 'positive2': 0.0, 'negative3': None, 'positive3': 0.0, 'negative4': None, 'positive4': None, 'negative5': None, 'positive5': None, 'negative6': None, 'positive6': None}",1356.6166668,offer
2026-09-27,48,2026-09-27T22:30:00Z,2026-09-28T23:14:34Z,T_LKSDB-1,T,Lakeside Energy Storage Ltd,LKSDB-1,"{'negative1': 0.0, 'positive1': 0.0, 'negative2': 0.0, 'positive2': 0.0, 'negative3': None, 'positive3': None, 'negative4': None, 'positive4': None, 'negative5': None, 'positive5': None, 'negative6': None, 'positive6': None}",0.0,offer
2026-09-28,1,2026-09-27T23:00:00Z,2026-09-28T23:44:34Z,T_LKSDB-1,T,Lakeside Energy Storage Ltd,LKSDB-1,"{'negative1': -0.9465203663999999, 'positive1': 0.0, 'negative2': 0.0, 'positive2': 0.0, 'negative3': None, 'positive3': 0.0, 'negative4': None, 'positive4': None, 'negative5': None, 'positive5': None, 'negative6': None, 'positive6': None}",-0.9465203663999999,bid
2026-09-28,2,2026-09-27T23:30:00Z,2026-09-29T00:14:28Z,T_LKSDB-1,T,Lakeside Energy Storage Ltd,LKSDB-1,"{'negative1': 0.0, 'positive1': 0.0, 'negative2': 0.0, 'positive2': 0.0, 'negative3': None, 'positive3': 0.0, 'negative4': None, 'positive4': None, 'negative5': None, 'positive5': None, 'negative6': None, 'positive6': None}",0.0,bid
2026-09-28,3,2026-09-28T00:00:00Z,2026-09-29T00:44:26Z,T_LKSDB-1,T,Lakeside Energy Storage Ltd,LKSDB-1,"{'negative1': 0.0, 'positive1': 0.0, 'negative2': 0.0, 'positive2': 0.0, 'negative3': None, 'positive3': 0.0, 'negative4': None, 'positive4': None, 'negative5': None, 'positive5': None, 'negative6': None, 'positive6': None}",0.0,bid
2026-09-28,5,2026-09-28T01:00:00Z,2026-09-29T01:44:22Z,T_LKSDB-1,T,Lakeside Energy Storage Ltd,LKSDB-1,"{'negative1': 0.0, 'positive1': 0.0, 'negative2': 0.0, 'positive2': 0.0, 'negative3': None, 'positive3': 0.0, 'negative4': None, 'positive4': None, 'negative5': None, 'positive5': None, 'negative6': None, 'positive6': None}",0.0,bid
2026-09-28,8,2026-09-28T02:30:00Z,2026-09-29T03:14:31Z,T_LKSDB-1,T,Lakeside Energy Storage Ltd,LKSDB-1,"{'negative1': -511.2237564, 'positive1': 0.0, 'negative2': 0.0, 'positive2': 0.0, 'negative3': None, 'positive3': None, 'negative4': None, 'positive4': None, 'negative5': None, 'positive5': None, 'negative6': None, 'positive6': None}",-511.2237564,bid
2026-09-28,11,2026-09-28T04:00:00Z,2026-09-29T04:44:51Z,T_LKSDB-1,T,Lakeside Energy Storage Ltd,LKSDB-1,"{'negative1': -1510.2454202352, 'positive1': 0.0, 'negative2': 0.0, 'positive2': 0.0, 'negative3': None, 'positive3': None, 'negative4': None, 'positive4': None, 'negative5': None, 'positive5': None, 'negative6': None, 'positive6': None}",-1510.2454202352,bid
2026-09-28,13,2026-09-28T05:00:00Z,2026-09-29T05:44:32Z,T_LKSDB-1,T,Lakeside Energy Storage Ltd,LKSDB-1,"{'negative1': -432.1417595904, 'positive1': 0.0, 'negative2': 0.0, 'positive2': 0.0, 'negative3': None, 'positive3': None, 'negative4': None, 'positive4': None, 'negative5': None, 'positive5': None, 'negative6': None, 'positive6': None}",-432.1417595904,bid
2026-09-28,14,2026-09-28T05:30:00Z,2026-09-29T06:14:24Z,T_LKSDB-1,T,Lakeside Energy Storage Ltd,LKSDB-1,"{'negative1': -2032.671652128, 'positive1': 0.0, 'negative2': 0.0, 'positive2': 0.0, 'negative3': None, 'positive3': None, 'negative4': None, 'positive4': None, 'negative5': None, 'positive5': None, 'negative6': None, 'positive6': None}",-2032.671652128,bid
2026-09-28,15,2026-09-28T06:00:00Z,2026-09-29T06:44:30Z,T_LKSDB-1,T,Lakeside Energy Storage Ltd,LKSDB-1,"{'negative1': -4521.7718010576, 'positive1': 0.0, 'negative2': 0.0, 'positive2': 0.0, 'negative3': 0.0, 'positive3': None, 'negative4': None, 'positive4': None, 'negative5': None, 'positive5': None, 'negative6': None, 'positive6': None}",-4521.7718010576,bid
2026-09-28,16,2026-09-28T06:30:00Z,2026-09-29T07:14:23Z,T_LKSDB-1,T,Lakeside Energy Storage Ltd,LKSDB-1,"{'negative1': -4564.1029385952, 'positive1': 0.0, 'negative2': 0.0, 'positive2': 0.0, 'negative3': 0.0, 'positive3': None, 'negative4': None, 'positive4': None, 'negative5': None, 'positive5': None, 'negative6': None, 'positive6': None}",-4564.1029385952,bid
2026-09-28,17,2026-09-28T07:00:00Z,2026-09-29T07:44:26Z,T_LKSDB-1,T,Lakeside Energy Storage Ltd,LKSDB-1,"{'negative1': -313.2661088448, 'positive1': 0.0, 'negative2': 0.0, 'positive2': 0.0, 'negative3': 0.0, 'positive3': None, 'negative4': None, 'positive4': None, 'negative5': None, 'positive5': None, 'negative6': None, 'positive6': None}",-313.2661088448,bid
2026-09-28,18,2026-09-28T07:30:00Z,2026-09-29T08:14:22Z,T_LKSDB-1,T,Lakeside Energy Storage Ltd,LKSDB-1,"{'negative1': -203.390149248, 'positive1': 0.0, 'negative2': 0.0, 'positive2': 0.0, 'negative3': 0.0, 'positive3': None, 'negative4': None, 'positive4': None, 'negative5': None, 'positive5': None, 'negative6': None, 'positive6': None}",-203.390149248,bid
2026-09-28,20,2026-09-28T08:30:00Z,2026-09-29T09:14:35Z,T_LKSDB-1,T,Lakeside Energy Storage Ltd,LKSDB-1,"{'negative1': -122.229657, 'positive1': 0.0, 'negative2': 0.0, 'positive2': 0.0, 'negative3': None, 'positive3': None, 'negative4': None, 'positive4': None, 'negative5': None, 'positive5': None, 'negative6': None, 'positive6': None}",-122.229657,bid
2026-09-28,21,2026-09-28T09:00:00Z,2026-09-29T09:44:35Z,T_LKSDB-1,T,Lakeside Energy Storage Ltd,LKSDB-1,"{'negative1': -195.5674512, 'positive1': 0.0, 'negative2': 0.0, 'positive2': 0.0, 'negative3': None, 'positive3': None, 'negative4': None, 'positive4': None, 'negative5': None, 'positive5': None, 'negative6': None, 'positive6': None}",-195.5674512,bid
2026-09-28,22,2026-09-28T09:30:00Z,2026-09-29T10:14:34Z,T_LKSDB-1,T,Lakeside Energy Storage Ltd,LKSDB-1,"{'negative1': -28.357280424, 'positive1': 0.0, 'negative2': 0.0, 'positive2': 0.0, 'negative3': None, 'positive3': None, 'negative4': None, 'positive4': None, 'negative5': None, 'positive5': None, 'negative6': None, 'positive6': None}",-28.357280424,bid
2026-09-28,25,2026-09-28T11:00:00Z,2026-09-29T11:45:03Z,T_LKSDB-1,T,Lakeside Energy Storage Ltd,LKSDB-1,"{'negative1': -902.51361216, 'positive1': 0.0, 'negative2': 0.0, 'positive2': 0.0, 'negative3': None, 'positive3': 0.0, 'negative4': None, 'positive4': None, 'negative5': None, 'positive5': None, 'negative6': None, 'positive6': None}",-902.51361216,bid
2026-09-28,26,2026-09-28T11:30:00Z,2026-09-29T12:15:02Z,T_LKSDB-1,T,Lakeside Energy Storage Ltd,LKSDB-1,"{'negative1': -17.02855872, 'positive1': 0.0, 'negative2': 0.0, 'positive2': 0.0, 'negative3': None, 'positive3': 0.0, 'negative4': None, 'positive4': None, 'negative5': None, 'positive5': None, 'negative6': None, 'positive6': None}",-17.02855872,bid
2026-09-28,27,2026-09-28T12:00:00Z,2026-09-29T12:44:35Z,T_LKSDB-1,T,Lakeside Energy Storage Ltd,LKSDB-1,"{'negative1': -135.0540864, 'positive1': 0.0, 'negative2': 0.0, 'positive2': 0.0, 'negative3': None, 'positive3': 0.0, 'negative4': None, 'positive4': None, 'negative5': None, 'positive5': None, 'negative6': None, 'positive6': None}",-135.0540864,bid
2026-09-28,28,2026-09-28T12:30:00Z,2026-09-29T13:14:34Z,T_LKSDB-1,T,Lakeside Energy Storage Ltd,LKSDB-1,"{'negative1': -28.811538432, 'positive1': -16.206490368, 'negative2': 0.0, 'positive2': 0.0, 'negative3': None, 'positive3': 0.0, 'negative4': None, 'positive4': None, 'negative5': None, 'positive5': None, 'negative6': None, 'positive6': None}",-45.0180288,bid
2026-09-28,29,2026-09-28T13:00:00Z,2026-09-29T13:44:50Z,T_LKSDB-1,T,Lakeside Energy Storage Ltd,LKSDB-1,"{'negative1': -1658.1640608, 'positive1': 0.0, 'negative2': 0.0, 'positive2': 0.0, 'negative3': None, 'positive3': None, 'negative4': None, 'positive4': None, 'negative5': None, 'positive5': None, 'negative6': None, 'positive6': None}",-1658.1640608,bid
2026-09-28,30,2026-09-28T13:30:00Z,2026-09-29T14:14:32Z,T_LKSDB-1,T,Lakeside Energy Storage Ltd,LKSDB-1,"{'negative1': -662.3848368, 'positive1': 0.0, 'negative2': 0.0, 'positive2': 0.0, 'negative3': None, 'positive3': None, 'negative4': None, 'positive4': None, 'negative5': None, 'positive5': None, 'negative6': None, 'positive6': None}",-662.3848368,bid
2026-09-28,31,2026-09-28T14:00:00Z,2026-09-29T14:45:05Z,T_LKSDB-1,T,Lakeside Energy Storage Ltd,LKSDB-1,"{'negative1': -1314.656928, 'positive1': 0.0, 'negative2': 0.0, 'positive2': 0.0, 'negative3': None, 'positive3': None, 'negative4': None, 'positive4': None, 'negative5': None, 'positive5': None, 'negative6': None, 'positive6': None}",-1314.656928,bid
2026-09-28,32,2026-09-28T14:30:00Z,2026-09-29T15:14:40Z,T_LKSDB-1,T,Lakeside Energy Storage Ltd,LKSDB-1,"{'negative1': -291.90766392, 'positive1': 0.0, 'negative2': 0.0, 'positive2': 0.0, 'negative3': None, 'positive3': 0.0, 'negative4': None, 'positive4': None, 'negative5': None, 'positive5': None, 'negative6': None, 'positive6': None}",-291.90766392,bid
2026-09-28,35,2026-09-28T16:00:00Z,2026-09-29T16:44:27Z,T_LKSDB-1,T,Lakeside Energy Storage Ltd,LKSDB-1,"{'negative1': -842.91365664, 'positive1': 0.0, 'negative2': -15.91941888, 'positive2': 0.0, 'negative3': 0.0, 'positive3': 0.0, 'negative4': None, 'positive4': None, 'negative5': None, 'positive5': None, 'negative6': None, 'positive6': None}",-858.83307552,bid
2026-09-28,36,2026-09-28T16:30:00Z,2026-09-29T17:14:36Z,T_LKSDB-1,T,Lakeside Energy Storage Ltd,LKSDB-1,"{'negative1': -740.74230432, 'positive1': 0.0, 'negative2': 0.0, 'positive2': 0.0, 'negative3': 0.0, 'positive3': 0.0, 'negative4': None, 'positive4': None, 'negative5': None, 'positive5': None, 'negative6': None, 'positive6': None}",-740.74230432,bid
2026-09-28,37,2026-09-28T17:00:00Z,2026-09-29T17:44:31Z,T_LKSDB-1,T,Lakeside Energy Storage Ltd,LKSDB-1,"{'negative1': -354.76164, 'positive1': 0.0, 'negative2': 0.0, 'positive2': 0.0, 'negative3': 0.0, 'positive3': 0.0, 'negative4': None, 'positive4': None, 'negative5': None, 'positive5': None, 'negative6': None, 'positive6': None}",-354.76164,bid
2026-09-28,38,2026-09-28T17:30:00Z,2026-09-29T18:14:25Z,T_LKSDB-1,T,Lakeside Energy Storage Ltd,LKSDB-1,"{'negative1': -1149.37878096, 'positive1': 0.0, 'negative2': -678.2063904, 'positive2': 0.0, 'negative3': 0.0, 'positive3': 0.0, 'negative4': None, 'positive4': None, 'negative5': None, 'positive5': None, 'negative6': None, 'positive6': None}",-1827.58517136,bid
2026-09-28,39,2026-09-28T18:00:00Z,2026-09-29T18:44:36Z,T_LKSDB-1,T,Lakeside Energy Storage Ltd,LKSDB-1,"{'negative1': -3595.4072784, 'positive1': 0.0, 'negative2': 0.0, 'positive2': 0.0, 'negative3': 0.0, 'positive3': None, 'negative4': None, 'positive4': None, 'negative5': None, 'positive5': None, 'negative6': None, 'positive6': None}",-3595.4072784,bid
2026-09-28,40,2026-09-28T18:30:00Z,2026-09-29T19:14:43Z,T_LKSDB-1,T,Lakeside Energy Storage Ltd,LKSDB-1,"{'negative1': -3737.4750432, 'positive1': 0.0, 'negative2': 0.0, 'positive2': 0.0, 'negative3': 0.0, 'positive3': 0.0, 'negative4': None, 'positive4': None, 'negative5': None, 'positive5': None, 'negative6': None, 'positive6': None}",-3737.4750432,bid
2026-09-28,41,2026-09-28T19:00:00Z,2026-09-29T19:44:29Z,T_LKSDB-1,T,Lakeside Energy Storage Ltd,LKSDB-1,"{'negative1': -2539.73450304, 'positive1': 0.0, 'negative2': 0.0, 'positive2': 0.0, 'negative3': 0.0, 'positive3': 0.0, 'negative4': None, 'positive4': None, 'negative5': None, 'positive5': None, 'negative6': None, 'positive6': None}",-2539.73450304,bid
2026-09-28,42,2026-09-28T19:30:00Z,2026-09-29T20:14:25Z,T_LKSDB-1,T,Lakeside Energy Storage Ltd,LKSDB-1,"{'negative1': -2678.2869469824, 'positive1': 0.0, 'negative2': 0.0, 'positive2': 0.0, 'negative3': 0.0, 'positive3': 0.0, 'negative4': None, 'positive4': None, 'negative5': None, 'positive5': None, 'negative6': None, 'positive6': None}",-2678.2869469824,bid
2026-09-28,43,2026-09-28T20:00:00Z,2026-09-29T20:44:32Z,T_LKSDB-1,T,Lakeside Energy Storage Ltd,LKSDB-1,"{'negative1': -232.645343616, 'positive1': 0.0, 'negative2': 0.0, 'positive2': 0.0, 'negative3': 0.0, 'positive3': 0.0, 'negative4': None, 'positive4': None, 'negative5': None, 'positive5': None, 'negative6': None, 'positive6': None}",-232.645343616,bid
2026-09-28,1,2026-09-27T23:00:00Z,2026-09-28T23:44:34Z,T_LKSDB-1,T,Lakeside Energy Storage Ltd,LKSDB-1,"{'negative1': 0.0, 'positive1': 428.4052632, 'negative2': 0.0, 'positive2': 0.0, 'negative3': None, 'positive3': 0.0, 'negative4': None, 'positive4': None, 'negative5': None, 'positive5': None, 'negative6': None, 'positive6': None}",428.4052632,offer
2026-09-28,2,2026-09-27T23:30:00Z,2026-09-29T00:14:28Z,T_LKSDB-1,T,Lakeside Energy Storage Ltd,LKSDB-1,"{'negative1': 0.0, 'positive1': 892.3580505, 'negative2': 0.0, 'positive2': 0.0, 'negative3': None, 'positive3': 0.0, 'negative4': None, 'positive4': None, 'negative5': None, 'positive5': None, 'negative6': None, 'positive6': None}",892.3580505,offer
2026-09-28,3,2026-09-28T00:00:00Z,2026-09-29T00:44:26Z,T_LKSDB-1,T,Lakeside Energy Storage Ltd,LKSDB-1,"{'negative1': 0.0, 'positive1': 1463.46720282, 'negative2': 0.0, 'positive2': 0.0, 'negative3': None, 'positive3': 0.0, 'negative4': None, 'positive4': None, 'negative5': None, 'positive5': None, 'negative6': None, 'positive6': None}",1463.46720282,offer
2026-09-28,5,2026-09-28T01:00:00Z,2026-09-29T01:44:22Z,T_LKSDB-1,T,Lakeside Energy Storage Ltd,LKSDB-1,"{'negative1': 0.0, 'positive1': 214.16593212, 'negative2': 0.0, 'positive2': 0.0, 'negative3': None, 'positive3': 0.0, 'negative4': None, 'positive4': None, 'negative5': None, 'positive5': None, 'negative6': None, 'positive6': None}",214.16593212,offer
2026-09-28,8,2026-09-28T02:30:00Z,2026-09-29T03:14:31Z,T_LKSDB-1,T,Lakeside Energy Storage Ltd,LKSDB-1,"{'negative1': 0.0, 'positive1': 0.0, 'negative2': 0.0, 'positive2': 0.0, 'negative3': None, 'positive3': None, 'negative4': None, 'positive4': None, 'negative5': None, 'positive5': None, 'negative6': None, 'positive6': None}",0.0,offer
2026-09-28,11,2026-09-28T04:00:00Z,2026-09-29T04:44:51Z,T_LKSDB-1,T,Lakeside Energy Storage Ltd,LKSDB-1,"{'negative1': 0.0, 'positive1': 0.0, 'negative2': 0.0, 'positive2': 0.0, 'negative3': None, 'positive3': None, 'negative4': None, 'positive4': None, 'negative5': None, 'positive5': None, 'negative6': None, 'positive6': None}",0.0,offer
2026-09-28,13,2026-09-28T05:00:00Z,2026-09-29T05:44:32Z,T_LKSDB-1,T,Lakeside Energy Storage Ltd,LKSDB-1,"{'negative1': 0.0, 'positive1': 0.0, 'negative2': 0.0, 'positive2': 0.0, 'negative3': None, 'positive3': None, 'negative4': None, 'positive4': None, 'negative5': None, 'positive5': None, 'negative6': None, 'positive6': None}",0.0,offer
2026-09-28,14,2026-09-28T05:30:00Z,2026-09-29T06:14:24Z,T_LKSDB-1,T,Lakeside Energy Storage Ltd,LKSDB-1,"{'negative1': 0.0, 'positive1': 0.0, 'negative2': 0.0, 'positive2': 0.0, 'negative3': None, 'positive3': None, 'negative4': None, 'positive4': None, 'negative5': None, 'positive5': None, 'negative6': None, 'positive6': None}",0.0,offer
2026-09-28,15,2026-09-28T06:00:00Z,2026-09-29T06:44:30Z,T_LKSDB-1,T,Lakeside Energy Storage Ltd,LKSDB-1,"{'negative1': 0.0, 'positive1': 0.0, 'negative2': 0.0, 'positive2': 0.0, 'negative3': 0.0, 'positive3': None, 'negative4': None, 'positive4': None, 'negative5': None, 'positive5': None, 'negative6': None, 'positive6': None}",0.0,offer
2026-09-28,16,2026-09-28T06:30:00Z,2026-09-29T07:14:23Z,T_LKSDB-1,T,Lakeside Energy Storage Ltd,LKSDB-1,"{'negative1': 0.0, 'positive1': 0.0, 'negative2': 0.0, 'positive2': 0.0, 'negative3': 0.0, 'positive3': None, 'negative4': None, 'positive4': None, 'negative5': None, 'positive5': None, 'negative6': None, 'positive6': None}",0.0,offer
2026-09-28,17,2026-09-28T07:00:00Z,2026-09-29T07:44:26Z,T_LKSDB-1,T,Lakeside Energy Storage Ltd,LKSDB-1,"{'negative1': 0.0, 'positive1': 0.0, 'negative2': 0.0, 'positive2': 0.0, 'negative3': 0.0, 'positive3': None, 'negative4': None, 'positive4': None, 'negative5': None, 'positive5': None, 'negative6': None, 'positive6': None}",0.0,offer
2026-09-28,18,2026-09-28T07:30:00Z,2026-09-29T08:14:22Z,T_LKSDB-1,T,Lakeside Energy Storage Ltd,LKSDB-1,"{'negative1': 0.0, 'positive1': 0.0, 'negative2': 0.0, 'positive2': 0.0, 'negative3': 0.0, 'positive3': None, 'negative4': None, 'positive4': None, 'negative5': None, 'positive5': None, 'negative6': None, 'positive6': None}",0.0,offer
2026-09-28,20,2026-09-28T08:30:00Z,2026-09-29T09:14:35Z,T_LKSDB-1,T,Lakeside Energy Storage Ltd,LKSDB-1,"{'negative1': 0.0, 'positive1': 0.0, 'negative2': 0.0, 'positive2': 0.0, 'negative3': None, 'positive3': None, 'negative4': None, 'positive4': None, 'negative5': None, 'positive5': None, 'negative6': None, 'positive6': None}",0.0,offer
2026-09-28,21,2026-09-28T09:00:00Z,2026-09-29T09:44:35Z,T_LKSDB-1,T,Lakeside Energy Storage Ltd,LKSDB-1,"{'negative1': 0.0, 'positive1': 0.0, 'negative2': 0.0, 'positive2': 0.0, 'negative3': None, 'positive3': None, 'negative4': None, 'positive4': None, 'negative5': None, 'positive5': None, 'negative6': None, 'positive6': None}",0.0,offer
2026-09-28,22,2026-09-28T09:30:00Z,2026-09-29T10:14:34Z,T_LKSDB-1,T,Lakeside Energy Storage Ltd,LKSDB-1,"{'negative1': 0.0, 'positive1': 0.0, 'negative2': 0.0, 'positive2': 0.0, 'negative3': None, 'positive3': None, 'negative4': None, 'positive4': None, 'negative5': None, 'positive5': None, 'negative6': None, 'positive6': None}",0.0,offer
2026-09-28,25,2026-09-28T11:00:00Z,2026-09-29T11:45:03Z,T_LKSDB-1,T,Lakeside Energy Storage Ltd,LKSDB-1,"{'negative1': 0.0, 'positive1': 0.0, 'negative2': 0.0, 'positive2': 0.0, 'negative3': None, 'positive3': 0.0, 'negative4': None, 'positive4': None, 'negative5': None, 'positive5': None, 'negative6': None, 'positive6': None}",0.0,offer
2026-09-28,26,2026-09-28T11:30:00Z,2026-09-29T12:15:02Z,T_LKSDB-1,T,Lakeside Energy Storage Ltd,LKSDB-1,"{'negative1': 0.0, 'positive1': 463.09850496, 'negative2': 0.0, 'positive2': 0.0, 'negative3': None, 'positive3': 0.0, 'negative4': None, 'positive4': None, 'negative5': None, 'positive5': None, 'negative6': None, 'positive6': None}",463.09850496,offer
2026-09-28,27,2026-09-28T12:00:00Z,2026-09-29T12:44:35Z,T_LKSDB-1,T,Lakeside Energy Storage Ltd,LKSDB-1,"{'negative1': 0.0, 'positive1': 0.0, 'negative2': 0.0, 'positive2': 0.0, 'negative3': None, 'positive3': 0.0, 'negative4': None, 'positive4': None, 'negative5': None, 'positive5': None, 'negative6': None, 'positive6': None}",0.0,offer
2026-09-28,28,2026-09-28T12:30:00Z,2026-09-29T13:14:34Z,T_LKSDB-1,T,Lakeside Energy Storage Ltd,LKSDB-1,"{'negative1': 0.0, 'positive1': 297.70618176, 'negative2': 0.0, 'positive2': 0.0, 'negative3': None, 'positive3': 0.0, 'negative4': None, 'positive4': None, 'negative5': None, 'positive5': None, 'negative6': None, 'positive6': None}",297.70618176,offer
2026-09-28,29,2026-09-28T13:00:00Z,2026-09-29T13:44:50Z,T_LKSDB-1,T,Lakeside Energy Storage Ltd,LKSDB-1,"{'negative1': 0.0, 'positive1': 0.0, 'negative2': 0.0, 'positive2': 0.0, 'negative3': None, 'positive3': None, 'negative4': None, 'positive4': None, 'negative5': None, 'positive5': None, 'negative6': None, 'positive6': None}",0.0,offer
2026-09-28,30,2026-09-28T13:30:00Z,2026-09-29T14:14:32Z,T_LKSDB-1,T,Lakeside Energy Storage Ltd,LKSDB-1,"{'negative1': 0.0, 'positive1': 0.0, 'negative2': 0.0, 'positive2': 0.0, 'negative3': None, 'positive3': None, 'negative4': None, 'positive4': None, 'negative5': None, 'positive5': None, 'negative6': None, 'positive6': None}",0.0,offer
2026-09-28,31,2026-09-28T14:00:00Z,2026-09-29T14:45:05Z,T_LKSDB-1,T,Lakeside Energy Storage Ltd,LKSDB-1,"{'negative1': 0.0, 'positive1': 0.0, 'negative2': 0.0, 'positive2': 0.0, 'negative3': None, 'positive3': None, 'negative4': None, 'positive4': None, 'negative5': None, 'positive5': None, 'negative6': None, 'positive6': None}",0.0,offer
2026-09-28,32,2026-09-28T14:30:00Z,2026-09-29T15:14:40Z,T_LKSDB-1,T,Lakeside Energy Storage Ltd,LKSDB-1,"{'negative1': 0.0, 'positive1': 0.0, 'negative2': 0.0, 'positive2': 0.0, 'negative3': None, 'positive3': 0.0, 'negative4': None, 'positive4': None, 'negative5': None, 'positive5': None, 'negative6': None, 'positive6': None}",0.0,offer
2026-09-28,35,2026-09-28T16:00:00Z,2026-09-29T16:44:27Z,T_LKSDB-1,T,Lakeside Energy Storage Ltd,LKSDB-1,"{'negative1': 0.0, 'positive1': 0.0, 'negative2': 0.0, 'positive2': 0.0, 'negative3': 0.0, 'positive3': 0.0, 'negative4': None, 'positive4': None, 'negative5': None, 'positive5': None, 'negative6': None, 'positive6': None}",0.0,offer
2026-09-28,36,2026-09-28T16:30:00Z,2026-09-29T17:14:36Z,T_LKSDB-1,T,Lakeside Energy Storage Ltd,LKSDB-1,"{'negative1': 0.0, 'positive1': 0.0, 'negative2': 0.0, 'positive2': 0.0, 'negative3': 0.0, 'positive3': 0.0, 'negative4': None, 'positive4': None, 'negative5': None, 'positive5': None, 'negative6': None, 'positive6': None}",0.0,offer
2026-09-28,37,2026-09-28T17:00:00Z,2026-09-29T17:44:31Z,T_LKSDB-1,T,Lakeside Energy Storage Ltd,LKSDB-1,"{'negative1': 0.0, 'positive1': 0.0, 'negative2': 0.0, 'positive2': 0.0, 'negative3': 0.0, 'positive3': 0.0, 'negative4': None, 'positive4': None, 'negative5': None, 'positive5': None, 'negative6': None, 'positive6': None}",0.0,offer
2026-09-28,38,2026-09-28T17:30:00Z,2026-09-29T18:14:25Z,T_LKSDB-1,T,Lakeside Energy Storage Ltd,LKSDB-1,"{'negative1': 0.0, 'positive1': 0.0, 'negative2': 0.0, 'positive2': 0.0, 'negative3': 0.0, 'positive3': 0.0, 'negative4': None, 'positive4': None, 'negative5': None, 'positive5': None, 'negative6': None, 'positive6': None}",0.0,offer
2026-09-28,39,2026-09-28T18:00:00Z,2026-09-29T18:44:36Z,T_LKSDB-1,T,Lakeside Energy Storage Ltd,LKSDB-1,"{'negative1': 0.0, 'positive1': 0.0, 'negative2': 0.0, 'positive2': 0.0, 'negative3': 0.0, 'positive3': None, 'negative4': None, 'positive4': None, 'negative5': None, 'positive5': None, 'negative6': None, 'positive6': None}",0.0,offer
2026-09-28,40,2026-09-28T18:30:00Z,2026-09-29T19:14:43Z,T_LKSDB-1,T,Lakeside Energy Storage Ltd,LKSDB-1,"{'negative1': 0.0, 'positive1': 0.0, 'negative2': 0.0, 'positive2': 0.0, 'negative3': 0.0, 'positive3': 0.0, 'negative4': None, 'positive4': None, 'negative5': None, 'positive5': None, 'negative6': None, 'positive6': None}",0.0,offer
2026-09-28,41,2026-09-28T19:00:00Z,2026-09-29T19:44:29Z,T_LKSDB-1,T,Lakeside Energy Storage Ltd,LKSDB-1,"{'negative1': 0.0, 'positive1': 0.0, 'negative2': 0.0, 'positive2': 0.0, 'negative3': 0.0, 'positive3': 0.0, 'negative4': None, 'positive4': None, 'negative5': None, 'positive5': None, 'negative6': None, 'positive6': None}",0.0,offer
2026-09-28,42,2026-09-28T19:30:00Z,2026-09-29T20:14:25Z,T_LKSDB-1,T,Lakeside Energy Storage Ltd,LKSDB-1,"{'negative1': 0.0, 'positive1': 0.0, 'negative2': 0.0, 'positive2': 0.0, 'negative3': 0.0, 'positive3': 0.0, 'negative4': None, 'positive4': None, 'negative5': None, 'positive5': None, 'negative6': None, 'positive6': None}",0.0,offer
2026-09-28,43,2026-09-28T20:00:00Z,2026-09-29T20:44:32Z,T_LKSDB-1,T,Lakeside Energy Storage Ltd,LKSDB-1,"{'negative1': 0.0, 'positive1': 0.0, 'negative2': 0.0, 'positive2': 0.0, 'negative3': 0.0, 'positive3': 0.0, 'negative4': None, 'positive4': None, 'negative5': None, 'positive5': None, 'negative6': None, 'positive6': None}",0.0,offer
2026-09-29,6,2026-09-29T01:30:00Z,2026-09-30T02:16:06Z,T_LKSDB-1,T,Lakeside Energy Storage Ltd,LKSDB-1,"{'negative1': 0.0, 'positive1': 0.0, 'negative2': 0.0, 'positive2': 0.0, 'negative3': None, 'positive3': 0.0, 'negative4': None, 'positive4': None, 'negative5': None, 'positive5': None, 'negative6': None, 'positive6': None}",0.0,bid
2026-09-29,10,2026-09-29T03:30:00Z,2026-09-30T04:14:23Z,T_LKSDB-1,T,Lakeside Energy Storage Ltd,LKSDB-1,"{'negative1': -21.24084348, 'positive1': 0.0, 'negative2': 0.0, 'positive2': 0.0, 'negative3': None, 'positive3': None, 'negative4': None, 'positive4': None, 'negative5': None, 'positive5': None, 'negative6': None, 'positive6': None}",-21.24084348,bid
2026-09-29,11,2026-09-29T04:00:00Z,2026-09-30T04:44:25Z,T_LKSDB-1,T,Lakeside Energy Storage Ltd,LKSDB-1,"{'negative1': -250.9021116, 'positive1': 0.0, 'negative2': 0.0, 'positive2': 0.0, 'negative3': None, 'positive3': None, 'negative4': None, 'positive4': None, 'negative5': None, 'positive5': None, 'negative6': None, 'positive6': None}",-250.9021116,bid
2026-09-29,13,2026-09-29T05:00:00Z,2026-09-30T05:44:23Z,T_LKSDB-1,T,Lakeside Energy Storage Ltd,LKSDB-1,"{'negative1': -2307.36970656, 'positive1': 0.0, 'negative2': 0.0, 'positive2': 0.0, 'negative3': 0.0, 'positive3': None, 'negative4': None, 'positive4': None, 'negative5': None, 'positive5': None, 'negative6': None, 'positive6': None}",-2307.36970656,bid
2026-09-29,14,2026-09-29T05:30:00Z,2026-09-30T06:14:31Z,T_LKSDB-1,T,Lakeside Energy Storage Ltd,LKSDB-1,"{'negative1': -609.5137717152, 'positive1': 0.0, 'negative2': 0.0, 'positive2': 0.0, 'negative3': 0.0, 'positive3': None, 'negative4': None, 'positive4': None, 'negative5': None, 'positive5': None, 'negative6': None, 'positive6': None}",-609.5137717152,bid
2026-09-29,16,2026-09-29T06:30:00Z,2026-09-30T07:14:23Z,T_LKSDB-1,T,Lakeside Energy Storage Ltd,LKSDB-1,"{'negative1': -28.65821616, 'positive1': 0.0, 'negative2': 0.0, 'positive2': 0.0, 'negative3': 0.0, 'positive3': None, 'negative4': None, 'positive4': None, 'negative5': None, 'positive5': None, 'negative6': None, 'positive6': None}",-28.65821616,bid
2026-09-29,24,2026-09-29T10:30:00Z,2026-09-30T11:14:23Z,T_LKSDB-1,T,Lakeside Energy Storage Ltd,LKSDB-1,"{'negative1': 0.0, 'positive1': 0.0, 'negative2': 0.0, 'positive2': 0.0, 'negative3': None, 'positive3': 0.0, 'negative4': None, 'positive4': None, 'negative5': None, 'positive5': None, 'negative6': None, 'positive6': None}",0.0,bid
2026-09-29,25,2026-09-29T11:00:00Z,2026-09-30T11:45:00Z,T_LKSDB-1,T,Lakeside Energy Storage Ltd,LKSDB-1,"{'negative1': 0.0, 'positive1': 0.0, 'negative2': 0.0, 'positive2': 0.0, 'negative3': None, 'positive3': 0.0, 'negative4': None, 'positive4': None, 'negative5': None, 'positive5': None, 'negative6': None, 'positive6': None}",0.0,bid
2026-09-29,26,2026-09-29T11:30:00Z,2026-09-30T12:14:57Z,T_LKSDB-1,T,Lakeside Energy Storage Ltd,LKSDB-1,"{'negative1': 0.0, 'positive1': 0.0, 'negative2': 0.0, 'positive2': 0.0, 'negative3': None, 'positive3': 0.0, 'negative4': None, 'positive4': None, 'negative5': None, 'positive5': None, 'negative6': None, 'positive6': None}",0.0,bid
2026-09-29,27,2026-09-29T12:00:00Z,2026-09-30T12:44:45Z,T_LKSDB-1,T,Lakeside Energy Storage Ltd,LKSDB-1,"{'negative1': 0.0, 'positive1': 0.0, 'negative2': 0.0, 'positive2': 0.0, 'negative3': None, 'positive3': 0.0, 'negative4': None, 'positive4': None, 'negative5': None, 'positive5': None, 'negative6': None, 'positive6': None}",0.0,bid
2026-09-29,28,2026-09-29T12:30:00Z,2026-09-30T13:14:32Z,T_LKSDB-1,T,Lakeside Energy Storage Ltd,LKSDB-1,"{'negative1': 0.0, 'positive1': 0.0, 'negative2': 0.0, 'positive2': 0.0, 'negative3': None, 'positive3': 0.0, 'negative4': None, 'positive4': None, 'negative5': None, 'positive5': None, 'negative6': None, 'positive6': None}",0.0,bid
2026-09-29,29,2026-09-29T13:00:00Z,2026-09-30T13:44:38Z,T_LKSDB-1,T,Lakeside Energy Storage Ltd,LKSDB-1,"{'negative1': 0.0, 'positive1': 0.0, 'negative2': 0.0, 'positive2': 0.0, 'negative3': None, 'positive3': 0.0, 'negative4': None, 'positive4': None, 'negative5': None, 'positive5': None, 'negative6': None, 'positive6': None}",0.0,bid
2026-09-29,31,2026-09-29T14:00:00Z,2026-09-30T14:45:07Z,T_LKSDB-1,T,Lakeside Energy Storage Ltd,LKSDB-1,"{'negative1': 0.0, 'positive1': 0.0, 'negative2': 0.0, 'positive2': 0.0, 'negative3': None, 'positive3': 0.0, 'negative4': None, 'positive4': None, 'negative5': None, 'positive5': None, 'negative6': None, 'positive6': None}",0.0,bid
2026-09-29,32,2026-09-29T14:30:00Z,2026-09-30T15:14:27Z,T_LKSDB-1,T,Lakeside Energy Storage Ltd,LKSDB-1,"{'negative1': 0.0, 'positive1': 0.0, 'negative2': 0.0, 'positive2': 0.0, 'negative3': 0.0, 'positive3': 0.0, 'negative4': None, 'positive4': None, 'negative5': None, 'positive5': None, 'negative6': None, 'positive6': None}",0.0,bid
2026-09-29,33,2026-09-29T15:00:00Z,2026-09-30T15:44:26Z,T_LKSDB-1,T,Lakeside Energy Storage Ltd,LKSDB-1,"{'negative1': 0.0, 'positive1': 0.0, 'negative2': 0.0, 'positive2': 0.0, 'negative3': 0.0, 'positive3': 0.0, 'negative4': None, 'positive4': None, 'negative5': None, 'positive5': None, 'negative6': None, 'positive6': None}",0.0,bid
2026-09-29,34,2026-09-29T15:30:00Z,2026-09-30T16:14:31Z,T_LKSDB-1,T,Lakeside Energy Storage Ltd,LKSDB-1,"{'negative1': 0.0, 'positive1': 0.0, 'negative2': 0.0, 'positive2': 0.0, 'negative3': 0.0, 'positive3': 0.0, 'negative4': None, 'positive4': None, 'negative5': None, 'positive5': None, 'negative6': None, 'positive6': None}",0.0,bid
2026-09-29,35,2026-09-29T16:00:00Z,2026-09-30T16:44:42Z,T_LKSDB-1,T,Lakeside Energy Storage Ltd,LKSDB-1,"{'negative1': 0.0, 'positive1': 0.0, 'negative2': 0.0, 'positive2': 0.0, 'negative3': 0.0, 'positive3': 0.0, 'negative4': None, 'positive4': None, 'negative5': None, 'positive5': None, 'negative6': None, 'positive6': None}",0.0,bid
2026-09-29,36,2026-09-29T16:30:00Z,2026-09-30T17:14:22Z,T_LKSDB-1,T,Lakeside Energy Storage Ltd,LKSDB-1,"{'negative1': 0.0, 'positive1': 0.0, 'negative2': 0.0, 'positive2': 0.0, 'negative3': None, 'positive3': 0.0, 'negative4': None, 'positive4': None, 'negative5': None, 'positive5': None, 'negative6': None, 'positive6': None}",0.0,bid
2026-09-29,37,2026-09-29T17:00:00Z,2026-09-30T17:44:23Z,T_LKSDB-1,T,Lakeside Energy Storage Ltd,LKSDB-1,"{'negative1': 0.0, 'positive1': 0.0, 'negative2': 0.0, 'positive2': 0.0, 'negative3': None, 'positive3': 0.0, 'negative4': None, 'positive4': None, 'negative5': None, 'positive5': None, 'negative6': None, 'positive6': None}",0.0,bid
2026-09-29,46,2026-09-29T21:30:00Z,2026-09-30T22:14:34Z,T_LKSDB-1,T,Lakeside Energy Storage Ltd,LKSDB-1,"{'negative1': -0.7339896, 'positive1': 0.0, 'negative2': 0.0, 'positive2': 0.0, 'negative3': None, 'positive3': None, 'negative4': None, 'positive4': None, 'negative5': None, 'positive5': None, 'negative6': None, 'positive6': None}",-0.7339896,bid
2026-09-29,47,2026-09-29T22:00:00Z,2026-09-30T22:44:28Z,T_LKSDB-1,T,Lakeside Energy Storage Ltd,LKSDB-1,"{'negative1': -0.7339896, 'positive1': 0.0, 'negative2': 0.0, 'positive2': 0.0, 'negative3': None, 'positive3': 0.0, 'negative4': None, 'positive4': None, 'negative5': None, 'positive5': None, 'negative6': None, 'positive6': None}",-0.7339896,bid
2026-09-29,6,2026-09-29T01:30:00Z,2026-09-30T02:16:06Z,T_LKSDB-1,T,Lakeside Energy Storage Ltd,LKSDB-1,"{'negative1': 0.0, 'positive1': 896.18499072, 'negative2': 0.0, 'positive2': 0.0, 'negative3': None, 'positive3': 0.0, 'negative4': None, 'positive4': None, 'negative5': None, 'positive5': None, 'negative6': None, 'positive6': None}",896.18499072,offer
2026-09-29,10,2026-09-29T03:30:00Z,2026-09-30T04:14:23Z,T_LKSDB-1,T,Lakeside Energy Storage Ltd,LKSDB-1,"{'negative1': 0.0, 'positive1': 0.0, 'negative2': 0.0, 'positive2': 0.0, 'negative3': None, 'positive3': None, 'negative4': None, 'positive4': None, 'negative5': None, 'positive5': None, 'negative6': None, 'positive6': None}",0.0,offer
2026-09-29,11,2026-09-29T04:00:00Z,2026-09-30T04:44:25Z,T_LKSDB-1,T,Lakeside Energy Storage Ltd,LKSDB-1,"{'negative1': 0.0, 'positive1': 0.0, 'negative2': 0.0, 'positive2': 0.0, 'negative3': None, 'positive3': None, 'negative4': None, 'positive4': None, 'negative5': None, 'positive5': None, 'negative6': None, 'positive6': None}",0.0,offer
2026-09-29,13,2026-09-29T05:00:00Z,2026-09-30T05:44:23Z,T_LKSDB-1,T,Lakeside Energy Storage Ltd,LKSDB-1,"{'negative1': 0.0, 'positive1': 0.0, 'negative2': 0.0, 'positive2': 0.0, 'negative3': 0.0, 'positive3': None, 'negative4': None, 'positive4': None, 'negative5': None, 'positive5': None, 'negative6': None, 'positive6': None}",0.0,offer
2026-09-29,14,2026-09-29T05:30:00Z,2026-09-30T06:14:31Z,T_LKSDB-1,T,Lakeside Energy Storage Ltd,LKSDB-1,"{'negative1': 0.0, 'positive1': 0.0, 'negative2': 0.0, 'positive2': 0.0, 'negative3': 0.0, 'positive3': None, 'negative4': None, 'positive4': None, 'negative5': None, 'positive5': None, 'negative6': None, 'positive6': None}",0.0,offer
2026-09-29,16,2026-09-29T06:30:00Z,2026-09-30T07:14:23Z,T_LKSDB-1,T,Lakeside Energy Storage Ltd,LKSDB-1,"{'negative1': 0.0, 'positive1': 0.0, 'negative2': 0.0, 'positive2': 0.0, 'negative3': 0.0, 'positive3': None, 'negative4': None, 'positive4': None, 'negative5': None, 'positive5': None, 'negative6': None, 'positive6': None}",0.0,offer
2026-09-29,24,2026-09-29T10:30:00Z,2026-09-30T11:14:23Z,T_LKSDB-1,T,Lakeside Energy Storage Ltd,LKSDB-1,"{'negative1': 0.0, 'positive1': 3810.8740032, 'negative2': 0.0, 'positive2': 0.0, 'negative3': None, 'positive3': 0.0, 'negative4': None, 'positive4': None, 'negative5': None, 'positive5': None, 'negative6': None, 'positive6': None}",3810.8740032,offer
2026-09-29,25,2026-09-29T11:00:00Z,2026-09-30T11:45:00Z,T_LKSDB-1,T,Lakeside Energy Storage Ltd,LKSDB-1,"{'negative1': 0.0, 'positive1': 3875.465088, 'negative2': 0.0, 'positive2': 0.0, 'negative3': None, 'positive3': 0.0, 'negative4': None, 'positive4': None, 'negative5': None, 'positive5': None, 'negative6': None, 'positive6': None}",3875.465088,offer
2026-09-29,26,2026-09-29T11:30:00Z,2026-09-30T12:14:57Z,T_LKSDB-1,T,Lakeside Energy Storage Ltd,LKSDB-1,"{'negative1': 0.0, 'positive1': 5766.2976538656, 'negative2': 0.0, 'positive2': 0.0, 'negative3': None, 'positive3': 0.0, 'negative4': None, 'positive4': None, 'negative5': None, 'positive5': None, 'negative6': None, 'positive6': None}",5766.2976538656,offer
2026-09-29,27,2026-09-29T12:00:00Z,2026-09-30T12:44:45Z,T_LKSDB-1,T,Lakeside Energy Storage Ltd,LKSDB-1,"{'negative1': 0.0, 'positive1': 6332.0142661488, 'negative2': 0.0, 'positive2': 0.0, 'negative3': None, 'positive3': 0.0, 'negative4': None, 'positive4': None, 'negative5': None, 'positive5': None, 'negative6': None, 'positive6': None}",6332.0142661488,offer
2026-09-29,28,2026-09-29T12:30:00Z,2026-09-30T13:14:32Z,T_LKSDB-1,T,Lakeside Energy Storage Ltd,LKSDB-1,"{'negative1': 0.0, 'positive1': 3334.595491656, 'negative2': 0.0, 'positive2': 0.0, 'negative3': None, 'positive3': 0.0, 'negative4': None, 'positive4': None, 'negative5': None, 'positive5': None, 'negative6': None, 'positive6': None}",3334.595491656,offer
2026-09-29,29,2026-09-29T13:00:00Z,2026-09-30T13:44:38Z,T_LKSDB-1,T,Lakeside Energy Storage Ltd,LKSDB-1,"{'negative1': 0.0, 'positive1': 10.8821298096, 'negative2': 0.0, 'positive2': 0.0, 'negative3': None, 'positive3': 0.0, 'negative4': None, 'positive4': None, 'negative5': None, 'positive5': None, 'negative6': None, 'positive6': None}",10.8821298096,offer
2026-09-29,31,2026-09-29T14:00:00Z,2026-09-30T14:45:07Z,T_LKSDB-1,T,Lakeside Energy Storage Ltd,LKSDB-1,"{'negative1': 0.0, 'positive1': 213.176677248, 'negative2': 0.0, 'positive2': 0.0, 'negative3': None, 'positive3': 0.0, 'negative4': None, 'positive4': None, 'negative5': None, 'positive5': None, 'negative6': None, 'positive6': None}",213.176677248,offer
2026-09-29,32,2026-09-29T14:30:00Z,2026-09-30T15:14:27Z,T_LKSDB-1,T,Lakeside Energy Storage Ltd,LKSDB-1,"{'negative1': 0.0, 'positive1': 5767.336330704, 'negative2': 0.0, 'positive2': 0.0, 'negative3': 0.0, 'positive3': 0.0, 'negative4': None, 'positive4': None, 'negative5': None, 'positive5': None, 'negative6': None, 'positive6': None}",5767.336330704,offer
2026-09-29,33,2026-09-29T15:00:00Z,2026-09-30T15:44:26Z,T_LKSDB-1,T,Lakeside Energy Storage Ltd,LKSDB-1,"{'negative1': 0.0, 'positive1': 2737.09615104, 'negative2': 0.0, 'positive2': 0.0, 'negative3': 0.0, 'positive3': 0.0, 'negative4': None, 'positive4': None, 'negative5': None, 'positive5': None, 'negative6': None, 'positive6': None}",2737.09615104,offer
2026-09-29,34,2026-09-29T15:30:00Z,2026-09-30T16:14:31Z,T_LKSDB-1,T,Lakeside Energy Storage Ltd,LKSDB-1,"{'negative1': 0.0, 'positive1': 3767.705628192, 'negative2': 0.0, 'positive2': 0.0, 'negative3': 0.0, 'positive3': 0.0, 'negative4': None, 'positive4': None, 'negative5': None, 'positive5': None, 'negative6': None, 'positive6': None}",3767.705628192,offer
2026-09-29,35,2026-09-29T16:00:00Z,2026-09-30T16:44:42Z,T_LKSDB-1,T,Lakeside Energy Storage Ltd,LKSDB-1,"{'negative1': 0.0, 'positive1': 4039.363334592, 'negative2': 0.0, 'positive2': 4067.124452352, 'negative3': 0.0, 'positive3': 0.0, 'negative4': None, 'positive4': None, 'negative5': None, 'positive5': None, 'negative6': None, 'positive6': None}",8106.487786944,offer
2026-09-29,36,2026-09-29T16:30:00Z,2026-09-30T17:14:22Z,T_LKSDB-1,T,Lakeside Energy Storage Ltd,LKSDB-1,"{'negative1': 0.0, 'positive1': 7464.401119145626, 'negative2': 0.0, 'positive2': 3893.936552835264, 'negative3': None, 'positive3': 0.0, 'negative4': None, 'positive4': None, 'negative5': None, 'positive5': None, 'negative6': None, 'positive6': None}",11358.33767198089,offer
2026-09-29,37,2026-09-29T17:00:00Z,2026-09-30T17:44:23Z,T_LKSDB-1,T,Lakeside Energy Storage Ltd,LKSDB-1,"{'negative1': 0.0, 'positive1': 3239.2053757890576, 'negative2': 0.0, 'positive2': 2879.94717386665, 'negative3': None, 'positive3': 0.0, 'negative4': None, 'positive4': None, 'negative5': None, 'positive5': None, 'negative6': None, 'positive6': None}",6119.152549655707,offer
2026-09-29,46,2026-09-29T21:30:00Z,2026-09-30T22:14:34Z,T_LKSDB-1,T,Lakeside Energy Storage Ltd,LKSDB-1,"{'negative1': 0.0, 'positive1': 0.0, 'negative2': 0.0, 'positive2': 0.0, 'negative3': None, 'positive3': None, 'negative4': None, 'positive4': None, 'negative5': None, 'positive5': None, 'negative6': None, 'positive6': None}",0.0,offer
2026-09-29,47,2026-09-29T22:00:00Z,2026-09-30T22:44:28Z,T_LKSDB-1,T,Lakeside Energy Storage Ltd,LKSDB-1,"{'negative1': 0.0, 'positive1': 160.0097328, 'negative2': 0.0, 'positive2': 0.0, 'negative3': None, 'positive3': 0.0, 'negative4': None, 'positive4': None, 'negative5': None, 'positive5': None, 'negative6': None, 'positive6': None}",160.0097328,offer
2026-09-30,2,2026-09-29T23:30:00Z,2026-10-01T00:14:26Z,T_LKSDB-1,T,Lakeside Energy Storage Ltd,LKSDB-1,"{'negative1': 0.0, 'positive1': 0.0, 'negative2': 0.0, 'positive2': 0.0, 'negative3': None, 'positive3': 0.0, 'negative4': None, 'positive4': None, 'negative5': None, 'positive5': None, 'negative6': None, 'positive6': None}",0.0,bid
2026-09-30,3,2026-09-30T00:00:00Z,2026-10-01T00:44:25Z,T_LKSDB-1,T,Lakeside Energy Storage Ltd,LKSDB-1,"{'negative1': -1.97361648, 'positive1': 0.0, 'negative2': 0.0, 'positive2': None, 'negative3': 0.0, 'positive3': None, 'negative4': None, 'positive4': None, 'negative5': None, 'positive5': None, 'negative6': None, 'positive6': None}",-1.97361648,bid
2026-09-30,4,2026-09-30T00:30:00Z,2026-10-01T01:15:00Z,T_LKSDB-1,T,Lakeside Energy Storage Ltd,LKSDB-1,"{'negative1': -6.710296032, 'positive1': 0.0, 'negative2': 0.0, 'positive2': 0.0, 'negative3': None, 'positive3': None, 'negative4': None, 'positive4': None, 'negative5': None, 'positive5': None, 'negative6': None, 'positive6': None}",-6.710296032,bid
2026-09-30,5,2026-09-30T01:00:00Z,2026-10-01T01:44:23Z,T_LKSDB-1,T,Lakeside Energy Storage Ltd,LKSDB-1,"{'negative1': 0.0, 'positive1': 0.0, 'negative2': 0.0, 'positive2': 0.0, 'negative3': None, 'positive3': None, 'negative4': None, 'positive4': None, 'negative5': None, 'positive5': None, 'negative6': None, 'positive6': None}",0.0,bid
2026-09-30,6,2026-09-30T01:30:00Z,2026-10-01T02:16:39Z,T_LKSDB-1,T,Lakeside Energy Storage Ltd,LKSDB-1,"{'negative1': 0.0, 'positive1': 0.0, 'negative2': 0.0, 'positive2': 0.0, 'negative3': None, 'positive3': 0.0, 'negative4': None, 'positive4': None, 'negative5': None, 'positive5': None, 'negative6': None, 'positive6': None}",0.0,bid
2026-09-30,7,2026-09-30T02:00:00Z,2026-10-01T02:45:45Z,T_LKSDB-1,T,Lakeside Energy Storage Ltd,LKSDB-1,"{'negative1': 0.0, 'positive1': 0.0, 'negative2': 0.0, 'positive2': 0.0, 'negative3': None, 'positive3': 0.0, 'negative4': None, 'positive4': None, 'negative5': None, 'positive5': None, 'negative6': None, 'positive6': None}",0.0,bid
2026-09-30,9,2026-09-30T03:00:00Z,2026-10-01T03:44:28Z,T_LKSDB-1,T,Lakeside Energy Storage Ltd,LKSDB-1,"{'negative1': 0.0, 'positive1': 0.0, 'negative2': 0.0, 'positive2': 0.0, 'negative3': None, 'positive3': 0.0, 'negative4': None, 'positive4': None, 'negative5': None, 'positive5': None, 'negative6': None, 'positive6': None}",0.0,bid
2026-09-30,12,2026-09-30T04:30:00Z,2026-10-01T05:14:24Z,T_LKSDB-1,T,Lakeside Energy Storage Ltd,LKSDB-1,"{'negative1': 0.0, 'positive1': 0.0, 'negative2': 0.0, 'positive2': 0.0, 'negative3': None, 'positive3': 0.0, 'negative4': None, 'positive4': None, 'negative5': None, 'positive5': None, 'negative6': None, 'positive6': None}",0.0,bid
2026-09-30,13,2026-09-30T05:00:00Z,2026-10-01T05:44:24Z,T_LKSDB-1,T,Lakeside Energy Storage Ltd,LKSDB-1,"{'negative1': 0.0, 'positive1': 0.0, 'negative2': 0.0, 'positive2': 0.0, 'negative3': None, 'positive3': None, 'negative4': None, 'positive4': None, 'negative5': None, 'positive5': None, 'negative6': None, 'positive6': None}",0.0,bid
2026-09-30,15,2026-09-30T06:00:00Z,2026-10-01T06:44:23Z,T_LKSDB-1,T,Lakeside Energy Storage Ltd,LKSDB-1,"{'negative1': 0.0, 'positive1': 0.0, 'negative2': 0.0, 'positive2': 0.0, 'negative3': 0.0, 'positive3': None, 'negative4': None, 'positive4': None, 'negative5': None, 'positive5': None, 'negative6': None, 'positive6': None}",0.0,bid
2026-09-30,16,2026-09-30T06:30:00Z,2026-10-01T07:14:33Z,T_LKSDB-1,T,Lakeside Energy Storage Ltd,LKSDB-1,"{'negative1': -254.449728, 'positive1': -0.000374190776470558, 'negative2': 0.0, 'positive2': 0.0, 'negative3': 0.0, 'positive3': None, 'negative4': None, 'positive4': None, 'negative5': None, 'positive5': None, 'negative6': None, 'positive6': None}",-254.45010219077648,bid
2026-09-30,17,2026-09-30T07:00:00Z,2026-10-01T07:44:28Z,T_LKSDB-1,T,Lakeside Energy Storage Ltd,LKSDB-1,"{'negative1': 0.0, 'positive1': 0.0, 'negative2': 0.0, 'positive2': 0.0, 'negative3': None, 'positive3': None, 'negative4': None, 'positive4': None, 'negative5': None, 'positive5': None, 'negative6': None, 'positive6': None}",0.0,bid
2026-09-30,18,2026-09-30T07:30:00Z,2026-10-01T08:14:25Z,T_LKSDB-1,T,Lakeside Energy Storage Ltd,LKSDB-1,"{'negative1': 0.0, 'positive1': 0.0, 'negative2': 0.0, 'positive2': 0.0, 'negative3': None, 'positive3': None, 'negative4': None, 'positive4': None, 'negative5': None, 'positive5': None, 'negative6': None, 'positive6': None}",0.0,bid
2026-09-30,19,2026-09-30T08:00:00Z,2026-10-01T08:44:25Z,T_LKSDB-1,T,Lakeside Energy Storage Ltd,LKSDB-1,"{'negative1': 0.0, 'positive1': 0.0, 'negative2': 0.0, 'positive2': 0.0, 'negative3': None, 'positive3': None, 'negative4': None, 'positive4': None, 'negative5': None, 'positive5': None, 'negative6': None, 'positive6': None}",0.0,bid
2026-09-30,20,2026-09-30T08:30:00Z,2026-10-01T09:14:49Z,T_LKSDB-1,T,Lakeside Energy Storage Ltd,LKSDB-1,"{'negative1': 0.0, 'positive1': 0.0, 'negative2': 0.0, 'positive2': 0.0, 'negative3': None, 'positive3': None, 'negative4': None, 'positive4': None, 'negative5': None, 'positive5': None, 'negative6': None, 'positive6': None}",0.0,bid
2026-09-30,21,2026-09-30T09:00:00Z,2026-10-01T09:44:24Z,T_LKSDB-1,T,Lakeside Energy Storage Ltd,LKSDB-1,"{'negative1': 0.0, 'positive1': 0.0, 'negative2': 0.0, 'positive2': 0.0, 'negative3': None, 'positive3': None, 'negative4': None, 'positive4': None, 'negative5': None, 'positive5': None, 'negative6': None, 'positive6': None}",0.0,bid
2026-09-30,22,2026-09-30T09:30:00Z,2026-10-01T10:14:29Z,T_LKSDB-1,T,Lakeside Energy Storage Ltd,LKSDB-1,"{'negative1': -518.9714244, 'positive1': 0.0, 'negative2': 0.0, 'positive2': 0.0, 'negative3': None, 'positive3': None, 'negative4': None, 'positive4': None, 'negative5': None, 'positive5': None, 'negative6': None, 'positive6': None}",-518.9714244,bid
2026-09-30,23,2026-09-30T10:00:00Z,2026-10-01T10:44:24Z,T_LKSDB-1,T,Lakeside Energy Storage Ltd,LKSDB-1,"{'negative1': -119.03680224, 'positive1': 0.0, 'negative2': 0.0, 'positive2': 0.0, 'negative3': None, 'positive3': 0.0, 'negative4': None, 'positive4': None, 'negative5': None, 'positive5': None, 'negative6': None, 'positive6': None}",-119.03680224,bid
2026-09-30,24,2026-09-30T10:30:00Z,2026-10-01T11:14:21Z,T_LKSDB-1,T,Lakeside Energy Storage Ltd,LKSDB-1,"{'negative1': -0.72583416, 'positive1': 0.0, 'negative2': 0.0, 'positive2': 0.0, 'negative3': None, 'positive3': 0.0, 'negative4': None, 'positive4': None, 'negative5': None, 'positive5': None, 'negative6': None, 'positive6': None}",-0.72583416,bid
2026-09-30,27,2026-09-30T12:00:00Z,2026-10-01T12:46:45Z,T_LKSDB-1,T,Lakeside Energy Storage Ltd,LKSDB-1,"{'negative1': -41.23390464, 'positive1': 0.0, 'negative2': 0.0, 'positive2': 0.0, 'negative3': None, 'positive3': 0.0, 'negative4': None, 'positive4': None, 'negative5': None, 'positive5': None, 'negative6': None, 'positive6': None}",-41.23390464,bid
2026-09-30,29,2026-09-30T13:00:00Z,2026-10-01T13:44:26Z,T_LKSDB-1,T,Lakeside Energy Storage Ltd,LKSDB-1,"{'negative1': -473.47222464, 'positive1': 0.0, 'negative2': 0.0, 'positive2': 0.0, 'negative3': 0.0, 'positive3': None, 'negative4': None, 'positive4': None, 'negative5': None, 'positive5': None, 'negative6': None, 'positive6': None}",-473.47222464,bid
2026-09-30,30,2026-09-30T13:30:00Z,2026-10-01T14:14:29Z,T_LKSDB-1,T,Lakeside Energy Storage Ltd,LKSDB-1,"{'negative1': -681.33807936, 'positive1': 0.0, 'negative2': 0.0, 'positive2': 0.0, 'negative3': 0.0, 'positive3': None, 'negative4': None, 'positive4': None, 'negative5': None, 'positive5': None, 'negative6': None, 'positive6': None}",-681.33807936,bid
2026-09-30,31,2026-09-30T14:00:00Z,2026-10-01T14:44:41Z,T_LKSDB-1,T,Lakeside Energy Storage Ltd,LKSDB-1,"{'negative1': -20.61695232, 'positive1': 0.0, 'negative2': 0.0, 'positive2': 0.0, 'negative3': None, 'positive3': None, 'negative4': None, 'positive4': None, 'negative5': None, 'positive5': None, 'negative6': None, 'positive6': None}",-20.61695232,bid
2026-09-30,32,2026-09-30T14:30:00Z,2026-10-01T15:14:32Z,T_LKSDB-1,T,Lakeside Energy Storage Ltd,LKSDB-1,"{'negative1': -324.71699904, 'positive1': 0.0, 'negative2': -74.4999444, 'positive2': 0.0, 'negative3': 0.0, 'positive3': 0.0, 'negative4': None, 'positive4': None, 'negative5': None, 'positive5': None, 'negative6': None, 'positive6': None}",-399.21694344,bid
2026-09-30,33,2026-09-30T15:00:00Z,2026-10-01T15:44:38Z,T_LKSDB-1,T,Lakeside Energy Storage Ltd,LKSDB-1,"{'negative1': -510.26956992, 'positive1': 0.0, 'negative2': -104.29992216, 'positive2': 0.0, 'negative3': 0.0, 'positive3': 0.0, 'negative4': None, 'positive4': None, 'negative5': None, 'positive5': None, 'negative6': None, 'positive6': None}",-614.56949208,bid
2026-09-30,42,2026-09-30T19:30:00Z,2026-10-01T20:14:31Z,T_LKSDB-1,T,Lakeside Energy Storage Ltd,LKSDB-1,"{'negative1': 0.0, 'positive1': 0.0, 'negative2': 0.0, 'positive2': 0.0, 'negative3': None, 'positive3': None, 'negative4': None, 'positive4': None, 'negative5': None, 'positive5': None, 'negative6': None, 'positive6': None}",0.0,bid
2026-09-30,43,2026-09-30T20:00:00Z,2026-10-01T20:44:38Z,T_LKSDB-1,T,Lakeside Energy Storage Ltd,LKSDB-1,"{'negative1': 0.0, 'positive1': 0.0, 'negative2': 0.0, 'positive2': 0.0, 'negative3': None, 'positive3': None, 'negative4': None, 'positive4': None, 'negative5': None, 'positive5': None, 'negative6': None, 'positive6': None}",0.0,bid
2026-09-30,44,2026-09-30T20:30:00Z,2026-10-01T21:14:36Z,T_LKSDB-1,T,Lakeside Energy Storage Ltd,LKSDB-1,"{'negative1': -21.35094192, 'positive1': 0.0, 'negative2': 0.0, 'positive2': 0.0, 'negative3': None, 'positive3': None, 'negative4': None, 'positive4': None, 'negative5': None, 'positive5': None, 'negative6': None, 'positive6': None}",-21.35094192,bid
2026-09-30,45,2026-09-30T21:00:00Z,2026-10-01T21:45:10Z,T_LKSDB-1,T,Lakeside Energy Storage Ltd,LKSDB-1,"{'negative1': -3718.94588352, 'positive1': 0.0, 'negative2': 0.0, 'positive2': 0.0, 'negative3': None, 'positive3': None, 'negative4': None, 'positive4': None, 'negative5': None, 'positive5': None, 'negative6': None, 'positive6': None}",-3718.94588352,bid
2026-09-30,46,2026-09-30T21:30:00Z,2026-10-01T22:15:12Z,T_LKSDB-1,T,Lakeside Energy Storage Ltd,LKSDB-1,"{'negative1': -1026.78620688, 'positive1': 0.0, 'negative2': 0.0, 'positive2': 0.0, 'negative3': None, 'positive3': 0.0, 'negative4': None, 'positive4': None, 'negative5': None, 'positive5': None, 'negative6': None, 'positive6': None}",-1026.78620688,bid
2026-09-30,47,2026-09-30T22:00:00Z,2026-10-01T22:44:32Z,T_LKSDB-1,T,Lakeside Energy Storage Ltd,LKSDB-1,"{'negative1': -574.53443712, 'positive1': 0.0, 'negative2': 0.0, 'positive2': 0.0, 'negative3': None, 'positive3': None, 'negative4': None, 'positive4': None, 'negative5': None, 'positive5': None, 'negative6': None, 'positive6': None}",-574.53443712,bid
2026-09-30,48,2026-09-30T22:30:00Z,2026-10-01T23:14:45Z,T_LKSDB-1,T,Lakeside Energy Storage Ltd,LKSDB-1,"{'negative1': -2.769587424, 'positive1': 0.0, 'negative2': 0.0, 'positive2': 0.0, 'negative3': None, 'positive3': None, 'negative4': None, 'positive4': None, 'negative5': None, 'positive5': None, 'negative6': None, 'positive6': None}",-2.769587424,bid
2026-09-30,2,2026-09-29T23:30:00Z,2026-10-01T00:14:26Z,T_LKSDB-1,T,Lakeside Energy Storage Ltd,LKSDB-1,"{'negative1': 0.0, 'positive1': 1476.438022368, 'negative2': 0.0, 'positive2': 0.0, 'negative3': None, 'positive3': 0.0, 'negative4': None, 'positive4': None, 'negative5': None, 'positive5': None, 'negative6': None, 'positive6': None}",1476.438022368,offer
2026-09-30,3,2026-09-30T00:00:00Z,2026-10-01T00:44:25Z,T_LKSDB-1,T,Lakeside Energy Storage Ltd,LKSDB-1,"{'negative1': 0.0, 'positive1': 0.0, 'negative2': 0.0, 'positive2': None, 'negative3': 0.0, 'positive3': None, 'negative4': None, 'positive4': None, 'negative5': None, 'positive5': None, 'negative6': None, 'positive6': None}",0.0,offer
2026-09-30,4,2026-09-30T00:30:00Z,2026-10-01T01:15:00Z,T_LKSDB-1,T,Lakeside Energy Storage Ltd,LKSDB-1,"{'negative1': 0.0, 'positive1': 0.0, 'negative2': 0.0, 'positive2': 0.0, 'negative3': None, 'positive3': None, 'negative4': None, 'positive4': None, 'negative5': None, 'positive5': None, 'negative6': None, 'positive6': None}",0.0,offer
2026-09-30,5,2026-09-30T01:00:00Z,2026-10-01T01:44:23Z,T_LKSDB-1,T,Lakeside Energy Storage Ltd,LKSDB-1,"{'negative1': 0.0, 'positive1': 2912.744755584, 'negative2': 0.0, 'positive2': 0.0, 'negative3': None, 'positive3': None, 'negative4': None, 'positive4': None, 'negative5': None, 'positive5': None, 'negative6': None, 'positive6': None}",2912.744755584,offer
2026-09-30,6,2026-09-30T01:30:00Z,2026-10-01T02:16:39Z,T_LKSDB-1,T,Lakeside Energy Storage Ltd,LKSDB-1,"{'negative1': 0.0, 'positive1': 3130.005677184, 'negative2': 0.0, 'positive2': 0.0, 'negative3': None, 'positive3': 0.0, 'negative4': None, 'positive4': None, 'negative5': None, 'positive5': None, 'negative6': None, 'positive6': None}",3130.005677184,offer
2026-09-30,7,2026-09-30T02:00:00Z,2026-10-01T02:45:45Z,T_LKSDB-1,T,Lakeside Energy Storage Ltd,LKSDB-1,"{'negative1': 0.0, 'positive1': 727.099884288, 'negative2': 0.0, 'positive2': 0.0, 'negative3': None, 'positive3': 0.0, 'negative4': None, 'positive4': None, 'negative5': None, 'positive5': None, 'negative6': None, 'positive6': None}",727.099884288,offer
2026-09-30,9,2026-09-30T03:00:00Z,2026-10-01T03:44:28Z,T_LKSDB-1,T,Lakeside Energy Storage Ltd,LKSDB-1,"{'negative1': 0.0, 'positive1': 160.0097328, 'negative2': 0.0, 'positive2': 0.0, 'negative3': None, 'positive3': 0.0, 'negative4': None, 'positive4': None, 'negative5': None, 'positive5': None, 'negative6': None, 'positive6': None}",160.0097328,offer
2026-09-30,12,2026-09-30T04:30:00Z,2026-10-01T05:14:24Z,T_LKSDB-1,T,Lakeside Energy Storage Ltd,LKSDB-1,"{'negative1': 0.0, 'positive1': 701.380888704, 'negative2': 0.0, 'positive2': 0.0, 'negative3': None, 'positive3': 0.0, 'negative4': None, 'positive4': None, 'negative5': None, 'positive5': None, 'negative6': None, 'positive6': None}",701.380888704,offer
2026-09-30,13,2026-09-30T05:00:00Z,2026-10-01T05:44:24Z,T_LKSDB-1,T,Lakeside Energy Storage Ltd,LKSDB-1,"{'negative1': 0.0, 'positive1': 1704.8131776, 'negative2': 0.0, 'positive2': 0.0, 'negative3': None, 'positive3': None, 'negative4': None, 'positive4': None, 'negative5': None, 'positive5': None, 'negative6': None, 'positive6': None}",1704.8131776,offer
2026-09-30,15,2026-09-30T06:00:00Z,2026-10-01T06:44:23Z,T_LKSDB-1,T,Lakeside Energy Storage Ltd,LKSDB-1,"{'negative1': 0.0, 'positive1': 491.47943616, 'negative2': 0.0, 'positive2': 0.0, 'negative3': 0.0, 'positive3': None, 'negative4': None, 'positive4': None, 'negative5': None, 'positive5': None, 'negative6': None, 'positive6': None}",491.47943616,offer
2026-09-30,16,2026-09-30T06:30:00Z,2026-10-01T07:14:33Z,T_LKSDB-1,T,Lakeside Energy Storage Ltd,LKSDB-1,"{'negative1': 1.5191505882352943, 'positive1': 0.030396684119999958, 'negative2': 0.0, 'positive2': 0.0, 'negative3': 0.0, 'positive3': None, 'negative4': None, 'positive4': None, 'negative5': None, 'positive5': None, 'negative6': None, 'positive6': None}",1.549547272355294,offer
2026-09-30,17,2026-09-30T07:00:00Z,2026-10-01T07:44:28Z,T_LKSDB-1,T,Lakeside Energy Storage Ltd,LKSDB-1,"{'negative1': 0.0, 'positive1': 1159.0511328, 'negative2': 0.0, 'positive2': 0.0, 'negative3': None, 'positive3': None, 'negative4': None, 'positive4': None, 'negative5': None, 'positive5': None, 'negative6': None, 'positive6': None}",1159.0511328,offer
2026-09-30,18,2026-09-30T07:30:00Z,2026-10-01T08:14:25Z,T_LKSDB-1,T,Lakeside Energy Storage Ltd,LKSDB-1,"{'negative1': 0.0, 'positive1': 1213.2848088, 'negative2': 0.0, 'positive2': 0.0, 'negative3': None, 'positive3': None, 'negative4': None, 'positive4': None, 'negative5': None, 'positive5': None, 'negative6': None, 'positive6': None}",1213.2848088,offer
2026-09-30,19,2026-09-30T08:00:00Z,2026-10-01T08:44:25Z,T_LKSDB-1,T,Lakeside Energy Storage Ltd,LKSDB-1,"{'negative1': 0.0, 'positive1': 223.1328384, 'negative2': 0.0, 'positive2': 0.0, 'negative3': None, 'positive3': None, 'negative4': None, 'positive4': None, 'negative5': None, 'positive5': None, 'negative6': None, 'positive6': None}",223.1328384,offer
2026-09-30,20,2026-09-30T08:30:00Z,2026-10-01T09:14:49Z,T_LKSDB-1,T,Lakeside Energy Storage Ltd,LKSDB-1,"{'negative1': 0.0, 'positive1': 780.9649344, 'negative2': 0.0, 'positive2': 0.0, 'negative3': None, 'positive3': None, 'negative4': None, 'positive4': None, 'negative5': None, 'positive5': None, 'negative6': None, 'positive6': None}",780.9649344,offer
2026-09-30,21,2026-09-30T09:00:00Z,2026-10-01T09:44:24Z,T_LKSDB-1,T,Lakeside Energy Storage Ltd,LKSDB-1,"{'negative1': 0.0, 'positive1': 1188.4922712, 'negative2': 0.0, 'positive2': 0.0, 'negative3': None, 'positive3': None, 'negative4': None, 'positive4': None, 'negative5': None, 'positive5': None, 'negative6': None, 'positive6': None}",1188.4922712,offer
2026-09-30,22,2026-09-30T09:30:00Z,2026-10-01T10:14:29Z,T_LKSDB-1,T,Lakeside Energy Storage Ltd,LKSDB-1,"{'negative1': 0.0, 'positive1': 118.00106136, 'negative2': 0.0, 'positive2': 0.0, 'negative3': None, 'positive3': None, 'negative4': None, 'positive4': None, 'negative5': None, 'positive5': None, 'negative6': None, 'positive6': None}",118.00106136,offer
2026-09-30,23,2026-09-30T10:00:00Z,2026-10-01T10:44:24Z,T_LKSDB-1,T,Lakeside Energy Storage Ltd,LKSDB-1,"{'negative1': 0.0, 'positive1': 116.7043464, 'negative2': 0.0, 'positive2': 0.0, 'negative3': None, 'positive3': 0.0, 'negative4': None, 'positive4': None, 'negative5': None, 'positive5': None, 'negative6': None, 'positive6': None}",116.7043464,offer
2026-09-30,24,2026-09-30T10:30:00Z,2026-10-01T11:14:21Z,T_LKSDB-1,T,Lakeside Energy Storage Ltd,LKSDB-1,"{'negative1': 0.0, 'positive1': 0.0, 'negative2': 0.0, 'positive2': 0.0, 'negative3': None, 'positive3': 0.0, 'negative4': None, 'positive4': None, 'negative5': None, 'positive5': None, 'negative6': None, 'positive6': None}",0.0,offer
2026-09-30,27,2026-09-30T12:00:00Z,2026-10-01T12:46:45Z,T_LKSDB-1,T,Lakeside Energy Storage Ltd,LKSDB-1,"{'negative1': 0.0, 'positive1': 0.0, 'negative2': 0.0, 'positive2': 0.0, 'negative3': None, 'positive3': 0.0, 'negative4': None, 'positive4': None, 'negative5': None, 'positive5': None, 'negative6': None, 'positive6': None}",0.0,offer
2026-09-30,29,2026-09-30T13:00:00Z,2026-10-01T13:44:26Z,T_LKSDB-1,T,Lakeside Energy Storage Ltd,LKSDB-1,"{'negative1': 0.0, 'positive1': 0.0, 'negative2': 0.0, 'positive2': 0.0, 'negative3': 0.0, 'positive3': None, 'negative4': None, 'positive4': None, 'negative5': None, 'positive5': None, 'negative6': None, 'positive6': None}",0.0,offer
2026-09-30,30,2026-09-30T13:30:00Z,2026-10-01T14:14:29Z,T_LKSDB-1,T,Lakeside Energy Storage Ltd,LKSDB-1,"{'negative1': 0.0, 'positive1': 0.0, 'negative2': 0.0, 'positive2': 0.0, 'negative3': 0.0, 'positive3': None, 'negative4': None, 'positive4': None, 'negative5': None, 'positive5': None, 'negative6': None, 'positive6': None}",0.0,offer
2026-09-30,31,2026-09-30T14:00:00Z,2026-10-01T14:44:41Z,T_LKSDB-1,T,Lakeside Energy Storage Ltd,LKSDB-1,"{'negative1': 0.0, 'positive1': 0.0, 'negative2': 0.0, 'positive2': 0.0, 'negative3': None, 'positive3': None, 'negative4': None, 'positive4': None, 'negative5': None, 'positive5': None, 'negative6': None, 'positive6': None}",0.0,offer
2026-09-30,32,2026-09-30T14:30:00Z,2026-10-01T15:14:32Z,T_LKSDB-1,T,Lakeside Energy Storage Ltd,LKSDB-1,"{'negative1': 0.0, 'positive1': 0.0, 'negative2': 0.0, 'positive2': 0.0, 'negative3': 0.0, 'positive3': 0.0, 'negative4': None, 'positive4': None, 'negative5': None, 'positive5': None, 'negative6': None, 'positive6': None}",0.0,offer
2026-09-30,33,2026-09-30T15:00:00Z,2026-10-01T15:44:38Z,T_LKSDB-1,T,Lakeside Energy Storage Ltd,LKSDB-1,"{'negative1': 0.0, 'positive1': 0.0, 'negative2': 0.0, 'positive2': 0.0, 'negative3': 0.0, 'positive3': 0.0, 'negative4': None, 'positive4': None, 'negative5': None, 'positive5': None, 'negative6': None, 'positive6': None}",0.0,offer
2026-09-30,42,2026-09-30T19:30:00Z,2026-10-01T20:14:31Z,T_LKSDB-1,T,Lakeside Energy Storage Ltd,LKSDB-1,"{'negative1': 0.0, 'positive1': 1577.49044832, 'negative2': 0.0, 'positive2': 0.0, 'negative3': None, 'positive3': None, 'negative4': None, 'positive4': None, 'negative5': None, 'positive5': None, 'negative6': None, 'positive6': None}",1577.49044832,offer
2026-09-30,43,2026-09-30T20:00:00Z,2026-10-01T20:44:38Z,T_LKSDB-1,T,Lakeside Energy Storage Ltd,LKSDB-1,"{'negative1': 0.0, 'positive1': 350.55343296, 'negative2': 0.0, 'positive2': 0.0, 'negative3': None, 'positive3': None, 'negative4': None, 'positive4': None, 'negative5': None, 'positive5': None, 'negative6': None, 'positive6': None}",350.55343296,offer
2026-09-30,44,2026-09-30T20:30:00Z,2026-10-01T21:14:36Z,T_LKSDB-1,T,Lakeside Energy Storage Ltd,LKSDB-1,"{'negative1': 0.0, 'positive1': 0.0, 'negative2': 0.0, 'positive2': 0.0, 'negative3': None, 'positive3': None, 'negative4': None, 'positive4': None, 'negative5': None, 'positive5': None, 'negative6': None, 'positive6': None}",0.0,offer
2026-09-30,45,2026-09-30T21:00:00Z,2026-10-01T21:45:10Z,T_LKSDB-1,T,Lakeside Energy Storage Ltd,LKSDB-1,"{'negative1': 0.0, 'positive1': 0.0, 'negative2': 0.0, 'positive2': 0.0, 'negative3': None, 'positive3': None, 'negative4': None, 'positive4': None, 'negative5': None, 'positive5': None, 'negative6': None, 'positive6': None}",0.0,offer
2026-09-30,46,2026-09-30T21:30:00Z,2026-10-01T22:15:12Z,T_LKSDB-1,T,Lakeside Energy Storage Ltd,LKSDB-1,"{'negative1': 0.0, 'positive1': 0.0, 'negative2': 0.0, 'positive2': 0.0, 'negative3': None, 'positive3': 0.0, 'negative4': None, 'positive4': None, 'negative5': None, 'positive5': None, 'negative6': None, 'positive6': None}",0.0,offer
2026-09-30,47,2026-09-30T22:00:00Z,2026-10-01T22:44:32Z,T_LKSDB-1,T,Lakeside Energy Storage Ltd,LKSDB-1,"{'negative1': 0.0, 'positive1': 0.0, 'negative2': 0.0, 'positive2': 0.0, 'negative3': None, 'positive3': None, 'negative4': None, 'positive4': None, 'negative5': None, 'positive5': None, 'negative6': None, 'positive6': None}",0.0,offer
2026-09-30,48,2026-09-30T22:30:00Z,2026-10-01T23:14:45Z,T_LKSDB-1,T,Lakeside Energy Storage Ltd,LKSDB-1,"{'negative1': 0.0, 'positive1': 0.0, 'negative2': 0.0, 'positive2': 0.0, 'negative3': None, 'positive3': None, 'negative4': None, 'positive4': None, 'negative5': None, 'positive5': None, 'negative6': None, 'positive6': None}",0.0,offer
